id,cue,reporter,age_group,text_kw,author,label
201,Woke with a swollen tongue after taking a new tablet,Self,Umuntu mukuru,Yabyutse ururimi rwarabyimbye nyuma yo gufata umuti mushya.,,CRITICAL
202,"Child drank from a bottle under the sink, mother unsure what it was",Carer,Umwana,"Umwana yanyweye mu icupa ryari munsi ya robine, nyina ntazi icyoyari kirimo.",,CRITICAL
203,Says the baby has a soft swelling on the head that was not there at birth,Carer,Impinja,Avuga ko uruhinja rufite kubyimba korohereye ku mutwe kandi ko rutari rufite icyo kibyimba ruvuka.,,URGENT
204,"Farmer sprayed pesticide without a mask, now dizzy and salivating",Self,Umuntu mukuru,"Umuhinzi yateye umuti wica udukoko atambaye agapfukamunwa, ubu akaba azungera kandi acira amacandwe menshi.",,CRITICAL
205,Came to ask why the tablets turn her urine a strange colour,Self,Umuntu mukuru,Yaje kubaza impamvu imiti afata ituma inkari ze zihindura ibara ridasanzwe.,,ROUTINE
206,Boy has not been able to straighten his arm since a fall last week,Carer,Umwana,Umuhungu ntiyashoboye kurambura ukuboko kuva aguye mu cyumweru gishize.,,URGENT
207,Says she has pain during intercourse and has told no one,Self,Umuntu mukuru,Avuga ko agira ububabare mu gihe cy'imibonano mpuzabitsina kandi akaba atarabibwira umuntu.,,ROUTINE
208,Old woman brought because the family says she no longer recognises them,Carer,Umusaza/Umukecuru,Umukecuru yazanywe n'umuryango uvuga ko atakibamenya.,,URGENT
209,"Cut while slaughtering a goat, worried about infection",Self,Umuntu mukuru,"Yikase ubwo yabaga ihene, ubu afite impungenge ko igikomere cyandura.",,URGENT
210,Child has been limping for two weeks with no injury remembered,Carer,Umwana,Umwana amaze ibyumweru bibiri agenda arembera kandi nta gikomere bazirikana yagize.,,URGENT
211,Says the medicine works but she cannot afford it every month,Self,Umuntu mukuru,Avuga ko umuti umufasha ariko ko atabasha kuwugura buri kwezi.,,ROUTINE
212,"Feels the heart racing at rest, lasts a few minutes then stops",Self,Umuntu mukuru,"Yumva umutima utera cyane ari kuruhuka, bikamara iminota mike bikareka.",,URGENT
213,"Baby has a cleft in the lip, mother asking what can be done",Carer,Impinja,"Uruhinja rufite itwike ku munwa, nyina arashaka kumenya icyo bakora.",,ROUTINE
214,Man says he has not slept since his brother died three weeks ago,Self,Umuntu mukuru,Umugabo avuga ko atarasinzira kuva murumuna we cyangwa mukuru we apfuye hashize ibyumweru bitatu.,,ROUTINE
215,Burned the hand on a motorbike exhaust,Self,Ingimbi/Umwangavu,Yatwitse ukuboko ku muyoboro usohora imyotsi wa moto.,,URGENT
216,Says the child's stool is pale and the urine dark,Carer,Umwana,Avuga ko umwanda w'umwana wera cyane kandi inkari zikaba zijimye.,,URGENT
217,Wants to know if she can breastfeed while taking TB tablets,Self,Umuntu mukuru,Ashaka kumenya niba ashobora konsa ari gufata imiti y'igituntu.,,ROUTINE
218,Has a boil under the arm that has grown for a week,Self,Umuntu mukuru,Afite ibisebe binini munsi y'ukuboko bimaze icyumweru byiyongera.,,URGENT
219,Teacher brings a child who cannot see the blackboard,Carer,Umwana,Umwarimu yazanye umwana utabasha kubona neza ku kibaho.,,ROUTINE
220,Says he has been coughing since working in a grain store,Self,Umuntu mukuru,Avuga ko amaze gukorora kuva atangiye gukorera mu bubiko bw'ibinyampeke.,,ROUTINE
221,"Woman fell while carrying water, landed on her wrist",Self,Umuntu mukuru,"Umugore yaguye atwaye amazi, agwa ku kuboko kwe hafi y'ikiganza.",,URGENT
222,Child has had a fever and a stiff neck since this morning,Carer,Umwana,Umwana afite umuriro kandi ijosi rirakomeye kuva muri iki gitondo.,,CRITICAL
223,Says the wound was stitched here and the stitches need removing,Self,Umuntu mukuru,Avuga ko igikomere cyadodewe hano kandi ko imidodo igomba gukurwamo.,,ROUTINE
224,Feels a tightness in the throat when anxious,Self,Ingimbi/Umwangavu,Yumva umuhogo umufashe iyo afite ubwoba cyangwa ahangayitse.,,ROUTINE
225,Mother says her child has lost weight since starting school,Carer,Umwana,Nyina avuga ko umwana yagabanutse ibiro kuva atangiye ishuri.,,ROUTINE
226,Man says a stone went into his eye while breaking rocks,Self,Umuntu mukuru,Umugabo avuga ko ibuye ryinjiye mu jisho ubwo yamenaga amabuye.,,URGENT
227,Came for a repeat of the injection she gets every three months,Self,Umuntu mukuru,Yaje kongera guterwa urushinge ahabwa buri mezi atatu.,,ROUTINE
228,Says the pain in the tooth wakes him at night,Self,Umuntu mukuru,Avuga ko ububabare bwo mu menyo bumukangura nijoro.,,ROUTINE
229,Child was playing and suddenly could not move one arm,Carer,Umwana,Umwana yari ari gukina maze mu buryo butunguranye ananirwa gukoresha ukuboko kumwe.,,URGENT
230,Woman says she has been feeling the baby move less than usual,Self,Umuntu mukuru,Umugore avuga ko yumva umwana atakigenda cyane nk'uko bisanzwe.,,URGENT
231,Has a sore on the lip that has been there for a month,Self,Umuntu mukuru,Afite igisebe ku munwa kimaze ukwezi.,,ROUTINE
232,Neighbour brings a man who has been vomiting blood since dawn,Carer,Umuntu mukuru,Umuturanyi yazanye umugabo umaze kuva mu gitondo aruka amaraso.,,CRITICAL
233,Says the child refuses to walk on one leg since yesterday,Carer,Umwana,Avuga ko kuva ejo umwana yanga gukandagiza ukuguru kumwe.,,URGENT
234,Came because his employer says he must be tested before the season,Self,Umuntu mukuru,Yaje kuko umukoresha we yamubwiye ko agomba kwisuzumisha mbere y'uko igihe cy'akazi gitangira.,,ROUTINE
235,"Feels a burning in the chest after eating, worse lying down",Self,Umuntu mukuru,"Yumva mu gituza hashya nyuma yo kurya, cyane cyane iyo aryamye.",,ROUTINE
236,Says she is pregnant and has been vomiting everything for a week,Self,Ingimbi/Umwangavu,Avuga ko atwite kandi amaze icyumweru aruka ibyo arya cyangwa anywa byose.,,URGENT
237,Man cut his thumb with a panga and wrapped it in a cloth,Self,Umuntu mukuru,Umugabo yikase igikumwe akoresheje umuhoro maze agipfuka umwenda.,,URGENT
238,Child has a swelling behind the ear that is painful,Carer,Umwana,Umwana afite kubyimba inyuma y'ugutwi kubabaza.,,URGENT
239,Says his feet have been numb for months and he did not notice a wound,Self,Umusaza/Umukecuru,Avuga ko ibirenge bye bimaze amezi bitumva neza kandi atigeze amenya ko afite igikomere.,,URGENT
240,Woman came because her friend told her the lump should be checked,Self,Umuntu mukuru,Umugore yaje kuko inshuti ye yamubwiye ko ako kabyimba kagomba gusuzumwa.,,ROUTINE
241,Says he coughs after drinking water,Self,Umusaza/Umukecuru,Avuga ko akorora iyo anyweye amazi.,,ROUTINE
242,Baby was delivered by a traditional birth attendant and has a fever,Carer,Impinja,Uruhinja rwabyarijwe n'umubyaza gakondo kandi rufite umuriro.,,URGENT
243,Has a rash that started after a new soap,Self,Umwana,Afite ibisebe ku ruhu byatangiye nyuma yo gukoresha isabune nshya.,,ROUTINE
244,Says the pain started in the belly and has moved to the lower right,Self,Ingimbi/Umwangavu,Avuga ko ububabare bwatangiriye mu nda bukaza kwimukira hepfo iburyo.,,URGENT
245,Man brought after falling from scaffolding at a building site,Carer,Umuntu mukuru,Umugabo yazanywe nyuma yo kugwa ku byuma by'ubwubatsi ku kazi.,,CRITICAL
246,Says she cannot hold her urine since giving birth,Self,Umuntu mukuru,Avuga ko kuva yabyara atagishobora kwifata inkari.,,ROUTINE
247,Child has been pulling at the ear and has a fever,Carer,Impinja,Umwana ahora akurura ugutwi kandi afite umuriro.,,URGENT
248,Came because the pharmacy refused to sell her the tablets without a paper,Self,Umuntu mukuru,Yaje kuko farumasi yanze kumuha imiti atazanye urupapuro rwa muganga.,,ROUTINE
249,Says the swelling in his scrotum has been growing for a year,Self,Umusaza/Umukecuru,Avuga ko kubyimba mu dusabo tw'intanga bimaze umwaka byiyongera.,,ROUTINE
250,Woman says the bleeding after delivery has not stopped,Self,Umuntu mukuru,Umugore avuga ko kuva yabyara amaraso atarahagarara.,,CRITICAL
251,Child bitten on the hand by a cat,Carer,Umwana,Umwana yarumwe ukuboko n'injangwe.,,URGENT
252,Says he has been seeing flashes of light in one eye,Self,Umusaza/Umukecuru,Avuga ko amaze igihe abona nk'urumuri rutunguranye mu jisho rimwe.,,URGENT
253,Man says he cannot stop shaking since he stopped drinking,Self,Umuntu mukuru,Umugabo avuga ko amaze guhagarika inzoga umubiri udahagarika gutitira.,,URGENT
254,Came for the child's deworming tablets,Carer,Umwana,Yaje gufata imiti yo kuvura inzoka z'umwana.,,ROUTINE
255,Says the chest pain came while carrying a sack and has not gone,Self,Umuntu mukuru,Avuga ko ububabare bwo mu gituza bwatangiye atwaye umufuka kandi bukaba butarahagarara.,,CRITICAL
256,Mother says her baby arches the back and cries after every feed,Carer,Impinja,Nyina avuga ko uruhinja rwe rugonda umugongo kandi rugataka nyuma yo konka cyangwa kurya.,,ROUTINE
257,Has been told she is anaemic and asks what to eat,Self,Umuntu mukuru,Yabwiwe ko afite amaraso make kandi abaza ibyo yakwiriye kurya.,,ROUTINE
258,Says he was struck by lightning near the field and feels strange,Self,Umuntu mukuru,Avuga ko inkuba yamukubise hafi y'umurima kandi akaba yumva atameze neza.,,CRITICAL
259,Child has white spots on the skin that do not itch,Carer,Umwana,Umwana afite utubara twera ku ruhu kandi tutamuryaryata.,,ROUTINE
260,Woman says her period is late and she has pain on one side,Self,Umuntu mukuru,Umugore avuga ko imihango yatinze kandi afite ububabare ku ruhande rumwe rw'inda.,,URGENT
261,Says he has been having headaches since starting a new job,Self,Umuntu mukuru,Avuga ko amaze kugira umutwe kuva atangiye akazi gashya.,,ROUTINE
262,Brought by a motorbike taxi driver after an accident on the road,Carer,Umuntu mukuru,Yazanywe n'umutwara moto nyuma y'impanuka yo mu muhanda.,,URGENT
263,Says the child has been eating soil,Carer,Umwana,Avuga ko umwana amaze igihe arya ubutaka.,,ROUTINE
264,Has a discharge from the nipple and is not breastfeeding,Self,Umuntu mukuru,Afite amazi asohoka mu ibere kandi ntabwo yonsa.,,ROUTINE
265,Says his vision went dark in one eye for a few minutes and came back,Self,Umusaza/Umukecuru,"Avuga ko ijisho rimwe ryijimye ntabona mu gihe cy'iminota mike, nyuma akongera kubona.",,URGENT
266,Came to ask whether the family should all be tested after a TB case,Self,Umuntu mukuru,Yaje kubaza niba umuryango wose ugomba kwisuzumisha nyuma y'uko umwe muri bo arwaye igituntu.,,ROUTINE
267,"Child fell into a cooking fire, burns on the hand and forearm",Carer,Umwana,"Umwana yaguye mu muriro wo gutekamo, atwika ukuboko n'igice cy'ukuboko kugera ku nkokora.",,URGENT
268,Says she has been dizzy and her periods are heavy,Self,Ingimbi/Umwangavu,Avuga ko amaze igihe azungera kandi imihango ikaba ari myinshi.,,URGENT
269,Man says he has not passed urine since yesterday morning,Self,Umusaza/Umukecuru,Umugabo avuga ko kuva ejo mu gitondo atigeze yihagarika.,,URGENT
270,Says the cough has been there since birth and nobody explained why,Carer,Umwana,Avuga ko inkorora imufite kuva yavuka kandi nta muntu wigeze amusobanurira impamvu.,,ROUTINE
271,Woman brought by neighbours after collapsing in the market,Carer,Umuntu mukuru,Umugore yazanywe n'abaturanyi nyuma yo kugwa igihumure ku isoko.,,CRITICAL
272,Says the tablets make him sleepy and he stopped taking them,Self,Umuntu mukuru,Avuga ko imiti imutera gusinzira maze arayihagarika.,,ROUTINE
273,Child has a swollen knee with no injury,Carer,Umwana,Umwana afite ivi ryabyimbye kandi nta gikomere yagize.,,URGENT
274,Says she wants to know her status before getting married,Self,Ingimbi/Umwangavu,Avuga ko ashaka kumenya uko ubuzima bwe buhagaze mbere yo gushaka.,,ROUTINE
275,Has pain in the shoulder that started after painting a ceiling,Self,Umuntu mukuru,Afite ububabare ku rutugu bwatangiye nyuma yo gusiga irangi ku gisenge.,,ROUTINE
276,Baby has not cried much since birth and feeds slowly,Carer,Impinja,Uruhinja ntirwigeze rutaka cyane kuva ruvuka kandi rwonsa cyangwa rurya buhoro.,,URGENT
277,Says the itching is worst between the fingers,Self,Umwana,Avuga ko kuryaryatwa bikabije hagati y'intoki.,,ROUTINE
278,Man says he fell off a ladder and landed on his heels,Self,Umuntu mukuru,Umugabo avuga ko yaguye ku ngazi agwa ku bitendegeri.,,URGENT
279,Came because the community health worker measured the child's arm,Carer,Umwana,Yaje kuko umukozi w'ubuzima wo mu muryango yapimye ukuboko k'umwana.,,URGENT
280,Says he has blood in the urine and no pain,Self,Umusaza/Umukecuru,Avuga ko afite amaraso mu nkari ariko nta bubabare afite.,,ROUTINE
281,Woman says she has a headache that started suddenly like a blow,Self,Umuntu mukuru,Umugore avuga ko umutwe watangiye kumurya gitunguranye nk'uwakubiswe.,,CRITICAL
282,Child swallowed a battery from a torch,Carer,Umwana,Umwana yamize bateri yo mu itoroshi.,,CRITICAL
283,Says his ankles swell by evening and go down by morning,Self,Umusaza/Umukecuru,Avuga ko ibirenge hafi y'amaguru byabyimba nimugoroba bikagabanuka mu gitondo.,,ROUTINE
284,Came to ask about a family planning method that will not stop periods,Self,Umuntu mukuru,Yaje kubaza uburyo bwo kuboneza urubyaro budahagarika imihango.,,ROUTINE
285,Says the child has been coughing until he vomits,Carer,Umwana,Avuga ko umwana akorora cyane kugeza ubwo aruka.,,URGENT
286,Has a wound on the sole that he only noticed when it smelled,Self,Umusaza/Umukecuru,Afite igikomere ku kirenge yakomeje kutamenya kugeza ubwo gitangiye kunuka.,,URGENT
287,Woman says she cannot feel one side of her body since waking,Self,Umusaza/Umukecuru,Umugore avuga ko kuva abyutse atakumva uruhande rumwe rw'umubiri we.,,CRITICAL
288,Says she stopped the family planning injection and has not bled since,Self,Umuntu mukuru,Avuga ko yahagaritse urushinge rwo kuboneza urubyaro kandi kuva icyo gihe akaba atarongera kuva amaraso.,,ROUTINE
289,Man brought after drinking a bottle of local brew and passing out,Carer,Ingimbi/Umwangavu,Umugabo yazanywe nyuma yo kunywa icupa ry'inzoga y'iwacu akagwa igihumure.,,CRITICAL
290,Child has a fever and a rash that started on the face,Carer,Umwana,Umwana afite umuriro n'utubyimba ku ruhu byatangiriye mu maso.,,URGENT
291,Says he has been told he has high pressure but feels nothing,Self,Umuntu mukuru,Avuga ko yabwiwe ko afite umuvuduko w'amaraso ukabije ariko akaba nta kintu yumva.,,ROUTINE
292,Came for a referral letter to the district hospital,Self,Umuntu mukuru,Yaje gufata urupapuro rwo koherezwa ku bitaro by'akarere.,,ROUTINE
293,Says the pain is in the calf and the leg is hot,Self,Umuntu mukuru,Avuga ko ababara mu mutsi w'inyana kandi ukuguru gushyuha.,,URGENT
294,Baby's eye has been sticky and yellow since two days old,Carer,Impinja,Uruhinja rufite ijisho rifatirana kandi risa n'umuhondo kuva rufite iminsi ibiri.,,URGENT
295,Says he works at night and cannot sleep in the day,Self,Umuntu mukuru,Avuga ko akora nijoro kandi akaba adashobora gusinzira ku manywa.,,ROUTINE
296,Child has a cough and the ribs pull in when breathing,Carer,Impinja,Umwana arakorora kandi imbavu zigasa n'izijya imbere iyo ahumeka.,,URGENT
297,Woman says her husband refuses to let her use family planning,Self,Umuntu mukuru,Umugore avuga ko umugabo we amubuza gukoresha uburyo bwo kuboneza urubyaro.,,ROUTINE
298,Says the burn from last week is now weeping and smells,Self,Umwana,Avuga ko igisebe cy'ubushye yagize mu cyumweru gishize ubu gisohora amazi kandi kinuka.,,URGENT
299,Man says his back gave way while lifting and he cannot stand straight,Self,Umuntu mukuru,Umugabo avuga ko umugongo wamunaniye ubwo yazamuraga ikintu kandi ubu akaba adashobora guhagarara yemye.,,ROUTINE
300,Came only to collect a health insurance card,Self,Umuntu mukuru,Yaje gusa gufata ikarita y'ubwishingizi bw'ubuzima.,,ROUTINE
301,Says the child has been passing worms,Carer,Umwana,Avuga ko umwana amaze igihe asohora inzoka mu musarani.,,ROUTINE
302,Has a swelling in the groin that comes when he coughs,Self,Umuntu mukuru,Afite kubyimba mu ihina kuza iyo akoroye.,,ROUTINE
303,Woman says she has been bleeding heavily since a procedure elsewhere,Self,Umuntu mukuru,Umugore avuga ko amaze kuva amaraso menshi kuva yakorerwa igikorwa cyo kwa muganga ahandi.,,CRITICAL
304,Says the pain in the ear started after a slap,Self,Umwana,Avuga ko ububabare mu gutwi bwatangiye nyuma yo gukubitwa urushyi.,,URGENT
305,Man says he has been losing weight but eating normally,Self,Umuntu mukuru,Umugabo avuga ko amaze kugabanuka ibiro ariko arya nk'uko bisanzwe.,,ROUTINE
306,Child has a bruise on the back that the mother cannot explain,Carer,Umwana,Umwana afite igikomere cy'ubururu ku mugongo kandi nyina ntazi uko cyabaye.,,URGENT
307,Says the tablets ran out because the clinic had none last month,Self,Umuntu mukuru,Avuga ko imiti yamushizeho kuko ivuriro ritari rifite imiti ukwezi gushize.,,ROUTINE
308,Has been vomiting since starting the malaria tablets,Self,Umwana,Amaze kuruka kuva atangiye imiti ya malariya.,,URGENT
309,Woman says she is nine months pregnant and has not felt movement today,Self,Umuntu mukuru,Umugore avuga ko atwite amezi icyenda kandi uyu munsi akaba atarumva umwana agenda.,,URGENT
310,Says he cut himself on a rusty sheet of iron,Self,Umuntu mukuru,Avuga ko yikase ku isahani y'icyuma cyafashwe n'ingese.,,URGENT
311,Child has been crying and refusing to sit down,Carer,Umwana,Umwana amaze kurira kandi yanga kwicara.,,CANNOT CLASSIFY
312,Says she was given an injection by a neighbour and the site is hard,Self,Umuntu mukuru,Avuga ko yatewe urushinge n'umuturanyi kandi aho yarutereye hakaba hakomeye.,,URGENT
313,Man says his hand was caught in a maize mill,Self,Umuntu mukuru,Umugabo avuga ko ukuboko kwe kwafashwe n'imashini isya ibigori.,,CRITICAL
314,Came to ask whether the child's fever after vaccination is normal,Carer,Impinja,Yaje kubaza niba umuriro w'umwana nyuma yo gukingirwa ari ibisanzwe.,,ROUTINE
315,Says the sore throat has lasted three weeks and the voice changed,Self,Umuntu mukuru,Avuga ko umuhogo umaze ibyumweru bitatu ubabara kandi ijwi rikaba ryarahindutse.,,ROUTINE
316,Has a lump in the armpit that is not painful,Self,Umuntu mukuru,Afite ikibyimba mu kwaha kitamubabaza.,,ROUTINE
317,Says the child fell from a bed and vomited twice afterwards,Carer,Impinja,Avuga ko umwana yaguye ku buriri maze nyuma akaruka inshuro ebyiri.,,URGENT
318,Woman says she has pain when passing urine and is pregnant,Self,Umuntu mukuru,Umugore avuga ko ababara iyo yihagarika kandi atwite.,,URGENT
319,Says he has been stung all over by wasps in the roof,Self,Umuntu mukuru,Avuga ko yatewe n'inzuki z'intubamubiri ahantu henshi ubwo zari mu gisenge.,,URGENT
320,Old man says he cannot hear on one side since a loud bang,Self,Umusaza/Umukecuru,Umusaza avuga ko atumva ku gutwi kumwe kuva yumvise urusaku rukomeye.,,ROUTINE
321,Child has been drinking a lot and passing urine often,Carer,Umwana,Umwana amaze kunywa amazi menshi kandi akihagarika kenshi.,,URGENT
322,Says the wound on the leg has black edges,Self,Umusaza/Umukecuru,Avuga ko igikomere cyo ku kuguru gifite impande zirabura.,,URGENT
323,Came because the school requires a medical form,Carer,Ingimbi/Umwangavu,Yaje kuko ishuri risaba urupapuro rwa muganga.,,ROUTINE
324,Says the pain moved from the shoulder blade to the jaw,Self,Umusaza/Umukecuru,Avuga ko ububabare bwavuye ku rutugu bugera ku rwasaya.,,CRITICAL
325,Woman says the baby was born with a foot turned inward,Carer,Impinja,Umugore avuga ko uruhinja rwavutse ikirenge kimwe kireba imbere.,,ROUTINE
326,Says he has been having nightmares since the accident,Self,Ingimbi/Umwangavu,Avuga ko amaze kugira inzozi mbi kuva yagira impanuka.,,ROUTINE
327,Has an eye that waters constantly and the lid is turned in,Self,Umusaza/Umukecuru,Afite ijisho rihora ririmo amarira kandi umupfundikizo waryo uhindukiye imbere.,,ROUTINE
328,Child has a barking cough at night and is fine by morning,Carer,Umwana,Umwana arakorora nijoro nk'imbwa ariko mu gitondo akaba ameze neza.,,ROUTINE
329,Says the swelling started in the face and moved to the legs,Self,Umwana,Avuga ko kubyimba byatangiriye mu maso bikaza kugera ku maguru.,,URGENT
330,Man says a dog he does not know bit him and ran off,Self,Umuntu mukuru,Umugabo avuga ko yarumwe n'imbwa atazi maze igahunga.,,URGENT
331,Says she has not been able to eat since the operation,Self,Umuntu mukuru,Avuga ko kuva yakorerwa iyo operation atabasha kurya.,,URGENT
332,Came to ask if the child's birthmark is dangerous,Carer,Impinja,Yaje kubaza niba ikimenyetso umwana yavukanye ku ruhu ari akaga.,,ROUTINE
333,Says the chest pain is worse when pressing on it,Self,Ingimbi/Umwangavu,Avuga ko ububabare bwo mu gituza bwiyongera iyo agukandagiyeho.,,ROUTINE
334,Woman says she delivered at home and the placenta has not come,Carer,Umuntu mukuru,Umugore avuga ko yabyariye mu rugo kandi urusoro rutarasohoka.,,CRITICAL
335,Says his gums bleed when brushing,Self,Umuntu mukuru,Avuga ko ishinya ivamo amaraso iyo yoza amenyo.,,ROUTINE
336,Child has been rubbing the eyes and they are red and sticky,Carer,Umwana,Umwana amaze kwikuba mu maso kandi amaso ye aratukura kandi agafatirana.,,ROUTINE
337,Says he took his wife's tablets by mistake,Self,Umuntu mukuru,Avuga ko yibeshye akanywa imiti y'umugore we.,,CANNOT CLASSIFY
338,Has been told at a pharmacy to come for a proper examination,Self,Umuntu mukuru,Yabwiwe kuri farumasi ko agomba kuza kwa muganga kugira ngo asuzumwe neza.,,CANNOT CLASSIFY
339,Says the leg has been shorter since a childhood illness,Self,Umuntu mukuru,Avuga ko ukuguru kwe kwagabanutse kuva arwaye akiri umwana.,,ROUTINE
340,"Woman brought by her daughter, has stopped eating and drinking",Carer,Umusaza/Umukecuru,"Umugore wazanywe n'umukobwa we, amaze guhagarika kurya no kunywa.",,URGENT
341,Says the pain comes in waves and he cannot keep still,Self,Umuntu mukuru,Avuga ko ububabare buza bukagenda kandi ko adashobora gutuza hamwe.,,URGENT
342,Child fell into a water tank and was pulled out coughing,Carer,Umwana,"Umwana yaguye mu kigega cy'amazi, bamukuramo arakorora.",,CRITICAL
343,Says she has been feeling hot and cold for three days,Self,Ingimbi/Umwangavu,Avuga ko amaze iminsi itatu yumva ashyushye rimwe ubundi akumva akonje.,,URGENT
344,Man says his eye was hit by a branch while cutting trees,Self,Umuntu mukuru,Umugabo avuga ko ishami ry'igiti ryamukubise mu jisho ubwo yatemaga ibiti.,,URGENT
345,Came to ask whether her child's speech is delayed,Carer,Umwana,Yaje kubaza niba imvugo y'umwana we yaratinze.,,ROUTINE
346,Says the wound was treated with herbs and is now worse,Self,Umuntu mukuru,Avuga ko igikomere cyavuwe hakoreshejwe imiti gakondo ariko ubu kikaba cyarushijeho kuba kibi.,,URGENT
347,Has been short of breath for weeks and sleeps on three pillows,Self,Umusaza/Umukecuru,Amaze ibyumweru abura umwuka kandi aryama ashyize imitwe ku misago itatu.,,URGENT
348,Child has a swelling on the collarbone after falling,Carer,Umwana,Umwana afite kubyimba ku igufa ryo hejuru y'igituza nyuma yo kugwa.,,URGENT
349,Says she has been told she cannot conceive and wants advice,Self,Umuntu mukuru,Avuga ko yabwiwe ko adashobora gusama kandi ashaka inama.,,ROUTINE
350,Man says the pain in his foot started at night and is unbearable,Self,Umuntu mukuru,Umugabo avuga ko ububabare bwo mu kirenge bwatangiriye nijoro kandi bukaba bukabije cyane.,,URGENT
351,Says the child has been passing blood in the stool,Carer,Umwana,Avuga ko umwana amaze iminsi asohora amaraso mu mwanda.,,URGENT
352,Woman says she was raped and does not want anyone told,Self,Ingimbi/Umwangavu,Umugore avuga ko yafashwe ku ngufu kandi akaba adashaka ko hagira ubibwira undi.,,URGENT
353,Says the injection site from a month ago is still hard and sore,Self,Umwana,Avuga ko aho yatewe urushinge hashize ukwezi hakiri hakomeye kandi hababara.,,ROUTINE
354,Came because a health worker visited the home and sent him,Self,Umusaza/Umukecuru,Yaje kuko umukozi w'ubuzima yamusuye mu rugo akamwohereza kwa muganga.,,CANNOT CLASSIFY
355,Says his breathing became difficult after eating groundnuts,Self,Umwana,Avuga ko guhumeka byamugoye nyuma yo kurya ubunyobwa.,,CRITICAL
356,Child has been screaming and drawing the legs up intermittently,Carer,Impinja,Umwana arataka kandi rimwe na rimwe akikururira amaguru ku nda.,,URGENT
357,Says the tablets are for diabetes but he shares them with his wife,Self,Umusaza/Umukecuru,Avuga ko imiti ari iyo kuvura diyabete ariko akayisangiza umugore we.,,ROUTINE
358,Has a wound on the head that stopped bleeding but keeps opening,Self,Umwana,Afite igikomere ku mutwe cyahagaritse kuva amaraso ariko kigakomeza gufunguka.,,URGENT
359,Woman says she feels burning when the baby latches,Self,Umuntu mukuru,Umugore avuga ko yumva ububabare bwo gushya iyo uruhinja rutangiye konka.,,ROUTINE
360,Says he was in a fight and cannot see out of one eye,Self,Ingimbi/Umwangavu,Avuga ko yagiranye imirwano n'umuntu kandi ubu akaba atabona n'ijisho rimwe.,,CRITICAL
361,Came to ask why the cough medicine did not help,Self,Umuntu mukuru,Yaje kubaza impamvu umuti w'inkorora utamufashije.,,ROUTINE
362,Says the child has been walking on tiptoes since he started walking,Carer,Umwana,Avuga ko umwana agenda ahagaze ku ntoki z'ibirenge kuva yatangira kugenda.,,ROUTINE
363,Man says his chest was crushed between a vehicle and a wall,Carer,Umuntu mukuru,Umugabo avuga ko igituza cye cyafashwe hagati y'imodoka n'urukuta.,,CRITICAL
364,Says the itching started after sleeping in a new place,Self,Ingimbi/Umwangavu,Avuga ko kuryaryatwa byatangiye nyuma yo kuryama ahantu hashya.,,ROUTINE
365,Woman says she has had three miscarriages and wants to know why,Self,Umuntu mukuru,Umugore avuga ko amaze gukuramo inda inshuro eshatu kandi ashaka kumenya impamvu.,,ROUTINE
366,Says he has pain when he opens his mouth to eat,Self,Umuntu mukuru,Avuga ko ababara iyo afungura umunwa kugira ngo arye.,,ROUTINE
367,Child has a swollen face in the morning that goes by afternoon,Carer,Umwana,Umwana abyimba mu maso mu gitondo ariko bikagabanuka nyuma ya saa sita.,,URGENT
368,Says she stopped the HIV tablets when she felt better,Self,Umuntu mukuru,Avuga ko yahagaritse imiti ya virusi itera SIDA amaze kumva ameze neza.,,ROUTINE
369,Has a burn from boiling oil across the forearm,Self,Umuntu mukuru,Afite ubushye bwatewe n'amavuta abira ku gice cy'ukuboko kugera ku nkokora.,,URGENT
370,Says the old man has been talking to people who are not there,Carer,Umusaza/Umukecuru,Avuga ko umusaza amaze igihe avuga n'abantu batari aho.,,URGENT
371,Came for the results of the child's sputum test,Carer,Ingimbi/Umwangavu,Yaje kureba ibisubizo by'isuzuma ry'amacandwe y'umwana.,,ROUTINE
372,Says the pain in the knee stops him working in the field,Self,Umuntu mukuru,Avuga ko ububabare bwo mu ivi bumubuza gukora mu murima.,,ROUTINE
373,Woman says she is bleeding and has been pregnant three months,Self,Umuntu mukuru,Umugore avuga ko ari kuva amaraso kandi atwite amezi atatu.,,URGENT
374,Says the child has been holding his stool for days out of fear,Carer,Umwana,Avuga ko umwana amaze iminsi afata umwanda kubera ubwoba.,,ROUTINE
375,Man says a snake bit him yesterday and the leg is now black,Self,Umuntu mukuru,Umugabo avuga ko inzoka yamurumye ejo kandi ubu ukuguru kwarirabura.,,CRITICAL
376,Says she was told to come back if the fever returned,Self,Umwana,Avuga ko yabwiwe kugaruka niba umuriro wongera kugaruka.,,CANNOT CLASSIFY
377,Has a swelling on the jaw that started as a tooth pain,Self,Umuntu mukuru,Afite kubyimba ku rwasaya byatangiriye ku kubabara amenyo.,,URGENT
378,Says he has been unable to work since the injury and has no money,Self,Umuntu mukuru,Avuga ko kuva yakomereka atagishobora gukora kandi akaba nta mafaranga afite.,,ROUTINE
379,Child has been vomiting green and has a swollen belly,Carer,Impinja,Umwana aruka ibintu by'icyatsi kandi inda yarabyimbye.,,CRITICAL
380,Says the wound was sewn at home with a needle and thread,Self,Umuntu mukuru,Avuga ko igikomere cyadodwe mu rugo hakoreshejwe urushinge n'urudodo.,,URGENT
381,Woman says her baby has not passed urine since yesterday,Carer,Impinja,Umugore avuga ko uruhinja rwe kuva ejo rutigeze rwihagarika.,,URGENT
382,Says his arm has been weak since he woke up,Self,Umusaza/Umukecuru,Avuga ko ukuboko kwe kwagabanyutse imbaraga kuva abyutse.,,CRITICAL
383,Came to ask whether the child can go back to school,Carer,Umwana,Yaje kubaza niba umwana ashobora gusubira ku ishuri.,,ROUTINE
384,Says the pain is everywhere and has lasted years,Self,Umuntu mukuru,Avuga ko ububabare buri hose kandi bumaze imyaka.,,ROUTINE
385,Man says he swallowed a fish bone and it is stuck,Self,Umuntu mukuru,Umugabo avuga ko yamize igufa ry'ifi kandi rikaba ryamugumyemo.,,URGENT
386,Says the child has a fever every two days,Carer,Umwana,Avuga ko umwana agira umuriro buri minsi ibiri.,,URGENT
387,Has been told she needs an operation and is afraid,Self,Umuntu mukuru,Yabwiwe ko akeneye kubagwa kandi afite ubwoba.,,ROUTINE
388,Says he has been dizzy since a blow to the head in a match,Self,Ingimbi/Umwangavu,Avuga ko amaze kuzungera kuva yakubita umutwe mu mukino.,,URGENT
389,Woman says the baby's belly button is bulging,Carer,Impinja,Umugore avuga ko umwanya w'inda w'uruhinja wasohotse ukabyimba.,,ROUTINE
390,Says the burning when passing urine has come back a third time,Self,Umuntu mukuru,Avuga ko kubabara no gushya mu gihe cyo kwihagarika byagarutse ku nshuro ya gatatu.,,ROUTINE
391,Child has been scratching at night and cannot sleep,Carer,Umwana,Umwana amaze kwishimagura nijoro kandi ntashobora gusinzira.,,ROUTINE
392,Says he has been coughing blood for a week and hid it from his family,Self,Umuntu mukuru,Avuga ko amaze icyumweru akorora amaraso kandi akaba yarabihishe umuryango we.,,URGENT
393,Came because the queue number machine gave her a number and she waited,Self,Umuntu mukuru,Yaje kuko imashini itanga nimero z'umurongo yamuhaye nimero maze arategereza.,,CANNOT CLASSIFY
394,Says the child was well until a fall from a mango tree yesterday,Carer,Umwana,Avuga ko umwana yari ameze neza kugeza aguye ku giti cy'umwembe ejo.,,URGENT
395,Has pain in the hip that started without injury and is getting worse,Self,Umusaza/Umukecuru,Afite ububabare mu itako bwatangiye nta gikomere kandi bukomeje kwiyongera.,,ROUTINE
396,Says she has been feeling low since the baby was born,Self,Umuntu mukuru,Avuga ko kuva umwana yavuka amaze igihe yumva atameze neza mu mutima.,,ROUTINE
397,Man says the wound on his leg has maggots in it,Self,Umusaza/Umukecuru,Umugabo avuga ko igikomere cyo ku kuguru kirimo inyo.,,URGENT
398,Says the child's head seems to be growing faster than before,Carer,Impinja,Avuga ko umutwe w'umwana usa n'aho urimo gukura vuba kurusha mbere.,,URGENT
399,Came to ask about circumcision for his son,Carer,Umwana,Yaje kubaza ibijyanye no gukebwa k'umuhungu we.,,ROUTINE
400,Says he has been passing stool with mucus for a month,Self,Umuntu mukuru,Avuga ko amaze ukwezi asohora umwanda urimo ibimwira.,,ROUTINE
401,Woman says she was given tablets at a private clinic and got worse,Self,Umuntu mukuru,Umugore avuga ko yahawe imiti ku ivuriro ryigenga maze ubuzima bukarushaho kumera nabi.,,CANNOT CLASSIFY
402,Says the pain woke him from sleep and he vomited,Self,Umuntu mukuru,Avuga ko ububabare bwamukanguye mu gihe yari asinziriye maze araruka.,,URGENT
403,Child has a swelling under the chin that has grown in days,Carer,Umwana,Umwana afite kubyimba munsi y'akanwa kumaze iminsi kwiyongera.,,URGENT
404,Says he cannot remember what happened after the accident,Self,Ingimbi/Umwangavu,Avuga ko atibuka ibyabaye nyuma y'impanuka.,,URGENT
405,Has been told to stop salt and does not understand why,Self,Umusaza/Umukecuru,Yabwiwe kugabanya cyangwa guhagarika umunyu kandi ntasobanukiwe impamvu.,,ROUTINE
406,Says the baby was fine until the cord was cut with a razor,Carer,Impinja,Avuga ko uruhinja rwari rumeze neza kugeza igihe umugozi w'inda waciwe urwembe.,,URGENT
407,Woman says she has pain in the breast and a fever,Self,Umuntu mukuru,Umugore avuga ko ababara mu ibere kandi afite umuriro.,,URGENT
408,Says his leg was broken last year and still hurts,Self,Umuntu mukuru,Avuga ko ukuguru kwe kwavunitse umwaka ushize ariko ko gukomeza kumubabaza.,,ROUTINE
409,Came for a check after finishing the TB course,Self,Umuntu mukuru,Yaje kwisuzumisha nyuma yo kurangiza imiti y'igituntu.,,ROUTINE
410,Says the child chokes when drinking,Carer,Impinja,Avuga ko umwana atwarwa n'amazi cyangwa akenda kunanirwa guhumeka iyo anywa.,,ROUTINE
411,Has been feeling faint when standing since starting new tablets,Self,Umusaza/Umukecuru,Amaze kumva agiye kugwa igihumure iyo ahagurutse kuva atangiye imiti mishya.,,URGENT
412,Man says he has been unable to pass urine since a road accident,Carer,Umuntu mukuru,Umugabo avuga ko kuva yagira impanuka yo mu muhanda atabasha kwihagarika.,,URGENT
413,Says the rash came with the fever and is spreading,Carer,Umwana,Avuga ko ibisebe byo ku ruhu byazanye n'umuriro kandi bikaba biri gukwira.,,URGENT
414,Woman says the family wants her to deliver at home,Self,Umuntu mukuru,Umugore avuga ko umuryango ushaka ko abyara mu rugo.,,ROUTINE
415,Says his foot was run over by a bicycle and is swollen,Self,Umwana,Avuga ko ikirenge cye cyanyujijweho igare kandi kikaba cyarabyimbye.,,URGENT
416,Came to ask whether the child's teeth are late,Carer,Impinja,Yaje kubaza niba amenyo y'umwana yaratinze kumera.,,ROUTINE
417,Says the pain in his belly comes only when he has not eaten,Self,Umuntu mukuru,Avuga ko inda imurya gusa iyo atariye.,,ROUTINE
418,Has been coughing for months and was told it is allergy,Self,Umuntu mukuru,Amaze amezi akorora kandi yabwiwe ko ari allergie.,,ROUTINE
419,Says the child has been staring and not responding for moments,Carer,Umwana,Avuga ko umwana ajya areba hamwe ntasubize iyo bamuvugisha mu gihe gito.,,ROUTINE
420,Man says he has a hernia that will no longer go back in,Self,Umuntu mukuru,Umugabo avuga ko afite ibisebe by'inda cyangwa hernia itakijya imbere.,,URGENT
421,Says she was beaten and is bleeding from the nose,Self,Umuntu mukuru,Avuga ko yakubiswe kandi akaba ava amaraso mu mazuru.,,URGENT
422,Came to ask what to do about a mole that changed colour,Self,Umuntu mukuru,Yaje kubaza icyo yakora ku kimenyetso cyo ku ruhu cyahinduye ibara.,,ROUTINE
423,Says the child has not gained weight since the last visit,Carer,Impinja,Avuga ko kuva ku nshuro iheruka umwana atigeze yiyongera ibiro.,,ROUTINE
424,Has pain and swelling in many joints on both sides,Self,Umuntu mukuru,Afite ububabare no kubyimba mu ngingo nyinshi ku mpande zombi z'umubiri.,,ROUTINE
425,Says he was thrown from a bicycle and landed on his shoulder,Self,Ingimbi/Umwangavu,Avuga ko yaguye ku igare akajugunywa hasi agwa ku rutugu.,,URGENT
426,Woman says she has been bleeding after intercourse,Self,Umuntu mukuru,Umugore avuga ko ava amaraso nyuma y'imibonano mpuzabitsina.,,ROUTINE
427,Says the eye has been painful and the light hurts,Self,Umuntu mukuru,Avuga ko ijisho rimubabaza kandi urumuri rukamubangamira.,,URGENT
428,Child brought after eating a plant in the bush,Carer,Umwana,Umwana yazanywe nyuma yo kurya igihingwa cyo mu ishyamba.,,URGENT
429,Says he has been sweating at night and his shirt is wet,Self,Umuntu mukuru,Avuga ko arara abira ibyuya kugeza ishati ye itose.,,ROUTINE
430,Came because the tablets she was given look different this time,Self,Umusaza/Umukecuru,Yaje kuko imiti yahawe kuri iyi nshuro isa n'itandukanye n'iyo yari asanzwe ahabwa.,,ROUTINE
431,Says the leg swelled after a long bus journey,Self,Umuntu mukuru,Avuga ko ukuguru kwabyimbye nyuma y'urugendo rurerure muri bisi.,,URGENT
432,Man says his ear was cut in a fight and is hanging,Self,Ingimbi/Umwangavu,Umugabo avuga ko ugutwi kwe kwaciwe mu mirwano kandi kukaba kumanitse.,,URGENT
433,Says the child cries whenever the nappy is changed,Carer,Impinja,Avuga ko umwana arira buri gihe bamuhinduye pampers.,,CANNOT CLASSIFY
434,Has been told she has a heart problem and wants a second opinion,Self,Umuntu mukuru,Yabwiwe ko afite ikibazo cy'umutima kandi ashaka ko undi muganga amwisuzuma.,,ROUTINE
435,Says the wound from the operation has opened,Self,Umuntu mukuru,Avuga ko igikomere cyo ku gikorwa cyo kubagwa cyafungutse.,,URGENT
436,Woman says she is in pain and the baby is coming now,Carer,Ingimbi/Umwangavu,Umugore avuga ko ari kubabara kandi umwana akaba ari hafi kuvuka ubu.,,CRITICAL
437,Says he cannot straighten his finger after catching a ball,Self,Ingimbi/Umwangavu,Avuga ko adashobora kurambura urutoki nyuma yo gufata umupira.,,ROUTINE
438,Came to ask whether he can donate blood,Self,Umuntu mukuru,Yaje kubaza niba ashobora gutanga amaraso.,,ROUTINE
439,Says the child has been hot for a week and no cause found,Carer,Umwana,Avuga ko umwana amaze icyumweru afite umuriro kandi nta mpamvu iraboneka.,,URGENT
440,Has a cough that started after choking on food last month,Self,Umusaza/Umukecuru,Afite inkorora yatangiye nyuma yo kunanirwa guhumeka kubera ibyo yariye ukwezi gushize.,,ROUTINE
441,Says he was bitten by a bat in the roof,Self,Umuntu mukuru,Avuga ko yarumwe n'ikinyamukuru cyo mu gisenge.,,URGENT
442,Woman says she was told the baby is lying sideways,Self,Umuntu mukuru,Umugore avuga ko yabwiwe ko umwana aryamye mu nda atambitse.,,ROUTINE
443,Says the tablets for pressure finished and he feels fine without them,Self,Umusaza/Umukecuru,Avuga ko imiti y'umuvuduko w'amaraso yamushizeho kandi ubu yumva ameze neza atayifata.,,ROUTINE
444,Child has a wound on the knee full of dirt,Carer,Umwana,Umwana afite igikomere ku ivi cyuzuye umwanda.,,ROUTINE
445,Says the pain in his chest is worse when he breathes in deeply,Self,Ingimbi/Umwangavu,Avuga ko ububabare bwo mu gituza bwiyongera iyo ahumetse cyane.,,URGENT
446,Came because she keeps forgetting things and is worried,Self,Umusaza/Umukecuru,Yaje kuko ahora yibagirwa ibintu kandi akaba afite impungenge.,,ROUTINE
447,Says the child's arm was pulled and he will not use it,Carer,Umwana,Avuga ko ukuboko k'umwana kwakubiswe cyangwa kwakwegerewe kandi ubu atagikoresha.,,URGENT
448,Has a swelling in the neck that moves when swallowing,Self,Umuntu mukuru,Afite kubyimba mu ijosi kugenda iyo amira.,,ROUTINE
449,Says he has been unable to sit because of pain at the back passage,Self,Umuntu mukuru,Avuga ko adashobora kwicara kubera ububabare bwo ku kibuno.,,URGENT
450,Woman says she has been leaking fluid for a day and is pregnant,Self,Umuntu mukuru,Umugore avuga ko amaze umunsi asohora amazi mu gitsina kandi atwite.,,URGENT
451,Says he was cut by broken glass while cleaning,Self,Umuntu mukuru,Avuga ko yikase ku kirahure cyamenetse ubwo yasukuraga.,,URGENT
452,Child has been refusing to open his mouth since yesterday,Carer,Umwana,Umwana amaze kuva ejo yanga gufungura umunwa.,,URGENT
453,Says she has been taking tablets from a friend with the same symptoms,Self,Umuntu mukuru,Avuga ko amaze gufata imiti ahabwa n'inshuti ye ifite ibimenyetso nk'ibye.,,ROUTINE
454,Came to ask whether the swelling after the injection is normal,Carer,Impinja,Yaje kubaza niba kubyimba nyuma yo guterwa urushinge ari ibisanzwe.,,ROUTINE
455,Says the pain started in the back and now he cannot pass urine,Self,Umusaza/Umukecuru,Avuga ko ububabare bwatangiriye mu mugongo kandi ubu akaba adashobora kwihagarika.,,URGENT
456,Has been vomiting since a head injury three days ago,Self,Umuntu mukuru,Amaze kuruka kuva yakomereka ku mutwe hashize iminsi itatu.,,URGENT
457,Says the child sweats while feeding and stops to rest,Carer,Impinja,Avuga ko umwana abira ibyuya iyo arimo konka cyangwa kurya maze akareka akaruhuka.,,URGENT
458,Woman says her legs have swollen in the last week of pregnancy,Self,Umuntu mukuru,Umugore avuga ko amaguru ye yabyimbye mu cyumweru cya nyuma cyo gutwita.,,URGENT
459,Says he has a boil on the back of the neck that is spreading,Self,Umusaza/Umukecuru,Avuga ko afite ikibyimba kirimo amashyira inyuma y'ijosi kandi kirimo gukwira.,,URGENT
460,Came for a check because of a cough in the household,Self,Umwana,Yaje kwisuzumisha kubera ko hari umuntu mu rugo ukorora.,,ROUTINE
461,Says the child has been scratching the bottom at night,Carer,Umwana,Avuga ko umwana yishimagura ku kibuno nijoro.,,ROUTINE
462,Has a tooth that broke and the nerve is showing,Self,Umuntu mukuru,Afite iryinyo ryamenetse ku buryo umutsi warwo ugaragara.,,ROUTINE
463,Says she fainted while fasting,Self,Ingimbi/Umwangavu,Avuga ko yaguye igihumure ubwo yari asibye kurya.,,ROUTINE
464,Man says a piece of metal flew into his eye while welding,Self,Umuntu mukuru,Umugabo avuga ko agace k'icyuma kamwinjiye mu jisho ubwo yasudaga.,,URGENT
465,Says the child has been coughing and the fever will not break,Carer,Umwana,Avuga ko umwana amaze gukorora kandi umuriro ukaba utagabanuka.,,URGENT
466,Woman says she has been having pain since an intrauterine device was fitted,Self,Umuntu mukuru,Umugore avuga ko amaze kugira ububabare kuva ashyirwamo agakoresho ko kuboneza urubyaro ko mu mura.,,ROUTINE
467,Says the wound smells and he has a fever,Self,Umuntu mukuru,Avuga ko igikomere kinuka kandi afite umuriro.,,URGENT
468,Came to ask about nutrition for a child who eats little,Carer,Umwana,Yaje kubaza ibijyanye n'imirire y'umwana urya bike.,,ROUTINE
469,Says his hands have been shaking and he cannot hold a cup,Self,Umusaza/Umukecuru,Avuga ko amaboko ye atitira kandi akaba adashobora gufata igikombe.,,ROUTINE
470,Child has a lump in the abdomen the mother felt while bathing him,Carer,Umwana,Umwana afite ikibyimba mu nda nyina yumvise ubwo yamwogeshaga.,,URGENT
471,Says he was crushed under a collapsed wall during the rains,Carer,Umuntu mukuru,Avuga ko yakandagiyewe n'urukuta rwaguye mu gihe cy'imvura.,,CRITICAL
472,Woman says the baby moves a lot less since she fell,Self,Umuntu mukuru,Umugore avuga ko kuva aguye umwana atakigenda cyane nk'uko bisanzwe.,,CRITICAL
473,Says the pain in the mouth stops him eating and he is losing weight,Self,Umusaza/Umukecuru,Avuga ko ububabare bwo mu kanwa bumubuza kurya kandi akaba ari kugabanuka ibiro.,,ROUTINE
474,Came because the child was sent home from school with a rash,Carer,Umwana,Yaje kuko umwana yoherejwe mu rugo avuye ku ishuri kubera ibisebe ku ruhu.,,ROUTINE
475,Says the leg wound is from a burn that happened as a child,Self,Umuntu mukuru,Avuga ko igikomere cyo ku kuguru cyatewe n'ubushye yagize akiri umwana.,,ROUTINE
476,Has been having pain in the chest and arm when walking to the market,Self,Umusaza/Umukecuru,Agira ububabare mu gituza no mu kuboko iyo agenda ajya ku isoko.,,URGENT
477,Says the child fell and bit through the lip,Carer,Umwana,Avuga ko umwana yaguye maze akomeretsa umunwa akoresheje amenyo.,,URGENT
478,Woman says she is not sure if she is pregnant and feels sick,Self,Ingimbi/Umwangavu,Umugore avuga ko atazi neza niba atwite kandi akaba yumva arwaye.,,ROUTINE
479,Says he has a wound on the penis and is embarrassed,Self,Ingimbi/Umwangavu,Avuga ko afite igikomere ku gitsina cy'umugabo kandi afite isoni.,,ROUTINE
480,Came to ask whether the medicine can be taken with the other tablets,Self,Umusaza/Umukecuru,Yaje kubaza niba uwo muti ashobora kuwufatana n'indi miti.,,ROUTINE
481,Says the child has a cough and the family has been treating with steam,Carer,Umwana,Avuga ko umwana akorora kandi umuryango umaze kumuvura umwuka w'amazi ashyushye.,,ROUTINE
482,Has been unable to walk without help since a stroke last year,Carer,Umusaza/Umukecuru,"Kuva yagira ikibazo cy'ubwonko umwaka ushize, ntashobora kugenda atabifashijwemo.",,ROUTINE
483,Says she feels a tearing pain in the belly and is pregnant,Self,Umuntu mukuru,Avuga ko yumva ububabare bukomeye mu nda nk'aho hari ikintu kiyitanyagura kandi atwite.,,CRITICAL
484,Man says he was hit by a falling coffee sack at the store,Self,Umuntu mukuru,Umugabo avuga ko yakubiswe n'umufuka wa kawa waguye mu bubiko.,,URGENT
485,Says the child's fingers have been swollen and painful,Carer,Umwana,Avuga ko intoki z'umwana zabyimbye kandi zibabaza.,,URGENT
486,Came to ask what the blood test paper means,Self,Umuntu mukuru,Yaje kubaza icyo urupapuro rw'ibisubizo by'isuzuma ry'amaraso rusobanura.,,ROUTINE
487,Says he has been coughing so hard he wet himself,Self,Umusaza/Umukecuru,Avuga ko akorora cyane kugeza ubwo yihagarika atabishaka.,,ROUTINE
488,Woman says she has not had a period since delivering a year ago,Self,Umuntu mukuru,Umugore avuga ko kuva yabyara umwaka ushize atongeye kugira imihango.,,ROUTINE
489,Says the burn is on the chest and the skin has come off,Carer,Umwana,Avuga ko ubushye buri ku gituza kandi uruhu rwaho rwaravaho.,,URGENT
490,Has pain behind the eye with a headache on one side,Self,Umuntu mukuru,Afite ububabare inyuma y'ijisho hamwe n'umutwe ubabara ku ruhande rumwe.,,ROUTINE
491,Says the child has been pale and the mother saw blood in the nappy,Carer,Impinja,Avuga ko umwana yabaye igikendera kandi nyina akabona amaraso muri pampers.,,URGENT
492,Man says he cannot lift his arm above his head since a fall,Self,Umuntu mukuru,Umugabo avuga ko kuva aguye adashobora kuzamura ukuboko hejuru y'umutwe.,,URGENT
493,Says the pain goes away with tablets but always returns,Self,Umuntu mukuru,Avuga ko ububabare bushira iyo afashe imiti ariko bukongera kugaruka.,,CANNOT CLASSIFY
494,Came to ask whether the child's cough syrup is safe to repeat,Carer,Umwana,Yaje kubaza niba kongera guha umwana umuti w'inkorora ari byiza.,,ROUTINE
495,Says the wound is on the head and the bleeding will not stop,Carer,Umwana,Avuga ko igikomere kiri ku mutwe kandi amaraso akaba atahagarara.,,CRITICAL
496,Woman says she was in a road accident and is six months pregnant,Carer,Umuntu mukuru,Umugore avuga ko yagize impanuka yo mu muhanda kandi atwite amezi atandatu.,,CRITICAL
497,Says his feet have been burning at night for a year,Self,Umusaza/Umukecuru,Avuga ko ibirenge bye bimaze umwaka bishya nijoro.,,ROUTINE
498,Child has been unusually sleepy and hard to wake,Carer,Impinja,Umwana asinzira cyane mu buryo budasanzwe kandi kubyuka bikamugora.,,CRITICAL
499,Says he has been having chest pain but thinks it is the stomach,Self,Umuntu mukuru,Avuga ko amaze kugira ububabare mu gituza ariko akeka ko ari mu nda.,,URGENT
500,Came to ask about a health card for an elderly parent,Self,Umuntu mukuru,Yaje kubaza ibijyanye n'ikarita y'ubwishingizi bw'ubuzima y'umubyeyi ugeze mu zabukuru.,,ROUTINE
501,Says the child was bitten by an insect and the arm has a red line spreading,Carer,Umwana,Avuga ko umwana yarumwe n'udukoko kandi ku kuboko hakaba hari umurongo utukura ugenda ukwira.,,URGENT
502,Has been told he has kidney problems and asks if he can still farm,Self,Umuntu mukuru,Yabwiwe ko afite ikibazo cy'impyiko kandi abaza niba agishobora gukora ubuhinzi.,,ROUTINE
503,Says the pain in the tooth has gone but the face is now swollen,Self,Umuntu mukuru,Avuga ko iryinyo ritakibabara ariko ubu mu maso hakaba harabyimbye.,,URGENT
504,Woman says she has a smell she is ashamed of,Self,Umuntu mukuru,Umugore avuga ko afite umunuko umutera isoni.,,ROUTINE
505,Says he cannot bend his knee since kneeling in the field all day,Self,Umuntu mukuru,Avuga ko adashobora kunama ivi kuva yamaze umunsi wose apfukamye mu murima.,,ROUTINE
506,Child has been holding the head to one side since waking,Carer,Umwana,Umwana amaze kuva abyutse agumisha umutwe ku ruhande rumwe.,,ROUTINE
507,Says the medicine was stolen with her bag,Self,Umuntu mukuru,Avuga ko imiti ye yibwe hamwe n'isakoshi ye.,,ROUTINE
508,Has been feeling a fluttering in the chest since drinking coffee,Self,Ingimbi/Umwangavu,Amaze kumva umutima usa n'uwigiza mu gituza kuva anyweye ikawa.,,ROUTINE
509,Says the child's eyes roll back when he has a fever,Carer,Umwana,Avuga ko amaso y'umwana ajya hejuru iyo afite umuriro.,,URGENT
510,Man says he has been unable to father a child and wants testing,Self,Umuntu mukuru,Umugabo avuga ko amaze igihe adashobora kubyara umwana kandi ashaka kwisuzumisha.,,ROUTINE
511,Says she has been having headaches and her vision blurs in pregnancy,Self,Umuntu mukuru,Avuga ko agira umutwe kandi akabona ibicucu mu maso igihe atwite.,,CRITICAL
512,Came because the neighbour said the child's belly is too big,Carer,Umwana,Yaje kuko umuturanyi yavuze ko inda y'umwana ari nini cyane.,,ROUTINE
513,Says the wound was from a dog three weeks ago and he ignored it,Self,Umuntu mukuru,Avuga ko igikomere cyatewe n'imbwa hashize ibyumweru bitatu kandi atarakitaho.,,URGENT
514,Has a sore throat and cannot swallow his own saliva,Self,Umwana,Afite umuhogo ubabara kandi ntashobora kumira amacandwe ye.,,CRITICAL
515,Says the pain started after lifting his grandchild,Self,Umusaza/Umukecuru,Avuga ko ububabare bwatangiye nyuma yo guterura umwuzukuru we.,,ROUTINE
516,Woman says the baby was born at home and is breathing fast,Carer,Impinja,Umugore avuga ko uruhinja rwavukiye mu rugo kandi ruhumeka vuba.,,URGENT
517,Says he has been vomiting after every meal for a month,Self,Umuntu mukuru,Avuga ko amaze ukwezi aruka nyuma ya buri funguro.,,URGENT
518,Child has been off balance and falling since an ear infection,Carer,Umwana,Umwana amaze kugenda ahungabana no kugwa kuva arwaye ugutwi.,,URGENT
519,Says she stopped coming because the queue was too long last time,Self,Umuntu mukuru,Avuga ko yaretse kuza kuko umurongo wari muremure cyane ubushize.,,CANNOT CLASSIFY
520,Has a wound on the ankle from a motorbike chain,Self,Ingimbi/Umwangavu,Afite igikomere ku kaguru hafi y'ikirenge cyatewe n'umunyururu wa moto.,,URGENT
521,Says the child has been crying and the testicle is swollen,Carer,Umwana,Avuga ko umwana arira kandi intanga imwe yarabyimbye.,,CRITICAL
522,Man says he woke with the room spinning,Self,Umusaza/Umukecuru,Umugabo avuga ko yabyutse yumva icyumba kizungera.,,URGENT
523,Says the baby was given herbs by a relative and vomited,Carer,Impinja,Avuga ko umuvandimwe yahaye uruhinja imiti gakondo maze ruruka.,,URGENT
524,Came to ask whether she can stop taking the tablets now she is well,Self,Umuntu mukuru,Yaje kubaza niba ashobora guhagarika imiti ubu amaze kumererwa neza.,,ROUTINE
525,Says he has been passing very little urine for two days,Self,Umusaza/Umukecuru,Avuga ko amaze iminsi ibiri yihagarika duke cyane.,,URGENT
526,Child has a fever and a fit that lasted a few minutes,Carer,Umwana,Umwana afite umuriro kandi yagize igicuri kimara iminota mike.,,URGENT
527,Says the pain is under the right ribs and worse after fatty food,Self,Umuntu mukuru,Avuga ko ababara munsi y'imbavu zo ku ruhande rw'iburyo kandi bikiyongera nyuma yo kurya ibiryo birimo ibinure byinshi.,,ROUTINE
528,Woman says she had a caesarean and the scar is painful,Self,Umuntu mukuru,Umugore avuga ko yabazwe abyara kandi inkovu ikaba imubabaza.,,ROUTINE
529,Says he has been unable to hear since the water went in his ear,Self,Umwana,Avuga ko atakumva kuva amazi yinjira mu gutwi.,,ROUTINE
530,Has been told to bring the child back for weighing,Carer,Impinja,Yabwiwe kugarura umwana kugira ngo bongere bamupime ibiro.,,ROUTINE
531,Says the swelling comes and goes with the heat,Self,Umusaza/Umukecuru,Avuga ko kubyimba kuza kugashira bitewe n'ubushyuhe.,,ROUTINE
532,Man says he was assaulted and has a cut above the eye,Self,Ingimbi/Umwangavu,Umugabo avuga ko yakubiswe kandi afite igikomere hejuru y'ijisho.,,URGENT
533,Says the child has been passing loose stool for two weeks,Carer,Umwana,Avuga ko umwana amaze ibyumweru bibiri asohora umwanda w'amazi.,,URGENT
534,Came to ask whether she should take iron tablets,Self,Umuntu mukuru,Yaje kubaza niba akwiriye gufata imiti y'ubutare.,,ROUTINE
535,Says he has a cough that comes only at night in the cold season,Self,Umwana,Avuga ko akorora gusa nijoro mu gihe cy'ubukonje.,,ROUTINE
536,Woman says she is bleeding and the pregnancy is eight months,Self,Umuntu mukuru,Umugore avuga ko ari kuva amaraso kandi atwite amezi umunani.,,CRITICAL
537,Says the leg wound has been dressed here for two months with no change,Self,Umusaza/Umukecuru,Avuga ko igikomere cyo ku kuguru bamaze amezi abiri bagipfuka hano ariko nta mpinduka.,,ROUTINE
538,Child put a grain of maize in the ear,Carer,Umwana,Umwana yashyize akabuto k'ibigori mu gutwi.,,ROUTINE
539,Says he has been having pain when walking that goes when he stops,Self,Umusaza/Umukecuru,Avuga ko ababara iyo agenda ariko ububabare bukagenda iyo ahagaze.,,ROUTINE
540,Has been told she has a growth and wants to know if it is cancer,Self,Umuntu mukuru,Yabwiwe ko afite ikibyimba kandi ashaka kumenya niba ari kanseri.,,ROUTINE
541,Says the child was well but has been quiet since the funeral,Carer,Umwana,Avuga ko umwana yari ameze neza ariko kuva ku muhango wo gushyingura akaba yaracecetse cyane.,,ROUTINE
542,Man says his eye is red and he cannot look at light,Self,Umuntu mukuru,Umugabo avuga ko ijisho rye ritukura kandi adashobora kureba urumuri.,,URGENT
543,Says she has been feeling movements in the belly and is not pregnant,Self,Umuntu mukuru,Avuga ko yumva ibintu bigenda mu nda kandi atari atwite.,,ROUTINE
544,Came for the second dose of the vaccine,Carer,Impinja,Yaje gufata urukingo rwa kabiri.,,ROUTINE
545,Says the burn happened three days ago and blisters have formed,Self,Umuntu mukuru,Avuga ko ubushye bwabayeho hashize iminsi itatu kandi hakaba haravutse utubyimba twuzuye amazi.,,ROUTINE
546,Child has been refusing food and pointing at the throat,Carer,Umwana,Umwana yanga kurya kandi akerekana mu muhogo.,,URGENT
547,Says his tablets and his wife's tablets got mixed up,Self,Umusaza/Umukecuru,Avuga ko imiti ye n'iy'umugore we yavanze.,,CANNOT CLASSIFY
548,Woman says she has a tear from childbirth that has not healed,Self,Umuntu mukuru,Umugore avuga ko afite igikomere cyaturutse ku kubyara kitarakira.,,ROUTINE
549,Says he cannot walk far without stopping to catch his breath,Self,Umusaza/Umukecuru,Avuga ko adashobora kugenda intera ndende atabanje guhagarara ngo abone umwuka.,,ROUTINE
550,Has a swelling in the cheek that started after a tooth was pulled,Self,Umuntu mukuru,Afite kubyimba ku itama byatangiye nyuma yo kumukuramo iryinyo.,,URGENT
551,Says the child fell into hot ashes,Carer,Impinja,Avuga ko umwana yaguye mu ivu rishyushye.,,URGENT
552,Came because he has been told his sugar is high,Self,Umuntu mukuru,Yaje kuko yabwiwe ko isukari yo mu maraso iri hejuru.,,ROUTINE
553,Says the wound is on the hand and he cannot move two fingers,Self,Umuntu mukuru,Avuga ko igikomere kiri ku kuboko kandi akaba adashobora kugendesha intoki ebyiri.,,URGENT
554,Woman says the baby has been vomiting after every feed and losing weight,Carer,Impinja,Umugore avuga ko uruhinja ruruka nyuma yo kuronka cyangwa kurya buri gihe kandi rukaba rugabanuka ibiro.,,URGENT
555,Says he has been having pain in both legs at night,Self,Umwana,Avuga ko nijoro amaguru yombi amubabaza.,,ROUTINE
556,Has been coughing for six weeks since returning from the mine,Self,Umuntu mukuru,Amaze ibyumweru bitandatu akorora kuva yagaruka mu kirombe.,,ROUTINE
557,Says the child's skin is peeling after a fever,Carer,Umwana,Avuga ko uruhu rw'umwana ruri kuvaho nyuma y'umuriro.,,ROUTINE
558,Man says he took rat poison,Self,Umuntu mukuru,Umugabo avuga ko yanyoye umuti wica imbeba.,,CRITICAL
559,Says the pain in the shoulder wakes her and she cannot lie on it,Self,Umusaza/Umukecuru,Avuga ko ububabare bwo ku rutugu bumukangura kandi akaba adashobora kuryama kuri urwo rutugu.,,ROUTINE
560,Came to ask about the child's hearing after repeated ear infections,Carer,Umwana,Yaje kubaza uko kumva k'umwana bimeze nyuma yo kurwara ugutwi kenshi.,,ROUTINE
561,Says the swelling in the leg started after a bite he did not see,Self,Umuntu mukuru,Avuga ko kubyimba ku kuguru byatangiye nyuma yo kurumwa n'ikintu atabonye.,,URGENT
562,Woman says she is in labour and the baby's hand came first,Carer,Umuntu mukuru,Umugore avuga ko ari ku nda kandi ukuboko k'umwana kwabanje gusohoka.,,CRITICAL
563,Says he has a lump in the testicle he found while washing,Self,Ingimbi/Umwangavu,Avuga ko yabonye ikibyimba ku ntanga ubwo yiyuhagiraga.,,ROUTINE
564,Child has been pulling at the hair and banging the head,Carer,Umwana,Umwana amaze kwikurura umusatsi no gukubita umutwe.,,ROUTINE
565,Says the cough brings up blood only in the morning,Self,Umuntu mukuru,Avuga ko inkorora imusohorezamo amaraso gusa mu gitondo.,,URGENT
566,Has been told by a traditional healer to stop the hospital tablets,Self,Umuntu mukuru,Yabwiwe n'umuvuzi gakondo guhagarika imiti yahawe kwa muganga.,,ROUTINE
567,Says the child has had a discharge from one nostril for weeks,Carer,Umwana,Avuga ko umwana amaze ibyumweru asohora ibintu mu mazuru ku ruhande rumwe.,,ROUTINE
568,Man says his leg has been cold and painful since this morning,Self,Umusaza/Umukecuru,Umugabo avuga ko kuva muri iki gitondo ukuguru kwe gukonje kandi kubabaza.,,CRITICAL
569,Says she was told the baby's heartbeat could not be found,Self,Umuntu mukuru,Avuga ko yabwiwe ko umutima w'uruhinja utumvikanaga.,,URGENT
570,Came to ask whether he can stop the injection for his condition,Self,Umuntu mukuru,Yaje kubaza niba ashobora guhagarika inshinge ahabwa kubera ikibazo afite.,,ROUTINE
571,Says the child's face was burnt by a firework,Carer,Umwana,Avuga ko mu maso h'umwana hatwitswe n'igikoresho giturika cyo kwishimisha.,,URGENT
572,Has a rash in the shape of a ring that is spreading outward,Self,Umwana,Afite ibisebe ku ruhu bimeze nk'uruziga kandi biri gukwira bigana hanze.,,ROUTINE
573,Says he has been unable to sleep lying down for a week,Self,Umusaza/Umukecuru,Avuga ko amaze icyumweru adashobora gusinzira aryamye.,,URGENT
574,Woman says the discharge started after her husband returned from travel,Self,Umuntu mukuru,Umugore avuga ko ibintu bidasanzwe bisohoka mu gitsina byatangiye nyuma y'uko umugabo we agarutse mu rugendo.,,ROUTINE
575,Says the pain in the back is worse at night and does not ease with rest,Self,Umusaza/Umukecuru,Avuga ko ububabare bwo mu mugongo bukabije nijoro kandi ntibugabanuke iyo aruhutse.,,ROUTINE
576,Child was found with an open bottle of tablets,Carer,Umwana,Umwana yabonetse afite icupa ry'imiti rifunguye.,,CRITICAL
577,Says his ankle has been swollen since he twisted it a month ago,Self,Ingimbi/Umwangavu,Avuga ko akaguru ke hafi y'ikirenge kamaze ukwezi karabyimbye kuva yakagoreka.,,ROUTINE
578,Came to ask why she keeps getting the same infection,Self,Umuntu mukuru,Yaje kubaza impamvu akomeza kurwara ubwandu bumwe.,,ROUTINE
579,Says the child has a cough and has been losing weight for months,Carer,Umwana,Avuga ko umwana akorora kandi amaze amezi agabanuka ibiro.,,URGENT
580,Has been feeling a pressure in the head when bending down,Self,Umuntu mukuru,Amaze kumva umutwe ufite uburemere iyo yunamye.,,ROUTINE
581,Says he cut the cord himself and the baby is bleeding from it,Carer,Impinja,Avuga ko ari we waciye umugozi w'inda kandi ubu uruhinja rukaba rurawuvamo amaraso.,,CRITICAL
582,Woman says her arm has been swollen since surgery on the breast,Self,Umusaza/Umukecuru,Umugore avuga ko ukuboko kwe kwabyimbye kuva yabagwa ku ibere.,,ROUTINE
583,Says the pain started in one ear and now both ears hurt,Self,Umwana,Avuga ko ububabare bwatangiriye mu gutwi kumwe ariko ubu amatwi yombi akababara.,,ROUTINE
584,Came because the child has not opened his bowels since birth,Carer,Impinja,Yaje kuko umwana atigeze yituma kuva yavuka.,,URGENT
585,Says he has been having pain in the wrist from typing all day,Self,Umuntu mukuru,Avuga ko ukuboko hafi y'ikiganza kumubabaza kubera kwandika kuri mudasobwa umunsi wose.,,ROUTINE
586,Child has a wound on the foot from a broken bottle at the river,Carer,Umwana,Umwana afite igikomere ku kirenge cyatewe n'icupa ryamenetse ku mugezi.,,URGENT
587,Says she has been unable to keep the tablets down while pregnant,Self,Umuntu mukuru,Avuga ko atabasha kugumana imiti mu nda kuko arayiruka igihe atwite.,,URGENT
588,Man says he has been seeing double since a fall,Self,Umusaza/Umukecuru,Umugabo avuga ko kuva aguye abona ibintu bibiri.,,URGENT
589,Says the child cries when the leg is touched and will not stand,Carer,Umwana,Avuga ko umwana arira iyo bakoze ku kuguru kandi yanga guhagarara.,,URGENT
590,Has been told his eyes need an operation and wants advice,Self,Umusaza/Umukecuru,Yabwiwe ko amaso ye akeneye kubagwa kandi ashaka inama.,,ROUTINE
591,Says the bleeding started after taking herbs to end a pregnancy,Self,Ingimbi/Umwangavu,Avuga ko kuva amaraso byatangiye nyuma yo kunywa imiti gakondo yo gukuramo inda.,,CRITICAL
592,Came to ask whether the family can be tested after a death at home,Self,Umuntu mukuru,Yaje kubaza niba umuryango ushobora kwisuzumisha nyuma y'urupfu rwabereye mu rugo.,,ROUTINE
593,Says the wound is from a bullet and he will not say more,Self,Umuntu mukuru,Avuga ko igikomere cyatewe n'amasasu kandi adashaka kugira ibindi avuga.,,CRITICAL
594,Child has been breathing with a whistling sound since a cold,Carer,Umwana,Umwana amaze guhumeka asohora urusaku rumeze nk'urusiferi kuva arwara ibicurane.,,URGENT
595,Says his skin has turned yellow and he feels nothing else,Self,Umuntu mukuru,Avuga ko uruhu rwe rwahindutse umuhondo ariko nta kindi yumva.,,URGENT
596,Woman says her baby's arm was injured during the delivery,Carer,Impinja,Umugore avuga ko ukuboko k'uruhinja kwe kwakomeretse igihe yarubyazaga.,,ROUTINE
597,Says he has been having pain in the chest only when angry,Self,Umuntu mukuru,Avuga ko ababara mu gituza gusa iyo arakaye.,,URGENT
598,Has been sent by the prison to be examined,Self,Umuntu mukuru,Yoherejwe n'igereza kugira ngo asuzumwe.,,CANNOT CLASSIFY
599,Says the child has been squinting since he was small,Carer,Umwana,Avuga ko umwana amaze igihe ahumbiranya amaso kuva akiri muto.,,ROUTINE
600,Came to ask what to do with the leftover tablets,Self,Umuntu mukuru,Yaje kubaza icyo yakora ku miti yasigaye.,,ROUTINE
601,Says her breast has a dimple in the skin she noticed last month,Self,Umuntu mukuru,Avuga ko ku ibere hari ahantu hameze nk'ahagwa imbere mu ruhu yabonye ukwezi gushize.,,ROUTINE
602,Man says he cannot straighten his back after working bent all day,Self,Umuntu mukuru,Umugabo avuga ko adashobora kurambura umugongo nyuma yo gukora yunamye umunsi wose.,,ROUTINE
603,Says the child has been passing urine very often and wetting the bed again,Carer,Umwana,Avuga ko umwana amaze kwihagarika kenshi kandi yongeye kwinyarira mu buriri.,,URGENT
604,Has a wound on the leg that bleeds whenever it is knocked,Self,Umusaza/Umukecuru,Afite igikomere ku kuguru kivamo amaraso buri gihe gikubisweho.,,ROUTINE
605,Says she has been having fits since she was a child,Self,Ingimbi/Umwangavu,Avuga ko amaze kugira ibicuri kuva akiri umwana.,,ROUTINE
606,Came because the child was bitten by another child at school,Carer,Umwana,Yaje kuko umwana yarumwe n'undi mwana ku ishuri.,,ROUTINE
607,Says the pain in the belly is constant and he cannot lie flat,Self,Umuntu mukuru,Avuga ko ububabare bwo mu nda budahagarara kandi adashobora kuryama arambuye.,,URGENT
608,Woman says she has been told she has twins and is worried,Self,Umuntu mukuru,Umugore avuga ko yabwiwe ko atwite impanga kandi akaba afite impungenge.,,ROUTINE
609,Says his hand was burnt by electricity while fixing a wire,Self,Umuntu mukuru,Avuga ko amashanyarazi yamutwitse ukuboko ubwo yakoraga ku nsinga.,,URGENT
610,Child has a swelling on the ankle that started without injury,Carer,Umwana,Umwana afite kubyimba ku kaguru hafi y'ikirenge byatangiye nta gikomere.,,URGENT
611,Says the medicine finished a month ago and he did not come back,Self,Umuntu mukuru,Avuga ko imiti yamushizeho ukwezi gushize ariko ntiyagaruka.,,ROUTINE
612,Has been feeling heat in the chest and a sour taste at night,Self,Umuntu mukuru,Amaze kumva ubushyuhe mu gituza n'uburyohe busharira mu kanwa nijoro.,,ROUTINE
613,Says the baby has a lump on the neck since birth,Carer,Impinja,Avuga ko uruhinja rufite ikibyimba mu ijosi kuva ruvuka.,,ROUTINE
614,Man says a cow horn went into his thigh,Self,Umuntu mukuru,Umugabo avuga ko ihembe ry'inka ryamwinjiye mu itako.,,CRITICAL
615,Says she has been bleeding for three weeks without stopping,Self,Umuntu mukuru,Avuga ko amaze ibyumweru bitatu ava amaraso adahagarara.,,URGENT
616,Came to ask whether the child should be tested after the mother's diagnosis,Carer,Umwana,Yaje kubaza niba umwana agomba kwisuzumisha nyuma y'uko nyina asanzwemo indwara.,,ROUTINE
617,Says the pain in the side comes with fever and shaking,Self,Umuntu mukuru,Avuga ko ububabare bwo ku ruhande bujyana n'umuriro no gutitira.,,URGENT
618,Child has been unable to swallow since eating hot food,Carer,Umwana,Umwana amaze kutabasha kumira kuva yariye ibiryo bishyushye.,,URGENT
619,Says his foot has a hole that goes deep and does not hurt,Self,Umusaza/Umukecuru,Avuga ko ku kirenge afite umwobo winjira cyane kandi utamubabaza.,,ROUTINE
620,Woman says she has not been able to conceive after two years,Self,Umuntu mukuru,Umugore avuga ko amaze imyaka ibiri adashobora gusama.,,ROUTINE
621,Says the child was normal and has stopped speaking in the last months,Carer,Umwana,Avuga ko umwana yari asanzwe ameze neza ariko mu mezi ashize akaba yararetse kuvuga.,,ROUTINE
622,Has been told his liver is enlarged and wants to know what it means,Self,Umuntu mukuru,Yabwiwe ko umwijima we munini kandi ashaka kumenya icyo bivuze.,,ROUTINE
623,Says the pain came after a long walk and has not eased in days,Self,Umusaza/Umukecuru,Avuga ko ububabare bwatangiye nyuma yo kugenda urugendo rurerure kandi bumaze iminsi butagabanuka.,,CANNOT CLASSIFY
624,Came because the health worker found the child's weight dropping,Carer,Umwana,Yaje kuko umukozi w'ubuzima yasanze ibiro by'umwana biri kugabanuka.,,URGENT
625,Says his throat closes when he eats fish,Self,Ingimbi/Umwangavu,Avuga ko umuhogo umufunga iyo ariye amafi.,,URGENT
626,Child has a bruised eye and the mother says he fell from the bed,Carer,Impinja,Umwana afite ijisho ryakomeretse kandi nyina avuga ko yaguye ku buriri.,,URGENT
627,Says she has been feeling a heaviness in the chest since the birth,Self,Umuntu mukuru,Avuga ko amaze kumva uburemere mu gituza kuva yabyara.,,URGENT
628,Man says a tree fell on his leg while cutting firewood,Carer,Umuntu mukuru,Umugabo avuga ko igiti cyamuguye ku kuguru ubwo yatemaga inkwi.,,CRITICAL
629,Says the child's belly is hard and he has not passed gas,Carer,Umwana,Avuga ko inda y'umwana ikomeye kandi akaba atarasohora umwuka mu nda.,,CRITICAL
630,Has been sent from the health post because they have no supplies,Self,Umuntu mukuru,Yoherejwe avuye ku ivuriro rito kuko nta bikoresho cyangwa imiti bafite.,,CANNOT CLASSIFY
631,Says her periods stopped a year ago and have now returned,Self,Umusaza/Umukecuru,Avuga ko imihango yahagaze umwaka ushize ariko ubu ikaba yongeye kugaruka.,,ROUTINE
632,Came to ask whether it is safe to fast with his condition,Self,Umuntu mukuru,Yaje kubaza niba ari byiza gusiba kurya afite iki kibazo cy'ubuzima.,,ROUTINE
633,Says the child has had a cough since being born prematurely,Carer,Impinja,Avuga ko umwana akorora kuva yavuka imburagihe.,,ROUTINE
634,Has a sore that has been there for six months and does not heal,Self,Umusaza/Umukecuru,Afite igisebe kimaze amezi atandatu kandi kitakira.,,ROUTINE
635,Says he has been having pain in the heel every morning,Self,Umuntu mukuru,Avuga ko buri gitondo ababara ku gatsinsino.,,ROUTINE
636,Woman says she has a headache and the tablets no longer help,Self,Umuntu mukuru,Umugore avuga ko arwaye umutwe kandi imiti itakimufasha.,,ROUTINE
637,Says the child was bitten by a snake and the family applied herbs,Carer,Umwana,Avuga ko umwana yarumwe n'inzoka maze umuryango ukamushyiraho imiti gakondo.,,CRITICAL
638,Came for a certificate after an accident for an insurance claim,Self,Umuntu mukuru,Yaje gufata icyemezo nyuma y'impanuka kugira ngo agisabeho ubwishingizi.,,ROUTINE
639,Says he has been passing blood clots in the urine,Self,Umusaza/Umukecuru,Avuga ko asohora uturemangingo tw'amaraso mu nkari.,,URGENT
640,Child has been coughing and the lips turned blue briefly,Carer,Impinja,Umwana amaze gukorora kandi iminwa ye ikamara akanya ihinduka ubururu.,,CRITICAL
641,Says the wound was stitched elsewhere and the thread is showing,Self,Umuntu mukuru,Avuga ko igikomere cyadodewe ahandi kandi urudodo rukaba ruri kugaragara.,,ROUTINE
642,Has been feeling anxious and cannot explain why,Self,Ingimbi/Umwangavu,Amaze kumva ahangayitse ariko ntazi impamvu.,,ROUTINE
643,Says the pain is in the lower back on one side and moves to the groin,Self,Umuntu mukuru,Avuga ko ababara mu mugongo wo hasi ku ruhande rumwe kandi ububabare bukagera mu ihina.,,URGENT
644,Woman says she has been told to come for a caesarean and has no transport,Self,Umuntu mukuru,Umugore avuga ko yabwiwe kuza kubagwa ariko akaba nta buryo bwo gutwara afite.,,URGENT
645,Says his son has been drinking and he does not know what to do,Carer,Ingimbi/Umwangavu,Avuga ko umuhungu we anywa inzoga kandi akaba atazi icyo yakora.,,ROUTINE
646,Came to ask whether the swelling in the child's neck is mumps,Carer,Umwana,Yaje kubaza niba kubyimba mu ijosi k'umwana ari amasururu.,,ROUTINE
647,Says the burning in the feet is worse since the tablets changed,Self,Umusaza/Umukecuru,Avuga ko gushya mu birenge byiyongereye kuva imiti yahinduka.,,ROUTINE
648,Child fell and has a tooth pushed up into the gum,Carer,Umwana,Umwana yaguye maze iryinyo rimwe rijya imbere mu ishinya.,,URGENT
649,Says he has had three episodes of chest pain this week,Self,Umuntu mukuru,Avuga ko muri iki cyumweru yagize ububabare bwo mu gituza inshuro eshatu.,,URGENT
650,Has been told she must deliver in hospital and wants to know why,Self,Umuntu mukuru,Yabwiwe ko agomba kubyarira ku bitaro kandi ashaka kumenya impamvu.,,ROUTINE
651,Says the child has been hot and refusing to be touched,Carer,Impinja,Avuga ko umwana afite umuriro kandi yanga ko bamukoraho.,,URGENT
652,Man says his arm was caught in a conveyor at the factory,Carer,Umuntu mukuru,Umugabo avuga ko ukuboko kwe kwafashwe n'imashini itwara ibintu ku ruganda.,,CRITICAL
653,Says she has a discharge and her partner has symptoms too,Self,Ingimbi/Umwangavu,Avuga ko hari ibintu bidasanzwe bimusohokamo kandi uwo bashakanye na we afite ibimenyetso.,,ROUTINE
654,Came because the tablets ran out during a journey,Self,Umuntu mukuru,Yaje kuko imiti yamushizeho ari mu rugendo.,,ROUTINE
655,Says the swelling in the belly has grown over months and she is not pregnant,Self,Umuntu mukuru,Avuga ko kubyimba mu nda bimaze amezi byiyongera kandi atari atwite.,,ROUTINE
656,Child has been wheezing since moving to a house with a wood fire,Carer,Umwana,Umwana amaze guhumeka asohora urusaku kuva bimukiye mu nzu bacanamo inkwi.,,ROUTINE
657,Says he cannot see well at night and bumps into things,Self,Umwana,Avuga ko atabona neza nijoro kandi akagonga ibintu.,,ROUTINE
658,Woman says she was bleeding in early pregnancy and it has stopped,Self,Umuntu mukuru,Umugore avuga ko yavuye amaraso mu ntangiriro z'inda ariko ubu byarahagaze.,,ROUTINE
659,Says the pain in his jaw comes when he chews,Self,Umusaza/Umukecuru,Avuga ko ububabare bwo ku rwasaya bumufata iyo ari guhekenya.,,ROUTINE
660,Has a wound between the toes that will not dry,Self,Umuntu mukuru,Afite igikomere hagati y'amano y'ikirenge kituma.,,ROUTINE
661,Says the child has been scratching and the skin is now thick,Carer,Umwana,Avuga ko umwana amaze kwishimagura kandi uruhu rwarabyimbye rukaba rwarakomeye.,,ROUTINE
662,Came to ask whether he can return to heavy work after the hernia operation,Self,Umuntu mukuru,Yaje kubaza niba ashobora gusubira mu mirimo ivunanye nyuma yo kubagwa hernia.,,ROUTINE
663,Says she has been vomiting blood and thinks it is from the nose,Self,Umuntu mukuru,Avuga ko aruka amaraso kandi akeka ko ava mu mazuru.,,URGENT
664,Man says his hand was bitten while separating two dogs,Self,Umuntu mukuru,Umugabo avuga ko yarumwe ku kuboko ubwo yatandukanyaga imbwa ebyiri.,,URGENT
665,Says the child has a cough and the family has been treating with steam,Carer,Umwana,Avuga ko umwana akorora kandi umuryango ukaba umaze kumuvura umwuka w'amazi ashyushye.,,ROUTINE
666,Has been feeling cold all the time and gaining weight,Self,Umuntu mukuru,Amaze igihe yumva akonje buri gihe kandi arimo kwiyongera ibiro.,,ROUTINE
667,Says the pain in the eye started after a chemical splashed,Self,Umuntu mukuru,Avuga ko ijisho ryatangiye kubabara nyuma yo kurigeraho umuti wa shimi.,,CRITICAL
668,Woman says her baby is jaundiced and refusing to feed,Carer,Impinja,Umugore avuga ko uruhinja rwe rwahindutse umuhondo kandi rwanga konka cyangwa kurya.,,URGENT
669,Says he has been having pain in the stomach and black stool,Self,Umusaza/Umukecuru,Avuga ko aribwa mu nda kandi umwanda ukaba wirabura.,,URGENT
670,Came for advice because the child was diagnosed with sickle cell,Carer,Umwana,Yaje gusaba inama kuko umwana yasanzwemo indwara y'uturemangingo tw'amaraso dutoya.,,ROUTINE
671,Says the swelling under the jaw is painful when eating,Self,Umuntu mukuru,Avuga ko kubyimba munsi y'urwasaya bibabaza iyo ariye.,,ROUTINE
672,Child has been sleepy and vomiting since a fall from a wall,Carer,Umwana,Umwana amaze gusinzira cyane no kuruka kuva aguye ku rukuta.,,CRITICAL
673,Says she has been having flashbacks since the attack,Self,Umuntu mukuru,Avuga ko amaze kubona mu bitekerezo ibintu by'ibyabaye kuva yagabwaho igitero.,,ROUTINE
674,Has a growth on the eyelid that has been there for years,Self,Umusaza/Umukecuru,Afite ikibyimba ku gitsike cy'ijisho kimaze imyaka.,,ROUTINE
675,Says he cannot pass stool and vomits everything,Self,Umusaza/Umukecuru,Avuga ko adashobora kwituma kandi ibyo arya cyangwa anywa byose akabiruka.,,CRITICAL
676,Woman says her waters broke at seven months,Self,Umuntu mukuru,Umugore avuga ko amazi yo mu nda yasohotse afite inda y'amezi arindwi.,,URGENT
677,Says the child's hand was closed in a door,Carer,Umwana,Avuga ko ukuboko k'umwana kwafungiranywe mu rugi.,,ROUTINE
678,Came to ask whether the medicine can be crushed for an old parent,Carer,Umusaza/Umukecuru,Yaje kubaza niba umuti ushobora gusywa kugira ngo awuhe umubyeyi ugeze mu zabukuru.,,ROUTINE
679,Says he was bitten by a spider and the skin is dying around it,Self,Umuntu mukuru,Avuga ko yarumwe n'igitagangurirwa kandi uruhu ruzengurutse aho yarumwe rurimo kwangirika.,,URGENT
680,Has been having pain in the chest and a cough for three months,Self,Umuntu mukuru,Amaze amezi atatu afite ububabare mu gituza n'inkorora.,,ROUTINE
681,Says the child has not been able to bend the neck since morning,Carer,Umwana,Avuga ko kuva mu gitondo umwana atabasha kunama ijosi.,,URGENT
682,Man says his tablets were changed and now he feels worse,Self,Umusaza/Umukecuru,Umugabo avuga ko imiti yahinduwe none akaba yumva arushijeho kumera nabi.,,CANNOT CLASSIFY
683,Says she delivered twins at home and one is not moving well,Carer,Impinja,Avuga ko yabyariye impanga mu rugo kandi umwe muri bo atagenda neza.,,CRITICAL
684,Came because the school nurse saw something on the child's skin,Carer,Umwana,Yaje kuko umuforomokazi w'ishuri yabonye ikintu ku ruhu rw'umwana.,,CANNOT CLASSIFY
685,Says the pain in the belly button has been there since a lifting job,Self,Umuntu mukuru,Avuga ko ububabare bwo ku mukondo bwatangiye kuva akora akazi ko guterura ibintu.,,ROUTINE
686,Has been coughing and has lost his voice for a month,Self,Umusaza/Umukecuru,Amaze ukwezi akorora kandi ijwi ryarabuze.,,ROUTINE
687,Says the child has been turning blue when crying hard,Carer,Impinja,Avuga ko umwana ahinduka ubururu iyo arize cyane.,,URGENT
688,Woman says she has been bleeding since the injection for family planning,Self,Umuntu mukuru,Umugore avuga ko amaze kuva amaraso kuva yaterwa urushinge rwo kuboneza urubyaro.,,ROUTINE
689,Says his foot was cut by a hoe and he tied it with a banana leaf,Self,Umuntu mukuru,Avuga ko yakaswe ku kirenge n'isuka maze akizirikaho ikibabi cy'igitoki.,,URGENT
690,Came to ask about the results of the child's hearing test,Carer,Umwana,Yaje kubaza ibisubizo by'isuzuma ry'amatwi y'umwana.,,ROUTINE
691,Says he has been having pain in the neck since sleeping badly,Self,Umuntu mukuru,Avuga ko ijosi rimaze igihe rimubabaza kuva aryama nabi.,,ROUTINE
692,Child has a swelling on the head that is soft and growing,Carer,Impinja,Umwana afite kubyimba ku mutwe korohereye kandi gukomeza kwiyongera.,,URGENT
693,Says she has been unable to eat and has vomited for four days,Self,Umusaza/Umukecuru,Avuga ko amaze iminsi ine atabasha kurya kandi aruka.,,URGENT
694,Man says his eye was hit by a stone thrown in a crowd,Self,Ingimbi/Umwangavu,Umugabo avuga ko ibuye ryatewe mu bantu ryamukubise mu jisho.,,URGENT
695,Says the child has had a fever and is breathing fast and shallow,Carer,Umwana,Avuga ko umwana afite umuriro kandi ahumeka vuba kandi adahumeka cyane.,,URGENT
696,Has been told to come monthly and has missed three months,Self,Umuntu mukuru,Yabwiwe kuza buri kwezi ariko amaze amezi atatu ataza.,,ROUTINE
697,Says the wound on the leg was from a fall into a ditch in the rain,Self,Umuntu mukuru,Avuga ko igikomere cyo ku kuguru cyatewe no kugwa mu mwobo igihe cy'imvura.,,URGENT
698,Woman says her mother has been confused and not eating for a week,Carer,Umusaza/Umukecuru,Umugore avuga ko nyina amaze icyumweru atazi neza ibimukikije kandi atarya.,,URGENT
699,Says he has a pain in the chest and his father died of the heart,Self,Umuntu mukuru,Avuga ko afite ububabare mu gituza kandi se yapfuye azize indwara y'umutima.,,URGENT
700,Came only to ask a question and does not want to be examined,Self,Umuntu mukuru,Yaje gusa kubaza ikibazo kandi ntashaka ko bamusuzuma.,,ROUTINE
701,cough + blood + 2 weeks,Self,Umuntu mukuru,Maze ibyumweru bibiri nkorora kandi hari n'amaraso mbona mu byo nkorora.,,URGENT
702,child + hot + not feeding + 1 day,Carer,Impinja,Umwana afite umuriro kandi kuva ejo ntashaka konka cyangwa kurya.,,URGENT
703,chest pain + climbing hill + stops on rest,Self,Umusaza/Umukecuru,"Iyo ngiye kuzamuka umusozi ndababara mu gituza, nkabanza guhagarara bikagenda bigabanuka.",,URGENT
704,pregnant + no movement + since morning,Self,Umuntu mukuru,Ndatwite ariko kuva mu gitondo sinumva umwana yinyeganyeza.,,URGENT
705,refill + BP tablets + feels well,Self,Umusaza/Umukecuru,"Naje kongera imiti y'umuvuduko w'amaraso, ubu numva meze neza.",,ROUTINE
706,machete cut + hand + bleeding through cloth,Self,Umuntu mukuru,Nacishijweho umuhoro ku kuboko kandi amaraso aracyanyura mu mwenda napfutse.,,CRITICAL
707,burning urine + 3 days,Self,Umuntu mukuru,Maze iminsi itatu numva inkari zindya kandi zishya iyo nyihagaritse.,,ROUTINE
708,found collapsed + neighbour + brought in,Carer,Umuntu mukuru,"Yaguye hasi ataye ubwenge, umuturanyi ni we wamubonye akamuzana hano.",,CRITICAL
709,rash + arms + itchy + 2 days,Self,Ingimbi/Umwangavu,Maze iminsi ibiri mfite utubyimba ku maboko kandi turandya cyane.,,ROUTINE
710,headache + light hurts + won't stop,Self,Umuntu mukuru,"Umutwe urandya cyane kandi urumuri rurambabaza, ntibishaka guhagarara.",,URGENT
711,antenatal check + no complaints,Self,Umuntu mukuru,"Naje kwisuzumisha inda nk'uko bisanzwe, nta kibazo mfite.",,ROUTINE
712,child breathing fast + chest pulling in,Carer,Impinja,Umwana ahumeka vuba kandi mbona igituza cye kijya imbere iyo ahumeka.,,CRITICAL
713,knife cut + cooking + bleeding stopped,Self,Umuntu mukuru,"Niyaciye n'icyuma ndi guteka, ariko amaraso yahise ahagarara.",,URGENT
714,dizzy standing + tired weeks,Self,Umusaza/Umukecuru,Iyo mpagaze ndizungera kandi maze ibyumweru numva ndushye cyane.,,ROUTINE
715,diabetic + foot wound + smells,Self,Umusaza/Umukecuru,Mfite diyabete kandi mfite igisebe ku kirenge gitangiye kunuka.,,URGENT
716,father + confused since yesterday,Carer,Umusaza/Umukecuru,Data kuva ejo yatangiye kuvanga ibintu no kutamenya neza ibyo akora.,,URGENT
717,belly pain right side + vomited twice,Self,Ingimbi/Umwangavu,Ndababara mu nda ku ruhande rw'iburyo kandi namaze kuruka kabiri.,,URGENT
718,vaccination appointment,Carer,Impinja,Naje kuzana umwana ku isuzuma no guhabwa urukingo rwe.,,ROUTINE
719,swallowed something + can't speak,Carer,Umwana,Umwana yamize ikintu none ntashobora kuvuga.,,CRITICAL
720,back pain + lifted sack yesterday,Self,Umuntu mukuru,Ejo nazamuye umufuka uremereye none umugongo urandya.,,ROUTINE
721,watery stool + since morning + weak,Self,Umuntu mukuru,Kuva mu gitondo ngira impiswi z'amazi kandi natangiye gucika intege.,,URGENT
722,eye red + painful + blurry,Self,Umuntu mukuru,"Ijisho ryanjye ryatukuye, rirandya kandi mbona ibintu bitagaragara neza.",,URGENT
723,contractions started + waters broke,Self,Umuntu mukuru,Natangiye kugira ibise kandi amazi yo mu nda yamenetse.,,URGENT
724,HIV test + no symptoms,Self,Ingimbi/Umwangavu,Naje kwipimisha agakoko gatera SIDA nubwo nta bimenyetso mfite.,,ROUTINE
725,bead in ear + child,Carer,Umwana,Umwana yashyize agapira mu gutwi.,,ROUTINE
726,no sleep many days + hopeless,Self,Umuntu mukuru,Maze iminsi myinshi ntasinzira kandi numva nta cyizere mfite.,,URGENT
727,snake bite + leg + farming,Self,Umuntu mukuru,Narumwe n'inzoka ku kuguru ndi mu murima.,,URGENT
728,hot water burn + child + grandmother brought,Carer,Umwana,"Umwana yatwitswe n'amazi ashyushye, ni njye nyirakuru wamuzanye.",,URGENT
729,ankle twisted + football + can walk,Self,Ingimbi/Umwangavu,"Nakomerekeje akagombambari nkiri gukina umupira, ariko ndacyabasha kugenda.",,ROUTINE
730,tongue swollen + after new tablet,Self,Umuntu mukuru,Ururimi rwarabyimbye nyuma yo gufata umuti mushya.,,CRITICAL
731,child drank bottle under sink + unknown,Carer,Umwana,"Umwana yanyoye ku icupa ryari munsi y'urwogero, ariko sinzi icyo ryari ririmo.",,URGENT
732,soft swelling head + baby + not at birth,Carer,Impinja,"Umwana afite ahantu horoshye habyimbye ku mutwe, ariko ntibyari bihari akivuka.",,URGENT
733,pesticide + no mask + dizzy + drooling,Self,Umuntu mukuru,"Nateye umuti wica udukoko ntambaye agapfukamunwa, none ndazungera kandi amacandwe arava cyane.",,CRITICAL
734,urine strange colour + on tablets,Self,Umuntu mukuru,Inkari zanjye zahindutse ibara kandi ndimo gufata imiti.,,ROUTINE
735,arm won't straighten + fall last week,Carer,Umwana,Umwana ntashobora kugorora ukuboko kuva yagwa mu cyumweru gishize.,,URGENT
736,pain during sex + told nobody,Self,Umuntu mukuru,"Iyo nkoze imibonano mpuzabitsina ndababara, ariko nta muntu nari nabibwiye.",,ROUTINE
737,grandmother + doesn't recognise family,Carer,Umusaza/Umukecuru,Nyogokuru ntakimenya abo mu muryango.,,URGENT
738,cut + slaughtering goat + worried infection,Self,Umuntu mukuru,Niyaciye nkiri kubaga ihene kandi mfite impungenge ko igisebe cyandura.,,URGENT
739,child limping 2 weeks + no injury,Carer,Umwana,Umwana amaze ibyumweru bibiri agenda arega ukuguru kandi nta kintu twabonye cyamukomerekeje.,,URGENT
740,medicine works + can't afford monthly,Self,Umuntu mukuru,Uyu muti uramfasha ariko sinshobora kubona amafaranga yo kuwugura buri kwezi.,,ROUTINE
741,heart racing at rest + few minutes,Self,Umuntu mukuru,"Ndetse nicaranye umutima utera cyane nk'uwiruka, bikamara iminota mike.",,URGENT
742,cleft lip + baby + what can be done,Carer,Impinja,"Umwana yavutse afite umunwa ucitse, ndashaka kumenya icyo twakora.",,ROUTINE
743,no sleep + brother died 3 weeks,Self,Umuntu mukuru,Maze iminsi ntasinzira kuva murumuna wanjye apfuye mu byumweru bitatu bishize.,,ROUTINE
744,burn + motorbike exhaust + hand,Self,Ingimbi/Umwangavu,Nahiye ukuboko kuri moteri ya moto yari ishyushye.,,URGENT
745,pale stool + dark urine + child,Carer,Umwana,Umwana ari gusohora umwanda werurutse kandi inkari ze zijimye.,,URGENT
746,breastfeeding + TB tablets + safe?,Self,Umuntu mukuru,Ndonsa kandi ndimo gufata imiti y'igituntu. Ese ntacyo bitwaye ku mwana?,,ROUTINE
747,boil under arm + growing week,Self,Umuntu mukuru,Mfite ibibyimba munsi y'ukuboko bimaze icyumweru byiyongera.,,URGENT
748,can't see blackboard + teacher brought,Carer,Umwana,"Umwana ntashobora kubona neza ibyo bandika ku kibaho, ni yo mpamvu mwarimu yamuzanye.",,ROUTINE
749,cough + grain store work,Self,Umuntu mukuru,Nkorora cyane kandi nkora ahantu habikwa imyaka.,,URGENT
750,fell carrying water + wrist,Self,Umuntu mukuru,Naguye nkiri gutwara amazi none ukuboko ku kuboko kw'ikiganza kurandya.,,URGENT
751,fever + stiff neck + since morning,Carer,Umwana,Umwana afite umuriro kandi ijosi rirakomeye kuva mu gitondo.,,URGENT
752,stitches out + done here,Self,Umuntu mukuru,Naje gukuramo insinga zo ku gikomere mwanshiriye hano.,,ROUTINE
753,throat tight when anxious,Self,Ingimbi/Umwangavu,Iyo ngize ubwoba cyangwa mpangayitse numva umuhogo ufunga.,,ROUTINE
754,child thinner since school started,Carer,Umwana,Umwana yatangiye kunanuka kuva amashuri yatangira.,,ROUTINE
755,stone in eye + breaking rocks,Self,Umuntu mukuru,Hari akabuye kinjiye mu jisho nkiri kumena amabuye.,,URGENT
756,3-monthly injection + due,Self,Umuntu mukuru,Naje gufata urushinge nterwa buri mezi atatu kuko igihe cyo kurufata cyageze.,,ROUTINE
757,tooth pain + wakes at night,Self,Umuntu mukuru,Iryinyo rirandya cyane ku buryo n'ijoro rintera kubyuka.,,URGENT
758,playing + suddenly arm won't move,Carer,Umwana,Umwana yari ari gukina maze ukuboko kwe guhita kudakora.,,URGENT
759,sore on lip + one month,Self,Umuntu mukuru,Mfite igisebe ku munwa kimaze ukwezi kidakira.,,URGENT
760,vomiting blood + since dawn + brought by neighbour,Carer,Umuntu mukuru,"Yatangiye kuruka amaraso kuva mu rukerera, umuturanyi ni we wamuzanye.",,CRITICAL
761,child won't walk on one leg + since yesterday,Carer,Umwana,Umwana kuva ejo ntashobora gukandagira kuri uku kuguru kumwe.,,URGENT
762,employer + test before season,Self,Umuntu mukuru,Umukoresha yansabye kuza kwipimisha mbere y'uko akazi k'iki gihe gatangira.,,ROUTINE
763,burning chest after eating + worse lying,Self,Umuntu mukuru,"Nyuma yo kurya numva igituza cyaka, kandi birushaho iyo ndyamye.",,ROUTINE
764,pregnant + vomiting everything + week,Self,Ingimbi/Umwangavu,Ndatwite kandi maze icyumweru ndaruka ibyo nariye byose.,,URGENT
765,thumb cut + panga + wrapped in cloth,Self,Umuntu mukuru,"Niyaciye igikumwe n'umupanga, ngipfuka n'umwenda.",,URGENT
766,swelling behind ear + painful + child,Carer,Umwana,Umwana afite kubyimba inyuma y'ugutwi kandi haramurya.,,URGENT
767,feet numb months + didn't notice wound,Self,Umusaza/Umukecuru,"Maze amezi ibirenge byanjye bitumva neza, ni yo mpamvu ntigeze mbona igisebe mfite.",,URGENT
768,friend said check the lump,Self,Umuntu mukuru,Inshuti yambwiye ko nza kwisuzumisha iki kibyimba mfite.,,ROUTINE
769,coughs after drinking water,Self,Umusaza/Umukecuru,Iyo nyweye amazi mpita nkorora.,,ROUTINE
770,baby + traditional birth attendant + fever,Carer,Impinja,Umwana yavukiye ku muforomo gakondo none afite umuriro.,,URGENT
771,rash + after new soap,Self,Umwana,Natangiye kugira utubyimba ku mubiri nyuma yo gukoresha isabune nshya.,,ROUTINE
772,pain started belly + moved lower right,Self,Ingimbi/Umwangavu,Ububabare bwatangiriye mu nda maze bujya hasi ku ruhande rw'iburyo.,,URGENT
773,fell from scaffolding + building site,Carer,Umuntu mukuru,Yaguye ku nzu y'ubwubatsi ari ku kazi ko kubaka.,,URGENT
774,can't hold urine since birth,Self,Umuntu mukuru,Kuva navuka sinshobora kwifata inkari.,,ROUTINE
775,pulling ear + fever + child,Carer,Impinja,Umwana ahora akurura ugutwi kandi afite umuriro.,,URGENT
776,pharmacy refused + no paper,Self,Umuntu mukuru,Muri farumasi baranyanze kuko nta rupapuro rw'imiti nari mfite.,,ROUTINE
777,scrotum swelling + growing year,Self,Umusaza/Umukecuru,Mfite kubyimba mu mabya bimaze umwaka bigenda byiyongera.,,ROUTINE
778,bleeding after delivery + not stopping,Self,Umuntu mukuru,Ndi kuva amaraso nyuma yo kubyara kandi ntarahagarara.,,CRITICAL
779,cat bite + hand + child,Carer,Umwana,Umwana yarumwe n'injangwe ku kuboko.,,URGENT
780,flashes of light + one eye,Self,Umusaza/Umukecuru,Ndabona nk'urumuri rumurika mu jisho rimwe.,,URGENT
781,shaking since stopped drinking,Self,Umuntu mukuru,Natangiye gutitira kuva nahagarika kunywa inzoga.,,URGENT
782,deworming tablets + child,Carer,Umwana,Naje gufata imiti y'inzoka y'umwana.,,ROUTINE
783,chest pain + carrying sack + not gone,Self,Umuntu mukuru,Natangiye kubabara mu gituza nkiri gutwara umufuka kandi ububabare ntiburashira.,,URGENT
784,baby arches back + cries after feed,Carer,Impinja,Umwana arunama inyuma kandi akarira nyuma yo konka.,,ROUTINE
785,anaemic + what to eat,Self,Umuntu mukuru,"Bambwiye ko mfite amaraso make, ndashaka kumenya ibyo nakwiriye kurya.",,ROUTINE
786,lightning near field + feels strange,Self,Umuntu mukuru,"Inkuba yakubise hafi y'umurima ndi ho, none numva umubiri utameze neza.",,URGENT
787,white spots skin + no itch + child,Carer,Umwana,Umwana afite utubara twera ku ruhu ariko ntitumurya.,,ROUTINE
788,period late + pain one side,Self,Umuntu mukuru,Imihango yatinze kandi ndababara ku ruhande rumwe rw'inda.,,URGENT
789,headaches since new job,Self,Umuntu mukuru,Umutwe umaze igihe undya kuva natangira akazi gashya.,,ROUTINE
790,road accident + brought by moto taxi,Carer,Umuntu mukuru,"Yagize impanuka yo mu muhanda, bamuzana kuri moto.",,URGENT
791,child eating soil,Carer,Umwana,Umwana ahora arya ubutaka.,,ROUTINE
792,nipple discharge + not breastfeeding,Self,Umuntu mukuru,Amabere arimo gusohora ibintu kandi sindimo konsa.,,URGENT
793,vision went dark one eye + came back,Self,Umusaza/Umukecuru,"Ijisho rimwe ryahise ritabona, nyuma ndongera mbona.",,URGENT
794,TB in house + should family test?,Self,Umuntu mukuru,Mu rugo dufite umuntu urwaye igituntu. Ese n'umuryango twakwipimisha?,,ROUTINE
795,child fell in cooking fire + hand + forearm,Carer,Umwana,"Umwana yaguye mu muriro wo gutekamo, atwika ikiganza n'ukuboko.",,URGENT
796,dizzy + heavy periods,Self,Ingimbi/Umwangavu,Ndazungera kandi imihango yanjye iza ari myinshi cyane.,,URGENT
797,no urine since yesterday morning,Self,Umusaza/Umukecuru,Kuva ejo mu gitondo sinigeze nsubira kunyara.,,URGENT
798,cough since birth + never explained,Carer,Umwana,Umwana amaze igihe akorora kuva akivuka kandi ntituramenya impamvu.,,URGENT
799,collapsed in market + brought by neighbours,Carer,Umuntu mukuru,"Yaguye mu isoko, abaturanyi ni bo bamuzanye hano.",,CRITICAL
800,tablets make sleepy + stopped them,Self,Umuntu mukuru,Iyi miti yanteraga gusinzira cyane ni yo mpamvu nayihagaritse.,,ROUTINE
801,knee swollen + no injury + child,Carer,Umwana,Umwana afite ivi ryabyimbye kandi nta kintu cyamukomerekeje.,,URGENT
802,status before marriage,Self,Ingimbi/Umwangavu,Naje kubaza uko namenya uko ubuzima bwanjye bw'imyororokere buhagaze mbere yo gushaka.,,ROUTINE
803,shoulder pain + painting ceiling,Self,Umuntu mukuru,Nababara ku rutugu kuva natangira gusiga amarangi ku gisenge.,,ROUTINE
804,baby quiet since birth + feeds slowly,Carer,Impinja,Umwana kuva avuka aratuje cyane kandi yonka buhoro.,,URGENT
805,itching between fingers,Self,Umwana,Hagati y'intoki harandya cyane.,,ROUTINE
806,fell off ladder + landed on heels,Self,Umuntu mukuru,Naguye ku ngazi maze nkandagira cyane ku birenge.,,URGENT
807,CHW measured child's arm,Carer,Umwana,Umukozi w'ubuzima wo mu mudugudu yapimye ukuboko k'umwana.,,ROUTINE
808,blood in urine + no pain,Self,Umusaza/Umukecuru,Mbona amaraso mu nkari ariko nta bubabare numva.,,URGENT
809,headache sudden like a blow,Self,Umuntu mukuru,Umutwe wanjye wahise undya cyane nk'aho nakubiswe.,,CRITICAL
810,swallowed torch battery,Carer,Umwana,Umwana yamize batiri y'agatadowa.,,URGENT
811,ankles swell evening + down by morning,Self,Umusaza/Umukecuru,"Amaguru ku nkondo arabyimba nimugoroba, ariko mu gitondo bikaba byagabanutse.",,ROUTINE
812,family planning + must not stop periods,Self,Umuntu mukuru,Naje kubaza ku kuboneza urubyaro kandi sinshaka uburyo bwatuma imihango ihagarara.,,ROUTINE
813,child coughs until vomits,Carer,Umwana,Umwana arakorora cyane kugeza arutse.,,URGENT
814,wound on sole + noticed by smell,Self,Umusaza/Umukecuru,"Mfite igisebe munsi y'ikirenge, nakimenye kubera ko natangiye kukumva kinuka.",,URGENT
815,one side numb since waking,Self,Umusaza/Umukecuru,Kuva mbyutse uruhande rumwe rw'umubiri ntirwumva neza.,,CRITICAL
816,stopped FP injection + no bleeding since,Self,Umuntu mukuru,Nahagaritse urushinge rwo kuboneza urubyaro kandi kuva icyo gihe sinongeye kuva amaraso y'imihango.,,ROUTINE
817,local brew + passed out + brought in,Carer,Ingimbi/Umwangavu,"Yanyweye inzoga y'inkorano maze agwa hasi, bamuzana hano.",,CRITICAL
818,fever + rash started on face + child,Carer,Umwana,Umwana afite umuriro kandi utubyimba twatangiriye mu maso.,,URGENT
819,told high pressure + feels nothing,Self,Umuntu mukuru,Bambwiye ko mfite umuvuduko w'amaraso uri hejuru ariko nta kimenyetso numva.,,ROUTINE
820,referral letter + district hospital,Self,Umuntu mukuru,Mfite urupapuro rwohereza ku bitaro by'akarere.,,ROUTINE
821,calf pain + leg hot,Self,Umuntu mukuru,Inyama yo ku kuguru irandya kandi ukuguru kurashyushye.,,URGENT
822,baby eye sticky + yellow + 2 days old,Carer,Impinja,Umwana w'iminsi ibiri afite ijisho ririho ibintu by'umuhondo kandi rifatana.,,URGENT
823,night work + can't sleep by day,Self,Umuntu mukuru,Nkora nijoro kandi ku manywa sinshobora gusinzira.,,ROUTINE
824,woman says husband forbids family planning,Self,Umuntu mukuru,Umugabo wanjye ntiyemera ko nkoresha uburyo bwo kuboneza urubyaro.,,ROUTINE
825,last week's burn + weeping + smells,Self,Umwana,"Nahiye mu cyumweru gishize, igisebe kiracyava kandi cyatangiye kunuka.",,URGENT
826,back gave way lifting + can't stand straight,Self,Umuntu mukuru,Umugongo warandemereye nkiri guterura ikintu kandi ubu sinshobora guhagarara ngororotse.,,URGENT
827,insurance card only,Self,Umuntu mukuru,Naje mfite ikarita y'ubwisungane mu kwivuza gusa.,,ROUTINE
828,child passing worms,Carer,Umwana,Umwana ari gusohora inzoka mu musarani.,,ROUTINE
829,groin swelling + comes with cough,Self,Umuntu mukuru,Mfite kubyimba mu rwabya kandi kurushaho kuboneka iyo nkorora.,,ROUTINE
830,heavy bleeding + procedure elsewhere,Self,Umuntu mukuru,Ndava amaraso menshi nyuma yo gukorerwa igikorwa kwa muganga ahandi.,,CRITICAL
831,ear pain + after a slap,Self,Umwana,Ugutwi kurandya kuva nakubiswe urushyi.,,URGENT
832,losing weight + eating normally,Self,Umuntu mukuru,Ndimo kunanuka kandi ndya nk'uko bisanzwe.,,URGENT
833,bruise on child's back + mother can't explain,Carer,Umwana,Umwana afite ikimenyetso cy'igikomere ku mugongo kandi sinzi uko yakibonye.,,URGENT
834,tablets ran out + clinic had none,Self,Umuntu mukuru,Imiti narayirangije kandi kwa muganga nta yindi bari bafite.,,ROUTINE
835,vomiting since malaria tablets,Self,Umwana,Natangiye kuruka kuva natangira gufata imiti ya malariya.,,URGENT
836,9 months + no movement today,Self,Umuntu mukuru,Mfite inda y'amezi icyenda ariko uyu munsi sinumva umwana yinyeganyeza.,,URGENT
837,cut on rusty iron sheet,Self,Umuntu mukuru,Naciwe n'urupapuro rw'icyuma cyari cyafashwe n'ingese.,,URGENT
838,child crying + won't sit down,Carer,Umwana,Umwana ahora arira kandi ntashaka kwicara.,,URGENT
839,injection by neighbour + site hard,Self,Umuntu mukuru,Natewe urushinge n'umuturanyi none aho naruterwe harakomeye.,,URGENT
840,hand caught in maize mill,Self,Umuntu mukuru,Ukuboko kwanjye kwafashwe n'imashini isya ibigori.,,URGENT
841,fever after vaccination + normal?,Carer,Impinja,Umwana yagize umuriro nyuma yo gukingirwa. Ese ni ibisanzwe?,,ROUTINE
842,sore throat 3 weeks + voice changed,Self,Umuntu mukuru,Umuhogo umaze ibyumweru bitatu undya kandi ijwi ryanjye ryarahindutse.,,URGENT
843,lump in armpit + painless,Self,Umuntu mukuru,Mfite akabyimba mu kwaha ariko ntikandya.,,URGENT
844,child fell from bed + vomited twice,Carer,Impinja,Umwana yaguye ku buriri maze araruka kabiri.,,URGENT
845,pain passing urine + pregnant,Self,Umuntu mukuru,Ndatwite kandi ndababara iyo nyara.,,URGENT
846,wasps in roof + stung all over,Self,Umuntu mukuru,"Natewe n'ibisazi by'ubuki byinshi byo ku gisenge, birankomeretsa umubiri wose.",,URGENT
847,deaf one side since loud bang,Self,Umusaza/Umukecuru,Kuva numvise urusaku rukomeye ntakumva neza ku gutwi kumwe.,,URGENT
848,child drinking a lot + urinating often,Carer,Umwana,Umwana anywa amazi menshi kandi akajya kunyara kenshi.,,URGENT
849,leg wound + black edges,Self,Umusaza/Umukecuru,Mfite igisebe ku kuguru kandi impande zacyo zatangiye kuba umukara.,,URGENT
850,school medical form,Carer,Ingimbi/Umwangavu,Naje kuzuza no gusinyisha urupapuro rw'isuzuma ry'ubuzima rwo ku ishuri.,,ROUTINE
851,pain shoulder blade to jaw,Self,Umusaza/Umukecuru,Ndababara kuva ku rutugu rugana mu rwasaya.,,URGENT
852,baby born + foot turned inward,Carer,Impinja,Umwana yavukanye ikirenge kigoramye kijya imbere.,,ROUTINE
853,nightmares since accident,Self,Ingimbi/Umwangavu,Kuva nagira impanuka mpora ndota nabi nijoro.,,ROUTINE
854,eye waters + lid turned in,Self,Umusaza/Umukecuru,Ijisho ryanjye rirarira kandi umupfundikizo waryo ujya imbere.,,ROUTINE
855,barking cough at night + fine by morning,Carer,Umwana,Umwana nijoro akorora nk'imbwa ariko mu gitondo akaba ameze neza.,,URGENT
856,swelling started face + moved to legs,Self,Umwana,Kubyimba byatangiriye mu maso none bimaze kugera no ku maguru.,,URGENT
857,unknown dog bit + ran off,Self,Umuntu mukuru,Narumwe n'imbwa ntazi maze iriruka.,,URGENT
858,can't eat since operation,Self,Umuntu mukuru,Kuva nabagwa sinshobora kurya neza.,,URGENT
859,birthmark + dangerous?,Carer,Impinja,Umwana afite ikimenyetso yavukanye ku ruhu. Ese gishobora kuba ikibazo?,,ROUTINE
860,chest pain worse when pressed,Self,Ingimbi/Umwangavu,Ndababara mu gituza kandi birushaho iyo ngikandagiye.,,ROUTINE
861,delivered home + placenta not out,Carer,Umuntu mukuru,Yabyariye mu rugo ariko insina ntirasohoka.,,CRITICAL
862,gums bleed when brushing,Self,Umuntu mukuru,"Iyo nkoze uburoso ku menyo, ishinya zirava amaraso.",,ROUTINE
863,child rubbing eyes + red + sticky,Carer,Umwana,"Umwana ahora akora ku maso, aratukuye kandi amaso aramufatana.",,ROUTINE
864,took wife's tablets by mistake,Self,Umuntu mukuru,Nafashe imiti y'umugore wanjye natekereza ko ari iyanjye.,,URGENT
865,pharmacy said come for proper exam,Self,Umuntu mukuru,Muri farumasi bambwiye ko nza kwa muganga nkisuzumisha neza.,,ROUTINE
866,leg shorter since childhood illness,Self,Umuntu mukuru,Kuva nkiri umwana ukuguru kumwe kwanjye ni kugufi kurusha kundi kubera uburwayi nagize.,,ROUTINE
867,mother stopped eating and drinking,Carer,Umusaza/Umukecuru,Mama yaretse kurya no kunywa.,,URGENT
868,pain in waves + can't keep still,Self,Umuntu mukuru,Ububabare buza bukagenda kandi iyo bumbaye sinshobora gutuza.,,URGENT
869,child fell in water tank + pulled out coughing,Carer,Umwana,"Umwana yaguye mu kigega cy'amazi, bamukuramo ariko yari arimo gukorora.",,URGENT
870,hot and cold 3 days,Self,Ingimbi/Umwangavu,Maze iminsi itatu numva mfite umuriro nkajya nshyuha nkongera nkakonja.,,URGENT
871,branch hit eye + cutting trees,Self,Umuntu mukuru,Ishami ry'igiti ryankubise mu jisho nkiri gutema ibiti.,,URGENT
872,child's speech delayed?,Carer,Umwana,Ndashaka kumenya niba imvugo y'umwana itaratinze gukura.,,ROUTINE
873,wound treated with herbs + now worse,Self,Umuntu mukuru,Igisebe nagiye nkivurisha ibyatsi none cyarushijeho kuba kibi.,,URGENT
874,breathless weeks + sleeps on 3 pillows,Self,Umusaza/Umukecuru,Maze ibyumweru mpumeka nabi kandi nsigaye nsinzira nkoresheje imisego itatu.,,URGENT
875,collarbone swelling + after fall,Carer,Umwana,Umwana yaguye none hafi y'igufa ryo ku rutugu harabyimbye.,,URGENT
876,told can't conceive + wants advice,Self,Umuntu mukuru,"Bambwiye ko ntashobora kubyara, none ndashaka inama yo kumenya icyo nakora.",,ROUTINE
877,foot pain started at night + unbearable,Self,Umuntu mukuru,Ukuguru kwatangiye kundya nijoro kandi ububabare burakabije cyane.,,URGENT
878,blood in child's stool,Carer,Umwana,Mbona amaraso mu mwanda w'umwana.,,URGENT
879,raped + wants nobody told,Self,Ingimbi/Umwangavu,Nagiririwe ihohoterwa rishingiye ku gitsina kandi sinshaka ko hari undi ubimenya.,,URGENT
880,injection site month ago + still hard,Self,Umwana,Aho natewe urushinge hashize ukwezi haracyakomeye.,,ROUTINE
881,CHW visited home + sent here,Self,Umusaza/Umukecuru,Umukozi w'ubuzima wo mu mudugudu yansuye mu rugo maze anyohereza hano.,,CANNOT CLASSIFY
882,breathing difficult after groundnuts,Self,Umwana,Maze kurya ubunyobwa nahise ntangira guhumeka nabi.,,CRITICAL
883,baby screaming + drawing legs up,Carer,Impinja,Umwana arataka cyane kandi akurura amaguru ayerekeza ku nda.,,URGENT
884,diabetes tablets + shares with wife,Self,Umusaza/Umukecuru,Mfata imiti ya diyabete kandi rimwe na rimwe nyisangiza umugore wanjye.,,URGENT
885,head wound + stopped bleeding + keeps opening,Self,Umwana,Mfite igisebe ku mutwe cyahagaritse kuva amaraso ariko gikomeza gufunguka.,,URGENT
886,burning when baby latches,Self,Umuntu mukuru,Iyo umwana afashe ibere ndababara nkumva rishya.,,ROUTINE
887,fight + can't see one eye,Self,Ingimbi/Umwangavu,Nagiranye imirwano n'umuntu none ijisho rimwe sinshobora kuribonamo.,,URGENT
888,cough medicine didn't help + why?,Self,Umuntu mukuru,Nafashe imiti y'inkorora ariko nta cyo yamfashije. Kuki?,,ROUTINE
889,child walks on tiptoes since starting,Carer,Umwana,Umwana kuva atangira kugenda ahora agenda ahagaze ku mano.,,ROUTINE
890,chest crushed + vehicle and wall,Carer,Umuntu mukuru,Yafashwe hagati y'imodoka n'urukuta igituza kirakomereka cyane.,,CRITICAL
891,itching since sleeping new place,Self,Ingimbi/Umwangavu,Natangiye kwishimagura kuva ndara ahantu hashya.,,ROUTINE
892,three miscarriages + wants to know why,Self,Umuntu mukuru,Maze gukuramo inda inshuro eshatu kandi ndashaka kumenya impamvu.,,ROUTINE
893,pain opening mouth to eat,Self,Umuntu mukuru,Iyo nfungura umunwa kugira ngo ndye ndababara.,,URGENT
894,child's face swollen morning + goes by afternoon,Carer,Umwana,Mu gitondo mu maso h'umwana harabyimba ariko nyuma ya saa sita bikagabanuka.,,ROUTINE
895,stopped HIV tablets when felt better,Self,Umuntu mukuru,Nahagaritse imiti y'agakoko gatera SIDA igihe numvaga maze gukira.,,URGENT
896,boiling oil burn + forearm,Self,Umuntu mukuru,Nahiye ku mavuta ashyushye cyane ku kuboko.,,URGENT
897,old man talking to people not there,Carer,Umusaza/Umukecuru,Umusaza ahora avuga n'abantu batari aho.,,URGENT
898,child's sputum results,Carer,Ingimbi/Umwangavu,Naje kubaza ibisubizo by'isuzuma ry'amacandwe y'umwana.,,ROUTINE
899,knee pain stops field work,Self,Umuntu mukuru,Ivi rirandya ku buryo ntashobora gukora imirimo yo mu murima.,,ROUTINE
900,bleeding + 3 months pregnant,Self,Umuntu mukuru,Ndatwite amezi atatu kandi ndava amaraso.,,URGENT
901,child holding stool for days + fear,Carer,Umwana,Umwana amaze iminsi afata umwanda kubera gutinya kujya ku musarani.,,ROUTINE
902,snake bite yesterday + leg now black,Self,Umuntu mukuru,Narumwe n'inzoka ejo none ukuguru kwatangiye kuba umukara.,,URGENT
903,told come back if fever returns,Self,Umwana,Bambwiye ko ngaruka umuriro wongera kugaruka.,,ROUTINE
904,jaw swelling + started as tooth pain,Self,Umuntu mukuru,"Urwasaya rwarabyimbye, byatangiriye ku kubabara kw'iryinyo.",,URGENT
905,can't work since injury + no money,Self,Umuntu mukuru,Kuva nakomereka sinshobora gukora kandi nta mafaranga mfite.,,ROUTINE
906,child vomiting green + belly swollen,Carer,Impinja,Umwana araruka ibintu by'icyatsi kandi inda yarabyimbye.,,URGENT
907,wound sewn at home + needle and thread,Self,Umuntu mukuru,Igisebe nagikoreye mu rugo nkoresheje urushinge n'urudodo.,,URGENT
908,baby no urine since yesterday,Carer,Impinja,Umwana kuva ejo ntaranyara.,,URGENT
909,arm weak since waking,Self,Umusaza/Umukecuru,Kuva mbyutse ukuboko kwanjye kwagabanyije imbaraga.,,CRITICAL
910,can child return to school?,Carer,Umwana,Ese umwana ashobora gusubira ku ishuri?,,ROUTINE
911,pain everywhere + years,Self,Umuntu mukuru,Maze imyaka myinshi mbabara umubiri wose.,,ROUTINE
912,fish bone stuck,Self,Umuntu mukuru,Igufwa ry'ifi ryangiriye mu muhogo.,,URGENT
913,child fever every two days,Carer,Umwana,Umwana agira umuriro buri minsi ibiri.,,URGENT
914,needs operation + afraid,Self,Umuntu mukuru,Bambwiye ko nkeneye kubagwa kandi ndabifitiye ubwoba.,,ROUTINE
915,dizzy since head blow in match,Self,Ingimbi/Umwangavu,Maze gukubitwa ku mutwe nkiri gukina umupira mpora nzengera.,,URGENT
916,baby's navel bulging,Carer,Impinja,Umwana afite umubyimba usohoka ku mukondo.,,ROUTINE
917,burning urine + third time back,Self,Umuntu mukuru,Inkari ziranyica kandi iki ni ubwa gatatu ikibazo cyongera kugaruka.,,URGENT
918,child scratching at night + no sleep,Carer,Umwana,Umwana nijoro ahora yishimagura ku buryo adasinzira.,,ROUTINE
919,coughing blood a week + hid it from family,Self,Umuntu mukuru,Maze icyumweru nkorora amaraso ariko nabihishe umuryango.,,URGENT
920,took a queue number + waited,Self,Umuntu mukuru,Nafashe nimero y'umurongo maze ntegereza ko ngera ku muganga.,,CANNOT CLASSIFY
921,child well until mango tree fall yesterday,Carer,Umwana,Umwana yari ameze neza kugeza ejo igiti cy'umwembe kimuguyeho.,,URGENT
922,hip pain + no injury + worsening,Self,Umusaza/Umukecuru,"Ndababara ku kibero kandi nta kintu nakomerekejwe, ariko biragenda birushaho.",,URGENT
923,low since baby born,Self,Umuntu mukuru,Kuva umwana avuka numva mfite intege nke kandi meze nabi.,,URGENT
924,leg wound + maggots,Self,Umusaza/Umukecuru,Mfite igisebe ku kuguru kirimo inyo.,,URGENT
925,child's head growing faster,Carer,Impinja,Umutwe w'umwana urimo gukura no kubyimba vuba kurusha uko nabitekerezaga.,,URGENT
926,circumcision for son,Carer,Umwana,Naje kubaza ibyerekeye gukeba umwana wanjye w'umuhungu.,,ROUTINE
927,mucus in stool + a month,Self,Umuntu mukuru,Maze ukwezi mbona ibintu bisa n'umushishi mu mwanda.,,ROUTINE
928,private clinic tablets + got worse,Self,Umuntu mukuru,Nafashe imiti nahawe kwa muganga w'ivuriro ryigenga ariko narushijeho kuremba.,,URGENT
929,pain woke from sleep + vomited,Self,Umuntu mukuru,Ububabare bwankuye mu bitotsi maze ndaruka.,,URGENT
930,swelling under chin + grown in days,Carer,Umwana,Umwana afite kubyimba munsi y'akananwa kandi byiyongereye mu minsi mike.,,URGENT
931,can't remember after the accident,Self,Ingimbi/Umwangavu,Kuva nagira impanuka sinibuka neza ibyabaye.,,URGENT
932,told stop salt + doesn't understand,Self,Umusaza/Umukecuru,Bambwiye kugabanya umunyu ariko sinumva impamvu ngomba kuwureka.,,ROUTINE
933,baby fine until cord cut with razor,Carer,Impinja,Umwana yari ameze neza kugeza aho umugozi w'umukondo ucaguriwe n'urwembe.,,URGENT
934,breast pain + fever,Self,Umuntu mukuru,Ibibero by'amabere birandya kandi mfite umuriro.,,URGENT
935,leg broken last year + still hurts,Self,Umuntu mukuru,Ukuguru kwavunitse umwaka ushize ariko n'ubu kuracyandya.,,ROUTINE
936,check after finishing TB course,Self,Umuntu mukuru,Naje kwisuzumisha nyuma yo kurangiza imiti y'igituntu.,,ROUTINE
937,child chokes when drinking,Carer,Impinja,Umwana arakara cyangwa agata amazi iyo anywa.,,URGENT
938,faint on standing since new tablets,Self,Umusaza/Umukecuru,"Kuva natangira imiti mishya, iyo mpagaze ndazimira nkumva ngiye kugwa.",,URGENT
939,no urine since road accident,Carer,Umuntu mukuru,Kuva yagira impanuka yo mu muhanda ntaranyara.,,URGENT
940,rash came with fever + spreading,Carer,Umwana,Umwana yagize umuriro hamwe n'utubyimba ku ruhu kandi turimo gukwira.,,URGENT
941,family wants home delivery,Self,Umuntu mukuru,Umuryango wacu ushaka ko nabyarira mu rugo.,,ROUTINE
942,foot run over by bicycle + swollen,Self,Umwana,Igare ryamunyujije hejuru y'ikirenge none kirabyimbye.,,URGENT
943,child's teeth late?,Carer,Impinja,Ese amenyo y'umwana yatangiye kumera atinze?,,ROUTINE
944,belly pain only when hungry,Self,Umuntu mukuru,Inda indya cyane iyo nshonje gusa.,,ROUTINE
945,cough months + told it's allergy,Self,Umuntu mukuru,Maze amezi nkorora ariko bambwiye ko ari allergie.,,URGENT
946,child stares + unresponsive moments,Carer,Umwana,Umwana rimwe na rimwe ararangarira ntasubize iyo tumuhamagaye.,,URGENT
947,hernia + won't go back in,Self,Umuntu mukuru,Mfite urwondo kandi ntirukiri gusubira imbere nk'uko byari bisanzwe.,,URGENT
948,beaten + nose bleeding,Self,Umuntu mukuru,Narakubiswe none ndava amaraso mu mazuru.,,URGENT
949,mole changed colour,Self,Umuntu mukuru,Akabyimba ko ku ruhu nari mfite kahinduye ibara.,,URGENT
950,child no weight gain since last visit,Carer,Impinja,Kuva duheruka kwa muganga umwana nta biro yongeye kugira.,,URGENT
951,many joints painful + both sides,Self,Umuntu mukuru,Ingingo nyinshi z'umubiri zirandya ku mpande zombi.,,URGENT
952,thrown from bicycle + landed shoulder,Self,Ingimbi/Umwangavu,Naguye kuri gare maze nikubita ku rutugu.,,URGENT
953,bleeding after intercourse,Self,Umuntu mukuru,Nda va amaraso nyuma yo gukora imibonano mpuzabitsina.,,URGENT
954,eye painful + light hurts,Self,Umuntu mukuru,Ijisho rirandya kandi urumuri rurambabaza.,,URGENT
955,child ate a plant in the bush,Carer,Umwana,Umwana yariye ikimera yabonye mu ishyamba.,,URGENT
956,night sweats + shirt wet,Self,Umuntu mukuru,Nijoro ndabira icyuya ku buryo ishati inyongera.,,URGENT
957,tablets look different this time,Self,Umusaza/Umukecuru,Iyi nshuro imiti nahawe irasa n'itandukanye n'iyo nasanzwe mfata.,,ROUTINE
958,leg swelled after long bus journey,Self,Umuntu mukuru,Ukuguru kwabyimbye nyuma yo kumara igihe kinini ndi muri bisi.,,URGENT
959,ear cut in fight + hanging,Self,Ingimbi/Umwangavu,Naciwe ku gutwi mu mirwano none igice cy'ugutwi kiramanuka.,,URGENT
960,child cries at every nappy change,Carer,Impinja,Umwana ararira buri gihe duhindura pampers.,,ROUTINE
961,told heart problem + wants second opinion,Self,Umuntu mukuru,Bambwiye ko mfite ikibazo cy'umutima kandi nshaka undi muganga akansuzuma.,,ROUTINE
962,operation wound opened,Self,Umuntu mukuru,Igisebe cyo kubagwa cyongeye gufunguka.,,URGENT
963,in pain + baby coming now,Carer,Ingimbi/Umwangavu,Ndababara cyane kandi numva umwana ari hafi kuvuka ubu.,,URGENT
964,finger won't straighten + caught ball,Self,Ingimbi/Umwangavu,Urutoki ntirushobora kugoroka kuva nafata umupira nabi.,,URGENT
965,can I donate blood?,Self,Umuntu mukuru,Ese nshobora gutanga amaraso?,,ROUTINE
966,child hot a week + no cause found,Carer,Umwana,Umwana amaze icyumweru afite umuriro ariko ntituramenya impamvu.,,URGENT
967,cough since choking on food last month,Self,Umusaza/Umukecuru,Maze ukwezi nkorora kuva ubwo natsikama ku biryo.,,URGENT
968,bat bite + in the roof,Self,Umuntu mukuru,Narumwe n'inyamaswa imeze nk'ikinyamunyarara iri ku gisenge.,,URGENT
969,told baby lying sideways,Self,Umuntu mukuru,Bambwiye ko umwana aryamye ahengamye mu nda.,,URGENT
970,pressure tablets finished + feels fine,Self,Umusaza/Umukecuru,Imiti y'umuvuduko w'amaraso yarangiye ariko numva meze neza.,,ROUTINE
971,knee wound full of dirt,Carer,Umwana,Igisebe cyo ku ivi ry'umwana cyuzuyemo umwanda.,,URGENT
972,chest pain worse on deep breath,Self,Ingimbi/Umwangavu,Iyo mpumetse cyane ububabare bwo mu gituza buriyongera.,,URGENT
973,forgetting things + worried,Self,Umusaza/Umukecuru,Nsigaye nibagirwa ibintu kenshi kandi birampangayikishije.,,ROUTINE
974,child's arm pulled + won't use it,Carer,Umwana,Umwana yakuruwe ukuboko none ntashaka kukoresha.,,URGENT
975,neck swelling moves on swallowing,Self,Umuntu mukuru,Mfite kubyimba mu ijosi kandi iyo maze kumira kubyimba kuragenda.,,ROUTINE
976,can't sit + pain at back passage,Self,Umuntu mukuru,Sinshobora kwicara kubera ububabare bwo mu kibuno.,,URGENT
977,leaking fluid a day + pregnant,Self,Umuntu mukuru,Ndatwite kandi maze umunsi amazi agenda ava mu nda.,,URGENT
978,cut by broken glass while cleaning,Self,Umuntu mukuru,Naciwe n'ikirahure cyamenetse nkiri gusukura.,,URGENT
979,child won't open mouth since yesterday,Carer,Umwana,Kuva ejo umwana ntashobora gufungura umunwa.,,URGENT
980,friend's tablets + same symptoms,Self,Umuntu mukuru,Nafashe imiti y'inshuti yanjye kubera ko nari mfite ibimenyetso nk'ibye.,,ROUTINE
981,swelling after injection + normal?,Carer,Impinja,Aho umwana yatewe urushinge harabyimbye. Ese ni ibisanzwe?,,ROUTINE
982,back pain then no urine,Self,Umusaza/Umukecuru,Umugongo watangiye kundya hanyuma sinongera kunyara.,,URGENT
983,vomiting since head injury 3 days,Self,Umuntu mukuru,Maze iminsi itatu ndaruka kuva nakomereka ku mutwe.,,URGENT
984,child sweats feeding + stops to rest,Carer,Impinja,Umwana abira icyuya iyo yonka kandi akajya ahagarara akaruhuka.,,URGENT
985,legs swollen + last week of pregnancy,Self,Umuntu mukuru,Ndatwite ngeze mu cyumweru cya nyuma kandi amaguru yarabyimbye.,,URGENT
986,boil back of neck + spreading,Self,Umusaza/Umukecuru,Mfite ikibyimba kirimo amashyira inyuma y'ijosi kandi kiragenda gikura.,,URGENT
987,cough in the household + came for check,Self,Umwana,"Mu rugo hari umuntu ukorora, ni yo mpamvu naje kwisuzumisha.",,ROUTINE
988,child scratching bottom at night,Carer,Umwana,Umwana nijoro ahora yishimagura ku kibuno.,,ROUTINE
989,tooth broke + nerve showing,Self,Umuntu mukuru,Iryinyo ryaravunitse kandi mbona ahantu h'imbere harasohotse.,,URGENT
990,fainted while fasting,Self,Ingimbi/Umwangavu,Naguye hasi ntaye ubwenge nkiri kwiyiriza.,,URGENT
991,metal in eye + welding,Self,Umuntu mukuru,Akantu k'icyuma kinjiye mu jisho nkiri gusudira.,,URGENT
992,child coughing + fever won't break,Carer,Umwana,Umwana arakorora kandi umuriro ntushaka kugabanuka.,,URGENT
993,pain since IUD fitted,Self,Umuntu mukuru,Maze gushyirwamo akuma ko kuboneza urubyaro n'inda iracyandya.,,URGENT
994,wound smells + fever,Self,Umuntu mukuru,Igisebe kirana kandi mfite umuriro.,,URGENT
995,child eats little + nutrition advice,Carer,Umwana,"Umwana arya bike, ndashaka inama ku mafunguro namuha.",,ROUTINE
996,hands shake + can't hold cup,Self,Umusaza/Umukecuru,Amaboko aratitira ku buryo ntashobora gufata igikombe neza.,,URGENT
997,lump in child's abdomen + felt while bathing,Carer,Umwana,Nabonye akabyimba mu nda y'umwana nkiri kumwuhagira.,,URGENT
998,crushed under collapsed wall + rains,Carer,Umuntu mukuru,Yafashwe munsi y'urukuta rwaguye kubera imvura.,,CRITICAL
999,baby moves less since she fell,Self,Umuntu mukuru,Kuva nagwa sinongera kumva umwana yinyeganyeza nk'uko byari bisanzwe.,,URGENT
1000,mouth pain stops eating + losing weight,Self,Umusaza/Umukecuru,Umunwa urandya ku buryo ntashobora kurya kandi natangiye kunanuka.,,URGENT
1001,child sent home from school + rash,Carer,Umwana,Umwana bamwohereje mu rugo avuye ku ishuri kubera utubyimba afite.,,URGENT
1002,leg wound from childhood burn,Self,Umuntu mukuru,Mfite igisebe ku kuguru cyasigaye nyuma yo gushya nkiri umwana.,,ROUTINE
1003,chest and arm pain walking to market,Self,Umusaza/Umukecuru,Iyo ngenda njya ku isoko ndababara mu gituza no ku kuboko.,,URGENT
1004,child fell + bit through lip,Carer,Umwana,Umwana yaguye maze amenyo amuca ku munwa.,,URGENT
1005,not sure if pregnant + feels sick,Self,Ingimbi/Umwangavu,Sinzi neza niba ntwite ariko numva ndwaye kandi ndaruka.,,ROUTINE
1006,wound on penis + embarrassed,Self,Ingimbi/Umwangavu,Mfite igisebe ku gitsina kandi naterwa n'isoni kukivuga.,,URGENT
1007,can this medicine go with the others?,Self,Umusaza/Umukecuru,Ese uyu muti nshobora kuwufata hamwe n'indi miti nsanzwe mfata?,,ROUTINE
1008,child cough + family treating with steam,Carer,Umwana,Umwana arakorora kandi iwacu tumuvura dukoresheje umwuka w'amazi ashyushye.,,URGENT
1009,can't walk unaided since stroke last year,Carer,Umusaza/Umukecuru,Kuva yagira stroke umwaka ushize ntashobora kugenda atafashijwe.,,ROUTINE
1010,tearing pain in belly + pregnant,Self,Umuntu mukuru,Ndatwite kandi numva ububabare bukomeye mu nda nk'aho iri gutabuka.,,URGENT
1011,hit by falling coffee sack at store,Self,Umuntu mukuru,Umufuka w'ikawa waguye unkundaho nkiri mu bubiko.,,URGENT
1012,child's fingers swollen + painful,Carer,Umwana,Intoki z'umwana zarabyimbye kandi zirababaza.,,URGENT
1013,what does this blood test paper mean?,Self,Umuntu mukuru,Ibyanditse kuri uru rupapuro rw'isuzuma ry'amaraso bivuze iki?,,ROUTINE
1014,coughing so hard + wet himself,Self,Umusaza/Umukecuru,Iyo nkoroye cyane n'inkari ziranyiyiraho.,,URGENT
1015,no period since delivering a year ago,Self,Umuntu mukuru,Maze umwaka nabyaye ariko kuva icyo gihe sinongeye kugira imihango.,,ROUTINE
1016,chest burn + skin came off,Carer,Umwana,Umwana yatwitse mu gituza kandi uruhu rwaho rwaravaho.,,URGENT
1017,pain behind eye + one-sided headache,Self,Umuntu mukuru,Ndababara inyuma y'ijisho kandi umutwe ukandya ku ruhande rumwe.,,URGENT
1018,child pale + blood in nappy,Carer,Impinja,Umwana yarahindutse umweru kandi nabonye amaraso muri pampers.,,URGENT
1019,can't lift arm above head since fall,Self,Umuntu mukuru,Kuva nagwa sinshobora kuzamura ukuboko kurenga umutwe.,,URGENT
1020,pain goes with tablets + always returns,Self,Umuntu mukuru,Iyo mfashe imiti ububabare buragenda ariko burongera bukagaruka.,,ROUTINE
1021,repeat child's cough syrup + safe?,Carer,Umwana,Ese nshobora kongera guha umwana wa muti w'inkorora yigeze gufata?,,ROUTINE
1022,head wound + bleeding won't stop,Carer,Umwana,Umwana afite igisebe ku mutwe kandi amaraso ntashaka guhagarara.,,CRITICAL
1023,road accident + 6 months pregnant,Carer,Umuntu mukuru,Yagize impanuka yo mu muhanda kandi atwite amezi atandatu.,,URGENT
1024,feet burning at night + a year,Self,Umusaza/Umukecuru,Maze umwaka ibirenge byanjye bishya cyane cyane nijoro.,,ROUTINE
1025,child unusually sleepy + hard to wake,Carer,Impinja,Umwana arasinzira cyane kurusha uko bisanzwe kandi biragoye kumukangura.,,URGENT
1026,chest pain + thinks it's the stomach,Self,Umuntu mukuru,Ndababara mu gituza ariko ntekereza ko ari inda.,,URGENT
1027,health card for elderly parent,Self,Umuntu mukuru,Naje gushakira umubyeyi wanjye ukuze ikarita y'ubuzima.,,ROUTINE
1028,insect bite + red line spreading up arm,Carer,Umwana,Umwana yarumwe n'udukoko none umurongo utukura uri kuzamuka ukuboko.,,URGENT
1029,kidney problem + can I still farm?,Self,Umuntu mukuru,Mfite ikibazo cy'impyiko. Ese ndacyashobora gukomeza gukora mu murima?,,ROUTINE
1030,tooth pain gone + face now swollen,Self,Umuntu mukuru,Iryinyo ntirikindya ariko ubu mu maso harabyimbye.,,URGENT
1031,a smell + ashamed,Self,Umuntu mukuru,Hari impumuro mbi numva iva kuri njye kandi ndaterwa n'isoni.,,URGENT
1032,knee won't bend + knelt all day in field,Self,Umuntu mukuru,Ivi ntirishobora kugonda kuva namaze umunsi wose napfukamye mu murima.,,URGENT
1033,child head tilted to one side since waking,Carer,Umwana,Kuva umwana abyutse umutwe awugumisha ku ruhande rumwe.,,URGENT
1034,medicine stolen with her bag,Self,Umuntu mukuru,Imiti yanjye bayibye hamwe n'isakoshi yanjye.,,ROUTINE
1035,fluttering chest since coffee,Self,Ingimbi/Umwangavu,Kuva nywa ikawa numva umutima utera nk'uwihuta kandi ukanyeganyega mu gituza.,,ROUTINE
1036,child's eyes roll back with fever,Carer,Umwana,Iyo umwana agize umuriro amaso ye ajya hejuru.,,URGENT
1037,no children + wants testing,Self,Umuntu mukuru,Nta mwana mfite kandi ndashaka kwisuzumisha nkamenya impamvu.,,ROUTINE
1038,headaches + blurred vision + pregnant,Self,Umuntu mukuru,"Ndatwite, umutwe urandya kandi mbona ibintu bitagaragara neza.",,URGENT
1039,neighbour said child's belly too big,Carer,Umwana,Umuturanyi yatubwiye ko inda y'umwana isa n'aho ari nini cyane.,,URGENT
1040,dog wound 3 weeks ago + ignored it,Self,Umuntu mukuru,Imbwa yarankomerekeje mu byumweru bitatu bishize ariko sinabivuzeho.,,URGENT
1041,sore throat + can't swallow own saliva,Self,Umwana,Umuhogo urandya kandi sinshobora no kumira amacandwe yanjye.,,URGENT
1042,pain after lifting grandchild,Self,Umusaza/Umukecuru,Nababaye nyuma yo guterura umwuzukuru.,,ROUTINE
1043,baby born at home + breathing fast,Carer,Impinja,Umwana yavukiye mu rugo kandi ubu ahumeka vuba.,,URGENT
1044,vomiting after every meal + a month,Self,Umuntu mukuru,Maze ukwezi ndaruka nyuma ya buri funguro.,,URGENT
1045,child off balance + falling since ear infection,Carer,Umwana,Kuva yagira ubwandu bwo mu gutwi umwana agenda ataringaniza kandi akagwa.,,URGENT
1046,stopped coming + queue too long last time,Self,Umuntu mukuru,Nahagaritse kuza kuko ubushize nategereje umurongo igihe kirekire cyane.,,ROUTINE
1047,ankle wound + motorbike chain,Self,Ingimbi/Umwangavu,Nakomerekejwe ku kagombambari n'umunyururu wa moto.,,URGENT
1048,child crying + testicle swollen,Carer,Umwana,Umwana ararira kandi rimwe mu mabya ryarabyimbye.,,URGENT
1049,woke + room spinning,Self,Umusaza/Umukecuru,Mbyutse numva icyumba kizungera.,,ROUTINE
1050,relative gave baby herbs + vomited,Carer,Impinja,Mwene wacu yahaye umwana ibyatsi none umwana araruka.,,URGENT
1051,can I stop the tablets now I'm well?,Self,Umuntu mukuru,"Ubu numva meze neza, ese nshobora guhagarika imiti?",,ROUTINE
1052,very little urine + 2 days,Self,Umusaza/Umukecuru,Maze iminsi ibiri nkoresha inkari nke cyane.,,URGENT
1053,child fever + fit lasting minutes,Carer,Umwana,Umwana yagize umuriro maze agira igicuri kimara iminota mike.,,URGENT
1054,pain under right ribs + worse after fatty food,Self,Umuntu mukuru,"Ndababara munsi y'imbavu zo ku ruhande rw'iburyo, cyane cyane nyuma yo kurya ibiryo birimo amavuta menshi.",,URGENT
1055,caesarean scar painful,Self,Umuntu mukuru,Ahantu nabagiwe mbazwe inda harandya.,,URGENT
1056,deaf since water in ear,Self,Umwana,Kuva amazi yinjira mu gutwi sinongera kumva neza.,,ROUTINE
1057,told bring child back for weighing,Carer,Impinja,Bambwiye ko ngarura umwana kugira ngo bongere kumupima ibiro.,,ROUTINE
1058,swelling comes and goes with heat,Self,Umusaza/Umukecuru,Kubyimba ku mubiri kuza kukagenda iyo hari ubushyuhe.,,ROUTINE
1059,assaulted + cut above eye,Self,Ingimbi/Umwangavu,Narahohotewe kandi nakomeretse hejuru y'ijisho.,,URGENT
1060,child loose stool 2 weeks,Carer,Umwana,Umwana amaze ibyumweru bibiri agira impiswi.,,URGENT
1061,should I take iron tablets?,Self,Umuntu mukuru,Ese nkwiye gufata imiti y'amaraso cyangwa ibinini by'ubutare?,,ROUTINE
1062,cough only at night in cold season,Self,Umwana,Nkorora nijoro gusa cyane cyane mu gihe cy'ubukonje.,,ROUTINE
1063,bleeding + 8 months pregnant,Self,Umuntu mukuru,Ndatwite amezi umunani kandi ndava amaraso.,,URGENT
1064,leg wound dressed here 2 months + no change,Self,Umusaza/Umukecuru,Maze amezi abiri nza kwambika igisebe ku kuguru hano ariko ntigikira.,,URGENT
1065,maize grain in ear,Carer,Umwana,Akabuto k'ibigori kinjiye mu gutwi k'umwana.,,ROUTINE
1066,pain walking + goes when stopping,Self,Umusaza/Umukecuru,Iyo ngenda ukuguru kurandya ariko iyo mpagaze ububabare bukagabanuka.,,ROUTINE
1067,told she has a growth + is it cancer?,Self,Umuntu mukuru,Bambwiye ko mfite ikibyimba. Ese bishobora kuba kanseri?,,URGENT
1068,child quiet since the funeral,Carer,Umwana,Kuva ku muhango wo gushyingura umwana yaracecetse cyane kandi yahindutse.,,ROUTINE
1069,eye red + can't look at light,Self,Umuntu mukuru,Ijisho ryanjye ryaratukuye kandi sinshobora kureba urumuri.,,URGENT
1070,movements in belly + not pregnant,Self,Umuntu mukuru,Numva ibintu byinyeganyeza mu nda kandi ntabwo ntwite.,,ROUTINE
1071,second dose of vaccine,Carer,Impinja,Naje kuzana umwana ngo ahabwe urukingo rwa kabiri.,,ROUTINE
1072,burn 3 days ago + blisters formed,Self,Umuntu mukuru,Nahiye mu minsi itatu ishize none ahahiye harafunze utubumbe tw'amazi.,,URGENT
1073,child refuses food + points at throat,Carer,Umwana,Umwana yanga kurya kandi yerekana umuhogo avuga ko ari ho harwaye.,,URGENT
1074,his tablets and wife's mixed up,Self,Umusaza/Umukecuru,Imiti yanjye yivanze n'iy'umugore wanjye none sinzi iyari iyange.,,URGENT
1075,childbirth tear + not healed,Self,Umuntu mukuru,Nacitse igihe nabyaraga ariko igikomere ntikirakira.,,URGENT
1076,can't walk far + stops for breath,Self,Umusaza/Umukecuru,Sinshobora kugenda intera ndende kuko mpita mbura umwuka nkahagarara.,,URGENT
1077,cheek swelling after tooth pulled,Self,Umuntu mukuru,Umusaya warabyimbye nyuma yo gukuramo iryinyo.,,URGENT
1078,child fell into hot ashes,Carer,Impinja,Umwana yaguye mu ivu rishyushye.,,URGENT
1079,told sugar is high,Self,Umuntu mukuru,Bambwiye ko isukari yo mu maraso yanjye iri hejuru.,,ROUTINE
1080,hand wound + two fingers won't move,Self,Umuntu mukuru,Mfite igisebe ku kuboko kandi intoki ebyiri ntizikora.,,URGENT
1081,baby vomiting every feed + losing weight,Carer,Impinja,Umwana araruka buri gihe amaze konka kandi arimo kunanuka.,,URGENT
1082,both legs painful at night,Self,Umwana,Amaguru yombi arandya cyane nijoro.,,ROUTINE
1083,cough 6 weeks since returning from mine,Self,Umuntu mukuru,Maze ibyumweru bitandatu nkorora kuva ngarutse ku kirombe.,,URGENT
1084,child's skin peeling after fever,Carer,Umwana,Uruhu rw'umwana rwatangiye kuvaho nyuma yo kugira umuriro.,,ROUTINE
1085,took rat poison,Self,Umuntu mukuru,Nanyweye umuti wica imbeba.,,CRITICAL
1086,shoulder pain wakes her + can't lie on it,Self,Umusaza/Umukecuru,Ububabare bwo ku rutugu burankangura nijoro kandi sinshobora kuryama kuri urwo ruhande.,,URGENT
1087,child's hearing + repeated ear infections,Carer,Umwana,Umwana ahora agira ubwandu bwo mu matwi kandi mbona kumva kwe kugenda kugabanuka.,,URGENT
1088,leg swelling after unseen bite,Self,Umuntu mukuru,Ukuguru kwabyimbye nyuma yo kurumwa n'ikintu ntabonye.,,URGENT
1089,labour + baby's hand came first,Carer,Umuntu mukuru,Afite ibise kandi ukuboko k'umwana ni ko kwabanje gusohoka.,,CRITICAL
1090,lump in testicle + found washing,Self,Ingimbi/Umwangavu,Nabonye ikibyimba mu ibya nkiri kwiyuhagira.,,URGENT
1091,child pulling hair + banging head,Carer,Umwana,Umwana ahora yikurura umusatsi kandi akubita umutwe.,,URGENT
1092,cough brings blood only in the morning,Self,Umuntu mukuru,Nkorora amaraso mu gitondo gusa.,,URGENT
1093,healer said stop hospital tablets,Self,Umuntu mukuru,Umuvuzi gakondo yambwiye guhagarika imiti nahawe kwa muganga.,,URGENT
1094,discharge one nostril + weeks,Carer,Umwana,Hari ibintu biva mu zuru rimwe kandi bimaze ibyumweru.,,URGENT
1095,leg cold and painful since morning,Self,Umusaza/Umukecuru,Kuva mu gitondo ukuguru kurakonje kandi kurandya.,,CRITICAL
1096,told baby's heartbeat not found,Self,Umuntu mukuru,Bambwiye ko batumva uko umutima w'umwana uri mu nda utera.,,URGENT
1097,can I stop the injection?,Self,Umuntu mukuru,Ese nshobora guhagarika urushinge mfata?,,ROUTINE
1098,child's face burnt by firework,Carer,Umwana,Umwana yatwitswe mu maso n'igisasu cyo kwishimisha cyaturitse.,,URGENT
1099,ring-shaped rash spreading outward,Self,Umwana,Mfite utubyimba tw'uruziga ku ruhu kandi turagenda dukwira tugana hanze.,,ROUTINE
1100,can't sleep lying down + a week,Self,Umusaza/Umukecuru,Maze icyumweru ntashobora gusinzira ndyamye.,,URGENT
1101,discharge after husband returned from travel,Self,Umuntu mukuru,Natangiye kugira ibintu bidasanzwe biva mu gitsina nyuma y'uko umugabo agarutse mu rugendo.,,URGENT
1102,back pain worse at night + rest doesn't help,Self,Umusaza/Umukecuru,Umugongo urandya cyane nijoro kandi no kuruhuka ntibibigabanya.,,URGENT
1103,child found with open bottle of tablets,Carer,Umwana,Nabonye umwana afite icupa ry'imiti rifunguye.,,URGENT
1104,ankle swollen since twisting it a month ago,Self,Ingimbi/Umwangavu,Akagombambari karabyimbye kuva nakagoreka ukwezi gushize.,,ROUTINE
1105,keeps getting the same infection + why?,Self,Umuntu mukuru,Nkomeza kugira ubwandu bumwe kenshi. Ese biterwa n'iki?,,ROUTINE
1106,child cough + losing weight months,Carer,Umwana,Umwana amaze amezi akorora kandi arimo kunanuka.,,URGENT
1107,pressure in head when bending,Self,Umuntu mukuru,Iyo nunamye numva umutwe wanjye usa n'uwuzuye igitutu.,,ROUTINE
1108,cut the cord himself + baby bleeding from it,Carer,Impinja,Yacishije umugozi w'umwana ubwe none umwana ari kuva amaraso ku mukondo.,,CRITICAL
1109,arm swollen since breast surgery,Self,Umusaza/Umukecuru,Ukuboko kwanjye kwabyimbye kuva nabagwa ku ibere.,,URGENT
1110,pain started one ear + now both,Self,Umwana,Ugutwi kumwe ni ko kwatangiriye kurwara none amatwi yombi arandya.,,URGENT
1111,child no bowel movement since birth,Carer,Impinja,Umwana kuva avuka ntarajya ku musarani ngo asohore umwanda.,,URGENT
1112,wrist pain + typing all day,Self,Umuntu mukuru,Ukuboko ku kuboko kw'ikiganza kurandya kubera kwandika kuri mudasobwa umunsi wose.,,ROUTINE
1113,foot wound + broken bottle at river,Carer,Umwana,Umwana yakandagiye ku kirahure cy'icupa cyamenetse ku mugezi maze akomereka ku kirenge.,,URGENT
1114,can't keep tablets down + pregnant,Self,Umuntu mukuru,Ndatwite kandi iyo mfata imiti mpita nyiruka.,,URGENT
1115,seeing double since a fall,Self,Umusaza/Umukecuru,Kuva nagwa mbona ibintu bibiri aho kuba kimwe.,,URGENT
1116,child cries when leg touched + won't stand,Carer,Umwana,Umwana ararira iyo ukoze ku kuguru kandi ntashaka guhagarara.,,URGENT
1117,eyes need operation + wants advice,Self,Umusaza/Umukecuru,Bambwiye ko amaso yanjye akeneye kubagwa kandi ndashaka inama.,,ROUTINE
1118,bleeding after herbs to end pregnancy,Self,Ingimbi/Umwangavu,Nanyweye ibyatsi byo gukuramo inda none ndava amaraso.,,URGENT
1119,death at home + can family be tested?,Self,Umuntu mukuru,"Hari umuntu wapfiriye mu rugo, ese umuryango ushobora kwisuzumisha?",,ROUTINE
1120,bullet wound + won't say more,Self,Umuntu mukuru,Nakomerekejwe n'isasu ariko sinshaka kugira ibindi mvuga kuri byo.,,CRITICAL
1121,child whistling breath since a cold,Carer,Umwana,Kuva umwana arwara ibicurane ahumeka havamo urusaku rumeze nk'urusaku rw'umuyaga.,,URGENT
1122,skin turned yellow + feels nothing else,Self,Umuntu mukuru,Uruhu rwanjye rwahindutse umuhondo ariko nta kindi kimenyetso numva.,,URGENT
1123,baby's arm injured during delivery,Carer,Impinja,Ukuboko k'umwana kwakomerekejwe igihe yavukaga.,,URGENT
1124,chest pain only when angry,Self,Umuntu mukuru,Ndababara mu gituza iyo ndakaye gusa.,,ROUTINE
1125,sent by the prison for examination,Self,Umuntu mukuru,Noherejwe na gereza ngo nze kwisuzumisha.,,ROUTINE
1126,child squinting since small,Carer,Umwana,Umwana kuva akiri muto ahora areba ahumiriza amaso.,,ROUTINE
1127,what to do with leftover tablets,Self,Umuntu mukuru,Nakorera iki imiti nasigaranye?,,ROUTINE
1128,dimple in breast skin + noticed last month,Self,Umuntu mukuru,Nabonye akobo ku ruhu rw'ibere mu kwezi gushize.,,URGENT
1129,can't straighten back + worked bent all day,Self,Umuntu mukuru,Sinshobora kugorora umugongo kuva namaze umunsi wose nkora nunamye.,,URGENT
1130,child urinating often + bedwetting again,Carer,Umwana,Umwana ahora anyara kenshi kandi yongeye kunyara mu buriri.,,URGENT
1131,leg wound bleeds whenever knocked,Self,Umusaza/Umukecuru,Igisebe cyo ku kuguru gihita kiva amaraso igihe cyose hari ugikubiseho.,,URGENT
1132,fits since childhood,Self,Ingimbi/Umwangavu,Maze kugira ibicuri kuva nkiri umwana.,,ROUTINE
1133,child bitten by another child at school,Carer,Umwana,Umwana yarumwe n'undi mwana ku ishuri.,,URGENT
1134,constant belly pain + can't lie flat,Self,Umuntu mukuru,Inda ihora indya kandi sinshobora kuryama ntambitse.,,URGENT
1135,told twins + worried,Self,Umuntu mukuru,Bambwiye ko ntwite impanga kandi birampangayikishije.,,ROUTINE
1136,electric burn to hand + fixing wire,Self,Umuntu mukuru,Nakomerekejwe n'amashanyarazi ku kuboko nkiri gusana insinga.,,URGENT
1137,child ankle swelling + no injury,Carer,Umwana,Akagombambari k'umwana karabyimbye kandi nta kintu cyamukomerekeje.,,URGENT
1138,medicine finished a month ago + didn't come back,Self,Umuntu mukuru,Imiti yarangiye hashize ukwezi ariko sinagarutse kuyongera.,,ROUTINE
1139,heat in chest + sour taste at night,Self,Umuntu mukuru,Nijoro numva mu gituza hashyushye kandi nkagira uburyohe busharira mu kanwa.,,ROUTINE
1140,lump on baby's neck since birth,Carer,Impinja,Umwana afite ikibyimba mu ijosi kuva akivuka.,,ROUTINE
1141,cow horn into thigh,Self,Umuntu mukuru,Ihembe ry'inka ryinjiye mu nyama yo ku itako.,,URGENT
1142,bleeding 3 weeks without stopping,Self,Umuntu mukuru,Maze ibyumweru bitatu mva amaraso kandi ntarahagarara.,,URGENT
1143,mother diagnosed + should child be tested?,Carer,Umwana,"Mama bamusanze afite uburwayi, ese umwana na we akwiriye kwisuzumisha?",,ROUTINE
1144,side pain + fever + shaking,Self,Umuntu mukuru,"Ndababara ku ruhande rw'umubiri, mfite umuriro kandi ndatitira.",,URGENT
1145,child can't swallow since hot food,Carer,Umwana,Umwana kuva yariye ibiryo bishyushye ntashobora kumira neza.,,URGENT
1146,deep hole in foot + painless,Self,Umusaza/Umukecuru,Mfite igisebe kinini kandi kinini mu kirenge ariko nta bubabare numva.,,URGENT
1147,two years + no pregnancy,Self,Umuntu mukuru,Maze imyaka ibiri nshaka kubyara ariko nta nda nigeze ngira.,,ROUTINE
1148,child stopped speaking in recent months,Carer,Umwana,Mu mezi ashize umwana yaretse kuvuga nk'uko yahoze.,,URGENT
1149,told liver enlarged + what does it mean?,Self,Umuntu mukuru,Bambwiye ko umwijima wanjye wabyimbye. Ibyo bivuze iki?,,ROUTINE
1150,pain after long walk + days without easing,Self,Umusaza/Umukecuru,Ndagenda intera ndende nkababara kandi ububabare bukamara iminsi budashira.,,URGENT
1151,CHW found child's weight dropping,Carer,Umwana,Umukozi w'ubuzima wo mu mudugudu yasanze ibiro by'umwana bigenda bigabanuka.,,URGENT
1152,throat closes when eating fish,Self,Ingimbi/Umwangavu,Iyo nariye amafi numva umuhogo usa n'uwufunze.,,URGENT
1153,child bruised eye + mother says fell from bed,Carer,Impinja,Umwana afite igikomere ku jisho kandi nyina avuga ko yaguye ku buriri.,,URGENT
1154,heaviness in chest since the birth,Self,Umuntu mukuru,Kuva nabyara numva igituza kiremereye.,,URGENT
1155,tree fell on leg + cutting firewood,Carer,Umuntu mukuru,Igiti cyaguye ku kuguru nkiri gutema inkwi.,,URGENT
1156,child's belly hard + no gas passed,Carer,Umwana,Inda y'umwana irakomeye kandi ntarasohora umwuka mu nda.,,URGENT
1157,health post had no supplies + sent here,Self,Umuntu mukuru,"Ku kigo nderabuzima nta bikoresho cyangwa imiti bari bafite, ni yo mpamvu banyohereje hano.",,CANNOT CLASSIFY
1158,periods stopped a year ago + now returned,Self,Umusaza/Umukecuru,Imihango yari imaze umwaka yarahagaze ariko ubu yongeye kuza.,,URGENT
1159,safe to fast with this condition?,Self,Umuntu mukuru,Ese mfite ubu burwayi nshobora kwiyiriza ntacyo bitwaye?,,ROUTINE
1160,child cough since born premature,Carer,Impinja,Umwana amaze igihe akorora kuva yavuka mbere y'igihe.,,URGENT
1161,sore 6 months + won't heal,Self,Umusaza/Umukecuru,Mfite igisebe kimaze amezi atandatu kandi ntigikira.,,URGENT
1162,heel pain every morning,Self,Umuntu mukuru,Buri gitondo agatsinsino karandya.,,ROUTINE
1163,headache + tablets no longer help,Self,Umuntu mukuru,Umutwe urandya kandi imiti nasanzwe mfata ntikigira icyo imfasha.,,URGENT
1164,child snakebite + family applied herbs,Carer,Umwana,Umwana yarumwe n'inzoka maze umuryango umushyiraho ibyatsi.,,URGENT
1165,certificate after accident + insurance,Self,Umuntu mukuru,Naje gushaka icyemezo nyuma y'impanuka kugira ngo nkikoreshe mu bwishingizi.,,ROUTINE
1166,blood clots in urine,Self,Umusaza/Umukecuru,Mu nkari harimo amaraso asa n'ibibyimba.,,URGENT
1167,child coughing + lips turned blue briefly,Carer,Impinja,Umwana yarakororaga maze iminwa ye ihinduka ubururu akanya gato.,,URGENT
1168,stitched elsewhere + thread showing,Self,Umuntu mukuru,Nadodewe igisebe ahandi none urudodo ruragaragara.,,URGENT
1169,anxious + can't explain why,Self,Ingimbi/Umwangavu,Numva mpangayitse cyane ariko sinzi neza impamvu.,,ROUTINE
1170,lower back one side + moves to groin,Self,Umuntu mukuru,"Ndababara mu mugongo wo hasi ku ruhande rumwe, ububabare bukamanuka bugana mu rwabya.",,URGENT
1171,told come for caesarean + no transport,Self,Umuntu mukuru,Bambwiye ko ngomba kubagwa inda ariko nta buryo bwo gutwara mfite.,,ROUTINE
1172,son drinking + doesn't know what to do,Carer,Ingimbi/Umwangavu,Umuhungu wanjye anywa inzoga kandi sinzi icyo namukorera.,,ROUTINE
1173,child's neck swelling + mumps?,Carer,Umwana,Umwana afite kubyimba mu ijosi. Ese yaba ari amasurura?,,URGENT
1174,burning feet worse since tablets changed,Self,Umusaza/Umukecuru,Ibirenge birashya kandi byarushijeho nyuma yo guhindurirwa imiti.,,URGENT
1175,child fell + tooth pushed into gum,Carer,Umwana,Umwana yaguye maze iryinyo rishyirwa imbere mu ishinya.,,URGENT
1176,three episodes of chest pain this week,Self,Umuntu mukuru,Muri iki cyumweru maze kubabara mu gituza inshuro eshatu.,,URGENT
1177,must deliver in hospital + wants to know why,Self,Umuntu mukuru,Bambwiye ko ngomba kubyarira kwa muganga kandi ndashaka kumenya impamvu.,,ROUTINE
1178,child hot + refusing to be touched,Carer,Impinja,Umwana afite umuriro kandi ntiyemera ko tumukoraho.,,URGENT
1179,arm caught in factory conveyor,Carer,Umuntu mukuru,Ukuboko kwe kwafashwe n'imashini itwara ibintu mu ruganda.,,URGENT
1180,discharge + partner has symptoms too,Self,Ingimbi/Umwangavu,Mfite ibintu bidasanzwe biva mu gitsina kandi uwo dukundana na we afite ibimenyetso.,,URGENT
1181,tablets ran out during a journey,Self,Umuntu mukuru,Imiti yarangiye nkiri mu rugendo.,,ROUTINE
1182,belly swelling growing months + not pregnant,Self,Umuntu mukuru,Inda yanjye imaze amezi ibyimba kandi ntabwo ntwite.,,URGENT
1183,child wheezing since moving to wood-fire house,Carer,Umwana,Umwana yatangiye guhumeka asohora urusaku kuva twimukira mu nzu dutekeramo inkwi.,,URGENT
1184,can't see at night + bumps into things,Self,Umwana,Nijoro sinabona neza kandi nkajya nkubitana n'ibintu.,,ROUTINE
1185,bled early in pregnancy + now stopped,Self,Umuntu mukuru,Natangiye kuva amaraso nkiri mu ntangiriro z'inda ariko ubu byarahagaze.,,URGENT
1186,jaw pain when chewing,Self,Umusaza/Umukecuru,Urwasaya rurandya iyo nhekenya.,,ROUTINE
1187,wound between toes + won't dry,Self,Umuntu mukuru,Mfite igisebe hagati y'amano kandi ntigishaka kuma.,,ROUTINE
1188,child scratching + skin now thick,Carer,Umwana,Umwana ahora yishimagura none uruhu rwatangiye kubyimba no gukomera.,,ROUTINE
1189,back to heavy work after hernia operation?,Self,Umuntu mukuru,Ese nyuma yo kubagwa urwondo nshobora gusubira ku kazi karemereye?,,ROUTINE
1190,vomiting blood + thinks it's from the nose,Self,Umuntu mukuru,Nd aruka amaraso ariko ntekereza ko ashobora kuba aturuka mu mazuru.,,URGENT
1191,bitten separating two dogs,Self,Umuntu mukuru,Narumwe nkiri gutandukanya imbwa ebyiri zarwanaga.,,URGENT
1192,cold all the time + gaining weight,Self,Umuntu mukuru,Mpora numva nkonje kandi ndimo kongera ibiro.,,ROUTINE
1193,chemical splashed in eye,Self,Umuntu mukuru,Imiti y'ikinyabutabire yansukiye mu jisho.,,CRITICAL
1194,baby jaundiced + refusing to feed,Carer,Impinja,Umwana yahindutse umuhondo kandi yanga konka.,,URGENT
1195,stomach pain + black stool,Self,Umusaza/Umukecuru,Ndababara mu nda kandi umwanda wanjye wabaye umukara.,,URGENT
1196,child diagnosed sickle cell + wants advice,Carer,Umwana,"Umwana bamusanze afite indwara y'amaraso y'uturemangingo dufata ishusho y'umuhoro, ndashaka inama y'uko twamwitaho.",,ROUTINE
1197,swelling under jaw + painful eating,Self,Umuntu mukuru,Hari kubyimba munsi y'urwasaya kandi ndababara iyo ndya.,,URGENT
1198,child sleepy + vomiting since fall from wall,Carer,Umwana,Umwana arasinzira cyane kandi araruka kuva yagwa ku rukuta.,,URGENT
1199,flashbacks since the attack,Self,Umuntu mukuru,"Kuva nagirirwa icyo gikorwa kibi, ibintu byabaye bikomeza kugaruka mu bitekerezo byanjye.",,ROUTINE
1200,growth on eyelid + years,Self,Umusaza/Umukecuru,Mfite ikibyimba ku gitsike kimaze imyaka myinshi.,,ROUTINE
1201,tailor + needle through finger,Self,Umuntu mukuru,"Ndi umudozi, urushinge rwinjiye mu rutoki rwanjye.",,URGENT
1202,child + swallowed fish hook,Carer,Umwana,Umwana yamize indoboro y'uburobyi.,,URGENT
1203,itching all over after new washing powder,Self,Umuntu mukuru,Umubiri wanjye wose urandya kuva natangira gukoresha isabune nshya yo kumesa.,,ROUTINE
1204,barber + razor cut on scalp + client bled,Self,Umuntu mukuru,"Ndi umwogoshi, nakomerekeje umutwe w'umukiriya n'urwembe arava amaraso.",,URGENT
1205,pregnant + fell on stairs + no bleeding,Self,Umuntu mukuru,"Ndatwite, nari naguye ku ngazi ariko nta maraso nigeze mbona.",,URGENT
1206,cattle keeper + sore on arm after handling sick cow,Self,Umuntu mukuru,"Ndi umworozi w'inka, maze gukorakora inka yari irwaye hagira igisebe kimbaho ku kuboko.",,URGENT
1207,baby + not turning head to sound,Carer,Impinja,Umwana ntahindukiza umutwe iyo yumvise ijwi.,,ROUTINE
1208,pain after eating cassava + whole family sick,Self,Umuntu mukuru,"Tumaze kurya imyumbati, twese mu muryango turarwara kandi ndababara mu nda.",,CRITICAL
1209,welder + eyes burning after work + can't open them,Self,Umuntu mukuru,"Ndi umusudira, kuva ku kazi amaso arandya kandi arashya ku buryo ntashobora kuyafungura.",,URGENT
1210,child + swelling on both cheeks + fever,Carer,Umwana,Umwana afite ibibyimba ku matama yombi kandi afite umuriro.,,ROUTINE
1211,legs weak after sitting long in a bus,Self,Umusaza/Umukecuru,"Nmaze igihe kinini nicaye muri bisi, ubu amaguru yanjye afite intege nke.",,URGENT
1212,tea picker + rash on hands + every season,Self,Umuntu mukuru,"Ndi umukozi usoroma icyayi, buri gihembwe haza utubyimba ku biganza byanjye.",,ROUTINE
1213,husband brought wife + refuses to eat 3 days,Carer,Umuntu mukuru,Namuzanye kuko amaze iminsi itatu atarya.,,CANNOT CLASSIFY
1214,chest pain + relieved by belching,Self,Umuntu mukuru,"Ndababara mu gituza, ariko iyo nsebura biragabanuka.",,ROUTINE
1215,child + fell on scissors,Carer,Umwana,Umwana yaguye ku mukasi.,,URGENT
1216,cough + worse after work in the brickyard,Self,Umuntu mukuru,"Ndakorora, kandi biba bibi cyane iyo mvuye gukora mu ruganda rukora amatafari.",,ROUTINE
1217,lost weight + night fevers + on ARVs,Self,Umuntu mukuru,"Nagabanutse ibiro, nkagira n'umuriro nijoro kandi mfata imiti ya ARV.",,URGENT
1218,newborn + not passing meconium,Carer,Impinja,Umwana wavutse vuba ntarakora umwanda wa mbere.,,URGENT
1219,burning urine + after long journey without water,Self,Umuntu mukuru,"Iyo nkoze inkari zirandya kandi zirashya, cyane cyane kuva nagira urugendo rurerure nta mazi mfite.",,ROUTINE
1220,teacher brought pupil + nosebleed in class,Carer,Umwana,"Ndi umwarimu, nazanye umunyeshuri watangiye kuva amaraso mu mazuru mu ishuri.",,ROUTINE
1221,pain in the ball of the foot + walking barefoot,Self,Umuntu mukuru,"Ndababara munsi y'ikirenge imbere, kandi akenshi ngenda nambaye ubusa ku birenge.",,ROUTINE
1222,pregnant + itching hands and feet at night,Self,Umuntu mukuru,"Ndatwite, nijoro intoki n'ibirenge birandya cyane.",,URGENT
1223,swelling around one eye + insect bite,Self,Umwana,Nabyimbye hafi y'ijisho rimwe nyuma yo kurumwa n'udukoko.,,ROUTINE
1224,old man + can't get out of bed 2 days,Carer,Umusaza/Umukecuru,Umusaza amaze iminsi ibiri adashobora kuva mu buriri.,,URGENT
1225,mother brought child + won't stop crying 6 hours,Carer,Impinja,"Ndi nyina w'umwana, amaze amasaha atandatu arira ubudahagarara.",,URGENT
1226,cut while cutting sugarcane,Self,Ingimbi/Umwangavu,Nakomeretse nkiri gutema ibisheke.,,URGENT
1227,diarrhoea + whole household + same well,Self,Umuntu mukuru,Tugira impiswi twese mu rugo kandi dukoresha iriba rimwe.,,URGENT
1228,pain when breathing after being kicked by a cow,Self,Umuntu mukuru,Iyo mpumeka ndababara kuva nakubitwa n'inka.,,URGENT
1229,child + hand swollen after bee sting yesterday,Carer,Umwana,"Umwana yararumwe n'inzuki ejo, ubu ukuboko kwe kurabyimbye.",,ROUTINE
1230,headache + only when reading,Self,Ingimbi/Umwangavu,Umutwe urandya iyo nsoma gusa.,,ROUTINE
1231,asks about pills a friend sold her,Self,Ingimbi/Umwangavu,Ndashaka kumenya ibijyanye n'ibinini nari naguriwe n'inshuti yanjye.,,ROUTINE
1232,grandmother + fell out of bed in the night,Carer,Umusaza/Umukecuru,Nyogokuru yaguye mu buriri nijoro.,,URGENT
1233,cough + started after house painted,Self,Umwana,Natangiye gukorora nyuma y'uko inzu irangiwe.,,ROUTINE
1234,back pain + carrying bricks daily,Self,Umuntu mukuru,Ndababara umugongo kubera ko buri munsi ntwara amatafari.,,ROUTINE
1235,baby + soft spot sunken,Carer,Impinja,Umwana afite ahantu horohereye ku mutwe hasa n'ahamanutse.,,URGENT
1236,pain in the ear + flying home last week,Self,Umuntu mukuru,Ugutwi kurandya kuva nagenda mu ndege ngaruka mu rugo mu cyumweru gishize.,,ROUTINE
1237,bitten by a goat,Self,Umwana,Narumwe n'ihene.,,URGENT
1238,mother + baby will not wake for feeds,Carer,Impinja,Umwana ntiyuka ngo anywe amata.,,CRITICAL
1239,chest pain + relieved sitting forward,Self,Umuntu mukuru,"Ndababara mu gituza, ariko iyo nicaye nunamye imbere biragabanuka.",,URGENT
1240,child + drank from a can in the shed,Carer,Umwana,Umwana yanyoye ikinyobwa cyo mu gacupa kari mu bubiko.,,CRITICAL
1241,swelling of the whole leg + one side only,Self,Umuntu mukuru,"Ukuguru kwanjye kose kurabyimbye, kandi ni uruhande rumwe gusa.",,URGENT
1242,cough at night + dog also coughing,Self,Umuntu mukuru,"Nkorora cyane nijoro, kandi n'imbwa yacu nayo irakorora.",,ROUTINE
1243,pregnant + heartburn + can't lie flat,Self,Umuntu mukuru,"Ndatwite, ndibwa no mu gifu kandi sinshobora kuryama ndambitse neza.",,ROUTINE
1244,potter + hands cracked and bleeding,Self,Umuntu mukuru,"Ndi umubumbyi, ibiganza byanjye byarashwanyutse kandi birava amaraso.",,ROUTINE
1245,child + head knocked on table + no vomiting,Carer,Umwana,Umwana yakubise umutwe ku meza ariko ntiyigeze aruka.,,ROUTINE
1246,pain in the hip since a long walk to church,Self,Umusaza/Umukecuru,Ikibero kirandya kuva nagenda urugendo rurerure njya mu rusengero.,,ROUTINE
1247,cannot pass urine + prostate mentioned before,Self,Umusaza/Umukecuru,"Sinshobora kunyara, kandi mbere bari barambwiye ko mfite ikibazo cya prostate.",,URGENT
1248,wife brought husband + chest pain + refuses to sit,Carer,Umuntu mukuru,Nazanye umugabo wanjye kuko ababazwa n'igituza kandi yanga kwicara.,,CRITICAL
1249,burning tongue + no cause,Self,Umuntu mukuru,Ururimi rwanjye rurashya kandi sinzi icyabiteye.,,ROUTINE
1250,child + white spot in the eye seen in a photo,Carer,Impinja,Nabonye akantu k'umweru mu jisho ry'umwana ku ifoto.,,URGENT
1251,wound from a fish spine + fisherman,Self,Umuntu mukuru,"Ndi umurobyi, nakomeretse n'urubavu rw'ifi maze nkagira igisebe.",,URGENT
1252,vomiting + after taking herbs for worms,Self,Umwana,Narutse nyuma yo kunywa imiti y'ibyatsi yo kuvura inzoka.,,URGENT
1253,driver + back pain + long hours,Self,Umuntu mukuru,"Ndi umushoferi, ndababara umugongo kubera kumara amasaha menshi ntwaye.",,ROUTINE
1254,newborn + twitching of one arm,Carer,Impinja,Umwana wavutse vuba ahora ajunjagura ukuboko kumwe.,,CRITICAL
1255,pain in the jaw + only in the morning,Self,Umuntu mukuru,Urwasaya rurandya cyane mu gitondo gusa.,,ROUTINE
1256,lost hearing after swimming,Self,Ingimbi/Umwangavu,"Kuva noga, sinakumva neza nk'uko byari bisanzwe.",,ROUTINE
1257,pregnant + baby kicking very hard suddenly,Self,Umuntu mukuru,"Ndatwite, umwana atangiye gukubita cyane mu nda mu buryo butunguranye.",,ROUTINE
1258,neighbour brought a woman + convulsing,Carer,Umuntu mukuru,Umunyamuryango wacu yamuzanye kuko arimo gufatwa n'igicuri.,,CRITICAL
1259,foot swollen after long standing at market,Self,Umuntu mukuru,Ikirenge cyanjye cyabyimbye nyuma yo kumara igihe kinini mpagaze ku isoko.,,ROUTINE
1260,child + says everything tastes bad,Carer,Umwana,Umwana avuga ko ibyo arya byose bimuryohera nabi.,,ROUTINE
1261,cut with a hoe + tetanus injection when?,Self,Umuntu mukuru,Nakomeretse n'isuka. Urukingo rwa tetanusi narufata ryari?,,URGENT
1262,cough + blood only when brushing teeth,Self,Umuntu mukuru,"Nkorora, ariko amaraso aza gusa iyo ni koza amenyo.",,ROUTINE
1263,baby + cord fell off + oozing,Carer,Impinja,"Umwana umugozi w'umukondo waraguye, ariko ubu haracyasohoka ibintu ku mukondo.",,URGENT
1264,pain in both shoulders + can't dress herself,Self,Umusaza/Umukecuru,Intugu zombi zirandya kandi sinshobora kwiyambika jyenyine.,,ROUTINE
1265,fever + returned from a funeral in another district,Self,Umuntu mukuru,Mfite umuriro kuva ngarutse mu muhango w'ishyingura mu kindi karere.,,URGENT
1266,child + arm burn from a hot pan,Carer,Umwana,Umwana yatwitse ukuboko ku isafuriya yari ishyushye.,,URGENT
1267,pain in the groin when lifting only,Self,Umuntu mukuru,Ndababara mu rwungano rw'ikibero iyo nteruye ikintu gusa.,,ROUTINE
1268,asks about the child's yellow eyes,Carer,Impinja,Ndashaka kumenya impamvu amaso y'umwana ari umuhondo.,,URGENT
1269,stomach pain + relieved by milk,Self,Umuntu mukuru,"Ndababara mu nda, ariko iyo nyweye amata biragabanuka.",,ROUTINE
1270,bricklayer + cement burns on legs,Self,Umuntu mukuru,"Ndi umwubatsi, sima yantwitse amaguru.",,URGENT
1271,child + cough + parrot in the house,Carer,Umwana,Umwana arakorora kandi dufite inkoko yitwa paroti mu rugo.,,ROUTINE
1272,swollen gums + loose teeth,Self,Umusaza/Umukecuru,Ishinya ryarabyimbye kandi amenyo aranyeganyega.,,ROUTINE
1273,pregnant + reduced movement + 7 months,Self,Umuntu mukuru,"Ndatwite inda y'amezi arindwi, ariko umwana ntakinyeganyega cyane nka mbere.",,URGENT
1274,dizzy when turning the head only,Self,Umusaza/Umukecuru,Ndazungera umutwe iyo mpinduye umutwe gusa.,,ROUTINE
1275,sister brought girl + cut her own arm,Carer,Ingimbi/Umwangavu,Mushiki wanjye yazanye umukobwa wakomerekeje ukuboko kwe.,,URGENT
1276,pain in the heel + new shoes,Self,Ingimbi/Umwangavu,Agatsinsino karandya kuva natangira kwambara inkweto nshya.,,ROUTINE
1277,child + will not put weight on one arm since being lifted,Carer,Umwana,Umwana ntakoresha ukuboko kumwe kuva namuterura.,,URGENT
1278,fever + worked in a rice field,Self,Umuntu mukuru,Mfite umuriro kandi nari maze iminsi nkora mu murima w'umuceri.,,URGENT
1279,blood on the toilet paper + no pain,Self,Umuntu mukuru,"Nabonye amaraso ku rupapuro nkoresha mu musarani, ariko nta bubabare mfite.",,ROUTINE
1280,baby + one leg shorter when lying,Carer,Impinja,"Iyo umwana aryamye, ukuguru kumwe kugaragara nk'aho ari kugufi kurusha ukundi.",,ROUTINE
1281,mechanic + oil splashed in eye,Self,Umuntu mukuru,"Ndi umukanishi, amavuta yanshyize mu jisho.",,URGENT
1282,pain in the side + after a football tackle,Self,Ingimbi/Umwangavu,Ndababara ku ruhande rw'umubiri kuva nakubitwa mu mukino w'umupira.,,URGENT
1283,mother + child eats but never full,Carer,Umwana,Umwana ararya ariko ahora yumva atarashira inzara.,,ROUTINE
1284,swelling of the face after a tooth extraction elsewhere,Self,Umuntu mukuru,Mu maso harabyimbye nyuma yo gukuramo iryinyo ahandi.,,URGENT
1285,cannot sleep + neighbours' noise + three months,Self,Umuntu mukuru,Maze amezi atatu ntasinzira neza kubera urusaku rw'abaturanyi.,,ROUTINE
1286,child + fell into a drain + dirty water,Carer,Umwana,Umwana yaguye mu muyoboro w'amazi mabi.,,URGENT
1287,chest pain + eased by antacid + returns,Self,Umuntu mukuru,"Ndababara mu gituza, nkanywa umuti wo kugabanya aside bikagabanuka, ariko bikongera bikagaruka.",,ROUTINE
1288,pregnant + vomiting blood after retching,Self,Umuntu mukuru,"Ndatwite, narutse amaraso nyuma yo kuruka cyane.",,URGENT
1289,wound on the hand + from a rat,Self,Umwana,Mfite igisebe ku kuboko natewe n'imbeba.,,URGENT
1290,pain in the neck + after sleeping in a bus,Self,Umuntu mukuru,Ijosi rirandya kuva nasinziriye muri bisi.,,ROUTINE
1291,grandmother + swollen ankles + new tablets,Carer,Umusaza/Umukecuru,Nyogokuru yarabyimbwe amaguru hafi y'amaguru kuva atangiye ibinini bishya.,,ROUTINE
1292,baby + refuses one breast only,Carer,Impinja,Umwana yanga konka ku ibere rimwe gusa.,,ROUTINE
1293,cough + white powder at work,Self,Umuntu mukuru,"Nkorora, kandi ku kazi nkorera ahantu hari ifu y'umweru nyinshi.",,ROUTINE
1294,pain in the knee + clicks and locks,Self,Umuntu mukuru,"Ivi rirandya, rirakoma kandi rimwe na rimwe rikaguma ridashobora kugororwa.",,ROUTINE
1295,child + swollen belly + pale + eats soil,Carer,Umwana,"Umwana afite inda ibyimbye, arijimye mu maso kandi arya ubutaka.",,URGENT
1296,asks for a letter for the employer,Self,Umuntu mukuru,Ndasaba ibaruwa yo guha umukoresha wanjye.,,ROUTINE
1297,eye injury + child threw sand,Self,Umwana,Nakomerekejwe ijisho n'umwana wanyinjirije umucanga mu jisho.,,URGENT
1298,heavy periods + fainted at work,Self,Umuntu mukuru,Imihango yanjye iba myinshi cyane kandi narazimiye ubwenge ndi ku kazi.,,URGENT
1299,old man + urinating many times at night,Self,Umusaza/Umukecuru,"Ndi umusaza, nijoro nyara kenshi cyane.",,ROUTINE
1300,child + bitten by a snake in the latrine,Carer,Umwana,Umwana yarumwe n'inzoka mu musarani.,,CRITICAL
1301,pain in the chest wall + after coughing a week,Self,Umuntu mukuru,"Mfite ububabare ku mbavu, byatangiye nyuma yo gukorora icyumweru.",,ROUTINE
1302,pregnant + urine leaking or waters?,Self,Umuntu mukuru,"Ndi umugore utwite, hari amazi cyangwa inkari biva?",,URGENT
1303,wound on the head + from a falling tile,Self,Umuntu mukuru,Mfite igikomere ku mutwe natewe n’igisenge cyaguyeho.,,URGENT
1304,child + not walking at two years,Carer,Umwana,Umwana afite imyaka ibiri ariko ntaratangira kugenda.,,ROUTINE
1305,burning feet + after starting TB medicine,Self,Umuntu mukuru,Ibirenge birandya kandi birashya kuva natangira imiti y’igituntu.,,ROUTINE
1306,woman + husband bit her,Self,Umuntu mukuru,Umugabo wanjye yarandumye.,,URGENT
1307,cough + sputum has a bad smell,Self,Umuntu mukuru,Ndakorora kandi igikororwa gifite impumuro mbi.,,URGENT
1308,child + swallowed a magnet,Carer,Umwana,Umwana yamize magneti.,,URGENT
1309,pain behind the knee + a lump there,Self,Umusaza/Umukecuru,Ndababara inyuma y’ivi kandi hari akabyimba.,,ROUTINE
1310,fever + no other symptom + four days,Self,Umwana,"Mfite umuriro gusa, nta kindi kimenyetso mfite, bimaze iminsi ine.",,URGENT
1311,baby + blue around mouth when feeding,Carer,Impinja,Umwana ahinduka ubururu hafi y’umunwa iyo arimo konka.,,URGENT
1312,asks if he can work after the injection,Self,Umuntu mukuru,Ndashaka kumenya niba nakomeza gukora nyuma yo guterwa urushinge.,,ROUTINE
1313,pain in the arm + only at night,Self,Umuntu mukuru,Ukuboko kurandya cyane nijoro gusa.,,ROUTINE
1314,child + head lice + school complained,Carer,Umwana,"Umwana afite inda mu mutwe, kandi ku ishuri barabitubwiye.",,ROUTINE
1315,vomiting + pregnant + can't keep water down,Self,Ingimbi/Umwangavu,"Ndatwite kandi ndaruka, n’iyo nywa amazi sindayagumana.",,URGENT
1316,wound on the leg + from a cooking pot handle,Self,Umuntu mukuru,Mfite igikomere ku kuguru natewe n’umukono w’inkono.,,URGENT
1317,woman + feels a mass in the lower belly,Self,Umuntu mukuru,Numva hari ikibyimba mu nda yo hasi.,,ROUTINE
1318,cough + started after a chest infection last month,Self,Umwana,"Ndakorora, byatangiye nyuma y’indwara yo mu gatuza nagize ukwezi gushize.",,ROUTINE
1319,pain in the eye + wears someone else's glasses,Self,Umusaza/Umukecuru,Ijisho rirandya kandi maze igihe nkoresha indorerwamo z’undi muntu.,,ROUTINE
1320,child + burn on the buttocks + hot water,Carer,Impinja,Umwana yatwitswe n’amazi ashyushye ku matako.,,URGENT
1321,weakness in the legs after diarrhoea,Self,Umuntu mukuru,Nacitse intege mu maguru nyuma yo kugira impiswi.,,URGENT
1322,asks about spacing after the last birth,Self,Umuntu mukuru,Ndashaka kumenya uko nakwitandukanya n’umwana wa nyuma mu kubyara undi.,,ROUTINE
1323,chest pain + after heavy drinking,Self,Umuntu mukuru,Mu gatuza harandya nyuma yo kunywa inzoga nyinshi.,,URGENT
1324,child + tooth knocked out + brought it,Carer,Umwana,"Umwana yakuwe iryinyo mu mpanuka, kandi twarizanye.",,URGENT
1325,pain at the back of the head + neck stiff,Self,Umuntu mukuru,Umugongo w’umutwe urandya kandi ijosi rirakakaye.,,URGENT
1326,pregnant + fever and chills,Self,Umuntu mukuru,"Ndatwite, mfite umuriro kandi ndakonje nkagira n’akanyeganyega.",,URGENT
1327,skin dark patches on the face + pregnant,Self,Umuntu mukuru,Ndatwite kandi mfite ibibara byijimye mu maso.,,ROUTINE
1328,old woman + wound on the buttock from lying,Carer,Umusaza/Umukecuru,Umukecuru afite igikomere ku itako kubera kumara igihe aryamye.,,ROUTINE
1329,cut on the foot + walked home barefoot,Self,Umuntu mukuru,Nakomeretse ku kirenge maze ngenda nambaye ubusa ibirenge njya mu rugo.,,URGENT
1330,child + arm swollen after a fall + won't straighten,Carer,Umwana,"Umwana yaguye, ukuboko kurabyimba kandi ntashobora kukugorora.",,URGENT
1331,pain in the belly + relieved after stool,Self,Umuntu mukuru,"Ndababara mu nda, ariko iyo maze kwituma biragabanuka.",,ROUTINE
1332,vision blurred + diabetic,Self,Umusaza/Umukecuru,"Amareba yarahindutse, ibintu mbibona nk’ibijimye, kandi ndwaye diyabete.",,ROUTINE
1333,mother + baby's nose blocked + can't feed,Carer,Impinja,Izuru ry’umwana ryafunze kandi ntashobora konka.,,URGENT
1334,pain in the wrist + fell on outstretched hand,Self,Ingimbi/Umwangavu,Ukuboko ku kuboko kurandya nyuma yo kugwa n’ukuboko kurambuye.,,URGENT
1335,cough + lives with someone on TB treatment,Self,Umwana,Ndakorora kandi mbana n’umuntu uri gufata imiti y’igituntu.,,ROUTINE
1336,woman + leaking urine when coughing,Self,Umusaza/Umukecuru,"Iyo nkoroye, inkari ziransohoka.",,ROUTINE
1337,burn on the foot from a motorbike silencer,Self,Umwana,Naratwitswe ku kirenge n’umuyoboro ushyushye wa moto.,,URGENT
1338,asks why the wound is not healing,Self,Umuntu mukuru,Ndashaka kumenya impamvu igikomere kitakira.,,ROUTINE
1339,chest tight + dust storm at the site,Self,Umuntu mukuru,Mu gatuza harafunga cyane kuva habaye umuyaga w’umukungugu aho nkorera.,,URGENT
1340,child + eye turned inward since a fever,Carer,Umwana,Ijisho ry’umwana ryatangiye kureba imbere kuva yagira umuriro.,,URGENT
1341,pain in the testicle after lifting,Self,Umuntu mukuru,Ndababara mu ntanga nyuma yo guterura ikintu kiremereye.,,URGENT
1342,pregnant + very thirsty + urinating a lot,Self,Umuntu mukuru,"Ndatwite, ngira inyota nyinshi kandi nkajya kunyara kenshi.",,ROUTINE
1343,wound from a broken hoe handle + splinter inside,Self,Umuntu mukuru,"Nakomeretse ku mukono w’isekuru wamenetse, kandi hari agati kacyinjiyemo.",,URGENT
1344,old man + confused only at night,Carer,Umusaza/Umukecuru,Umusaza arayoberwa ibintu nijoro gusa.,,ROUTINE
1345,child + will not eat + sores in mouth,Carer,Umwana,Umwana yanga kurya kandi afite ibisebe mu kanwa.,,URGENT
1346,pain in the chest + after vomiting repeatedly,Self,Umuntu mukuru,Mu gatuza harandya nyuma yo kuruka kenshi.,,URGENT
1347,woman + discharge with itching,Self,Umuntu mukuru,Mfite ururenda rusohoka kandi rurandya.,,ROUTINE
1348,cough + only when lying on one side,Self,Umuntu mukuru,Ndakorora iyo ndyamye ku ruhande rumwe gusa.,,ROUTINE
1349,baby + swelling in the groin when crying,Carer,Impinja,Umwana abyimba mu mayasha iyo arira.,,ROUTINE
1350,asks for help to stop drinking,Self,Umuntu mukuru,Ndashaka ubufasha bwo kureka kunywa inzoga.,,ROUTINE
1351,burn on the hand + child grabbed a lamp,Carer,Umwana,"Umwana yafashe itara, atwika ukuboko.",,URGENT
1352,pain in the shoulder + can't reach behind back,Self,Umusaza/Umukecuru,Urutugu rurandya kandi sinshobora kurushyira inyuma y’umugongo.,,ROUTINE
1353,fever + rash + sore throat,Self,Umwana,"Mfite umuriro, ndundurwe kandi ndibwa mu muhogo.",,URGENT
1354,pregnant + swollen and painful leg one side,Self,Umuntu mukuru,"Ndatwite, ukuguru kumwe kurabyimbye kandi kurandya.",,URGENT
1355,wound on the arm + dog chain,Self,Umwana,Mfite igikomere ku kuboko natewe n’umunyururu w’imbwa.,,URGENT
1356,woman + pain when the baby suckles + crack visible,Self,Umuntu mukuru,"Iyo umwana yonka ndababara, kandi ku ibere hari igisebe cyasataguritse.",,ROUTINE
1357,vomiting + head injury a week ago,Self,Ingimbi/Umwangavu,Ndaruka kandi nakomeretse ku mutwe mu cyumweru gishize.,,URGENT
1358,child + coughing after eating groundnuts,Carer,Umwana,Umwana yatangiye gukorora nyuma yo kurya ubunyobwa.,,URGENT
1359,pain in the lower belly + fever + discharge,Self,Umuntu mukuru,"Ndababara mu nda yo hasi, mfite umuriro kandi hari ururenda rusohoka.",,URGENT
1360,old woman + not passing stool a week,Carer,Umusaza/Umukecuru,Umukecuru amaze icyumweru atituma.,,ROUTINE
1361,cut on the finger + at the butchery,Self,Umuntu mukuru,Nakase urutoki nkorera mu ibagiro.,,URGENT
1362,asks whether to continue the tablets while fasting,Self,Umuntu mukuru,Ndashaka kumenya niba nakomeza gufata ibinini nubwo ndi kwiyiriza.,,ROUTINE
1363,child + fell from a motorbike + helmet on,Carer,Umwana,"Umwana yaguye kuri moto, ariko yari yambaye ingofero.",,URGENT
1364,swelling of the tongue + eating new fruit,Self,Umwana,Ururimi rwarabyimbye nyuma yo kurya imbuto nshya.,,CRITICAL
1365,pain in the back + fever + one side,Self,Umuntu mukuru,"Umugongo urandya, mfite umuriro kandi ndababara ku ruhande rumwe.",,URGENT
1366,baby + vomiting like a fountain after feeds,Carer,Impinja,Umwana aruka cyane nk’aho amazi arasohoka nyuma yo konka.,,URGENT
1367,woman + pain after an abortion elsewhere,Self,Ingimbi/Umwangavu,Ndababara nyuma yo gukuramo inda nakorewe ahandi.,,URGENT
1368,chest pain + smoker + 20 years,Self,Umusaza/Umukecuru,"Mu gatuza harandya, maze imyaka 20 nywa itabi.",,URGENT
1369,child + cough + choking on a peanut a week ago,Carer,Umwana,"Umwana arakorora, kandi mu cyumweru gishize yarahagamye kubera ubunyobwa.",,URGENT
1370,pain in the leg after a long cycle ride,Self,Ingimbi/Umwangavu,Ukuguru kurandya nyuma yo gutwara igare igihe kirekire.,,ROUTINE
1371,wound infected + bandage from the market,Self,Umuntu mukuru,Igikomere cyanduye kandi nari nagihambiriye igitambaro naguze ku isoko.,,URGENT
1372,asks if the child can be vaccinated while sick,Carer,Impinja,Ndashaka kumenya niba umwana ashobora gukingirwa arwaye.,,ROUTINE
1373,woman + no period + breastfeeding + is she pregnant?,Self,Umuntu mukuru,Nta mihango ngira kandi ndonsa; ese nshobora kuba ntwite?,,ROUTINE
1374,old man + falling asleep while talking,Carer,Umusaza/Umukecuru,Umusaza ahora asinzira ari kuvuga.,,URGENT
1375,pain in both hands in the morning + eases by noon,Self,Umuntu mukuru,"Amaboko yombi arandya mu gitondo, ariko saa sita biba byagabanutse.",,ROUTINE
1376,child + swollen eyelid + can't open,Carer,Umwana,Ijisho ry’umwana ryabyimbye ku buryo atabasha kurifungura.,,URGENT
1377,fever + hunting in the forest last week,Self,Umuntu mukuru,Mfite umuriro kandi nari nahigiye mu ishyamba mu cyumweru gishize.,,URGENT
1378,pregnant + headache and seeing spots,Self,Umuntu mukuru,"Ndatwite, ndababara umutwe kandi mbona utudomo imbere y’amaso.",,CRITICAL
1379,wound + burned by a car battery acid,Self,Umuntu mukuru,Mfite igikomere natewe na aside ya batiri y’imodoka.,,URGENT
1380,cough + chest pain + after malaria treatment,Self,Umwana,Ndakorora kandi mu gatuza harandya nyuma yo kuvurwa malaria.,,URGENT
1381,woman + pain in one breast + lump felt,Self,Umuntu mukuru,Ibere rimwe rirandya kandi numva harimo akabyimba.,,ROUTINE
1382,child + cries pulling knees up + passes blood,Carer,Impinja,Umwana ararira akiyegereza amavi ku nda kandi yituma amaraso.,,CRITICAL
1383,asks about a wheelchair for a relative,Carer,Umusaza/Umukecuru,Ndashaka kumenya ibyerekeye igare ry’abafite ubumuga bwo kugenda ku bw’umuvandimwe wanjye.,,ROUTINE
1384,pain in the chest + came on while quarrelling,Self,Umuntu mukuru,"Mu gatuza harandya, byatangiye nkiri gutongana n’umuntu.",,URGENT
1385,baby + rash in the nappy area + raw,Carer,Impinja,Umwana afite uburibwe n’udusebe ahashyirwa pampers.,,ROUTINE
1386,man + cannot see out of the corner of one eye,Self,Umusaza/Umukecuru,Sinshobora kubona neza ku ruhande rw’ijisho rimwe.,,URGENT
1387,child + snoring and stops breathing in sleep,Carer,Umwana,Umwana arakorora mu gusinzira kandi rimwe na rimwe agahagarika guhumeka.,,ROUTINE
1388,pain in the foot + stepped on a thorn last month,Self,Umuntu mukuru,"Ikirenge kirandya, nakandagiye ku mugera mu kwezi gushize.",,ROUTINE
1389,woman + bleeding after menopause,Self,Umusaza/Umukecuru,Ndatambuka amaraso nubwo imihango yarahagaze.,,ROUTINE
1390,cough + cannot finish a sentence,Self,Umuntu mukuru,Ndakorora kandi sinshobora kurangiza interuro imwe ntahagaze ngo mpumeke.,,CRITICAL
1391,child + bitten on the lip by a dog,Carer,Umwana,Umwana yarumwe ku munwa n’imbwa.,,URGENT
1392,pain in the back + numbness in one foot,Self,Umuntu mukuru,Umugongo urandya kandi ikirenge kimwe numva cyataye ibyiyumvo.,,ROUTINE
1393,asks about circumcision wound care,Self,Ingimbi/Umwangavu,Ndashaka kumenya uko nakwitaho igikomere cyo gukebwa.,,ROUTINE
1394,woman + husband has been diagnosed with TB,Self,Umuntu mukuru,Umugabo wanjye bamubwiye ko arwaye igituntu.,,ROUTINE
1395,fever + after a blood transfusion,Self,Umuntu mukuru,Nagize umuriro nyuma yo guterwa amaraso.,,URGENT
1396,baby + eyes not following a face,Carer,Impinja,Amaso y’umwana ntabwo akurikira umuntu iyo amureba.,,ROUTINE
1397,pain in the ear + discharge + hearing worse,Self,Umwana,"Ugutwi kurandya, harimo ibintu bisohokamo kandi kumva byaragabanutse.",,ROUTINE
1398,child + thin + hair changed colour,Carer,Umwana,Umwana arananutse kandi umusatsi wahinduye ibara.,,URGENT
1399,pain in the chest + worse in cold air,Self,Ingimbi/Umwangavu,Mu gatuza harandya kandi birushaho kubabaza iyo ndi mu mwuka ukonje.,,ROUTINE
1400,old woman + swelling of one leg + red and hot,Carer,Umusaza/Umukecuru,"Umukecuru afite ukuguru kumwe kubyimbye, gutukura kandi gushyushye.",,URGENT
1500,child + came with a sibling + no complaint,Carer,Umwana,"Umwana yaje ari kumwe na musaza we cyangwa mushiki we, ariko nta kibazo afite.",,ROUTINE
1501,pain in the tooth + only with cold water,Self,Ingimbi/Umwangavu,Iryinyo rirambabaza iyo nyweye amazi akonje gusa.,,ROUTINE
1502,woman + hair falling out in patches,Self,Umuntu mukuru,Umusatsi uragenda ugwa ahantu hamwe hamwe.,,ROUTINE
1503,man + cannot taste food since a cold,Self,Umuntu mukuru,Kuva nagira ibicurane sinshobora kumva uburyohe bw’ibiryo.,,ROUTINE
1504,child + one ear sticks out and is red,Carer,Umwana,Ugutatwi kumwe kw’umwana kurasohoka kandi haratukura.,,URGENT
1505,asks whether the swelling in the neck will need surgery,Self,Umuntu mukuru,Ndashaka kumenya niba uku kubyimba mu ijosi kuzasaba kubagwa.,,ROUTINE
1506,pregnant + constipated + painful,Self,Umuntu mukuru,"Ndatwite, maze iminsi ntituma neza kandi birambabaza.",,ROUTINE
1507,old man + a lump in the belly he can feel,Self,Umusaza/Umukecuru,Numva mfite akabyimba mu nda nshobora gukoraho.,,ROUTINE
1508,child + bruises easily + no injury,Carer,Umwana,Umwana akunda kugira ibibara by’ubururu ku mubiri nubwo atakomeretse.,,URGENT
1509,woman + pain in the coccyx after falling on stairs,Self,Umuntu mukuru,Naguye ku ngazi none igufwa ryo ku mpera y’umugongo rirambabaza.,,ROUTINE
1510,man + ringing in the ears + constant,Self,Umusaza/Umukecuru,Amatwi yanjye ahora arimo urusaku rudashira.,,ROUTINE
1511,baby + cries during and after every feed,Carer,Impinja,Uruhinja rurira igihe cyose ronsa n’iyo rumaze konsa.,,ROUTINE
1512,asks about tablets that cause a dry cough,Self,Umusaza/Umukecuru,Ndashaka kumenya niba hari ibinini bishobora gutera inkorora yumye.,,ROUTINE
1513,child + a worm came out of the nose,Carer,Umwana,Inyo yasohotse mu mazuru y’umwana.,,ROUTINE
1514,pain in the chest wall + after carrying a coffin,Self,Umuntu mukuru,Mu gatuza harambabaza kuva natwara isanduku.,,ROUTINE
1515,woman + face swollen in the morning + protein mentioned,Self,Umuntu mukuru,"Mu gitondo mu maso harabyimba, kandi bambwiye ibya poroteyine.",,URGENT
1516,man + a boil that keeps returning in the same place,Self,Umuntu mukuru,Mfite ikibyimba kirimo amashyira gihora kigaruka ahantu hamwe.,,ROUTINE
1517,child + fell into a cooking pot of porridge,Carer,Impinja,Umwana yaguye mu nkono y’igikoma cyari kiri ku muriro.,,CRITICAL
1518,old woman + dizzy when she stands from prayer,Self,Umusaza/Umukecuru,Iyo mvuye gusenga ngahaguruka ndazungera.,,ROUTINE
1519,asks whether herbs and tablets can be taken together,Self,Umuntu mukuru,Ndashaka kumenya niba nshobora gufata imiti y’ibyatsi hamwe n’ibinini.,,ROUTINE
1520,pain in the groin + a lump that disappears lying down,Self,Umuntu mukuru,Mu mayasha harambabaza kandi mfitemo akabyimba kabura iyo ndyamye.,,ROUTINE
1521,pregnant + baby not turned + 38 weeks,Self,Umuntu mukuru,Ndatwite ibyumweru 38 kandi umwana ntarahinduka ngo abe mu buryo bwo kuvuka.,,ROUTINE
1522,child + wets the bed + was dry for a year,Carer,Umwana,Umwana yongeye kwihagarika mu buriri kandi yari amaze umwaka atabikora.,,ROUTINE
1523,man + cannot open the eyes in the morning + stuck,Self,Umwana,"Mu gitondo sinshobora gufungura amaso, asa n’afashe.",,ROUTINE
1524,woman + pain in the wrist + carrying a baby,Self,Umuntu mukuru,Mu kuboko hafi y’ikiganza harambabaza kuva ntangiye guterura umwana.,,ROUTINE
1525,cough + fever + works in a poultry shed,Self,Umuntu mukuru,"Ndakorora mfite n’umuriro, kandi nkorera ahororerwa inkoko.",,URGENT
1526,old man + weight loss + no appetite + smoker,Self,Umusaza/Umukecuru,"Naratakaje ibiro, nta appetit mfite kandi ndanywa itabi.",,ROUTINE
1527,child + swelling under the arm after a scratch,Carer,Umwana,Umwana yabimbiriye munsi y’ukuboko nyuma yo kwishimagura.,,ROUTINE
1528,asks what to do about a swollen vein in the leg,Self,Umusaza/Umukecuru,Ndashaka kumenya icyo nakora ku mutsi wo ku kuguru wabyimbye.,,ROUTINE
1529,pain in the belly + relieved by vomiting,Self,Umuntu mukuru,Mu nda harambabaza ariko iyo ndutse biroroha.,,ROUTINE
1530,woman + thick discharge + no smell + itching,Self,Ingimbi/Umwangavu,"Hari ibintu byeruruka kandi byinshi biva mu gitsina, nta mpumuro bifite ariko ndishimagura.",,ROUTINE
1531,man + wound on the foot + walks on it anyway,Self,Umusaza/Umukecuru,Mfite igisebe ku kirenge ariko ndacyakandagaho nkagenda.,,ROUTINE
1532,baby + head always turned to one side,Carer,Impinja,Uruhinja ruhora ruhinduye umutwe ku ruhande rumwe.,,ROUTINE
1533,child + fever every month + no diagnosis,Carer,Umwana,Umwana agira umuriro buri kwezi kandi ntituramenya icyo arwaye.,,ROUTINE
1534,asks whether the child should repeat the vaccine,Carer,Impinja,Ndashaka kumenya niba umwana agomba gusubiramo urukingo.,,ROUTINE
1535,pain in the shoulder blade + after a fall on ice-cold floor,Self,Umuntu mukuru,Mu gufa ryo ku rutugu harambabaza kuva nagwa hasi hakonje cyane.,,ROUTINE
1536,old woman + sleeps all day + awake at night,Carer,Umusaza/Umukecuru,"Umukecuru asinzira umunsi wose, nijoro akaba maso.",,ROUTINE
1537,pregnant + itching without a rash,Self,Umuntu mukuru,Ndatwite kandi ndishimagura cyane nubwo nta bisebe mfite ku ruhu.,,URGENT
1538,man + a red streak from a small cut,Self,Umuntu mukuru,Mfite umurongo utukura uturutse ku gisebe gito.,,URGENT
1539,child + drinks from puddles,Carer,Umwana,Umwana anywa amazi yo mu byobo byo mu muhanda.,,ROUTINE
1540,woman + painful lump in the armpit while breastfeeding,Self,Umuntu mukuru,Nonsa kandi mfite akabyimba kababaza munsi y’ukuboko.,,ROUTINE
1541,cough + wheeze + worse near smoke,Self,Umwana,"Ndakorora kandi mpumeka nsakuza, bikarushaho kuba bibi iyo ndi hafi y’umwotsi.",,ROUTINE
1542,asks whether he can drive after the eye drops,Self,Umuntu mukuru,Ndashaka kumenya niba nshobora gutwara imodoka nyuma yo gushyira imiti mu maso.,,ROUTINE
1543,pain in the belly + travels to the back + vomiting,Self,Umuntu mukuru,"Mu nda harambabaza bikagera no mu mugongo, kandi ndaruka.",,URGENT
1544,old man + cannot remember taking the tablets,Carer,Umusaza/Umukecuru,Umusaza ntiyibuka niba yafashe ibinini bye.,,ROUTINE
1545,child + rash worse after being in the sun,Carer,Umwana,Utubyimba two ku ruhu tw’umwana turushaho kuba twinshi iyo ari ku zuba.,,ROUTINE
1546,woman + severe pain with periods + misses work,Self,Ingimbi/Umwangavu,Imihango irambabaza cyane ku buryo hari igihe ntabasha kujya ku ishuri cyangwa ku kazi.,,ROUTINE
1547,man + chest pain when swallowing food,Self,Umuntu mukuru,Mu gatuza harambabaza iyo meze ibiryo.,,ROUTINE
1548,baby + white coating on the tongue,Carer,Impinja,Uruhinja rufite ibintu by’umweru ku rurimi.,,ROUTINE
1549,asks whether the tablets can be shared with a sibling,Carer,Umwana,Ndashaka kumenya niba ibi binini bishobora gusangizwa umuvandimwe we.,,ROUTINE
1550,pain in the ear + cleaned with a stick,Self,Umwana,Uguhimba kurambabaza kandi nagerageje kugusukura n’agati.,,ROUTINE
1551,pregnant + previous caesarean + in labour,Carer,Umuntu mukuru,"Uyu mugore aratwite, mbere yarabazwe, none afite ibise.",,CRITICAL
1552,child + limping + hip pain + no fever,Carer,Umwana,"Umwana aragenda acumbagira, ikibuno kiramubabaza ariko nta muriro afite.",,URGENT
1553,woman + breathless walking to the field + anaemic before,Self,Umuntu mukuru,"Iyo ngiye mu murima ngenda mbura umwuka, kandi mbere narigeze kugira amaraso make.",,URGENT
1554,man + numbness in the hand at night + wakes him,Self,Umuntu mukuru,Nijoro ikiganza kirandondora cyangwa kigasinzira ku buryo binkangura.,,ROUTINE
1555,old woman + sore on the tailbone from a chair,Carer,Umusaza/Umukecuru,Umukecuru afite igisebe ku mpera y’umugongo giturutse ku kwicara ku ntebe.,,ROUTINE
1556,asks about pain relief that will not upset the stomach,Self,Umuntu mukuru,Ndashaka umuti w’ububabare utazambabaza igifu.,,ROUTINE
1557,child + refuses to use one hand after playing,Carer,Impinja,Umwana yanze gukoresha ukuboko kumwe nyuma yo gukina.,,URGENT
1558,cough + chest pain + recently discharged from hospital,Self,Umuntu mukuru,"Ndakorora kandi mu gatuza harambabaza, kandi mperutse kuva mu bitaro.",,URGENT
1559,woman + sudden severe pain in the lower belly + one side,Self,Umuntu mukuru,"Mu nda hasi harambabaza cyane bitunguranye, cyane cyane ku ruhande rumwe.",,URGENT
1560,man + urine is foamy,Self,Umuntu mukuru,Inkari zanjye zirabira nk’ifuro.,,ROUTINE
1561,baby + poor feeding + cold to touch,Carer,Impinja,Uruhinja ntironsa neza kandi iyo urukozemo urumva rukonje.,,CRITICAL
1562,asks whether it is safe to be vaccinated while pregnant,Self,Umuntu mukuru,Ndashaka kumenya niba ari byiza guhabwa urukingo nkiri umugore utwite.,,ROUTINE
1563,child + swelling of both feet + eating little,Carer,Umwana,Umwana ibirenge byombi byarabyimbye kandi arya duke.,,URGENT
1564,pain in the jaw + ear + on one side only,Self,Umuntu mukuru,"Mu rwasaya no mu gutwi harambabaza, byose ku ruhande rumwe gusa.",,ROUTINE
1565,old man + coughing at night + heart tablets,Self,Umusaza/Umukecuru,Nijoro ndakorora kandi mfata ibinini by’umutima.,,URGENT
1566,woman + a lump that moves under the skin,Self,Umuntu mukuru,Mfite akabyimba munsi y’uruhu gashobora kugenda iyo ngakozeho.,,ROUTINE
1567,man + bitten while asleep + marks on the leg,Self,Umuntu mukuru,Narumwe nkiri nsinziriye kandi mfite ibimenyetso ku kuguru.,,CANNOT CLASSIFY
1568,child + fever + refuses to bend the knee,Carer,Umwana,Umwana afite umuriro kandi yanze kugonda ivi.,,URGENT
1569,asks about a rash that comes with stress,Self,Ingimbi/Umwangavu,Ndashaka kumenya iby’utubyimba two ku ruhu tuza iyo mfite stress.,,ROUTINE
1570,pregnant + reduced movement + hot weather,Self,Umuntu mukuru,"Ndatwite, umwana agenda agabanya uko anyeganyega kandi ubu hari ubushyuhe bwinshi.",,URGENT
1571,woman + pain during the whole month + not just periods,Self,Umuntu mukuru,"Ndababara ukwezi kose, si mu gihe cy’imihango gusa.",,ROUTINE
1572,man + weakness after a long fever,Self,Umuntu mukuru,Nacitse intege cyane nyuma yo kugira umuriro umaze igihe.,,ROUTINE
1573,baby + one eye waters constantly,Carer,Impinja,Ijisho rimwe ry’uruhinja rihora ririmo amarira.,,ROUTINE
1574,child + swallowed a coin two weeks ago + fine,Carer,Umwana,"Umwana yamize igiceri hashize ibyumweru bibiri, ariko ubu ameze neza.",,ROUTINE
1575,old woman + burning in the chest + lying down after eating,Self,Umusaza/Umukecuru,Numva mu gatuza haraka cyane cyane iyo ndyamye nyuma yo kurya.,,ROUTINE
1576,asks whether the child needs glasses,Carer,Umwana,Ndashaka kumenya niba umwana akeneye indorerwamo z’amaso.,,ROUTINE
1577,pain in the back + fever + recently gave birth,Self,Umuntu mukuru,"Umugongo urambabaza, mfite n’umuriro kandi mperutse kubyara.",,URGENT
1578,man + swelling of the face in the morning only,Self,Umuntu mukuru,Mu gitondo gusa ni bwo mu maso hanjye habyimba.,,ROUTINE
1579,cough + started after a dusty journey,Self,Umwana,Natangiye gukorora nyuma y’urugendo rwari rufite umukungugu mwinshi.,,ROUTINE
1580,woman + pain in the leg + on family planning pills,Self,Umuntu mukuru,Ukuguru kurambabaza kandi mfata ibinini byo kuboneza urubyaro.,,URGENT
1581,child + a hole in the eardrum seen before,Carer,Umwana,Mbere twigeze kubwirwa ko umwana afite umwobo mu gihuha cy’ugutwi.,,ROUTINE
1582,asks about scars from a burn as a child,Self,Ingimbi/Umwangavu,Ndashaka kumenya niba hari icyo nakora ku nkovu nasigaranye nashya nkiri muto.,,ROUTINE
1583,old man + shortness of breath lying flat + swelling,Self,Umusaza/Umukecuru,Iyo ndyamye ndambuye mbura umwuka kandi mfite n’ukubyimba.,,URGENT
1584,pregnant + fluid leaking + no contractions,Self,Umuntu mukuru,"Ndatwite, amazi arava ariko nta bise mfite.",,URGENT
1585,man + pain in the calf when walking uphill only,Self,Umusaza/Umukecuru,Inyana y’ukuguru irambabaza iyo nzamutse ahantu hahanamye gusa.,,ROUTINE
1586,baby + bulging soft spot,Carer,Impinja,Ahantu horoshye ku mutwe w’uruhinja harabyimbye.,,CRITICAL
1587,child + weight loss + drinking a lot + tired,Carer,Umwana,"Umwana agenda atakaza ibiro, anywa amazi menshi kandi ahora ananiwe.",,URGENT
1588,woman + pain and swelling of one breast + not feeding,Self,Umusaza/Umukecuru,"Ibere rimwe rirambabaza kandi ryarabyimbye, kandi sindonsa.",,URGENT
1589,asks why the tablets must be taken for six months,Self,Umuntu mukuru,Ndashaka kumenya impamvu ngomba gufata ibi binini amezi atandatu.,,ROUTINE
1590,man + injury to the eye + sees a shadow,Self,Umuntu mukuru,Nakomeretse ku jisho none mbona nk’igicucu.,,URGENT
1591,old woman + cannot lift her arm after a fall,Carer,Umusaza/Umukecuru,Umukecuru yaguye none ntashobora kuzamura ukuboko.,,URGENT
1592,child + fever + swelling of the joints one by one,Carer,Umwana,Umwana afite umuriro kandi ingingo zigenda zibyimba imwe imwe.,,URGENT
1593,pain in the belly + cannot eat + losing weight fast,Self,Umusaza/Umukecuru,"Mu nda harambabaza, sinshobora kurya kandi ndimo gutakaza ibiro vuba.",,URGENT
1594,woman + heavy bleeding + clots + dizzy,Self,Umuntu mukuru,Nva amaraso menshi arimo utubumbe kandi ndazungera.,,CRITICAL
1595,man + confusion + diabetic + missed meals,Carer,Umuntu mukuru,"Afite diabete, amaze kutarya neza none arayoberwa kandi ntameze nk’ibisanzwe.",,CRITICAL
1596,baby + jaundice on day two,Carer,Impinja,Uruhinja rwagize umuhondo ku munsi wa kabiri.,,URGENT
1597,asks whether the cough syrup is for children,Carer,Umwana,Ndashaka kumenya niba uyu muti w’inkorora ugenewe abana.,,ROUTINE
1598,child + fell from a window,Carer,Umwana,Umwana yaguye mu idirishya.,,CRITICAL
1599,old man + blood in the urine + painless + smoker,Self,Umusaza/Umukecuru,"Hari amaraso mu nkari ariko nta bubabare mfite, kandi nanywa itabi.",,ROUTINE
1600,pregnant + severe itching + dark urine,Self,Umuntu mukuru,"Ndatwite, ndishimagura cyane kandi inkari zanjye zarijimye.",,URGENT
1601,woman + wound after female circumcision long ago,Self,Umuntu mukuru,Mfite igisebe cyasigaye nyuma yo gukebwa kera.,,ROUTINE
1602,man + pain in the chest + family history + age 40,Self,Umuntu mukuru,"Mfite imyaka 40, mu gatuza harambabaza kandi mu muryango wacu hari abigeze kugira ikibazo nk’iki.",,URGENT
1603,child + squints only when tired,Carer,Umwana,Umwana ahuma amaso cyane iyo ananiwe gusa.,,ROUTINE
1604,asks how often to change the dressing,Self,Umuntu mukuru,Ndashaka kumenya inshuro ngomba guhindura igitambaro cyo ku gikomere.,,ROUTINE
1605,baby + coughing with a whoop sound,Carer,Impinja,Uruhinja rurakorora rugasohora ijwi ridasanzwe iyo ruhumeka.,,URGENT
1606,old woman + pain in all the bones + housebound,Self,Umusaza/Umukecuru,Amagufa yanjye yose arambabaza kandi sinshobora gusohoka mu rugo.,,ROUTINE
1607,pregnant + very swollen hands + rings tight,Self,Umuntu mukuru,"Ndatwite, amaboko yanjye yarabyimbye cyane ku buryo impeta zambanye.",,URGENT
1608,man + a sore that bleeds when shaving,Self,Umusaza/Umukecuru,Mfite igisebe kivamo amaraso iyo niyogosheshe.,,ROUTINE
1609,child + cannot hear whispering,Carer,Umwana,Umwana ntashobora kumva umuntu avugira hasi.,,ROUTINE
1610,woman + pain with a full bladder,Self,Umuntu mukuru,Iyo uruhago rw’inkari rwuzuye ndababara.,,ROUTINE
1611,asks whether the wound needs stitches,Self,Umuntu mukuru,Ndashaka kumenya niba igisebe gikeneye kudodwa.,,URGENT
1612,man + hiccups for three days,Self,Umuntu mukuru,Maze iminsi itatu mfite hiccups zidashira.,,ROUTINE
1613,child + nosebleeds every week,Carer,Umwana,Umwana ava amaraso mu mazuru buri cyumweru.,,ROUTINE
1614,old man + fell twice this week + no warning,Carer,Umusaza/Umukecuru,Umusaza yaguye inshuro ebyiri muri iki cyumweru kandi nta kimenyetso cyabanje kubaho.,,URGENT
1615,pregnant + fainting when lying on her back,Self,Umuntu mukuru,Ndatwite kandi iyo ndyamye umugongo ndazimira.,,ROUTINE
1616,woman + wants testing after her partner's diagnosis,Self,Ingimbi/Umwangavu,Ndashaka kwipimisha nyuma y’uko uwo dukundana asuzumwe akagira indwara.,,ROUTINE
1617,baby + refuses to feed + arching + fever,Carer,Impinja,"Uruhinja rwanze konsa, rujya rusubiza umugongo inyuma kandi rufite umuriro.",,CRITICAL
1618,asks about a child with a hole in the heart mentioned before,Carer,Umwana,Ndashaka kubaza kuri wa mwana twigeze kubwirwa ko afite umwobo mu mutima.,,ROUTINE
1619,man + wound from a bullet years ago + pain returns,Self,Umuntu mukuru,"Nakomeretse n’isasu hashize imyaka, none ububabare bwongeye kugaruka.",,ROUTINE
1620,child + eye injury from a stick + cannot open,Carer,Umwana,Umwana yakubiswe mu jisho n’agati none ntashobora kurifungura.,,URGENT
1621,old woman + swelling of the belly + breathless,Self,Umusaza/Umukecuru,Inda yanjye yarabyimbye kandi ndahumeka nabi.,,URGENT
1622,pain in the neck + after a road accident yesterday,Self,Umuntu mukuru,Ijosi rirambabaza nyuma y’impanuka yo mu muhanda nagize ejo.,,URGENT
1623,woman + pain in the scar from a caesarean two years ago,Self,Umuntu mukuru,Inkovu yo kubagwa hashize imyaka ibiri irambabaza.,,ROUTINE
1624,man + swollen leg after being in plaster,Self,Umuntu mukuru,Ukuguru kwanjye kwarabyimbye nyuma yo gukurwaho plaster.,,URGENT
1625,child + fever + not responding normally,Carer,Umwana,Umwana afite umuriro kandi ntabwo yitaba cyangwa yitwara nk’ibisanzwe.,,CRITICAL
1626,asks whether the medicine can be crushed,Carer,Umusaza/Umukecuru,Ndashaka kumenya niba uyu muti ushobora gusywa.,,ROUTINE
1627,pregnant + pain between the legs when walking,Self,Umuntu mukuru,Ndatwite kandi iyo ngenda ndababara hagati y’amaguru.,,ROUTINE
1628,baby + stool is white,Carer,Impinja,Umusarani w’uruhinja ni umweru.,,URGENT
1629,old man + cannot feel his feet + walks unsteadily,Self,Umusaza/Umukecuru,Sinumva ibirenge kandi iyo ngenda ndanyeganyega.,,ROUTINE
1630,woman + severe pain in the lower back radiating to the front,Self,Umuntu mukuru,Umugongo wo hasi urambabaza cyane kandi ububabare bugera imbere.,,URGENT
1631,man + a lump on the neck that moved quickly,Self,Umuntu mukuru,Mfite akabyimba mu ijosi kagenda vuba.,,ROUTINE
1632,child + fever and a limp + recently had a sore throat,Carer,Umwana,"Umwana afite umuriro kandi aracumbagira, kandi aherutse kubabara mu muhogo.",,URGENT
1633,asks whether he can play football after the injury,Self,Ingimbi/Umwangavu,Ndashaka kumenya niba nshobora kongera gukina umupira nyuma yo gukomereka.,,ROUTINE
1634,woman + no movement + feels unwell + 36 weeks,Self,Umuntu mukuru,"Mfite ibyumweru 36 ntwite, umwana ntanyeganyega kandi nanjye sinumva meze neza.",,CRITICAL
1635,old woman + eyes dry and gritty,Self,Umusaza/Umukecuru,Amaso yanjye yumye kandi numva arimo utuntu duteye nk’umusenyi.,,ROUTINE
1636,pain in the hand + a tingling like ants at night,Self,Umuntu mukuru,Nijoro ukuboko kurambabaza kandi numva gisa n’aho kirimo utunyamasyo tugenda.,,ROUTINE
1637,child + drank a cleaning liquid,Carer,Umwana,Umwana yanyoye umuti wo koza.,,CRITICAL
1638,man + fever + wound from a farm animal bite,Self,Umuntu mukuru,Mfite umuriro kandi mfite igisebe cyatewe no kurumwa n’itungo ryo mu rugo.,,URGENT
1639,baby + breathing pauses while sleeping,Carer,Impinja,Uruhinja ruhagarika guhumeka rimwe na rimwe iyo ruryamye.,,CRITICAL
1640,woman + cannot stop crying since the birth,Self,Umuntu mukuru,Kuva nabuka sinshobora guhagarika kurira.,,ROUTINE
1641,asks whether the tablets caused the yellow eyes,Self,Umuntu mukuru,Ndashaka kumenya niba ibi binini ari byo byatumye amaso yanjye aba umuhondo.,,URGENT
1642,child + joint swollen and hot + cannot move it,Carer,Umwana,"Ingingo y’umwana yarabyimbye kandi irashyushye, ntashobora kuyinyeganyeza.",,URGENT
1643,old man + coughing up frothy pink sputum,Carer,Umusaza/Umukecuru,Umusaza arakorora agasohora amase asa n’amafuro yijimye.,,CRITICAL
1644,pregnant + regular pains every five minutes,Self,Umuntu mukuru,Ndatwite kandi mfite ibise biza buri minota itanu.,,URGENT
1645,man + chest pain at night + wakes him,Self,Umusaza/Umukecuru,Nijoro mu gatuza harambabaza bikankangura.,,URGENT
1646,woman + a lump in the breast that has grown quickly,Self,Umuntu mukuru,Mfite akabyimba mu ibere kagenda gakura vuba.,,ROUTINE
1647,child + abdominal pain + vomiting + no stool,Carer,Umwana,"Umwana aribwa mu nda, araruka kandi ntashobora kwituma.",,URGENT
1648,asks about a relative who cannot take tablets,Carer,Umusaza/Umukecuru,Ndashaka kubaza ku muntu wo mu muryango udashobora gufata ibinini.,,ROUTINE
1649,baby + swelling of the scalp after delivery,Carer,Impinja,Umutwe w’uruhinja warabyimbye nyuma yo kuvuka.,,ROUTINE
1650,old woman + a wound on the leg for years,Self,Umusaza/Umukecuru,Mfite igisebe ku kuguru kimaze imyaka.,,ROUTINE
1651,man + pain in the testicle + sudden + vomiting,Self,Ingimbi/Umwangavu,Intanga yanjye irambabaza cyane bitunguranye kandi ndaruka.,,CRITICAL
1652,woman + unable to pass urine after delivery,Self,Umuntu mukuru,Kuva nabyara sinshobora kwihagarika.,,URGENT
1653,child + severe cough + vomits after coughing + weeks,Carer,Umwana,"Umwana arakorora cyane, akagira no kuruka nyuma yo gukorora, kandi bimaze ibyumweru.",,URGENT
1654,pain in the chest + eased by leaning forward,Self,Ingimbi/Umwangavu,Mu gatuza harambabaza ariko iyo nunamiye imbere biroroha.,,URGENT
1655,asks whether a swelling in the armpit is serious,Self,Umuntu mukuru,Ndashaka kumenya niba akabyimba ko munsi y’ukuboko ari ikibazo gikomeye.,,ROUTINE
1656,old man + sudden loss of speech + recovered,Carer,Umusaza/Umukecuru,Umusaza yahise abura ubushobozi bwo kuvuga ariko nyuma arongera aravuga.,,URGENT
1657,pregnant + reduced movement + bleeding,Self,Umuntu mukuru,"Ndatwite, umwana ntakinyeganyega cyane kandi ndava amaraso.",,CRITICAL
1658,man + deep wound in the palm + cannot grip,Self,Umuntu mukuru,Mfite igisebe kinini mu kiganza kandi sinshobora gufata ikintu neza.,,URGENT
1659,child + very fast breathing + fever + grunting,Carer,Impinja,"Uruhinja ruhumeka vuba cyane, rufite umuriro kandi ruhumeka rusohora amajwi.",,CRITICAL
1660,woman + fever + tender belly + recently delivered,Self,Umuntu mukuru,"Mfite umuriro, inda irambabaza iyo uyikozeho kandi mperutse kubyara.",,URGENT
1661,asks about the child's eyes crossing,Carer,Impinja,Ndashaka kubaza impamvu amaso y’umwana arebana hagati.,,ROUTINE
1662,old woman + weight loss + difficulty swallowing,Self,Umusaza/Umukecuru,Naratakaje ibiro kandi kugotomera cyangwa kumira birangora.,,ROUTINE
1663,man + wound with a foul smell + black skin around,Self,Umusaza/Umukecuru,Mfite igisebe gifite impumuro mbi kandi uruhu rugikikije rwarirabura.,,URGENT
1664,child + not passing urine + swollen face,Carer,Umwana,Umwana ntashobora kwihagarika kandi mu maso harabyimbye.,,URGENT
1665,pain in the head + worse on coughing,Self,Umuntu mukuru,Umutwe urambabaza kandi bikarushaho iyo nkoroye.,,ROUTINE
1666,woman + pain and bleeding + missed two periods,Self,Umuntu mukuru,"Ndababara kandi ndava amaraso, kandi maze kubura imihango inshuro ebyiri.",,URGENT
1667,baby + vomiting + blood in the vomit,Carer,Impinja,Uruhinja ruruka kandi harimo amaraso mu byo rurutse.,,CRITICAL
1668,asks about a wound that reopened after work,Self,Umuntu mukuru,Ndashaka kubaza ku gisebe cyongeye gufunguka nyuma yo gukora akazi.,,ROUTINE
1669,old man + falls + blames the eyes,Carer,Umusaza/Umukecuru,Umusaza ahora agwa kandi avuga ko biterwa n’amaso ye.,,ROUTINE
1670,child + fever + rash + red eyes + cough,Carer,Umwana,"Umwana afite umuriro, utubyimba ku ruhu, amaso atukura kandi arakorora.",,URGENT
1671,man + arm crushed + cold fingers,Carer,Umuntu mukuru,Ukuboko kwe kwarakandamijwe kandi intoki zarakonje.,,CRITICAL
1672,woman + severe pain in the shoulder tip + pregnant,Self,Umuntu mukuru,Ndatwite kandi ku mutwe w’urutugu harambabaza cyane.,,CRITICAL
1673,pain in the leg + cannot bear weight after a fall,Self,Umusaza/Umukecuru,Ukuguru kurambabaza kandi sinshobora kugukandagizaho nyuma yo kugwa.,,URGENT
1674,asks whether the burn needs a dressing daily,Self,Umuntu mukuru,Ndashaka kumenya niba igisebe cy’ubushye kigomba kujya gipfukwa buri munsi.,,ROUTINE
1675,child + head injury + sleepy + one-sided weakness,Carer,Umwana,"Umwana yakomeretse ku mutwe, ahora asinzira kandi uruhande rumwe rwaracitse intege.",,CRITICAL
1676,old woman + coughing blood + weight loss,Self,Umusaza/Umukecuru,Ndakorora nkavamo amaraso kandi ndimo gutakaza ibiro.,,URGENT
1677,man + swollen and painful joint at the base of the big toe,Self,Umuntu mukuru,Ingingo iri ku ntangiriro y’urutoki runini rw’ikirenge yarabyimbye kandi irambabaza.,,URGENT
1678,pregnant + high fever + confused,Carer,Umuntu mukuru,"Uyu mugore aratwite, afite umuriro mwinshi kandi arayoberwa.",,CRITICAL
1679,baby + not moving one arm since birth,Carer,Impinja,Uruhinja ntirunyeganyeza ukuboko kumwe kuva ruvutse.,,ROUTINE
1680,woman + discharge with blood between periods,Self,Umuntu mukuru,Hagati y’imihango havamo ibintu bivanze n’amaraso.,,ROUTINE
1681,asks about a child who eats paper,Carer,Umwana,Ndashaka kubaza ku mwana urya impapuro.,,ROUTINE
1682,man + burning chest + and pain in the arm + sweating,Self,Umusaza/Umukecuru,"Mu gatuza haraka, ukuboko kurambabaza kandi ndabira ibyuya.",,CRITICAL
1683,child + severe diarrhoea + no tears when crying,Carer,Impinja,Uruhinja rufite impiswi nyinshi kandi iyo rurize nta marira ruvamo.,,URGENT
1684,old man + swollen tongue after a new tablet,Self,Umusaza/Umukecuru,Ururimi rwanjye rwarabyimbye nyuma yo gutangira ikinini gishya.,,CRITICAL
1685,woman + severe abdominal pain + fainted at home,Carer,Umuntu mukuru,Uyu mugore aribwa cyane mu nda kandi yazimye ari mu rugo.,,CRITICAL
1686,pain in the back + fever + rigors,Self,Umuntu mukuru,"Umugongo urambabaza, mfite umuriro kandi ndatitira cyane.",,URGENT
1687,child + burn to the mouth from a hot drink,Carer,Impinja,Umwana yashyushye mu kanwa kubera ikinyobwa gishyushye.,,URGENT
1688,asks about the swelling after a dog bite treated at home,Self,Umuntu mukuru,Ndashaka kubaza ku kubyimba kwabayeho nyuma yo kurumwa n’imbwa nkivuriza mu rugo.,,URGENT
1689,man + cannot walk + numb from the waist down,Carer,Umuntu mukuru,Ntashobora kugenda kandi kuva ku rukenyerero kumanuka ntiyumva umubiri.,,CRITICAL
1690,woman + bleeding + 20 weeks + cramping,Self,Umuntu mukuru,"Ndatwite ibyumweru 20, ndava amaraso kandi ndibwa n’inda nk’ifata.",,URGENT
1691,baby + fever + bulging soft spot + vomiting,Carer,Impinja,"Uruhinja rufite umuriro, ahantu horoshye ku mutwe harabyimbye kandi ruruka.",,CRITICAL
1692,old woman + black stool + weakness + on pain tablets,Self,Umusaza/Umukecuru,"Umusarani wanjye wabaye umukara, ndacitse intege kandi mfata ibinini by’ububabare.",,URGENT
1693,child + swelling of the neck + cannot open the mouth,Carer,Umwana,Ijosi ry’umwana ryarabyimbye kandi ntashobora gufungura umunwa.,,CRITICAL
1694,man + chest injury + breathing shallow + pain,Carer,Umuntu mukuru,"Yakomeretse mu gatuza, ahumeka buhoro kandi arababara.",,CRITICAL
1695,pregnant + headache + swollen face + seeing spots,Self,Umuntu mukuru,"Ndatwite, umutwe urambabaza, mu maso harabyimbye kandi mbona utudomo imbere y’amaso.",,CRITICAL
1696,asks to be checked before a long journey,Self,Umusaza/Umukecuru,Ndashaka kwisuzumisha mbere yo gukora urugendo rurerure.,,ROUTINE
1697,child + pale + very tired + spleen mentioned before,Carer,Umwana,"Umwana arerurutse kandi arananirwa cyane, kandi mbere twigeze kubwirwa iby’uruhago rw’amaraso.",,URGENT
1698,woman + fever + wound from delivery + smell,Carer,Umuntu mukuru,Uyu mugore afite umuriro kandi igisebe cyo kubyara gifite impumuro mbi.,,URGENT
1699,old man + cannot pass urine + very distressed,Carer,Umusaza/Umukecuru,Umusaza ntashobora kwihagarika kandi afite umubabaro mwinshi.,,URGENT
1700,man + severe burn + clothes caught fire,Carer,Umuntu mukuru,Yashye cyane nyuma y’uko imyenda ye ifashwe n’umuriro.,,CRITICAL
1701,cough + hoarse voice + teacher,Self,Umuntu mukuru,"Ndakorora kandi ijwi ryanjye ryarahindutse, ndi umwarimu.",,ROUTINE
1702,child + earache after a cold,Carer,Umwana,Umwana yatangiye kubabara mu gutwi nyuma y’ibicurane.,,ROUTINE
1703,woman + tired since starting a new job,Self,Umuntu mukuru,Ndaruha cyane kuva natangira akazi gashya.,,ROUTINE
1704,man + pain in the elbow + carpenter,Self,Umuntu mukuru,Inkokoora irambabaza kandi nkora umwuga w’ububaji.,,ROUTINE
1705,asks about vitamins for a child,Carer,Umwana,Ndashaka kumenya vitamine umwana ashobora gufata.,,ROUTINE
1706,baby + hiccups after every feed,Carer,Impinja,Uruhinja rugira hiccups nyuma ya buri konsa.,,ROUTINE
1707,old man + itchy dry skin in the cold season,Self,Umusaza/Umukecuru,Mu gihe cy’ubukonje uruhu rwanjye ruruma kandi rukuma cyane.,,ROUTINE
1708,pregnant + backache + first pregnancy,Self,Ingimbi/Umwangavu,Ndatwite bwa mbere kandi umugongo urambabaza.,,ROUTINE
1709,child + fell off a swing + grazed knee,Carer,Umwana,Umwana yaguye ku gisoro maze apfukura ivi.,,ROUTINE
1710,woman + mouth ulcers every month,Self,Umuntu mukuru,Buri kwezi ngira ibisebe mu kanwa.,,ROUTINE
1711,man + pain in the ribs after coughing hard,Self,Umuntu mukuru,Imbavu zirambabaza nyuma yo gukorora cyane.,,ROUTINE
1712,asks how to treat lice at home,Carer,Umwana,Ndashaka kumenya uko navura inda zo mu mutwe mu rugo.,,ROUTINE
1713,old woman + constipated since new tablets,Self,Umusaza/Umukecuru,Kuva natangira ibi binini sinshobora kwituma neza.,,ROUTINE
1714,child + snoring since tonsils mentioned,Carer,Umwana,Umwana arakorora mu bitotsi kandi twigeze kubwirwa ko afite ikibazo cya tonsils.,,ROUTINE
1715,woman + smell of the discharge + no itching,Self,Umuntu mukuru,Ibiva mu gitsina bifite impumuro mbi ariko nta kwishimagura mfite.,,ROUTINE
1716,man + sunburn after a day fishing,Self,Umuntu mukuru,Nashye ku zuba nyuma yo kumara umunsi wose kuroba.,,ROUTINE
1717,baby + sneezing and blocked nose,Carer,Impinja,Uruhinja ruritsamura kandi amazuru yarafunze.,,ROUTINE
1718,asks for a repeat of the skin cream,Self,Umwana,Ndashaka kongera guhabwa umuti wo kwisiga ku ruhu.,,ROUTINE
1719,pregnant + leg cramps at night,Self,Umuntu mukuru,Ndatwite kandi nijoro amaguru aramfata.,,ROUTINE
1720,child + cut lip playing,Carer,Umwana,Umwana yakomeretse ku munwa ubwo yakinaga.,,ROUTINE
1721,old man + pain in the knees on stairs,Self,Umusaza/Umukecuru,Amavi arambabaza iyo nzamuka cyangwa manuka ingazi.,,ROUTINE
1722,woman + tired + heavy periods + vegetarian,Self,Ingimbi/Umwangavu,"Ndaruha, ngira imihango myinshi kandi sinarya inyama.",,ROUTINE
1723,man + blister on the heel from boots,Self,Umuntu mukuru,Mfite igisebe cy’uruhu ku gatsinsino cyatewe n’inkweto za bote.,,ROUTINE
1724,asks about the child's weight on the card,Carer,Impinja,Ndashaka kumenya ibiro by’umwana biri ku ikarita y’ikura.,,ROUTINE
1725,child + stomach ache before exams,Carer,Ingimbi/Umwangavu,Umwana aribwa mu nda iyo ibizamini byegereje.,,ROUTINE
1726,woman + painful cracked heels,Self,Umuntu mukuru,Agatsinsino karimo imishishihuko kandi karambabaza.,,ROUTINE
1727,old man + cough in the morning only + smoker,Self,Umusaza/Umukecuru,Nkorora mu gitondo gusa kandi ndanywa itabi.,,ROUTINE
1728,baby + nappy rash not improving,Carer,Impinja,Uruhinja rufite ibiheri ku kibuno kubera diaper kandi ntibigabanuka.,,ROUTINE
1729,man + itchy groin,Self,Ingimbi/Umwangavu,Mu mayasha harandya cyane.,,ROUTINE
1730,asks whether to worry about a child's freckles,Carer,Umwana,Ndashaka kumenya niba nakwirinda cyangwa ngahangayikira utudomo two ku ruhu tw’umwana.,,ROUTINE
1731,pregnant + tired and dizzy standing in queues,Self,Umuntu mukuru,"Ndatwite, ndaruha kandi ndazungera iyo mpagaze mu murongo igihe kirekire.",,ROUTINE
1732,child + splinter in the finger,Carer,Umwana,Umwana afite akantu k’inkwi kinjiye mu rutoki.,,ROUTINE
1733,woman + sore nipples in the first week,Self,Umuntu mukuru,Mu cyumweru cya mbere umutwe w’ibere warambabazaga.,,ROUTINE
1734,old woman + cannot thread a needle any more,Self,Umusaza/Umukecuru,Sinkibasha gushyira urudodo mu rushinge.,,ROUTINE
1735,man + boil on the buttock,Self,Umuntu mukuru,Mfite ikibyimba kirimo amashyira ku kibuno.,,ROUTINE
1736,asks about a mole that has always been there,Self,Umuntu mukuru,Ndashaka kubaza ku kimenyetso cyo ku ruhu maze igihe mfite.,,ROUTINE
1737,child + fever after a long day in the sun,Carer,Umwana,Umwana yagize umuriro nyuma yo kumara umunsi wose ku zuba.,,ROUTINE
1738,woman + burning when passing urine + drinks little,Self,Umuntu mukuru,Iyo nihagarika ndumva haraka kandi sinywa amazi menshi.,,ROUTINE
1739,man + neck pain after sleeping on the floor,Self,Umuntu mukuru,Ijosi rirambabaza kuva narara hasi.,,ROUTINE
1740,baby + crying in the evening every day,Carer,Impinja,Uruhinja rurira buri munsi nimugoroba.,,ROUTINE
1741,old man + toenail thick and yellow,Self,Umusaza/Umukecuru,Urutoki rw’ukuguru rufite umusumari mwinshi kandi w’umuhondo.,,ROUTINE
1742,child + rash on the hands and feet + fever,Carer,Umwana,Umwana afite utubyimba ku biganza no ku birenge kandi afite umuriro.,,ROUTINE
1743,asks whether a child can swim with an ear infection,Carer,Umwana,Ndashaka kumenya niba umwana ashobora koga afite infection yo mu gutwi.,,ROUTINE
1744,woman + pimples worse before periods,Self,Ingimbi/Umwangavu,Ibiheri byo mu maso birushaho kuba byinshi mbere y’imihango.,,ROUTINE
1745,man + dry cough after starting new pressure tablets,Self,Umuntu mukuru,Natangiye gukorora inkorora yumye kuva natangira ibinini bishya by’umuvuduko w’amaraso.,,ROUTINE
1746,pregnant + bleeding gums,Self,Umuntu mukuru,Ndatwite kandi ishinya rirava amaraso.,,ROUTINE
1747,child + one tooth growing behind another,Carer,Umwana,Iryinyo rimwe ry’umwana rirakura inyuma y’irindi.,,ROUTINE
1748,old woman + cannot open a jar + weak grip,Self,Umusaza/Umukecuru,Sinshobora gufungura ikibindi kandi ukuboko kwanjye ntigufata neza.,,ROUTINE
1749,man + back pain relieved by lying down,Self,Umuntu mukuru,Umugongo urambabaza ariko iyo ndyamye biroroha.,,ROUTINE
1750,asks about a child who talks in his sleep,Carer,Umwana,Ndashaka kubaza ku mwana uvugira mu bitotsi.,,ROUTINE
1751,woman + numb fingers while breastfeeding at night,Self,Umuntu mukuru,Nijoro iyo nonsa intoki zirandondora kandi nkumva ntazumva neza.,,ROUTINE
1752,baby + small white spots on the face,Carer,Impinja,Uruhinja rufite utudomo duto tw’umweru mu maso.,,ROUTINE
1753,child + scraped knee + dirt inside,Carer,Umwana,Umwana yakomerekeje ivi ku butaka kandi harimo umwanda.,,ROUTINE
1754,man + ear blocked with wax,Self,Umusaza/Umukecuru,Ugutwi kwanjye kwafunzwe n’umwanda wo mu gutwi.,,ROUTINE
1755,pregnant + swollen feet at the end of the day,Self,Umuntu mukuru,Ndatwite kandi ku mugoroba ibirenge birabyimba.,,ROUTINE
1756,old man + slow to start passing urine,Self,Umusaza/Umukecuru,Iyo ngiye kwihagarika bitinda gutangira inkari gusohoka.,,ROUTINE
1757,woman + thrush after antibiotics,Self,Umuntu mukuru,Nagiranye infection yo mu gitsina nyuma yo gufata antibiyotike.,,ROUTINE
1758,child + sore throat + no fever,Carer,Umwana,Umwana aribwa mu muhogo ariko nta muriro afite.,,ROUTINE
1759,asks about painkillers for a toothache until the dentist,Self,Umuntu mukuru,Ndashaka umuti w’ububabare bw’iryinyo wampfasha kugeza ngeze kwa muganga w’amenyo.,,ROUTINE
1760,man + itching after swimming in the lake,Self,Ingimbi/Umwangavu,Ndatangira kwishimagura nyuma yo koga mu kiyaga.,,ROUTINE
1761,baby + eye discharge in the morning only,Carer,Impinja,Mu gitondo gusa ni bwo mu jisho ry’uruhinja havamo ibintu.,,ROUTINE
1762,old woman + tired since a bereavement,Self,Umusaza/Umukecuru,Kuva napfusha ndumva ndaruha kandi nta mbaraga mfite.,,ROUTINE
1763,child + bitten by ants,Carer,Umwana,Umwana yarumwe n’amasazi mato cyangwa utunyamasyo.,,ROUTINE
1764,woman + hair thinning after the birth,Self,Umuntu mukuru,Umusatsi wanjye watangiye kugabanuka nyuma yo kubyara.,,ROUTINE
1765,man + backache + drives a truck,Self,Umuntu mukuru,Umugongo urambabaza kandi nkora akazi ko gutwara ikamyo.,,ROUTINE
1766,asks about a scar that itches,Self,Umuntu mukuru,Ndashaka kubaza ku nkovu ihora indya.,,ROUTINE
1767,pregnant + cannot sleep on either side,Self,Umuntu mukuru,Ndatwite kandi sinshobora kuryama ku ruhande urwo ari rwo rwose.,,ROUTINE
1768,child + wart on the hand,Carer,Umwana,Umwana afite ikibyimba gito ku kuboko.,,ROUTINE
1769,old man + dry mouth at night,Self,Umusaza/Umukecuru,Nijoro umunwa urakama cyane.,,ROUTINE
1770,woman + pain in the hip late in pregnancy,Self,Umuntu mukuru,Ndatwite hafi kubyara kandi ikibuno kirambabaza.,,ROUTINE
1771,man + eye twitching for a week,Self,Umuntu mukuru,Maze icyumweru ijisho ryanjye rinyeganyega.,,ROUTINE
1772,baby + green stool,Carer,Impinja,Umusarani w’uruhinja ni icyatsi.,,ROUTINE
1773,child + fear of the dark + not sleeping,Carer,Umwana,Umwana atinya umwijima kandi ntasinzira neza.,,ROUTINE
1774,asks about a diet for high pressure,Self,Umusaza/Umukecuru,Ndashaka kumenya indyo umuntu ufite umuvuduko w’amaraso yakurikiza.,,ROUTINE
1775,woman + pain when the coil was fitted + settled,Self,Umuntu mukuru,Coil bayishyiramo yarambabaje ariko ubu ububabare bwarashize.,,ROUTINE
1776,man + smelly feet + itchy between toes,Self,Ingimbi/Umwangavu,Ibirenge byanjye binuka kandi hagati y’intoki z’ibirenge harandya.,,ROUTINE
1777,old woman + cannot get comfortable in bed,Self,Umusaza/Umukecuru,Sinabona uko ndyama neza mu buriri ngo numve norohewe.,,ROUTINE
1778,child + bruise on the shin from football,Carer,Umwana,Umwana yakubiswe ku nyana y’ukuguru akina umupira hasigara ibara ry’ubururu.,,ROUTINE
1779,pregnant + strange food cravings + eating clay,Self,Umuntu mukuru,"Ndatwite, nkunda kurya ibintu bidasanzwe kandi natangiye no kurya ibumba.",,ROUTINE
1780,man + sore on the tongue from a broken tooth,Self,Umuntu mukuru,Mfite igisebe ku rurimi cyatewe n’iryinyo ryavunitse.,,ROUTINE
1781,baby + skin peeling in the first week,Carer,Impinja,Mu cyumweru cya mbere uruhu rw’uruhinja rwatangiye kuvaho.,,ROUTINE
1782,asks whether the child can have the vaccine late,Carer,Umwana,Ndashaka kumenya niba umwana ashobora guhabwa urukingo atinze.,,ROUTINE
1783,woman + cannot lose weight after three children,Self,Umuntu mukuru,Nabyaye abana batatu ariko ibiro ntibigabanuka.,,ROUTINE
1784,old man + eyes water in the wind,Self,Umusaza/Umukecuru,Iyo hari umuyaga amaso arandira.,,ROUTINE
1785,child + sucking thumb + teeth pushed forward,Carer,Umwana,Umwana anyunyuza igikumwe kandi amenyo yatangiye kujya imbere.,,ROUTINE
1786,man + cough from the dust on the road,Self,Umuntu mukuru,Umukungugu wo mu muhanda utuma nkorora.,,ROUTINE
1787,pregnant + worried the baby is small,Self,Umuntu mukuru,Ndatwite kandi mpangayikishijwe n’uko umwana yaba ari muto.,,ROUTINE
1788,woman + pain in the breast before periods only,Self,Ingimbi/Umwangavu,Ibere rirambabaza mbere y’imihango gusa.,,ROUTINE
1789,asks about drinking water quality at home,Self,Umuntu mukuru,Ndashaka kumenya niba amazi tunywa mu rugo ari meza.,,ROUTINE
1790,child + won't eat vegetables + mother worried,Carer,Umwana,Umwana yanga kurya imboga kandi ndahangayitse.,,ROUTINE
1791,old woman + forgets names but manages at home,Self,Umusaza/Umukecuru,Hari amazina ntangiye kwibagirwa ariko ndacyabasha kwiyitaho mu rugo.,,ROUTINE
1792,man + cut shaving that will not stop,Self,Umuntu mukuru,Niyogoshe nikata none igisebe ntigihagarika kuva amaraso.,,URGENT
1793,baby + startles at every noise,Carer,Impinja,Uruhinja rutera hejuru igihe cyose rwumvise urusaku.,,ROUTINE
1794,child + bedwetting + new baby at home,Carer,Umwana,Umwana yongeye kwihagarika mu buriri kuva umwana mushya yaza mu rugo.,,ROUTINE
1795,woman + itchy eyes in the dry season,Self,Umuntu mukuru,Mu gihe cy’izuba amaso arandya cyane.,,ROUTINE
1796,man + snoring + wife complains,Self,Umuntu mukuru,Ndasinzirira nkonora kandi umugore wanjye ahora abimbwira.,,ROUTINE
1797,asks about exercise after a heart problem,Self,Umusaza/Umukecuru,Ndashaka kumenya imyitozo nakora nyuma yo kugira ikibazo cy’umutima.,,ROUTINE
1798,pregnant + worried about the previous delivery,Self,Umuntu mukuru,Ndatwite kandi mpangayikishijwe n’uko nabyaye ubushize.,,ROUTINE
1799,child + ear wax + cannot hear well,Carer,Umwana,Umwana afite umwanda mwinshi mu gutwi kandi ntumva neza.,,ROUTINE
1800,old man + dizzy after standing in church,Self,Umusaza/Umukecuru,Iyo mvuye mu rusengero ngahaguruka ndazungera.,,ROUTINE
1801,man + sudden severe headache lifting a sack,Self,Umuntu mukuru,Natoye umufuka none umutwe wanjye wababaye cyane bitunguranye.,,CRITICAL
1802,child + fever + stiff neck + rash that does not fade,Carer,Umwana,"Umwana afite umuriro, ijosi ryarafashe kandi afite utubyimba tutagenda iyo ubikandagiye.",,CRITICAL
1803,woman + no movement + 39 weeks + came alone,Self,Umuntu mukuru,"Ndatwite ibyumweru 39, umwana ntanyeganyega kandi naje jyenyine.",,URGENT
1804,old man + chest pain + collapsed at the door,Carer,Umusaza/Umukecuru,Umusaza yari ababaye mu gatuza maze agwa ku muryango.,,CRITICAL
1805,baby + not breathing normally + cold + floppy,Carer,Impinja,"Uruhinja ntiruhumeka neza, rurakonje kandi umubiri wararembye cyane.",,CRITICAL
1806,child + burn from a paraffin stove + face and chest,Carer,Umwana,Umwana yashywe na mucanira wa paraffine mu maso no mu gatuza.,,CRITICAL
1807,man + machete wound to the head + confused,Carer,Umuntu mukuru,Yakomeretse ku mutwe n’umuhoro kandi ubu arayoberwa.,,CRITICAL
1808,woman + convulsion at home + pregnant + 34 weeks,Carer,Umuntu mukuru,"Uyu mugore yatakaje ubwenge agira ibinya ari mu rugo, aratwite ibyumweru 34.",,CRITICAL
1809,asks urgently + husband vomiting blood in the car,Carer,Umuntu mukuru,"Ndabasaba ubufasha bwihuse, umugabo wanjye araruka amaraso ari mu modoka.",,CRITICAL
1810,child + swallowed tablets found in a handbag,Carer,Umwana,Umwana yamize ibinini nabonye mu gikapu.,,CRITICAL
1811,old woman + sudden weakness + cannot speak,Carer,Umusaza/Umukecuru,Umukecuru yagize intege nke zitunguranye kandi ntashobora kuvuga.,,CRITICAL
1812,man + electrocuted + thrown from a ladder,Carer,Umuntu mukuru,Yakubiswe n’umuriro w’amashanyarazi maze ajugunywa ku ngazi.,,CRITICAL
1813,woman + delivered in a taxi on the way,Carer,Umuntu mukuru,Uyu mugore yabyariye muri taxi turi mu nzira.,,CRITICAL
1814,child + drowning + pulled from the river + coughing,Carer,Umwana,"Umwana yarohamye mu mazi, tumukuramo mu ruzi none arakorora.",,CRITICAL
1815,man + stabbed + wound in the belly,Carer,Ingimbi/Umwangavu,Yatewe icyuma kandi afite igisebe mu nda.,,CRITICAL
1816,baby + born at home + not crying,Carer,Impinja,Uruhinja rwavukiye mu rugo ariko ntirurira.,,CRITICAL
1817,old man + fell + head wound + on blood thinners,Carer,Umusaza/Umukecuru,Umusaza yaguye akomereka ku mutwe kandi afata imiti igabanya gutembera kw’amaraso.,,CRITICAL
1818,child + severe allergic swelling after a bee sting,Carer,Umwana,Umwana yarabyimbye cyane nyuma yo kurumwa n’inzuki.,,CRITICAL
1819,woman + cord prolapse felt at home,Carer,Umuntu mukuru,Uyu mugore yumvise ururenda rw’umwana rwasohotse ari mu rugo.,,CRITICAL
1820,man + crushed under a vehicle + conscious,Carer,Umuntu mukuru,Yakandamijwe n’imodoka ariko aracyafite ubwenge.,,CRITICAL
1821,woman + follow-up + wound healing well,Self,Umuntu mukuru,Naje kongera kwisuzumisha kandi igisebe kirimo gukira neza.,,ROUTINE
1822,child + follow-up after pneumonia + eating again,Carer,Umwana,Naje kongera gusuzumisha umwana nyuma y’umusonga kandi yongeye kurya.,,ROUTINE
1823,man + returns for the blood pressure reading,Self,Umusaza/Umukecuru,Nagarutse gupimisha umuvuduko w’amaraso.,,ROUTINE
1824,asks for the next appointment date,Self,Umuntu mukuru,Ndashaka kumenya itariki yo kongera kubonana na muganga.,,ROUTINE
1825,woman + comes for the results of the biopsy,Self,Umuntu mukuru,Naje kureba ibisubizo bya biopsy nakoze.,,ROUTINE
1826,old man + monthly diabetic review,Self,Umusaza/Umukecuru,Naje kwisuzumisha diabete nk’uko mbikora buri kwezi.,,ROUTINE
1827,child + review after a fracture + plaster off,Carer,Umwana,Naje kongera gusuzumisha umwana nyuma yo kuvunika kandi plaster yaravanyweho.,,ROUTINE
1828,asks whether the dose should change now,Self,Umuntu mukuru,Ndashaka kumenya niba igipimo cy’umuti kigomba guhinduka ubu.,,ROUTINE
1829,woman + postnatal check at six weeks,Self,Umuntu mukuru,"Naje kwisuzumisha nyuma yo kubyara, maze ibyumweru bitandatu.",,ROUTINE
1830,man + returns because the cough has settled,Self,Umuntu mukuru,Nagarutse kuko inkorora yamaze kugabanuka.,,ROUTINE
1831,child + review after ear infection + hearing fine,Carer,Umwana,"Naje kongera gusuzumisha umwana nyuma ya infection yo mu gutwi, kandi ubu yumva neza.",,ROUTINE
1832,asks to transfer care to a clinic nearer home,Self,Umuntu mukuru,Ndashaka ko ubuvuzi bwanjye bwimurirwa ku ivuriro riri hafi y’iwacu.,,ROUTINE
1833,woman + brings the card from the other hospital,Self,Umuntu mukuru,Nazanye ikarita yanjye yo mu bindi bitaro.,,ROUTINE
1834,old woman + review after a fall + walking again,Self,Umusaza/Umukecuru,"Naje kongera kwisuzumisha nyuma yo kugwa, ubu nongeye kugenda.",,ROUTINE
1835,man + brings the X-ray he was told to collect,Self,Umuntu mukuru,Nazanye X-ray nabwiwe ko ngomba kuzana.,,ROUTINE
1836,asks whether he still needs the follow-up,Self,Umuntu mukuru,Ndashaka kumenya niba nkiri ngombwa ko nsubira kwisuzumisha.,,ROUTINE
1837,child + brings the growth card + all normal,Carer,Impinja,Nazanye ikarita y’ikura y’umwana kandi byose ni ibisanzwe.,,ROUTINE
1838,woman + wants the results explained again,Self,Umuntu mukuru,Ndashaka ko ibisubizo byongera kunsobanurirwa.,,ROUTINE
1839,man + review after starting TB treatment two weeks ago,Self,Umuntu mukuru,Naje kwisuzumisha nyuma y’ibyumweru bibiri ntangiye imiti ya TB.,,ROUTINE
1840,old man + asks whether he can reduce the tablets,Self,Umusaza/Umukecuru,Ndashaka kumenya niba nshobora kugabanya ibinini mfata.,,ROUTINE
1841,woman + wants to know if she can have another child,Self,Umuntu mukuru,Ndashaka kumenya niba nshobora kongera kubyara undi mwana.,,ROUTINE
1842,man + brought by police + injured in custody,Carer,Ingimbi/Umwangavu,Yazanywe na polisi kandi yakomeretse ari afunze.,,URGENT
1843,child + brought by a stranger + found alone + hurt,Carer,Umwana,"Umwana yazanywe n’umuntu tutazi, bamusanze ari wenyine kandi yakomeretse.",,URGENT
1844,woman + refugee + no documents + pregnant,Self,Umuntu mukuru,"Ndi impunzi, nta byangombwa mfite kandi ndatwite.",,ROUTINE
1845,man + deaf + communicates in writing + chest pain,Self,Umuntu mukuru,"Ndi igipfamatwi, mvugana n’abandi nandika kandi mu gatuza harambabaza.",,URGENT
1846,woman + blind + brought by a child + fever,Carer,Umusaza/Umukecuru,"Uyu mukecuru ni impumyi, yazanywe n’umwana kandi afite umuriro.",,URGENT
1847,child + with a disability + cannot say where it hurts,Carer,Umwana,Umwana afite ubumuga kandi ntashobora kuvuga aho bimubabaza.,,CANNOT CLASSIFY
1848,man + does not speak Kinyarwanda + gestures at his side,Carer,Umuntu mukuru,"Nta Kinyarwanda avuga, yerekana gusa aho ku ruhande bimubabaza.",,CANNOT CLASSIFY
1849,woman + very hard of hearing + repeats the question,Self,Umusaza/Umukecuru,"Numva bigoye cyane, ni yo mpamvu mpora nsaba ko ikibazo gisubirwamo.",,ROUTINE
1850,man + mentally unwell + brought by family + wound,Carer,Umuntu mukuru,"Uyu muntu ntameze neza mu mutwe, yazanywe n’umuryango kandi afite igisebe.",,URGENT
1851,child + lives on the street + infected foot,Self,Umwana,Ntuye mu muhanda kandi ikirenge cyanjye cyafashwe n’ubwandu.,,URGENT
1852,woman + prisoner + escorted + abdominal pain,Self,Umuntu mukuru,Ndi umufungwa nazanywe n’abarinzi kandi ndababara mu nda.,,CANNOT CLASSIFY
1853,old man + lives alone + not eaten in days,Carer,Umusaza/Umukecuru,Umusaza aba wenyine kandi amaze iminsi atarya.,,URGENT
1854,woman + cannot afford transport for the referral,Self,Umuntu mukuru,Nta bushobozi mfite bwo kwishyura transport yo kujya aho bantumye.,,ROUTINE
1855,man + works far away + wants six months of tablets,Self,Umuntu mukuru,Nkora kure kandi ndashaka imiti y’amezi atandatu.,,ROUTINE
1856,child + parent died + grandmother now caring,Carer,Umwana,Umubyeyi w’umwana yarapfuye none nyirakuru ni we umurera.,,ROUTINE
1857,woman + afraid her husband will find out she came,Self,Umuntu mukuru,Ndatinya ko umugabo wanjye yamenya ko naje hano.,,CANNOT CLASSIFY
1858,man + came for a relative who cannot travel,Carer,Umusaza/Umukecuru,Naje kurebera umuvandimwe wanjye udashobora gukora urugendo.,,CANNOT CLASSIFY
1859,woman + wants a letter to say she cannot do heavy work,Self,Umuntu mukuru,Ndashaka ibaruwa ivuga ko ntashobora gukora akazi k’ingufu.,,ROUTINE
1860,man + says he has been sent by a healer to confirm,Self,Umuntu mukuru,Umuvuzi gakondo ni we wanyoherereje ngo nze kubyemeza.,,CANNOT CLASSIFY
1861,cough + started the day after a vaccination,Self,Umwana,Natangiye gukorora umunsi wakurikiye urukingo.,,ROUTINE
1862,woman + sore throat + cannot swallow tablets,Self,Umuntu mukuru,Umuhogo urambabaza kandi sinshobora kumira ibinini.,,ROUTINE
1863,man + wound treated with engine oil,Self,Umuntu mukuru,Igisebe nagisizeho amavuta ya moteri.,,ROUTINE
1864,child + honey put on a burn at home,Carer,Umwana,Mu rugo twasize ubuki ku gisebe cy’ubushye cy’umwana.,,ROUTINE
1865,old woman + given an injection at a shop,Self,Umusaza/Umukecuru,Nahawe urushinge kwa muganga w’akabari cyangwa ku iduka.,,ROUTINE
1866,pregnant + was told to drink herbs to make labour easier,Self,Umuntu mukuru,Ndatwite kandi bambwiye kunywa imiti y’ibyatsi kugira ngo ibise bigende neza.,,ROUTINE
1867,man + took double the dose to get better faster,Self,Umuntu mukuru,Nafashe inshuro ebyiri z’igipimo kugira ngo nkire vuba.,,CANNOT CLASSIFY
1868,woman + shares her tablets with a sister,Self,Umuntu mukuru,Nsangira ibinini byanjye na mushiki wanjye.,,ROUTINE
1869,child + given adult tablets cut in half,Carer,Umwana,Umwana yahawe ibinini by’abantu bakuru byacaguwe mo kabiri.,,CANNOT CLASSIFY
1870,man + stopped the tablets because of a dream,Self,Umuntu mukuru,Naretse ibinini kubera inzozi nagize.,,ROUTINE
1871,woman + uses a herbal wash + itching worse,Self,Umuntu mukuru,Nkoresha umuti w’ibyatsi wo kwiyuhagira ariko kwishimagura byarushijeho kuba bibi.,,ROUTINE
1872,old man + refuses the injection + wants tablets only,Self,Umusaza/Umukecuru,"Nanze urushinge, nshaka ibinini gusa.",,ROUTINE
1873,child + tied a string on the swelling,Carer,Umwana,Umwana bamuzirikiye akagozi ku kabyimba.,,ROUTINE
1874,woman + drank salt water for the swelling,Self,Umuntu mukuru,Nanyoye amazi arimo umunyu kubera kubyimba.,,ROUTINE
1875,man + applied ash to the wound,Self,Umuntu mukuru,Nashyize ivu ku gisebe.,,ROUTINE
1876,pregnant + not taking the iron because of nausea,Self,Umuntu mukuru,Ndatwite ariko sinfata imiti y’amaraso kubera ko inyobera.,,ROUTINE
1877,woman + used a neighbour's eye drops,Self,Umusaza/Umukecuru,Nakoresheje imiti y’amaso y’umuturanyi.,,ROUTINE
1878,man + buys the tablets loose from a kiosk,Self,Umuntu mukuru,Nshaka ibinini bitapfunyitse mbigura ku kiosque.,,ROUTINE
1879,child + given tea instead of feeds,Carer,Impinja,Uruhinja rwahawe icyayi aho konsa.,,URGENT
1880,old woman + hides the tablets and does not take them,Carer,Umusaza/Umukecuru,Umukecuru ahisha ibinini bye kandi ntabyifata.,,ROUTINE
1881,man + pain in the chest + wants to leave before being seen,Self,Umuntu mukuru,Mu gatuza harambabaza kandi ndashaka kugenda ntarasuzumwa.,,URGENT
1882,woman + says she will come back tomorrow + bleeding,Self,Umuntu mukuru,Ndava amaraso ariko ndavuga nti nzagaruka ejo.,,URGENT
1883,child + parent wants to take him home against advice,Carer,Umwana,Umubyeyi ashaka kujyana umwana mu rugo nubwo yabwiwe kutagenda.,,CANNOT CLASSIFY
1884,man + refuses to give his name,Self,Umuntu mukuru,Nanze kuvuga izina ryanjye.,,CANNOT CLASSIFY
1885,woman + says she has no money for the tests,Self,Umuntu mukuru,Nta mafaranga mfite yo kwishyura ibizamini.,,ROUTINE
1886,old man + wants a second opinion before the operation,Self,Umusaza/Umukecuru,Mbere yo kubagwa ndashaka kubanza kumva igitekerezo cya muganga wa kabiri.,,ROUTINE
1887,woman + will not undress for examination,Self,Umuntu mukuru,Sinshaka kwiyambura ngo bansuzume.,,ROUTINE
1888,man + asks whether the illness can be kept secret,Self,Umuntu mukuru,Ndashaka kumenya niba indwara yanjye ishobora kugirwa ibanga.,,ROUTINE
1889,child + parent asks for antibiotics for a cold,Carer,Umwana,Umubyeyi asaba antibiyotike ku mwana ufite ibicurane.,,ROUTINE
1890,woman + insists she needs an injection not tablets,Self,Umuntu mukuru,Nshaka urushinge aho kumpa ibinini.,,ROUTINE
1891,man + came because the church told him to,Self,Umuntu mukuru,Naje kuko itorero ari ryo ryambwiye kuza.,,CANNOT CLASSIFY
1892,woman + came because of a dream about her health,Self,Umusaza/Umukecuru,Naje kubera inzozi narose zerekeye ubuzima bwanjye.,,CANNOT CLASSIFY
1893,man + wants only a certificate + no examination,Self,Umuntu mukuru,"Ndashaka icyemezo gusa, sinshaka ko bansuzuma.",,ROUTINE
1894,woman + asks for the same tablets as her neighbour,Self,Umuntu mukuru,Ndashaka ibinini nk’ibyo umuturanyi wanjye afata.,,ROUTINE
1895,old man + came because the family insisted + denies symptoms,Self,Umusaza/Umukecuru,"Naje kuko umuryango wansabye kuza, ariko njye nta bimenyetso by’uburwayi mfite.",,ROUTINE
1896,child + parent asks whether the illness is a curse,Carer,Umwana,Umubyeyi arashaka kumenya niba uburwayi bw’umwana ari umuvumo.,,ROUTINE
1897,woman + asks whether the medicine causes infertility,Self,Ingimbi/Umwangavu,Ndashaka kumenya niba uyu muti utera kutabyara.,,ROUTINE
1898,man + asks whether he can still work while on treatment,Self,Umuntu mukuru,Ndashaka kumenya niba nshobora gukomeza gukora ndi ku miti.,,ROUTINE
1899,woman + asks whether she can breastfeed while ill,Self,Umuntu mukuru,Ndashaka kumenya niba nshobora gukomeza konsa nkiri ndwaye.,,ROUTINE
1900,man + asks what happens if he stops the treatment,Self,Umuntu mukuru,Ndashaka kumenya uko bigenda nindeka imiti.,,ROUTINE
1901,pain in the belly + relieved by pressing,Self,Umuntu mukuru,Mu nda harambabaza ariko iyo nyikandagiye biroroha.,,ROUTINE
1902,child + nose bleeding after picking,Carer,Umwana,Umwana yavuye amaraso mu mazuru nyuma yo kuyakuramo umwanda n’intoki.,,ROUTINE
1903,woman + burning in the chest + only when pregnant,Self,Umuntu mukuru,Mu gatuza haraka iyo ntwite gusa.,,ROUTINE
1904,man + wound on the forehead from a low door,Self,Umuntu mukuru,Nakubise uruhanga ku muryango muto maze ndakomereka.,,URGENT
1905,old woman + swelling of one hand only,Self,Umusaza/Umukecuru,Ukuboko kumwe gusa ni ko kwabimbiriye.,,ROUTINE
1906,child + white patches in the mouth + on antibiotics,Carer,Umwana,Umwana afite utubara tw’umweru mu kanwa kandi ari ku antibiyotike.,,ROUTINE
1907,man + pain in the buttock when sitting long,Self,Umuntu mukuru,Ikibuno kirambabaza iyo maze igihe kirekire nicaye.,,ROUTINE
1908,baby + one testicle not descended,Carer,Impinja,Intanga imwe y’uruhinja ntiyamanutse.,,ROUTINE
1909,woman + numbness in the thigh after carrying,Self,Umuntu mukuru,"Nyuma yo guterura ikintu, ikibero cyanjye cyaratakaje ukumva.",,ROUTINE
1910,child + swelling under the tongue,Carer,Umwana,Umwana yabimbiriye munsi y’ururimi.,,ROUTINE
1911,man + hoarse after shouting at a match,Self,Ingimbi/Umwangavu,Ijwi ryarahindutse nyuma yo gutaka cyane mu mukino.,,ROUTINE
1912,old man + cracked skin on the hands in the dry season,Self,Umusaza/Umukecuru,Mu gihe cy’izuba uruhu rwo ku biganza rurashishuka kandi rukavamo imishishihuko.,,ROUTINE
1913,woman + a rash under the breast,Self,Umuntu mukuru,Mfite utubyimba munsi y’ibere.,,ROUTINE
1914,child + fell on the chin + cut inside the mouth,Carer,Umwana,Umwana yaguye ku kananwa kandi yakomeretse imbere mu kanwa.,,ROUTINE
1915,man + pain in the arch of the foot in the morning,Self,Umuntu mukuru,Mu gitondo munsi hagati y’ikirenge harambabaza.,,ROUTINE
1916,baby + red mark on the eyelid since birth,Carer,Impinja,Uruhinja rufite ikimenyetso gitukura ku gipfukisho cy’ijisho kuva ruvutse.,,ROUTINE
1917,woman + cannot straighten one finger in the morning,Self,Umusaza/Umukecuru,Mu gitondo sinshobora kugorora urutoki rumwe.,,ROUTINE
1918,child + swollen lip after eating a fruit,Carer,Umwana,Umunwa w’umwana warabyimbye nyuma yo kurya imbuto.,,URGENT
1919,man + backache after sleeping in a chair,Self,Umusaza/Umukecuru,Umugongo urambabaza kuva narara ku ntebe.,,ROUTINE
1920,old woman + itching on the back she cannot reach,Self,Umusaza/Umukecuru,Umugongo urandya ahantu ntashobora kugera ngo nihashime.,,ROUTINE
1921,pregnant + pins and needles in the hands at night,Self,Umuntu mukuru,Ndatwite kandi nijoro numva mu biganza harimo utuntu tumeze nk’utunshinge.,,ROUTINE
1922,child + a black line on a nail after a knock,Carer,Umwana,Umwana yakubise urutoki none ku musumari hari umurongo w’umukara.,,ROUTINE
1923,man + swelling after a wasp sting on the ear,Self,Umuntu mukuru,Ugutwi kwarabyimbye nyuma yo kurumwa n’urububi.,,ROUTINE
1924,woman + pain behind the ear + wears a tight headscarf,Self,Umuntu mukuru,Inyuma y’ugutwi harambabaza kandi nambara agatambaro k’umutwe kanze cyane.,,ROUTINE
1925,old man + a lump on the wrist that comes and goes,Self,Umusaza/Umukecuru,Mfite akabyimba ku kuboko hafi y’ikiganza gaza kakagenda.,,ROUTINE
1926,child + bald patch appeared on the scalp,Carer,Umwana,Umwana yagaragayeho ahantu hatarimo umusatsi ku mutwe.,,ROUTINE
1927,man + a boil in the nose,Self,Umuntu mukuru,Mfite ikibyimba kirimo amashyira mu zuru.,,ROUTINE
1928,woman + swelling of the gum around one tooth,Self,Umuntu mukuru,Ishinya riri hafi y’iryinyo rimwe ryarabyimbye.,,ROUTINE
1929,baby + a lump on the side of the neck from birth,Carer,Impinja,Uruhinja rufite akabyimba ku ruhande rw’ijosi kuva ruvutse.,,ROUTINE
1930,child + eye bloodshot in one corner + painless,Carer,Umwana,Mu mfuruka y’ijisho rimwe ry’umwana haratukura cyane ariko nta bubabare afite.,,ROUTINE
1931,man + pain in the shoulder when throwing,Self,Ingimbi/Umwangavu,Urutugu rurambabaza iyo ntera ikintu.,,ROUTINE
1932,old woman + toe bent over the next one + painful,Self,Umusaza/Umukecuru,Urutoki rw’ikirenge rwagoramye rukajya hejuru y’urundi kandi rurambabaza.,,ROUTINE
1933,woman + a lump in the lip from biting,Self,Umuntu mukuru,Mfite akabyimba ku munwa natewe no kuwuruma.,,ROUTINE
1934,child + fingernails bitten to bleeding,Carer,Umwana,Umwana aruma inzara kugeza ziviriye amaraso.,,ROUTINE
1935,man + a lump behind the knee after kneeling,Self,Umuntu mukuru,Mfite akabyimba inyuma y’ivi kuva napfukama igihe kirekire.,,ROUTINE
1936,pregnant + veins visible and painful on the legs,Self,Umuntu mukuru,"Ndatwite, imitsi yo ku maguru iragaragara kandi irambabaza.",,ROUTINE
1937,child + one leg turns in when running,Carer,Umwana,Iyo umwana yiruka ukuguru kumwe kujya imbere cyangwa imbere.,,ROUTINE
1938,old man + skin tears easily on the arms,Self,Umusaza/Umukecuru,Uruhu rwo ku maboko yanjye rworoshye cyane ku buryo rucika vuba.,,ROUTINE
1939,woman + pain in the tailbone since sitting on a hard bench,Self,Umuntu mukuru,Igufwa ryo ku mpera y’umugongo rirambabaza kuva nicara ku ntebe ikomeye.,,ROUTINE
1940,man + a growth in the ear canal,Self,Umuntu mukuru,Mfite akabyimba gakuriye mu muyoboro w’ugutwi.,,ROUTINE
1941,child + a swelling on the shin that is warm,Carer,Umwana,Umwana afite kubyimba ku kuguru kandi aho hantu harashyushye.,,URGENT
1942,woman + a lump in the neck that is painful when eating,Self,Umuntu mukuru,Mfite akabyimba mu ijosi kababaza iyo ndya.,,ROUTINE
1943,old man + shortness of breath only when walking fast,Self,Umusaza/Umukecuru,Mbura umwuka iyo ngenda vuba gusa.,,ROUTINE
1944,baby + sweating on the head during feeds,Carer,Impinja,Uruhinja rubira ibyuya ku mutwe iyo ronsa.,,ROUTINE
1945,man + pain over the cheekbone + blocked nose,Self,Umuntu mukuru,Hejuru y’itama harambabaza kandi amazuru arafunze.,,ROUTINE
1946,child + complains of pain but plays normally,Carer,Umwana,Umwana avuga ko ababaye ariko arakina nk’ibisanzwe.,,ROUTINE
1947,woman + tiredness + dry skin + cold hands,Self,Umuntu mukuru,"Ndaruha, uruhu rwanjye ruruma kandi amaboko ahora akonje.",,ROUTINE
1948,old woman + a sore inside the nose that bleeds,Self,Umusaza/Umukecuru,Mfite igisebe imbere mu zuru kivamo amaraso.,,ROUTINE
1949,man + pain in the heel after jumping from a truck,Self,Umuntu mukuru,Agatsinsino karambabaza kuva nasimbuka mva ku ikamyo.,,URGENT
1950,pregnant + a dark line on the belly + worried,Self,Umuntu mukuru,"Ndatwite kandi mfite umurongo wijimye ku nda, birampangayikishije.",,ROUTINE
1951,child + fever and a cough + the whole class is sick,Carer,Umwana,"Umwana afite umuriro kandi arakorora, kandi abo bigana mu ishuri hafi ya bose barwaye.",,URGENT
1952,man + wound on the knuckle from a fight,Self,Ingimbi/Umwangavu,Mfite igisebe ku gihimba cy’urutoki natewe no kurwana.,,URGENT
1953,woman + a smell from the ear + no pain,Self,Umuntu mukuru,Ugutwi kurimo impumuro mbi ariko nta bubabare mfite.,,ROUTINE
1954,old man + swelling around both eyes in the morning,Self,Umusaza/Umukecuru,Mu gitondo amaso yombi arabyimba hafi yayo.,,ROUTINE
1955,child + eating less + a tooth is loose and painful,Carer,Umwana,Umwana arya duke kandi iryinyo riranyeganyega kandi rirababaza.,,ROUTINE
1956,man + itching on the scalp with flakes,Self,Umuntu mukuru,Umutwe urandya kandi uruhu ruracyoka rugwa nk’uduce duto.,,ROUTINE
1957,woman + pain in the hand after a long day washing clothes,Self,Umuntu mukuru,Ukuboko kurambabaza nyuma yo kumara umunsi wose njya kumesa.,,ROUTINE
1958,baby + a rash after starting a new formula,Carer,Impinja,Uruhinja rwagize utubyimba ku ruhu nyuma yo gutangira amata y’ifu mashya.,,ROUTINE
1959,old woman + a hard lump on the shin after a knock,Self,Umusaza/Umukecuru,Mfite akabyimba gakomeye ku kuguru kuva nakubita aho hantu.,,ROUTINE
1960,man + sore eyes after cutting onions all day,Self,Umuntu mukuru,Amaso arambabaza nyuma yo kumara umunsi wose ntunganya ibitunguru.,,ROUTINE
1961,child + fever + no appetite + came from a boarding school,Carer,Ingimbi/Umwangavu,"Umwana afite umuriro, nta appetit afite kandi yavuye ku ishuri ryacumbikiraga abanyeshuri.",,URGENT
1962,woman + pain in the hip on one side only when lying,Self,Umusaza/Umukecuru,Iyo ndyamye ku ruhande rumwe gusa ikibuno kirambabaza.,,ROUTINE
1963,man + a lump in the armpit after shaving,Self,Umuntu mukuru,Mfite akabyimba munsi y’ukuboko kuva niyogosha.,,ROUTINE
1964,child + coughing after playing in smoke,Carer,Umwana,Umwana yatangiye gukorora nyuma yo gukinira ahari umwotsi.,,ROUTINE
1965,old man + numbness in three fingers only,Self,Umusaza/Umukecuru,Intoki eshatu gusa ni zo numva zitakigira ukumva.,,ROUTINE
1966,woman + sore breast after weaning,Self,Umuntu mukuru,Ibere rirambabaza kuva naretse konsa.,,ROUTINE
1967,man + a scab that keeps coming back on the lip,Self,Umuntu mukuru,Ku munwa mpora ngira igisebe cyumuka kigakora agahu ariko kikongera kugaruka.,,ROUTINE
1968,baby + a soft lump near the navel that goes in,Carer,Impinja,Uruhinja rufite akabyimba korohereye hafi y’umukondo kajya imbere iyo kagizweho.,,ROUTINE
1969,child + pain in the leg at night + none by day,Carer,Umwana,Umwana aribwa n’ukuguru nijoro ariko ku manywa nta bubabare afite.,,ROUTINE
1970,woman + hoarse voice for two months + no pain,Self,Umusaza/Umukecuru,Maze amezi abiri ijwi ryanjye ryarahindutse ariko nta bubabare mfite.,,ROUTINE
1971,man + sweating only on one side of the face,Self,Umuntu mukuru,Mu ruhande rumwe rw’isura ni ho gusa mbira ibyuya.,,ROUTINE
1972,old woman + a wound that healed and reopened twice,Self,Umusaza/Umukecuru,Igisebe cyarakize ariko cyongeye gufunguka inshuro ebyiri.,,ROUTINE
1973,child + dark circles under the eyes + tired,Carer,Umwana,Umwana afite umuzenguruko wijimye munsi y’amaso kandi araruha.,,ROUTINE
1974,pregnant + pain under the right ribs late in pregnancy,Self,Umuntu mukuru,Ndatwite hafi kubyara kandi munsi y’imbavu zo ku ruhande rw’iburyo harambabaza.,,URGENT
1975,man + a cracked tooth + no pain yet,Self,Umuntu mukuru,Iryinyo ryanjye ryarasataguritse ariko ntirirambabaza kugeza ubu.,,ROUTINE
1976,woman + swelling of both legs + stands all day,Self,Umuntu mukuru,Amaguru yombi arabyimba kandi mara umunsi wose mpagaze.,,ROUTINE
1977,child + a lump on the wrist that does not hurt,Carer,Umwana,Umwana afite akabyimba ku kuboko hafi y’ikiganza ariko ntikamubabaza.,,ROUTINE
1978,old man + a sore on the ear that will not heal,Self,Umusaza/Umukecuru,Mfite igisebe ku gutwi kidakira.,,ROUTINE
1979,man + pain when turning the head to one side,Self,Umuntu mukuru,Iyo mpinduye umutwe nkerekeza ku ruhande rumwe ijosi rirambabaza.,,ROUTINE
1980,woman + thick nails and itching between toes,Self,Umuntu mukuru,Inzara z’ibirenge zarabyimbye kandi hagati y’intoki z’ibirenge harandya.,,ROUTINE
1981,baby + noisy breathing when lying on the back,Carer,Impinja,Iyo uruhinja ruryamye umugongo ruhumeka rufite urusaku.,,ROUTINE
1982,child + a lump in the breast + boy + puberty,Carer,Ingimbi/Umwangavu,Umuhungu afite akabyimba mu ibere kandi ari mu gihe cyo gukura.,,ROUTINE
1983,man + tired since working double shifts,Self,Umuntu mukuru,Ndaruha cyane kuva natangira gukora amasaha abiri y’akazi.,,ROUTINE
1984,old woman + a burning tongue with no sores,Self,Umusaza/Umukecuru,Ururimi rwaraka ariko nta bisebe ndubonaho.,,ROUTINE
1985,woman + a lump in the groin after walking far,Self,Umuntu mukuru,Mfite akabyimba mu mayasha nyuma yo gukora urugendo rurerure n’amaguru.,,ROUTINE
1986,child + fell and landed on the elbow + holds it bent,Carer,Umwana,Umwana yaguye kuri nkokora kandi ahora ayifashe igoramye.,,URGENT
1987,man + a persistent taste of metal,Self,Umuntu mukuru,Buri gihe numva mu kanwa uburyohe busa n’ubw’icyuma.,,ROUTINE
1988,pregnant + tightening that comes and goes + 30 weeks,Self,Umuntu mukuru,Ndatwite ibyumweru 30 kandi inda irakomera ikorohera rimwe na rimwe.,,URGENT
1989,old man + one eye looks smaller than the other,Self,Umusaza/Umukecuru,Ijisho rimwe risa n’aho ari rito kurusha irindi.,,ROUTINE
1990,woman + itching all over at night only,Self,Umuntu mukuru,Nijoro gusa ni bwo umubiri wanjye wose urandya.,,ROUTINE
1991,child + swelling of the face after a tooth knock,Carer,Umwana,Mu maso h’umwana harabyimbye nyuma yo gukubita iryinyo.,,ROUTINE
1992,man + weakness in one hand after sleeping on it,Self,Umuntu mukuru,Ukuboko kumwe kwacitse intege nyuma yo kukuryamaho.,,ROUTINE
1993,woman + pain in the shoulder after an injection,Self,Umuntu mukuru,Urutugu rurambabaza nyuma yo guterwa urushinge.,,ROUTINE
1994,baby + one ear folded since birth,Carer,Impinja,Ugutwi kumwe kw’uruhinja kugoramye kuva ruvutse.,,ROUTINE
1995,old man + short of breath when bending to tie shoes,Self,Umusaza/Umukecuru,Iyo nunamye ngo nambare inkweto mbura umwuka.,,ROUTINE
1996,child + a bump on the head that is not going down,Carer,Umwana,Umwana afite akabyimba ku mutwe katagabanuka.,,ROUTINE
1997,woman + sore ribs after a long cough,Self,Umuntu mukuru,Imbavu zirambabaza nyuma yo kumara igihe kinini nkorora.,,ROUTINE
1998,man + a wound on the ankle from a rope,Self,Umuntu mukuru,Mfite igisebe ku kagombambari cyatewe n’umugozi.,,ROUTINE
1999,old woman + fingers stiff in the cold + white then red,Self,Umusaza/Umukecuru,"Iyo hakonje intoki zirakomera, zikabanza kuba umweru nyuma zikaba umutuku.",,ROUTINE
2000,child + fever that comes down with tablets then returns,Carer,Umwana,Umwana agira umuriro ugabanuka iyo ahawe ibinini ariko ukongera ukagaruka.,,URGENT
2020,baby + cries when the hip is moved,Carer,Impinja,Uruhinja rurira iyo ikibuno cyarwo kigize aho kinyeganyezwa,,URGENT
2021,old man + cannot hear the television any more,Self,Umusaza/Umukecuru,Sinshobora kumva televiziyo nk’uko nari nsanzwe nyumva,,ROUTINE
2022,woman + pain in the ribs while breastfeeding,Self,Umuntu mukuru,Ndababara mu mbavu iyo nonsa,,ROUTINE
2023,child + fever after a dog scratch last week,Carer,Umwana,Umwana yagize umuriro nyuma yo gushimagurwa n’imbwa mu cyumweru gishize,,URGENT
2024,man + dizziness when he looks up,Self,Umusaza/Umukecuru,Ndazungera iyo nitegereje hejuru,,ROUTINE
2025,woman + abdominal pain + coil fitted last month,Self,Umuntu mukuru,Ndababara mu nda kandi nashyizwemo coil mu kwezi gushize,,ROUTINE
2026,child + a lump that appeared after a vaccination,Carer,Impinja,Uruhinja rwagize akabyimba nyuma yo guhabwa urukingo,,ROUTINE
2027,old woman + pain in the chest when she breathes deeply,Self,Umusaza/Umukecuru,Ndababara mu gatuza iyo mpumetse cyane,,URGENT
2028,man + tired and thirsty + family history of diabetes,Self,Umuntu mukuru,"Ndaruha kandi nkagira inyota cyane, kandi mu muryango wacu harimo diabete",,ROUTINE
2029,pregnant + swelling of one leg more than the other,Self,Umuntu mukuru,Ndatwite kandi ukuguru kumwe kwarabyimbye kurusha ukundi,,URGENT
2030,child + wheezing whenever he runs,Carer,Umwana,Umwana ahumeka asohora amajwi igihe cyose yirutse,,ROUTINE
2031,woman + a sore that will not heal on the leg + itchy,Self,Umusaza/Umukecuru,Mfite igisebe ku kuguru kitakira kandi kirandya,,ROUTINE
2032,man + pain in the neck and arm after carrying a load,Self,Umuntu mukuru,Ndababara mu ijosi no mu kuboko nyuma yo gutwara umutwaro,,ROUTINE
2033,old man + urine dribbling after finishing,Self,Umusaza/Umukecuru,Iyo maze kwihagarika inkari zikomeza gutonyanga,,ROUTINE
2034,child + stomach pain every morning + fine at weekends,Carer,Umwana,"Umwana aribwa mu nda buri gitondo, ariko muri weekend akamererwa neza",,ROUTINE
2035,woman + breathless climbing to her house on the hill,Self,Umuntu mukuru,Ndabura umwuka iyo nzamuka njya mu rugo rwanjye ruri ku musozi,,ROUTINE
2036,baby + vomits and the vomit smells sour,Carer,Impinja,Uruhinja ruruka kandi ibyo rurutse bifite impumuro nk’iy’ubusharire,,ROUTINE
2037,man + wound from a fall into a pit latrine,Self,Umuntu mukuru,Mfite igisebe natewe no kugwa mu musarani wacukuwe,,URGENT
2038,old woman + weak and dizzy after a fast,Self,Umusaza/Umukecuru,Nacitse intege kandi ndazungera nyuma yo kwiyiriza,,URGENT
2039,child + rash that comes and goes for months,Carer,Umwana,"Umwana agira utubyimba ku ruhu tugenda tuza tugashira, bimaze amezi",,ROUTINE
2040,woman + cannot pass urine easily since the birth,Self,Umuntu mukuru,Kuva mbyara ntabwo mbasha kwihagarika neza,,URGENT
2041,man + cough after working near a burning field,Self,Umuntu mukuru,Natangiye gukorora nyuma yo gukorera hafi y’umurima watwikwaga,,ROUTINE
2042,pregnant + baby moves only after eating,Self,Umuntu mukuru,Ndatwite kandi umwana yinyeganyeza gusa iyo maze kurya,,ROUTINE
2043,old man + pain in the shoulder that stops him sleeping,Self,Umusaza/Umukecuru,Ndababara mu rutugu ku buryo bituma ntasinzira,,ROUTINE
2044,child + fever + swollen glands + sore throat + weeks,Carer,Ingimbi/Umwangavu,"Umwana amaze ibyumweru afite umuriro, utubyimba mu ijosi n’umuhogo urababara",,URGENT
2045,woman + a lump in the neck growing slowly for a year,Self,Umuntu mukuru,Mfite akabyimba mu ijosi kamaze umwaka kagenda kiyongera buhoro buhoro,,ROUTINE
2046,man + numbness in the feet + drinks heavily,Self,Umuntu mukuru,Amaguru aranyokera kandi nywa inzoga nyinshi,,ROUTINE
2047,baby + does not hold the head up at five months,Carer,Impinja,Uruhinja rumaze amezi atanu ariko ntirubasha kwifata umutwe,,ROUTINE
2048,child + bruising on the legs + plays rough,Carer,Umwana,Umwana ahora agira ibikomere by’umukara ku maguru kubera gukina cyane,,ROUTINE
2049,old woman + pain when chewing on one side,Self,Umusaza/Umukecuru,Ndababara iyo nrya nkoresheje uruhande rumwe rw’akanwa,,ROUTINE
2050,woman + discharge + pain + new partner,Self,Ingimbi/Umwangavu,"Mfite ibintu biva mu gitsina kandi birambabaza, kandi mfite umukunzi mushya",,ROUTINE
2051,man + pain in the back and blood in the urine,Self,Umuntu mukuru,Ndababara mu mugongo kandi mbona amaraso mu nkari,,URGENT
2052,child + hot and irritable + pulling at the ear + night,Carer,Impinja,"Umwana afite umuriro kandi ararakara, nijoro agahora akurura ugutwi",,URGENT
2053,old man + weight loss and a cough for two months,Self,Umusaza/Umukecuru,Maze amezi abiri nkorora kandi natakaje ibiro,,ROUTINE
2054,woman + headache every afternoon for weeks,Self,Umuntu mukuru,Maze ibyumweru ndwara umutwe buri gicamunsi,,ROUTINE
2055,pregnant + cannot keep anything down + 12 weeks,Self,Ingimbi/Umwangavu,Ndatwite ibyumweru 12 kandi nta kintu nshobora kurya cyangwa kunywa ngo kigume mu nda,,URGENT
2056,man + wound infected after stitches removed early,Self,Umuntu mukuru,Igisebe cyanjye cyafashe infection nyuma yo gukurwamo imishumi hakiri kare,,URGENT
2057,child + one side of the face droops,Carer,Umwana,Umwana uruhande rumwe rw’isura rwaramanutse,,URGENT
2058,woman + dizziness and ringing in one ear,Self,Umuntu mukuru,Ndazungera kandi ugutwi kumwe kurimo urusaku,,ROUTINE
2059,old man + cannot sleep for the pain in his legs,Self,Umusaza/Umukecuru,Sinshobora gusinzira kubera kubabara amaguru,,ROUTINE
2060,baby + fever after travelling to another district,Carer,Impinja,Uruhinja rwagize umuriro nyuma yo kujya mu kandi karere,,URGENT
2061,man + chest pain + eased by belching + but returns daily,Self,Umuntu mukuru,"Ndababara mu gatuza, iyo nteye ikiruhuko nk’uwirukije umwuka bikagabanuka, ariko bikagaruka buri munsi",,ROUTINE
2062,child + fell from a tree + arm looks bent,Carer,Umwana,Umwana yaguye ku giti kandi ukuboko kurasa n’ukwagoramye,,URGENT
2063,woman + bleeding on the family planning pill,Self,Umuntu mukuru,Ndava amaraso kandi nkoresha ibinini byo kuboneza urubyaro,,ROUTINE
2064,old woman + the wound on the foot has a bad smell,Carer,Umusaza/Umukecuru,Igisebe cyo ku kirenge cy’umukecuru kirimo impumuro mbi,,URGENT
2065,man + cough and fever + works in a crowded workshop,Self,Umuntu mukuru,"Ndakorora kandi mfite umuriro, nkorera ahantu hakorera abantu benshi",,ROUTINE
2066,pregnant + reduced movement + smokes,Self,Umuntu mukuru,"Ndatwite, umwana ntakinyeganyeza cyane kandi ndanywa itabi",,URGENT
2067,child + vomiting after every meal for a week,Carer,Umwana,Umwana amaze icyumweru aruka buri uko amaze kurya,,URGENT
2068,woman + severe pain during her period + fainted once,Self,Ingimbi/Umwangavu,Iyo ngize imihango ndababara cyane kandi hari igihe kimwe nigeze kuzimira,,ROUTINE
2069,man + a swelling in the scrotum that is painful today,Self,Umuntu mukuru,Mfite akabyimba mu mabya kandi uyu munsi karambabaza,,URGENT
2070,old man + slurred speech for an hour + now better,Carer,Umusaza/Umukecuru,"Umusaza amaze isaha avuga amagambo adasobanutse, ariko ubu ameze neza",,URGENT
2071,child + not gaining weight + diarrhoea on and off,Carer,Impinja,Uruhinja ntirwiyongera ibiro kandi rugira impiswi igenda iza ikagenda,,URGENT
2072,woman + pain in the upper belly after meals + weeks,Self,Umuntu mukuru,Maze ibyumweru ndibwa mu nda hejuru nyuma yo kurya,,ROUTINE
2073,man + headache and neck pain after a fight,Self,Ingimbi/Umwangavu,Ndwaye umutwe kandi ijosi rirambabaza nyuma yo kurwana,,URGENT
2074,old woman + swelling of the belly + cannot eat much,Self,Umusaza/Umukecuru,Inda yarabyimbye kandi sinshobora kurya byinshi,,ROUTINE
2075,pregnant + bleeding and pain + 28 weeks,Self,Umuntu mukuru,"Ndatwite ibyumweru 28, ndava amaraso kandi ndababara",,CRITICAL
2076,child + fever + fast breathing + not playing,Carer,Umwana,"Umwana afite umuriro, ahumeka vuba kandi ntakina",,URGENT
2077,woman + weakness on one side of the face and arm,Carer,Umuntu mukuru,Afite intege nke ku ruhande rumwe rw’isura no ku kuboko,,CRITICAL
2078,man + wound on the leg that is spreading daily,Self,Umuntu mukuru,Mfite igisebe ku kuguru kigenda cyaguka buri munsi,,URGENT
2079,old man + vomiting and no stool for three days,Self,Umusaza/Umukecuru,Maze iminsi itatu ndaruka kandi sinituma,,CRITICAL
2080,baby + not feeding + eyes rolling,Carer,Impinja,Uruhinja ntirurya kandi amaso ararenga akagenda mu mpande,,CRITICAL
2081,woman + asks to be tested after a needle stick at work,Self,Umuntu mukuru,Ndashaka kwisuzumisha nyuma yo kwikomeretsa n’urushinge ku kazi,,URGENT
2082,child + fever + mother thinks it is malaria again,Carer,Umwana,Umwana afite umuriro kandi nyina atekereza ko ari malaria yongeye kugaruka,,URGENT
2083,man + back pain + cannot pass urine or stool,Self,Umuntu mukuru,Ndababara mu mugongo kandi sinshobora kwihagarika cyangwa kwituma,,CRITICAL
2084,old woman + confused and hot + lives alone,Carer,Umusaza/Umukecuru,"Umukecuru arayoberwa, afite umuriro kandi aba wenyine",,CRITICAL
2085,pregnant + fluid leaking + green colour,Self,Umuntu mukuru,Ndatwite kandi hari amazi arimo kunsohokamo afite ibara ry’icyatsi,,CRITICAL
2086,child + burn to the hand + blistered + crying,Carer,Umwana,"Umwana yatwitse ukuboko, harabyimba hakazamo udusebe tw’amazi kandi ararira",,URGENT
2087,man + sudden loss of vision in one eye + painless,Self,Umusaza/Umukecuru,"Ijisho rimwe ryahise rihuma, nta bubabare mfite",,CRITICAL
2088,woman + swelling and pain in the calf after a caesarean,Self,Umuntu mukuru,Nyuma yo kubagwa ndabyimbye kandi ndababara mu nyana y’ukuguru,,URGENT
2089,old man + cough + weight loss + worked in a mine,Self,Umusaza/Umukecuru,"Ndakorora, natakaje ibiro, kandi nigeze gukorera mu kirombe",,ROUTINE
2090,child + head injury + vomited three times,Carer,Umwana,Umwana yakomeretse ku mutwe kandi amaze kuruka inshuro eshatu,,URGENT
2091,woman + abdominal pain + missed period + shoulder pain,Self,Umuntu mukuru,"Ndababara mu nda, imihango yarabuze kandi ndababara no mu rutugu",,CRITICAL
2092,man + fever + confused + recently treated for malaria,Carer,Umuntu mukuru,"Afite umuriro kandi arayoberwa, kandi aherutse kuvurwa malaria",,CRITICAL
2093,baby + fewer wet nappies + sleepy,Carer,Impinja,Uruhinja ntirukiyihagarika cyane muri diaper kandi rurasinzira cyane,,CRITICAL
2094,old woman + chest pain + diabetic + no sweating,Self,Umusaza/Umukecuru,"Ndababara mu gatuza, mfite diabete kandi nta icyuya mfite",,CRITICAL
2095,child + swelling around the eyes + frothy urine,Carer,Umwana,Umwana yarabyimbye ahagana ku maso kandi inkari ze zirimo urubobere,,URGENT
2096,woman + severe headache + worst of her life,Self,Umuntu mukuru,"Ndwaye umutwe cyane, ni bwo bubabare bukomeye kurusha ubundi nigeze kugira",,CRITICAL
2097,man + wound on the hand + jaw stiff two days later,Self,Umuntu mukuru,"Mfite igisebe ku kuboko, kandi nyuma y’iminsi ibiri urwasaya rwarakomye",,CRITICAL
2098,pregnant + fever + shivering + 20 weeks,Self,Umuntu mukuru,"Ndatwite ibyumweru 20, mfite umuriro kandi ndanyeganyega kubera imbeho",,URGENT
2099,old man + black vomit + on pain tablets for arthritis,Carer,Umusaza/Umukecuru,Umusaza aruka ibintu by’umukara kandi afata ibinini by’ububabare bw’amagufa,,CRITICAL
2100,child + fever + drooling + will not lie down,Carer,Umwana,"Umwana afite umuriro, amacandwe aramurenga kandi yanga kuryama",,CRITICAL
2201,pain in the ribs after umuganda work,Self,Umuntu mukuru,Ndababara mu mbavu nyuma y’umuganda.,,ROUTINE
2202,child + fever the day after a school trip,Carer,Umwana,Umwana yagize umuriro bukeye bw’umunsi twari twagiye mu rugendo rw’ishuri.,,URGENT
2203,woman + cough since the harvest season began,Self,Umuntu mukuru,Ndakorora kuva igihe cyo gusarura cyatangira.,,ROUTINE
2204,man + hand swollen after carrying banana bunches,Self,Umuntu mukuru,Ukuboko kwanjye kwarabyimbye nyuma yo gutwara imitiba y’imineke.,,ROUTINE
2205,old woman + falls when the floor is wet,Self,Umusaza/Umukecuru,Ndagwa iyo hasi hatose.,,ROUTINE
2206,baby + refuses the bottle but takes the breast,Carer,Impinja,Uruhinja rwanze kunywa ku icupa ariko rwonsa.,,ROUTINE
2207,child + headache only on school days,Carer,Umwana,Umwana arwara umutwe gusa ku minsi y’ishuri.,,ROUTINE
2208,pregnant + cannot climb the hill to the clinic,Self,Umuntu mukuru,Ndatwite kandi sinshobora kuzamuka umusozi njya ku kigo nderabuzima.,,ROUTINE
2209,man + cut by a tin roof edge in the rain,Self,Umuntu mukuru,Nakomeretse nkaswa n’uruhande rw’ibati igihe cy’imvura.,,URGENT
2210,woman + backache from carrying water uphill,Self,Ingimbi/Umwangavu,Umugongo urambabaza kubera gutwara amazi nzamuka umusozi.,,ROUTINE
2211,old man + coughs when the dust rises in the dry season,Self,Umusaza/Umukecuru,Ndakorora iyo umukungugu uzamutse mu gihe cy’izuba.,,ROUTINE
2212,child + sores on the legs after playing in the swamp,Carer,Umwana,Umwana yagize ibisebe ku maguru nyuma yo gukinira mu bishanga.,,ROUTINE
2213,man + eyes red after spraying coffee,Self,Umuntu mukuru,Amaso yanjye yabaye umutuku nyuma yo gutera umuti ku ikawa.,,URGENT
2214,woman + pain when kneeling to cook,Self,Umuntu mukuru,Ndababara iyo mperamye nkora ibyo guteka.,,ROUTINE
2215,baby + heat rash in the hot season,Carer,Impinja,Uruhinja rwagize utubyimba ku ruhu kubera ubushyuhe.,,ROUTINE
2216,child + earache after diving in the river,Carer,Umwana,Umwana arwaye ugutwi nyuma yo kwibira mu mugezi.,,ROUTINE
2217,old woman + knees worse when the rains come,Self,Umusaza/Umukecuru,Amavi arambabaza cyane iyo imvura itangiye kugwa.,,ROUTINE
2218,man + burn from a charcoal stove indoors,Self,Umuntu mukuru,Nashutswe n’umucanira w’amakara wari mu nzu.,,URGENT
2219,pregnant + vomiting only in the mornings,Self,Ingimbi/Umwangavu,Ndatwite kandi ndaruka cyane mu gitondo gusa.,,ROUTINE
2220,woman + cannot sleep since moving to the city,Self,Umuntu mukuru,Sinshobora gusinzira kuva nimukira mu mujyi.,,ROUTINE
2221,pain in the ear + slept on a cold floor,Self,Umwana,Ndababara mu gutwi kandi naryamye hasi hakonje.,,ROUTINE
2222,man + swollen hands after a day of digging,Self,Umuntu mukuru,Amaboko yanjye yarabyimbye nyuma yo gucukura umunsi wose.,,ROUTINE
2223,child + cough worse when the fire is lit indoors,Carer,Umwana,Umwana arushaho gukorora iyo bacanye umuriro mu nzu.,,ROUTINE
2224,woman + bleeding gums since she stopped eating fruit,Self,Umuntu mukuru,Amenyo yanjye ava amaraso kuva natangira kutarya imbuto.,,ROUTINE
2225,old man + numbness after sitting on a low stool,Self,Umusaza/Umukecuru,Numva amaguru yabaye nk’ayafashwe n’ibinya nyuma yo kwicara ku ntebe nto.,,ROUTINE
2226,baby + fever the night after the market day,Carer,Impinja,Uruhinja rwagize umuriro nijoro nyuma y’umunsi wo ku isoko.,,URGENT
2227,man + wound from a bicycle spoke,Self,Umwana,Mfite igisebe nakomerekejwe n’icyuma cy’uruziga rw’igare.,,URGENT
2228,woman + pain in the breast after carrying a load on the back,Self,Umuntu mukuru,Ndababara mu ibere nyuma yo gutwara umutwaro ku mugongo.,,ROUTINE
2229,child + swollen feet after walking to school barefoot,Carer,Umwana,Umwana yabyimbye ibirenge nyuma yo kugenda ajya ku ishuri atambaye inkweto.,,ROUTINE
2230,pregnant + cannot eat the family food any more,Self,Umuntu mukuru,Ndatwite kandi ubu sinshobora kurya ibyo umuryango usanzwe urya.,,ROUTINE
2231,old woman + eyes hurt from the cooking smoke,Self,Umusaza/Umukecuru,Amaso arambabaza kubera umwotsi wo guteka.,,ROUTINE
2232,man + itching after wearing a new work uniform,Self,Umuntu mukuru,Uruhu rwarandya nyuma yo kwambara imyenda mishya y’akazi.,,ROUTINE
2233,child + fever + drank from a jerrycan left in the sun,Carer,Umwana,Umwana yagize umuriro nyuma yo kunywa amazi yo muri jerrycan yasizwe ku zuba.,,URGENT
2234,woman + wrist pain from grinding daily,Self,Umuntu mukuru,Ndababara mu kuboko hafi y’ikiganza kubera gusya buri munsi.,,ROUTINE
2235,baby + cold hands and feet in the rainy season,Carer,Impinja,Uruhinja rufite amaboko n’ibirenge bikonje mu gihe cy’imvura.,,ROUTINE
2236,man + chest pain when he pushes the wheelbarrow,Self,Umusaza/Umukecuru,Ndababara mu gatuza iyo nsunika ingorofani.,,URGENT
2237,old man + cough since sleeping near the goats,Self,Umusaza/Umukecuru,Ndakorora kuva natangira kuryama hafi y’ihene.,,ROUTINE
2238,woman + rash where the baby carrier sits,Self,Umuntu mukuru,Nagize utubyimba aho umwikorezo w’umwana unyicarira.,,ROUTINE
2239,child + not growing like his classmates,Carer,Umwana,Umwana ntabwo akura nk’abandi bigana.,,ROUTINE
2240,pregnant + swollen legs after standing at church,Self,Umuntu mukuru,Ndatwite kandi amaguru yarabyimbye nyuma yo guhagarara mu rusengero igihe kirekire.,,ROUTINE
2241,man + cannot lift the hoe since yesterday,Self,Umuntu mukuru,Kuva ejo sinshobora guterura isuka.,,URGENT
2242,woman + pain in the neck from carrying on the head,Self,Umuntu mukuru,Ijosi rirambabaza kubera gutwara ibintu ku mutwe.,,ROUTINE
2243,old woman + weak since the fasting period,Self,Umusaza/Umukecuru,Nacitse intege kuva mu gihe cyo kwiyiriza.,,ROUTINE
2244,child + nosebleed in the dry season only,Carer,Umwana,Umwana ava amaraso mu mazuru gusa mu gihe cy’izuba.,,ROUTINE
2245,man + foot wound from a broken bottle at a bar,Self,Ingimbi/Umwangavu,Mfite igisebe ku kirenge nakomerekejwe n’icupa ryamenetse muri akabari.,,URGENT
2246,baby + rash where the plastic sheet touches,Carer,Impinja,Uruhinja rufite utubyimba aho amashuka ya pulasitike arukoraho.,,ROUTINE
2247,woman + cannot kneel in church any more,Self,Umusaza/Umukecuru,Ubu sinshobora gupfukama mu rusengero.,,ROUTINE
2248,child + coughing after the classroom was swept,Carer,Umwana,Umwana yatangiye gukorora nyuma yo gukubura ishuri.,,ROUTINE
2249,old man + thirsty all day in the heat,Self,Umusaza/Umukecuru,Umunsi wose ndagira inyota cyane iyo hashyushye.,,ROUTINE
2250,man + cut on the palm from a sisal rope,Self,Umuntu mukuru,Nakomeretse mu kiganza nkatwa n’umugozi w’umusuri.,,URGENT
2251,pain in the lower back + third pregnancy,Self,Umuntu mukuru,Ndababara mu mugongo wo hasi kandi iyi ni inda ya gatatu.,,ROUTINE
2252,child + ear discharge since the swimming lesson,Carer,Umwana,Umwana kuva koga yatangiye kugira ibintu biva mu gutwi.,,ROUTINE
2253,woman + headache when she skips breakfast,Self,Ingimbi/Umwangavu,Ndwara umutwe iyo nsize kurya amafunguro ya mu gitondo.,,ROUTINE
2254,man + swollen gum where a tooth was pulled last year,Self,Umuntu mukuru,Ishinya ryarabyimbye aho nakuye iryinyo umwaka ushize.,,ROUTINE
2255,old woman + cannot open her eyes in bright sun,Self,Umusaza/Umukecuru,Sinshobora gukingura amaso iyo izuba rikaze.,,ROUTINE
2256,baby + crying when the nappy is wet only,Carer,Impinja,Uruhinja rurira gusa iyo diaper yaranye.,,ROUTINE
2257,child + a cough that sounds like a dog barking,Carer,Umwana,Umwana afite inkorora yumvikana nk’imbwa irimo kubwagura.,,ROUTINE
2258,pregnant + cannot stop passing urine at night,Self,Umuntu mukuru,Ndatwite kandi sinshobora guhagarika kwihagarika nijoro.,,ROUTINE
2259,man + hand shakes when he writes,Self,Umuntu mukuru,Ukuboko kwanjye kuranyeganyega iyo nandika.,,ROUTINE
2260,woman + pain when she straightens after weeding,Self,Umuntu mukuru,Ndababara iyo mvuye kunama nkora ubuhinzi bw’ibyatsi.,,ROUTINE
2261,old man + food comes back up at night,Self,Umusaza/Umukecuru,Ibiryo biragaruka bikazamuka mu kanwa nijoro.,,ROUTINE
2262,child + swelling after a vaccination two days ago,Carer,Impinja,Uruhinja rwarabyimbye aho rwahawe urukingo hashize iminsi ibiri.,,ROUTINE
2263,man + burning in the feet after drinking,Self,Umuntu mukuru,Ibirenge birandya nk’ibirimo gushya nyuma yo kunywa inzoga.,,ROUTINE
2264,woman + bleeding after starting a new pill,Self,Umuntu mukuru,Natangiye kuva amaraso nyuma yo gutangira ikinini gishya.,,ROUTINE
2265,baby + does not turn towards the mother's voice,Carer,Impinja,Uruhinja ntirureba aho nyina ari iyo rumvise ijwi rye.,,ROUTINE
2266,old woman + wound from a walking stick rubbing,Self,Umusaza/Umukecuru,Mfite igisebe cyatewe n’inkoni nkoresha mu kugenda.,,ROUTINE
2267,child + cannot keep up with other children running,Carer,Umwana,Umwana ntashobora gukurikira abandi bana iyo biruka.,,ROUTINE
2268,man + pain in the jaw since a tooth was filled,Self,Umuntu mukuru,Urwasaya rurambabaza kuva nuzurishije iryinyo.,,ROUTINE
2269,pregnant + pain when the baby kicks one side,Self,Umuntu mukuru,Ndatwite kandi ndababara iyo umwana anteye imigeri ku ruhande rumwe.,,ROUTINE
2270,woman + a sore on the tongue from hot porridge,Self,Umuntu mukuru,Mfite igisebe ku rurimi natewe n’igikoma gishyushye.,,ROUTINE
2271,old man + cannot hold his water on the way to the latrine,Self,Umusaza/Umukecuru,Sinshobora kwifata inkari nkiri mu nzira njya ku musarani.,,ROUTINE
2272,child + eyes itching during the flowering season,Carer,Umwana,Umwana amaso aramurya mu gihe cy’ibimera birabya.,,ROUTINE
2273,man + wound on the shin from a cow's kick,Self,Umuntu mukuru,Mfite igisebe ku nyama y’ukuguru natewe n’inka.,,URGENT
2274,baby + green vomit once this morning,Carer,Impinja,Uruhinja rwaronze ibintu by’icyatsi rimwe muri iki gitondo.,,URGENT
2275,woman + weak legs after a long illness,Self,Umuntu mukuru,Amaguru yanjye yacitse intege nyuma y’uburwayi bumaze igihe.,,ROUTINE
2276,old woman + cannot chew the family food,Self,Umusaza/Umukecuru,Sinshobora guhekenya ibyo umuryango urya.,,ROUTINE
2277,child + swelling of the lip after a wasp,Carer,Umwana,Umwana yabyimbye umunwa nyuma yo kurumwa n’urububi.,,URGENT
2278,man + cough that started with the cold weather,Self,Umuntu mukuru,Natangiye gukorora igihe imbeho yatangiraga.,,ROUTINE
2279,pregnant + very hot at night + cannot sleep,Self,Umuntu mukuru,Ndatwite kandi nijoro ndashyushya cyane ku buryo ntasinzira.,,ROUTINE
2280,woman + a lump where the injection was given,Self,Umuntu mukuru,Mfite akabyimba aho nahawe urushinge.,,ROUTINE
2281,old man + eyes water when he reads,Self,Umusaza/Umukecuru,Amaso arandiza iyo nsoma.,,ROUTINE
2282,child + tooth pain when eating sugarcane,Carer,Umwana,Umwana arwara iryinyo iyo arya ibisheke.,,ROUTINE
2283,man + swollen ankle after the football on Sunday,Self,Ingimbi/Umwangavu,Akagombambari karabyimbye nyuma yo gukina umupira ku Cyumweru.,,ROUTINE
2284,baby + skin very dry and flaking,Carer,Impinja,Uruhinja rufite uruhu rwumye cyane kandi ruragenda rushishuka.,,ROUTINE
2285,woman + pain that starts in the shoulder and goes down,Self,Umuntu mukuru,Ububabare butangirira ku rutugu bukamanuka.,,ROUTINE
2286,old woman + the wound from last season has opened,Self,Umusaza/Umukecuru,Igisebe nari naragize mu gihe cyashize cyongeye gufunguka.,,ROUTINE
2287,child + complains of a headache after watching television,Carer,Umwana,Umwana arwara umutwe nyuma yo kureba televiziyo.,,ROUTINE
2288,man + chest pain when he lifts above the head,Self,Umuntu mukuru,Ndababara mu gatuza iyo nteruye ikintu nkakizamura hejuru y’umutwe.,,ROUTINE
2289,pregnant + baby lies very low + pressure,Self,Umuntu mukuru,"Ndatwite kandi numva umwana ari hasi cyane, nkumva nkoreshejwe n’umuvuduko.",,ROUTINE
2290,woman + fever after the traditional wedding,Self,Umuntu mukuru,Nagize umuriro nyuma y’ubukwe bwa gakondo.,,URGENT
2291,old man + weakness in the legs going downhill,Self,Umusaza/Umukecuru,Amaguru aracika intege iyo manuka umusozi.,,ROUTINE
2292,child + rash after a new mosquito net,Carer,Umwana,Umwana yagize utubyimba nyuma yo gukoresha inzitiramibu nshya.,,ROUTINE
2293,man + cannot open the hand fully in the morning,Self,Umuntu mukuru,Mu gitondo sinshobora gukingura ukuboko neza.,,ROUTINE
2294,baby + hiccups and vomiting together,Carer,Impinja,Uruhinja rurakugara kandi rukaruka icyarimwe.,,ROUTINE
2295,woman + pain in the ribs late in pregnancy + tall baby,Self,Umuntu mukuru,Ndababara mu mbavu mu gihe inda igeze kure kandi numva umwana ari munini.,,ROUTINE
2296,old woman + the tablets are too big to swallow,Self,Umusaza/Umukecuru,Ibinini nahawe ni binini cyane ku buryo ntashobora kubimira.,,ROUTINE
2297,child + fell while carrying the baby brother,Carer,Umwana,Umwana yaguye ubwo yari atwaye murumuna we w’uruhinja.,,CANNOT CLASSIFY
2298,man + burning eyes after a dust storm,Self,Umuntu mukuru,Amaso arandya kandi araka nyuma y’umuyaga w’umukungugu.,,ROUTINE
2299,woman + heavy legs at the end of market day,Self,Umuntu mukuru,Ku mugoroba wo ku munsi w’isoko numva amaguru aremereye.,,ROUTINE
2300,pain in the elbow + carries a child on one arm,Self,Umuntu mukuru,Ndababara mu nkokora kandi nkunda gutwara umwana ku kuboko kumwe.,,ROUTINE
2301,man + a lump under the jaw that hurts on chewing,Self,Umuntu mukuru,Mfite akabyimba munsi y’urwasaya kandya iyo nhekenya.,,ROUTINE
2302,child + fever + went to a burial with the family,Carer,Umwana,Umwana yagize umuriro nyuma yo kujya mu kiriyo n’umuryango.,,URGENT
2303,woman + cannot feel the coil thread any more,Self,Umuntu mukuru,Sinshobora kongera kumva umugozi wa coil.,,ROUTINE
2304,old man + hands too stiff to fasten buttons,Self,Umusaza/Umukecuru,Amaboko yanjye arakakaye cyane ku buryo ntashobora gufunga utubuto.,,ROUTINE
2305,baby + a soft swelling behind the ear,Carer,Impinja,Uruhinja rufite akabyimba korohereye inyuma y’ugutwi.,,URGENT
2306,child + stomach pain after drinking milk,Carer,Umwana,Umwana arwara inda nyuma yo kunywa amata.,,ROUTINE
2307,man + pain when he empties his bladder fully,Self,Umusaza/Umukecuru,Ndababara iyo nshaka kwihagarika nkarangiza inkari zose.,,ROUTINE
2308,pregnant + a sharp pain low down when standing up,Self,Umuntu mukuru,Ndatwite kandi numva ububabare bukomeye hasi iyo mbyutse mpagaze.,,ROUTINE
2309,woman + a wound on the finger that will not close,Self,Umuntu mukuru,Mfite igisebe ku rutoki kidashaka gukira ngo gifunge.,,ROUTINE
2310,old woman + swelling that leaves a mark when pressed,Self,Umusaza/Umukecuru,Mfite kubyimba iyo nkandagiyeho hagasigara akamenyetso.,,ROUTINE
2311,child + one eye looks cloudy in the light,Carer,Umwana,Ijisho rimwe ry’umwana risa n’iryijimye iyo riri mu rumuri.,,URGENT
2312,man + pain that wakes him at the same hour every night,Self,Umuntu mukuru,Ububabare burankangura buri joro ku isaha imwe.,,ROUTINE
2313,woman + itching that started with the pregnancy,Self,Umuntu mukuru,Uruhu rwatangiye kundya kuva natwita.,,ROUTINE
2314,baby + feeds well but stool is very loose,Carer,Impinja,Uruhinja rwonsa neza ariko umusarani warwo uroroshye cyane.,,ROUTINE
2315,old man + cannot straighten up after bending,Self,Umusaza/Umukecuru,Iyo napanze sinshobora kongera guhagarara nkagorora umugongo.,,ROUTINE
2316,child + swelling on the face in the morning only,Carer,Umwana,Umwana abyimba mu maso mu gitondo gusa.,,URGENT
2317,man + cough with a wheeze only at night,Self,Umuntu mukuru,Ndakorora nijoro gusa kandi nkumva mpumeka nsakuza.,,ROUTINE
2318,woman + pain when she presses her lower belly,Self,Umuntu mukuru,Ndababara iyo nkandagiye ku nda hasi.,,ROUTINE
2319,pregnant + the belly has stopped growing,Self,Umuntu mukuru,Ndatwite kandi numva inda yanjye itakomeza gukura.,,URGENT
2320,old woman + a dark spot on the leg that is growing,Self,Umusaza/Umukecuru,Mfite ikibara cyijimye ku kuguru kigenda kiba kinini.,,ROUTINE
2321,child + says the light hurts his eyes,Carer,Umwana,Umwana avuga ko urumuri rumubabaza amaso.,,URGENT
2322,man + a bad taste and bleeding when he spits,Self,Umuntu mukuru,Numva uburyohe bubi mu kanwa kandi nkava amaraso iyo nciriye.,,ROUTINE
2323,baby + one arm always held bent,Carer,Impinja,Uruhinja ruhora rufashe ukuboko kumwe kurambuye nabi.,,ROUTINE
2324,woman + pain in the calf that eases when she stops,Self,Umusaza/Umukecuru,"Ndababara mu nyama y’ukuguru iyo ngenda, ariko bikagabanuka iyo mpagaze.",,ROUTINE
2325,old man + confused after the tablets were changed,Carer,Umusaza/Umukecuru,Umusaza yatangiye kujijwa nyuma yo guhindurirwa imiti.,,URGENT
2326,child + a swelling that moves under the skin,Carer,Umwana,Umwana afite akabyimba kagenda munsi y’uruhu.,,ROUTINE
2327,man + sudden pain in the back with no injury,Self,Umuntu mukuru,Umugongo wanjye watangiye kubabara cyane mu buryo butunguranye kandi nta gikomere nagize.,,URGENT
2328,woman + a discharge that started after the delivery,Self,Umuntu mukuru,Natangiye kugira ibintu biva mu gitsina nyuma yo kubyara.,,ROUTINE
2329,pregnant + reduced movement after a busy market day,Self,Umuntu mukuru,Ndatwite kandi umwana yagabanije kugenda nyuma y’umunsi narushye ku isoko.,,URGENT
2330,old woman + a cough that brings nothing up,Self,Umusaza/Umukecuru,Ndakorora ariko nta mase asohoka.,,ROUTINE
2331,child + will not put the heel down when walking,Carer,Umwana,Umwana ntashyira agatsinsino hasi iyo agenda.,,ROUTINE
2332,man + a wound that itches as it heals,Self,Umuntu mukuru,Igisebe cyanjye kirandya uko kigenda gikira.,,ROUTINE
2333,woman + pain that comes with a full stomach,Self,Umuntu mukuru,Ndababara iyo maze kurya nkagira inda yuzuye.,,ROUTINE
2334,baby + a rash only where the clothes rub,Carer,Impinja,Uruhinja rufite utubyimba gusa aho imyenda irukuba.,,ROUTINE
2335,old man + a swelling in the belly that is soft,Self,Umusaza/Umukecuru,Mfite akabyimba mu nda korohereye.,,ROUTINE
2336,child + breathing fast but playing normally,Carer,Umwana,Umwana ahumeka vuba ariko aracyakina nk’ibisanzwe.,,URGENT
2337,man + numbness in half the face,Self,Umuntu mukuru,Numva uruhande rumwe rw’amaso n’amaso rwarafashwe n’ibinya.,,URGENT
2338,woman + a lump that appeared overnight,Self,Umuntu mukuru,Akabyimba kaje mu ijoro rimwe.,,ROUTINE
2339,pregnant + pain under the breastbone,Self,Umuntu mukuru,Ndatwite kandi ndababara munsi y’igufa riri hagati y’imbavu.,,URGENT
2340,old woman + a wound with clear fluid weeping,Self,Umusaza/Umukecuru,Mfite igisebe gisohoramo amazi asa neza.,,ROUTINE
2341,child + eye rolling inward when tired only,Carer,Umwana,Ijisho ry’umwana rijya imbere gusa iyo ananiwe.,,ROUTINE
2342,man + pain when he turns in bed,Self,Umusaza/Umukecuru,Ndababara iyo ntegeretse umubiri nkiri mu buriri.,,ROUTINE
2343,woman + a smell she noticed after intercourse,Self,Umuntu mukuru,Nabonye impumuro mbi nyuma yo gukora imibonano mpuzabitsina.,,ROUTINE
2344,baby + swelling of both eyelids,Carer,Impinja,Uruhinja rwabyimbye ibitsike by’amaso byombi.,,URGENT
2345,old man + a tremor only when reaching for something,Self,Umusaza/Umukecuru,Ukuboko kuranyeganyega gusa iyo ngerageza gufata ikintu.,,ROUTINE
2346,child + a lump on the neck that moves when swallowing,Carer,Umwana,Umwana afite akabyimba ku ijosi kagenda iyo amize.,,ROUTINE
2347,man + a cough that has changed in the last week,Self,Umuntu mukuru,Inkorora yanjye yarahindutse muri iki cyumweru.,,ROUTINE
2348,woman + pain that spreads to the inner thigh,Self,Umuntu mukuru,Ububabare bukwira bukagera mu rwagati rw’ukuguru.,,ROUTINE
2349,pregnant + hard belly that will not soften,Self,Umuntu mukuru,Ndatwite kandi inda yanjye irakomeye ntirekura ngo yorohere.,,CRITICAL
2350,old woman + weakness only after eating,Self,Umusaza/Umukecuru,Numva nacitse intege nyuma yo kurya gusa.,,ROUTINE
2351,child + bruises in places he cannot reach,Carer,Umwana,Umwana afite ibikomere by’ubururu ahantu adashobora kwikora.,,URGENT
2352,man + a wound that bleeds again each morning,Self,Umuntu mukuru,Igisebe cyanjye cyongera kuva amaraso buri gitondo.,,ROUTINE
2353,woman + hearing her own heartbeat in one ear,Self,Umuntu mukuru,Numva umutima wanjye utera mu gutwi kumwe.,,ROUTINE
2354,baby + a cry that sounds different since yesterday,Carer,Impinja,Uruhinja kuva ejo rurira mu buryo butandukanye n’uko rwari rusanzwe.,,URGENT
2355,old man + a swelling that goes down when he lies flat,Self,Umusaza/Umukecuru,Akabyimba karagabanuka iyo ndyamye neza.,,ROUTINE
2356,child + refuses to be carried on one side,Carer,Impinja,Umwana aranga iyo nshaka kumutwara ku ruhande rumwe.,,CANNOT CLASSIFY
2357,man + pain relieved by pressing on the chest,Self,Umuntu mukuru,Ububabare bwo mu gatuza buragabanuka iyo nkandagiyeho.,,ROUTINE
2358,woman + a taste of blood without bleeding,Self,Umuntu mukuru,Numva uburyohe bw’amaraso mu kanwa ariko nta maraso mbona.,,ROUTINE
2359,pregnant + itching worse on the palms,Self,Umuntu mukuru,Ndatwite kandi ibiganza by’amaboko birandya cyane.,,URGENT
2360,old woman + one pupil larger than the other,Carer,Umusaza/Umukecuru,Umukecuru afite umukara w’ijisho rimwe munini kurusha uw’irindi.,,URGENT
2361,child + a rash that started where the bite was,Carer,Umwana,Utubyimba tw’umwana twatangiriye aho yari yararumwe.,,ROUTINE
2362,man + a lump that hurts only when he coughs,Self,Umuntu mukuru,Akabyimba ndakumva gusa iyo nkoroye.,,ROUTINE
2363,woman + swelling of the face after a new soap,Self,Umuntu mukuru,Mu maso harabyimbye nyuma yo gukoresha isabune nshya.,,URGENT
2364,baby + does not open one hand,Carer,Impinja,Uruhinja ntirukingura ukuboko kumwe.,,ROUTINE
2365,old man + pain in the shoulder only when lying on it,Self,Umusaza/Umukecuru,Ndababara ku rutugu gusa iyo nduryamyeho.,,ROUTINE
2366,child + a cough that stops when he sleeps,Carer,Umwana,Umwana arakorora ariko inkorora igahagarara iyo asinziriye.,,ROUTINE
2367,man + a swelling that appeared after the injection site healed,Self,Umuntu mukuru,Akabyimba kaje nyuma y’uko aho nahawe urushinge hakize.,,ROUTINE
2368,woman + bleeding that started with the new implant,Self,Umuntu mukuru,Natangiye kuva amaraso kuva nshyirwamo implant nshya.,,ROUTINE
2369,pregnant + the baby moves less at night than before,Self,Umuntu mukuru,Ndatwite kandi umwana agenda nijoro gake kurusha mbere.,,URGENT
2370,old woman + a sore that appeared under the denture,Self,Umusaza/Umukecuru,Mfite igisebe munsi y’amenyo y’ibikorano.,,ROUTINE
2371,child + walks well but falls often,Carer,Umwana,Umwana agenda neza ariko agwa kenshi.,,ROUTINE
2372,man + pain that started in one tooth and moved,Self,Umuntu mukuru,Ububabare bwatangiriye ku ryinyo rimwe nyuma bukwira ahandi.,,ROUTINE
2373,woman + the wound looks clean but she has a fever,Self,Umuntu mukuru,Igisebe kirasa neza ariko mfite umuriro.,,URGENT
2374,baby + the navel is wet a week after healing,Carer,Impinja,Uruhinja ururenda ruracyatose hashize icyumweru rwarakize.,,ROUTINE
2375,old man + tired only in the afternoons,Self,Umusaza/Umukecuru,Ndarambirwa cyane nyuma ya saa sita gusa.,,ROUTINE
2376,child + a swelling of one side of the scrotum,Carer,Umwana,Umwana yabyimbye uruhande rumwe rw’imyanya ndangagitsina.,,URGENT
2377,man + a headache that eases when he eats,Self,Umuntu mukuru,Umutwe urambabaza ariko bikagabanuka iyo ndya.,,ROUTINE
2378,woman + pain in the hand that wakes her at three,Self,Umuntu mukuru,Ukuboko kurambabaza bikankangura saa cyenda z’ijoro.,,ROUTINE
2379,pregnant + fluid that stops and starts,Self,Umuntu mukuru,Ndatwite kandi amazi aragenda akaza agahagarara akongera akaza.,,URGENT
2380,old woman + a wound that healed with the skin tight,Self,Umusaza/Umukecuru,Igisebe cyarakize ariko uruhu rwarakomera rukaguma rufashe.,,ROUTINE
2381,child + speaks less than his younger sister,Carer,Umwana,Umwana avuga make kurusha murumuna we.,,ROUTINE
2382,man + a swelling that is harder than it was,Self,Umuntu mukuru,Akabyimba karakomeye kurusha uko kari kameze mbere.,,ROUTINE
2383,woman + a period that lasted two days only,Self,Ingimbi/Umwangavu,Imihango yanjye yamaze iminsi ibiri gusa.,,ROUTINE
2384,baby + hands and feet peeling,Carer,Impinja,Uruhinja uruhu rwo ku maboko no ku birenge rurashishuka.,,ROUTINE
2385,old man + pain that changed from dull to sharp,Self,Umusaza/Umukecuru,Ububabare bwahindutse buva ku bworoheje buhinduka ubukomeye kandi bukarasa.,,CANNOT CLASSIFY
2386,child + eyes that look different in a photograph,Carer,Umwana,Amaso y’umwana agaragara atandukanye iyo tumufotoye.,,ROUTINE
2387,man + a wound that stopped hurting but looks worse,Self,Umusaza/Umukecuru,Igisebe ntikikimbabaza ariko ndabona gisa nabi kurusha mbere.,,URGENT
2388,woman + a swelling that appears before the period,Self,Umuntu mukuru,Ngira akabyimba mbere y’uko imihango iza.,,ROUTINE
2389,pregnant + a cough she cannot control,Self,Umuntu mukuru,Ndatwite kandi mfite inkorora ntashobora guhagarika.,,ROUTINE
2390,old woman + a lump that was there before the operation,Self,Umusaza/Umukecuru,Akabyimba kariho na mbere y’uko mbagwa.,,ROUTINE
2391,child + one foot colder than the other,Carer,Umwana,Ikirenge kimwe cy’umwana kirakonje kurusha ikindi.,,URGENT
2392,man + a pain that moves from side to side,Self,Umuntu mukuru,Ububabare buragenda buva ku ruhande rumwe bukajya ku rundi.,,CANNOT CLASSIFY
2393,woman + discharge that changed colour this week,Self,Umuntu mukuru,Ibintu biva mu gitsina byahinduye ibara muri iki cyumweru.,,ROUTINE
2394,baby + bruise on the cheek after feeding,Carer,Impinja,Uruhinja rwagize ikimenyetso cy’ubururu ku itama nyuma yo konsa.,,URGENT
2395,old man + a cough that makes him vomit,Self,Umusaza/Umukecuru,Inkorora ituma nduka.,,ROUTINE
2396,child + swelling around a thorn that is still inside,Carer,Umwana,Umwana yabyimbye ahari igisate cy’umwenda w’umwaro kikiri imbere.,,ROUTINE
2397,man + numbness after a long motorbike ride,Self,Umuntu mukuru,Numva mfashwe n’ibinya nyuma yo gutwara moto igihe kirekire.,,ROUTINE
2398,woman + pain when she lies on her left,Self,Umuntu mukuru,Ndababara iyo ndyamye ku ruhande rw’ibumoso.,,ROUTINE
2399,pregnant + the swelling did not go down overnight,Self,Umuntu mukuru,Ndatwite kandi kubyimba ntibyagabanutse nijoro.,,URGENT
2400,old woman + a sore that appeared where she scratched,Self,Umusaza/Umukecuru,Mfite igisebe aho nari nishimaguriye.,,ROUTINE
2401,asks whether a child can be treated without the father's consent,Carer,Umwana,Ndashaka kumenya niba umwana ashobora kuvurwa nta burenganzira bwa se.,,ROUTINE
2402,woman + wants to be seen by a female clinician,Self,Umuntu mukuru,Ndashaka ko ansuzuma umuganga w’umugore.,,ROUTINE
2403,man + asks whether the result will be told to his employer,Self,Umuntu mukuru,Ndashaka kumenya niba ibisubizo byanjye bizabwirwa umukoresha wanjye.,,ROUTINE
2404,old woman + asks whether her son must be told,Self,Umusaza/Umukecuru,Ndashaka kumenya niba umuhungu wanjye agomba kubimenyeshwa.,,ROUTINE
2405,child + asks not to be given an injection,Self,Umwana,Sinshaka ko bampa urushinge.,,ROUTINE
2406,woman + asks whether she can be seen without her card,Self,Umuntu mukuru,Ndashaka kumenya niba bansuzuma ntagize ikarita yanjye.,,ROUTINE
2407,man + asks why the queue moved past him,Self,Umuntu mukuru,Ndashaka kumenya impamvu umurongo wanyirengagije.,,ROUTINE
2408,pregnant + asks whether her mother can come in with her,Self,Ingimbi/Umwangavu,Ndatwite kandi ndashaka kumenya niba mama ashobora kwinjirana nanjye.,,ROUTINE
2409,old man + asks whether he can be seen before dark,Self,Umusaza/Umukecuru,Ndashaka kumenya niba bansuzuma mbere y’uko bwira.,,ROUTINE
2410,woman + asks how much the treatment will cost,Self,Umuntu mukuru,Ndashaka kumenya amafaranga ubuvuzi buzantwara.,,ROUTINE
2411,man + asks whether the wound can be treated today,Self,Umuntu mukuru,Ndashaka kumenya niba igisebe cyanjye gishobora kuvurwa uyu munsi.,,ROUTINE
2412,child + parent asks for the same doctor as last time,Carer,Umwana,Ndashaka ko umwana asuzumwa na muganga wamubonye ubushize.,,ROUTINE
2413,woman + asks whether she can come back with her husband,Self,Umuntu mukuru,Ndashaka kumenya niba nshobora kugaruka ndi kumwe n’umugabo wanjye.,,ROUTINE
2414,old woman + asks whether she must come every month,Self,Umusaza/Umukecuru,Ndashaka kumenya niba ngomba kuza buri kwezi.,,ROUTINE
2415,man + asks whether he can be treated without a card,Self,Umuntu mukuru,Ndashaka kumenya niba navurwa ntagize ikarita.,,ROUTINE
2416,woman + asks whether the test can be done today,Self,Umuntu mukuru,Ndashaka kumenya niba ikizamini gishobora gukorwa uyu munsi.,,ROUTINE
2417,child + parent asks whether the sibling must also be seen,Carer,Umwana,Ndashaka kumenya niba n’undi mwana wacu agomba gusuzumwa.,,ROUTINE
2418,old man + asks whether the referral can wait a week,Self,Umusaza/Umukecuru,Ndashaka kumenya niba koherezwa kwa muganga bishobora gutegereza icyumweru.,,ROUTINE
2419,woman + asks whether she can be given the tablets for her mother,Carer,Umusaza/Umukecuru,Ndashaka kumenya niba nahawe imiti y’umubyeyi wanjye nkayimutwarira.,,ROUTINE
2420,man + asks whether the injection can be given in the arm,Self,Umuntu mukuru,Ndashaka kumenya niba urushinge bashobora kurumpa mu kuboko.,,ROUTINE
2421,pain in the back that started after prayer meeting,Self,Umuntu mukuru,Umugongo watangiye kumbabaza nyuma y’inama yo gusenga.,,ROUTINE
2422,woman + cannot stop worrying about her health,Self,Umuntu mukuru,Sinshobora guhagarika guhangayikira ubuzima bwanjye.,,ROUTINE
2423,man + thinks everyone is talking about him,Self,Ingimbi/Umwangavu,Numva ko abantu bose bari kuvuga ibyanjye.,,ROUTINE
2424,old woman + sees her late husband in the house,Self,Umusaza/Umukecuru,Numva mbona umugabo wanjye wapfuye ari mu nzu.,,ROUTINE
2425,child + refuses to leave the mother's side,Carer,Umwana,Umwana yanga kuva iruhande rwa nyina.,,ROUTINE
2426,woman + heart races when she thinks about the birth,Self,Umuntu mukuru,Umutima urihuta cyane iyo ntekereje kubyara.,,ROUTINE
2427,man + cannot concentrate since the accident,Self,Umuntu mukuru,Sinshobora kwibanda ku kintu kuva nagira impanuka.,,ROUTINE
2428,old man + says life has no purpose now,Self,Umusaza/Umukecuru,Numva ubuzima nta cyo bukimariye.,,URGENT
2429,child + wets himself at school from fear,Carer,Umwana,Umwana yihagarika mu ishuri kubera ubwoba.,,ROUTINE
2430,woman + cannot go to the market because of fear,Self,Umuntu mukuru,Sinshobora kujya ku isoko kubera ubwoba.,,ROUTINE
2431,man + drinks to be able to sleep,Self,Umuntu mukuru,Nnywa inzoga kugira ngo nshobore gusinzira.,,ROUTINE
2432,old woman + cries every day since her sister died,Self,Umusaza/Umukecuru,Ndira buri munsi kuva mushiki wanjye yapfa.,,ROUTINE
2433,child + hits other children at school,Carer,Umwana,Umwana akubita abandi bana ku ishuri.,,ROUTINE
2434,woman + feels nothing for the new baby,Self,Umuntu mukuru,Numva nta byiyumvo mfitiye umwana wanjye mushya.,,ROUTINE
2435,man + hears a voice telling him to leave,Self,Ingimbi/Umwangavu,Numva ijwi rimbarira ngo ngende.,,URGENT
2436,old man + will not eat because of what he believes,Carer,Umusaza/Umukecuru,Umusaza yanga kurya kubera ibyo yemera.,,URGENT
2437,child + has stopped playing with friends,Carer,Ingimbi/Umwangavu,Umwana yahagaritse gukina n’inshuti ze.,,ROUTINE
2438,woman + feels her heart will stop at night,Self,Umuntu mukuru,Nijoro numva umutima wanjye ugiye guhagarara.,,ROUTINE
2439,man + cannot remember the last time he felt well,Self,Umuntu mukuru,Sinibuka igihe mperuka kumva meze neza.,,ROUTINE
2440,old woman + afraid to sleep alone since the burglary,Self,Umusaza/Umukecuru,Ndatinya kuryama jyenyine kuva bamennye inzu yanjye bakanyiba.,,ROUTINE
2441,asks whether the child's behaviour is an illness,Carer,Umwana,Ndashaka kumenya niba imyitwarire y’umwana ari uburwayi.,,ROUTINE
2442,woman + cannot stop checking the baby breathes,Self,Umuntu mukuru,Sinshobora guhagarika kugenzura ko umwana ahumeka.,,ROUTINE
2443,man + says he has been cursed,Self,Umuntu mukuru,Numva naravumwe.,,ROUTINE
2444,old man + walks at night and does not remember,Carer,Umusaza/Umukecuru,Umusaza agenda nijoro kandi nyuma ntabyibuke.,,ROUTINE
2445,child + will not speak at school but speaks at home,Carer,Umwana,Umwana ntavuga ku ishuri ariko akavuga neza mu rugo.,,ROUTINE
2446,woman + wants to know if sadness can make her sick,Self,Umuntu mukuru,Ndashaka kumenya niba agahinda gashobora kuntera uburwayi.,,ROUTINE
2447,man + cannot work since the family died,Self,Umuntu mukuru,Sinshobora gukora kuva umuryango wanjye upfuye.,,ROUTINE
2448,old woman + refuses to take tablets from anyone,Carer,Umusaza/Umukecuru,Umukecuru yanga gufata ibinini ahawe n’umuntu uwo ari we wese.,,ROUTINE
2449,child + says the pain is everywhere and nowhere,Carer,Umwana,Umwana avuga ko ababaza ahantu hose ariko ntamenye aho bimubabaza.,,ROUTINE
2450,woman + brought by a friend + would not have come alone,Carer,Umuntu mukuru,Yazanywe n’inshuti kandi ntiyari kuza wenyine.,,CANNOT CLASSIFY
2451,man + wound on the hand from a fish,Self,Umuntu mukuru,Mfite igisebe ku kuboko nakomerekejwe n’ifi.,,URGENT
2452,child + swelling after playing near a beehive,Carer,Umwana,Umwana yabyimbye nyuma yo gukinira hafi y’icyari cy’inzuki.,,URGENT
2453,woman + pain in the belly after eating cassava leaves,Self,Umuntu mukuru,Ndababara mu nda nyuma yo kurya amababi y’imyumbati.,,URGENT
2454,old man + coughing since the neighbours burnt rubbish,Self,Umusaza/Umukecuru,Ndakorora kuva abaturanyi batwika imyanda.,,ROUTINE
2455,man + a wound from a nail in a plank,Self,Umuntu mukuru,Mfite igisebe natewe n’umusumari wari mu rubaho.,,URGENT
2456,pregnant + fell from a moto while pillion,Self,Umuntu mukuru,Ndatwite kandi naguye kuri moto nari ntwaye inyuma.,,CRITICAL
2457,child + burnt hand on a lamp glass,Carer,Umwana,Umwana yatwitse ukuboko ku kirahure cy’itara.,,URGENT
2458,woman + sick after eating meat from a ceremony,Self,Umuntu mukuru,Narwaye nyuma yo kurya inyama zo mu birori.,,CANNOT CLASSIFY
2459,old woman + swelling after a long church service standing,Self,Umusaza/Umukecuru,Amaguru yarabyimbye nyuma yo guhagarara igihe kirekire mu rusengero.,,ROUTINE
2460,man + injured moving a cow,Self,Umuntu mukuru,Nakomeretse ubwo nageragezaga kwimura inka.,,CANNOT CLASSIFY
2461,baby + rolled off the bed,Carer,Impinja,Uruhinja rwarakubise rugwa ku buriri.,,URGENT
2462,child + hit in the eye by a football,Carer,Umwana,Umwana yakubiswe umupira mu jisho.,,URGENT
2463,woman + burned by a pressure cooker,Self,Umuntu mukuru,Natwitswe n’icyuma gitekerwamo gifite pressure.,,URGENT
2464,old man + fell from a stool changing a bulb,Carer,Umusaza/Umukecuru,Umusaza yaguye ku ntebe ubwo yahinduraga itara.,,URGENT
2465,man + hand caught in a door of a bus,Self,Umuntu mukuru,Ukuboko kwanjye kwafashwe n’umuryango wa bisi.,,URGENT
2466,child + drank from a bottle of paraffin,Carer,Umwana,Umwana yanyweye paraffine yari mu icupa.,,CRITICAL
2467,woman + slipped on a wet market floor,Self,Umuntu mukuru,Nanyereye hasi hatose ku isoko.,,CANNOT CLASSIFY
2468,pregnant + hit in the belly during a quarrel,Self,Umuntu mukuru,Ndatwite kandi nakubiswe mu nda mu gihe cy’amakimbirane.,,CRITICAL
2469,old woman + fell in the latrine at night,Carer,Umusaza/Umukecuru,Umukecuru yaguye mu musarani nijoro.,,URGENT
2470,man + injured by a falling branch during a storm,Self,Umuntu mukuru,Nakomeretse n’ishami ry’igiti ryaguye mu gihe cy’umuyaga.,,URGENT
2471,child + cut by a razor blade left out,Carer,Umwana,Umwana yacitse n’urwembe rwasigaye hanze.,,URGENT
2472,woman + burned by a hot iron,Self,Umuntu mukuru,Natwitswe n’icyuma gishyushye cyo guterera imyenda.,,URGENT
2473,man + injured while separating fighting men,Self,Umuntu mukuru,Nakomeretse ubwo natandukanyaga abantu barwanaga.,,CANNOT CLASSIFY
2474,baby + scalded by tea knocked over,Carer,Impinja,Uruhinja rwatwitswe n’icyayi cyamenetse.,,URGENT
2475,old man + fell from a bicycle carrying goods,Carer,Umusaza/Umukecuru,Umusaza yaguye ku igare ubwo yari atwaye ibintu.,,URGENT
2476,child + finger caught in a grinding machine,Carer,Umwana,Urutoki rw’umwana rwafashwe n’imashini isya.,,CRITICAL
2477,woman + fell while pregnant carrying firewood,Self,Umuntu mukuru,Ndatwite kandi naguye ntwaye inkwi.,,URGENT
2478,man + injured by a flying stone from a slasher,Self,Umuntu mukuru,Nakomeretse n’ibuye ryagurutse riturutse ku mashini icagagura ibyatsi.,,URGENT
2479,old woman + burnt while warming herself by the fire,Carer,Umusaza/Umukecuru,Umukecuru yatwitswe ubwo yari yicaye hafi y’umuriro yishyushya.,,URGENT
2480,child + injured by a swinging gate,Carer,Umwana,Umwana yakomerekejwe n’umuryango wari urimo kunyeganyega.,,URGENT
2481,man + came about the wound + also has not eaten,Self,Umuntu mukuru,Naje kubera igisebe kandi maze igihe ntarya.,,ROUTINE
2482,woman + came about the cough + also has a lump,Self,Umuntu mukuru,Naje kubera inkorora kandi mfite n’akabyimba.,,ROUTINE
2483,child + came for a form + also has a rash,Carer,Ingimbi/Umwangavu,Naje n’umwana gufata urupapuro kandi afite n’utubyimba ku ruhu.,,ROUTINE
2484,old man + came for tablets + also fell twice,Self,Umusaza/Umukecuru,Naje gufata imiti kandi maze kugwa kabiri.,,URGENT
2485,woman + came for the baby + also has pain passing urine,Carer,Impinja,Naje kubera umwana kandi nanjye ndababara iyo nsiwemo inkari.,,ROUTINE
2486,man + came about the eye + also has chest pain walking,Self,Umusaza/Umukecuru,Naje kubera ijisho kandi ndababara mu gatuza iyo ngenda.,,URGENT
2487,child + came about the ear + also has not grown,Carer,Umwana,Naje kubera ugutwi k’umwana kandi ntakomeza gukura neza.,,ROUTINE
2488,woman + came for family planning + also has bleeding,Self,Umuntu mukuru,Naje kuboneza urubyaro kandi nanjye ndava amaraso.,,ROUTINE
2489,old woman + came about the knee + also cannot see well,Self,Umusaza/Umukecuru,Naje kubera ivi kandi sinshobora kubona neza.,,ROUTINE
2490,man + came about a headache + also drinks daily,Self,Umuntu mukuru,Naje kubera umutwe kandi nanywaga inzoga buri munsi.,,ROUTINE
2491,woman + came about the skin + also has night sweats,Self,Umuntu mukuru,Naje kubera ikibazo cy’uruhu kandi nijoro ndabira ibyuya.,,ROUTINE
2492,child + came for vaccination + also coughs at night,Carer,Impinja,Naje n’umwana kumuhereza urukingo kandi nijoro arakorora.,,ROUTINE
2493,old man + came for the results + also cannot sleep,Self,Umusaza/Umukecuru,Naje kureba ibisubizo kandi sinshobora gusinzira.,,ROUTINE
2494,woman + came about the back + also is pregnant,Self,Umuntu mukuru,Naje kubera umugongo kandi ndatwite.,,ROUTINE
2495,man + came about the foot + also has been thirsty,Self,Umuntu mukuru,Naje kubera ikirenge kandi maze igihe ngira inyota nyinshi.,,ROUTINE
2496,child + came for a check + also wets the bed,Carer,Umwana,Naje n’umwana kumusuzumisha kandi aracyihagarika mu buriri.,,ROUTINE
2497,woman + came about a tooth + also has a swelling in the neck,Self,Umuntu mukuru,Naje kubera iryinyo kandi mfite n’akabyimba ku ijosi.,,ROUTINE
2498,old woman + came for the dressing + also is confused at times,Carer,Umusaza/Umukecuru,Naje n’umukecuru guhindurirwa igipfuko kandi rimwe na rimwe ajijwa.,,ROUTINE
2499,man + came about the throat + also has lost weight,Self,Umuntu mukuru,Naje kubera umuhogo kandi maze gutakaza ibiro.,,ROUTINE
2500,woman + came about the child + also is afraid at home,Carer,Umwana,Naje kubera umwana kandi nanjye ntinya kuba mu rugo.,,CANNOT CLASSIFY
2501,asks whether he can take the tablets with beer,Self,Umuntu mukuru,Ndashaka kumenya niba nshobora gufata ibinini nywa n’inzoga.,,ROUTINE
2502,woman + asks whether the injection will stop her periods,Self,Umuntu mukuru,Ndashaka kumenya niba urushinge ruzatuma imihango ihagarara.,,ROUTINE
2503,man + asks whether the illness came from witchcraft,Self,Umuntu mukuru,Ndashaka kumenya niba ubu burwayi bwaratewe n’uburozi.,,ROUTINE
2504,old woman + asks whether she can stop eating salt entirely,Self,Umusaza/Umukecuru,Ndashaka kumenya niba nakureka burundu kurya umunyu.,,ROUTINE
2505,child + parent asks whether the cough will go alone,Carer,Umwana,Ndashaka kumenya niba inkorora y’umwana izashira yonyine.,,ROUTINE
2506,woman + asks whether the baby will be affected,Self,Umuntu mukuru,Ndashaka kumenya niba umwana azagirwaho ingaruka.,,ROUTINE
2507,man + asks whether he should tell his wife,Self,Umuntu mukuru,Ndashaka kumenya niba nkwiye kubibwira umugore wanjye.,,ROUTINE
2508,old man + asks whether he can drink the herbs too,Self,Umusaza/Umukecuru,Ndashaka kumenya niba nanjye nshobora kunywa iyo miti y’ibyatsi.,,ROUTINE
2509,woman + asks whether she can go to work tomorrow,Self,Umuntu mukuru,Ndashaka kumenya niba ejo nshobora kujya ku kazi.,,ROUTINE
2510,child + parent asks whether school should be told,Carer,Umwana,Ndashaka kumenya niba ishuri rigomba kubimenyeshwa.,,ROUTINE
2511,man + asks whether the wound will need another visit,Self,Umuntu mukuru,Ndashaka kumenya niba nzongera kugaruka kubera iki gisebe.,,ROUTINE
2512,woman + asks whether she should stop breastfeeding,Self,Umuntu mukuru,Ndashaka kumenya niba nkwiye guhagarika konsa.,,ROUTINE
2513,old woman + asks whether the pain means the cancer is back,Self,Umusaza/Umukecuru,Ndashaka kumenya niba ubu bubabare busobanura ko kanseri yagarutse.,,ROUTINE
2514,man + asks whether he can lift again after a month,Self,Umuntu mukuru,Ndashaka kumenya niba nyuma y’ukwezi nshobora kongera guterura ibintu.,,ROUTINE
2515,woman + asks how to know if the baby is in danger,Self,Umuntu mukuru,Ndashaka kumenya uko namenya ko umwana ari mu kaga.,,ROUTINE
2516,child + parent asks whether the fits will stop with age,Carer,Umwana,Ndashaka kumenya niba ibinya by’umwana bizashira uko azakura.,,ROUTINE
2517,old man + asks whether he should go to the district hospital,Self,Umusaza/Umukecuru,Ndashaka kumenya niba nkwiye kujya ku bitaro by’akarere.,,ROUTINE
2518,woman + asks whether her daughter should be tested,Carer,Ingimbi/Umwangavu,Ndashaka kumenya niba umukobwa wanjye agomba gukorerwa ikizamini.,,ROUTINE
2519,man + asks whether the swelling will come back,Self,Umuntu mukuru,Ndashaka kumenya niba akabyimba kazongera kugaruka.,,ROUTINE
2520,woman + asks whether the treatment can be given at night,Self,Umuntu mukuru,Ndashaka kumenya niba ubuvuzi bushobora gukorwa nijoro.,,ROUTINE
2521,pain in the chest + relieved by sitting up + returns lying,Self,Umusaza/Umukecuru,"Ndababara mu gatuza ariko bikagabanuka iyo nicaye, nkongera kubabara iyo ndyamye.",,URGENT
2522,child + fever + refuses to move the arm,Carer,Umwana,Umwana afite umuriro kandi yanga gukoresha ukuboko.,,URGENT
2523,woman + severe pain + stopped suddenly on its own,Self,Umuntu mukuru,Nagiraga ububabare bukomeye ariko bwahise buhagarara bwonyine.,,CANNOT CLASSIFY
2524,man + cough + blood only once but frightening,Self,Umuntu mukuru,Ndakorora kandi nasohoye amaraso rimwe gusa ariko byarantinyishije.,,URGENT
2525,old woman + fell + cannot say how long she lay there,Carer,Umusaza/Umukecuru,Umukecuru yaraguye ariko ntashobora kuvuga igihe yamaze aryamye hasi.,,URGENT
2526,baby + fever + has been given herbs already,Carer,Impinja,Uruhinja rufite umuriro kandi rumaze guhabwa imiti y’ibyatsi.,,URGENT
2527,child + swelling of the whole leg after an injection,Carer,Umwana,Ukuguru k’umwana kwose kwarabyimbye nyuma yo guhabwa urushinge.,,URGENT
2528,pregnant + strong pain then nothing for an hour,Self,Umuntu mukuru,"Ndatwite, nagize ububabare bukomeye hanyuma hashira isaha nta kindi numva.",,URGENT
2529,man + wound + tetanus injection refused earlier,Self,Umuntu mukuru,Mfite igisebe kandi mbere nari naranze guhabwa urushinge rwa tetanusi.,,URGENT
2530,woman + bleeding + says it is normal for her,Self,Umuntu mukuru,Ndava amaraso ariko njye numva ko ari ibintu bisanzwe kuri njye.,,CANNOT CLASSIFY
2531,old man + chest pain + says it is only the stomach,Self,Umusaza/Umukecuru,Ndababara mu gatuza ariko numva ari inda gusa.,,URGENT
2532,child + fever + third different clinic this week,Carer,Umwana,Umwana afite umuriro kandi iyi ni ivuriro rya gatatu ajeho muri iki cyumweru.,,URGENT
2533,woman + pain + has taken six different tablets,Self,Umuntu mukuru,Ndababara kandi maze gufata ubwoko butandatu bw’ibinini.,,ROUTINE
2534,man + wound + came only because he could not work,Self,Umuntu mukuru,Mfite igisebe kandi naje gusa kubera ko ntashoboraga gukora akazi.,,URGENT
2535,old woman + weakness + family says she is just old,Carer,Umusaza/Umukecuru,Umukecuru yaracitse intege ariko umuryango uvuga ko ari ubusaza gusa.,,URGENT
2536,baby + not feeding + mother says he is lazy,Carer,Impinja,Uruhinja ntironsa kandi nyina avuga ko ari ubunebwe.,,URGENT
2537,child + limp + parents say he is pretending,Carer,Umwana,Umwana aragenda ananirwa gukandagira neza ariko ababyeyi bavuga ko ari ukwiyitirira.,,URGENT
2538,pregnant + fever + refused admission last time,Self,Umuntu mukuru,Ndatwite mfite umuriro kandi ubushize nari naranze kurwarira kwa muganga.,,URGENT
2539,man + swelling + treated by three healers first,Self,Umuntu mukuru,Mfite kubyimba kandi nabanje kuvurwa n’abavuzi gakondo batatu.,,ROUTINE
2540,woman + pain + says it is only stress,Self,Umuntu mukuru,Ndababara ariko numva ari stress gusa.,,ROUTINE
2541,old man + cough + says everyone in the village has it,Self,Umusaza/Umukecuru,Ndakorora kandi numva abantu bose bo mu mudugudu bafite nk’ibi.,,ROUTINE
2542,child + burn + came after four days,Carer,Umwana,Umwana yarashye ariko twaje hashize iminsi ine.,,URGENT
2543,woman + discharge + partner refuses to be seen,Self,Umuntu mukuru,Mfite ibintu biva mu gitsina kandi uwo tubana yanga kuza kwisuzumisha.,,ROUTINE
2544,man + chest pain + came by bus from another district,Self,Umuntu mukuru,Ndababara mu gatuza kandi naje muri bisi mvuye mu kandi karere.,,URGENT
2545,baby + jaundice + mother says it is the sun,Carer,Impinja,Uruhinja rufite umuhondo ariko nyina avuga ko ari izuba.,,URGENT
2546,child + not eating + family has little food,Carer,Umwana,Umwana ntabwo arya kandi mu rugo dufite ibyo kurya bike.,,URGENT
2547,woman + bleeding + fasted before coming,Self,Umuntu mukuru,Ndava amaraso kandi nari nziye mbere yo kuza.,,URGENT
2548,old woman + wound + hid it from the family,Self,Umusaza/Umukecuru,Mfite igisebe ariko nagihishe umuryango wanjye.,,ROUTINE
2549,man + vomiting + has not told anyone he drinks,Self,Umuntu mukuru,Ndakomeza kuruka kandi nta muntu nabwiye ko nywa inzoga.,,ROUTINE
2550,pregnant + no antenatal visits at all,Self,Ingimbi/Umwangavu,Ndatwite kandi nta na rimwe nigeze njya kwisuzumisha inda.,,ROUTINE
2551,a swelling in the armpit + no pain + two months,Self,Umuntu mukuru,Mfite akabyimba mu kwaha katambabaza kandi maze amezi abiri.,,ROUTINE
2552,child + one side of the chest moves less,Carer,Umwana,"Iyo umwana ahumeka, uruhande rumwe rw’igituza rugenda gake kurusha urundi.",,URGENT
2553,woman + a hard area in the breast + not round,Self,Umuntu mukuru,Mfite ahantu hakomeye mu ibere kandi si akabyimba kazengurutse.,,ROUTINE
2554,man + the wound is deeper than it looks,Self,Umuntu mukuru,Igisebe cyanjye ni kinini imbere kurusha uko kigaragara inyuma.,,URGENT
2555,old man + pain that does not match the injury,Self,Umusaza/Umukecuru,Ububabare mfite burakabije kurusha uko igikomere gisa.,,URGENT
2556,baby + the belly is full but the nappy is dry,Carer,Impinja,Inda y’uruhinja irabyimbye ariko diaper irumye nta nkari.,,URGENT
2557,child + fever that only comes at night,Carer,Umwana,Umwana agira umuriro nijoro gusa.,,ROUTINE
2558,woman + the pain went but the swelling stayed,Self,Umuntu mukuru,Ububabare bwarashize ariko kubyimba biracyahari.,,ROUTINE
2559,man + a bruise with no remembered injury,Self,Umuntu mukuru,Mfite ikimenyetso cy’ubururu kandi sinibuka aho nakomeretse.,,ROUTINE
2560,pregnant + the movements feel different not fewer,Self,Umuntu mukuru,"Ndatwite kandi numva umwana agenda mu buryo butandukanye, ariko si uko yagabanutse.",,ROUTINE
2561,old woman + the cough is worse but she feels better,Self,Umusaza/Umukecuru,Inkorora yarushijeho kuba mbi ariko njye numva meze neza kurusha mbere.,,ROUTINE
2562,child + eats well but is thin,Carer,Umwana,Umwana ararya neza ariko arananutse.,,ROUTINE
2563,man + urine looks normal but burns,Self,Umuntu mukuru,Inkari zisa n’izisanzwe ariko zirandya iyo ninyaye.,,ROUTINE
2564,woman + the wound is small but the leg is hot,Self,Umuntu mukuru,Igisebe ni gito ariko ukuguru kurashyushye.,,URGENT
2565,old man + short of breath but no cough,Self,Umusaza/Umukecuru,Nabura umwuka ariko nta nkorora mfite.,,URGENT
2566,baby + gaining weight but very quiet,Carer,Impinja,Uruhinja ruriyongera ibiro ariko ruri gutuza cyane ntirukina.,,ROUTINE
2567,child + the rash is gone but the fever stays,Carer,Umwana,Utubyimba twarashize ariko umuriro uracyahari.,,URGENT
2568,woman + bleeding stopped but the pain increased,Self,Umuntu mukuru,Kuva amaraso byarahagaze ariko ububabare bwarushijeho kwiyongera.,,URGENT
2569,man + the swelling went down but he feels worse,Self,Umuntu mukuru,Kubyimba byaragabanutse ariko numva meze nabi kurushaho.,,CANNOT CLASSIFY
2570,old woman + the tablets helped then stopped working,Self,Umusaza/Umukecuru,Ibinini byaramfashije ariko nyuma byaretse kugira icyo bimfasha.,,ROUTINE
2571,child + wound closed but the finger will not bend,Carer,Umwana,Igisebe cy’umwana cyarafunze ariko urutoki ntirugonda.,,ROUTINE
2572,woman + the fever broke but the headache stayed,Self,Umuntu mukuru,Umuriro warashize ariko umutwe uracyambabaza.,,ROUTINE
2573,man + the cough eased but the weight is still falling,Self,Umuntu mukuru,Inkorora yaragabanutse ariko ibiro biracyagabanuka.,,ROUTINE
2574,pregnant + the swelling is in the face not the legs,Self,Umuntu mukuru,"Ndatwite kandi kubyimba mfite ni mu maso, si mu maguru.",,URGENT
2575,old man + the pain is better lying on the bad side,Self,Umusaza/Umukecuru,Ububabare buragabanuka iyo ndyamye ku ruhande rubabara.,,ROUTINE
2576,baby + sleeps more since the fever ended,Carer,Impinja,Uruhinja rumara igihe kinini rusinziriye kuva umuriro washira.,,URGENT
2577,child + the limp is worse in the morning,Carer,Umwana,Ukuguru kw’umwana kumugora cyane mu gitondo.,,ROUTINE
2578,woman + the discharge stopped but the pain did not,Self,Umuntu mukuru,Ibintu byavaga mu gitsina byarahagaze ariko ububabare bwo ntibwashize.,,ROUTINE
2579,man + the wound healed over something inside,Self,Umuntu mukuru,Igisebe cyarakize ariko numva hari ikintu cyasigaye imbere.,,ROUTINE
2580,old woman + the swelling changes with the weather,Self,Umusaza/Umukecuru,Kubyimba kwanjye kurahinduka bitewe n’uko ikirere kimeze.,,ROUTINE
2581,asks how to look after a relative who cannot move,Carer,Umusaza/Umukecuru,Ndashaka kumenya uko nita ku muntu w’umuryango udashobora kugenda.,,ROUTINE
2582,woman + asks how to feed a child who refuses food,Carer,Umwana,Ndashaka kumenya uko nagaburira umwana wanga kurya.,,ROUTINE
2583,man + asks how to keep the wound dry while farming,Self,Umuntu mukuru,Ndashaka kumenya uko nakomeza igisebe cyanjye cyumye nkora ubuhinzi.,,ROUTINE
2584,old man + asks how to remember the tablets,Self,Umusaza/Umukecuru,Ndashaka kumenya uko nakwibuka gufata ibinini byanjye.,,ROUTINE
2585,woman + asks how to tell if the baby is drinking enough,Carer,Impinja,Ndashaka kumenya uko namenya ko umwana anywa amata ahagije.,,ROUTINE
2586,child + parent asks how to stop the scratching,Carer,Umwana,Ndashaka kumenya uko nahagarika umwana kwishimagura.,,ROUTINE
2587,man + asks how to protect the family from the illness,Self,Umuntu mukuru,Ndashaka kumenya uko nakwirinda uburwayi bukagera ku muryango wanjye.,,ROUTINE
2588,woman + asks what to do if the bleeding starts again,Self,Umuntu mukuru,Ndashaka kumenya icyo nakora niba kongera kuva amaraso bitangiye.,,ROUTINE
2589,old woman + asks how to move without falling,Self,Umusaza/Umukecuru,Ndashaka kumenya uko nagenda ntagwa.,,ROUTINE
2590,man + asks how long before he can return to work,Self,Umuntu mukuru,Ndashaka kumenya igihe nzamara mbere yo gusubira ku kazi.,,ROUTINE
2591,woman + asks how to carry the baby with a sore arm,Self,Umuntu mukuru,Ndashaka kumenya uko natwara umwana ukuboko kundya.,,ROUTINE
2592,child + parent asks what food helps the child gain weight,Carer,Umwana,Ndashaka kumenya ibiryo byafasha umwana kongera ibiro.,,ROUTINE
2593,old man + asks how to take tablets that must be spaced,Self,Umusaza/Umukecuru,Ndashaka kumenya uko nafata ibinini bisaba gusigana igihe.,,ROUTINE
2594,woman + asks how to know when labour has really started,Self,Ingimbi/Umwangavu,Ndashaka kumenya uko namenya ko ibise byatangiye koko.,,ROUTINE
2595,man + asks how to clean the wound with no clean water,Self,Umuntu mukuru,Ndashaka kumenya uko nakora isuku y’igisebe nta mazi meza mfite.,,ROUTINE
2596,woman + asks how to help a relative who refuses to come,Carer,Umuntu mukuru,Ndashaka kumenya uko nafasha umuvandimwe wanga kuza kwa muganga.,,ROUTINE
2597,old woman + asks how to eat when food has no taste,Self,Umusaza/Umukecuru,Ndashaka kumenya uko narirya iyo ibiryo ntabyumva uburyohe.,,ROUTINE
2598,child + parent asks how to give bitter tablets,Carer,Umwana,Ndashaka kumenya uko naha umwana ibinini birura.,,ROUTINE
2599,man + asks how to sleep with the pain,Self,Umuntu mukuru,Ndashaka kumenya uko nasinzira kandi ndababara.,,ROUTINE
2600,woman + asks what to watch for after going home,Self,Umuntu mukuru,Ndashaka kumenya ibyo nakurikiranaho nyuma yo gusubira mu rugo.,,ROUTINE
2601,pain in one finger + swollen and red at the nail,Self,Umuntu mukuru,"Urutoki rumwe rurambabaza, rwarabyimbye kandi rutukura hafi y’uruhu rw’ umusumari.",,ROUTINE
2602,child + a white reflection in one eye at night,Carer,Impinja,Mu jisho rimwe ry’umwana habonekamo urumuri rw’umweru nijoro.,,URGENT
2603,woman + one leg thinner than the other,Self,Umuntu mukuru,Ukuguru kumwe kwanjye kurananutse kurusha ukundi.,,ROUTINE
2604,man + a cut that will not stop bleeding + takes tablets,Self,Umusaza/Umukecuru,Mfite igisebe gikomeza kuva amaraso kandi mfata ibinini.,,URGENT
2605,old woman + the leg gives way without warning,Self,Umusaza/Umukecuru,Ukuguru kwanjye kurahita kuncika nta nteguza.,,ROUTINE
2606,baby + the head is flat on one side,Carer,Impinja,Umutwe w’uruhinja uraringaniye ku ruhande rumwe.,,ROUTINE
2607,child + writes with the head very close to the paper,Carer,Umwana,Umwana yandika ashyize umutwe hafi cyane y’urupapuro.,,ROUTINE
2608,pregnant + heartburn so bad she cannot eat,Self,Umuntu mukuru,Ndatwite kandi mfite inkongi mu gatuza ikomeye ku buryo ntashobora kurya.,,ROUTINE
2609,man + a swelling in the neck only when he strains,Self,Umuntu mukuru,Ijosi rirabyimba gusa iyo nkoze cyane cyangwa nishyizeho imbaraga.,,ROUTINE
2610,woman + hands go numb carrying shopping,Self,Umuntu mukuru,Amaboko aranyara nkayumva yafashwe n’ibinya iyo ntwaye ibyo naguze.,,ROUTINE
2611,old man + a new cough with old heart problems,Self,Umusaza/Umukecuru,Natangiye gukorora kandi nsanzwe mfite ikibazo cy’umutima.,,URGENT
2612,child + a fever and a swelling behind the knee,Carer,Umwana,Umwana afite umuriro n’akabyimba inyuma y’ivi.,,URGENT
2613,man + a lump that appeared where he was hit,Self,Umuntu mukuru,Akabyimba kaje aho nakubitiwe.,,ROUTINE
2614,woman + pain in the shoulder when the baby is on that arm,Self,Umuntu mukuru,Rutugu rurambabaza iyo ntwaye umwana kuri urwo kuboko.,,ROUTINE
2615,baby + does not grip a finger,Carer,Impinja,Uruhinja ntirufata urutoki iyo ndaruha.,,ROUTINE
2616,old woman + the wound is clean but will not close,Self,Umusaza/Umukecuru,Igisebe kirasa neza ariko ntigifunga ngo gikire.,,ROUTINE
2617,child + one nostril always blocked,Carer,Umwana,Izuru rimwe ry’umwana rihora rifunze.,,ROUTINE
2618,man + pain that started in the neck and went to the hand,Self,Umuntu mukuru,Ububabare bwatangiriye mu ijosi bukagera mu kuboko.,,ROUTINE
2619,pregnant + the pain is between the shoulder blades,Self,Umuntu mukuru,Ndatwite kandi ndababara hagati y’amagufa y’ibitugu.,,ROUTINE
2620,woman + swelling that started in one finger,Self,Umuntu mukuru,Kubyimba byatangiriye ku rutoki rumwe.,,ROUTINE
2621,old man + falls only when he stands quickly,Self,Umusaza/Umukecuru,Ndagwa gusa iyo mpagurutse vuba.,,ROUTINE
2622,child + a swelling of the parotid on one side,Carer,Umwana,Umwana yabyimbye uruhande rumwe munsi y’ugutwi.,,ROUTINE
2623,man + a rash that follows a line on the chest,Self,Umusaza/Umukecuru,Mfite utubyimba dukurikirana umurongo ku gatuza.,,ROUTINE
2624,woman + pain that stops her lifting the baby,Self,Umuntu mukuru,Ububabare butuma ntashobora guterura umwana.,,ROUTINE
2625,baby + a hoarse cry,Carer,Impinja,Uruhinja rurira ijwi ryahindutse.,,ROUTINE
2626,old woman + a wound that appeared under a ring,Self,Umusaza/Umukecuru,Mfite igisebe cyaje munsi y’impeta.,,ROUTINE
2627,child + walks but the toes point outward,Carer,Umwana,Umwana agenda ariko intoki z’ibirenge zireba hanze.,,ROUTINE
2628,man + a swelling that pulses,Self,Umuntu mukuru,Mfite akabyimba gakubita nk’umutima.,,URGENT
2629,pregnant + cramping without bleeding,Self,Umuntu mukuru,Ndatwite kandi numva inda inyeganyega nk’ibise ariko nta maraso ava.,,URGENT
2630,woman + one eyelid drooping since this morning,Self,Umuntu mukuru,"Kuva muri iki gitondo, igitsike cy’ijisho rimwe cyamanutse.",,URGENT
2631,old man + a pain that goes when he walks and returns at rest,Self,Umusaza/Umukecuru,Ububabare burashira iyo ngenda ariko bukagaruka iyo mpagaze cyangwa nicaye.,,ROUTINE
2632,child + a swelling on the shin with fever,Carer,Umwana,Umwana yabyimbye ku nyama y’ukuguru kandi afite umuriro.,,URGENT
2633,man + a sore on the sole he cannot see,Self,Umusaza/Umukecuru,Mfite igisebe munsi y’ikirenge ntashobora kwirebera.,,ROUTINE
2634,woman + numbness on one side of the tongue,Self,Umuntu mukuru,Numva uruhande rumwe rw’ururimi rwarafashwe n’ibinya.,,URGENT
2635,baby + the eyes move from side to side,Carer,Impinja,Amaso y’uruhinja agenda ava ku ruhande ajya ku rundi.,,URGENT
2636,old woman + skin over the shin is shiny and tight,Self,Umusaza/Umukecuru,Uruhu rwo ku nyama y’ukuguru rwarabengerana kandi rwarakomeye.,,ROUTINE
2637,child + a fever with a very fast pulse,Carer,Umwana,Umwana afite umuriro kandi umutima utera vuba cyane.,,URGENT
2638,man + a wound that the flies keep settling on,Self,Umuntu mukuru,Mfite igisebe isazi zihora ziza kwicaraho.,,ROUTINE
2639,pregnant + the baby's movements feel lower than before,Self,Umuntu mukuru,Ndatwite kandi numva umwana agenda hasi kurusha mbere.,,ROUTINE
2640,woman + a lump that is fixed and does not move,Self,Umuntu mukuru,Mfite akabyimba gakomeye kadashobora kunyeganyega.,,ROUTINE
2641,old man + a cough that comes with swallowing,Self,Umusaza/Umukecuru,Ndakorora iyo maze kumira.,,ROUTINE
2642,child + one arm shorter in movement than the other,Carer,Umwana,Umwana akoresha ukuboko kumwe gake kurusha ukundi.,,ROUTINE
2643,man + pain in the hip only when climbing,Self,Umuntu mukuru,Ndababara mu kibuno gusa iyo nzamuka.,,ROUTINE
2644,woman + swelling of the neck that makes the voice change,Self,Umuntu mukuru,Ijosi ryarabyimbye kandi ijwi ryanjye ryarahindutse.,,ROUTINE
2645,baby + poor weight gain despite feeding often,Carer,Impinja,Uruhinja ntirwiyongera ibiro neza nubwo rurya kenshi.,,ROUTINE
2646,old woman + pain that started after a small knock,Self,Umusaza/Umukecuru,Ububabare bwatangiye nyuma yo gukubitika gake.,,ROUTINE
2647,child + a cough for three months with no fever,Carer,Umwana,Umwana amaze amezi atatu akorora ariko nta muriro afite.,,ROUTINE
2648,man + a swelling that is soft then becomes hard,Self,Umuntu mukuru,Akabyimba kanjye karoroha ariko nyuma kakaba gakomeye.,,ROUTINE
2649,woman + burning on the outer thigh only,Self,Umuntu mukuru,Numva ububabare nk’ubushya ku ruhande rw’inyuma rw’ukuguru gusa.,,ROUTINE
2650,pregnant + a sharp pain with each movement of the baby,Self,Umuntu mukuru,Ndatwite kandi buri uko umwana agenda numva ububabare bukomeye.,,ROUTINE
2651,asks whether the health insurance covers the operation,Self,Umuntu mukuru,Ndashaka kumenya niba ubwishingizi bw’indwara bwishyura kubagwa.,,ROUTINE
2652,woman + wants to register for the insurance today,Self,Umuntu mukuru,Ndashaka kwiyandikisha mu bwishingizi bw’indwara uyu munsi.,,ROUTINE
2653,man + asks why he was sent away last time,Self,Umuntu mukuru,Ndashaka kumenya impamvu ubushize banyohereje ntavuwe.,,ROUTINE
2654,old woman + asks whether a relative can collect her tablets,Carer,Umusaza/Umukecuru,Ndashaka kumenya niba umuvandimwe wanjye ashobora kunzanira ibinini.,,ROUTINE
2655,child + parent asks why the medicine was changed,Carer,Umwana,Ndashaka kumenya impamvu imiti y’umwana yahinduwe.,,ROUTINE
2656,woman + asks whether she can be seen at the health post instead,Self,Umuntu mukuru,Ndashaka kumenya niba nasuzumirwa ku ivuriro rito ryo hafi aho.,,ROUTINE
2657,man + asks whether the record can be corrected,Self,Umuntu mukuru,Ndashaka kumenya niba amakuru ari muri dosiye yanjye ashobora gukosorwa.,,ROUTINE
2658,old man + asks for a copy of his file,Self,Umusaza/Umukecuru,Ndashaka kopi ya dosiye yanjye.,,ROUTINE
2659,woman + asks whether she can be seen on a Saturday,Self,Umuntu mukuru,Ndashaka kumenya niba nshobora kuza kwisuzumisha ku wa Gatandatu.,,ROUTINE
2660,man + asks whether the test is available here,Self,Umuntu mukuru,Ndashaka kumenya niba iki kizamini kiboneka hano.,,ROUTINE
2661,child + parent asks whether the vaccine is in stock,Carer,Impinja,Ndashaka kumenya niba urukingo ruhari.,,ROUTINE
2662,woman + asks whether she can pay next month,Self,Umuntu mukuru,Ndashaka kumenya niba nashobora kwishyura ukwezi gutaha.,,ROUTINE
2663,old woman + asks whether transport can be arranged,Carer,Umusaza/Umukecuru,Ndashaka kumenya niba hari imodoka yamutwara ishobora gutegurwa.,,ROUTINE
2664,man + asks whether he must come back for the result,Self,Umuntu mukuru,Ndashaka kumenya niba ngomba kugaruka gufata ibisubizo.,,ROUTINE
2665,woman + asks why the same tablets look different,Self,Umuntu mukuru,Ndashaka kumenya impamvu ibinini bimwe bisa bitandukanye.,,ROUTINE
2666,pregnant + asks whether she can deliver here,Self,Ingimbi/Umwangavu,Ndatwite kandi ndashaka kumenya niba nshobora kubyarira hano.,,ROUTINE
2667,old man + asks whether the clinic will be open at the holiday,Self,Umusaza/Umukecuru,Ndashaka kumenya niba ivuriro rizaba rifunguye ku munsi w’ikiruhuko.,,ROUTINE
2668,woman + asks whether her file can be moved with her,Self,Umuntu mukuru,Ndashaka kumenya niba dosiye yanjye ishobora kwimurwa ikanjyana.,,ROUTINE
2669,man + asks whether a letter is needed for the hospital,Self,Umuntu mukuru,Ndashaka kumenya niba nkeneye urupapuro rwo kujya ku bitaro.,,ROUTINE
2670,child + parent asks whether a second card is needed,Carer,Umwana,Ndashaka kumenya niba umwana akeneye indi karita.,,ROUTINE
2671,man + collapsed at work + now awake and talking,Carer,Umuntu mukuru,Yaguye hasi ku kazi ariko ubu arakangutse kandi aravuga.,,URGENT
2672,woman + fell down the hill path + head and arm,Carer,Umuntu mukuru,Yaguye mu nzira imanuka umusozi kandi yakomerekeje umutwe n’ukuboko.,,URGENT
2673,child + pulled from under a collapsed wall,Carer,Umwana,Umwana yakuwe munsi y’urukuta rwaguye.,,CRITICAL
2674,old man + found on the floor in the morning,Carer,Umusaza/Umukecuru,Umusaza bamusanze aryamye hasi mu gitondo.,,CRITICAL
2675,woman + bleeding heavily + brought by motorcycle,Carer,Umuntu mukuru,Yavaga amaraso menshi kandi yazanywe kuri moto.,,CRITICAL
2676,man + burnt while putting out a kitchen fire,Carer,Umuntu mukuru,Yatwitse ubwo yazimaga umuriro wari wafashe mu gikoni.,,URGENT
2677,child + hit by a falling gate,Carer,Umwana,Umwana yakubiswe n’umuryango waguye.,,URGENT
2678,woman + in labour on the roadside,Carer,Umuntu mukuru,Umugore ari mu bise ku muhanda.,,CRITICAL
2679,old woman + choking during a meal,Carer,Umusaza/Umukecuru,Umukecuru yananiwe guhumeka neza ubwo yari arimo kurya.,,CRITICAL
2680,man + electrocuted while pumping water,Carer,Umuntu mukuru,Yakubiswe n’umuriro w’amashanyarazi ubwo yavomaga amazi akoresheje pompe.,,CRITICAL
2681,child + convulsing on the way to the clinic,Carer,Umwana,Umwana yafashwe n’ibinya turi mu nzira tujya ku kigo nderabuzima.,,CRITICAL
2682,woman + collapsed after delivering at home,Carer,Umuntu mukuru,Yaguye hasi nyuma yo kubyarira mu rugo.,,CRITICAL
2683,man + crushed hand in a press,Carer,Umuntu mukuru,Ukuboko kwe kwakandamijwe n’imashini ikanda.,,CRITICAL
2684,old man + unresponsive but breathing,Carer,Umusaza/Umukecuru,Umusaza ntiyitaba ariko aracyahumeka.,,CRITICAL
2685,child + swallowed poison + brought the container,Carer,Umwana,Umwana yamize uburozi kandi twazanye icupa ryabwo.,,CRITICAL
2686,woman + severe bleeding after a fall + pregnant,Carer,Umuntu mukuru,Umugore wari utwite yaguye hasi none ava amaraso menshi.,,CRITICAL
2687,man + deep cut to the thigh from a grinder,Carer,Umuntu mukuru,Yakomerekejwe cyane ku nyama y’ukuguru n’imashini isya.,,CRITICAL
2688,baby + limp and grey + brought running,Carer,Impinja,"Uruhinja rwari rwaracitse intege kandi rwarahindutse ibara, twarwirutse turuzana.",,CRITICAL
2689,old woman + severe chest pain + cannot be moved,Carer,Umusaza/Umukecuru,Umukecuru arababara cyane mu gatuza kandi ntashobora kwimurwa.,,CRITICAL
2690,child + hit by a vehicle + crying but walking,Carer,Umwana,"Umwana yakubiswe n’imodoka, ararira ariko aragenda.",,URGENT
2691,asks about a relative newly diagnosed with cancer,Carer,Umusaza/Umukecuru,Ndashaka kumenya iby’umuvandimwe wanjye umaze gusuzumwa akamenya ko afite kanseri.,,ROUTINE
2692,woman + wants to know if the illness is inherited,Self,Umuntu mukuru,Ndashaka kumenya niba ubu burwayi bushobora kuragwa mu muryango.,,ROUTINE
2693,man + asks whether the treatment will change his appearance,Self,Umuntu mukuru,Ndashaka kumenya niba ubuvuzi buzahindura uko nsa.,,ROUTINE
2694,old woman + asks whether she will get better or not,Self,Umusaza/Umukecuru,Ndashaka kumenya niba nzakira cyangwa ntazakira.,,ROUTINE
2695,child + parent asks whether the child will live normally,Carer,Umwana,Ndashaka kumenya niba umwana azashobora kubaho nk’abandi.,,ROUTINE
2696,woman + asks whether she can still marry with this illness,Self,Ingimbi/Umwangavu,Ndashaka kumenya niba nkiri n’umurwayi nshobora kuzashaka.,,ROUTINE
2697,man + asks whether his children can catch it,Self,Umuntu mukuru,Ndashaka kumenya niba abana banjye bashobora kwandura ubu burwayi.,,ROUTINE
2698,old man + asks how long he has,Self,Umusaza/Umukecuru,Ndashaka kumenya igihe nkiri mfite.,,ROUTINE
2699,woman + asks whether the treatment is worth it,Self,Umuntu mukuru,Ndashaka kumenya niba kuvurwa bifite umumaro kuri njye.,,ROUTINE
2700,man + asks whether he can refuse the operation,Self,Umuntu mukuru,Ndashaka kumenya niba nshobora kwanga kubagwa.,,ROUTINE
2800,Ndababara kuva mu mugongo kugeza ku ivi,Self,Umuntu mukuru,,,ROUTINE
2801,Mfite igisebe cyatangiriye ku kabyimba gato,Self,Umuntu mukuru,,,ROUTINE
2802,Kubyimba birushaho kuba byinshi ku ruhande ndyama,Self,Umuntu mukuru,,,ROUTINE
2803,Umwana arya ubutaka kandi akarya inzara,Carer,Umwana,,,ROUTINE
2804,Ndababara mu mayasha iyo nkoroye,Self,Umusaza/Umukecuru,,,ROUTINE
2805,Uruhinja rutera ukuguru kumwe kurusha ukundi,Carer,Impinja,,,ROUTINE
2806,Nva amaraso nijoro gusa,Self,Umuntu mukuru,,,CANNOT CLASSIFY
2807,Mfite kubyimba kwaje nyuma yo kumara igihe ndwaye,Self,Umuntu mukuru,,,CANNOT CLASSIFY
2808,Umwana afite umuriro kandi intangangore imwe yarabyimbye,Carer,Umwana,,,URGENT
2809,Mfite ibiheri munsi y’amaboko yombi,Self,Umusaza/Umukecuru,,,ROUTINE
2810,Ndababara ariko si mu nda na gato,Self,Umuntu mukuru,,,CANNOT CLASSIFY
2811,Ndatangira kubabara nyuma yo gukurwamo iryinyo,Self,Umuntu mukuru,,,ROUTINE
2812,Amabere arambabaza cyane ku ruhande rumwe,Self,Umuntu mukuru,,,ROUTINE
2813,Umwana arakorora kuva ishuri risizwe irangi,Carer,Umwana,,,ROUTINE
2814,Numva mfite intege nke nyuma yo kumara umunsi ntanywa amazi,Self,Umusaza/Umukecuru,,,URGENT
2815,"Uruhinja rurira, rugahita rureka, rukongera kurira",Carer,Impinja,,,ROUTINE
2816,Uruhu rurandya cyane nyuma yo kwiyuhagira,Self,Umuntu mukuru,,,ROUTINE
2817,Ububabare buragabanuka iyo nkoresheje igitambaro gishyushye,Self,Umuntu mukuru,,,ROUTINE
2818,Umwana yarabyimbye nyuma yo guhabwa urukingo umwaka ushize,Carer,Umwana,,,ROUTINE
2819,Ndababara ku rutugu kandi ububabare bukagera ku kuboko,Self,Umusaza/Umukecuru,,,ROUTINE
2820,Natangiye kuva amaraso nyuma yo kugabanya konsa,Self,Umuntu mukuru,,,ROUTINE
2821,Mfite igisebe umuvuzi gakondo yansatuye akoresheje urwembe,Self,Umuntu mukuru,,,URGENT
2822,Umwana afite umuriro kandi ijisho rimwe ryarabyimbye,Carer,Umwana,,,URGENT
2823,Natangiye kubabara nyuma yo guterura umwana mukuru,Self,Umuntu mukuru,,,ROUTINE
2824,"Sinshobora kwihagarika mpagaze, ariko nicaye ndabishobora",Self,Umusaza/Umukecuru,,,ROUTINE
2825,Mfite kubyimba kwaje nyuma yo kurumwa n’agakoko nijoro,Self,Umuntu mukuru,,,ROUTINE
2826,Uruhinja ruronka ariko ntirumira neza,Carer,Impinja,,,URGENT
2827,Ndababara ukuguru ku buryo bintera kubyuka gusa,Self,Umuntu mukuru,,,ROUTINE
2828,Umwana yagize umuriro watangiranye no kubabara umuhogo,Carer,Umwana,,,URGENT
2829,Mfite igisebe ku kuguru kandi isazi ziragikikiza,Self,Umusaza/Umukecuru,,,ROUTINE
2830,Mfite akabyimba mu ijosi kaje mfite ibicurane,Self,Umuntu mukuru,,,ROUTINE
2831,Maze igihe mbura umwuka kuva inzu yacu yatewe n’amazi,Self,Umuntu mukuru,,,ROUTINE
2832,Umwana yatangiye kugenda acumbagira nyuma yo kubabara umuhogo,Carer,Umwana,,,URGENT
2833,Ndababara iyo umwana ankandagiye ku mbavu,Self,Umuntu mukuru,,,ROUTINE
2834,Mfite igisebe ku itako kitigeze gikira,Self,Umusaza/Umukecuru,,,ROUTINE
2835,Nta sensation mfite ku ntoki ebyiri za nyuma gusa,Self,Umuntu mukuru,,,ROUTINE
2836,Uruhinja ntirufunga ijisho rimwe neza,Carer,Impinja,,,URGENT
2837,Ndababara ku rutugu kuva naraye hanze,Self,Umuntu mukuru,,,ROUTINE
2838,Umwana afite umuriro kandi amaboko yombi yarabyimbye,Carer,Umwana,,,URGENT
2839,Natangiye kugira intege nke nyuma yo gutangira iyo miti,Self,Umusaza/Umukecuru,,,ROUTINE
2840,Natangiye gukorora mu kwezi kwa nyuma ko gutwita,Self,Umuntu mukuru,,,ROUTINE
2841,Mfite kubyimba kubabaza iyo ikirere gihindutse,Self,Umuntu mukuru,,,ROUTINE
2842,Umwana ntashaka gufungura ijisho rimwe mu gitondo,Carer,Umwana,,,ROUTINE
2843,Ndababara iyo uruhago rwanjye rwuzuye,Self,Umusaza/Umukecuru,,,ROUTINE
2844,Mfite ibintu biva mu gitsina byatangiye nyuma y’urugendo rurerure,Self,Umuntu mukuru,,,ROUTINE
2845,Uruhu rw’uruhinja ruhinduka utudomo iyo hakonje,Carer,Impinja,,,ROUTINE
2846,Inkorora iragabanuka iyo nicaye negamiye imbere,Self,Umuntu mukuru,,,ROUTINE
2847,Umwana afite kubyimba mu rwasaya kandi iryinyo riranyeganyega,Carer,Umwana,,,URGENT
2848,Umwana natangiye kumva atanyeganyega cyane nyuma yo kugira ubwoba,Self,Umuntu mukuru,,,URGENT
2849,Natangiye kubabara nyuma yo guhabwa urukingo,Self,Umusaza/Umukecuru,,,ROUTINE
2850,Ukuboko kumwe kurabyimba iyo nteruye umwana,Self,Umuntu mukuru,,,ROUTINE
2851,Yahumye amaso yombi gitunguranye kandi bakeka ko yaba yanyoye methanol,Carer,Umuntu mukuru,,,CRITICAL
2852,Umwana yatangiye kubyimba umuhogo gitunguranye nyuma yo gufata umuti,Carer,Umwana,,,CRITICAL
2853,Afite ububabare bukabije kandi inda yarakomeye nyuma yo kugwa,Carer,Umuntu mukuru,,,CRITICAL
2854,Afite iminwa yagiye ubururu kandi ntashobora kugenda ngo agere ku muryango,Carer,Umusaza/Umukecuru,,,CRITICAL
2855,"Uruhinja rurakonje kandi ntirinyeganyega, twaruzanye turupfunyitse",Carer,Impinja,,,CRITICAL
2856,Afite amaraso menshi ava mu kanwa nyuma yo gukubitwa,Carer,Umuntu mukuru,,,CRITICAL
2857,Umwana ijosi rirakomeye kandi ntashaka kureba urumuri,Carer,Umwana,,,CRITICAL
2858,"Afashwe n’ibinya, aratwite kandi ntabwo yari asanzwe yivuriza hano",Carer,Umuntu mukuru,,,CRITICAL
2859,Afite ububabare bukabije mu mugongo bwatangiye gitunguranye kandi ntashobora guhagarara,Carer,Umusaza/Umukecuru,,,CRITICAL
2860,Yabyimbye mu maso no mu muhogo nyuma yo kurya ubunyobwa,Carer,Umuntu mukuru,,,CRITICAL
2861,Umwana yatwitswe mu gatuza no ku maboko yombi,Carer,Umwana,,,CRITICAL
2862,Afite kuva amaraso menshi kandi yazimiye mu murongo w’abarwayi,Carer,Umuntu mukuru,,,CRITICAL
2863,Afite igisebe mu ijosi kandi ari kugifatiraho umwenda,Carer,Ingimbi/Umwangavu,,,CRITICAL
2864,Ntabasha kwihagarika kuva hashize iminsi ibiri kandi arababara cyane,Carer,Umusaza/Umukecuru,,,URGENT
2865,"Uruhinja rwarafashwe n’ibinya, rurashyushye cyane kandi twaruvanye kure",Carer,Impinja,,,CRITICAL
2866,Umwana yanyoye aside ya batiri,Carer,Umwana,,,CRITICAL
2867,Twabonye ururenda rw’umwana ruzengurutse umwana turi mu rugo,Carer,Umuntu mukuru,,,CRITICAL
2868,"Afite ububabare bukabije mu gatuza, araruka kandi yabaye umuhondo",Carer,Umusaza/Umukecuru,,,CRITICAL
2869,Umukecuru yaraguye kandi ava amaraso mu gutwi,Carer,Umusaza/Umukecuru,,,CRITICAL
2870,Umwana ntahumeka neza nyuma yo kuniga ku bishyimbo,Carer,Umwana,,,CRITICAL
2871,Naje gukora isuzuma rya kanseri y’inkondo y’umura ry’umwaka,Self,Umuntu mukuru,,,ROUTINE
2872,Naje gupima umuvuduko w’amaraso muri gahunda yo gupima abantu,Self,Umuntu mukuru,,,ROUTINE
2873,Naje gupima ibiro by’uruhinja muri gahunda y’icyumweru cy’imirire,Carer,Impinja,,,ROUTINE
2874,Naje gukora isuzuma ry’amaso muri gahunda y’isuzuma ry’amaso,Self,Umusaza/Umukecuru,,,ROUTINE
2875,Naje gupima niba ntwite mbere yo gukora urugendo,Self,Ingimbi/Umwangavu,,,ROUTINE
2876,Naje kwipimisha ndi kumwe n’umufasha wanjye,Self,Umuntu mukuru,,,ROUTINE
2877,Umwana aje gukora isuzuma ry’ubuzima ku ishuri,Carer,Umwana,,,ROUTINE
2878,Naje gupima diabete muri gahunda yo kuyipima,Self,Umusaza/Umukecuru,,,ROUTINE
2879,Naje gutangira gukurikirana inda hakiri kare,Self,Umuntu mukuru,,,ROUTINE
2880,Naje gukora isuzuma ry’ubuzima mbere yo gutangira akazi,Self,Umuntu mukuru,,,ROUTINE
2881,Naje gupima ikura ry’uruhinja rufite amezi atandatu,Carer,Impinja,,,ROUTINE
2882,Naje gusuzumisha ibere nyuma y’inyigisho twahawe,Self,Umuntu mukuru,,,ROUTINE
2883,Naje kubaza ibijyanye no kubagwa kw’abagabo kugira ngo batabyara,Self,Umuntu mukuru,,,ROUTINE
2884,Naje gusuzumisha ubuzima bw’amagufwa,Self,Umusaza/Umukecuru,,,ROUTINE
2885,Naje guhabwa inama mbere yo gushyingirwa,Self,Ingimbi/Umwangavu,,,ROUTINE
2886,Naje nyuma y’uko isuzuma ryakorewe abaturage hagize ikintu basanga,Self,Umuntu mukuru,,,ROUTINE
2887,Umwana aje muri gahunda yo gukingira iseru,Carer,Umwana,,,ROUTINE
2888,Naje guhabwa inama ku kuboneza urubyaro gusa,Self,Umuntu mukuru,,,ROUTINE
2889,Naje gukora isuzuma ry’umwaka nubwo nta kibazo mfite,Self,Umusaza/Umukecuru,,,ROUTINE
2890,Naje kubaza ibijyanye na gahunda nshya y’ubuzima,Self,Umuntu mukuru,,,ROUTINE
2891,Umubiri wose urambabaza kuva nagira umuriro ukwezi gushize,Self,Umuntu mukuru,,,ROUTINE
2892,Sinshobora kwihanganira impumuro y’ibiryo,Self,Ingimbi/Umwangavu,,,ROUTINE
2893,Mfite igisebe ku kuboko ariko aho hantu nta sensation mfite,Self,Umuntu mukuru,,,ROUTINE
2894,Ububabare buntera kutabasha gusenga,Self,Umusaza/Umukecuru,,,ROUTINE
2895,Uruhinja rwarabyimbye igihe amenyo yatangiraga kumera,Carer,Impinja,,,ROUTINE
2896,Ndababara iyo ndyamye ngaramye gusa,Self,Umuntu mukuru,,,ROUTINE
2897,Ukuboko numva kuremereye ariko ntikumbabaza,Self,Umuntu mukuru,,,URGENT
2898,Inkorora yanjye ikangura abantu bose mu rugo,Self,Umusaza/Umukecuru,,,ROUTINE
2899,Umwana afite igisebe ku munwa kiguma gifunguka,Carer,Umwana,,,ROUTINE
2900,Mfite kubyimba inyuma y’ivi nyuma yo kumara umwanya mpagaze,Self,Umuntu mukuru,,,ROUTINE
2901,Ndababara cyane hanyuma ububabare bugahita bushira,Self,Umuntu mukuru,,,CANNOT CLASSIFY
2902,Iyo mfashe uruhu rwanjye ruraguma ruzamutse ntiruhite rusubira,Self,Umusaza/Umukecuru,,,URGENT
2903,Umwana afite umuriro kandi amaboko arakonje,Carer,Umwana,,,URGENT
2904,Mfite igisebe ku gatsinsino cyatewe n’inkweto,Self,Umusaza/Umukecuru,,,ROUTINE
2905,Mfite akabyimba kaje nyuma yo guhagarika konsa,Self,Umuntu mukuru,,,ROUTINE
2906,Ahantu horoshye ku mutwe w’uruhinja uyu munsi haratandukanye n’uko byari bisanzwe,Carer,Impinja,,,URGENT
2907,Ndababara mu nyana y’ukuguru nyuma yo kumara umunsi nicaye,Self,Umuntu mukuru,,,URGENT
2908,Umwana yanga kumira ikintu cyose,Carer,Umwana,,,URGENT
2909,Mfite kubyimba mu nda kwaje vuba,Self,Umusaza/Umukecuru,,,URGENT
2910,Ndababara iyo nituma nkiri gutwita,Self,Umuntu mukuru,,,ROUTINE
2911,Mfite igisebe cyaje nyuma yo kogosha umutwe,Self,Umuntu mukuru,,,ROUTINE
2912,Umwana urutugu rumwe ruri hejuru y’urundi,Carer,Ingimbi/Umwangavu,,,ROUTINE
2913,Umutwe wanjye uranyeganyega,Self,Umusaza/Umukecuru,,,ROUTINE
2914,Numva ndimo kuribwa no gushya iyo ngenda urugendo rurerure,Self,Umuntu mukuru,,,ROUTINE
2915,Uruhinja rwanga kuryama rugaramye,Carer,Impinja,,,ROUTINE
2916,Mfite igisebe imbwa yarigishwe,Self,Umuntu mukuru,,,URGENT
2917,Umwana yari afite kubyimba ku itama rimwe none kwagiye ku rindi,Carer,Umwana,,,ROUTINE
2918,Ndababara mu gatuza iyo hakonje,Self,Umusaza/Umukecuru,,,URGENT
2919,Mfite ibiheri aho umwambaro w’umwenda umpfatira,Self,Umuntu mukuru,,,ROUTINE
2920,Ukuboko kumwe gusa ni ko kwabyimbye,Self,Umuntu mukuru,,,ROUTINE
2921,Sinshobora gutandukanya ubushyuhe n’ubukonje iyo nkoze ku kintu,Self,Umusaza/Umukecuru,,,ROUTINE
2922,Umwana afite akabyimba mu nda numvise igihe yakinaga,Carer,Umwana,,,URGENT
2923,Natangiye gukorora nyuma yo kunigwa,Self,Umusaza/Umukecuru,,,ROUTINE
2924,Ububabare burushaho kuba bwinshi iyo maze umwanya nicaye,Self,Umuntu mukuru,,,ROUTINE
2925,Uruhinja rufite ibiheri mu mapfundo y’ijosi,Carer,Impinja,,,ROUTINE
2926,Mfite igisebe nishyizemo igisebe ndagiturika,Self,Umuntu mukuru,,,ROUTINE
2927,Umwana afite umuriro kandi arababara iyo yihagarika,Carer,Umwana,,,URGENT
2928,Ukuboko kwanjye kwarabyimbye nyuma yo guhabwa umuti unyuze mu rushinge,Self,Umusaza/Umukecuru,,,URGENT
2929,Ndababara cyane iyo uruhago rwanjye ruba rutarimo inkari,Self,Umuntu mukuru,,,ROUTINE
2930,Natangiye kubabara umutwe mu cyumweru gishize nkiri gutwita,Self,Umuntu mukuru,,,URGENT
2931,Nkorora hagasohokamo amase y’icyatsi akomeye,Self,Umuntu mukuru,,,ROUTINE
2932,Umwana yatunguwe no kubyimba itama ryose mu ijoro,Carer,Umwana,,,URGENT
2933,Ndababara kuva mu kibuno kugeza ku kirenge,Self,Umusaza/Umukecuru,,,ROUTINE
2934,Mfite igisebe cyaje nyuma yo guhabwa urushinge mu mahanga,Self,Umuntu mukuru,,,ROUTINE
2935,Uruhinja rusubiza amata mu mazuru,Carer,Impinja,,,ROUTINE
2936,Ndababara mu nda cyane cyane nijoro,Self,Umuntu mukuru,,,ROUTINE
2937,Umwana afite umuriro n’ibiheri biri ku mubiri wo hagati gusa,Carer,Impinja,,,URGENT
2938,Mfite kubyimba kubabaza iyo ngenda gusa,Self,Umusaza/Umukecuru,,,ROUTINE
2939,Natangiye gukorora kuva natangira akazi gashya mu gikoni,Self,Umuntu mukuru,,,ROUTINE
2940,Inda irakomera buri minota icumi kandi bimaze amasaha abiri,Self,Umuntu mukuru,,,URGENT
2941,Igisebe cyanjye cyafungutse igihe nitsamuye,Self,Umuntu mukuru,,,URGENT
2942,Umukara w’ijisho rimwe ntugabanuka iyo hari urumuri,Carer,Umwana,,,CRITICAL
2943,Ndababara mu rwasaya cyane cyane mu gitondo,Self,Umusaza/Umukecuru,,,ROUTINE
2944,Ukuguru kwanjye kurabyimba nyuma yo kumara umunsi wose mu murima,Self,Umuntu mukuru,,,ROUTINE
2945,Uruhinja rufite akabyimba munsi y’ukuboko kandi karanyeganyega,Carer,Impinja,,,ROUTINE
2946,Natangiye kugira ikinya nyuma yo gukurwaho plaster,Self,Umuntu mukuru,,,ROUTINE
2947,Umwana yongera gukorora buri gihe iyo imiti irangiye,Carer,Umwana,,,ROUTINE
2948,Ndababara ku rutugu rw’inyuma kandi ububabare bukagera mu gatuza,Self,Umusaza/Umukecuru,,,URGENT
2949,Mfite ibintu biva mu gitsina kandi ndababara ku ruhande rumwe gusa,Self,Umuntu mukuru,,,ROUTINE
2950,Igisebe cyarakize ariko urutoki ruragorama rujya imbere,Self,Umuntu mukuru,,,ROUTINE
2951,Umwana afite akabyimba k’agasabo k’umubiri kandi karakomeye,Carer,Umwana,,,URGENT
2952,Natangiye kubabara umunsi ukurikira urugendo rurerure,Self,Umusaza/Umukecuru,,,ROUTINE
2953,Mfite ibiheri byaje nyuma y’uko n’abandi bo mu muryango babigize,Self,Umuntu mukuru,,,ROUTINE
2954,Uruhinja rufite kubyimba ku ishinya mbere y’uko iryinyo rimera,Carer,Impinja,,,ROUTINE
2955,Natangiye kubabara mu gihimba cy’ukuboko nyuma yo kugwa,Self,Umuntu mukuru,,,URGENT
2956,Kubyimba birushaho kuba byinshi mu gitondo,Self,Umuntu mukuru,,,ROUTINE
2957,Ububabare bugabanuka gusa iyo nicaye negamiye imbere,Self,Umusaza/Umukecuru,,,URGENT
2958,Umwana afite igisebe kikibirimo umugozi,Carer,Umwana,,,ROUTINE
2959,Ndababara ku ruhande rumwe rw’igituza iyo mpindukiye,Self,Umuntu mukuru,,,ROUTINE
2960,Mfite kubyimba kwaje nyuma yo kurumwa n’inyamaswa hashize amezi,Self,Umuntu mukuru,,,ROUTINE
2961,Sinshobora kuzamura ikirenge iyo ngenda,Self,Umusaza/Umukecuru,,,URGENT
2962,Umwana afite umuriro kandi urutoki rumwe ruratukura rurabyimba,Carer,Umwana,,,URGENT
2963,Ububabare butangira iyo muretse gukora,Self,Umuntu mukuru,,,ROUTINE
2964,"Uruhinja rurakorora, rufite umuriro kandi ruhumeka vuba",Carer,Impinja,,,URGENT
2965,Mfite igisebe basigayeho umuti gakondo wo kukizinga,Self,Umuntu mukuru,,,ROUTINE
2966,Kubyimba kwatangiye igihe natangiraga imiti mishya,Self,Umusaza/Umukecuru,,,ROUTINE
2967,"Umwana acumbagira, afite umuriro kandi yanga kurya",Carer,Umwana,,,URGENT
2968,Natangiye kuva amaraso mfite n’ibinya bikomeye mu nda,Self,Umuntu mukuru,,,URGENT
2969,Ndababara ku ruhande kandi bigabanuka iyo ndyamye,Self,Umuntu mukuru,,,ROUTINE
2970,Mfite ikinya mu kirenge nyuma yo kumara igihe mpagaze,Self,Umuntu mukuru,,,ROUTINE
2971,Mfite igisebe aho plaster yakuwe,Self,Umusaza/Umukecuru,,,ROUTINE
2972,Umwana afite kubyimba ku gitsike cy’ijisho kandi hariho akantu gato,Carer,Umwana,,,ROUTINE
2973,Ndababara mu ibere kandi hari aho ritukura,Self,Umuntu mukuru,,,URGENT
2974,Uruhinja rugira akabyimba gasohoka gusa iyo rurira,Carer,Impinja,,,ROUTINE
2975,Natangiye kubabara umutwe mfite n’umuriro,Self,Umuntu mukuru,,,URGENT
2976,Nkorora hagasohokamo amase arimo utudomo tw’amaraso,Self,Umusaza/Umukecuru,,,URGENT
2977,Umwana yagize ibiheri nyuma yo kurangiza imiti,Carer,Umwana,,,ROUTINE
2978,Ukuguru kwanjye kurabyimba nyuma y’urugendo gusa,Self,Umuntu mukuru,,,ROUTINE
2979,Mfite igisebe cyasohotsemo inyo,Self,Umusaza/Umukecuru,,,URGENT
2980,Ndababara iyo umwana anyeganyeze mu nda,Self,Umuntu mukuru,,,ROUTINE
2981,Ububabare bugabanuka iyo ndi gukora cyangwa mfite icyo mpugiyemo,Self,Umusaza/Umukecuru,,,ROUTINE
2982,Umwana afite ukuguru kumwe kwabyimbye kandi nta cyo yakomeretse,Carer,Umwana,,,URGENT
2983,Inkorora yanjye yahindutse igira urusaku mu guhumeka,Self,Umuntu mukuru,,,ROUTINE
2984,Ndababara mu nda ku buryo ntashobora kunama,Self,Umuntu mukuru,,,URGENT
2985,Uruhinja rufite umuriro kandi umutsi wo ku mutwe warabyimbye,Carer,Impinja,,,URGENT
2986,Igisebe cyaretse kunuka ariko kirushaho kuba kinini,Self,Umusaza/Umukecuru,,,URGENT
2987,Umwana agira umuriro ukagaruka buri gicamunsi,Carer,Umwana,,,URGENT
2988,Mfite akabyimba kari gato umwaka ushize,Self,Umuntu mukuru,,,ROUTINE
2989,Amaguru yombi yatangiye kubyimba icyarimwe,Self,Umuntu mukuru,,,URGENT
2990,"Ndababara umutwe, ndaruka ariko nta muriro mfite",Self,Umuntu mukuru,,,URGENT
2991,Ububabare buntera kwicara ijoro ryose,Self,Umusaza/Umukecuru,,,URGENT
2992,Umwana afite igisebe ku kiganza cyatewe n’insinga y’amahwa,Carer,Umwana,,,ROUTINE
2993,Mfite ibintu biva mu gitsina byatangiye nyuma yo gukorerwa procedure,Self,Umuntu mukuru,,,ROUTINE
2994,Mfite ikinya kigera ku nkokora,Self,Umuntu mukuru,,,ROUTINE
2995,Uruhinja ntirushobora konsa no kumira icyarimwe,Carer,Impinja,,,URGENT
2996,Mfite kubyimba gukandamwa kugasigaho akobo ntigasubire vuba,Self,Umusaza/Umukecuru,,,ROUTINE
2997,"Umwana arakorora, nyuma agahumeka cyane afata umwuka muremure",Carer,Umwana,,,URGENT
2998,Ububabare bwatangiriye mu rwasaya bugera ku gutwi,Self,Umuntu mukuru,,,ROUTINE
2999,Mfite igisebe gifite umukara hagati,Self,Umusaza/Umukecuru,,,URGENT
3000,Mfite kubyimba kuva nagwa,Self,Umusaza/Umukecuru,,,URGENT
