text,language,label,domain,family,phrase,phrase_group
"Mfasha, umukecuru yabyimbye ibirenge kandi ntashobora guhumeka neza iyo aragaramye kuva hashize icyumweru kandi ndahangayitse. Nkora iki?",kinyarwanda,URGENT,chronic_care,kinyarwanda->kinyarwanda:URGENT:chronic_care,{REL} yabyimbye ibirenge kandi ntashobora guhumeka neza iyo aragaramye.,Nabyimbye ibirenge kandi sinshobora guhumeka neza iyo ndagaramye.
"Mfasha vuba, umwana wanjye ahumeka bimugora cyane kandi iminwa ye yahindutse ibara kuva mu gitondo. Abandi bana na bo bafite iki kibazo. Naje mvuye kure.",kinyarwanda,CRITICAL,cardiac_respiratory,kinyarwanda->kinyarwanda:CRITICAL:cardiac_respiratory,{REL} ahumeka bimugora cyane kandi iminwa ye yahindutse ibara.,guhumeka birangora cyane kandi iminwa yanjye yahindutse ibara
"Muraho, mu rugo hari umuntu urwaye igituntu kandi umuturanyi wanjye ashaka kwisuzumisha bikarushaho nijoro",kinyarwanda,URGENT,preventive,kinyarwanda->kinyarwanda:URGENT:preventive,Mu rugo hari umuntu urwaye igituntu kandi {REL} ashaka kwisuzumisha.,Mu rugo hari umuntu urwaye igituntu kandi ndashaka kwisuzumisha.
"Muganga, umuvuduko w'amaraso wanjye wazamutse cyane kandi umutwe urandya cyane kuva hashize icyumweru nta miti imfasha. Urakoze.",kinyarwanda,URGENT,chronic_care,kinyarwanda->kinyarwanda:URGENT:chronic_care,Umuvuduko w'amaraso wanjye wazamutse cyane kandi umutwe urandya cyane.,Umuvuduko w'amaraso wanjye wazamutse cyane kandi umutwe urandya cyane.
"Ndashaka kukubwira ikibazo mfite. Mama afite ibimenyetso bya malariya, umuriro n'imbeho kuva hashize icyumweru nta miti imfasha. Ndakeneye ubufasha vuba.",kinyarwanda,URGENT,infectious_fever,kinyarwanda->kinyarwanda:URGENT:infectious_fever,"{REL} afite ibimenyetso bya malariya, umuriro n'imbeho.","Mfite ibimenyetso bya malariya, umuriro n'imbeho."
"Ndakeneye ubufasha, mama nta miti ya SIDA afite kuva ejo. Byatangiye gitunguranye. Ntabasha kubona amafaranga yo kongera kuza kwa muganga.",kinyarwanda,URGENT,chronic_care,kinyarwanda->kinyarwanda:URGENT:chronic_care,{REL} nta miti ya SIDA afite.,Nta miti ya SIDA mfite.
"Mumbabarire, ndashaka kubabwira ikibazo mfite. Iyo umwana wanjye ahumetse cyane, arumva mu gituza hamubabaza kuva mu gitondo kandi sinshobora gusinzira. Murakoze.",kinyarwanda,URGENT,cardiac_respiratory,kinyarwanda->kinyarwanda:URGENT:cardiac_respiratory,"Iyo {REL} ahumetse cyane, arumva mu gituza hamubabaza.","Iyo {REL} ahumetse cyane, arumva mu gituza hamubabaza."
"Nzanye umwana wanjye, mfite igisebe ku kirenge kidakira kandi mfite diyabete kuva ejo kandi nta miti mfite. Nkora iki?",kinyarwanda,URGENT,chronic_care,kinyarwanda->kinyarwanda:URGENT:chronic_care,Mfite igisebe ku kirenge kidakira kandi mfite diyabete.,Mfite igisebe ku kirenge kidakira kandi mfite diyabete.
Ndashaka kukubwira ikibazo mfite. Papa afite gahunda yo gukingiza umwana kuva hashize icyumweru. Byatangiye gitunguranye. Naje mvuye kure.,kinyarwanda,ROUTINE,preventive,kinyarwanda->kinyarwanda:ROUTINE:preventive,{REL} afite gahunda yo gukingiza umwana.,Mfite gahunda yo gukingiza umwana.
"Nyabuneka, mama afite igisebe ku kirenge kidakira kandi afite diyabete kuva ubu gitondo cya kare kandi ndahangayitse. Urakoze.",kinyarwanda,URGENT,chronic_care,kinyarwanda->kinyarwanda:URGENT:chronic_care,{REL} afite igisebe ku kirenge kidakira kandi afite diyabete.,Mfite igisebe ku kirenge kidakira kandi mfite diyabete.
"Ndakeneye ubufasha, umugore wanjye afite impiswi zikomeye kandi yagize umwuma kuva mu cyumweru gishize kandi ndahangayitse. Ntegereze cyangwa nsuzumwe ubu?",kinyarwanda,CRITICAL,gastrointestinal,kinyarwanda->kinyarwanda:CRITICAL:gastrointestinal,{REL} afite impiswi zikomeye kandi yagize umwuma.,{REL} afite impiswi zikomeye kandi yagize umwuma.
Ndashaka kukubwira ikibazo mfite. Mfite ikibazo ku mutwe kandi kirimo guterwa n'urumuri. Byatangiye gitunguranye.,kinyarwanda,URGENT,neurological,kinyarwanda->kinyarwanda:URGENT:neurological,Mfite ikibazo ku mutwe kandi kirimo guterwa n'urumuri.,Mfite ikibazo ku mutwe kandi kirimo guterwa n'urumuri.
"Nyabuneka, maze umunsi wose mbabara ngerageza kubyara ariko umwana ntarasohoka kuva mu cyumweru gishize. Byatangiye gitunguranye. Nkora iki?",kinyarwanda,CRITICAL,obstetric,kinyarwanda->kinyarwanda:CRITICAL:obstetric,Maze umunsi wose mbabara ngerageza kubyara ariko umwana ntarasohoka.,Maze umunsi wose mbabara ngerageza kubyara ariko umwana ntarasohoka.
Mfite umuhaha kuva mu masaha abiri ashize biragenda bikagaruka. Ntabasha kubona amafaranga yo kongera kuza kwa muganga.,kinyarwanda,URGENT,paediatric,kinyarwanda->kinyarwanda:URGENT:paediatric,Mfite umuhaha.,Mfite umuhaha.
"Mumbabarire, ndashaka kubabwira ikibazo mfite. Mfite umuhaha kuva mu masaha abiri ashize nta miti imfasha. Ntegereze cyangwa nsuzumwe ubu?",kinyarwanda,URGENT,paediatric,kinyarwanda->kinyarwanda:URGENT:paediatric,Mfite umuhaha.,Mfite umuhaha.
"Nzanye umwana wanjye, maze umunsi wose mbabara ngerageza kubyara ariko umwana ntarasohoka kuva mu cyumweru gishize kandi sinshobora gusinzira. Ntabasha kubona amafaranga yo kongera kuza kwa muganga.",kinyarwanda,CRITICAL,obstetric,kinyarwanda->kinyarwanda:CRITICAL:obstetric,Maze umunsi wose mbabara ngerageza kubyara ariko umwana ntarasohoka.,Maze umunsi wose mbabara ngerageza kubyara ariko umwana ntarasohoka.
"Nzanye umwana wanjye, mu rugo hari umuntu urwaye igituntu kandi ndashaka kwisuzumisha kuva mu masaha abiri ashize kandi ndahangayitse. Mfasha muganga.",kinyarwanda,URGENT,preventive,kinyarwanda->kinyarwanda:URGENT:preventive,Mu rugo hari umuntu urwaye igituntu kandi ndashaka kwisuzumisha.,Mu rugo hari umuntu urwaye igituntu kandi ndashaka kwisuzumisha.
"Nzanye umwana wanjye, iyo umukecuru ahumetse cyane, arumva mu gituza hamubabaza kuva ejo. Abandi bana na bo bafite iki kibazo. Mfasha muganga.",kinyarwanda,URGENT,cardiac_respiratory,kinyarwanda->kinyarwanda:URGENT:cardiac_respiratory,"Iyo {REL} ahumetse cyane, arumva mu gituza hamubabaza.","Iyo {REL} ahumetse cyane, arumva mu gituza hamubabaza."
"Mfasha, mushiki wanjye nta miti ya SIDA afite kuva hashize iminsi ibiri. Byatangiye gitunguranye. Ni imiti ki nafata?",kinyarwanda,URGENT,chronic_care,kinyarwanda->kinyarwanda:URGENT:chronic_care,{REL} nta miti ya SIDA afite.,Nta miti ya SIDA mfite.
"Mumbabarire, ndashaka kubabwira ikibazo mfite. Mfite umuhaha kuva ejo biragenda bikagaruka. Ni imiti ki nafata?",kinyarwanda,URGENT,paediatric,kinyarwanda->kinyarwanda:URGENT:paediatric,Mfite umuhaha.,Mfite umuhaha.
"Muganga, ndatwite kandi nagagaye kuva ijoro ryashize bikarushaho nijoro. Ndakeneye ubufasha vuba.",kinyarwanda,CRITICAL,obstetric,kinyarwanda->kinyarwanda:CRITICAL:obstetric,Ndatwite kandi nagagaye.,Ndatwite kandi nagagaye.
"Ndakeneye ubufasha, ndashaka kugirwa inama ku mazi yo kunywa kuva mu masaha abiri ashize bikarushaho nijoro. Naje mvuye kure.",kinyarwanda,ROUTINE,preventive,kinyarwanda->kinyarwanda:ROUTINE:preventive,Ndashaka kugirwa inama ku mazi yo kunywa.,Ndashaka kugirwa inama ku mazi yo kunywa.
"Mfasha, mfite ikibazo ku mutwe kandi kirimo guterwa n'urumuri kuva mu gitondo. Abandi bana na bo bafite iki kibazo. Ese ibi birakomeye?",kinyarwanda,URGENT,neurological,kinyarwanda->kinyarwanda:URGENT:neurological,Mfite ikibazo ku mutwe kandi kirimo guterwa n'urumuri.,Mfite ikibazo ku mutwe kandi kirimo guterwa n'urumuri.
"Nzanye umwana wanjye, ndashaka kugirwa inama ku mazi yo kunywa kandi nta miti mfite. Urakoze.",kinyarwanda,ROUTINE,preventive,kinyarwanda->kinyarwanda:ROUTINE:preventive,Ndashaka kugirwa inama ku mazi yo kunywa.,Ndashaka kugirwa inama ku mazi yo kunywa.
"Mumbabarire, ndashaka kubabwira ikibazo mfite. Umugabo wanjye ahumeka bimugora cyane kandi iminwa ye yahindutse ibara kuva hashize iminsi itatu nta miti imfasha. Mfasha muganga.",kinyarwanda,CRITICAL,cardiac_respiratory,kinyarwanda->kinyarwanda:CRITICAL:cardiac_respiratory,{REL} ahumeka bimugora cyane kandi iminwa ye yahindutse ibara.,guhumeka birangora cyane kandi iminwa yanjye yahindutse ibara
Mama arababara cyane mu nda kandi ububabare ntibuhagarara kuva mu masaha abiri ashize kandi ndahangayitse. Urakoze.,kinyarwanda,URGENT,gastrointestinal,kinyarwanda->kinyarwanda:URGENT:gastrointestinal,{REL} arababara cyane mu nda kandi ububabare ntibuhagarara.,Inda irandya cyane kandi ububabare ntibuhagarara.
"Naje hano mbere, umukecuru afite ibimenyetso bya malariya, umuriro n'imbeho kandi birushaho kuba bibi. Ntabasha kubona amafaranga yo kongera kuza kwa muganga.",kinyarwanda,URGENT,infectious_fever,kinyarwanda->kinyarwanda:URGENT:infectious_fever,"{REL} afite ibimenyetso bya malariya, umuriro n'imbeho.","Mfite ibimenyetso bya malariya, umuriro n'imbeho."
"Muganga, maze umunsi wose mbabara ngerageza kubyara ariko umwana ntarasohoka kuva ejo biragenda bikagaruka. Ni imiti ki nafata?",kinyarwanda,CRITICAL,obstetric,kinyarwanda->kinyarwanda:CRITICAL:obstetric,Maze umunsi wose mbabara ngerageza kubyara ariko umwana ntarasohoka.,Maze umunsi wose mbabara ngerageza kubyara ariko umwana ntarasohoka.
"Simbizi niba bikomeye ariko, iyo umugabo wanjye ahumetse cyane, arumva mu gituza hamubabaza kuva mu gitondo kandi nta miti mfite. Nkora iki?",kinyarwanda,URGENT,cardiac_respiratory,kinyarwanda->kinyarwanda:URGENT:cardiac_respiratory,"Iyo {REL} ahumetse cyane, arumva mu gituza hamubabaza.","Iyo {REL} ahumetse cyane, arumva mu gituza hamubabaza."
Ndashaka kukubwira ikibazo mfite. Ndatwite kandi nagagaye biragenda bikagaruka. Ndakeneye ubufasha vuba.,kinyarwanda,CRITICAL,obstetric,kinyarwanda->kinyarwanda:CRITICAL:obstetric,Ndatwite kandi nagagaye.,Ndatwite kandi nagagaye.
"Simbizi niba bikomeye ariko, ndashaka kugirwa inama ku mazi yo kunywa kuva ubu gitondo cya kare kandi birushaho kuba bibi. Nkora iki?",kinyarwanda,ROUTINE,preventive,kinyarwanda->kinyarwanda:ROUTINE:preventive,Ndashaka kugirwa inama ku mazi yo kunywa.,Ndashaka kugirwa inama ku mazi yo kunywa.
"Nyabuneka, umwana wanjye afite impiswi zikomeye kandi yagize umwuma kuva ijoro ryashize. Byatangiye gitunguranye. Mfasha muganga.",kinyarwanda,CRITICAL,gastrointestinal,kinyarwanda->kinyarwanda:CRITICAL:gastrointestinal,{REL} afite impiswi zikomeye kandi yagize umwuma.,{REL} afite impiswi zikomeye kandi yagize umwuma.
"Muganga, mushiki wanjye afite igisebe ku kirenge kidakira kandi afite diyabete nta miti imfasha. Urakoze.",kinyarwanda,URGENT,chronic_care,kinyarwanda->kinyarwanda:URGENT:chronic_care,{REL} afite igisebe ku kirenge kidakira kandi afite diyabete.,Mfite igisebe ku kirenge kidakira kandi mfite diyabete.
"Muraho, umukecuru ahumeka bimugora cyane kandi iminwa ye yahindutse ibara kuva mu gitondo. Byatangiye gitunguranye. Ndakeneye ubufasha vuba.",kinyarwanda,CRITICAL,cardiac_respiratory,kinyarwanda->kinyarwanda:CRITICAL:cardiac_respiratory,{REL} ahumeka bimugora cyane kandi iminwa ye yahindutse ibara.,guhumeka birangora cyane kandi iminwa yanjye yahindutse ibara
"Muraho, mama afite ibimenyetso bya malariya, umuriro n'imbeho kuva ijoro ryashize kandi birushaho kuba bibi. Naje mvuye kure.",kinyarwanda,URGENT,infectious_fever,kinyarwanda->kinyarwanda:URGENT:infectious_fever,"{REL} afite ibimenyetso bya malariya, umuriro n'imbeho.","Mfite ibimenyetso bya malariya, umuriro n'imbeho."
"Mumbabarire, ndashaka kubabwira ikibazo mfite. Umuvuduko w'amaraso wanjye wazamutse cyane kandi umutwe urandya cyane kuva hashize iminsi ibiri. Urakoze.",kinyarwanda,URGENT,chronic_care,kinyarwanda->kinyarwanda:URGENT:chronic_care,Umuvuduko w'amaraso wanjye wazamutse cyane kandi umutwe urandya cyane.,Umuvuduko w'amaraso wanjye wazamutse cyane kandi umutwe urandya cyane.
Mu rugo hari umuntu urwaye igituntu kandi umugore wanjye ashaka kwisuzumisha kuva hashize iminsi itatu bikarushaho nijoro. Nkora iki?,kinyarwanda,URGENT,preventive,kinyarwanda->kinyarwanda:URGENT:preventive,Mu rugo hari umuntu urwaye igituntu kandi {REL} ashaka kwisuzumisha.,Mu rugo hari umuntu urwaye igituntu kandi ndashaka kwisuzumisha.
"Nyabuneka, umugore wanjye afite igisebe ku kirenge kidakira kandi afite diyabete kuva ejo bikarushaho nijoro. Ese ibi birakomeye?",kinyarwanda,URGENT,chronic_care,kinyarwanda->kinyarwanda:URGENT:chronic_care,{REL} afite igisebe ku kirenge kidakira kandi afite diyabete.,Mfite igisebe ku kirenge kidakira kandi mfite diyabete.
"Mfasha vuba, mama ari kubyara ariko umugozi w'umwana wabanje gusohoka kuva hashize icyumweru bikarushaho nijoro",kinyarwanda,CRITICAL,obstetric,kinyarwanda->kinyarwanda:CRITICAL:obstetric,{REL} ari kubyara ariko umugozi w'umwana wabanje gusohoka.,Ndabyara ariko habanje gusohoka umugozi w'umwana.
"Simbizi niba bikomeye ariko, umugabo wanjye afite igisebe ku kirenge kidakira kandi afite diyabete kuva mu cyumweru gishize kandi ndahangayitse. Urakoze.",kinyarwanda,URGENT,chronic_care,kinyarwanda->kinyarwanda:URGENT:chronic_care,{REL} afite igisebe ku kirenge kidakira kandi afite diyabete.,Mfite igisebe ku kirenge kidakira kandi mfite diyabete.
"Muganga, mama ahumeka bimugora cyane kandi iminwa ye yahindutse ibara kandi ndahangayitse. Ni imiti ki nafata?",kinyarwanda,CRITICAL,cardiac_respiratory,kinyarwanda->kinyarwanda:CRITICAL:cardiac_respiratory,{REL} ahumeka bimugora cyane kandi iminwa ye yahindutse ibara.,guhumeka birangora cyane kandi iminwa yanjye yahindutse ibara
"Muganga, ndashaka kugirwa inama ku mazi yo kunywa kuva ijoro ryashize nta miti imfasha. Naje mvuye kure.",kinyarwanda,ROUTINE,preventive,kinyarwanda->kinyarwanda:ROUTINE:preventive,Ndashaka kugirwa inama ku mazi yo kunywa.,Ndashaka kugirwa inama ku mazi yo kunywa.
"Ndakeneye ubufasha, umuturanyi wanjye afite ibimenyetso bya malariya, umuriro n'imbeho kuva ubu gitondo cya kare bikarushaho nijoro. Ntabasha kubona amafaranga yo kongera kuza kwa muganga.",kinyarwanda,URGENT,infectious_fever,kinyarwanda->kinyarwanda:URGENT:infectious_fever,"{REL} afite ibimenyetso bya malariya, umuriro n'imbeho.","Mfite ibimenyetso bya malariya, umuriro n'imbeho."
"Mama afite ibimenyetso bya malariya, umuriro n'imbeho kuva mu cyumweru gishize kandi sinshobora gusinzira. Ntabasha kubona amafaranga yo kongera kuza kwa muganga.",kinyarwanda,URGENT,infectious_fever,kinyarwanda->kinyarwanda:URGENT:infectious_fever,"{REL} afite ibimenyetso bya malariya, umuriro n'imbeho.","Mfite ibimenyetso bya malariya, umuriro n'imbeho."
"Nzanye umwana wanjye, ndashaka kugirwa inama ku mazi yo kunywa kandi birushaho kuba bibi. Ntabasha kubona amafaranga yo kongera kuza kwa muganga.",kinyarwanda,ROUTINE,preventive,kinyarwanda->kinyarwanda:ROUTINE:preventive,Ndashaka kugirwa inama ku mazi yo kunywa.,Ndashaka kugirwa inama ku mazi yo kunywa.
"Muganga, umugore wanjye yabyimbye ibirenge kandi ntashobora guhumeka neza iyo aragaramye kandi nta miti mfite. Urakoze.",kinyarwanda,URGENT,chronic_care,kinyarwanda->kinyarwanda:URGENT:chronic_care,{REL} yabyimbye ibirenge kandi ntashobora guhumeka neza iyo aragaramye.,Nabyimbye ibirenge kandi sinshobora guhumeka neza iyo ndagaramye.
"Mfasha, mfite umuhaha kuva mu masaha abiri ashize kandi nta miti mfite",kinyarwanda,URGENT,paediatric,kinyarwanda->kinyarwanda:URGENT:paediatric,Mfite umuhaha.,Mfite umuhaha.
"Nzanye umwana wanjye, mu rugo hari umuntu urwaye igituntu kandi mushiki wanjye ashaka kwisuzumisha kuva mu cyumweru gishize biragenda bikagaruka. Mfasha muganga.",kinyarwanda,URGENT,preventive,kinyarwanda->kinyarwanda:URGENT:preventive,Mu rugo hari umuntu urwaye igituntu kandi {REL} ashaka kwisuzumisha.,Mu rugo hari umuntu urwaye igituntu kandi ndashaka kwisuzumisha.
"Naje hano mbere, iyo mushiki wanjye ahumetse cyane, arumva mu gituza hamubabaza kuva ijoro ryashize. Ni imiti ki nafata?",kinyarwanda,URGENT,cardiac_respiratory,kinyarwanda->kinyarwanda:URGENT:cardiac_respiratory,"Iyo {REL} ahumetse cyane, arumva mu gituza hamubabaza.","Iyo {REL} ahumetse cyane, arumva mu gituza hamubabaza."
"Ndakeneye ubufasha, umukecuru afite igisebe ku kirenge kidakira kandi afite diyabete kuva ubu gitondo cya kare kandi ndahangayitse. Ni imiti ki nafata?",kinyarwanda,URGENT,chronic_care,kinyarwanda->kinyarwanda:URGENT:chronic_care,{REL} afite igisebe ku kirenge kidakira kandi afite diyabete.,Mfite igisebe ku kirenge kidakira kandi mfite diyabete.
"Mfasha, umuvuduko w'amaraso wanjye wazamutse cyane kandi umutwe urandya cyane kuva mu cyumweru gishize. Byatangiye gitunguranye.",kinyarwanda,URGENT,chronic_care,kinyarwanda->kinyarwanda:URGENT:chronic_care,Umuvuduko w'amaraso wanjye wazamutse cyane kandi umutwe urandya cyane.,Umuvuduko w'amaraso wanjye wazamutse cyane kandi umutwe urandya cyane.
Papa afite impiswi zikomeye kandi yagize umwuma kuva mu gitondo kandi birushaho kuba bibi. Ese ibi birakomeye?,kinyarwanda,CRITICAL,gastrointestinal,kinyarwanda->kinyarwanda:CRITICAL:gastrointestinal,{REL} afite impiswi zikomeye kandi yagize umwuma.,{REL} afite impiswi zikomeye kandi yagize umwuma.
"Simbizi niba bikomeye ariko, maze umunsi wose mbabara ngerageza kubyara ariko umwana ntarasohoka kuva ejo kandi nta miti mfite",kinyarwanda,CRITICAL,obstetric,kinyarwanda->kinyarwanda:CRITICAL:obstetric,Maze umunsi wose mbabara ngerageza kubyara ariko umwana ntarasohoka.,Maze umunsi wose mbabara ngerageza kubyara ariko umwana ntarasohoka.
Umukecuru afite impiswi zikomeye kandi yagize umwuma kuva hashize icyumweru. Abandi bana na bo bafite iki kibazo. Ntegereze cyangwa nsuzumwe ubu?,kinyarwanda,CRITICAL,gastrointestinal,kinyarwanda->kinyarwanda:CRITICAL:gastrointestinal,{REL} afite impiswi zikomeye kandi yagize umwuma.,{REL} afite impiswi zikomeye kandi yagize umwuma.
Ndashaka kukubwira ikibazo mfite. Mfite ikibazo ku mutwe kandi kirimo guterwa n'urumuri kandi ndahangayitse. Nkora iki?,kinyarwanda,URGENT,neurological,kinyarwanda->kinyarwanda:URGENT:neurological,Mfite ikibazo ku mutwe kandi kirimo guterwa n'urumuri.,Mfite ikibazo ku mutwe kandi kirimo guterwa n'urumuri.
"Naje hano mbere, umugabo wanjye afite impiswi zikomeye kandi yagize umwuma kuva hashize iminsi ibiri kandi birushaho kuba bibi. Ese ibi birakomeye?",kinyarwanda,CRITICAL,gastrointestinal,kinyarwanda->kinyarwanda:CRITICAL:gastrointestinal,{REL} afite impiswi zikomeye kandi yagize umwuma.,{REL} afite impiswi zikomeye kandi yagize umwuma.
"Muganga, iyo umukecuru ahumetse cyane, arumva mu gituza hamubabaza kuva mu cyumweru gishize kandi ndahangayitse. Ntabasha kubona amafaranga yo kongera kuza kwa muganga.",kinyarwanda,URGENT,cardiac_respiratory,kinyarwanda->kinyarwanda:URGENT:cardiac_respiratory,"Iyo {REL} ahumetse cyane, arumva mu gituza hamubabaza.","Iyo {REL} ahumetse cyane, arumva mu gituza hamubabaza."
"Muraho, maze umunsi wose mbabara ngerageza kubyara ariko umwana ntarasohoka kuva ubu gitondo cya kare. Byatangiye gitunguranye. Nkora iki?",kinyarwanda,CRITICAL,obstetric,kinyarwanda->kinyarwanda:CRITICAL:obstetric,Maze umunsi wose mbabara ngerageza kubyara ariko umwana ntarasohoka.,Maze umunsi wose mbabara ngerageza kubyara ariko umwana ntarasohoka.
"Simbizi niba bikomeye ariko, umugabo wanjye afite igisebe ku kirenge kidakira kandi afite diyabete kuva hashize iminsi ibiri kandi ndahangayitse. Ntabasha kubona amafaranga yo kongera kuza kwa muganga.",kinyarwanda,URGENT,chronic_care,kinyarwanda->kinyarwanda:URGENT:chronic_care,{REL} afite igisebe ku kirenge kidakira kandi afite diyabete.,Mfite igisebe ku kirenge kidakira kandi mfite diyabete.
"Nyabuneka, mushiki wanjye afite ibimenyetso bya malariya, umuriro n'imbeho kuva mu gitondo. Naje mvuye kure.",kinyarwanda,URGENT,infectious_fever,kinyarwanda->kinyarwanda:URGENT:infectious_fever,"{REL} afite ibimenyetso bya malariya, umuriro n'imbeho.","Mfite ibimenyetso bya malariya, umuriro n'imbeho."
"Mfasha, mu rugo hari umuntu urwaye igituntu kandi ndashaka kwisuzumisha kuva mu gitondo. Abandi bana na bo bafite iki kibazo.",kinyarwanda,URGENT,preventive,kinyarwanda->kinyarwanda:URGENT:preventive,Mu rugo hari umuntu urwaye igituntu kandi ndashaka kwisuzumisha.,Mu rugo hari umuntu urwaye igituntu kandi ndashaka kwisuzumisha.
"Nyabuneka, umukecuru afite impiswi zikomeye kandi yagize umwuma kuva hashize iminsi ibiri. Abandi bana na bo bafite iki kibazo. Naje mvuye kure.",kinyarwanda,CRITICAL,gastrointestinal,kinyarwanda->kinyarwanda:CRITICAL:gastrointestinal,{REL} afite impiswi zikomeye kandi yagize umwuma.,{REL} afite impiswi zikomeye kandi yagize umwuma.
"Ndakeneye ubufasha, maze iminsi itatu ndwaye impiswi zikomeye kuva ubu gitondo cya kare. Murakoze.",kinyarwanda,URGENT,gastrointestinal,kinyarwanda->kinyarwanda:URGENT:gastrointestinal,maze iminsi itatu ndwaye impiswi zikomeye,maze iminsi itatu ndwaye impiswi zikomeye
"Mfasha, mushiki wanjye ari kubyara ariko umugozi w'umwana wabanje gusohoka kuva ejo nta miti imfasha. Mfasha muganga.",kinyarwanda,CRITICAL,obstetric,kinyarwanda->kinyarwanda:CRITICAL:obstetric,{REL} ari kubyara ariko umugozi w'umwana wabanje gusohoka.,Ndabyara ariko habanje gusohoka umugozi w'umwana.
"Nyabuneka, papa yabyimbye ibirenge kandi ntashobora guhumeka neza iyo aragaramye kuva ubu gitondo cya kare kandi birushaho kuba bibi. Murakoze.",kinyarwanda,URGENT,chronic_care,kinyarwanda->kinyarwanda:URGENT:chronic_care,{REL} yabyimbye ibirenge kandi ntashobora guhumeka neza iyo aragaramye.,Nabyimbye ibirenge kandi sinshobora guhumeka neza iyo ndagaramye.
"Naje hano mbere, mama ari kubyara ariko umugozi w'umwana wabanje gusohoka kuva ubu gitondo cya kare biragenda bikagaruka. Ndakeneye ubufasha vuba.",kinyarwanda,CRITICAL,obstetric,kinyarwanda->kinyarwanda:CRITICAL:obstetric,{REL} ari kubyara ariko umugozi w'umwana wabanje gusohoka.,Ndabyara ariko habanje gusohoka umugozi w'umwana.
"Mumbabarire, ndashaka kubabwira ikibazo mfite. Maze iminsi itatu ndwaye impiswi zikomeye kuva mu gitondo bikarushaho nijoro. Ntegereze cyangwa nsuzumwe ubu?",kinyarwanda,URGENT,gastrointestinal,kinyarwanda->kinyarwanda:URGENT:gastrointestinal,maze iminsi itatu ndwaye impiswi zikomeye,maze iminsi itatu ndwaye impiswi zikomeye
"Muraho, mfite umuhaha kuva mu gitondo nta miti imfasha. Mfasha muganga.",kinyarwanda,URGENT,paediatric,kinyarwanda->kinyarwanda:URGENT:paediatric,Mfite umuhaha.,Mfite umuhaha.
"Nzanye umwana wanjye, ndatwite kandi nagagaye kuva hashize iminsi ibiri kandi birushaho kuba bibi. Ntabasha kubona amafaranga yo kongera kuza kwa muganga.",kinyarwanda,CRITICAL,obstetric,kinyarwanda->kinyarwanda:CRITICAL:obstetric,Ndatwite kandi nagagaye.,Ndatwite kandi nagagaye.
"Mumbabarire, ndashaka kubabwira ikibazo mfite. Mu rugo hari umuntu urwaye igituntu kandi papa ashaka kwisuzumisha kuva mu gitondo kandi ndahangayitse. Ni imiti ki nafata?",kinyarwanda,URGENT,preventive,kinyarwanda->kinyarwanda:URGENT:preventive,Mu rugo hari umuntu urwaye igituntu kandi {REL} ashaka kwisuzumisha.,Mu rugo hari umuntu urwaye igituntu kandi ndashaka kwisuzumisha.
"Muganga, mfite igisebe ku kirenge kidakira kandi mfite diyabete kuva ejo bikarushaho nijoro. Naje mvuye kure.",kinyarwanda,URGENT,chronic_care,kinyarwanda->kinyarwanda:URGENT:chronic_care,Mfite igisebe ku kirenge kidakira kandi mfite diyabete.,Mfite igisebe ku kirenge kidakira kandi mfite diyabete.
Ndashaka kukubwira ikibazo mfite. Umuturanyi wanjye yabyimbye ibirenge kandi ntashobora guhumeka neza iyo aragaramye kuva hashize iminsi ibiri kandi sinshobora gusinzira,kinyarwanda,URGENT,chronic_care,kinyarwanda->kinyarwanda:URGENT:chronic_care,{REL} yabyimbye ibirenge kandi ntashobora guhumeka neza iyo aragaramye.,Nabyimbye ibirenge kandi sinshobora guhumeka neza iyo ndagaramye.
"Muraho, mfite umuhaha kuva mu cyumweru gishize nta miti imfasha. Urakoze.",kinyarwanda,URGENT,paediatric,kinyarwanda->kinyarwanda:URGENT:paediatric,Mfite umuhaha.,Mfite umuhaha.
"Simbizi niba bikomeye ariko, mfite ikibazo ku mutwe kandi kirimo guterwa n'urumuri kuva ejo. Abandi bana na bo bafite iki kibazo.",kinyarwanda,URGENT,neurological,kinyarwanda->kinyarwanda:URGENT:neurological,Mfite ikibazo ku mutwe kandi kirimo guterwa n'urumuri.,Mfite ikibazo ku mutwe kandi kirimo guterwa n'urumuri.
"Mfasha vuba, mu rugo hari umuntu urwaye igituntu kandi ndashaka kwisuzumisha kuva ubu gitondo cya kare kandi ndahangayitse. Murakoze.",kinyarwanda,URGENT,preventive,kinyarwanda->kinyarwanda:URGENT:preventive,Mu rugo hari umuntu urwaye igituntu kandi ndashaka kwisuzumisha.,Mu rugo hari umuntu urwaye igituntu kandi ndashaka kwisuzumisha.
Umuturanyi wanjye yabyimbye ibirenge kandi ntashobora guhumeka neza iyo aragaramye kandi birushaho kuba bibi. Nkora iki?,kinyarwanda,URGENT,chronic_care,kinyarwanda->kinyarwanda:URGENT:chronic_care,{REL} yabyimbye ibirenge kandi ntashobora guhumeka neza iyo aragaramye.,Nabyimbye ibirenge kandi sinshobora guhumeka neza iyo ndagaramye.
"Mfasha, papa afite igisebe ku kirenge kidakira kandi afite diyabete kuva hashize iminsi ibiri biragenda bikagaruka. Mfasha muganga.",kinyarwanda,URGENT,chronic_care,kinyarwanda->kinyarwanda:URGENT:chronic_care,{REL} afite igisebe ku kirenge kidakira kandi afite diyabete.,Mfite igisebe ku kirenge kidakira kandi mfite diyabete.
"Muraho, mfite umuhaha kuva hashize icyumweru kandi birushaho kuba bibi. Nkora iki?",kinyarwanda,URGENT,paediatric,kinyarwanda->kinyarwanda:URGENT:paediatric,Mfite umuhaha.,Mfite umuhaha.
"Umukecuru afite ibimenyetso bya malariya, umuriro n'imbeho kuva hashize iminsi itatu kandi nta miti mfite. Mfasha muganga.",kinyarwanda,URGENT,infectious_fever,kinyarwanda->kinyarwanda:URGENT:infectious_fever,"{REL} afite ibimenyetso bya malariya, umuriro n'imbeho.","Mfite ibimenyetso bya malariya, umuriro n'imbeho."
"Muganga, umugabo wanjye yabyimbye ibirenge kandi ntashobora guhumeka neza iyo aragaramye kuva mu gitondo. Murakoze.",kinyarwanda,URGENT,chronic_care,kinyarwanda->kinyarwanda:URGENT:chronic_care,{REL} yabyimbye ibirenge kandi ntashobora guhumeka neza iyo aragaramye.,Nabyimbye ibirenge kandi sinshobora guhumeka neza iyo ndagaramye.
Mu rugo hari umuntu urwaye igituntu kandi ndashaka kwisuzumisha kuva ijoro ryashize bikarushaho nijoro. Murakoze.,kinyarwanda,URGENT,preventive,kinyarwanda->kinyarwanda:URGENT:preventive,Mu rugo hari umuntu urwaye igituntu kandi ndashaka kwisuzumisha.,Mu rugo hari umuntu urwaye igituntu kandi ndashaka kwisuzumisha.
Ndashaka kukubwira ikibazo mfite. Papa afite impiswi zikomeye kandi yagize umwuma kuva ejo kandi sinshobora gusinzira. Naje mvuye kure.,kinyarwanda,CRITICAL,gastrointestinal,kinyarwanda->kinyarwanda:CRITICAL:gastrointestinal,{REL} afite impiswi zikomeye kandi yagize umwuma.,{REL} afite impiswi zikomeye kandi yagize umwuma.
"Muganga, papa afite impiswi zikomeye kandi yagize umwuma kuva ubu gitondo cya kare nta miti imfasha. Ese ibi birakomeye?",kinyarwanda,CRITICAL,gastrointestinal,kinyarwanda->kinyarwanda:CRITICAL:gastrointestinal,{REL} afite impiswi zikomeye kandi yagize umwuma.,{REL} afite impiswi zikomeye kandi yagize umwuma.
"Mumbabarire, ndashaka kubabwira ikibazo mfite. Maze iminsi itatu ndwaye impiswi zikomeye kuva ijoro ryashize kandi ndahangayitse",kinyarwanda,URGENT,gastrointestinal,kinyarwanda->kinyarwanda:URGENT:gastrointestinal,maze iminsi itatu ndwaye impiswi zikomeye,maze iminsi itatu ndwaye impiswi zikomeye
"Nyabuneka, papa afite ibimenyetso bya malariya, umuriro n'imbeho kuva hashize iminsi ibiri. Abandi bana na bo bafite iki kibazo. Ntabasha kubona amafaranga yo kongera kuza kwa muganga.",kinyarwanda,URGENT,infectious_fever,kinyarwanda->kinyarwanda:URGENT:infectious_fever,"{REL} afite ibimenyetso bya malariya, umuriro n'imbeho.","Mfite ibimenyetso bya malariya, umuriro n'imbeho."
"Nyabuneka, papa yabyimbye ibirenge kandi ntashobora guhumeka neza iyo aragaramye kuva mu cyumweru gishize. Byatangiye gitunguranye. Urakoze.",kinyarwanda,URGENT,chronic_care,kinyarwanda->kinyarwanda:URGENT:chronic_care,{REL} yabyimbye ibirenge kandi ntashobora guhumeka neza iyo aragaramye.,Nabyimbye ibirenge kandi sinshobora guhumeka neza iyo ndagaramye.
"Nzanye umwana wanjye, ndatwite kandi nagagaye kuva hashize iminsi itatu. Nkora iki?",kinyarwanda,CRITICAL,obstetric,kinyarwanda->kinyarwanda:CRITICAL:obstetric,Ndatwite kandi nagagaye.,Ndatwite kandi nagagaye.
"Simbizi niba bikomeye ariko, umuvuduko w'amaraso wanjye wazamutse cyane kandi umutwe urandya cyane kuva mu masaha abiri ashize. Abandi bana na bo bafite iki kibazo.",kinyarwanda,URGENT,chronic_care,kinyarwanda->kinyarwanda:URGENT:chronic_care,Umuvuduko w'amaraso wanjye wazamutse cyane kandi umutwe urandya cyane.,Umuvuduko w'amaraso wanjye wazamutse cyane kandi umutwe urandya cyane.
"Mfasha vuba, maze iminsi itatu ndwaye impiswi zikomeye kuva mu gitondo. Abandi bana na bo bafite iki kibazo. Urakoze.",kinyarwanda,URGENT,gastrointestinal,kinyarwanda->kinyarwanda:URGENT:gastrointestinal,maze iminsi itatu ndwaye impiswi zikomeye,maze iminsi itatu ndwaye impiswi zikomeye
"Muraho, ndashaka kugirwa inama ku mazi yo kunywa kuva mu gitondo kandi birushaho kuba bibi. Naje mvuye kure.",kinyarwanda,ROUTINE,preventive,kinyarwanda->kinyarwanda:ROUTINE:preventive,Ndashaka kugirwa inama ku mazi yo kunywa.,Ndashaka kugirwa inama ku mazi yo kunywa.
"Muraho, umuvuduko w'amaraso wanjye wazamutse cyane kandi umutwe urandya cyane kuva mu gitondo nta miti imfasha. Ese ibi birakomeye?",kinyarwanda,URGENT,chronic_care,kinyarwanda->kinyarwanda:URGENT:chronic_care,Umuvuduko w'amaraso wanjye wazamutse cyane kandi umutwe urandya cyane.,Umuvuduko w'amaraso wanjye wazamutse cyane kandi umutwe urandya cyane.
Ndashaka kukubwira ikibazo mfite. Umuvuduko w'amaraso wanjye wazamutse cyane kandi umutwe urandya cyane kuva ejo biragenda bikagaruka. Ni imiti ki nafata?,kinyarwanda,URGENT,chronic_care,kinyarwanda->kinyarwanda:URGENT:chronic_care,Umuvuduko w'amaraso wanjye wazamutse cyane kandi umutwe urandya cyane.,Umuvuduko w'amaraso wanjye wazamutse cyane kandi umutwe urandya cyane.
"Mumbabarire, ndashaka kubabwira ikibazo mfite. Mfite ikibazo ku mutwe kandi kirimo guterwa n'urumuri kuva hashize iminsi itatu biragenda bikagaruka. Mfasha muganga.",kinyarwanda,URGENT,neurological,kinyarwanda->kinyarwanda:URGENT:neurological,Mfite ikibazo ku mutwe kandi kirimo guterwa n'urumuri.,Mfite ikibazo ku mutwe kandi kirimo guterwa n'urumuri.
"Simbizi niba bikomeye ariko, ndatwite kandi nagagaye kuva mu cyumweru gishize. Abandi bana na bo bafite iki kibazo. Ese ibi birakomeye?",kinyarwanda,CRITICAL,obstetric,kinyarwanda->kinyarwanda:CRITICAL:obstetric,Ndatwite kandi nagagaye.,Ndatwite kandi nagagaye.
"Simbizi niba bikomeye ariko, mu rugo hari umuntu urwaye igituntu kandi papa ashaka kwisuzumisha nta miti imfasha. Urakoze.",kinyarwanda,URGENT,preventive,kinyarwanda->kinyarwanda:URGENT:preventive,Mu rugo hari umuntu urwaye igituntu kandi {REL} ashaka kwisuzumisha.,Mu rugo hari umuntu urwaye igituntu kandi ndashaka kwisuzumisha.
Ndashaka kukubwira ikibazo mfite. Maze iminsi itatu ndwaye impiswi zikomeye kuva mu cyumweru gishize. Ntegereze cyangwa nsuzumwe ubu?,kinyarwanda,URGENT,gastrointestinal,kinyarwanda->kinyarwanda:URGENT:gastrointestinal,maze iminsi itatu ndwaye impiswi zikomeye,maze iminsi itatu ndwaye impiswi zikomeye
"Nzanye umwana wanjye, umuturanyi wanjye yabyimbye ibirenge kandi ntashobora guhumeka neza iyo aragaramye kuva hashize iminsi ibiri kandi sinshobora gusinzira. Ni imiti ki nafata?",kinyarwanda,URGENT,chronic_care,kinyarwanda->kinyarwanda:URGENT:chronic_care,{REL} yabyimbye ibirenge kandi ntashobora guhumeka neza iyo aragaramye.,Nabyimbye ibirenge kandi sinshobora guhumeka neza iyo ndagaramye.
"Muganga, ndatwite kandi nagagaye kuva ejo kandi birushaho kuba bibi. Naje mvuye kure.",kinyarwanda,CRITICAL,obstetric,kinyarwanda->kinyarwanda:CRITICAL:obstetric,Ndatwite kandi nagagaye.,Ndatwite kandi nagagaye.
"Mfasha, maze iminsi itatu ndwaye impiswi zikomeye kuva hashize iminsi itatu. Byatangiye gitunguranye. Ntabasha kubona amafaranga yo kongera kuza kwa muganga.",kinyarwanda,URGENT,gastrointestinal,kinyarwanda->kinyarwanda:URGENT:gastrointestinal,maze iminsi itatu ndwaye impiswi zikomeye,maze iminsi itatu ndwaye impiswi zikomeye
"Nzanye umwana wanjye, papa afite gahunda yo gukingiza umwana kuva ubu gitondo cya kare. Abandi bana na bo bafite iki kibazo. Naje mvuye kure.",kinyarwanda,ROUTINE,preventive,kinyarwanda->kinyarwanda:ROUTINE:preventive,{REL} afite gahunda yo gukingiza umwana.,Mfite gahunda yo gukingiza umwana.
"Naje hano mbere, mu rugo hari umuntu urwaye igituntu kandi ndashaka kwisuzumisha kuva ubu gitondo cya kare kandi sinshobora gusinzira. Ntegereze cyangwa nsuzumwe ubu?",kinyarwanda,URGENT,preventive,kinyarwanda->kinyarwanda:URGENT:preventive,Mu rugo hari umuntu urwaye igituntu kandi ndashaka kwisuzumisha.,Mu rugo hari umuntu urwaye igituntu kandi ndashaka kwisuzumisha.
"Mfasha vuba, umwana wanjye afite impiswi zikomeye kandi yagize umwuma kuva ejo nta miti imfasha. Naje mvuye kure.",kinyarwanda,CRITICAL,gastrointestinal,kinyarwanda->kinyarwanda:CRITICAL:gastrointestinal,{REL} afite impiswi zikomeye kandi yagize umwuma.,{REL} afite impiswi zikomeye kandi yagize umwuma.
Ndashaka kukubwira ikibazo mfite. Umugore wanjye yabyimbye ibirenge kandi ntashobora guhumeka neza iyo aragaramye kuva mu cyumweru gishize kandi nta miti mfite. Ese ibi birakomeye?,kinyarwanda,URGENT,chronic_care,kinyarwanda->kinyarwanda:URGENT:chronic_care,{REL} yabyimbye ibirenge kandi ntashobora guhumeka neza iyo aragaramye.,Nabyimbye ibirenge kandi sinshobora guhumeka neza iyo ndagaramye.
"Muraho, ndatwite kandi nagagaye kuva mu gitondo. Abandi bana na bo bafite iki kibazo. Ni imiti ki nafata?",kinyarwanda,CRITICAL,obstetric,kinyarwanda->kinyarwanda:CRITICAL:obstetric,Ndatwite kandi nagagaye.,Ndatwite kandi nagagaye.
"Nzanye umwana wanjye, papa afite gahunda yo gukingiza umwana kuva mu gitondo biragenda bikagaruka. Nkora iki?",kinyarwanda,ROUTINE,preventive,kinyarwanda->kinyarwanda:ROUTINE:preventive,{REL} afite gahunda yo gukingiza umwana.,Mfite gahunda yo gukingiza umwana.
"Muraho, umuturanyi wanjye afite impiswi zikomeye kandi yagize umwuma bikarushaho nijoro",kinyarwanda,CRITICAL,gastrointestinal,kinyarwanda->kinyarwanda:CRITICAL:gastrointestinal,{REL} afite impiswi zikomeye kandi yagize umwuma.,{REL} afite impiswi zikomeye kandi yagize umwuma.
Ndashaka kukubwira ikibazo mfite. Umuturanyi wanjye nta miti ya SIDA afite kuva ejo. Byatangiye gitunguranye.,kinyarwanda,URGENT,chronic_care,kinyarwanda->kinyarwanda:URGENT:chronic_care,{REL} nta miti ya SIDA afite.,Nta miti ya SIDA mfite.
"Mfasha, mu rugo hari umuntu urwaye igituntu kandi ndashaka kwisuzumisha kandi sinshobora gusinzira. Ndakeneye ubufasha vuba.",kinyarwanda,URGENT,preventive,kinyarwanda->kinyarwanda:URGENT:preventive,Mu rugo hari umuntu urwaye igituntu kandi ndashaka kwisuzumisha.,Mu rugo hari umuntu urwaye igituntu kandi ndashaka kwisuzumisha.
"Nzanye umwana wanjye, umuturanyi wanjye arababara cyane mu nda kandi ububabare ntibuhagarara kuva mu cyumweru gishize kandi sinshobora gusinzira. Urakoze.",kinyarwanda,URGENT,gastrointestinal,kinyarwanda->kinyarwanda:URGENT:gastrointestinal,{REL} arababara cyane mu nda kandi ububabare ntibuhagarara.,Inda irandya cyane kandi ububabare ntibuhagarara.
"Mfasha vuba, umuturanyi wanjye ahumeka bimugora cyane kandi iminwa ye yahindutse ibara kuva ijoro ryashize kandi nta miti mfite. Mfasha muganga.",kinyarwanda,CRITICAL,cardiac_respiratory,kinyarwanda->kinyarwanda:CRITICAL:cardiac_respiratory,{REL} ahumeka bimugora cyane kandi iminwa ye yahindutse ibara.,guhumeka birangora cyane kandi iminwa yanjye yahindutse ibara
"Muganga, umuturanyi wanjye arababara cyane mu nda kandi ububabare ntibuhagarara kuva ubu gitondo cya kare kandi birushaho kuba bibi. Ntegereze cyangwa nsuzumwe ubu?",kinyarwanda,URGENT,gastrointestinal,kinyarwanda->kinyarwanda:URGENT:gastrointestinal,{REL} arababara cyane mu nda kandi ububabare ntibuhagarara.,Inda irandya cyane kandi ububabare ntibuhagarara.
"Simbizi niba bikomeye ariko, umukecuru yabyimbye ibirenge kandi ntashobora guhumeka neza iyo aragaramye kuva hashize icyumweru biragenda bikagaruka. Ndakeneye ubufasha vuba.",kinyarwanda,URGENT,chronic_care,kinyarwanda->kinyarwanda:URGENT:chronic_care,{REL} yabyimbye ibirenge kandi ntashobora guhumeka neza iyo aragaramye.,Nabyimbye ibirenge kandi sinshobora guhumeka neza iyo ndagaramye.
Ndashaka kukubwira ikibazo mfite. Ndatwite kandi nagagaye kuva ubu gitondo cya kare. Ndakeneye ubufasha vuba.,kinyarwanda,CRITICAL,obstetric,kinyarwanda->kinyarwanda:CRITICAL:obstetric,Ndatwite kandi nagagaye.,Ndatwite kandi nagagaye.
"Nyabuneka, mfite ikibazo ku mutwe kandi kirimo guterwa n'urumuri kuva hashize iminsi itatu kandi ndahangayitse. Urakoze.",kinyarwanda,URGENT,neurological,kinyarwanda->kinyarwanda:URGENT:neurological,Mfite ikibazo ku mutwe kandi kirimo guterwa n'urumuri.,Mfite ikibazo ku mutwe kandi kirimo guterwa n'urumuri.
"Nyabuneka, mu rugo hari umuntu urwaye igituntu kandi umugabo wanjye ashaka kwisuzumisha kuva mu masaha abiri ashize. Abandi bana na bo bafite iki kibazo.",kinyarwanda,URGENT,preventive,kinyarwanda->kinyarwanda:URGENT:preventive,Mu rugo hari umuntu urwaye igituntu kandi {REL} ashaka kwisuzumisha.,Mu rugo hari umuntu urwaye igituntu kandi ndashaka kwisuzumisha.
"Muganga, umugore wanjye afite impiswi zikomeye kandi yagize umwuma nta miti imfasha. Ese ibi birakomeye?",kinyarwanda,CRITICAL,gastrointestinal,kinyarwanda->kinyarwanda:CRITICAL:gastrointestinal,{REL} afite impiswi zikomeye kandi yagize umwuma.,{REL} afite impiswi zikomeye kandi yagize umwuma.
"Simbizi niba bikomeye ariko, mu rugo hari umuntu urwaye igituntu kandi umugabo wanjye ashaka kwisuzumisha. Abandi bana na bo bafite iki kibazo. Ese ibi birakomeye?",kinyarwanda,URGENT,preventive,kinyarwanda->kinyarwanda:URGENT:preventive,Mu rugo hari umuntu urwaye igituntu kandi {REL} ashaka kwisuzumisha.,Mu rugo hari umuntu urwaye igituntu kandi ndashaka kwisuzumisha.
"Simbizi niba bikomeye ariko, maze iminsi itatu ndwaye impiswi zikomeye kuva hashize iminsi itatu kandi birushaho kuba bibi. Ese ibi birakomeye?",kinyarwanda,URGENT,gastrointestinal,kinyarwanda->kinyarwanda:URGENT:gastrointestinal,maze iminsi itatu ndwaye impiswi zikomeye,maze iminsi itatu ndwaye impiswi zikomeye
"Muganga, mfite igisebe ku kirenge kidakira kandi mfite diyabete kuva hashize iminsi itatu. Byatangiye gitunguranye. Naje mvuye kure.",kinyarwanda,URGENT,chronic_care,kinyarwanda->kinyarwanda:URGENT:chronic_care,Mfite igisebe ku kirenge kidakira kandi mfite diyabete.,Mfite igisebe ku kirenge kidakira kandi mfite diyabete.
"Mfasha vuba, maze iminsi itatu ndwaye impiswi zikomeye kuva mu masaha abiri ashize bikarushaho nijoro. Ntabasha kubona amafaranga yo kongera kuza kwa muganga.",kinyarwanda,URGENT,gastrointestinal,kinyarwanda->kinyarwanda:URGENT:gastrointestinal,maze iminsi itatu ndwaye impiswi zikomeye,maze iminsi itatu ndwaye impiswi zikomeye
"Mfasha, mama ari kubyara ariko umugozi w'umwana wabanje gusohoka kuva ubu gitondo cya kare kandi sinshobora gusinzira. Mfasha muganga.",kinyarwanda,CRITICAL,obstetric,kinyarwanda->kinyarwanda:CRITICAL:obstetric,{REL} ari kubyara ariko umugozi w'umwana wabanje gusohoka.,Ndabyara ariko habanje gusohoka umugozi w'umwana.
"Naje hano mbere, ndatwite kandi nagagaye kuva ijoro ryashize biragenda bikagaruka. Ntabasha kubona amafaranga yo kongera kuza kwa muganga.",kinyarwanda,CRITICAL,obstetric,kinyarwanda->kinyarwanda:CRITICAL:obstetric,Ndatwite kandi nagagaye.,Ndatwite kandi nagagaye.
"Simbizi niba bikomeye ariko, mu rugo hari umuntu urwaye igituntu kandi ndashaka kwisuzumisha kuva hashize icyumweru. Abandi bana na bo bafite iki kibazo. Ni imiti ki nafata?",kinyarwanda,URGENT,preventive,kinyarwanda->kinyarwanda:URGENT:preventive,Mu rugo hari umuntu urwaye igituntu kandi ndashaka kwisuzumisha.,Mu rugo hari umuntu urwaye igituntu kandi ndashaka kwisuzumisha.
"Nzanye umwana wanjye, ndashaka kugirwa inama ku mazi yo kunywa kuva hashize icyumweru nta miti imfasha. Ndakeneye ubufasha vuba.",kinyarwanda,ROUTINE,preventive,kinyarwanda->kinyarwanda:ROUTINE:preventive,Ndashaka kugirwa inama ku mazi yo kunywa.,Ndashaka kugirwa inama ku mazi yo kunywa.
"Muganga, ndashaka kugirwa inama ku mazi yo kunywa kuva ubu gitondo cya kare bikarushaho nijoro. Ese ibi birakomeye?",kinyarwanda,ROUTINE,preventive,kinyarwanda->kinyarwanda:ROUTINE:preventive,Ndashaka kugirwa inama ku mazi yo kunywa.,Ndashaka kugirwa inama ku mazi yo kunywa.
"Naje hano mbere, mfite ikibazo ku mutwe kandi kirimo guterwa n'urumuri kuva mu cyumweru gishize. Abandi bana na bo bafite iki kibazo. Ntegereze cyangwa nsuzumwe ubu?",kinyarwanda,URGENT,neurological,kinyarwanda->kinyarwanda:URGENT:neurological,Mfite ikibazo ku mutwe kandi kirimo guterwa n'urumuri.,Mfite ikibazo ku mutwe kandi kirimo guterwa n'urumuri.
"Nzanye umwana wanjye, umuturanyi wanjye nta miti ya SIDA afite kuva hashize icyumweru bikarushaho nijoro. Nkora iki?",kinyarwanda,URGENT,chronic_care,kinyarwanda->kinyarwanda:URGENT:chronic_care,{REL} nta miti ya SIDA afite.,Nta miti ya SIDA mfite.
"Simbizi niba bikomeye ariko, maze umunsi wose mbabara ngerageza kubyara ariko umwana ntarasohoka kuva ijoro ryashize kandi nta miti mfite. Ni imiti ki nafata?",kinyarwanda,CRITICAL,obstetric,kinyarwanda->kinyarwanda:CRITICAL:obstetric,Maze umunsi wose mbabara ngerageza kubyara ariko umwana ntarasohoka.,Maze umunsi wose mbabara ngerageza kubyara ariko umwana ntarasohoka.
"Naje hano mbere, papa afite ibimenyetso bya malariya, umuriro n'imbeho kuva ejo kandi ndahangayitse. Ni imiti ki nafata?",kinyarwanda,URGENT,infectious_fever,kinyarwanda->kinyarwanda:URGENT:infectious_fever,"{REL} afite ibimenyetso bya malariya, umuriro n'imbeho.","Mfite ibimenyetso bya malariya, umuriro n'imbeho."
"Nzanye umwana wanjye, maze umunsi wose mbabara ngerageza kubyara ariko umwana ntarasohoka kuva mu masaha abiri ashize bikarushaho nijoro. Ntabasha kubona amafaranga yo kongera kuza kwa muganga.",kinyarwanda,CRITICAL,obstetric,kinyarwanda->kinyarwanda:CRITICAL:obstetric,Maze umunsi wose mbabara ngerageza kubyara ariko umwana ntarasohoka.,Maze umunsi wose mbabara ngerageza kubyara ariko umwana ntarasohoka.
"Simbizi niba bikomeye ariko, maze umunsi wose mbabara ngerageza kubyara ariko umwana ntarasohoka kuva hashize iminsi ibiri biragenda bikagaruka. Ndakeneye ubufasha vuba.",kinyarwanda,CRITICAL,obstetric,kinyarwanda->kinyarwanda:CRITICAL:obstetric,Maze umunsi wose mbabara ngerageza kubyara ariko umwana ntarasohoka.,Maze umunsi wose mbabara ngerageza kubyara ariko umwana ntarasohoka.
"Ndakeneye ubufasha, umukecuru ahumeka bimugora cyane kandi iminwa ye yahindutse ibara kuva ejo nta miti imfasha. Ese ibi birakomeye?",kinyarwanda,CRITICAL,cardiac_respiratory,kinyarwanda->kinyarwanda:CRITICAL:cardiac_respiratory,{REL} ahumeka bimugora cyane kandi iminwa ye yahindutse ibara.,guhumeka birangora cyane kandi iminwa yanjye yahindutse ibara
"Simbizi niba bikomeye ariko, mushiki wanjye ari kubyara ariko umugozi w'umwana wabanje gusohoka kuva hashize iminsi itatu kandi ndahangayitse. Ni imiti ki nafata?",kinyarwanda,CRITICAL,obstetric,kinyarwanda->kinyarwanda:CRITICAL:obstetric,{REL} ari kubyara ariko umugozi w'umwana wabanje gusohoka.,Ndabyara ariko habanje gusohoka umugozi w'umwana.
"Mumbabarire, ndashaka kubabwira ikibazo mfite. Maze umunsi wose mbabara ngerageza kubyara ariko umwana ntarasohoka kuva mu cyumweru gishize kandi nta miti mfite. Ntegereze cyangwa nsuzumwe ubu?",kinyarwanda,CRITICAL,obstetric,kinyarwanda->kinyarwanda:CRITICAL:obstetric,Maze umunsi wose mbabara ngerageza kubyara ariko umwana ntarasohoka.,Maze umunsi wose mbabara ngerageza kubyara ariko umwana ntarasohoka.
"Naje hano mbere, iyo mama ahumetse cyane, arumva mu gituza hamubabaza kuva ijoro ryashize kandi nta miti mfite. Ndakeneye ubufasha vuba.",kinyarwanda,URGENT,cardiac_respiratory,kinyarwanda->kinyarwanda:URGENT:cardiac_respiratory,"Iyo {REL} ahumetse cyane, arumva mu gituza hamubabaza.","Iyo {REL} ahumetse cyane, arumva mu gituza hamubabaza."
"Muraho, mfite umuhaha kuva hashize iminsi ibiri. Byatangiye gitunguranye. Nkora iki?",kinyarwanda,URGENT,paediatric,kinyarwanda->kinyarwanda:URGENT:paediatric,Mfite umuhaha.,Mfite umuhaha.
Ndashaka kukubwira ikibazo mfite. Papa afite gahunda yo gukingiza umwana kuva mu gitondo biragenda bikagaruka. Nkora iki?,kinyarwanda,ROUTINE,preventive,kinyarwanda->kinyarwanda:ROUTINE:preventive,{REL} afite gahunda yo gukingiza umwana.,Mfite gahunda yo gukingiza umwana.
"Mumbabarire, ndashaka kubabwira ikibazo mfite. Mama yabyimbye ibirenge kandi ntashobora guhumeka neza iyo aragaramye kuva ijoro ryashize bikarushaho nijoro. Murakoze.",kinyarwanda,URGENT,chronic_care,kinyarwanda->kinyarwanda:URGENT:chronic_care,{REL} yabyimbye ibirenge kandi ntashobora guhumeka neza iyo aragaramye.,Nabyimbye ibirenge kandi sinshobora guhumeka neza iyo ndagaramye.
"Nyabuneka, mu rugo hari umuntu urwaye igituntu kandi umukecuru ashaka kwisuzumisha kuva ijoro ryashize biragenda bikagaruka. Ni imiti ki nafata?",kinyarwanda,URGENT,preventive,kinyarwanda->kinyarwanda:URGENT:preventive,Mu rugo hari umuntu urwaye igituntu kandi {REL} ashaka kwisuzumisha.,Mu rugo hari umuntu urwaye igituntu kandi ndashaka kwisuzumisha.
Ndashaka kukubwira ikibazo mfite. Mu rugo hari umuntu urwaye igituntu kandi mama ashaka kwisuzumisha kuva hashize icyumweru nta miti imfasha,kinyarwanda,URGENT,preventive,kinyarwanda->kinyarwanda:URGENT:preventive,Mu rugo hari umuntu urwaye igituntu kandi {REL} ashaka kwisuzumisha.,Mu rugo hari umuntu urwaye igituntu kandi ndashaka kwisuzumisha.
"Nzanye umwana wanjye, umuturanyi wanjye ari kubyara ariko umugozi w'umwana wabanje gusohoka kuva mu cyumweru gishize bikarushaho nijoro. Ndakeneye ubufasha vuba.",kinyarwanda,CRITICAL,obstetric,kinyarwanda->kinyarwanda:CRITICAL:obstetric,{REL} ari kubyara ariko umugozi w'umwana wabanje gusohoka.,Ndabyara ariko habanje gusohoka umugozi w'umwana.
Ndashaka kukubwira ikibazo mfite. Papa yabyimbye ibirenge kandi ntashobora guhumeka neza iyo aragaramye kuva mu gitondo kandi sinshobora gusinzira. Nkora iki?,kinyarwanda,URGENT,chronic_care,kinyarwanda->kinyarwanda:URGENT:chronic_care,{REL} yabyimbye ibirenge kandi ntashobora guhumeka neza iyo aragaramye.,Nabyimbye ibirenge kandi sinshobora guhumeka neza iyo ndagaramye.
Ndashaka kukubwira ikibazo mfite. Umugabo wanjye arababara cyane mu nda kandi ububabare ntibuhagarara kuva mu gitondo kandi ndahangayitse. Ntabasha kubona amafaranga yo kongera kuza kwa muganga.,kinyarwanda,URGENT,gastrointestinal,kinyarwanda->kinyarwanda:URGENT:gastrointestinal,{REL} arababara cyane mu nda kandi ububabare ntibuhagarara.,Inda irandya cyane kandi ububabare ntibuhagarara.
"Naje hano mbere, umugore wanjye arababara cyane mu nda kandi ububabare ntibuhagarara kuva ubu gitondo cya kare biragenda bikagaruka. Ntegereze cyangwa nsuzumwe ubu?",kinyarwanda,URGENT,gastrointestinal,kinyarwanda->kinyarwanda:URGENT:gastrointestinal,{REL} arababara cyane mu nda kandi ububabare ntibuhagarara.,Inda irandya cyane kandi ububabare ntibuhagarara.
"Nyabuneka, mu rugo hari umuntu urwaye igituntu kandi umugore wanjye ashaka kwisuzumisha kuva ijoro ryashize bikarushaho nijoro. Nkora iki?",kinyarwanda,URGENT,preventive,kinyarwanda->kinyarwanda:URGENT:preventive,Mu rugo hari umuntu urwaye igituntu kandi {REL} ashaka kwisuzumisha.,Mu rugo hari umuntu urwaye igituntu kandi ndashaka kwisuzumisha.
"Nyabuneka, ndatwite kandi nagagaye kuva ejo kandi birushaho kuba bibi. Nkora iki?",kinyarwanda,CRITICAL,obstetric,kinyarwanda->kinyarwanda:CRITICAL:obstetric,Ndatwite kandi nagagaye.,Ndatwite kandi nagagaye.
Ndashaka kukubwira ikibazo mfite. Maze iminsi itatu ndwaye impiswi zikomeye kuva ubu gitondo cya kare. Byatangiye gitunguranye. Nkora iki?,kinyarwanda,URGENT,gastrointestinal,kinyarwanda->kinyarwanda:URGENT:gastrointestinal,maze iminsi itatu ndwaye impiswi zikomeye,maze iminsi itatu ndwaye impiswi zikomeye
"Muganga, papa ahumeka bimugora cyane kandi iminwa ye yahindutse ibara kuva hashize icyumweru kandi nta miti mfite. Ntabasha kubona amafaranga yo kongera kuza kwa muganga.",kinyarwanda,CRITICAL,cardiac_respiratory,kinyarwanda->kinyarwanda:CRITICAL:cardiac_respiratory,{REL} ahumeka bimugora cyane kandi iminwa ye yahindutse ibara.,guhumeka birangora cyane kandi iminwa yanjye yahindutse ibara
"Simbizi niba bikomeye ariko, mushiki wanjye afite gahunda yo gukingiza umwana kuva mu masaha abiri ashize. Byatangiye gitunguranye. Mfasha muganga.",kinyarwanda,ROUTINE,preventive,kinyarwanda->kinyarwanda:ROUTINE:preventive,{REL} afite gahunda yo gukingiza umwana.,Mfite gahunda yo gukingiza umwana.
Ndashaka kukubwira ikibazo mfite. Umugore wanjye ari kubyara ariko umugozi w'umwana wabanje gusohoka kuva hashize icyumweru. Abandi bana na bo bafite iki kibazo. Naje mvuye kure.,kinyarwanda,CRITICAL,obstetric,kinyarwanda->kinyarwanda:CRITICAL:obstetric,{REL} ari kubyara ariko umugozi w'umwana wabanje gusohoka.,Ndabyara ariko habanje gusohoka umugozi w'umwana.
"Muraho, umukecuru afite ibimenyetso bya malariya, umuriro n'imbeho kandi nta miti mfite. Murakoze.",kinyarwanda,URGENT,infectious_fever,kinyarwanda->kinyarwanda:URGENT:infectious_fever,"{REL} afite ibimenyetso bya malariya, umuriro n'imbeho.","Mfite ibimenyetso bya malariya, umuriro n'imbeho."
"Nzanye umwana wanjye, mu rugo hari umuntu urwaye igituntu kandi ndashaka kwisuzumisha nta miti imfasha. Ese ibi birakomeye?",kinyarwanda,URGENT,preventive,kinyarwanda->kinyarwanda:URGENT:preventive,Mu rugo hari umuntu urwaye igituntu kandi ndashaka kwisuzumisha.,Mu rugo hari umuntu urwaye igituntu kandi ndashaka kwisuzumisha.
"Mumbabarire, ndashaka kubabwira ikibazo mfite. Umuvuduko w'amaraso wanjye wazamutse cyane kandi umutwe urandya cyane kuva hashize iminsi ibiri nta miti imfasha. Nkora iki?",kinyarwanda,URGENT,chronic_care,kinyarwanda->kinyarwanda:URGENT:chronic_care,Umuvuduko w'amaraso wanjye wazamutse cyane kandi umutwe urandya cyane.,Umuvuduko w'amaraso wanjye wazamutse cyane kandi umutwe urandya cyane.
Umuturanyi wanjye ahumeka bimugora cyane kandi iminwa ye yahindutse ibara kuva mu masaha abiri ashize. Naje mvuye kure.,kinyarwanda,CRITICAL,cardiac_respiratory,kinyarwanda->kinyarwanda:CRITICAL:cardiac_respiratory,{REL} ahumeka bimugora cyane kandi iminwa ye yahindutse ibara.,guhumeka birangora cyane kandi iminwa yanjye yahindutse ibara
Ndashaka kugirwa inama ku mazi yo kunywa kuva ejo kandi sinshobora gusinzira. Ni imiti ki nafata?,kinyarwanda,ROUTINE,preventive,kinyarwanda->kinyarwanda:ROUTINE:preventive,Ndashaka kugirwa inama ku mazi yo kunywa.,Ndashaka kugirwa inama ku mazi yo kunywa.
"Mfasha vuba, mama afite igisebe ku kirenge kidakira kandi afite diyabete kuva mu masaha abiri ashize kandi ndahangayitse. Mfasha muganga.",kinyarwanda,URGENT,chronic_care,kinyarwanda->kinyarwanda:URGENT:chronic_care,{REL} afite igisebe ku kirenge kidakira kandi afite diyabete.,Mfite igisebe ku kirenge kidakira kandi mfite diyabete.
"Mumbabarire, ndashaka kubabwira ikibazo mfite. Umuturanyi wanjye ahumeka bimugora cyane kandi iminwa ye yahindutse ibara kuva hashize iminsi itatu kandi sinshobora gusinzira. Naje mvuye kure.",kinyarwanda,CRITICAL,cardiac_respiratory,kinyarwanda->kinyarwanda:CRITICAL:cardiac_respiratory,{REL} ahumeka bimugora cyane kandi iminwa ye yahindutse ibara.,guhumeka birangora cyane kandi iminwa yanjye yahindutse ibara
"Mfasha vuba, mushiki wanjye ahumeka bimugora cyane kandi iminwa ye yahindutse ibara kuva hashize icyumweru bikarushaho nijoro. Nkora iki?",kinyarwanda,CRITICAL,cardiac_respiratory,kinyarwanda->kinyarwanda:CRITICAL:cardiac_respiratory,{REL} ahumeka bimugora cyane kandi iminwa ye yahindutse ibara.,guhumeka birangora cyane kandi iminwa yanjye yahindutse ibara
"Muganga, papa arababara cyane mu nda kandi ububabare ntibuhagarara kuva mu gitondo biragenda bikagaruka. Murakoze.",kinyarwanda,URGENT,gastrointestinal,kinyarwanda->kinyarwanda:URGENT:gastrointestinal,{REL} arababara cyane mu nda kandi ububabare ntibuhagarara.,Inda irandya cyane kandi ububabare ntibuhagarara.
"Mfasha, umukecuru afite igisebe ku kirenge kidakira kandi afite diyabete kuva hashize iminsi ibiri kandi birushaho kuba bibi. Ntabasha kubona amafaranga yo kongera kuza kwa muganga.",kinyarwanda,URGENT,chronic_care,kinyarwanda->kinyarwanda:URGENT:chronic_care,{REL} afite igisebe ku kirenge kidakira kandi afite diyabete.,Mfite igisebe ku kirenge kidakira kandi mfite diyabete.
"Nyabuneka, mama ari kubyara ariko umugozi w'umwana wabanje gusohoka kuva ubu gitondo cya kare biragenda bikagaruka",kinyarwanda,CRITICAL,obstetric,kinyarwanda->kinyarwanda:CRITICAL:obstetric,{REL} ari kubyara ariko umugozi w'umwana wabanje gusohoka.,Ndabyara ariko habanje gusohoka umugozi w'umwana.
"Ndakeneye ubufasha, umuturanyi wanjye yabyimbye ibirenge kandi ntashobora guhumeka neza iyo aragaramye kuva ejo biragenda bikagaruka. Ese ibi birakomeye?",kinyarwanda,URGENT,chronic_care,kinyarwanda->kinyarwanda:URGENT:chronic_care,{REL} yabyimbye ibirenge kandi ntashobora guhumeka neza iyo aragaramye.,Nabyimbye ibirenge kandi sinshobora guhumeka neza iyo ndagaramye.
"Simbizi niba bikomeye ariko, papa afite impiswi zikomeye kandi yagize umwuma kuva hashize iminsi ibiri bikarushaho nijoro. Ese ibi birakomeye?",kinyarwanda,CRITICAL,gastrointestinal,kinyarwanda->kinyarwanda:CRITICAL:gastrointestinal,{REL} afite impiswi zikomeye kandi yagize umwuma.,{REL} afite impiswi zikomeye kandi yagize umwuma.
"Muraho, ndatwite kandi nagagaye kuva hashize iminsi ibiri kandi nta miti mfite. Ndakeneye ubufasha vuba.",kinyarwanda,CRITICAL,obstetric,kinyarwanda->kinyarwanda:CRITICAL:obstetric,Ndatwite kandi nagagaye.,Ndatwite kandi nagagaye.
"Mumbabarire, ndashaka kubabwira ikibazo mfite. Umugabo wanjye yabyimbye ibirenge kandi ntashobora guhumeka neza iyo aragaramye kuva mu gitondo kandi birushaho kuba bibi. Urakoze.",kinyarwanda,URGENT,chronic_care,kinyarwanda->kinyarwanda:URGENT:chronic_care,{REL} yabyimbye ibirenge kandi ntashobora guhumeka neza iyo aragaramye.,Nabyimbye ibirenge kandi sinshobora guhumeka neza iyo ndagaramye.
"Mfasha, umuturanyi wanjye ari kubyara ariko umugozi w'umwana wabanje gusohoka kuva mu gitondo biragenda bikagaruka. Ni imiti ki nafata?",kinyarwanda,CRITICAL,obstetric,kinyarwanda->kinyarwanda:CRITICAL:obstetric,{REL} ari kubyara ariko umugozi w'umwana wabanje gusohoka.,Ndabyara ariko habanje gusohoka umugozi w'umwana.
"Mfasha, mfite igisebe ku kirenge kidakira kandi mfite diyabete kuva ubu gitondo cya kare kandi sinshobora gusinzira. Mfasha muganga.",kinyarwanda,URGENT,chronic_care,kinyarwanda->kinyarwanda:URGENT:chronic_care,Mfite igisebe ku kirenge kidakira kandi mfite diyabete.,Mfite igisebe ku kirenge kidakira kandi mfite diyabete.
"Ndakeneye ubufasha, mu rugo hari umuntu urwaye igituntu kandi umugore wanjye ashaka kwisuzumisha kuva ubu gitondo cya kare nta miti imfasha. Ntabasha kubona amafaranga yo kongera kuza kwa muganga.",kinyarwanda,URGENT,preventive,kinyarwanda->kinyarwanda:URGENT:preventive,Mu rugo hari umuntu urwaye igituntu kandi {REL} ashaka kwisuzumisha.,Mu rugo hari umuntu urwaye igituntu kandi ndashaka kwisuzumisha.
Ndashaka kukubwira ikibazo mfite. Umugabo wanjye ahumeka bimugora cyane kandi iminwa ye yahindutse ibara kuva hashize iminsi itatu nta miti imfasha,kinyarwanda,CRITICAL,cardiac_respiratory,kinyarwanda->kinyarwanda:CRITICAL:cardiac_respiratory,{REL} ahumeka bimugora cyane kandi iminwa ye yahindutse ibara.,guhumeka birangora cyane kandi iminwa yanjye yahindutse ibara
"Mfasha, mama ari kubyara ariko umugozi w'umwana wabanje gusohoka kuva ubu gitondo cya kare. Abandi bana na bo bafite iki kibazo. Ese ibi birakomeye?",kinyarwanda,CRITICAL,obstetric,kinyarwanda->kinyarwanda:CRITICAL:obstetric,{REL} ari kubyara ariko umugozi w'umwana wabanje gusohoka.,Ndabyara ariko habanje gusohoka umugozi w'umwana.
"Nzanye umwana wanjye, umuvuduko w'amaraso wanjye wazamutse cyane kandi umutwe urandya cyane kuva mu gitondo kandi nta miti mfite. Naje mvuye kure.",kinyarwanda,URGENT,chronic_care,kinyarwanda->kinyarwanda:URGENT:chronic_care,Umuvuduko w'amaraso wanjye wazamutse cyane kandi umutwe urandya cyane.,Umuvuduko w'amaraso wanjye wazamutse cyane kandi umutwe urandya cyane.
"Nzanye umwana wanjye, mfite umuhaha kuva hashize icyumweru nta miti imfasha",kinyarwanda,URGENT,paediatric,kinyarwanda->kinyarwanda:URGENT:paediatric,Mfite umuhaha.,Mfite umuhaha.
"Nyabuneka, maze umunsi wose mbabara ngerageza kubyara ariko umwana ntarasohoka kuva mu masaha abiri ashize nta miti imfasha. Ese ibi birakomeye?",kinyarwanda,CRITICAL,obstetric,kinyarwanda->kinyarwanda:CRITICAL:obstetric,Maze umunsi wose mbabara ngerageza kubyara ariko umwana ntarasohoka.,Maze umunsi wose mbabara ngerageza kubyara ariko umwana ntarasohoka.
Ndashaka kukubwira ikibazo mfite. Mama afite impiswi zikomeye kandi yagize umwuma kuva hashize iminsi ibiri kandi ndahangayitse. Nkora iki?,kinyarwanda,CRITICAL,gastrointestinal,kinyarwanda->kinyarwanda:CRITICAL:gastrointestinal,{REL} afite impiswi zikomeye kandi yagize umwuma.,{REL} afite impiswi zikomeye kandi yagize umwuma.
"Muganga, mfite umuhaha kuva hashize iminsi itatu biragenda bikagaruka. Urakoze.",kinyarwanda,URGENT,paediatric,kinyarwanda->kinyarwanda:URGENT:paediatric,Mfite umuhaha.,Mfite umuhaha.
"Simbizi niba bikomeye ariko, umukecuru afite gahunda yo gukingiza umwana kuva mu gitondo kandi birushaho kuba bibi. Ntabasha kubona amafaranga yo kongera kuza kwa muganga.",kinyarwanda,ROUTINE,preventive,kinyarwanda->kinyarwanda:ROUTINE:preventive,{REL} afite gahunda yo gukingiza umwana.,Mfite gahunda yo gukingiza umwana.
"Ndakeneye ubufasha, mfite umuhaha kuva ijoro ryashize biragenda bikagaruka. Ndakeneye ubufasha vuba.",kinyarwanda,URGENT,paediatric,kinyarwanda->kinyarwanda:URGENT:paediatric,Mfite umuhaha.,Mfite umuhaha.
"Nzanye umwana wanjye, umuvuduko w'amaraso wanjye wazamutse cyane kandi umutwe urandya cyane kuva hashize iminsi ibiri. Abandi bana na bo bafite iki kibazo. Naje mvuye kure.",kinyarwanda,URGENT,chronic_care,kinyarwanda->kinyarwanda:URGENT:chronic_care,Umuvuduko w'amaraso wanjye wazamutse cyane kandi umutwe urandya cyane.,Umuvuduko w'amaraso wanjye wazamutse cyane kandi umutwe urandya cyane.
"Nzanye umwana wanjye, umuturanyi wanjye afite gahunda yo gukingiza umwana kuva mu cyumweru gishize kandi nta miti mfite. Ni imiti ki nafata?",kinyarwanda,ROUTINE,preventive,kinyarwanda->kinyarwanda:ROUTINE:preventive,{REL} afite gahunda yo gukingiza umwana.,Mfite gahunda yo gukingiza umwana.
"Simbizi niba bikomeye ariko, iyo mama ahumetse cyane, arumva mu gituza hamubabaza kuva mu gitondo bikarushaho nijoro. Ntabasha kubona amafaranga yo kongera kuza kwa muganga.",kinyarwanda,URGENT,cardiac_respiratory,kinyarwanda->kinyarwanda:URGENT:cardiac_respiratory,"Iyo {REL} ahumetse cyane, arumva mu gituza hamubabaza.","Iyo {REL} ahumetse cyane, arumva mu gituza hamubabaza."
"Mumbabarire, ndashaka kubabwira ikibazo mfite. Mu rugo hari umuntu urwaye igituntu kandi ndashaka kwisuzumisha kuva ijoro ryashize kandi nta miti mfite. Naje mvuye kure.",kinyarwanda,URGENT,preventive,kinyarwanda->kinyarwanda:URGENT:preventive,Mu rugo hari umuntu urwaye igituntu kandi ndashaka kwisuzumisha.,Mu rugo hari umuntu urwaye igituntu kandi ndashaka kwisuzumisha.
Umugore wanjye afite igisebe ku kirenge kidakira kandi afite diyabete kuva mu cyumweru gishize biragenda bikagaruka. Naje mvuye kure.,kinyarwanda,URGENT,chronic_care,kinyarwanda->kinyarwanda:URGENT:chronic_care,{REL} afite igisebe ku kirenge kidakira kandi afite diyabete.,Mfite igisebe ku kirenge kidakira kandi mfite diyabete.
"Mumbabarire, ndashaka kubabwira ikibazo mfite. Umugore wanjye ari kubyara ariko umugozi w'umwana wabanje gusohoka kuva ubu gitondo cya kare bikarushaho nijoro. Ni imiti ki nafata?",kinyarwanda,CRITICAL,obstetric,kinyarwanda->kinyarwanda:CRITICAL:obstetric,{REL} ari kubyara ariko umugozi w'umwana wabanje gusohoka.,Ndabyara ariko habanje gusohoka umugozi w'umwana.
"Nzanye umwana wanjye, umugore wanjye afite igisebe ku kirenge kidakira kandi afite diyabete kuva ejo. Ese ibi birakomeye?",kinyarwanda,URGENT,chronic_care,kinyarwanda->kinyarwanda:URGENT:chronic_care,{REL} afite igisebe ku kirenge kidakira kandi afite diyabete.,Mfite igisebe ku kirenge kidakira kandi mfite diyabete.
"Mfasha, mu rugo hari umuntu urwaye igituntu kandi mushiki wanjye ashaka kwisuzumisha kuva hashize icyumweru kandi sinshobora gusinzira. Ntegereze cyangwa nsuzumwe ubu?",kinyarwanda,URGENT,preventive,kinyarwanda->kinyarwanda:URGENT:preventive,Mu rugo hari umuntu urwaye igituntu kandi {REL} ashaka kwisuzumisha.,Mu rugo hari umuntu urwaye igituntu kandi ndashaka kwisuzumisha.
"Mumbabarire, ndashaka kubabwira ikibazo mfite. Iyo papa ahumetse cyane, arumva mu gituza hamubabaza kuva hashize iminsi ibiri. Abandi bana na bo bafite iki kibazo. Ntabasha kubona amafaranga yo kongera kuza kwa muganga.",kinyarwanda,URGENT,cardiac_respiratory,kinyarwanda->kinyarwanda:URGENT:cardiac_respiratory,"Iyo {REL} ahumetse cyane, arumva mu gituza hamubabaza.","Iyo {REL} ahumetse cyane, arumva mu gituza hamubabaza."
Ndashaka kukubwira ikibazo mfite. Mfite igisebe ku kirenge kidakira kandi mfite diyabete kuva mu cyumweru gishize nta miti imfasha. Naje mvuye kure.,kinyarwanda,URGENT,chronic_care,kinyarwanda->kinyarwanda:URGENT:chronic_care,Mfite igisebe ku kirenge kidakira kandi mfite diyabete.,Mfite igisebe ku kirenge kidakira kandi mfite diyabete.
"Ndakeneye ubufasha, maze umunsi wose mbabara ngerageza kubyara ariko umwana ntarasohoka kuva ejo. Abandi bana na bo bafite iki kibazo. Ntabasha kubona amafaranga yo kongera kuza kwa muganga.",kinyarwanda,CRITICAL,obstetric,kinyarwanda->kinyarwanda:CRITICAL:obstetric,Maze umunsi wose mbabara ngerageza kubyara ariko umwana ntarasohoka.,Maze umunsi wose mbabara ngerageza kubyara ariko umwana ntarasohoka.
"Nyabuneka, umukecuru afite impiswi zikomeye kandi yagize umwuma kuva ejo nta miti imfasha. Ntabasha kubona amafaranga yo kongera kuza kwa muganga.",kinyarwanda,CRITICAL,gastrointestinal,kinyarwanda->kinyarwanda:CRITICAL:gastrointestinal,{REL} afite impiswi zikomeye kandi yagize umwuma.,{REL} afite impiswi zikomeye kandi yagize umwuma.
"Nzanye umwana wanjye, umugore wanjye afite ibimenyetso bya malariya, umuriro n'imbeho kuva mu cyumweru gishize. Abandi bana na bo bafite iki kibazo. Ntabasha kubona amafaranga yo kongera kuza kwa muganga.",kinyarwanda,URGENT,infectious_fever,kinyarwanda->kinyarwanda:URGENT:infectious_fever,"{REL} afite ibimenyetso bya malariya, umuriro n'imbeho.","Mfite ibimenyetso bya malariya, umuriro n'imbeho."
"Mfasha vuba, umugore wanjye ahumeka bimugora cyane kandi iminwa ye yahindutse ibara kuva ubu gitondo cya kare kandi birushaho kuba bibi",kinyarwanda,CRITICAL,cardiac_respiratory,kinyarwanda->kinyarwanda:CRITICAL:cardiac_respiratory,{REL} ahumeka bimugora cyane kandi iminwa ye yahindutse ibara.,guhumeka birangora cyane kandi iminwa yanjye yahindutse ibara
"Nyabuneka, mushiki wanjye afite ibimenyetso bya malariya, umuriro n'imbeho kuva mu cyumweru gishize kandi birushaho kuba bibi. Ese ibi birakomeye?",kinyarwanda,URGENT,infectious_fever,kinyarwanda->kinyarwanda:URGENT:infectious_fever,"{REL} afite ibimenyetso bya malariya, umuriro n'imbeho.","Mfite ibimenyetso bya malariya, umuriro n'imbeho."
"Nzanye umwana wanjye, papa arababara cyane mu nda kandi ububabare ntibuhagarara kuva hashize iminsi ibiri biragenda bikagaruka. Ntegereze cyangwa nsuzumwe ubu?",kinyarwanda,URGENT,gastrointestinal,kinyarwanda->kinyarwanda:URGENT:gastrointestinal,{REL} arababara cyane mu nda kandi ububabare ntibuhagarara.,Inda irandya cyane kandi ububabare ntibuhagarara.
"Ndakeneye ubufasha, umukecuru afite ibimenyetso bya malariya, umuriro n'imbeho kuva mu masaha abiri ashize. Abandi bana na bo bafite iki kibazo.",kinyarwanda,URGENT,infectious_fever,kinyarwanda->kinyarwanda:URGENT:infectious_fever,"{REL} afite ibimenyetso bya malariya, umuriro n'imbeho.","Mfite ibimenyetso bya malariya, umuriro n'imbeho."
"Mfasha, mfite ikibazo ku mutwe kandi kirimo guterwa n'urumuri kuva hashize iminsi itatu biragenda bikagaruka. Ese ibi birakomeye?",kinyarwanda,URGENT,neurological,kinyarwanda->kinyarwanda:URGENT:neurological,Mfite ikibazo ku mutwe kandi kirimo guterwa n'urumuri.,Mfite ikibazo ku mutwe kandi kirimo guterwa n'urumuri.
"Nzanye umwana wanjye, umuvuduko w'amaraso wanjye wazamutse cyane kandi umutwe urandya cyane kuva hashize iminsi ibiri nta miti imfasha. Urakoze.",kinyarwanda,URGENT,chronic_care,kinyarwanda->kinyarwanda:URGENT:chronic_care,Umuvuduko w'amaraso wanjye wazamutse cyane kandi umutwe urandya cyane.,Umuvuduko w'amaraso wanjye wazamutse cyane kandi umutwe urandya cyane.
"Nzanye umwana wanjye, mfite umuhaha kandi nta miti mfite. Urakoze.",kinyarwanda,URGENT,paediatric,kinyarwanda->kinyarwanda:URGENT:paediatric,Mfite umuhaha.,Mfite umuhaha.
"Simbizi niba bikomeye ariko, iyo mama ahumetse cyane, arumva mu gituza hamubabaza nta miti imfasha. Urakoze.",kinyarwanda,URGENT,cardiac_respiratory,kinyarwanda->kinyarwanda:URGENT:cardiac_respiratory,"Iyo {REL} ahumetse cyane, arumva mu gituza hamubabaza.","Iyo {REL} ahumetse cyane, arumva mu gituza hamubabaza."
"Mfasha, umugore wanjye ari kubyara ariko umugozi w'umwana wabanje gusohoka bikarushaho nijoro. Ese ibi birakomeye?",kinyarwanda,CRITICAL,obstetric,kinyarwanda->kinyarwanda:CRITICAL:obstetric,{REL} ari kubyara ariko umugozi w'umwana wabanje gusohoka.,Ndabyara ariko habanje gusohoka umugozi w'umwana.
"Simbizi niba bikomeye ariko, umugabo wanjye afite gahunda yo gukingiza umwana kuva mu cyumweru gishize kandi ndahangayitse. Nkora iki?",kinyarwanda,ROUTINE,preventive,kinyarwanda->kinyarwanda:ROUTINE:preventive,{REL} afite gahunda yo gukingiza umwana.,Mfite gahunda yo gukingiza umwana.
"Mumbabarire, ndashaka kubabwira ikibazo mfite. Umuvuduko w'amaraso wanjye wazamutse cyane kandi umutwe urandya cyane kuva hashize iminsi ibiri kandi birushaho kuba bibi. Ndakeneye ubufasha vuba.",kinyarwanda,URGENT,chronic_care,kinyarwanda->kinyarwanda:URGENT:chronic_care,Umuvuduko w'amaraso wanjye wazamutse cyane kandi umutwe urandya cyane.,Umuvuduko w'amaraso wanjye wazamutse cyane kandi umutwe urandya cyane.
"Simbizi niba bikomeye ariko, mushiki wanjye ahumeka bimugora cyane kandi iminwa ye yahindutse ibara kuva mu masaha abiri ashize kandi birushaho kuba bibi. Ni imiti ki nafata?",kinyarwanda,CRITICAL,cardiac_respiratory,kinyarwanda->kinyarwanda:CRITICAL:cardiac_respiratory,{REL} ahumeka bimugora cyane kandi iminwa ye yahindutse ibara.,guhumeka birangora cyane kandi iminwa yanjye yahindutse ibara
"Muganga, mu rugo hari umuntu urwaye igituntu kandi ndashaka kwisuzumisha. Ndakeneye ubufasha vuba.",kinyarwanda,URGENT,preventive,kinyarwanda->kinyarwanda:URGENT:preventive,Mu rugo hari umuntu urwaye igituntu kandi ndashaka kwisuzumisha.,Mu rugo hari umuntu urwaye igituntu kandi ndashaka kwisuzumisha.
"Ndakeneye ubufasha, umuturanyi wanjye arababara cyane mu nda kandi ububabare ntibuhagarara kuva mu masaha abiri ashize. Abandi bana na bo bafite iki kibazo. Murakoze.",kinyarwanda,URGENT,gastrointestinal,kinyarwanda->kinyarwanda:URGENT:gastrointestinal,{REL} arababara cyane mu nda kandi ububabare ntibuhagarara.,Inda irandya cyane kandi ububabare ntibuhagarara.
"Simbizi niba bikomeye ariko, maze umunsi wose mbabara ngerageza kubyara ariko umwana ntarasohoka kuva hashize icyumweru biragenda bikagaruka. Ndakeneye ubufasha vuba.",kinyarwanda,CRITICAL,obstetric,kinyarwanda->kinyarwanda:CRITICAL:obstetric,Maze umunsi wose mbabara ngerageza kubyara ariko umwana ntarasohoka.,Maze umunsi wose mbabara ngerageza kubyara ariko umwana ntarasohoka.
"Simbizi niba bikomeye ariko, umukecuru yabyimbye ibirenge kandi ntashobora guhumeka neza iyo aragaramye kuva mu gitondo nta miti imfasha. Urakoze.",kinyarwanda,URGENT,chronic_care,kinyarwanda->kinyarwanda:URGENT:chronic_care,{REL} yabyimbye ibirenge kandi ntashobora guhumeka neza iyo aragaramye.,Nabyimbye ibirenge kandi sinshobora guhumeka neza iyo ndagaramye.
"Mfasha, umugabo wanjye yabyimbye ibirenge kandi ntashobora guhumeka neza iyo aragaramye kuva mu masaha abiri ashize kandi birushaho kuba bibi. Ntegereze cyangwa nsuzumwe ubu?",kinyarwanda,URGENT,chronic_care,kinyarwanda->kinyarwanda:URGENT:chronic_care,{REL} yabyimbye ibirenge kandi ntashobora guhumeka neza iyo aragaramye.,Nabyimbye ibirenge kandi sinshobora guhumeka neza iyo ndagaramye.
Mu rugo hari umuntu urwaye igituntu kandi papa ashaka kwisuzumisha kuva mu cyumweru gishize. Abandi bana na bo bafite iki kibazo. Urakoze.,kinyarwanda,URGENT,preventive,kinyarwanda->kinyarwanda:URGENT:preventive,Mu rugo hari umuntu urwaye igituntu kandi {REL} ashaka kwisuzumisha.,Mu rugo hari umuntu urwaye igituntu kandi ndashaka kwisuzumisha.
"Mfasha, umuvuduko w'amaraso wanjye wazamutse cyane kandi umutwe urandya cyane kuva mu masaha abiri ashize. Abandi bana na bo bafite iki kibazo. Mfasha muganga.",kinyarwanda,URGENT,chronic_care,kinyarwanda->kinyarwanda:URGENT:chronic_care,Umuvuduko w'amaraso wanjye wazamutse cyane kandi umutwe urandya cyane.,Umuvuduko w'amaraso wanjye wazamutse cyane kandi umutwe urandya cyane.
"Nzanye umwana wanjye, mama ahumeka bimugora cyane kandi iminwa ye yahindutse ibara kuva hashize icyumweru kandi nta miti mfite. Ndakeneye ubufasha vuba.",kinyarwanda,CRITICAL,cardiac_respiratory,kinyarwanda->kinyarwanda:CRITICAL:cardiac_respiratory,{REL} ahumeka bimugora cyane kandi iminwa ye yahindutse ibara.,guhumeka birangora cyane kandi iminwa yanjye yahindutse ibara
"Nyabuneka, ndatwite kandi nagagaye kuva hashize icyumweru. Ese ibi birakomeye?",kinyarwanda,CRITICAL,obstetric,kinyarwanda->kinyarwanda:CRITICAL:obstetric,Ndatwite kandi nagagaye.,Ndatwite kandi nagagaye.
"Muraho, papa ahumeka bimugora cyane kandi iminwa ye yahindutse ibara kuva hashize iminsi ibiri nta miti imfasha. Ndakeneye ubufasha vuba.",kinyarwanda,CRITICAL,cardiac_respiratory,kinyarwanda->kinyarwanda:CRITICAL:cardiac_respiratory,{REL} ahumeka bimugora cyane kandi iminwa ye yahindutse ibara.,guhumeka birangora cyane kandi iminwa yanjye yahindutse ibara
"Naje hano mbere, papa nta miti ya SIDA afite kuva hashize iminsi itatu kandi sinshobora gusinzira. Urakoze.",kinyarwanda,URGENT,chronic_care,kinyarwanda->kinyarwanda:URGENT:chronic_care,{REL} nta miti ya SIDA afite.,Nta miti ya SIDA mfite.
Ndashaka kukubwira ikibazo mfite. Umuturanyi wanjye afite gahunda yo gukingiza umwana kuva hashize iminsi ibiri kandi sinshobora gusinzira. Ndakeneye ubufasha vuba.,kinyarwanda,ROUTINE,preventive,kinyarwanda->kinyarwanda:ROUTINE:preventive,{REL} afite gahunda yo gukingiza umwana.,Mfite gahunda yo gukingiza umwana.
Mfite ikibazo ku mutwe kandi kirimo guterwa n'urumuri kuva ubu gitondo cya kare kandi sinshobora gusinzira. Ese ibi birakomeye?,kinyarwanda,URGENT,neurological,kinyarwanda->kinyarwanda:URGENT:neurological,Mfite ikibazo ku mutwe kandi kirimo guterwa n'urumuri.,Mfite ikibazo ku mutwe kandi kirimo guterwa n'urumuri.
"Nyabuneka, mama afite igisebe ku kirenge kidakira kandi afite diyabete kuva mu masaha abiri ashize kandi sinshobora gusinzira. Ndakeneye ubufasha vuba.",kinyarwanda,URGENT,chronic_care,kinyarwanda->kinyarwanda:URGENT:chronic_care,{REL} afite igisebe ku kirenge kidakira kandi afite diyabete.,Mfite igisebe ku kirenge kidakira kandi mfite diyabete.
Ndashaka kukubwira ikibazo mfite. Mushiki wanjye nta miti ya SIDA afite kuva mu masaha abiri ashize kandi nta miti mfite. Ese ibi birakomeye?,kinyarwanda,URGENT,chronic_care,kinyarwanda->kinyarwanda:URGENT:chronic_care,{REL} nta miti ya SIDA afite.,Nta miti ya SIDA mfite.
"Nzanye umwana wanjye, maze iminsi itatu ndwaye impiswi zikomeye kuva hashize icyumweru kandi nta miti mfite. Mfasha muganga.",kinyarwanda,URGENT,gastrointestinal,kinyarwanda->kinyarwanda:URGENT:gastrointestinal,maze iminsi itatu ndwaye impiswi zikomeye,maze iminsi itatu ndwaye impiswi zikomeye
"Muraho, iyo mushiki wanjye ahumetse cyane, arumva mu gituza hamubabaza kuva hashize iminsi ibiri kandi nta miti mfite. Ntabasha kubona amafaranga yo kongera kuza kwa muganga.",kinyarwanda,URGENT,cardiac_respiratory,kinyarwanda->kinyarwanda:URGENT:cardiac_respiratory,"Iyo {REL} ahumetse cyane, arumva mu gituza hamubabaza.","Iyo {REL} ahumetse cyane, arumva mu gituza hamubabaza."
Ndashaka kugirwa inama ku mazi yo kunywa kuva mu masaha abiri ashize. Abandi bana na bo bafite iki kibazo. Ni imiti ki nafata?,kinyarwanda,ROUTINE,preventive,kinyarwanda->kinyarwanda:ROUTINE:preventive,Ndashaka kugirwa inama ku mazi yo kunywa.,Ndashaka kugirwa inama ku mazi yo kunywa.
"Mfasha, maze iminsi itatu ndwaye impiswi zikomeye kuva ubu gitondo cya kare bikarushaho nijoro. Urakoze.",kinyarwanda,URGENT,gastrointestinal,kinyarwanda->kinyarwanda:URGENT:gastrointestinal,maze iminsi itatu ndwaye impiswi zikomeye,maze iminsi itatu ndwaye impiswi zikomeye
Umugabo wanjye yabyimbye ibirenge kandi ntashobora guhumeka neza iyo aragaramye kuva hashize icyumweru bikarushaho nijoro. Mfasha muganga.,kinyarwanda,URGENT,chronic_care,kinyarwanda->kinyarwanda:URGENT:chronic_care,{REL} yabyimbye ibirenge kandi ntashobora guhumeka neza iyo aragaramye.,Nabyimbye ibirenge kandi sinshobora guhumeka neza iyo ndagaramye.
"Ndakeneye ubufasha, mushiki wanjye afite igisebe ku kirenge kidakira kandi afite diyabete kuva mu cyumweru gishize kandi nta miti mfite. Ese ibi birakomeye?",kinyarwanda,URGENT,chronic_care,kinyarwanda->kinyarwanda:URGENT:chronic_care,{REL} afite igisebe ku kirenge kidakira kandi afite diyabete.,Mfite igisebe ku kirenge kidakira kandi mfite diyabete.
"Ndakeneye ubufasha, maze umunsi wose mbabara ngerageza kubyara ariko umwana ntarasohoka kandi nta miti mfite. Naje mvuye kure.",kinyarwanda,CRITICAL,obstetric,kinyarwanda->kinyarwanda:CRITICAL:obstetric,Maze umunsi wose mbabara ngerageza kubyara ariko umwana ntarasohoka.,Maze umunsi wose mbabara ngerageza kubyara ariko umwana ntarasohoka.
"Naje hano mbere, maze umunsi wose mbabara ngerageza kubyara ariko umwana ntarasohoka kuva hashize iminsi ibiri biragenda bikagaruka. Mfasha muganga.",kinyarwanda,CRITICAL,obstetric,kinyarwanda->kinyarwanda:CRITICAL:obstetric,Maze umunsi wose mbabara ngerageza kubyara ariko umwana ntarasohoka.,Maze umunsi wose mbabara ngerageza kubyara ariko umwana ntarasohoka.
"Nzanye umwana wanjye, mfite ikibazo ku mutwe kandi kirimo guterwa n'urumuri kuva ijoro ryashize. Abandi bana na bo bafite iki kibazo. Ni imiti ki nafata?",kinyarwanda,URGENT,neurological,kinyarwanda->kinyarwanda:URGENT:neurological,Mfite ikibazo ku mutwe kandi kirimo guterwa n'urumuri.,Mfite ikibazo ku mutwe kandi kirimo guterwa n'urumuri.
"Muganga, ndatwite kandi nagagaye kuva hashize iminsi itatu. Ndakeneye ubufasha vuba.",kinyarwanda,CRITICAL,obstetric,kinyarwanda->kinyarwanda:CRITICAL:obstetric,Ndatwite kandi nagagaye.,Ndatwite kandi nagagaye.
"Ndakeneye ubufasha, iyo papa ahumetse cyane, arumva mu gituza hamubabaza kuva mu cyumweru gishize. Byatangiye gitunguranye. Ndakeneye ubufasha vuba.",kinyarwanda,URGENT,cardiac_respiratory,kinyarwanda->kinyarwanda:URGENT:cardiac_respiratory,"Iyo {REL} ahumetse cyane, arumva mu gituza hamubabaza.","Iyo {REL} ahumetse cyane, arumva mu gituza hamubabaza."
Mama afite impiswi zikomeye kandi yagize umwuma kuva hashize iminsi itatu kandi nta miti mfite. Mfasha muganga.,kinyarwanda,CRITICAL,gastrointestinal,kinyarwanda->kinyarwanda:CRITICAL:gastrointestinal,{REL} afite impiswi zikomeye kandi yagize umwuma.,{REL} afite impiswi zikomeye kandi yagize umwuma.
"Muraho, mu rugo hari umuntu urwaye igituntu kandi mushiki wanjye ashaka kwisuzumisha kuva hashize iminsi ibiri biragenda bikagaruka. Ntegereze cyangwa nsuzumwe ubu?",kinyarwanda,URGENT,preventive,kinyarwanda->kinyarwanda:URGENT:preventive,Mu rugo hari umuntu urwaye igituntu kandi {REL} ashaka kwisuzumisha.,Mu rugo hari umuntu urwaye igituntu kandi ndashaka kwisuzumisha.
"Muganga, papa afite igisebe ku kirenge kidakira kandi afite diyabete kuva ubu gitondo cya kare. Abandi bana na bo bafite iki kibazo. Ntegereze cyangwa nsuzumwe ubu?",kinyarwanda,URGENT,chronic_care,kinyarwanda->kinyarwanda:URGENT:chronic_care,{REL} afite igisebe ku kirenge kidakira kandi afite diyabete.,Mfite igisebe ku kirenge kidakira kandi mfite diyabete.
"Naje hano mbere, mfite ikibazo ku mutwe kandi kirimo guterwa n'urumuri kuva hashize iminsi itatu. Byatangiye gitunguranye. Ese ibi birakomeye?",kinyarwanda,URGENT,neurological,kinyarwanda->kinyarwanda:URGENT:neurological,Mfite ikibazo ku mutwe kandi kirimo guterwa n'urumuri.,Mfite ikibazo ku mutwe kandi kirimo guterwa n'urumuri.
"Simbizi niba bikomeye ariko, mfite igisebe ku kirenge kidakira kandi mfite diyabete kuva mu cyumweru gishize kandi sinshobora gusinzira. Ndakeneye ubufasha vuba.",kinyarwanda,URGENT,chronic_care,kinyarwanda->kinyarwanda:URGENT:chronic_care,Mfite igisebe ku kirenge kidakira kandi mfite diyabete.,Mfite igisebe ku kirenge kidakira kandi mfite diyabete.
Umukecuru ahumeka bimugora cyane kandi iminwa ye yahindutse ibara kuva mu masaha abiri ashize kandi birushaho kuba bibi. Ntegereze cyangwa nsuzumwe ubu?,kinyarwanda,CRITICAL,cardiac_respiratory,kinyarwanda->kinyarwanda:CRITICAL:cardiac_respiratory,{REL} ahumeka bimugora cyane kandi iminwa ye yahindutse ibara.,guhumeka birangora cyane kandi iminwa yanjye yahindutse ibara
"Nyabuneka, mfite ikibazo ku mutwe kandi kirimo guterwa n'urumuri kuva ijoro ryashize",kinyarwanda,URGENT,neurological,kinyarwanda->kinyarwanda:URGENT:neurological,Mfite ikibazo ku mutwe kandi kirimo guterwa n'urumuri.,Mfite ikibazo ku mutwe kandi kirimo guterwa n'urumuri.
"Simbizi niba bikomeye ariko, umukecuru arababara cyane mu nda kandi ububabare ntibuhagarara kuva ubu gitondo cya kare kandi sinshobora gusinzira. Murakoze.",kinyarwanda,URGENT,gastrointestinal,kinyarwanda->kinyarwanda:URGENT:gastrointestinal,{REL} arababara cyane mu nda kandi ububabare ntibuhagarara.,Inda irandya cyane kandi ububabare ntibuhagarara.
"Mfasha, mama nta miti ya SIDA afite kuva hashize iminsi ibiri kandi nta miti mfite. Nkora iki?",kinyarwanda,URGENT,chronic_care,kinyarwanda->kinyarwanda:URGENT:chronic_care,{REL} nta miti ya SIDA afite.,Nta miti ya SIDA mfite.
"Nzanye umwana wanjye, mfite igisebe ku kirenge kidakira kandi mfite diyabete kuva mu masaha abiri ashize. Ese ibi birakomeye?",kinyarwanda,URGENT,chronic_care,kinyarwanda->kinyarwanda:URGENT:chronic_care,Mfite igisebe ku kirenge kidakira kandi mfite diyabete.,Mfite igisebe ku kirenge kidakira kandi mfite diyabete.
"Ndakeneye ubufasha, ndatwite kandi nagagaye kuva ubu gitondo cya kare biragenda bikagaruka. Ese ibi birakomeye?",kinyarwanda,CRITICAL,obstetric,kinyarwanda->kinyarwanda:CRITICAL:obstetric,Ndatwite kandi nagagaye.,Ndatwite kandi nagagaye.
"Mumbabarire, ndashaka kubabwira ikibazo mfite. Umugabo wanjye ahumeka bimugora cyane kandi iminwa ye yahindutse ibara kuva hashize icyumweru kandi nta miti mfite. Ni imiti ki nafata?",kinyarwanda,CRITICAL,cardiac_respiratory,kinyarwanda->kinyarwanda:CRITICAL:cardiac_respiratory,{REL} ahumeka bimugora cyane kandi iminwa ye yahindutse ibara.,guhumeka birangora cyane kandi iminwa yanjye yahindutse ibara
"Muraho, umuturanyi wanjye afite ibimenyetso bya malariya, umuriro n'imbeho kandi sinshobora gusinzira. Ni imiti ki nafata?",kinyarwanda,URGENT,infectious_fever,kinyarwanda->kinyarwanda:URGENT:infectious_fever,"{REL} afite ibimenyetso bya malariya, umuriro n'imbeho.","Mfite ibimenyetso bya malariya, umuriro n'imbeho."
"Muraho, maze iminsi itatu ndwaye impiswi zikomeye kuva mu cyumweru gishize kandi birushaho kuba bibi. Ni imiti ki nafata?",kinyarwanda,URGENT,gastrointestinal,kinyarwanda->kinyarwanda:URGENT:gastrointestinal,maze iminsi itatu ndwaye impiswi zikomeye,maze iminsi itatu ndwaye impiswi zikomeye
"Muganga, mama afite igisebe ku kirenge kidakira kandi afite diyabete kuva hashize iminsi itatu bikarushaho nijoro. Ndakeneye ubufasha vuba.",kinyarwanda,URGENT,chronic_care,kinyarwanda->kinyarwanda:URGENT:chronic_care,{REL} afite igisebe ku kirenge kidakira kandi afite diyabete.,Mfite igisebe ku kirenge kidakira kandi mfite diyabete.
"Simbizi niba bikomeye ariko, maze umunsi wose mbabara ngerageza kubyara ariko umwana ntarasohoka kuva hashize icyumweru nta miti imfasha. Ntabasha kubona amafaranga yo kongera kuza kwa muganga.",kinyarwanda,CRITICAL,obstetric,kinyarwanda->kinyarwanda:CRITICAL:obstetric,Maze umunsi wose mbabara ngerageza kubyara ariko umwana ntarasohoka.,Maze umunsi wose mbabara ngerageza kubyara ariko umwana ntarasohoka.
"Muganga, iyo umwana wanjye ahumetse cyane, arumva mu gituza hamubabaza kuva ubu gitondo cya kare nta miti imfasha. Ntabasha kubona amafaranga yo kongera kuza kwa muganga.",kinyarwanda,URGENT,cardiac_respiratory,kinyarwanda->kinyarwanda:URGENT:cardiac_respiratory,"Iyo {REL} ahumetse cyane, arumva mu gituza hamubabaza.","Iyo {REL} ahumetse cyane, arumva mu gituza hamubabaza."
"Nzanye umwana wanjye, umugabo wanjye nta miti ya SIDA afite kuva hashize iminsi itatu kandi birushaho kuba bibi",kinyarwanda,URGENT,chronic_care,kinyarwanda->kinyarwanda:URGENT:chronic_care,{REL} nta miti ya SIDA afite.,Nta miti ya SIDA mfite.
"Muganga, mushiki wanjye ari kubyara ariko umugozi w'umwana wabanje gusohoka kuva ubu gitondo cya kare. Byatangiye gitunguranye. Ntegereze cyangwa nsuzumwe ubu?",kinyarwanda,CRITICAL,obstetric,kinyarwanda->kinyarwanda:CRITICAL:obstetric,{REL} ari kubyara ariko umugozi w'umwana wabanje gusohoka.,Ndabyara ariko habanje gusohoka umugozi w'umwana.
"Mfasha vuba, mu rugo hari umuntu urwaye igituntu kandi ndashaka kwisuzumisha kuva mu cyumweru gishize bikarushaho nijoro. Ndakeneye ubufasha vuba.",kinyarwanda,URGENT,preventive,kinyarwanda->kinyarwanda:URGENT:preventive,Mu rugo hari umuntu urwaye igituntu kandi ndashaka kwisuzumisha.,Mu rugo hari umuntu urwaye igituntu kandi ndashaka kwisuzumisha.
"Simbizi niba bikomeye ariko, maze umunsi wose mbabara ngerageza kubyara ariko umwana ntarasohoka kuva hashize iminsi itatu kandi ndahangayitse. Ni imiti ki nafata?",kinyarwanda,CRITICAL,obstetric,kinyarwanda->kinyarwanda:CRITICAL:obstetric,Maze umunsi wose mbabara ngerageza kubyara ariko umwana ntarasohoka.,Maze umunsi wose mbabara ngerageza kubyara ariko umwana ntarasohoka.
"Ndakeneye ubufasha, mama yabyimbye ibirenge kandi ntashobora guhumeka neza iyo aragaramye kuva hashize iminsi ibiri. Abandi bana na bo bafite iki kibazo. Ni imiti ki nafata?",kinyarwanda,URGENT,chronic_care,kinyarwanda->kinyarwanda:URGENT:chronic_care,{REL} yabyimbye ibirenge kandi ntashobora guhumeka neza iyo aragaramye.,Nabyimbye ibirenge kandi sinshobora guhumeka neza iyo ndagaramye.
"Naje hano mbere, mushiki wanjye afite gahunda yo gukingiza umwana kuva ijoro ryashize kandi sinshobora gusinzira. Ntegereze cyangwa nsuzumwe ubu?",kinyarwanda,ROUTINE,preventive,kinyarwanda->kinyarwanda:ROUTINE:preventive,{REL} afite gahunda yo gukingiza umwana.,Mfite gahunda yo gukingiza umwana.
Umwana wanjye afite impiswi zikomeye kandi yagize umwuma kuva ijoro ryashize kandi birushaho kuba bibi. Ntegereze cyangwa nsuzumwe ubu?,kinyarwanda,CRITICAL,gastrointestinal,kinyarwanda->kinyarwanda:CRITICAL:gastrointestinal,{REL} afite impiswi zikomeye kandi yagize umwuma.,{REL} afite impiswi zikomeye kandi yagize umwuma.
"Muganga, mu rugo hari umuntu urwaye igituntu kandi umugabo wanjye ashaka kwisuzumisha kuva ubu gitondo cya kare kandi sinshobora gusinzira. Nkora iki?",kinyarwanda,URGENT,preventive,kinyarwanda->kinyarwanda:URGENT:preventive,Mu rugo hari umuntu urwaye igituntu kandi {REL} ashaka kwisuzumisha.,Mu rugo hari umuntu urwaye igituntu kandi ndashaka kwisuzumisha.
Ndashaka kukubwira ikibazo mfite. Ndatwite kandi nagagaye kuva hashize icyumweru kandi ndahangayitse. Ese ibi birakomeye?,kinyarwanda,CRITICAL,obstetric,kinyarwanda->kinyarwanda:CRITICAL:obstetric,Ndatwite kandi nagagaye.,Ndatwite kandi nagagaye.
"Simbizi niba bikomeye ariko, umwana wanjye afite ibimenyetso bya malariya, umuriro n'imbeho kuva hashize icyumweru biragenda bikagaruka. Mfasha muganga.",kinyarwanda,URGENT,infectious_fever,kinyarwanda->kinyarwanda:URGENT:infectious_fever,"{REL} afite ibimenyetso bya malariya, umuriro n'imbeho.","Mfite ibimenyetso bya malariya, umuriro n'imbeho."
"Mumbabarire, ndashaka kubabwira ikibazo mfite. Mfite igisebe ku kirenge kidakira kandi mfite diyabete kuva ijoro ryashize. Abandi bana na bo bafite iki kibazo. Urakoze.",kinyarwanda,URGENT,chronic_care,kinyarwanda->kinyarwanda:URGENT:chronic_care,Mfite igisebe ku kirenge kidakira kandi mfite diyabete.,Mfite igisebe ku kirenge kidakira kandi mfite diyabete.
"Mfasha vuba, mfite umuhaha kuva hashize iminsi ibiri kandi nta miti mfite. Naje mvuye kure.",kinyarwanda,URGENT,paediatric,kinyarwanda->kinyarwanda:URGENT:paediatric,Mfite umuhaha.,Mfite umuhaha.
"Mumbabarire, ndashaka kubabwira ikibazo mfite. Umwana wanjye ahumeka bimugora cyane kandi iminwa ye yahindutse ibara kuva hashize icyumweru. Ni imiti ki nafata?",kinyarwanda,CRITICAL,cardiac_respiratory,kinyarwanda->kinyarwanda:CRITICAL:cardiac_respiratory,{REL} ahumeka bimugora cyane kandi iminwa ye yahindutse ibara.,guhumeka birangora cyane kandi iminwa yanjye yahindutse ibara
"Nzanye umwana wanjye, umuvuduko w'amaraso wanjye wazamutse cyane kandi umutwe urandya cyane kuva hashize iminsi ibiri biragenda bikagaruka. Nkora iki?",kinyarwanda,URGENT,chronic_care,kinyarwanda->kinyarwanda:URGENT:chronic_care,Umuvuduko w'amaraso wanjye wazamutse cyane kandi umutwe urandya cyane.,Umuvuduko w'amaraso wanjye wazamutse cyane kandi umutwe urandya cyane.
"Mfasha vuba, mushiki wanjye ari kubyara ariko umugozi w'umwana wabanje gusohoka kuva hashize iminsi ibiri. Abandi bana na bo bafite iki kibazo.",kinyarwanda,CRITICAL,obstetric,kinyarwanda->kinyarwanda:CRITICAL:obstetric,{REL} ari kubyara ariko umugozi w'umwana wabanje gusohoka.,Ndabyara ariko habanje gusohoka umugozi w'umwana.
Mama afite igisebe ku kirenge kidakira kandi afite diyabete bikarushaho nijoro. Urakoze.,kinyarwanda,URGENT,chronic_care,kinyarwanda->kinyarwanda:URGENT:chronic_care,{REL} afite igisebe ku kirenge kidakira kandi afite diyabete.,Mfite igisebe ku kirenge kidakira kandi mfite diyabete.
"Simbizi niba bikomeye ariko, mu rugo hari umuntu urwaye igituntu kandi ndashaka kwisuzumisha kuva mu cyumweru gishize bikarushaho nijoro. Mfasha muganga.",kinyarwanda,URGENT,preventive,kinyarwanda->kinyarwanda:URGENT:preventive,Mu rugo hari umuntu urwaye igituntu kandi ndashaka kwisuzumisha.,Mu rugo hari umuntu urwaye igituntu kandi ndashaka kwisuzumisha.
"Umukecuru afite ibimenyetso bya malariya, umuriro n'imbeho kuva ijoro ryashize nta miti imfasha. Ntabasha kubona amafaranga yo kongera kuza kwa muganga.",kinyarwanda,URGENT,infectious_fever,kinyarwanda->kinyarwanda:URGENT:infectious_fever,"{REL} afite ibimenyetso bya malariya, umuriro n'imbeho.","Mfite ibimenyetso bya malariya, umuriro n'imbeho."
"Mfasha vuba, mfite ikibazo ku mutwe kandi kirimo guterwa n'urumuri kuva hashize iminsi ibiri kandi birushaho kuba bibi",kinyarwanda,URGENT,neurological,kinyarwanda->kinyarwanda:URGENT:neurological,Mfite ikibazo ku mutwe kandi kirimo guterwa n'urumuri.,Mfite ikibazo ku mutwe kandi kirimo guterwa n'urumuri.
"Ndakeneye ubufasha, umugabo wanjye yabyimbye ibirenge kandi ntashobora guhumeka neza iyo aragaramye kuva mu masaha abiri ashize. Byatangiye gitunguranye. Ntegereze cyangwa nsuzumwe ubu?",kinyarwanda,URGENT,chronic_care,kinyarwanda->kinyarwanda:URGENT:chronic_care,{REL} yabyimbye ibirenge kandi ntashobora guhumeka neza iyo aragaramye.,Nabyimbye ibirenge kandi sinshobora guhumeka neza iyo ndagaramye.
"Naje hano mbere, umugore wanjye afite igisebe ku kirenge kidakira kandi afite diyabete kuva mu cyumweru gishize. Murakoze.",kinyarwanda,URGENT,chronic_care,kinyarwanda->kinyarwanda:URGENT:chronic_care,{REL} afite igisebe ku kirenge kidakira kandi afite diyabete.,Mfite igisebe ku kirenge kidakira kandi mfite diyabete.
Ndashaka kukubwira ikibazo mfite. Mfite umuhaha kuva mu gitondo. Ntabasha kubona amafaranga yo kongera kuza kwa muganga.,kinyarwanda,URGENT,paediatric,kinyarwanda->kinyarwanda:URGENT:paediatric,Mfite umuhaha.,Mfite umuhaha.
"Naje hano mbere, umwana wanjye nta miti ya SIDA afite kuva hashize icyumweru kandi sinshobora gusinzira. Ndakeneye ubufasha vuba.",kinyarwanda,URGENT,chronic_care,kinyarwanda->kinyarwanda:URGENT:chronic_care,{REL} nta miti ya SIDA afite.,Nta miti ya SIDA mfite.
"Mfasha vuba, mama ari kubyara ariko umugozi w'umwana wabanje gusohoka kuva hashize iminsi ibiri biragenda bikagaruka. Ese ibi birakomeye?",kinyarwanda,CRITICAL,obstetric,kinyarwanda->kinyarwanda:CRITICAL:obstetric,{REL} ari kubyara ariko umugozi w'umwana wabanje gusohoka.,Ndabyara ariko habanje gusohoka umugozi w'umwana.
Ndashaka kukubwira ikibazo mfite. Umugore wanjye afite impiswi zikomeye kandi yagize umwuma kuva ejo kandi ndahangayitse. Ntabasha kubona amafaranga yo kongera kuza kwa muganga.,kinyarwanda,CRITICAL,gastrointestinal,kinyarwanda->kinyarwanda:CRITICAL:gastrointestinal,{REL} afite impiswi zikomeye kandi yagize umwuma.,{REL} afite impiswi zikomeye kandi yagize umwuma.
"Simbizi niba bikomeye ariko, iyo umugore wanjye ahumetse cyane, arumva mu gituza hamubabaza kuva hashize iminsi ibiri. Abandi bana na bo bafite iki kibazo. Mfasha muganga.",kinyarwanda,URGENT,cardiac_respiratory,kinyarwanda->kinyarwanda:URGENT:cardiac_respiratory,"Iyo {REL} ahumetse cyane, arumva mu gituza hamubabaza.","Iyo {REL} ahumetse cyane, arumva mu gituza hamubabaza."
"Ndashaka kukubwira ikibazo mfite. Umukecuru afite ibimenyetso bya malariya, umuriro n'imbeho kuva hashize icyumweru kandi birushaho kuba bibi. Ntegereze cyangwa nsuzumwe ubu?",kinyarwanda,URGENT,infectious_fever,kinyarwanda->kinyarwanda:URGENT:infectious_fever,"{REL} afite ibimenyetso bya malariya, umuriro n'imbeho.","Mfite ibimenyetso bya malariya, umuriro n'imbeho."
Ndashaka kukubwira ikibazo mfite. Ndashaka kugirwa inama ku mazi yo kunywa kuva mu masaha abiri ashize biragenda bikagaruka. Naje mvuye kure.,kinyarwanda,ROUTINE,preventive,kinyarwanda->kinyarwanda:ROUTINE:preventive,Ndashaka kugirwa inama ku mazi yo kunywa.,Ndashaka kugirwa inama ku mazi yo kunywa.
"Mumbabarire, ndashaka kubabwira ikibazo mfite. Umugore wanjye afite igisebe ku kirenge kidakira kandi afite diyabete kuva ejo. Abandi bana na bo bafite iki kibazo. Ndakeneye ubufasha vuba.",kinyarwanda,URGENT,chronic_care,kinyarwanda->kinyarwanda:URGENT:chronic_care,{REL} afite igisebe ku kirenge kidakira kandi afite diyabete.,Mfite igisebe ku kirenge kidakira kandi mfite diyabete.
"Nyabuneka, mu rugo hari umuntu urwaye igituntu kandi ndashaka kwisuzumisha kuva hashize iminsi itatu kandi nta miti mfite. Ndakeneye ubufasha vuba.",kinyarwanda,URGENT,preventive,kinyarwanda->kinyarwanda:URGENT:preventive,Mu rugo hari umuntu urwaye igituntu kandi ndashaka kwisuzumisha.,Mu rugo hari umuntu urwaye igituntu kandi ndashaka kwisuzumisha.
"Nyabuneka, maze iminsi itatu ndwaye impiswi zikomeye kuva mu gitondo bikarushaho nijoro. Ntegereze cyangwa nsuzumwe ubu?",kinyarwanda,URGENT,gastrointestinal,kinyarwanda->kinyarwanda:URGENT:gastrointestinal,maze iminsi itatu ndwaye impiswi zikomeye,maze iminsi itatu ndwaye impiswi zikomeye
"Muganga, umugore wanjye yabyimbye ibirenge kandi ntashobora guhumeka neza iyo aragaramye kuva ejo kandi sinshobora gusinzira",kinyarwanda,URGENT,chronic_care,kinyarwanda->kinyarwanda:URGENT:chronic_care,{REL} yabyimbye ibirenge kandi ntashobora guhumeka neza iyo aragaramye.,Nabyimbye ibirenge kandi sinshobora guhumeka neza iyo ndagaramye.
"Ndakeneye ubufasha, maze umunsi wose mbabara ngerageza kubyara ariko umwana ntarasohoka kuva ijoro ryashize kandi birushaho kuba bibi. Ntabasha kubona amafaranga yo kongera kuza kwa muganga.",kinyarwanda,CRITICAL,obstetric,kinyarwanda->kinyarwanda:CRITICAL:obstetric,Maze umunsi wose mbabara ngerageza kubyara ariko umwana ntarasohoka.,Maze umunsi wose mbabara ngerageza kubyara ariko umwana ntarasohoka.
"Mumbabarire, ndashaka kubabwira ikibazo mfite. Ndatwite kandi nagagaye kuva hashize iminsi itatu nta miti imfasha. Ese ibi birakomeye?",kinyarwanda,CRITICAL,obstetric,kinyarwanda->kinyarwanda:CRITICAL:obstetric,Ndatwite kandi nagagaye.,Ndatwite kandi nagagaye.
"Ndakeneye ubufasha, umugabo wanjye afite igisebe ku kirenge kidakira kandi afite diyabete kuva mu gitondo kandi ndahangayitse. Ese ibi birakomeye?",kinyarwanda,URGENT,chronic_care,kinyarwanda->kinyarwanda:URGENT:chronic_care,{REL} afite igisebe ku kirenge kidakira kandi afite diyabete.,Mfite igisebe ku kirenge kidakira kandi mfite diyabete.
"Nyabuneka, mu rugo hari umuntu urwaye igituntu kandi mushiki wanjye ashaka kwisuzumisha kuva hashize iminsi itatu kandi birushaho kuba bibi. Ni imiti ki nafata?",kinyarwanda,URGENT,preventive,kinyarwanda->kinyarwanda:URGENT:preventive,Mu rugo hari umuntu urwaye igituntu kandi {REL} ashaka kwisuzumisha.,Mu rugo hari umuntu urwaye igituntu kandi ndashaka kwisuzumisha.
Ndashaka kukubwira ikibazo mfite. Mu rugo hari umuntu urwaye igituntu kandi mama ashaka kwisuzumisha kuva mu cyumweru gishize kandi nta miti mfite,kinyarwanda,URGENT,preventive,kinyarwanda->kinyarwanda:URGENT:preventive,Mu rugo hari umuntu urwaye igituntu kandi {REL} ashaka kwisuzumisha.,Mu rugo hari umuntu urwaye igituntu kandi ndashaka kwisuzumisha.
"Muganga, umugabo wanjye afite gahunda yo gukingiza umwana kuva hashize iminsi ibiri kandi nta miti mfite. Mfasha muganga.",kinyarwanda,ROUTINE,preventive,kinyarwanda->kinyarwanda:ROUTINE:preventive,{REL} afite gahunda yo gukingiza umwana.,Mfite gahunda yo gukingiza umwana.
"Muraho, mushiki wanjye arababara cyane mu nda kandi ububabare ntibuhagarara kuva ejo biragenda bikagaruka. Ni imiti ki nafata?",kinyarwanda,URGENT,gastrointestinal,kinyarwanda->kinyarwanda:URGENT:gastrointestinal,{REL} arababara cyane mu nda kandi ububabare ntibuhagarara.,Inda irandya cyane kandi ububabare ntibuhagarara.
Maze umunsi wose mbabara ngerageza kubyara ariko umwana ntarasohoka kuva hashize iminsi ibiri kandi nta miti mfite. Mfasha muganga.,kinyarwanda,CRITICAL,obstetric,kinyarwanda->kinyarwanda:CRITICAL:obstetric,Maze umunsi wose mbabara ngerageza kubyara ariko umwana ntarasohoka.,Maze umunsi wose mbabara ngerageza kubyara ariko umwana ntarasohoka.
"Mama afite ibimenyetso bya malariya, umuriro n'imbeho kuva mu cyumweru gishize kandi ndahangayitse. Ese ibi birakomeye?",kinyarwanda,URGENT,infectious_fever,kinyarwanda->kinyarwanda:URGENT:infectious_fever,"{REL} afite ibimenyetso bya malariya, umuriro n'imbeho.","Mfite ibimenyetso bya malariya, umuriro n'imbeho."
"Mfasha vuba, maze iminsi itatu ndwaye impiswi zikomeye kuva ubu gitondo cya kare kandi sinshobora gusinzira. Ntegereze cyangwa nsuzumwe ubu?",kinyarwanda,URGENT,gastrointestinal,kinyarwanda->kinyarwanda:URGENT:gastrointestinal,maze iminsi itatu ndwaye impiswi zikomeye,maze iminsi itatu ndwaye impiswi zikomeye
"Muraho, ndashaka kugirwa inama ku mazi yo kunywa kuva ejo kandi ndahangayitse. Nkora iki?",kinyarwanda,ROUTINE,preventive,kinyarwanda->kinyarwanda:ROUTINE:preventive,Ndashaka kugirwa inama ku mazi yo kunywa.,Ndashaka kugirwa inama ku mazi yo kunywa.
Ndashaka kukubwira ikibazo mfite. Mu rugo hari umuntu urwaye igituntu kandi umwana wanjye ashaka kwisuzumisha kuva mu masaha abiri ashize kandi ndahangayitse. Ntabasha kubona amafaranga yo kongera kuza kwa muganga.,kinyarwanda,URGENT,preventive,kinyarwanda->kinyarwanda:URGENT:preventive,Mu rugo hari umuntu urwaye igituntu kandi {REL} ashaka kwisuzumisha.,Mu rugo hari umuntu urwaye igituntu kandi ndashaka kwisuzumisha.
"Muganga, mama arababara cyane mu nda kandi ububabare ntibuhagarara kuva ubu gitondo cya kare nta miti imfasha. Urakoze.",kinyarwanda,URGENT,gastrointestinal,kinyarwanda->kinyarwanda:URGENT:gastrointestinal,{REL} arababara cyane mu nda kandi ububabare ntibuhagarara.,Inda irandya cyane kandi ububabare ntibuhagarara.
"Ndakeneye ubufasha, umwana wanjye afite ibimenyetso bya malariya, umuriro n'imbeho kuva mu gitondo biragenda bikagaruka. Naje mvuye kure.",kinyarwanda,URGENT,infectious_fever,kinyarwanda->kinyarwanda:URGENT:infectious_fever,"{REL} afite ibimenyetso bya malariya, umuriro n'imbeho.","Mfite ibimenyetso bya malariya, umuriro n'imbeho."
"Simbizi niba bikomeye ariko, umukecuru afite igisebe ku kirenge kidakira kandi afite diyabete kuva ejo bikarushaho nijoro. Urakoze.",kinyarwanda,URGENT,chronic_care,kinyarwanda->kinyarwanda:URGENT:chronic_care,{REL} afite igisebe ku kirenge kidakira kandi afite diyabete.,Mfite igisebe ku kirenge kidakira kandi mfite diyabete.
"Muganga, maze iminsi itatu ndwaye impiswi zikomeye kuva hashize icyumweru. Ntegereze cyangwa nsuzumwe ubu?",kinyarwanda,URGENT,gastrointestinal,kinyarwanda->kinyarwanda:URGENT:gastrointestinal,maze iminsi itatu ndwaye impiswi zikomeye,maze iminsi itatu ndwaye impiswi zikomeye
"Mfasha, mushiki wanjye afite gahunda yo gukingiza umwana kuva hashize iminsi itatu biragenda bikagaruka. Naje mvuye kure.",kinyarwanda,ROUTINE,preventive,kinyarwanda->kinyarwanda:ROUTINE:preventive,{REL} afite gahunda yo gukingiza umwana.,Mfite gahunda yo gukingiza umwana.
"Ndakeneye ubufasha, papa yabyimbye ibirenge kandi ntashobora guhumeka neza iyo aragaramye kuva ijoro ryashize. Abandi bana na bo bafite iki kibazo. Murakoze.",kinyarwanda,URGENT,chronic_care,kinyarwanda->kinyarwanda:URGENT:chronic_care,{REL} yabyimbye ibirenge kandi ntashobora guhumeka neza iyo aragaramye.,Nabyimbye ibirenge kandi sinshobora guhumeka neza iyo ndagaramye.
"Mumbabarire, ndashaka kubabwira ikibazo mfite. Iyo papa ahumetse cyane, arumva mu gituza hamubabaza kuva ijoro ryashize kandi ndahangayitse. Mfasha muganga.",kinyarwanda,URGENT,cardiac_respiratory,kinyarwanda->kinyarwanda:URGENT:cardiac_respiratory,"Iyo {REL} ahumetse cyane, arumva mu gituza hamubabaza.","Iyo {REL} ahumetse cyane, arumva mu gituza hamubabaza."
"Nyabuneka, mushiki wanjye yabyimbye ibirenge kandi ntashobora guhumeka neza iyo aragaramye kuva mu gitondo kandi birushaho kuba bibi. Ese ibi birakomeye?",kinyarwanda,URGENT,chronic_care,kinyarwanda->kinyarwanda:URGENT:chronic_care,{REL} yabyimbye ibirenge kandi ntashobora guhumeka neza iyo aragaramye.,Nabyimbye ibirenge kandi sinshobora guhumeka neza iyo ndagaramye.
"Mumbabarire, ndashaka kubabwira ikibazo mfite. Umugore wanjye ari kubyara ariko umugozi w'umwana wabanje gusohoka kuva hashize icyumweru. Abandi bana na bo bafite iki kibazo. Naje mvuye kure.",kinyarwanda,CRITICAL,obstetric,kinyarwanda->kinyarwanda:CRITICAL:obstetric,{REL} ari kubyara ariko umugozi w'umwana wabanje gusohoka.,Ndabyara ariko habanje gusohoka umugozi w'umwana.
"Ndakeneye ubufasha, maze umunsi wose mbabara ngerageza kubyara ariko umwana ntarasohoka kuva mu masaha abiri ashize. Abandi bana na bo bafite iki kibazo. Ni imiti ki nafata?",kinyarwanda,CRITICAL,obstetric,kinyarwanda->kinyarwanda:CRITICAL:obstetric,Maze umunsi wose mbabara ngerageza kubyara ariko umwana ntarasohoka.,Maze umunsi wose mbabara ngerageza kubyara ariko umwana ntarasohoka.
"Nyabuneka, maze iminsi itatu ndwaye impiswi zikomeye kuva hashize iminsi ibiri kandi ndahangayitse",kinyarwanda,URGENT,gastrointestinal,kinyarwanda->kinyarwanda:URGENT:gastrointestinal,maze iminsi itatu ndwaye impiswi zikomeye,maze iminsi itatu ndwaye impiswi zikomeye
Ndashaka kukubwira ikibazo mfite. Mu rugo hari umuntu urwaye igituntu kandi ndashaka kwisuzumisha kandi ndahangayitse. Urakoze.,kinyarwanda,URGENT,preventive,kinyarwanda->kinyarwanda:URGENT:preventive,Mu rugo hari umuntu urwaye igituntu kandi ndashaka kwisuzumisha.,Mu rugo hari umuntu urwaye igituntu kandi ndashaka kwisuzumisha.
"Nyabuneka, maze iminsi itatu ndwaye impiswi zikomeye kuva mu cyumweru gishize bikarushaho nijoro. Mfasha muganga.",kinyarwanda,URGENT,gastrointestinal,kinyarwanda->kinyarwanda:URGENT:gastrointestinal,maze iminsi itatu ndwaye impiswi zikomeye,maze iminsi itatu ndwaye impiswi zikomeye
Ndashaka kukubwira ikibazo mfite. Papa yabyimbye ibirenge kandi ntashobora guhumeka neza iyo aragaramye kuva ubu gitondo cya kare kandi ndahangayitse. Ndakeneye ubufasha vuba.,kinyarwanda,URGENT,chronic_care,kinyarwanda->kinyarwanda:URGENT:chronic_care,{REL} yabyimbye ibirenge kandi ntashobora guhumeka neza iyo aragaramye.,Nabyimbye ibirenge kandi sinshobora guhumeka neza iyo ndagaramye.
"Mfasha vuba, mu rugo hari umuntu urwaye igituntu kandi mama ashaka kwisuzumisha kuva ubu gitondo cya kare kandi ndahangayitse. Ni imiti ki nafata?",kinyarwanda,URGENT,preventive,kinyarwanda->kinyarwanda:URGENT:preventive,Mu rugo hari umuntu urwaye igituntu kandi {REL} ashaka kwisuzumisha.,Mu rugo hari umuntu urwaye igituntu kandi ndashaka kwisuzumisha.
"Mfasha vuba, ndatwite kandi nagagaye kuva hashize iminsi itatu nta miti imfasha. Ndakeneye ubufasha vuba.",kinyarwanda,CRITICAL,obstetric,kinyarwanda->kinyarwanda:CRITICAL:obstetric,Ndatwite kandi nagagaye.,Ndatwite kandi nagagaye.
"Nzanye umwana wanjye, maze iminsi itatu ndwaye impiswi zikomeye kuva ubu gitondo cya kare kandi birushaho kuba bibi. Urakoze.",kinyarwanda,URGENT,gastrointestinal,kinyarwanda->kinyarwanda:URGENT:gastrointestinal,maze iminsi itatu ndwaye impiswi zikomeye,maze iminsi itatu ndwaye impiswi zikomeye
"Naje hano mbere, mu rugo hari umuntu urwaye igituntu kandi papa ashaka kwisuzumisha kuva mu gitondo. Ndakeneye ubufasha vuba.",kinyarwanda,URGENT,preventive,kinyarwanda->kinyarwanda:URGENT:preventive,Mu rugo hari umuntu urwaye igituntu kandi {REL} ashaka kwisuzumisha.,Mu rugo hari umuntu urwaye igituntu kandi ndashaka kwisuzumisha.
"Naje hano mbere, mama afite ibimenyetso bya malariya, umuriro n'imbeho kuva mu gitondo nta miti imfasha. Ese ibi birakomeye?",kinyarwanda,URGENT,infectious_fever,kinyarwanda->kinyarwanda:URGENT:infectious_fever,"{REL} afite ibimenyetso bya malariya, umuriro n'imbeho.","Mfite ibimenyetso bya malariya, umuriro n'imbeho."
"Muraho, mushiki wanjye afite gahunda yo gukingiza umwana kuva mu masaha abiri ashize kandi sinshobora gusinzira. Ntegereze cyangwa nsuzumwe ubu?",kinyarwanda,ROUTINE,preventive,kinyarwanda->kinyarwanda:ROUTINE:preventive,{REL} afite gahunda yo gukingiza umwana.,Mfite gahunda yo gukingiza umwana.
"Nzanye umwana wanjye, umuvuduko w'amaraso wanjye wazamutse cyane kandi umutwe urandya cyane kuva ubu gitondo cya kare. Abandi bana na bo bafite iki kibazo. Ese ibi birakomeye?",kinyarwanda,URGENT,chronic_care,kinyarwanda->kinyarwanda:URGENT:chronic_care,Umuvuduko w'amaraso wanjye wazamutse cyane kandi umutwe urandya cyane.,Umuvuduko w'amaraso wanjye wazamutse cyane kandi umutwe urandya cyane.
"Nzanye umwana wanjye, umuturanyi wanjye ari kubyara ariko umugozi w'umwana wabanje gusohoka kuva mu gitondo. Naje mvuye kure.",kinyarwanda,CRITICAL,obstetric,kinyarwanda->kinyarwanda:CRITICAL:obstetric,{REL} ari kubyara ariko umugozi w'umwana wabanje gusohoka.,Ndabyara ariko habanje gusohoka umugozi w'umwana.
Ndashaka kukubwira ikibazo mfite. Mfite ikibazo ku mutwe kandi kirimo guterwa n'urumuri kuva hashize icyumweru kandi sinshobora gusinzira,kinyarwanda,URGENT,neurological,kinyarwanda->kinyarwanda:URGENT:neurological,Mfite ikibazo ku mutwe kandi kirimo guterwa n'urumuri.,Mfite ikibazo ku mutwe kandi kirimo guterwa n'urumuri.
"Naje hano mbere, umuturanyi wanjye nta miti ya SIDA afite kuva mu cyumweru gishize kandi birushaho kuba bibi. Nkora iki?",kinyarwanda,URGENT,chronic_care,kinyarwanda->kinyarwanda:URGENT:chronic_care,{REL} nta miti ya SIDA afite.,Nta miti ya SIDA mfite.
"Mfasha, mfite ikibazo ku mutwe kandi kirimo guterwa n'urumuri kuva hashize icyumweru kandi nta miti mfite",kinyarwanda,URGENT,neurological,kinyarwanda->kinyarwanda:URGENT:neurological,Mfite ikibazo ku mutwe kandi kirimo guterwa n'urumuri.,Mfite ikibazo ku mutwe kandi kirimo guterwa n'urumuri.
"Muraho, umuturanyi wanjye ari kubyara ariko umugozi w'umwana wabanje gusohoka kuva hashize iminsi ibiri kandi ndahangayitse. Mfasha muganga.",kinyarwanda,CRITICAL,obstetric,kinyarwanda->kinyarwanda:CRITICAL:obstetric,{REL} ari kubyara ariko umugozi w'umwana wabanje gusohoka.,Ndabyara ariko habanje gusohoka umugozi w'umwana.
"Simbizi niba bikomeye ariko, umukecuru afite gahunda yo gukingiza umwana kuva hashize iminsi itatu. Nkora iki?",kinyarwanda,ROUTINE,preventive,kinyarwanda->kinyarwanda:ROUTINE:preventive,{REL} afite gahunda yo gukingiza umwana.,Mfite gahunda yo gukingiza umwana.
"Mfasha vuba, mama arababara cyane mu nda kandi ububabare ntibuhagarara kuva ejo. Abandi bana na bo bafite iki kibazo. Nkora iki?",kinyarwanda,URGENT,gastrointestinal,kinyarwanda->kinyarwanda:URGENT:gastrointestinal,{REL} arababara cyane mu nda kandi ububabare ntibuhagarara.,Inda irandya cyane kandi ububabare ntibuhagarara.
Ndashaka kukubwira ikibazo mfite. Umukecuru afite igisebe ku kirenge kidakira kandi afite diyabete kuva mu cyumweru gishize kandi nta miti mfite. Ntegereze cyangwa nsuzumwe ubu?,kinyarwanda,URGENT,chronic_care,kinyarwanda->kinyarwanda:URGENT:chronic_care,{REL} afite igisebe ku kirenge kidakira kandi afite diyabete.,Mfite igisebe ku kirenge kidakira kandi mfite diyabete.
"Ndakeneye ubufasha, maze iminsi itatu ndwaye impiswi zikomeye kuva mu cyumweru gishize bikarushaho nijoro. Ese ibi birakomeye?",kinyarwanda,URGENT,gastrointestinal,kinyarwanda->kinyarwanda:URGENT:gastrointestinal,maze iminsi itatu ndwaye impiswi zikomeye,maze iminsi itatu ndwaye impiswi zikomeye
"Muraho, umugore wanjye arababara cyane mu nda kandi ububabare ntibuhagarara kuva ubu gitondo cya kare biragenda bikagaruka. Ntabasha kubona amafaranga yo kongera kuza kwa muganga.",kinyarwanda,URGENT,gastrointestinal,kinyarwanda->kinyarwanda:URGENT:gastrointestinal,{REL} arababara cyane mu nda kandi ububabare ntibuhagarara.,Inda irandya cyane kandi ububabare ntibuhagarara.
"Simbizi niba bikomeye ariko, umukecuru ahumeka bimugora cyane kandi iminwa ye yahindutse ibara kuva ejo. Byatangiye gitunguranye. Ni imiti ki nafata?",kinyarwanda,CRITICAL,cardiac_respiratory,kinyarwanda->kinyarwanda:CRITICAL:cardiac_respiratory,{REL} ahumeka bimugora cyane kandi iminwa ye yahindutse ibara.,guhumeka birangora cyane kandi iminwa yanjye yahindutse ibara
"Muganga, mu rugo hari umuntu urwaye igituntu kandi ndashaka kwisuzumisha kuva ejo. Ni imiti ki nafata?",kinyarwanda,URGENT,preventive,kinyarwanda->kinyarwanda:URGENT:preventive,Mu rugo hari umuntu urwaye igituntu kandi ndashaka kwisuzumisha.,Mu rugo hari umuntu urwaye igituntu kandi ndashaka kwisuzumisha.
"Mfasha vuba, mushiki wanjye arababara cyane mu nda kandi ububabare ntibuhagarara kuva hashize iminsi ibiri. Byatangiye gitunguranye. Ntegereze cyangwa nsuzumwe ubu?",kinyarwanda,URGENT,gastrointestinal,kinyarwanda->kinyarwanda:URGENT:gastrointestinal,{REL} arababara cyane mu nda kandi ububabare ntibuhagarara.,Inda irandya cyane kandi ububabare ntibuhagarara.
Ndashaka kukubwira ikibazo mfite. Mama ari kubyara ariko umugozi w'umwana wabanje gusohoka kuva hashize icyumweru nta miti imfasha. Ese ibi birakomeye?,kinyarwanda,CRITICAL,obstetric,kinyarwanda->kinyarwanda:CRITICAL:obstetric,{REL} ari kubyara ariko umugozi w'umwana wabanje gusohoka.,Ndabyara ariko habanje gusohoka umugozi w'umwana.
Maze umunsi wose mbabara ngerageza kubyara ariko umwana ntarasohoka kuva ubu gitondo cya kare. Abandi bana na bo bafite iki kibazo. Ndakeneye ubufasha vuba.,kinyarwanda,CRITICAL,obstetric,kinyarwanda->kinyarwanda:CRITICAL:obstetric,Maze umunsi wose mbabara ngerageza kubyara ariko umwana ntarasohoka.,Maze umunsi wose mbabara ngerageza kubyara ariko umwana ntarasohoka.
"Nyabuneka, umukecuru afite ibimenyetso bya malariya, umuriro n'imbeho kuva ejo nta miti imfasha. Ese ibi birakomeye?",kinyarwanda,URGENT,infectious_fever,kinyarwanda->kinyarwanda:URGENT:infectious_fever,"{REL} afite ibimenyetso bya malariya, umuriro n'imbeho.","Mfite ibimenyetso bya malariya, umuriro n'imbeho."
"Muraho, umugabo wanjye arababara cyane mu nda kandi ububabare ntibuhagarara kuva mu masaha abiri ashize biragenda bikagaruka. Murakoze.",kinyarwanda,URGENT,gastrointestinal,kinyarwanda->kinyarwanda:URGENT:gastrointestinal,{REL} arababara cyane mu nda kandi ububabare ntibuhagarara.,Inda irandya cyane kandi ububabare ntibuhagarara.
"Muganga, iyo mushiki wanjye ahumetse cyane, arumva mu gituza hamubabaza kuva ubu gitondo cya kare kandi birushaho kuba bibi. Mfasha muganga.",kinyarwanda,URGENT,cardiac_respiratory,kinyarwanda->kinyarwanda:URGENT:cardiac_respiratory,"Iyo {REL} ahumetse cyane, arumva mu gituza hamubabaza.","Iyo {REL} ahumetse cyane, arumva mu gituza hamubabaza."
"Mumbabarire, ndashaka kubabwira ikibazo mfite. Mfite ikibazo ku mutwe kandi kirimo guterwa n'urumuri kuva ijoro ryashize biragenda bikagaruka. Ntabasha kubona amafaranga yo kongera kuza kwa muganga.",kinyarwanda,URGENT,neurological,kinyarwanda->kinyarwanda:URGENT:neurological,Mfite ikibazo ku mutwe kandi kirimo guterwa n'urumuri.,Mfite ikibazo ku mutwe kandi kirimo guterwa n'urumuri.
Ndashaka kugirwa inama ku mazi yo kunywa kuva hashize icyumweru kandi ndahangayitse. Naje mvuye kure.,kinyarwanda,ROUTINE,preventive,kinyarwanda->kinyarwanda:ROUTINE:preventive,Ndashaka kugirwa inama ku mazi yo kunywa.,Ndashaka kugirwa inama ku mazi yo kunywa.
"Mfasha vuba, mushiki wanjye ari kubyara ariko umugozi w'umwana wabanje gusohoka kuva ijoro ryashize kandi nta miti mfite. Ese ibi birakomeye?",kinyarwanda,CRITICAL,obstetric,kinyarwanda->kinyarwanda:CRITICAL:obstetric,{REL} ari kubyara ariko umugozi w'umwana wabanje gusohoka.,Ndabyara ariko habanje gusohoka umugozi w'umwana.
"Umugabo wanjye afite ibimenyetso bya malariya, umuriro n'imbeho kuva mu cyumweru gishize kandi birushaho kuba bibi",kinyarwanda,URGENT,infectious_fever,kinyarwanda->kinyarwanda:URGENT:infectious_fever,"{REL} afite ibimenyetso bya malariya, umuriro n'imbeho.","Mfite ibimenyetso bya malariya, umuriro n'imbeho."
"Nzanye umwana wanjye, mfite igisebe ku kirenge kidakira kandi mfite diyabete kuva ejo kandi birushaho kuba bibi. Naje mvuye kure.",kinyarwanda,URGENT,chronic_care,kinyarwanda->kinyarwanda:URGENT:chronic_care,Mfite igisebe ku kirenge kidakira kandi mfite diyabete.,Mfite igisebe ku kirenge kidakira kandi mfite diyabete.
Umugore wanjye afite igisebe ku kirenge kidakira kandi afite diyabete kuva mu gitondo kandi nta miti mfite. Ntabasha kubona amafaranga yo kongera kuza kwa muganga.,kinyarwanda,URGENT,chronic_care,kinyarwanda->kinyarwanda:URGENT:chronic_care,{REL} afite igisebe ku kirenge kidakira kandi afite diyabete.,Mfite igisebe ku kirenge kidakira kandi mfite diyabete.
"Simbizi niba bikomeye ariko, umugore wanjye afite igisebe ku kirenge kidakira kandi afite diyabete kuva hashize icyumweru. Ntegereze cyangwa nsuzumwe ubu?",kinyarwanda,URGENT,chronic_care,kinyarwanda->kinyarwanda:URGENT:chronic_care,{REL} afite igisebe ku kirenge kidakira kandi afite diyabete.,Mfite igisebe ku kirenge kidakira kandi mfite diyabete.
"Naje hano mbere, umwana wanjye nta miti ya SIDA afite kuva hashize iminsi ibiri kandi ndahangayitse. Urakoze.",kinyarwanda,URGENT,chronic_care,kinyarwanda->kinyarwanda:URGENT:chronic_care,{REL} nta miti ya SIDA afite.,Nta miti ya SIDA mfite.
"Nyabuneka, ndatwite kandi nagagaye kuva ubu gitondo cya kare bikarushaho nijoro. Mfasha muganga.",kinyarwanda,CRITICAL,obstetric,kinyarwanda->kinyarwanda:CRITICAL:obstetric,Ndatwite kandi nagagaye.,Ndatwite kandi nagagaye.
"Muraho, mfite igisebe ku kirenge kidakira kandi mfite diyabete kuva hashize iminsi itatu. Ntegereze cyangwa nsuzumwe ubu?",kinyarwanda,URGENT,chronic_care,kinyarwanda->kinyarwanda:URGENT:chronic_care,Mfite igisebe ku kirenge kidakira kandi mfite diyabete.,Mfite igisebe ku kirenge kidakira kandi mfite diyabete.
"Nyabuneka, mushiki wanjye ahumeka bimugora cyane kandi iminwa ye yahindutse ibara kuva hashize iminsi ibiri nta miti imfasha",kinyarwanda,CRITICAL,cardiac_respiratory,kinyarwanda->kinyarwanda:CRITICAL:cardiac_respiratory,{REL} ahumeka bimugora cyane kandi iminwa ye yahindutse ibara.,guhumeka birangora cyane kandi iminwa yanjye yahindutse ibara
"Muganga, umugabo wanjye afite impiswi zikomeye kandi yagize umwuma kuva ejo biragenda bikagaruka. Ntegereze cyangwa nsuzumwe ubu?",kinyarwanda,CRITICAL,gastrointestinal,kinyarwanda->kinyarwanda:CRITICAL:gastrointestinal,{REL} afite impiswi zikomeye kandi yagize umwuma.,{REL} afite impiswi zikomeye kandi yagize umwuma.
Ndashaka kukubwira ikibazo mfite. Umugore wanjye afite igisebe ku kirenge kidakira kandi afite diyabete kuva ijoro ryashize biragenda bikagaruka. Ndakeneye ubufasha vuba.,kinyarwanda,URGENT,chronic_care,kinyarwanda->kinyarwanda:URGENT:chronic_care,{REL} afite igisebe ku kirenge kidakira kandi afite diyabete.,Mfite igisebe ku kirenge kidakira kandi mfite diyabete.
"Mfasha vuba, maze iminsi itatu ndwaye impiswi zikomeye kuva hashize iminsi itatu kandi sinshobora gusinzira. Nkora iki?",kinyarwanda,URGENT,gastrointestinal,kinyarwanda->kinyarwanda:URGENT:gastrointestinal,maze iminsi itatu ndwaye impiswi zikomeye,maze iminsi itatu ndwaye impiswi zikomeye
"Nzanye umwana wanjye, ndatwite kandi nagagaye kandi ndahangayitse. Naje mvuye kure.",kinyarwanda,CRITICAL,obstetric,kinyarwanda->kinyarwanda:CRITICAL:obstetric,Ndatwite kandi nagagaye.,Ndatwite kandi nagagaye.
"Muraho, mushiki wanjye ahumeka bimugora cyane kandi iminwa ye yahindutse ibara kuva hashize iminsi itatu. Naje mvuye kure.",kinyarwanda,CRITICAL,cardiac_respiratory,kinyarwanda->kinyarwanda:CRITICAL:cardiac_respiratory,{REL} ahumeka bimugora cyane kandi iminwa ye yahindutse ibara.,guhumeka birangora cyane kandi iminwa yanjye yahindutse ibara
"Mfasha, mfite igisebe ku kirenge kidakira kandi mfite diyabete kuva ijoro ryashize bikarushaho nijoro. Naje mvuye kure.",kinyarwanda,URGENT,chronic_care,kinyarwanda->kinyarwanda:URGENT:chronic_care,Mfite igisebe ku kirenge kidakira kandi mfite diyabete.,Mfite igisebe ku kirenge kidakira kandi mfite diyabete.
Mfite igisebe ku kirenge kidakira kandi mfite diyabete kuva ubu gitondo cya kare kandi birushaho kuba bibi. Ni imiti ki nafata?,kinyarwanda,URGENT,chronic_care,kinyarwanda->kinyarwanda:URGENT:chronic_care,Mfite igisebe ku kirenge kidakira kandi mfite diyabete.,Mfite igisebe ku kirenge kidakira kandi mfite diyabete.
"Nzanye umwana wanjye, papa afite ibimenyetso bya malariya, umuriro n'imbeho kuva mu cyumweru gishize. Byatangiye gitunguranye. Ntegereze cyangwa nsuzumwe ubu?",kinyarwanda,URGENT,infectious_fever,kinyarwanda->kinyarwanda:URGENT:infectious_fever,"{REL} afite ibimenyetso bya malariya, umuriro n'imbeho.","Mfite ibimenyetso bya malariya, umuriro n'imbeho."
Ndashaka kukubwira ikibazo mfite. Umwana wanjye nta miti ya SIDA afite kuva mu cyumweru gishize nta miti imfasha. Nkora iki?,kinyarwanda,URGENT,chronic_care,kinyarwanda->kinyarwanda:URGENT:chronic_care,{REL} nta miti ya SIDA afite.,Nta miti ya SIDA mfite.
"Simbizi niba bikomeye ariko, ndatwite kandi nagagaye kuva ubu gitondo cya kare kandi sinshobora gusinzira. Nkora iki?",kinyarwanda,CRITICAL,obstetric,kinyarwanda->kinyarwanda:CRITICAL:obstetric,Ndatwite kandi nagagaye.,Ndatwite kandi nagagaye.
"Ndakeneye ubufasha, umuvuduko w'amaraso wanjye wazamutse cyane kandi umutwe urandya cyane kuva ubu gitondo cya kare biragenda bikagaruka. Ntabasha kubona amafaranga yo kongera kuza kwa muganga.",kinyarwanda,URGENT,chronic_care,kinyarwanda->kinyarwanda:URGENT:chronic_care,Umuvuduko w'amaraso wanjye wazamutse cyane kandi umutwe urandya cyane.,Umuvuduko w'amaraso wanjye wazamutse cyane kandi umutwe urandya cyane.
Ndashaka kukubwira ikibazo mfite. Mama nta miti ya SIDA afite kuva hashize iminsi itatu biragenda bikagaruka. Ntabasha kubona amafaranga yo kongera kuza kwa muganga.,kinyarwanda,URGENT,chronic_care,kinyarwanda->kinyarwanda:URGENT:chronic_care,{REL} nta miti ya SIDA afite.,Nta miti ya SIDA mfite.
"Naje hano mbere, umugore wanjye yabyimbye ibirenge kandi ntashobora guhumeka neza iyo aragaramye kuva mu gitondo. Byatangiye gitunguranye.",kinyarwanda,URGENT,chronic_care,kinyarwanda->kinyarwanda:URGENT:chronic_care,{REL} yabyimbye ibirenge kandi ntashobora guhumeka neza iyo aragaramye.,Nabyimbye ibirenge kandi sinshobora guhumeka neza iyo ndagaramye.
"Mfasha vuba, iyo mushiki wanjye ahumetse cyane, arumva mu gituza hamubabaza kuva mu cyumweru gishize kandi nta miti mfite",kinyarwanda,URGENT,cardiac_respiratory,kinyarwanda->kinyarwanda:URGENT:cardiac_respiratory,"Iyo {REL} ahumetse cyane, arumva mu gituza hamubabaza.","Iyo {REL} ahumetse cyane, arumva mu gituza hamubabaza."
"Nzanye umwana wanjye, mu rugo hari umuntu urwaye igituntu kandi ndashaka kwisuzumisha kuva mu cyumweru gishize bikarushaho nijoro. Ndakeneye ubufasha vuba.",kinyarwanda,URGENT,preventive,kinyarwanda->kinyarwanda:URGENT:preventive,Mu rugo hari umuntu urwaye igituntu kandi ndashaka kwisuzumisha.,Mu rugo hari umuntu urwaye igituntu kandi ndashaka kwisuzumisha.
"Mumbabarire, ndashaka kubabwira ikibazo mfite. Umuturanyi wanjye afite gahunda yo gukingiza umwana kuva mu cyumweru gishize. Mfasha muganga.",kinyarwanda,ROUTINE,preventive,kinyarwanda->kinyarwanda:ROUTINE:preventive,{REL} afite gahunda yo gukingiza umwana.,Mfite gahunda yo gukingiza umwana.
"Simbizi niba bikomeye ariko, mfite ikibazo ku mutwe kandi kirimo guterwa n'urumuri kuva hashize iminsi ibiri kandi sinshobora gusinzira. Naje mvuye kure.",kinyarwanda,URGENT,neurological,kinyarwanda->kinyarwanda:URGENT:neurological,Mfite ikibazo ku mutwe kandi kirimo guterwa n'urumuri.,Mfite ikibazo ku mutwe kandi kirimo guterwa n'urumuri.
"Simbizi niba bikomeye ariko, mfite ikibazo ku mutwe kandi kirimo guterwa n'urumuri kuva mu cyumweru gishize kandi nta miti mfite. Nkora iki?",kinyarwanda,URGENT,neurological,kinyarwanda->kinyarwanda:URGENT:neurological,Mfite ikibazo ku mutwe kandi kirimo guterwa n'urumuri.,Mfite ikibazo ku mutwe kandi kirimo guterwa n'urumuri.
"Mfasha, maze iminsi itatu ndwaye impiswi zikomeye kuva hashize iminsi itatu kandi sinshobora gusinzira. Ntabasha kubona amafaranga yo kongera kuza kwa muganga.",kinyarwanda,URGENT,gastrointestinal,kinyarwanda->kinyarwanda:URGENT:gastrointestinal,maze iminsi itatu ndwaye impiswi zikomeye,maze iminsi itatu ndwaye impiswi zikomeye
"Mfasha, ndashaka kugirwa inama ku mazi yo kunywa kuva ubu gitondo cya kare. Abandi bana na bo bafite iki kibazo. Murakoze.",kinyarwanda,ROUTINE,preventive,kinyarwanda->kinyarwanda:ROUTINE:preventive,Ndashaka kugirwa inama ku mazi yo kunywa.,Ndashaka kugirwa inama ku mazi yo kunywa.
"Nyabuneka, ndashaka kugirwa inama ku mazi yo kunywa kuva mu masaha abiri ashize. Abandi bana na bo bafite iki kibazo. Urakoze.",kinyarwanda,ROUTINE,preventive,kinyarwanda->kinyarwanda:ROUTINE:preventive,Ndashaka kugirwa inama ku mazi yo kunywa.,Ndashaka kugirwa inama ku mazi yo kunywa.
"Simbizi niba bikomeye ariko, mu rugo hari umuntu urwaye igituntu kandi ndashaka kwisuzumisha kuva mu masaha abiri ashize. Abandi bana na bo bafite iki kibazo. Ntegereze cyangwa nsuzumwe ubu?",kinyarwanda,URGENT,preventive,kinyarwanda->kinyarwanda:URGENT:preventive,Mu rugo hari umuntu urwaye igituntu kandi ndashaka kwisuzumisha.,Mu rugo hari umuntu urwaye igituntu kandi ndashaka kwisuzumisha.
"Mumbabarire, ndashaka kubabwira ikibazo mfite. Mu rugo hari umuntu urwaye igituntu kandi papa ashaka kwisuzumisha kuva hashize iminsi itatu. Byatangiye gitunguranye. Ndakeneye ubufasha vuba.",kinyarwanda,URGENT,preventive,kinyarwanda->kinyarwanda:URGENT:preventive,Mu rugo hari umuntu urwaye igituntu kandi {REL} ashaka kwisuzumisha.,Mu rugo hari umuntu urwaye igituntu kandi ndashaka kwisuzumisha.
"Simbizi niba bikomeye ariko, mushiki wanjye ari kubyara ariko umugozi w'umwana wabanje gusohoka kuva ejo biragenda bikagaruka. Mfasha muganga.",kinyarwanda,CRITICAL,obstetric,kinyarwanda->kinyarwanda:CRITICAL:obstetric,{REL} ari kubyara ariko umugozi w'umwana wabanje gusohoka.,Ndabyara ariko habanje gusohoka umugozi w'umwana.
"Nyabuneka, umwana wanjye afite ibimenyetso bya malariya, umuriro n'imbeho kuva mu masaha abiri ashize kandi nta miti mfite. Naje mvuye kure.",kinyarwanda,URGENT,infectious_fever,kinyarwanda->kinyarwanda:URGENT:infectious_fever,"{REL} afite ibimenyetso bya malariya, umuriro n'imbeho.","Mfite ibimenyetso bya malariya, umuriro n'imbeho."
"Mfasha, umuturanyi wanjye ari kubyara ariko umugozi w'umwana wabanje gusohoka kandi sinshobora gusinzira. Ni imiti ki nafata?",kinyarwanda,CRITICAL,obstetric,kinyarwanda->kinyarwanda:CRITICAL:obstetric,{REL} ari kubyara ariko umugozi w'umwana wabanje gusohoka.,Ndabyara ariko habanje gusohoka umugozi w'umwana.
"Ndashaka kukubwira ikibazo mfite. Umwana wanjye afite ibimenyetso bya malariya, umuriro n'imbeho kuva ubu gitondo cya kare. Abandi bana na bo bafite iki kibazo. Mfasha muganga.",kinyarwanda,URGENT,infectious_fever,kinyarwanda->kinyarwanda:URGENT:infectious_fever,"{REL} afite ibimenyetso bya malariya, umuriro n'imbeho.","Mfite ibimenyetso bya malariya, umuriro n'imbeho."
Maze umunsi wose mbabara ngerageza kubyara ariko umwana ntarasohoka kuva hashize iminsi ibiri. Byatangiye gitunguranye. Ndakeneye ubufasha vuba.,kinyarwanda,CRITICAL,obstetric,kinyarwanda->kinyarwanda:CRITICAL:obstetric,Maze umunsi wose mbabara ngerageza kubyara ariko umwana ntarasohoka.,Maze umunsi wose mbabara ngerageza kubyara ariko umwana ntarasohoka.
Ndashaka kukubwira ikibazo mfite. Umugore wanjye nta miti ya SIDA afite kuva ejo biragenda bikagaruka. Mfasha muganga.,kinyarwanda,URGENT,chronic_care,kinyarwanda->kinyarwanda:URGENT:chronic_care,{REL} nta miti ya SIDA afite.,Nta miti ya SIDA mfite.
"Ndakeneye ubufasha, umukecuru nta miti ya SIDA afite kuva mu masaha abiri ashize biragenda bikagaruka. Ndakeneye ubufasha vuba.",kinyarwanda,URGENT,chronic_care,kinyarwanda->kinyarwanda:URGENT:chronic_care,{REL} nta miti ya SIDA afite.,Nta miti ya SIDA mfite.
"Mfasha vuba, mfite igisebe ku kirenge kidakira kandi mfite diyabete kuva hashize icyumweru kandi sinshobora gusinzira. Ni imiti ki nafata?",kinyarwanda,URGENT,chronic_care,kinyarwanda->kinyarwanda:URGENT:chronic_care,Mfite igisebe ku kirenge kidakira kandi mfite diyabete.,Mfite igisebe ku kirenge kidakira kandi mfite diyabete.
"Ndakeneye ubufasha, ndashaka kugirwa inama ku mazi yo kunywa kuva ijoro ryashize nta miti imfasha. Ndakeneye ubufasha vuba.",kinyarwanda,ROUTINE,preventive,kinyarwanda->kinyarwanda:ROUTINE:preventive,Ndashaka kugirwa inama ku mazi yo kunywa.,Ndashaka kugirwa inama ku mazi yo kunywa.
"Umukecuru afite ibimenyetso bya malariya, umuriro n'imbeho kuva mu cyumweru gishize kandi sinshobora gusinzira",kinyarwanda,URGENT,infectious_fever,kinyarwanda->kinyarwanda:URGENT:infectious_fever,"{REL} afite ibimenyetso bya malariya, umuriro n'imbeho.","Mfite ibimenyetso bya malariya, umuriro n'imbeho."
Ndashaka kukubwira ikibazo mfite. Umugore wanjye afite igisebe ku kirenge kidakira kandi afite diyabete kandi nta miti mfite. Ndakeneye ubufasha vuba.,kinyarwanda,URGENT,chronic_care,kinyarwanda->kinyarwanda:URGENT:chronic_care,{REL} afite igisebe ku kirenge kidakira kandi afite diyabete.,Mfite igisebe ku kirenge kidakira kandi mfite diyabete.
"Mumbabarire, ndashaka kubabwira ikibazo mfite. Mama yabyimbye ibirenge kandi ntashobora guhumeka neza iyo aragaramye kuva hashize iminsi itatu. Byatangiye gitunguranye. Ntegereze cyangwa nsuzumwe ubu?",kinyarwanda,URGENT,chronic_care,kinyarwanda->kinyarwanda:URGENT:chronic_care,{REL} yabyimbye ibirenge kandi ntashobora guhumeka neza iyo aragaramye.,Nabyimbye ibirenge kandi sinshobora guhumeka neza iyo ndagaramye.
"Ndakeneye ubufasha, maze iminsi itatu ndwaye impiswi zikomeye kuva hashize icyumweru bikarushaho nijoro. Ntegereze cyangwa nsuzumwe ubu?",kinyarwanda,URGENT,gastrointestinal,kinyarwanda->kinyarwanda:URGENT:gastrointestinal,maze iminsi itatu ndwaye impiswi zikomeye,maze iminsi itatu ndwaye impiswi zikomeye
"Ndakeneye ubufasha, umuturanyi wanjye afite impiswi zikomeye kandi yagize umwuma kuva ejo kandi ndahangayitse. Nkora iki?",kinyarwanda,CRITICAL,gastrointestinal,kinyarwanda->kinyarwanda:CRITICAL:gastrointestinal,{REL} afite impiswi zikomeye kandi yagize umwuma.,{REL} afite impiswi zikomeye kandi yagize umwuma.
"Ndakeneye ubufasha, mu rugo hari umuntu urwaye igituntu kandi mama ashaka kwisuzumisha kuva ijoro ryashize biragenda bikagaruka",kinyarwanda,URGENT,preventive,kinyarwanda->kinyarwanda:URGENT:preventive,Mu rugo hari umuntu urwaye igituntu kandi {REL} ashaka kwisuzumisha.,Mu rugo hari umuntu urwaye igituntu kandi ndashaka kwisuzumisha.
"Simbizi niba bikomeye ariko, mama ari kubyara ariko umugozi w'umwana wabanje gusohoka. Abandi bana na bo bafite iki kibazo. Ni imiti ki nafata?",kinyarwanda,CRITICAL,obstetric,kinyarwanda->kinyarwanda:CRITICAL:obstetric,{REL} ari kubyara ariko umugozi w'umwana wabanje gusohoka.,Ndabyara ariko habanje gusohoka umugozi w'umwana.
"Muraho, umuturanyi wanjye ari kubyara ariko umugozi w'umwana wabanje gusohoka kuva hashize iminsi ibiri nta miti imfasha. Mfasha muganga.",kinyarwanda,CRITICAL,obstetric,kinyarwanda->kinyarwanda:CRITICAL:obstetric,{REL} ari kubyara ariko umugozi w'umwana wabanje gusohoka.,Ndabyara ariko habanje gusohoka umugozi w'umwana.
Ndashaka kukubwira ikibazo mfite. Umuturanyi wanjye ari kubyara ariko umugozi w'umwana wabanje gusohoka kuva hashize iminsi itatu kandi birushaho kuba bibi. Ntabasha kubona amafaranga yo kongera kuza kwa muganga.,kinyarwanda,CRITICAL,obstetric,kinyarwanda->kinyarwanda:CRITICAL:obstetric,{REL} ari kubyara ariko umugozi w'umwana wabanje gusohoka.,Ndabyara ariko habanje gusohoka umugozi w'umwana.
"Muganga, mfite ikibazo ku mutwe kandi kirimo guterwa n'urumuri kuva mu masaha abiri ashize. Byatangiye gitunguranye. Ni imiti ki nafata?",kinyarwanda,URGENT,neurological,kinyarwanda->kinyarwanda:URGENT:neurological,Mfite ikibazo ku mutwe kandi kirimo guterwa n'urumuri.,Mfite ikibazo ku mutwe kandi kirimo guterwa n'urumuri.
"Naje hano mbere, iyo umugore wanjye ahumetse cyane, arumva mu gituza hamubabaza kuva ubu gitondo cya kare. Byatangiye gitunguranye. Ni imiti ki nafata?",kinyarwanda,URGENT,cardiac_respiratory,kinyarwanda->kinyarwanda:URGENT:cardiac_respiratory,"Iyo {REL} ahumetse cyane, arumva mu gituza hamubabaza.","Iyo {REL} ahumetse cyane, arumva mu gituza hamubabaza."
"Nyabuneka, ndatwite kandi nagagaye kuva mu cyumweru gishize. Abandi bana na bo bafite iki kibazo. Naje mvuye kure.",kinyarwanda,CRITICAL,obstetric,kinyarwanda->kinyarwanda:CRITICAL:obstetric,Ndatwite kandi nagagaye.,Ndatwite kandi nagagaye.
"Mfasha, mfite umuhaha kuva mu masaha abiri ashize kandi ndahangayitse. Urakoze.",kinyarwanda,URGENT,paediatric,kinyarwanda->kinyarwanda:URGENT:paediatric,Mfite umuhaha.,Mfite umuhaha.
"Muganga, umuturanyi wanjye ari kubyara ariko umugozi w'umwana wabanje gusohoka kuva hashize iminsi ibiri kandi nta miti mfite. Ndakeneye ubufasha vuba.",kinyarwanda,CRITICAL,obstetric,kinyarwanda->kinyarwanda:CRITICAL:obstetric,{REL} ari kubyara ariko umugozi w'umwana wabanje gusohoka.,Ndabyara ariko habanje gusohoka umugozi w'umwana.
Mfite igisebe ku kirenge kidakira kandi mfite diyabete kuva ijoro ryashize nta miti imfasha. Naje mvuye kure.,kinyarwanda,URGENT,chronic_care,kinyarwanda->kinyarwanda:URGENT:chronic_care,Mfite igisebe ku kirenge kidakira kandi mfite diyabete.,Mfite igisebe ku kirenge kidakira kandi mfite diyabete.
"Simbizi niba bikomeye ariko, umwana wanjye nta miti ya SIDA afite kuva mu masaha abiri ashize. Byatangiye gitunguranye. Naje mvuye kure.",kinyarwanda,URGENT,chronic_care,kinyarwanda->kinyarwanda:URGENT:chronic_care,{REL} nta miti ya SIDA afite.,Nta miti ya SIDA mfite.
"Ndakeneye ubufasha, mama afite impiswi zikomeye kandi yagize umwuma kuva ijoro ryashize nta miti imfasha. Nkora iki?",kinyarwanda,CRITICAL,gastrointestinal,kinyarwanda->kinyarwanda:CRITICAL:gastrointestinal,{REL} afite impiswi zikomeye kandi yagize umwuma.,{REL} afite impiswi zikomeye kandi yagize umwuma.
"Mfasha, mfite umuhaha kuva ubu gitondo cya kare nta miti imfasha. Ndakeneye ubufasha vuba.",kinyarwanda,URGENT,paediatric,kinyarwanda->kinyarwanda:URGENT:paediatric,Mfite umuhaha.,Mfite umuhaha.
"Nyabuneka, mfite ikibazo ku mutwe kandi kirimo guterwa n'urumuri kuva ubu gitondo cya kare bikarushaho nijoro. Nkora iki?",kinyarwanda,URGENT,neurological,kinyarwanda->kinyarwanda:URGENT:neurological,Mfite ikibazo ku mutwe kandi kirimo guterwa n'urumuri.,Mfite ikibazo ku mutwe kandi kirimo guterwa n'urumuri.
"Muganga, umuvuduko w'amaraso wanjye wazamutse cyane kandi umutwe urandya cyane kandi ndahangayitse. Ni imiti ki nafata?",kinyarwanda,URGENT,chronic_care,kinyarwanda->kinyarwanda:URGENT:chronic_care,Umuvuduko w'amaraso wanjye wazamutse cyane kandi umutwe urandya cyane.,Umuvuduko w'amaraso wanjye wazamutse cyane kandi umutwe urandya cyane.
"Nyabuneka, mushiki wanjye ari kubyara ariko umugozi w'umwana wabanje gusohoka. Byatangiye gitunguranye. Ni imiti ki nafata?",kinyarwanda,CRITICAL,obstetric,kinyarwanda->kinyarwanda:CRITICAL:obstetric,{REL} ari kubyara ariko umugozi w'umwana wabanje gusohoka.,Ndabyara ariko habanje gusohoka umugozi w'umwana.
Ndashaka kugirwa inama ku mazi yo kunywa kuva mu cyumweru gishize biragenda bikagaruka. Murakoze.,kinyarwanda,ROUTINE,preventive,kinyarwanda->kinyarwanda:ROUTINE:preventive,Ndashaka kugirwa inama ku mazi yo kunywa.,Ndashaka kugirwa inama ku mazi yo kunywa.
"Muraho, maze umunsi wose mbabara ngerageza kubyara ariko umwana ntarasohoka kuva hashize icyumweru kandi ndahangayitse. Ntegereze cyangwa nsuzumwe ubu?",kinyarwanda,CRITICAL,obstetric,kinyarwanda->kinyarwanda:CRITICAL:obstetric,Maze umunsi wose mbabara ngerageza kubyara ariko umwana ntarasohoka.,Maze umunsi wose mbabara ngerageza kubyara ariko umwana ntarasohoka.
"Simbizi niba bikomeye ariko, umukecuru afite igisebe ku kirenge kidakira kandi afite diyabete kuva hashize iminsi ibiri",kinyarwanda,URGENT,chronic_care,kinyarwanda->kinyarwanda:URGENT:chronic_care,{REL} afite igisebe ku kirenge kidakira kandi afite diyabete.,Mfite igisebe ku kirenge kidakira kandi mfite diyabete.
"Mumbabarire, ndashaka kubabwira ikibazo mfite. Ndashaka kugirwa inama ku mazi yo kunywa kuva mu cyumweru gishize biragenda bikagaruka. Nkora iki?",kinyarwanda,ROUTINE,preventive,kinyarwanda->kinyarwanda:ROUTINE:preventive,Ndashaka kugirwa inama ku mazi yo kunywa.,Ndashaka kugirwa inama ku mazi yo kunywa.
"Mfasha vuba, mushiki wanjye ahumeka bimugora cyane kandi iminwa ye yahindutse ibara kuva ijoro ryashize. Ese ibi birakomeye?",kinyarwanda,CRITICAL,cardiac_respiratory,kinyarwanda->kinyarwanda:CRITICAL:cardiac_respiratory,{REL} ahumeka bimugora cyane kandi iminwa ye yahindutse ibara.,guhumeka birangora cyane kandi iminwa yanjye yahindutse ibara
Umugabo wanjye afite impiswi zikomeye kandi yagize umwuma kuva hashize iminsi itatu. Byatangiye gitunguranye. Ni imiti ki nafata?,kinyarwanda,CRITICAL,gastrointestinal,kinyarwanda->kinyarwanda:CRITICAL:gastrointestinal,{REL} afite impiswi zikomeye kandi yagize umwuma.,{REL} afite impiswi zikomeye kandi yagize umwuma.
"Mumbabarire, ndashaka kubabwira ikibazo mfite. Umuvuduko w'amaraso wanjye wazamutse cyane kandi umutwe urandya cyane kuva hashize iminsi ibiri. Byatangiye gitunguranye. Mfasha muganga.",kinyarwanda,URGENT,chronic_care,kinyarwanda->kinyarwanda:URGENT:chronic_care,Umuvuduko w'amaraso wanjye wazamutse cyane kandi umutwe urandya cyane.,Umuvuduko w'amaraso wanjye wazamutse cyane kandi umutwe urandya cyane.
"Naje hano mbere, mu rugo hari umuntu urwaye igituntu kandi umuturanyi wanjye ashaka kwisuzumisha kuva hashize icyumweru biragenda bikagaruka. Urakoze.",kinyarwanda,URGENT,preventive,kinyarwanda->kinyarwanda:URGENT:preventive,Mu rugo hari umuntu urwaye igituntu kandi {REL} ashaka kwisuzumisha.,Mu rugo hari umuntu urwaye igituntu kandi ndashaka kwisuzumisha.
"Nzanye umwana wanjye, mfite umuhaha kuva mu masaha abiri ashize kandi ndahangayitse. Ntabasha kubona amafaranga yo kongera kuza kwa muganga.",kinyarwanda,URGENT,paediatric,kinyarwanda->kinyarwanda:URGENT:paediatric,Mfite umuhaha.,Mfite umuhaha.
"Muraho, maze umunsi wose mbabara ngerageza kubyara ariko umwana ntarasohoka kuva mu masaha abiri ashize kandi sinshobora gusinzira. Naje mvuye kure.",kinyarwanda,CRITICAL,obstetric,kinyarwanda->kinyarwanda:CRITICAL:obstetric,Maze umunsi wose mbabara ngerageza kubyara ariko umwana ntarasohoka.,Maze umunsi wose mbabara ngerageza kubyara ariko umwana ntarasohoka.
"Nyabuneka, umuvuduko w'amaraso wanjye wazamutse cyane kandi umutwe urandya cyane kuva hashize iminsi ibiri kandi sinshobora gusinzira. Ntabasha kubona amafaranga yo kongera kuza kwa muganga.",kinyarwanda,URGENT,chronic_care,kinyarwanda->kinyarwanda:URGENT:chronic_care,Umuvuduko w'amaraso wanjye wazamutse cyane kandi umutwe urandya cyane.,Umuvuduko w'amaraso wanjye wazamutse cyane kandi umutwe urandya cyane.
"Nzanye umwana wanjye, umwana wanjye arababara cyane mu nda kandi ububabare ntibuhagarara kandi nta miti mfite. Naje mvuye kure.",kinyarwanda,URGENT,gastrointestinal,kinyarwanda->kinyarwanda:URGENT:gastrointestinal,{REL} arababara cyane mu nda kandi ububabare ntibuhagarara.,Inda irandya cyane kandi ububabare ntibuhagarara.
"Simbizi niba bikomeye ariko, umuturanyi wanjye afite gahunda yo gukingiza umwana. Byatangiye gitunguranye. Ntabasha kubona amafaranga yo kongera kuza kwa muganga.",kinyarwanda,ROUTINE,preventive,kinyarwanda->kinyarwanda:ROUTINE:preventive,{REL} afite gahunda yo gukingiza umwana.,Mfite gahunda yo gukingiza umwana.
"Muraho, mfite ikibazo ku mutwe kandi kirimo guterwa n'urumuri kuva ijoro ryashize kandi ndahangayitse. Murakoze.",kinyarwanda,URGENT,neurological,kinyarwanda->kinyarwanda:URGENT:neurological,Mfite ikibazo ku mutwe kandi kirimo guterwa n'urumuri.,Mfite ikibazo ku mutwe kandi kirimo guterwa n'urumuri.
"Nzanye umwana wanjye, umugabo wanjye nta miti ya SIDA afite kuva mu gitondo kandi birushaho kuba bibi",kinyarwanda,URGENT,chronic_care,kinyarwanda->kinyarwanda:URGENT:chronic_care,{REL} nta miti ya SIDA afite.,Nta miti ya SIDA mfite.
"Muganga, umugabo wanjye afite impiswi zikomeye kandi yagize umwuma kuva hashize icyumweru. Ndakeneye ubufasha vuba.",kinyarwanda,CRITICAL,gastrointestinal,kinyarwanda->kinyarwanda:CRITICAL:gastrointestinal,{REL} afite impiswi zikomeye kandi yagize umwuma.,{REL} afite impiswi zikomeye kandi yagize umwuma.
"Nyabuneka, papa afite impiswi zikomeye kandi yagize umwuma kuva hashize icyumweru nta miti imfasha. Mfasha muganga.",kinyarwanda,CRITICAL,gastrointestinal,kinyarwanda->kinyarwanda:CRITICAL:gastrointestinal,{REL} afite impiswi zikomeye kandi yagize umwuma.,{REL} afite impiswi zikomeye kandi yagize umwuma.
"Simbizi niba bikomeye ariko, iyo umugore wanjye ahumetse cyane, arumva mu gituza hamubabaza kuva mu gitondo. Ni imiti ki nafata?",kinyarwanda,URGENT,cardiac_respiratory,kinyarwanda->kinyarwanda:URGENT:cardiac_respiratory,"Iyo {REL} ahumetse cyane, arumva mu gituza hamubabaza.","Iyo {REL} ahumetse cyane, arumva mu gituza hamubabaza."
"Mfasha, iyo umukecuru ahumetse cyane, arumva mu gituza hamubabaza kuva ijoro ryashize nta miti imfasha. Ntegereze cyangwa nsuzumwe ubu?",kinyarwanda,URGENT,cardiac_respiratory,kinyarwanda->kinyarwanda:URGENT:cardiac_respiratory,"Iyo {REL} ahumetse cyane, arumva mu gituza hamubabaza.","Iyo {REL} ahumetse cyane, arumva mu gituza hamubabaza."
"Mfasha, mfite ikibazo ku mutwe kandi kirimo guterwa n'urumuri kuva ejo kandi ndahangayitse. Murakoze.",kinyarwanda,URGENT,neurological,kinyarwanda->kinyarwanda:URGENT:neurological,Mfite ikibazo ku mutwe kandi kirimo guterwa n'urumuri.,Mfite ikibazo ku mutwe kandi kirimo guterwa n'urumuri.
"Muraho, umugore wanjye afite igisebe ku kirenge kidakira kandi afite diyabete kuva mu gitondo. Abandi bana na bo bafite iki kibazo. Ni imiti ki nafata?",kinyarwanda,URGENT,chronic_care,kinyarwanda->kinyarwanda:URGENT:chronic_care,{REL} afite igisebe ku kirenge kidakira kandi afite diyabete.,Mfite igisebe ku kirenge kidakira kandi mfite diyabete.
"Nzanye umwana wanjye, umukecuru nta miti ya SIDA afite kandi sinshobora gusinzira. Urakoze.",kinyarwanda,URGENT,chronic_care,kinyarwanda->kinyarwanda:URGENT:chronic_care,{REL} nta miti ya SIDA afite.,Nta miti ya SIDA mfite.
"Mumbabarire, ndashaka kubabwira ikibazo mfite. Umugabo wanjye afite igisebe ku kirenge kidakira kandi afite diyabete kuva mu masaha abiri ashize. Byatangiye gitunguranye. Ndakeneye ubufasha vuba.",kinyarwanda,URGENT,chronic_care,kinyarwanda->kinyarwanda:URGENT:chronic_care,{REL} afite igisebe ku kirenge kidakira kandi afite diyabete.,Mfite igisebe ku kirenge kidakira kandi mfite diyabete.
"Nzanye umwana wanjye, mu rugo hari umuntu urwaye igituntu kandi ndashaka kwisuzumisha kuva ubu gitondo cya kare kandi sinshobora gusinzira. Mfasha muganga.",kinyarwanda,URGENT,preventive,kinyarwanda->kinyarwanda:URGENT:preventive,Mu rugo hari umuntu urwaye igituntu kandi ndashaka kwisuzumisha.,Mu rugo hari umuntu urwaye igituntu kandi ndashaka kwisuzumisha.
"Mfasha, mu rugo hari umuntu urwaye igituntu kandi umuturanyi wanjye ashaka kwisuzumisha kuva mu cyumweru gishize. Abandi bana na bo bafite iki kibazo. Urakoze.",kinyarwanda,URGENT,preventive,kinyarwanda->kinyarwanda:URGENT:preventive,Mu rugo hari umuntu urwaye igituntu kandi {REL} ashaka kwisuzumisha.,Mu rugo hari umuntu urwaye igituntu kandi ndashaka kwisuzumisha.
Mama afite igisebe ku kirenge kidakira kandi afite diyabete kuva ejo. Abandi bana na bo bafite iki kibazo. Ndakeneye ubufasha vuba.,kinyarwanda,URGENT,chronic_care,kinyarwanda->kinyarwanda:URGENT:chronic_care,{REL} afite igisebe ku kirenge kidakira kandi afite diyabete.,Mfite igisebe ku kirenge kidakira kandi mfite diyabete.
"Mfasha vuba, mu rugo hari umuntu urwaye igituntu kandi ndashaka kwisuzumisha kuva mu cyumweru gishize. Nkora iki?",kinyarwanda,URGENT,preventive,kinyarwanda->kinyarwanda:URGENT:preventive,Mu rugo hari umuntu urwaye igituntu kandi ndashaka kwisuzumisha.,Mu rugo hari umuntu urwaye igituntu kandi ndashaka kwisuzumisha.
"Simbizi niba bikomeye ariko, ndatwite kandi nagagaye kuva ejo nta miti imfasha. Ndakeneye ubufasha vuba.",kinyarwanda,CRITICAL,obstetric,kinyarwanda->kinyarwanda:CRITICAL:obstetric,Ndatwite kandi nagagaye.,Ndatwite kandi nagagaye.
"Ndakeneye ubufasha, umuvuduko w'amaraso wanjye wazamutse cyane kandi umutwe urandya cyane kuva ejo biragenda bikagaruka. Urakoze.",kinyarwanda,URGENT,chronic_care,kinyarwanda->kinyarwanda:URGENT:chronic_care,Umuvuduko w'amaraso wanjye wazamutse cyane kandi umutwe urandya cyane.,Umuvuduko w'amaraso wanjye wazamutse cyane kandi umutwe urandya cyane.
"Mfasha, umuvuduko w'amaraso wanjye wazamutse cyane kandi umutwe urandya cyane kuva hashize iminsi itatu kandi sinshobora gusinzira. Ni imiti ki nafata?",kinyarwanda,URGENT,chronic_care,kinyarwanda->kinyarwanda:URGENT:chronic_care,Umuvuduko w'amaraso wanjye wazamutse cyane kandi umutwe urandya cyane.,Umuvuduko w'amaraso wanjye wazamutse cyane kandi umutwe urandya cyane.
"Mumbabarire, ndashaka kubabwira ikibazo mfite. Umukecuru nta miti ya SIDA afite kuva ijoro ryashize. Byatangiye gitunguranye. Naje mvuye kure.",kinyarwanda,URGENT,chronic_care,kinyarwanda->kinyarwanda:URGENT:chronic_care,{REL} nta miti ya SIDA afite.,Nta miti ya SIDA mfite.
"Mumbabarire, ndashaka kubabwira ikibazo mfite. Mu rugo hari umuntu urwaye igituntu kandi umugabo wanjye ashaka kwisuzumisha kandi sinshobora gusinzira. Murakoze.",kinyarwanda,URGENT,preventive,kinyarwanda->kinyarwanda:URGENT:preventive,Mu rugo hari umuntu urwaye igituntu kandi {REL} ashaka kwisuzumisha.,Mu rugo hari umuntu urwaye igituntu kandi ndashaka kwisuzumisha.
"Naje hano mbere, mu rugo hari umuntu urwaye igituntu kandi ndashaka kwisuzumisha kuva mu gitondo. Abandi bana na bo bafite iki kibazo. Urakoze.",kinyarwanda,URGENT,preventive,kinyarwanda->kinyarwanda:URGENT:preventive,Mu rugo hari umuntu urwaye igituntu kandi ndashaka kwisuzumisha.,Mu rugo hari umuntu urwaye igituntu kandi ndashaka kwisuzumisha.
"Ndakeneye ubufasha, iyo mushiki wanjye ahumetse cyane, arumva mu gituza hamubabaza kuva ijoro ryashize kandi nta miti mfite. Naje mvuye kure.",kinyarwanda,URGENT,cardiac_respiratory,kinyarwanda->kinyarwanda:URGENT:cardiac_respiratory,"Iyo {REL} ahumetse cyane, arumva mu gituza hamubabaza.","Iyo {REL} ahumetse cyane, arumva mu gituza hamubabaza."
"Nyabuneka, mu rugo hari umuntu urwaye igituntu kandi ndashaka kwisuzumisha kuva mu gitondo kandi ndahangayitse. Murakoze.",kinyarwanda,URGENT,preventive,kinyarwanda->kinyarwanda:URGENT:preventive,Mu rugo hari umuntu urwaye igituntu kandi ndashaka kwisuzumisha.,Mu rugo hari umuntu urwaye igituntu kandi ndashaka kwisuzumisha.
"Naje hano mbere, umuvuduko w'amaraso wanjye wazamutse cyane kandi umutwe urandya cyane kuva mu gitondo kandi ndahangayitse. Ntabasha kubona amafaranga yo kongera kuza kwa muganga.",kinyarwanda,URGENT,chronic_care,kinyarwanda->kinyarwanda:URGENT:chronic_care,Umuvuduko w'amaraso wanjye wazamutse cyane kandi umutwe urandya cyane.,Umuvuduko w'amaraso wanjye wazamutse cyane kandi umutwe urandya cyane.
"Mfasha vuba, mfite igisebe ku kirenge kidakira kandi mfite diyabete kuva ubu gitondo cya kare kandi sinshobora gusinzira. Nkora iki?",kinyarwanda,URGENT,chronic_care,kinyarwanda->kinyarwanda:URGENT:chronic_care,Mfite igisebe ku kirenge kidakira kandi mfite diyabete.,Mfite igisebe ku kirenge kidakira kandi mfite diyabete.
"Naje hano mbere, ndashaka kugirwa inama ku mazi yo kunywa kuva mu cyumweru gishize kandi ndahangayitse. Murakoze.",kinyarwanda,ROUTINE,preventive,kinyarwanda->kinyarwanda:ROUTINE:preventive,Ndashaka kugirwa inama ku mazi yo kunywa.,Ndashaka kugirwa inama ku mazi yo kunywa.
"Muganga, mushiki wanjye afite igisebe ku kirenge kidakira kandi afite diyabete kuva ijoro ryashize. Byatangiye gitunguranye. Ntegereze cyangwa nsuzumwe ubu?",kinyarwanda,URGENT,chronic_care,kinyarwanda->kinyarwanda:URGENT:chronic_care,{REL} afite igisebe ku kirenge kidakira kandi afite diyabete.,Mfite igisebe ku kirenge kidakira kandi mfite diyabete.
"Muraho, mu rugo hari umuntu urwaye igituntu kandi umugabo wanjye ashaka kwisuzumisha kuva mu cyumweru gishize kandi nta miti mfite. Naje mvuye kure.",kinyarwanda,URGENT,preventive,kinyarwanda->kinyarwanda:URGENT:preventive,Mu rugo hari umuntu urwaye igituntu kandi {REL} ashaka kwisuzumisha.,Mu rugo hari umuntu urwaye igituntu kandi ndashaka kwisuzumisha.
"Mfasha vuba, umukecuru nta miti ya SIDA afite. Ntabasha kubona amafaranga yo kongera kuza kwa muganga.",kinyarwanda,URGENT,chronic_care,kinyarwanda->kinyarwanda:URGENT:chronic_care,{REL} nta miti ya SIDA afite.,Nta miti ya SIDA mfite.
"Simbizi niba bikomeye ariko, umwana wanjye afite impiswi zikomeye kandi yagize umwuma kuva hashize iminsi ibiri. Abandi bana na bo bafite iki kibazo.",kinyarwanda,CRITICAL,gastrointestinal,kinyarwanda->kinyarwanda:CRITICAL:gastrointestinal,{REL} afite impiswi zikomeye kandi yagize umwuma.,{REL} afite impiswi zikomeye kandi yagize umwuma.
"Nzanye umwana wanjye, umukecuru afite ibimenyetso bya malariya, umuriro n'imbeho kuva mu gitondo kandi sinshobora gusinzira. Ni imiti ki nafata?",kinyarwanda,URGENT,infectious_fever,kinyarwanda->kinyarwanda:URGENT:infectious_fever,"{REL} afite ibimenyetso bya malariya, umuriro n'imbeho.","Mfite ibimenyetso bya malariya, umuriro n'imbeho."
Mama arababara cyane mu nda kandi ububabare ntibuhagarara kuva mu masaha abiri ashize. Byatangiye gitunguranye. Murakoze.,kinyarwanda,URGENT,gastrointestinal,kinyarwanda->kinyarwanda:URGENT:gastrointestinal,{REL} arababara cyane mu nda kandi ububabare ntibuhagarara.,Inda irandya cyane kandi ububabare ntibuhagarara.
"Mumbabarire, ndashaka kubabwira ikibazo mfite. Umugore wanjye afite igisebe ku kirenge kidakira kandi afite diyabete. Byatangiye gitunguranye. Mfasha muganga.",kinyarwanda,URGENT,chronic_care,kinyarwanda->kinyarwanda:URGENT:chronic_care,{REL} afite igisebe ku kirenge kidakira kandi afite diyabete.,Mfite igisebe ku kirenge kidakira kandi mfite diyabete.
"Ndakeneye ubufasha, maze iminsi itatu ndwaye impiswi zikomeye kuva ijoro ryashize nta miti imfasha. Ni imiti ki nafata?",kinyarwanda,URGENT,gastrointestinal,kinyarwanda->kinyarwanda:URGENT:gastrointestinal,maze iminsi itatu ndwaye impiswi zikomeye,maze iminsi itatu ndwaye impiswi zikomeye
"Mumbabarire, ndashaka kubabwira ikibazo mfite. Maze umunsi wose mbabara ngerageza kubyara ariko umwana ntarasohoka kuva mu gitondo. Abandi bana na bo bafite iki kibazo. Naje mvuye kure.",kinyarwanda,CRITICAL,obstetric,kinyarwanda->kinyarwanda:CRITICAL:obstetric,Maze umunsi wose mbabara ngerageza kubyara ariko umwana ntarasohoka.,Maze umunsi wose mbabara ngerageza kubyara ariko umwana ntarasohoka.
"Naje hano mbere, mama afite ibimenyetso bya malariya, umuriro n'imbeho kuva ubu gitondo cya kare kandi ndahangayitse. Mfasha muganga.",kinyarwanda,URGENT,infectious_fever,kinyarwanda->kinyarwanda:URGENT:infectious_fever,"{REL} afite ibimenyetso bya malariya, umuriro n'imbeho.","Mfite ibimenyetso bya malariya, umuriro n'imbeho."
"Ndakeneye ubufasha, mfite ikibazo ku mutwe kandi kirimo guterwa n'urumuri kuva hashize iminsi itatu. Abandi bana na bo bafite iki kibazo. Nkora iki?",kinyarwanda,URGENT,neurological,kinyarwanda->kinyarwanda:URGENT:neurological,Mfite ikibazo ku mutwe kandi kirimo guterwa n'urumuri.,Mfite ikibazo ku mutwe kandi kirimo guterwa n'urumuri.
"Naje hano mbere, mushiki wanjye afite impiswi zikomeye kandi yagize umwuma kuva mu gitondo. Abandi bana na bo bafite iki kibazo. Ese ibi birakomeye?",kinyarwanda,CRITICAL,gastrointestinal,kinyarwanda->kinyarwanda:CRITICAL:gastrointestinal,{REL} afite impiswi zikomeye kandi yagize umwuma.,{REL} afite impiswi zikomeye kandi yagize umwuma.
Mushiki wanjye afite gahunda yo gukingiza umwana kuva hashize icyumweru. Murakoze.,kinyarwanda,ROUTINE,preventive,kinyarwanda->kinyarwanda:ROUTINE:preventive,{REL} afite gahunda yo gukingiza umwana.,Mfite gahunda yo gukingiza umwana.
Umugore wanjye afite impiswi zikomeye kandi yagize umwuma kuva hashize iminsi itatu bikarushaho nijoro. Mfasha muganga.,kinyarwanda,CRITICAL,gastrointestinal,kinyarwanda->kinyarwanda:CRITICAL:gastrointestinal,{REL} afite impiswi zikomeye kandi yagize umwuma.,{REL} afite impiswi zikomeye kandi yagize umwuma.
"Muraho, umuturanyi wanjye afite igisebe ku kirenge kidakira kandi afite diyabete kandi sinshobora gusinzira. Naje mvuye kure.",kinyarwanda,URGENT,chronic_care,kinyarwanda->kinyarwanda:URGENT:chronic_care,{REL} afite igisebe ku kirenge kidakira kandi afite diyabete.,Mfite igisebe ku kirenge kidakira kandi mfite diyabete.
"Naje hano mbere, mu rugo hari umuntu urwaye igituntu kandi umuturanyi wanjye ashaka kwisuzumisha kuva ubu gitondo cya kare nta miti imfasha. Naje mvuye kure.",kinyarwanda,URGENT,preventive,kinyarwanda->kinyarwanda:URGENT:preventive,Mu rugo hari umuntu urwaye igituntu kandi {REL} ashaka kwisuzumisha.,Mu rugo hari umuntu urwaye igituntu kandi ndashaka kwisuzumisha.
"Muraho, mfite ikibazo ku mutwe kandi kirimo guterwa n'urumuri kuva mu cyumweru gishize nta miti imfasha. Ntabasha kubona amafaranga yo kongera kuza kwa muganga.",kinyarwanda,URGENT,neurological,kinyarwanda->kinyarwanda:URGENT:neurological,Mfite ikibazo ku mutwe kandi kirimo guterwa n'urumuri.,Mfite ikibazo ku mutwe kandi kirimo guterwa n'urumuri.
"Mushiki wanjye afite ibimenyetso bya malariya, umuriro n'imbeho kuva ubu gitondo cya kare. Abandi bana na bo bafite iki kibazo. Naje mvuye kure.",kinyarwanda,URGENT,infectious_fever,kinyarwanda->kinyarwanda:URGENT:infectious_fever,"{REL} afite ibimenyetso bya malariya, umuriro n'imbeho.","Mfite ibimenyetso bya malariya, umuriro n'imbeho."
"Mfasha, maze iminsi itatu ndwaye impiswi zikomeye kuva mu gitondo bikarushaho nijoro. Ntegereze cyangwa nsuzumwe ubu?",kinyarwanda,URGENT,gastrointestinal,kinyarwanda->kinyarwanda:URGENT:gastrointestinal,maze iminsi itatu ndwaye impiswi zikomeye,maze iminsi itatu ndwaye impiswi zikomeye
Ndashaka kugirwa inama ku mazi yo kunywa kandi nta miti mfite. Ntabasha kubona amafaranga yo kongera kuza kwa muganga.,kinyarwanda,ROUTINE,preventive,kinyarwanda->kinyarwanda:ROUTINE:preventive,Ndashaka kugirwa inama ku mazi yo kunywa.,Ndashaka kugirwa inama ku mazi yo kunywa.
"Nzanye umwana wanjye, maze iminsi itatu ndwaye impiswi zikomeye kuva hashize iminsi itatu bikarushaho nijoro. Urakoze.",kinyarwanda,URGENT,gastrointestinal,kinyarwanda->kinyarwanda:URGENT:gastrointestinal,maze iminsi itatu ndwaye impiswi zikomeye,maze iminsi itatu ndwaye impiswi zikomeye
"Mfasha vuba, papa yabyimbye ibirenge kandi ntashobora guhumeka neza iyo aragaramye kuva ejo kandi nta miti mfite. Ni imiti ki nafata?",kinyarwanda,URGENT,chronic_care,kinyarwanda->kinyarwanda:URGENT:chronic_care,{REL} yabyimbye ibirenge kandi ntashobora guhumeka neza iyo aragaramye.,Nabyimbye ibirenge kandi sinshobora guhumeka neza iyo ndagaramye.
"Mfasha, mama nta miti ya SIDA afite kuva mu masaha abiri ashize nta miti imfasha",kinyarwanda,URGENT,chronic_care,kinyarwanda->kinyarwanda:URGENT:chronic_care,{REL} nta miti ya SIDA afite.,Nta miti ya SIDA mfite.
"Nyabuneka, ndatwite kandi nagagaye kuva hashize iminsi ibiri. Abandi bana na bo bafite iki kibazo. Ndakeneye ubufasha vuba.",kinyarwanda,CRITICAL,obstetric,kinyarwanda->kinyarwanda:CRITICAL:obstetric,Ndatwite kandi nagagaye.,Ndatwite kandi nagagaye.
"Naje hano mbere, mama afite impiswi zikomeye kandi yagize umwuma kuva ejo. Byatangiye gitunguranye. Ndakeneye ubufasha vuba.",kinyarwanda,CRITICAL,gastrointestinal,kinyarwanda->kinyarwanda:CRITICAL:gastrointestinal,{REL} afite impiswi zikomeye kandi yagize umwuma.,{REL} afite impiswi zikomeye kandi yagize umwuma.
Mu rugo hari umuntu urwaye igituntu kandi ndashaka kwisuzumisha kuva ubu gitondo cya kare kandi birushaho kuba bibi. Ndakeneye ubufasha vuba.,kinyarwanda,URGENT,preventive,kinyarwanda->kinyarwanda:URGENT:preventive,Mu rugo hari umuntu urwaye igituntu kandi ndashaka kwisuzumisha.,Mu rugo hari umuntu urwaye igituntu kandi ndashaka kwisuzumisha.
"Ndakeneye ubufasha, mfite umuhaha kuva hashize icyumweru kandi ndahangayitse. Urakoze.",kinyarwanda,URGENT,paediatric,kinyarwanda->kinyarwanda:URGENT:paediatric,Mfite umuhaha.,Mfite umuhaha.
Ndashaka kukubwira ikibazo mfite. Ndatwite kandi nagagaye kuva ijoro ryashize. Abandi bana na bo bafite iki kibazo. Naje mvuye kure.,kinyarwanda,CRITICAL,obstetric,kinyarwanda->kinyarwanda:CRITICAL:obstetric,Ndatwite kandi nagagaye.,Ndatwite kandi nagagaye.
"Mumbabarire, ndashaka kubabwira ikibazo mfite. Umuturanyi wanjye yabyimbye ibirenge kandi ntashobora guhumeka neza iyo aragaramye kuva ejo kandi nta miti mfite. Ndakeneye ubufasha vuba.",kinyarwanda,URGENT,chronic_care,kinyarwanda->kinyarwanda:URGENT:chronic_care,{REL} yabyimbye ibirenge kandi ntashobora guhumeka neza iyo aragaramye.,Nabyimbye ibirenge kandi sinshobora guhumeka neza iyo ndagaramye.
"Muganga, umugabo wanjye afite igisebe ku kirenge kidakira kandi afite diyabete kuva mu gitondo bikarushaho nijoro. Ndakeneye ubufasha vuba.",kinyarwanda,URGENT,chronic_care,kinyarwanda->kinyarwanda:URGENT:chronic_care,{REL} afite igisebe ku kirenge kidakira kandi afite diyabete.,Mfite igisebe ku kirenge kidakira kandi mfite diyabete.
"Mfasha vuba, mu rugo hari umuntu urwaye igituntu kandi ndashaka kwisuzumisha kuva ubu gitondo cya kare. Murakoze.",kinyarwanda,URGENT,preventive,kinyarwanda->kinyarwanda:URGENT:preventive,Mu rugo hari umuntu urwaye igituntu kandi ndashaka kwisuzumisha.,Mu rugo hari umuntu urwaye igituntu kandi ndashaka kwisuzumisha.
"Mfasha, maze iminsi itatu ndwaye impiswi zikomeye kuva hashize icyumweru kandi nta miti mfite. Murakoze.",kinyarwanda,URGENT,gastrointestinal,kinyarwanda->kinyarwanda:URGENT:gastrointestinal,maze iminsi itatu ndwaye impiswi zikomeye,maze iminsi itatu ndwaye impiswi zikomeye
Maze iminsi itatu ndwaye impiswi zikomeye kuva hashize icyumweru kandi birushaho kuba bibi. Naje mvuye kure.,kinyarwanda,URGENT,gastrointestinal,kinyarwanda->kinyarwanda:URGENT:gastrointestinal,maze iminsi itatu ndwaye impiswi zikomeye,maze iminsi itatu ndwaye impiswi zikomeye
"Mfasha vuba, ndashaka kugirwa inama ku mazi yo kunywa kuva mu gitondo biragenda bikagaruka",kinyarwanda,ROUTINE,preventive,kinyarwanda->kinyarwanda:ROUTINE:preventive,Ndashaka kugirwa inama ku mazi yo kunywa.,Ndashaka kugirwa inama ku mazi yo kunywa.
"Naje hano mbere, umuturanyi wanjye afite ibimenyetso bya malariya, umuriro n'imbeho kuva hashize iminsi itatu kandi birushaho kuba bibi. Ntabasha kubona amafaranga yo kongera kuza kwa muganga.",kinyarwanda,URGENT,infectious_fever,kinyarwanda->kinyarwanda:URGENT:infectious_fever,"{REL} afite ibimenyetso bya malariya, umuriro n'imbeho.","Mfite ibimenyetso bya malariya, umuriro n'imbeho."
"Nzanye umwana wanjye, mfite umuhaha kuva hashize iminsi ibiri. Ntegereze cyangwa nsuzumwe ubu?",kinyarwanda,URGENT,paediatric,kinyarwanda->kinyarwanda:URGENT:paediatric,Mfite umuhaha.,Mfite umuhaha.
"Simbizi niba bikomeye ariko, mfite umuhaha kuva hashize iminsi itatu. Ntabasha kubona amafaranga yo kongera kuza kwa muganga.",kinyarwanda,URGENT,paediatric,kinyarwanda->kinyarwanda:URGENT:paediatric,Mfite umuhaha.,Mfite umuhaha.
"Muraho, mama afite impiswi zikomeye kandi yagize umwuma kuva ijoro ryashize kandi sinshobora gusinzira. Ntegereze cyangwa nsuzumwe ubu?",kinyarwanda,CRITICAL,gastrointestinal,kinyarwanda->kinyarwanda:CRITICAL:gastrointestinal,{REL} afite impiswi zikomeye kandi yagize umwuma.,{REL} afite impiswi zikomeye kandi yagize umwuma.
"Naje hano mbere, umugore wanjye ahumeka bimugora cyane kandi iminwa ye yahindutse ibara kuva hashize iminsi ibiri biragenda bikagaruka. Ndakeneye ubufasha vuba.",kinyarwanda,CRITICAL,cardiac_respiratory,kinyarwanda->kinyarwanda:CRITICAL:cardiac_respiratory,{REL} ahumeka bimugora cyane kandi iminwa ye yahindutse ibara.,guhumeka birangora cyane kandi iminwa yanjye yahindutse ibara
Ndashaka kukubwira ikibazo mfite. Mfite ikibazo ku mutwe kandi kirimo guterwa n'urumuri kuva ubu gitondo cya kare. Abandi bana na bo bafite iki kibazo. Ese ibi birakomeye?,kinyarwanda,URGENT,neurological,kinyarwanda->kinyarwanda:URGENT:neurological,Mfite ikibazo ku mutwe kandi kirimo guterwa n'urumuri.,Mfite ikibazo ku mutwe kandi kirimo guterwa n'urumuri.
"Mfasha vuba, umugore wanjye ari kubyara ariko umugozi w'umwana wabanje gusohoka kuva mu masaha abiri ashize bikarushaho nijoro. Ndakeneye ubufasha vuba.",kinyarwanda,CRITICAL,obstetric,kinyarwanda->kinyarwanda:CRITICAL:obstetric,{REL} ari kubyara ariko umugozi w'umwana wabanje gusohoka.,Ndabyara ariko habanje gusohoka umugozi w'umwana.
Ndashaka kukubwira ikibazo mfite. Papa ahumeka bimugora cyane kandi iminwa ye yahindutse ibara kuva hashize icyumweru kandi nta miti mfite. Ntegereze cyangwa nsuzumwe ubu?,kinyarwanda,CRITICAL,cardiac_respiratory,kinyarwanda->kinyarwanda:CRITICAL:cardiac_respiratory,{REL} ahumeka bimugora cyane kandi iminwa ye yahindutse ibara.,guhumeka birangora cyane kandi iminwa yanjye yahindutse ibara
"Muraho, ndatwite kandi nagagaye kuva hashize iminsi ibiri. Abandi bana na bo bafite iki kibazo. Ndakeneye ubufasha vuba.",kinyarwanda,CRITICAL,obstetric,kinyarwanda->kinyarwanda:CRITICAL:obstetric,Ndatwite kandi nagagaye.,Ndatwite kandi nagagaye.
"Muraho, maze iminsi itatu ndwaye impiswi zikomeye kuva ubu gitondo cya kare. Abandi bana na bo bafite iki kibazo. Ni imiti ki nafata?",kinyarwanda,URGENT,gastrointestinal,kinyarwanda->kinyarwanda:URGENT:gastrointestinal,maze iminsi itatu ndwaye impiswi zikomeye,maze iminsi itatu ndwaye impiswi zikomeye
"Mfasha vuba, maze iminsi itatu ndwaye impiswi zikomeye kuva hashize icyumweru. Byatangiye gitunguranye.",kinyarwanda,URGENT,gastrointestinal,kinyarwanda->kinyarwanda:URGENT:gastrointestinal,maze iminsi itatu ndwaye impiswi zikomeye,maze iminsi itatu ndwaye impiswi zikomeye
"Muraho, papa afite gahunda yo gukingiza umwana kuva mu masaha abiri ashize. Byatangiye gitunguranye.",kinyarwanda,ROUTINE,preventive,kinyarwanda->kinyarwanda:ROUTINE:preventive,{REL} afite gahunda yo gukingiza umwana.,Mfite gahunda yo gukingiza umwana.
"Ndakeneye ubufasha, mfite umuhaha kuva ubu gitondo cya kare kandi sinshobora gusinzira. Ntegereze cyangwa nsuzumwe ubu?",kinyarwanda,URGENT,paediatric,kinyarwanda->kinyarwanda:URGENT:paediatric,Mfite umuhaha.,Mfite umuhaha.
"Muraho, ndatwite kandi nagagaye kuva ijoro ryashize. Byatangiye gitunguranye.",kinyarwanda,CRITICAL,obstetric,kinyarwanda->kinyarwanda:CRITICAL:obstetric,Ndatwite kandi nagagaye.,Ndatwite kandi nagagaye.
"Mfasha vuba, umugore wanjye afite gahunda yo gukingiza umwana kuva mu cyumweru gishize. Byatangiye gitunguranye.",kinyarwanda,ROUTINE,preventive,kinyarwanda->kinyarwanda:ROUTINE:preventive,{REL} afite gahunda yo gukingiza umwana.,Mfite gahunda yo gukingiza umwana.
Ndashaka kukubwira ikibazo mfite. Mushiki wanjye ari kubyara ariko umugozi w'umwana wabanje gusohoka kuva ejo bikarushaho nijoro. Mfasha muganga.,kinyarwanda,CRITICAL,obstetric,kinyarwanda->kinyarwanda:CRITICAL:obstetric,{REL} ari kubyara ariko umugozi w'umwana wabanje gusohoka.,Ndabyara ariko habanje gusohoka umugozi w'umwana.
"Nzanye umwana wanjye, mu rugo hari umuntu urwaye igituntu kandi ndashaka kwisuzumisha kuva ubu gitondo cya kare kandi ndahangayitse. Nkora iki?",kinyarwanda,URGENT,preventive,kinyarwanda->kinyarwanda:URGENT:preventive,Mu rugo hari umuntu urwaye igituntu kandi ndashaka kwisuzumisha.,Mu rugo hari umuntu urwaye igituntu kandi ndashaka kwisuzumisha.
"Nyabuneka, maze umunsi wose mbabara ngerageza kubyara ariko umwana ntarasohoka kuva ejo biragenda bikagaruka. Ese ibi birakomeye?",kinyarwanda,CRITICAL,obstetric,kinyarwanda->kinyarwanda:CRITICAL:obstetric,Maze umunsi wose mbabara ngerageza kubyara ariko umwana ntarasohoka.,Maze umunsi wose mbabara ngerageza kubyara ariko umwana ntarasohoka.
"Muraho, mfite umuhaha kuva hashize icyumweru kandi birushaho kuba bibi. Mfasha muganga.",kinyarwanda,URGENT,paediatric,kinyarwanda->kinyarwanda:URGENT:paediatric,Mfite umuhaha.,Mfite umuhaha.
"Mfasha vuba, mfite ikibazo ku mutwe kandi kirimo guterwa n'urumuri kuva mu masaha abiri ashize biragenda bikagaruka. Nkora iki?",kinyarwanda,URGENT,neurological,kinyarwanda->kinyarwanda:URGENT:neurological,Mfite ikibazo ku mutwe kandi kirimo guterwa n'urumuri.,Mfite ikibazo ku mutwe kandi kirimo guterwa n'urumuri.
"Mfasha, papa yabyimbye ibirenge kandi ntashobora guhumeka neza iyo aragaramye kuva hashize iminsi itatu bikarushaho nijoro. Mfasha muganga.",kinyarwanda,URGENT,chronic_care,kinyarwanda->kinyarwanda:URGENT:chronic_care,{REL} yabyimbye ibirenge kandi ntashobora guhumeka neza iyo aragaramye.,Nabyimbye ibirenge kandi sinshobora guhumeka neza iyo ndagaramye.
"Ndakeneye ubufasha, mfite umuhaha kuva mu masaha abiri ashize. Byatangiye gitunguranye. Ntegereze cyangwa nsuzumwe ubu?",kinyarwanda,URGENT,paediatric,kinyarwanda->kinyarwanda:URGENT:paediatric,Mfite umuhaha.,Mfite umuhaha.
"Mumbabarire, ndashaka kubabwira ikibazo mfite. Maze umunsi wose mbabara ngerageza kubyara ariko umwana ntarasohoka kuva hashize icyumweru. Abandi bana na bo bafite iki kibazo. Ntabasha kubona amafaranga yo kongera kuza kwa muganga.",kinyarwanda,CRITICAL,obstetric,kinyarwanda->kinyarwanda:CRITICAL:obstetric,Maze umunsi wose mbabara ngerageza kubyara ariko umwana ntarasohoka.,Maze umunsi wose mbabara ngerageza kubyara ariko umwana ntarasohoka.
"Naje hano mbere, mushiki wanjye yabyimbye ibirenge kandi ntashobora guhumeka neza iyo aragaramye kuva mu cyumweru gishize bikarushaho nijoro. Ni imiti ki nafata?",kinyarwanda,URGENT,chronic_care,kinyarwanda->kinyarwanda:URGENT:chronic_care,{REL} yabyimbye ibirenge kandi ntashobora guhumeka neza iyo aragaramye.,Nabyimbye ibirenge kandi sinshobora guhumeka neza iyo ndagaramye.
"Nyabuneka, maze iminsi itatu ndwaye impiswi zikomeye kuva ubu gitondo cya kare. Byatangiye gitunguranye. Ese ibi birakomeye?",kinyarwanda,URGENT,gastrointestinal,kinyarwanda->kinyarwanda:URGENT:gastrointestinal,maze iminsi itatu ndwaye impiswi zikomeye,maze iminsi itatu ndwaye impiswi zikomeye
"Mfasha vuba, mfite ikibazo ku mutwe kandi kirimo guterwa n'urumuri kuva ijoro ryashize biragenda bikagaruka. Naje mvuye kure.",kinyarwanda,URGENT,neurological,kinyarwanda->kinyarwanda:URGENT:neurological,Mfite ikibazo ku mutwe kandi kirimo guterwa n'urumuri.,Mfite ikibazo ku mutwe kandi kirimo guterwa n'urumuri.
"Mfasha, mfite umuhaha kuva hashize icyumweru bikarushaho nijoro. Ntegereze cyangwa nsuzumwe ubu?",kinyarwanda,URGENT,paediatric,kinyarwanda->kinyarwanda:URGENT:paediatric,Mfite umuhaha.,Mfite umuhaha.
"Nzanye umwana wanjye, maze iminsi itatu ndwaye impiswi zikomeye kuva hashize iminsi itatu kandi nta miti mfite. Ntegereze cyangwa nsuzumwe ubu?",kinyarwanda,URGENT,gastrointestinal,kinyarwanda->kinyarwanda:URGENT:gastrointestinal,maze iminsi itatu ndwaye impiswi zikomeye,maze iminsi itatu ndwaye impiswi zikomeye
"Nyabuneka, ndashaka kugirwa inama ku mazi yo kunywa kuva ubu gitondo cya kare bikarushaho nijoro. Ntabasha kubona amafaranga yo kongera kuza kwa muganga.",kinyarwanda,ROUTINE,preventive,kinyarwanda->kinyarwanda:ROUTINE:preventive,Ndashaka kugirwa inama ku mazi yo kunywa.,Ndashaka kugirwa inama ku mazi yo kunywa.
"Muganga, mfite umuhaha kuva ijoro ryashize bikarushaho nijoro",kinyarwanda,URGENT,paediatric,kinyarwanda->kinyarwanda:URGENT:paediatric,Mfite umuhaha.,Mfite umuhaha.
"Ndakeneye ubufasha, umuturanyi wanjye afite impiswi zikomeye kandi yagize umwuma kuva hashize icyumweru nta miti imfasha. Ese ibi birakomeye?",kinyarwanda,CRITICAL,gastrointestinal,kinyarwanda->kinyarwanda:CRITICAL:gastrointestinal,{REL} afite impiswi zikomeye kandi yagize umwuma.,{REL} afite impiswi zikomeye kandi yagize umwuma.
"Nzanye umwana wanjye, ndatwite kandi nagagaye kuva mu cyumweru gishize. Byatangiye gitunguranye. Mfasha muganga.",kinyarwanda,CRITICAL,obstetric,kinyarwanda->kinyarwanda:CRITICAL:obstetric,Ndatwite kandi nagagaye.,Ndatwite kandi nagagaye.
"Muganga, maze iminsi itatu ndwaye impiswi zikomeye kuva hashize iminsi itatu kandi nta miti mfite. Ndakeneye ubufasha vuba.",kinyarwanda,URGENT,gastrointestinal,kinyarwanda->kinyarwanda:URGENT:gastrointestinal,maze iminsi itatu ndwaye impiswi zikomeye,maze iminsi itatu ndwaye impiswi zikomeye
"Naje hano mbere, mu rugo hari umuntu urwaye igituntu kandi ndashaka kwisuzumisha kuva ijoro ryashize. Murakoze.",kinyarwanda,URGENT,preventive,kinyarwanda->kinyarwanda:URGENT:preventive,Mu rugo hari umuntu urwaye igituntu kandi ndashaka kwisuzumisha.,Mu rugo hari umuntu urwaye igituntu kandi ndashaka kwisuzumisha.
"Ndakeneye ubufasha, maze umunsi wose mbabara ngerageza kubyara ariko umwana ntarasohoka kuva mu cyumweru gishize kandi nta miti mfite. Ni imiti ki nafata?",kinyarwanda,CRITICAL,obstetric,kinyarwanda->kinyarwanda:CRITICAL:obstetric,Maze umunsi wose mbabara ngerageza kubyara ariko umwana ntarasohoka.,Maze umunsi wose mbabara ngerageza kubyara ariko umwana ntarasohoka.
Ndashaka kukubwira ikibazo mfite. Umuvuduko w'amaraso wanjye wazamutse cyane kandi umutwe urandya cyane kuva hashize iminsi itatu bikarushaho nijoro. Murakoze.,kinyarwanda,URGENT,chronic_care,kinyarwanda->kinyarwanda:URGENT:chronic_care,Umuvuduko w'amaraso wanjye wazamutse cyane kandi umutwe urandya cyane.,Umuvuduko w'amaraso wanjye wazamutse cyane kandi umutwe urandya cyane.
"Naje hano mbere, mfite umuhaha kuva mu masaha abiri ashize. Byatangiye gitunguranye. Ntabasha kubona amafaranga yo kongera kuza kwa muganga.",kinyarwanda,URGENT,paediatric,kinyarwanda->kinyarwanda:URGENT:paediatric,Mfite umuhaha.,Mfite umuhaha.
"Mumbabarire, ndashaka kubabwira ikibazo mfite. Mushiki wanjye afite igisebe ku kirenge kidakira kandi afite diyabete. Ese ibi birakomeye?",kinyarwanda,URGENT,chronic_care,kinyarwanda->kinyarwanda:URGENT:chronic_care,{REL} afite igisebe ku kirenge kidakira kandi afite diyabete.,Mfite igisebe ku kirenge kidakira kandi mfite diyabete.
"Nyabuneka, umuturanyi wanjye arababara cyane mu nda kandi ububabare ntibuhagarara kuva ijoro ryashize. Ese ibi birakomeye?",kinyarwanda,URGENT,gastrointestinal,kinyarwanda->kinyarwanda:URGENT:gastrointestinal,{REL} arababara cyane mu nda kandi ububabare ntibuhagarara.,Inda irandya cyane kandi ububabare ntibuhagarara.
"Simbizi niba bikomeye ariko, umuvuduko w'amaraso wanjye wazamutse cyane kandi umutwe urandya cyane kuva mu gitondo nta miti imfasha. Urakoze.",kinyarwanda,URGENT,chronic_care,kinyarwanda->kinyarwanda:URGENT:chronic_care,Umuvuduko w'amaraso wanjye wazamutse cyane kandi umutwe urandya cyane.,Umuvuduko w'amaraso wanjye wazamutse cyane kandi umutwe urandya cyane.
"Mumbabarire, ndashaka kubabwira ikibazo mfite. Mfite igisebe ku kirenge kidakira kandi mfite diyabete kuva mu masaha abiri ashize biragenda bikagaruka. Naje mvuye kure.",kinyarwanda,URGENT,chronic_care,kinyarwanda->kinyarwanda:URGENT:chronic_care,Mfite igisebe ku kirenge kidakira kandi mfite diyabete.,Mfite igisebe ku kirenge kidakira kandi mfite diyabete.
"Nyabuneka, iyo mushiki wanjye ahumetse cyane, arumva mu gituza hamubabaza kuva mu masaha abiri ashize. Mfasha muganga.",kinyarwanda,URGENT,cardiac_respiratory,kinyarwanda->kinyarwanda:URGENT:cardiac_respiratory,"Iyo {REL} ahumetse cyane, arumva mu gituza hamubabaza.","Iyo {REL} ahumetse cyane, arumva mu gituza hamubabaza."
"Simbizi niba bikomeye ariko, mfite igisebe ku kirenge kidakira kandi mfite diyabete kuva hashize icyumweru kandi nta miti mfite. Murakoze.",kinyarwanda,URGENT,chronic_care,kinyarwanda->kinyarwanda:URGENT:chronic_care,Mfite igisebe ku kirenge kidakira kandi mfite diyabete.,Mfite igisebe ku kirenge kidakira kandi mfite diyabete.
"Nyabuneka, maze umunsi wose mbabara ngerageza kubyara ariko umwana ntarasohoka kuva hashize iminsi itatu nta miti imfasha. Mfasha muganga.",kinyarwanda,CRITICAL,obstetric,kinyarwanda->kinyarwanda:CRITICAL:obstetric,Maze umunsi wose mbabara ngerageza kubyara ariko umwana ntarasohoka.,Maze umunsi wose mbabara ngerageza kubyara ariko umwana ntarasohoka.
"Ndakeneye ubufasha, mu rugo hari umuntu urwaye igituntu kandi ndashaka kwisuzumisha kuva mu gitondo nta miti imfasha. Ese ibi birakomeye?",kinyarwanda,URGENT,preventive,kinyarwanda->kinyarwanda:URGENT:preventive,Mu rugo hari umuntu urwaye igituntu kandi ndashaka kwisuzumisha.,Mu rugo hari umuntu urwaye igituntu kandi ndashaka kwisuzumisha.
"Mumbabarire, ndashaka kubabwira ikibazo mfite. Umuturanyi wanjye arababara cyane mu nda kandi ububabare ntibuhagarara biragenda bikagaruka. Ntegereze cyangwa nsuzumwe ubu?",kinyarwanda,URGENT,gastrointestinal,kinyarwanda->kinyarwanda:URGENT:gastrointestinal,{REL} arababara cyane mu nda kandi ububabare ntibuhagarara.,Inda irandya cyane kandi ububabare ntibuhagarara.
"Nyabuneka, umuvuduko w'amaraso wanjye wazamutse cyane kandi umutwe urandya cyane kuva hashize iminsi ibiri kandi birushaho kuba bibi. Ni imiti ki nafata?",kinyarwanda,URGENT,chronic_care,kinyarwanda->kinyarwanda:URGENT:chronic_care,Umuvuduko w'amaraso wanjye wazamutse cyane kandi umutwe urandya cyane.,Umuvuduko w'amaraso wanjye wazamutse cyane kandi umutwe urandya cyane.
"Ndakeneye ubufasha, ndashaka kugirwa inama ku mazi yo kunywa kuva hashize icyumweru kandi birushaho kuba bibi. Ese ibi birakomeye?",kinyarwanda,ROUTINE,preventive,kinyarwanda->kinyarwanda:ROUTINE:preventive,Ndashaka kugirwa inama ku mazi yo kunywa.,Ndashaka kugirwa inama ku mazi yo kunywa.
Ndashaka kukubwira ikibazo mfite. Umukecuru afite igisebe ku kirenge kidakira kandi afite diyabete kuva mu gitondo kandi birushaho kuba bibi. Murakoze.,kinyarwanda,URGENT,chronic_care,kinyarwanda->kinyarwanda:URGENT:chronic_care,{REL} afite igisebe ku kirenge kidakira kandi afite diyabete.,Mfite igisebe ku kirenge kidakira kandi mfite diyabete.
Ndashaka kukubwira ikibazo mfite. Mfite ikibazo ku mutwe kandi kirimo guterwa n'urumuri. Byatangiye gitunguranye. Ndakeneye ubufasha vuba.,kinyarwanda,URGENT,neurological,kinyarwanda->kinyarwanda:URGENT:neurological,Mfite ikibazo ku mutwe kandi kirimo guterwa n'urumuri.,Mfite ikibazo ku mutwe kandi kirimo guterwa n'urumuri.
"Ndakeneye ubufasha, maze umunsi wose mbabara ngerageza kubyara ariko umwana ntarasohoka kuva mu gitondo. Abandi bana na bo bafite iki kibazo. Ese ibi birakomeye?",kinyarwanda,CRITICAL,obstetric,kinyarwanda->kinyarwanda:CRITICAL:obstetric,Maze umunsi wose mbabara ngerageza kubyara ariko umwana ntarasohoka.,Maze umunsi wose mbabara ngerageza kubyara ariko umwana ntarasohoka.
"Ndakeneye ubufasha, umwana wanjye yabyimbye ibirenge kandi ntashobora guhumeka neza iyo aragaramye kuva hashize icyumweru nta miti imfasha. Naje mvuye kure.",kinyarwanda,URGENT,chronic_care,kinyarwanda->kinyarwanda:URGENT:chronic_care,{REL} yabyimbye ibirenge kandi ntashobora guhumeka neza iyo aragaramye.,Nabyimbye ibirenge kandi sinshobora guhumeka neza iyo ndagaramye.
"Muraho, umugabo wanjye afite gahunda yo gukingiza umwana kuva hashize icyumweru kandi birushaho kuba bibi. Murakoze.",kinyarwanda,ROUTINE,preventive,kinyarwanda->kinyarwanda:ROUTINE:preventive,{REL} afite gahunda yo gukingiza umwana.,Mfite gahunda yo gukingiza umwana.
"Naje hano mbere, umuturanyi wanjye afite gahunda yo gukingiza umwana kuva hashize icyumweru biragenda bikagaruka. Nkora iki?",kinyarwanda,ROUTINE,preventive,kinyarwanda->kinyarwanda:ROUTINE:preventive,{REL} afite gahunda yo gukingiza umwana.,Mfite gahunda yo gukingiza umwana.
"Ndakeneye ubufasha, maze iminsi itatu ndwaye impiswi zikomeye kuva ubu gitondo cya kare kandi ndahangayitse. Ndakeneye ubufasha vuba.",kinyarwanda,URGENT,gastrointestinal,kinyarwanda->kinyarwanda:URGENT:gastrointestinal,maze iminsi itatu ndwaye impiswi zikomeye,maze iminsi itatu ndwaye impiswi zikomeye
"Ndakeneye ubufasha, mama ari kubyara ariko umugozi w'umwana wabanje gusohoka kuva mu masaha abiri ashize. Abandi bana na bo bafite iki kibazo. Ntegereze cyangwa nsuzumwe ubu?",kinyarwanda,CRITICAL,obstetric,kinyarwanda->kinyarwanda:CRITICAL:obstetric,{REL} ari kubyara ariko umugozi w'umwana wabanje gusohoka.,Ndabyara ariko habanje gusohoka umugozi w'umwana.
"Mumbabarire, ndashaka kubabwira ikibazo mfite. Mfite igisebe ku kirenge kidakira kandi mfite diyabete kuva mu masaha abiri ashize bikarushaho nijoro. Mfasha muganga.",kinyarwanda,URGENT,chronic_care,kinyarwanda->kinyarwanda:URGENT:chronic_care,Mfite igisebe ku kirenge kidakira kandi mfite diyabete.,Mfite igisebe ku kirenge kidakira kandi mfite diyabete.
Ndashaka kukubwira ikibazo mfite. Umukecuru afite gahunda yo gukingiza umwana kuva mu masaha abiri ashize kandi sinshobora gusinzira. Ndakeneye ubufasha vuba.,kinyarwanda,ROUTINE,preventive,kinyarwanda->kinyarwanda:ROUTINE:preventive,{REL} afite gahunda yo gukingiza umwana.,Mfite gahunda yo gukingiza umwana.
"Mfasha vuba, umwana wanjye ahumeka bimugora cyane kandi iminwa ye yahindutse ibara kandi ndahangayitse. Naje mvuye kure.",kinyarwanda,CRITICAL,cardiac_respiratory,kinyarwanda->kinyarwanda:CRITICAL:cardiac_respiratory,{REL} ahumeka bimugora cyane kandi iminwa ye yahindutse ibara.,guhumeka birangora cyane kandi iminwa yanjye yahindutse ibara
Mushiki wanjye ari kubyara ariko umugozi w'umwana wabanje gusohoka kuva ijoro ryashize biragenda bikagaruka. Ntegereze cyangwa nsuzumwe ubu?,kinyarwanda,CRITICAL,obstetric,kinyarwanda->kinyarwanda:CRITICAL:obstetric,{REL} ari kubyara ariko umugozi w'umwana wabanje gusohoka.,Ndabyara ariko habanje gusohoka umugozi w'umwana.
"Muganga, ndashaka kugirwa inama ku mazi yo kunywa kuva mu cyumweru gishize bikarushaho nijoro. Ndakeneye ubufasha vuba.",kinyarwanda,ROUTINE,preventive,kinyarwanda->kinyarwanda:ROUTINE:preventive,Ndashaka kugirwa inama ku mazi yo kunywa.,Ndashaka kugirwa inama ku mazi yo kunywa.
"Mfasha vuba, mfite umuhaha kuva mu gitondo kandi ndahangayitse. Urakoze.",kinyarwanda,URGENT,paediatric,kinyarwanda->kinyarwanda:URGENT:paediatric,Mfite umuhaha.,Mfite umuhaha.
"Ndakeneye ubufasha, mfite igisebe ku kirenge kidakira kandi mfite diyabete kuva mu gitondo bikarushaho nijoro. Urakoze.",kinyarwanda,URGENT,chronic_care,kinyarwanda->kinyarwanda:URGENT:chronic_care,Mfite igisebe ku kirenge kidakira kandi mfite diyabete.,Mfite igisebe ku kirenge kidakira kandi mfite diyabete.
"Mfasha vuba, mushiki wanjye afite gahunda yo gukingiza umwana kuva ejo bikarushaho nijoro. Ese ibi birakomeye?",kinyarwanda,ROUTINE,preventive,kinyarwanda->kinyarwanda:ROUTINE:preventive,{REL} afite gahunda yo gukingiza umwana.,Mfite gahunda yo gukingiza umwana.
"Muganga, umugore wanjye nta miti ya SIDA afite kuva mu gitondo. Abandi bana na bo bafite iki kibazo. Ese ibi birakomeye?",kinyarwanda,URGENT,chronic_care,kinyarwanda->kinyarwanda:URGENT:chronic_care,{REL} nta miti ya SIDA afite.,Nta miti ya SIDA mfite.
"Mfasha, papa afite impiswi zikomeye kandi yagize umwuma kuva ubu gitondo cya kare biragenda bikagaruka. Ntabasha kubona amafaranga yo kongera kuza kwa muganga.",kinyarwanda,CRITICAL,gastrointestinal,kinyarwanda->kinyarwanda:CRITICAL:gastrointestinal,{REL} afite impiswi zikomeye kandi yagize umwuma.,{REL} afite impiswi zikomeye kandi yagize umwuma.
"Nyabuneka, umuturanyi wanjye afite impiswi zikomeye kandi yagize umwuma kuva hashize iminsi itatu kandi nta miti mfite. Mfasha muganga.",kinyarwanda,CRITICAL,gastrointestinal,kinyarwanda->kinyarwanda:CRITICAL:gastrointestinal,{REL} afite impiswi zikomeye kandi yagize umwuma.,{REL} afite impiswi zikomeye kandi yagize umwuma.
Mu rugo hari umuntu urwaye igituntu kandi umugabo wanjye ashaka kwisuzumisha kuva mu gitondo. Byatangiye gitunguranye. Ntegereze cyangwa nsuzumwe ubu?,kinyarwanda,URGENT,preventive,kinyarwanda->kinyarwanda:URGENT:preventive,Mu rugo hari umuntu urwaye igituntu kandi {REL} ashaka kwisuzumisha.,Mu rugo hari umuntu urwaye igituntu kandi ndashaka kwisuzumisha.
"Naje hano mbere, mama afite igisebe ku kirenge kidakira kandi afite diyabete kuva mu cyumweru gishize kandi nta miti mfite. Murakoze.",kinyarwanda,URGENT,chronic_care,kinyarwanda->kinyarwanda:URGENT:chronic_care,{REL} afite igisebe ku kirenge kidakira kandi afite diyabete.,Mfite igisebe ku kirenge kidakira kandi mfite diyabete.
Ndashaka kukubwira ikibazo mfite. Umuvuduko w'amaraso wanjye wazamutse cyane kandi umutwe urandya cyane kuva hashize iminsi itatu. Byatangiye gitunguranye. Ntegereze cyangwa nsuzumwe ubu?,kinyarwanda,URGENT,chronic_care,kinyarwanda->kinyarwanda:URGENT:chronic_care,Umuvuduko w'amaraso wanjye wazamutse cyane kandi umutwe urandya cyane.,Umuvuduko w'amaraso wanjye wazamutse cyane kandi umutwe urandya cyane.
Mu rugo hari umuntu urwaye igituntu kandi ndashaka kwisuzumisha kuva mu cyumweru gishize. Byatangiye gitunguranye. Murakoze.,kinyarwanda,URGENT,preventive,kinyarwanda->kinyarwanda:URGENT:preventive,Mu rugo hari umuntu urwaye igituntu kandi ndashaka kwisuzumisha.,Mu rugo hari umuntu urwaye igituntu kandi ndashaka kwisuzumisha.
"Nyabuneka, umuvuduko w'amaraso wanjye wazamutse cyane kandi umutwe urandya cyane kandi birushaho kuba bibi. Murakoze.",kinyarwanda,URGENT,chronic_care,kinyarwanda->kinyarwanda:URGENT:chronic_care,Umuvuduko w'amaraso wanjye wazamutse cyane kandi umutwe urandya cyane.,Umuvuduko w'amaraso wanjye wazamutse cyane kandi umutwe urandya cyane.
"Nyabuneka, mfite ikibazo ku mutwe kandi kirimo guterwa n'urumuri kuva hashize iminsi itatu kandi ndahangayitse. Ntegereze cyangwa nsuzumwe ubu?",kinyarwanda,URGENT,neurological,kinyarwanda->kinyarwanda:URGENT:neurological,Mfite ikibazo ku mutwe kandi kirimo guterwa n'urumuri.,Mfite ikibazo ku mutwe kandi kirimo guterwa n'urumuri.
"Nzanye umwana wanjye, maze iminsi itatu ndwaye impiswi zikomeye kandi birushaho kuba bibi. Mfasha muganga.",kinyarwanda,URGENT,gastrointestinal,kinyarwanda->kinyarwanda:URGENT:gastrointestinal,maze iminsi itatu ndwaye impiswi zikomeye,maze iminsi itatu ndwaye impiswi zikomeye
"Simbizi niba bikomeye ariko, papa arababara cyane mu nda kandi ububabare ntibuhagarara kuva mu masaha abiri ashize. Abandi bana na bo bafite iki kibazo. Nkora iki?",kinyarwanda,URGENT,gastrointestinal,kinyarwanda->kinyarwanda:URGENT:gastrointestinal,{REL} arababara cyane mu nda kandi ububabare ntibuhagarara.,Inda irandya cyane kandi ububabare ntibuhagarara.
"Muraho, iyo papa ahumetse cyane, arumva mu gituza hamubabaza kuva mu cyumweru gishize nta miti imfasha. Nkora iki?",kinyarwanda,URGENT,cardiac_respiratory,kinyarwanda->kinyarwanda:URGENT:cardiac_respiratory,"Iyo {REL} ahumetse cyane, arumva mu gituza hamubabaza.","Iyo {REL} ahumetse cyane, arumva mu gituza hamubabaza."
"Mfasha vuba, mfite umuhaha kuva hashize iminsi ibiri. Abandi bana na bo bafite iki kibazo. Murakoze.",kinyarwanda,URGENT,paediatric,kinyarwanda->kinyarwanda:URGENT:paediatric,Mfite umuhaha.,Mfite umuhaha.
"Mfasha vuba, mfite ikibazo ku mutwe kandi kirimo guterwa n'urumuri kuva hashize iminsi ibiri. Abandi bana na bo bafite iki kibazo. Urakoze.",kinyarwanda,URGENT,neurological,kinyarwanda->kinyarwanda:URGENT:neurological,Mfite ikibazo ku mutwe kandi kirimo guterwa n'urumuri.,Mfite ikibazo ku mutwe kandi kirimo guterwa n'urumuri.
"Nzanye umwana wanjye, umukecuru afite ibimenyetso bya malariya, umuriro n'imbeho kuva hashize iminsi itatu. Ntegereze cyangwa nsuzumwe ubu?",kinyarwanda,URGENT,infectious_fever,kinyarwanda->kinyarwanda:URGENT:infectious_fever,"{REL} afite ibimenyetso bya malariya, umuriro n'imbeho.","Mfite ibimenyetso bya malariya, umuriro n'imbeho."
"Simbizi niba bikomeye ariko, umugore wanjye ari kubyara ariko umugozi w'umwana wabanje gusohoka kuva mu masaha abiri ashize. Abandi bana na bo bafite iki kibazo. Naje mvuye kure.",kinyarwanda,CRITICAL,obstetric,kinyarwanda->kinyarwanda:CRITICAL:obstetric,{REL} ari kubyara ariko umugozi w'umwana wabanje gusohoka.,Ndabyara ariko habanje gusohoka umugozi w'umwana.
"Nyabuneka, umugabo wanjye afite ibimenyetso bya malariya, umuriro n'imbeho kuva hashize icyumweru. Abandi bana na bo bafite iki kibazo. Ntabasha kubona amafaranga yo kongera kuza kwa muganga.",kinyarwanda,URGENT,infectious_fever,kinyarwanda->kinyarwanda:URGENT:infectious_fever,"{REL} afite ibimenyetso bya malariya, umuriro n'imbeho.","Mfite ibimenyetso bya malariya, umuriro n'imbeho."
"Nyabuneka, mu rugo hari umuntu urwaye igituntu kandi ndashaka kwisuzumisha kuva mu masaha abiri ashize. Byatangiye gitunguranye. Ntabasha kubona amafaranga yo kongera kuza kwa muganga.",kinyarwanda,URGENT,preventive,kinyarwanda->kinyarwanda:URGENT:preventive,Mu rugo hari umuntu urwaye igituntu kandi ndashaka kwisuzumisha.,Mu rugo hari umuntu urwaye igituntu kandi ndashaka kwisuzumisha.
Mfite igisebe ku kirenge kidakira kandi mfite diyabete kuva hashize icyumweru nta miti imfasha. Murakoze.,kinyarwanda,URGENT,chronic_care,kinyarwanda->kinyarwanda:URGENT:chronic_care,Mfite igisebe ku kirenge kidakira kandi mfite diyabete.,Mfite igisebe ku kirenge kidakira kandi mfite diyabete.
"Nzanye umwana wanjye, umugore wanjye arababara cyane mu nda kandi ububabare ntibuhagarara kuva ejo kandi nta miti mfite. Ntegereze cyangwa nsuzumwe ubu?",kinyarwanda,URGENT,gastrointestinal,kinyarwanda->kinyarwanda:URGENT:gastrointestinal,{REL} arababara cyane mu nda kandi ububabare ntibuhagarara.,Inda irandya cyane kandi ububabare ntibuhagarara.
"Ndakeneye ubufasha, maze umunsi wose mbabara ngerageza kubyara ariko umwana ntarasohoka kuva mu gitondo kandi nta miti mfite. Ndakeneye ubufasha vuba.",kinyarwanda,CRITICAL,obstetric,kinyarwanda->kinyarwanda:CRITICAL:obstetric,Maze umunsi wose mbabara ngerageza kubyara ariko umwana ntarasohoka.,Maze umunsi wose mbabara ngerageza kubyara ariko umwana ntarasohoka.
Ndashaka kukubwira ikibazo mfite. Maze umunsi wose mbabara ngerageza kubyara ariko umwana ntarasohoka kuva ubu gitondo cya kare kandi nta miti mfite. Naje mvuye kure.,kinyarwanda,CRITICAL,obstetric,kinyarwanda->kinyarwanda:CRITICAL:obstetric,Maze umunsi wose mbabara ngerageza kubyara ariko umwana ntarasohoka.,Maze umunsi wose mbabara ngerageza kubyara ariko umwana ntarasohoka.
Mushiki wanjye ahumeka bimugora cyane kandi iminwa ye yahindutse ibara kuva ijoro ryashize kandi birushaho kuba bibi,kinyarwanda,CRITICAL,cardiac_respiratory,kinyarwanda->kinyarwanda:CRITICAL:cardiac_respiratory,{REL} ahumeka bimugora cyane kandi iminwa ye yahindutse ibara.,guhumeka birangora cyane kandi iminwa yanjye yahindutse ibara
"Nyabuneka, iyo umukecuru ahumetse cyane, arumva mu gituza hamubabaza kuva ijoro ryashize kandi ndahangayitse. Mfasha muganga.",kinyarwanda,URGENT,cardiac_respiratory,kinyarwanda->kinyarwanda:URGENT:cardiac_respiratory,"Iyo {REL} ahumetse cyane, arumva mu gituza hamubabaza.","Iyo {REL} ahumetse cyane, arumva mu gituza hamubabaza."
"Nyabuneka, umuturanyi wanjye ahumeka bimugora cyane kandi iminwa ye yahindutse ibara kuva ejo. Byatangiye gitunguranye. Ndakeneye ubufasha vuba.",kinyarwanda,CRITICAL,cardiac_respiratory,kinyarwanda->kinyarwanda:CRITICAL:cardiac_respiratory,{REL} ahumeka bimugora cyane kandi iminwa ye yahindutse ibara.,guhumeka birangora cyane kandi iminwa yanjye yahindutse ibara
"Mfasha vuba, mfite umuhaha kuva ijoro ryashize. Ni imiti ki nafata?",kinyarwanda,URGENT,paediatric,kinyarwanda->kinyarwanda:URGENT:paediatric,Mfite umuhaha.,Mfite umuhaha.
Ndashaka kukubwira ikibazo mfite. Maze iminsi itatu ndwaye impiswi zikomeye kuva mu gitondo. Abandi bana na bo bafite iki kibazo. Nkora iki?,kinyarwanda,URGENT,gastrointestinal,kinyarwanda->kinyarwanda:URGENT:gastrointestinal,maze iminsi itatu ndwaye impiswi zikomeye,maze iminsi itatu ndwaye impiswi zikomeye
"Ndashaka kukubwira ikibazo mfite. Papa afite ibimenyetso bya malariya, umuriro n'imbeho kuva hashize iminsi ibiri kandi sinshobora gusinzira. Ese ibi birakomeye?",kinyarwanda,URGENT,infectious_fever,kinyarwanda->kinyarwanda:URGENT:infectious_fever,"{REL} afite ibimenyetso bya malariya, umuriro n'imbeho.","Mfite ibimenyetso bya malariya, umuriro n'imbeho."
"Nzanye umwana wanjye, mushiki wanjye afite ibimenyetso bya malariya, umuriro n'imbeho kuva mu gitondo bikarushaho nijoro",kinyarwanda,URGENT,infectious_fever,kinyarwanda->kinyarwanda:URGENT:infectious_fever,"{REL} afite ibimenyetso bya malariya, umuriro n'imbeho.","Mfite ibimenyetso bya malariya, umuriro n'imbeho."
"Mfasha, umuturanyi wanjye ahumeka bimugora cyane kandi iminwa ye yahindutse ibara kuva ejo biragenda bikagaruka",kinyarwanda,CRITICAL,cardiac_respiratory,kinyarwanda->kinyarwanda:CRITICAL:cardiac_respiratory,{REL} ahumeka bimugora cyane kandi iminwa ye yahindutse ibara.,guhumeka birangora cyane kandi iminwa yanjye yahindutse ibara
"Simbizi niba bikomeye ariko, mfite umuhaha kuva hashize iminsi ibiri. Abandi bana na bo bafite iki kibazo.",kinyarwanda,URGENT,paediatric,kinyarwanda->kinyarwanda:URGENT:paediatric,Mfite umuhaha.,Mfite umuhaha.
"Ndashaka kukubwira ikibazo mfite. Iyo umwana wanjye ahumetse cyane, arumva mu gituza hamubabaza kuva ejo kandi sinshobora gusinzira. Ndakeneye ubufasha vuba.",kinyarwanda,URGENT,cardiac_respiratory,kinyarwanda->kinyarwanda:URGENT:cardiac_respiratory,"Iyo {REL} ahumetse cyane, arumva mu gituza hamubabaza.","Iyo {REL} ahumetse cyane, arumva mu gituza hamubabaza."
"Mfasha, umugabo wanjye ahumeka bimugora cyane kandi iminwa ye yahindutse ibara kandi nta miti mfite. Ntabasha kubona amafaranga yo kongera kuza kwa muganga.",kinyarwanda,CRITICAL,cardiac_respiratory,kinyarwanda->kinyarwanda:CRITICAL:cardiac_respiratory,{REL} ahumeka bimugora cyane kandi iminwa ye yahindutse ibara.,guhumeka birangora cyane kandi iminwa yanjye yahindutse ibara
"Mumbabarire, ndashaka kubabwira ikibazo mfite. Iyo umugore wanjye ahumetse cyane, arumva mu gituza hamubabaza kandi ndahangayitse. Naje mvuye kure.",kinyarwanda,URGENT,cardiac_respiratory,kinyarwanda->kinyarwanda:URGENT:cardiac_respiratory,"Iyo {REL} ahumetse cyane, arumva mu gituza hamubabaza.","Iyo {REL} ahumetse cyane, arumva mu gituza hamubabaza."
"Mfasha, mfite ikibazo ku mutwe kandi kirimo guterwa n'urumuri kuva mu cyumweru gishize kandi nta miti mfite. Ni imiti ki nafata?",kinyarwanda,URGENT,neurological,kinyarwanda->kinyarwanda:URGENT:neurological,Mfite ikibazo ku mutwe kandi kirimo guterwa n'urumuri.,Mfite ikibazo ku mutwe kandi kirimo guterwa n'urumuri.
Ndashaka kukubwira ikibazo mfite. Umukecuru ahumeka bimugora cyane kandi iminwa ye yahindutse ibara kuva ejo kandi nta miti mfite. Ese ibi birakomeye?,kinyarwanda,CRITICAL,cardiac_respiratory,kinyarwanda->kinyarwanda:CRITICAL:cardiac_respiratory,{REL} ahumeka bimugora cyane kandi iminwa ye yahindutse ibara.,guhumeka birangora cyane kandi iminwa yanjye yahindutse ibara
"Nyabuneka, mfite igisebe ku kirenge kidakira kandi mfite diyabete kuva mu gitondo biragenda bikagaruka. Ntabasha kubona amafaranga yo kongera kuza kwa muganga.",kinyarwanda,URGENT,chronic_care,kinyarwanda->kinyarwanda:URGENT:chronic_care,Mfite igisebe ku kirenge kidakira kandi mfite diyabete.,Mfite igisebe ku kirenge kidakira kandi mfite diyabete.
"Mfasha, mfite umuhaha kuva mu masaha abiri ashize biragenda bikagaruka. Ntabasha kubona amafaranga yo kongera kuza kwa muganga.",kinyarwanda,URGENT,paediatric,kinyarwanda->kinyarwanda:URGENT:paediatric,Mfite umuhaha.,Mfite umuhaha.
Ndashaka kukubwira ikibazo mfite. Umugore wanjye arababara cyane mu nda kandi ububabare ntibuhagarara kuva hashize iminsi itatu kandi nta miti mfite. Mfasha muganga.,kinyarwanda,URGENT,gastrointestinal,kinyarwanda->kinyarwanda:URGENT:gastrointestinal,{REL} arababara cyane mu nda kandi ububabare ntibuhagarara.,Inda irandya cyane kandi ububabare ntibuhagarara.
"Simbizi niba bikomeye ariko, umuvuduko w'amaraso wanjye wazamutse cyane kandi umutwe urandya cyane kuva mu masaha abiri ashize nta miti imfasha. Nkora iki?",kinyarwanda,URGENT,chronic_care,kinyarwanda->kinyarwanda:URGENT:chronic_care,Umuvuduko w'amaraso wanjye wazamutse cyane kandi umutwe urandya cyane.,Umuvuduko w'amaraso wanjye wazamutse cyane kandi umutwe urandya cyane.
"Muganga, maze iminsi itatu ndwaye impiswi zikomeye kuva hashize iminsi ibiri. Abandi bana na bo bafite iki kibazo. Urakoze.",kinyarwanda,URGENT,gastrointestinal,kinyarwanda->kinyarwanda:URGENT:gastrointestinal,maze iminsi itatu ndwaye impiswi zikomeye,maze iminsi itatu ndwaye impiswi zikomeye
"Mfasha, papa afite igisebe ku kirenge kidakira kandi afite diyabete kuva mu cyumweru gishize biragenda bikagaruka. Ese ibi birakomeye?",kinyarwanda,URGENT,chronic_care,kinyarwanda->kinyarwanda:URGENT:chronic_care,{REL} afite igisebe ku kirenge kidakira kandi afite diyabete.,Mfite igisebe ku kirenge kidakira kandi mfite diyabete.
Ndashaka kukubwira ikibazo mfite. Mama ari kubyara ariko umugozi w'umwana wabanje gusohoka kuva mu cyumweru gishize kandi nta miti mfite. Ntabasha kubona amafaranga yo kongera kuza kwa muganga.,kinyarwanda,CRITICAL,obstetric,kinyarwanda->kinyarwanda:CRITICAL:obstetric,{REL} ari kubyara ariko umugozi w'umwana wabanje gusohoka.,Ndabyara ariko habanje gusohoka umugozi w'umwana.
"Naje hano mbere, mfite igisebe ku kirenge kidakira kandi mfite diyabete kuva ubu gitondo cya kare kandi ndahangayitse. Ntegereze cyangwa nsuzumwe ubu?",kinyarwanda,URGENT,chronic_care,kinyarwanda->kinyarwanda:URGENT:chronic_care,Mfite igisebe ku kirenge kidakira kandi mfite diyabete.,Mfite igisebe ku kirenge kidakira kandi mfite diyabete.
"Muraho, mama afite gahunda yo gukingiza umwana kuva ejo. Byatangiye gitunguranye. Mfasha muganga.",kinyarwanda,ROUTINE,preventive,kinyarwanda->kinyarwanda:ROUTINE:preventive,{REL} afite gahunda yo gukingiza umwana.,Mfite gahunda yo gukingiza umwana.
"Muganga, mfite ikibazo ku mutwe kandi kirimo guterwa n'urumuri kuva mu cyumweru gishize nta miti imfasha. Ntabasha kubona amafaranga yo kongera kuza kwa muganga.",kinyarwanda,URGENT,neurological,kinyarwanda->kinyarwanda:URGENT:neurological,Mfite ikibazo ku mutwe kandi kirimo guterwa n'urumuri.,Mfite ikibazo ku mutwe kandi kirimo guterwa n'urumuri.
Ndashaka kukubwira ikibazo mfite. Umuturanyi wanjye afite gahunda yo gukingiza umwana kuva mu masaha abiri ashize kandi ndahangayitse. Urakoze.,kinyarwanda,ROUTINE,preventive,kinyarwanda->kinyarwanda:ROUTINE:preventive,{REL} afite gahunda yo gukingiza umwana.,Mfite gahunda yo gukingiza umwana.
"Muganga, umuturanyi wanjye arababara cyane mu nda kandi ububabare ntibuhagarara kuva ijoro ryashize kandi nta miti mfite. Ntabasha kubona amafaranga yo kongera kuza kwa muganga.",kinyarwanda,URGENT,gastrointestinal,kinyarwanda->kinyarwanda:URGENT:gastrointestinal,{REL} arababara cyane mu nda kandi ububabare ntibuhagarara.,Inda irandya cyane kandi ububabare ntibuhagarara.
Mfite igisebe ku kirenge kidakira kandi mfite diyabete kuva hashize icyumweru biragenda bikagaruka. Ntabasha kubona amafaranga yo kongera kuza kwa muganga.,kinyarwanda,URGENT,chronic_care,kinyarwanda->kinyarwanda:URGENT:chronic_care,Mfite igisebe ku kirenge kidakira kandi mfite diyabete.,Mfite igisebe ku kirenge kidakira kandi mfite diyabete.
"Iyo umugabo wanjye ahumetse cyane, arumva mu gituza hamubabaza kuva mu gitondo kandi ndahangayitse. Ese ibi birakomeye?",kinyarwanda,URGENT,cardiac_respiratory,kinyarwanda->kinyarwanda:URGENT:cardiac_respiratory,"Iyo {REL} ahumetse cyane, arumva mu gituza hamubabaza.","Iyo {REL} ahumetse cyane, arumva mu gituza hamubabaza."
"Muganga, ndatwite kandi nagagaye kuva ijoro ryashize kandi ndahangayitse. Nkora iki?",kinyarwanda,CRITICAL,obstetric,kinyarwanda->kinyarwanda:CRITICAL:obstetric,Ndatwite kandi nagagaye.,Ndatwite kandi nagagaye.
"Nyabuneka, umukecuru afite gahunda yo gukingiza umwana kuva ubu gitondo cya kare nta miti imfasha. Naje mvuye kure.",kinyarwanda,ROUTINE,preventive,kinyarwanda->kinyarwanda:ROUTINE:preventive,{REL} afite gahunda yo gukingiza umwana.,Mfite gahunda yo gukingiza umwana.
"Naje hano mbere, umukecuru ahumeka bimugora cyane kandi iminwa ye yahindutse ibara kuva hashize icyumweru. Abandi bana na bo bafite iki kibazo. Nkora iki?",kinyarwanda,CRITICAL,cardiac_respiratory,kinyarwanda->kinyarwanda:CRITICAL:cardiac_respiratory,{REL} ahumeka bimugora cyane kandi iminwa ye yahindutse ibara.,guhumeka birangora cyane kandi iminwa yanjye yahindutse ibara
Ndashaka kukubwira ikibazo mfite. Maze iminsi itatu ndwaye impiswi zikomeye kuva hashize icyumweru kandi nta miti mfite. Urakoze.,kinyarwanda,URGENT,gastrointestinal,kinyarwanda->kinyarwanda:URGENT:gastrointestinal,maze iminsi itatu ndwaye impiswi zikomeye,maze iminsi itatu ndwaye impiswi zikomeye
"Naje hano mbere, mfite ikibazo ku mutwe kandi kirimo guterwa n'urumuri kuva mu gitondo nta miti imfasha. Urakoze.",kinyarwanda,URGENT,neurological,kinyarwanda->kinyarwanda:URGENT:neurological,Mfite ikibazo ku mutwe kandi kirimo guterwa n'urumuri.,Mfite ikibazo ku mutwe kandi kirimo guterwa n'urumuri.
"Mfasha, umuvuduko w'amaraso wanjye wazamutse cyane kandi umutwe urandya cyane kuva mu cyumweru gishize bikarushaho nijoro. Ndakeneye ubufasha vuba.",kinyarwanda,URGENT,chronic_care,kinyarwanda->kinyarwanda:URGENT:chronic_care,Umuvuduko w'amaraso wanjye wazamutse cyane kandi umutwe urandya cyane.,Umuvuduko w'amaraso wanjye wazamutse cyane kandi umutwe urandya cyane.
"Mfasha vuba, mfite umuhaha kuva ijoro ryashize kandi ndahangayitse. Mfasha muganga.",kinyarwanda,URGENT,paediatric,kinyarwanda->kinyarwanda:URGENT:paediatric,Mfite umuhaha.,Mfite umuhaha.
"Muganga, maze umunsi wose mbabara ngerageza kubyara ariko umwana ntarasohoka kuva mu gitondo bikarushaho nijoro. Ese ibi birakomeye?",kinyarwanda,CRITICAL,obstetric,kinyarwanda->kinyarwanda:CRITICAL:obstetric,Maze umunsi wose mbabara ngerageza kubyara ariko umwana ntarasohoka.,Maze umunsi wose mbabara ngerageza kubyara ariko umwana ntarasohoka.
"Muganga, ndashaka kugirwa inama ku mazi yo kunywa kuva mu cyumweru gishize. Abandi bana na bo bafite iki kibazo. Ndakeneye ubufasha vuba.",kinyarwanda,ROUTINE,preventive,kinyarwanda->kinyarwanda:ROUTINE:preventive,Ndashaka kugirwa inama ku mazi yo kunywa.,Ndashaka kugirwa inama ku mazi yo kunywa.
"Ndakeneye ubufasha, mfite umuhaha kuva hashize iminsi itatu biragenda bikagaruka. Ndakeneye ubufasha vuba.",kinyarwanda,URGENT,paediatric,kinyarwanda->kinyarwanda:URGENT:paediatric,Mfite umuhaha.,Mfite umuhaha.
"Mfasha, mfite ikibazo ku mutwe kandi kirimo guterwa n'urumuri kuva hashize iminsi ibiri. Naje mvuye kure.",kinyarwanda,URGENT,neurological,kinyarwanda->kinyarwanda:URGENT:neurological,Mfite ikibazo ku mutwe kandi kirimo guterwa n'urumuri.,Mfite ikibazo ku mutwe kandi kirimo guterwa n'urumuri.
"Ndakeneye ubufasha, iyo umugabo wanjye ahumetse cyane, arumva mu gituza hamubabaza kuva hashize iminsi ibiri kandi birushaho kuba bibi. Ndakeneye ubufasha vuba.",kinyarwanda,URGENT,cardiac_respiratory,kinyarwanda->kinyarwanda:URGENT:cardiac_respiratory,"Iyo {REL} ahumetse cyane, arumva mu gituza hamubabaza.","Iyo {REL} ahumetse cyane, arumva mu gituza hamubabaza."
"Ndakeneye ubufasha, umuvuduko w'amaraso wanjye wazamutse cyane kandi umutwe urandya cyane kuva hashize icyumweru kandi nta miti mfite. Ese ibi birakomeye?",kinyarwanda,URGENT,chronic_care,kinyarwanda->kinyarwanda:URGENT:chronic_care,Umuvuduko w'amaraso wanjye wazamutse cyane kandi umutwe urandya cyane.,Umuvuduko w'amaraso wanjye wazamutse cyane kandi umutwe urandya cyane.
"Nyabuneka, mama ahumeka bimugora cyane kandi iminwa ye yahindutse ibara kuva ubu gitondo cya kare. Byatangiye gitunguranye. Mfasha muganga.",kinyarwanda,CRITICAL,cardiac_respiratory,kinyarwanda->kinyarwanda:CRITICAL:cardiac_respiratory,{REL} ahumeka bimugora cyane kandi iminwa ye yahindutse ibara.,guhumeka birangora cyane kandi iminwa yanjye yahindutse ibara
"Mfasha, iyo umuturanyi wanjye ahumetse cyane, arumva mu gituza hamubabaza kuva ubu gitondo cya kare. Ndakeneye ubufasha vuba.",kinyarwanda,URGENT,cardiac_respiratory,kinyarwanda->kinyarwanda:URGENT:cardiac_respiratory,"Iyo {REL} ahumetse cyane, arumva mu gituza hamubabaza.","Iyo {REL} ahumetse cyane, arumva mu gituza hamubabaza."
"Mfasha vuba, ndatwite kandi nagagaye kuva ijoro ryashize nta miti imfasha. Nkora iki?",kinyarwanda,CRITICAL,obstetric,kinyarwanda->kinyarwanda:CRITICAL:obstetric,Ndatwite kandi nagagaye.,Ndatwite kandi nagagaye.
"Nyabuneka, umuturanyi wanjye afite igisebe ku kirenge kidakira kandi afite diyabete kuva mu masaha abiri ashize biragenda bikagaruka. Naje mvuye kure.",kinyarwanda,URGENT,chronic_care,kinyarwanda->kinyarwanda:URGENT:chronic_care,{REL} afite igisebe ku kirenge kidakira kandi afite diyabete.,Mfite igisebe ku kirenge kidakira kandi mfite diyabete.
"Ndakeneye ubufasha, umuvuduko w'amaraso wanjye wazamutse cyane kandi umutwe urandya cyane kuva ijoro ryashize. Abandi bana na bo bafite iki kibazo. Murakoze.",kinyarwanda,URGENT,chronic_care,kinyarwanda->kinyarwanda:URGENT:chronic_care,Umuvuduko w'amaraso wanjye wazamutse cyane kandi umutwe urandya cyane.,Umuvuduko w'amaraso wanjye wazamutse cyane kandi umutwe urandya cyane.
"Mfasha vuba, umukecuru afite ibimenyetso bya malariya, umuriro n'imbeho kuva hashize icyumweru nta miti imfasha. Murakoze.",kinyarwanda,URGENT,infectious_fever,kinyarwanda->kinyarwanda:URGENT:infectious_fever,"{REL} afite ibimenyetso bya malariya, umuriro n'imbeho.","Mfite ibimenyetso bya malariya, umuriro n'imbeho."
"Muganga, mushiki wanjye yabyimbye ibirenge kandi ntashobora guhumeka neza iyo aragaramye kuva mu masaha abiri ashize biragenda bikagaruka. Ni imiti ki nafata?",kinyarwanda,URGENT,chronic_care,kinyarwanda->kinyarwanda:URGENT:chronic_care,{REL} yabyimbye ibirenge kandi ntashobora guhumeka neza iyo aragaramye.,Nabyimbye ibirenge kandi sinshobora guhumeka neza iyo ndagaramye.
"Muganga, papa afite impiswi zikomeye kandi yagize umwuma kuva mu gitondo. Abandi bana na bo bafite iki kibazo. Naje mvuye kure.",kinyarwanda,CRITICAL,gastrointestinal,kinyarwanda->kinyarwanda:CRITICAL:gastrointestinal,{REL} afite impiswi zikomeye kandi yagize umwuma.,{REL} afite impiswi zikomeye kandi yagize umwuma.
"Muraho, ndashaka kugirwa inama ku mazi yo kunywa biragenda bikagaruka. Mfasha muganga.",kinyarwanda,ROUTINE,preventive,kinyarwanda->kinyarwanda:ROUTINE:preventive,Ndashaka kugirwa inama ku mazi yo kunywa.,Ndashaka kugirwa inama ku mazi yo kunywa.
"Ndakeneye ubufasha, mu rugo hari umuntu urwaye igituntu kandi umwana wanjye ashaka kwisuzumisha kuva hashize icyumweru. Murakoze.",kinyarwanda,URGENT,preventive,kinyarwanda->kinyarwanda:URGENT:preventive,Mu rugo hari umuntu urwaye igituntu kandi {REL} ashaka kwisuzumisha.,Mu rugo hari umuntu urwaye igituntu kandi ndashaka kwisuzumisha.
"Naje hano mbere, umukecuru afite ibimenyetso bya malariya, umuriro n'imbeho biragenda bikagaruka. Ni imiti ki nafata?",kinyarwanda,URGENT,infectious_fever,kinyarwanda->kinyarwanda:URGENT:infectious_fever,"{REL} afite ibimenyetso bya malariya, umuriro n'imbeho.","Mfite ibimenyetso bya malariya, umuriro n'imbeho."
"Mfasha vuba, mfite igisebe ku kirenge kidakira kandi mfite diyabete kuva mu gitondo nta miti imfasha. Ndakeneye ubufasha vuba.",kinyarwanda,URGENT,chronic_care,kinyarwanda->kinyarwanda:URGENT:chronic_care,Mfite igisebe ku kirenge kidakira kandi mfite diyabete.,Mfite igisebe ku kirenge kidakira kandi mfite diyabete.
"Ndakeneye ubufasha, maze umunsi wose mbabara ngerageza kubyara ariko umwana ntarasohoka. Ni imiti ki nafata?",kinyarwanda,CRITICAL,obstetric,kinyarwanda->kinyarwanda:CRITICAL:obstetric,Maze umunsi wose mbabara ngerageza kubyara ariko umwana ntarasohoka.,Maze umunsi wose mbabara ngerageza kubyara ariko umwana ntarasohoka.
"Muganga, umwana wanjye ahumeka bimugora cyane kandi iminwa ye yahindutse ibara kuva mu gitondo nta miti imfasha. Ndakeneye ubufasha vuba.",kinyarwanda,CRITICAL,cardiac_respiratory,kinyarwanda->kinyarwanda:CRITICAL:cardiac_respiratory,{REL} ahumeka bimugora cyane kandi iminwa ye yahindutse ibara.,guhumeka birangora cyane kandi iminwa yanjye yahindutse ibara
Umugore wanjye afite impiswi zikomeye kandi yagize umwuma kuva ubu gitondo cya kare nta miti imfasha. Ntabasha kubona amafaranga yo kongera kuza kwa muganga.,kinyarwanda,CRITICAL,gastrointestinal,kinyarwanda->kinyarwanda:CRITICAL:gastrointestinal,{REL} afite impiswi zikomeye kandi yagize umwuma.,{REL} afite impiswi zikomeye kandi yagize umwuma.
"Nyabuneka, ndashaka kugirwa inama ku mazi yo kunywa kuva mu cyumweru gishize biragenda bikagaruka. Ndakeneye ubufasha vuba.",kinyarwanda,ROUTINE,preventive,kinyarwanda->kinyarwanda:ROUTINE:preventive,Ndashaka kugirwa inama ku mazi yo kunywa.,Ndashaka kugirwa inama ku mazi yo kunywa.
"Ndakeneye ubufasha, mfite umuhaha kuva ejo. Abandi bana na bo bafite iki kibazo. Murakoze.",kinyarwanda,URGENT,paediatric,kinyarwanda->kinyarwanda:URGENT:paediatric,Mfite umuhaha.,Mfite umuhaha.
"Mumbabarire, ndashaka kubabwira ikibazo mfite. Umuturanyi wanjye afite ibimenyetso bya malariya, umuriro n'imbeho kuva hashize iminsi ibiri kandi nta miti mfite. Ese ibi birakomeye?",kinyarwanda,URGENT,infectious_fever,kinyarwanda->kinyarwanda:URGENT:infectious_fever,"{REL} afite ibimenyetso bya malariya, umuriro n'imbeho.","Mfite ibimenyetso bya malariya, umuriro n'imbeho."
"Mumbabarire, ndashaka kubabwira ikibazo mfite. Mama yabyimbye ibirenge kandi ntashobora guhumeka neza iyo aragaramye bikarushaho nijoro. Ntabasha kubona amafaranga yo kongera kuza kwa muganga.",kinyarwanda,URGENT,chronic_care,kinyarwanda->kinyarwanda:URGENT:chronic_care,{REL} yabyimbye ibirenge kandi ntashobora guhumeka neza iyo aragaramye.,Nabyimbye ibirenge kandi sinshobora guhumeka neza iyo ndagaramye.
"Naje hano mbere, mushiki wanjye afite gahunda yo gukingiza umwana kuva hashize icyumweru kandi birushaho kuba bibi. Urakoze.",kinyarwanda,ROUTINE,preventive,kinyarwanda->kinyarwanda:ROUTINE:preventive,{REL} afite gahunda yo gukingiza umwana.,Mfite gahunda yo gukingiza umwana.
"Ndakeneye ubufasha, mushiki wanjye afite ibimenyetso bya malariya, umuriro n'imbeho kuva mu gitondo bikarushaho nijoro. Ntegereze cyangwa nsuzumwe ubu?",kinyarwanda,URGENT,infectious_fever,kinyarwanda->kinyarwanda:URGENT:infectious_fever,"{REL} afite ibimenyetso bya malariya, umuriro n'imbeho.","Mfite ibimenyetso bya malariya, umuriro n'imbeho."
"Muraho, ndashaka kugirwa inama ku mazi yo kunywa kuva ubu gitondo cya kare biragenda bikagaruka. Ese ibi birakomeye?",kinyarwanda,ROUTINE,preventive,kinyarwanda->kinyarwanda:ROUTINE:preventive,Ndashaka kugirwa inama ku mazi yo kunywa.,Ndashaka kugirwa inama ku mazi yo kunywa.
"Mfasha vuba, mfite umuhaha kuva hashize icyumweru bikarushaho nijoro. Ese ibi birakomeye?",kinyarwanda,URGENT,paediatric,kinyarwanda->kinyarwanda:URGENT:paediatric,Mfite umuhaha.,Mfite umuhaha.
"Muganga, umuvuduko w'amaraso wanjye wazamutse cyane kandi umutwe urandya cyane kuva hashize icyumweru kandi nta miti mfite. Nkora iki?",kinyarwanda,URGENT,chronic_care,kinyarwanda->kinyarwanda:URGENT:chronic_care,Umuvuduko w'amaraso wanjye wazamutse cyane kandi umutwe urandya cyane.,Umuvuduko w'amaraso wanjye wazamutse cyane kandi umutwe urandya cyane.
"Mfasha, umwana wanjye arababara cyane mu nda kandi ububabare ntibuhagarara kuva mu gitondo kandi nta miti mfite. Murakoze.",kinyarwanda,URGENT,gastrointestinal,kinyarwanda->kinyarwanda:URGENT:gastrointestinal,{REL} arababara cyane mu nda kandi ububabare ntibuhagarara.,Inda irandya cyane kandi ububabare ntibuhagarara.
"Nzanye umwana wanjye, papa afite igisebe ku kirenge kidakira kandi afite diyabete kuva mu cyumweru gishize kandi birushaho kuba bibi. Nkora iki?",kinyarwanda,URGENT,chronic_care,kinyarwanda->kinyarwanda:URGENT:chronic_care,{REL} afite igisebe ku kirenge kidakira kandi afite diyabete.,Mfite igisebe ku kirenge kidakira kandi mfite diyabete.
Umugabo wanjye yabyimbye ibirenge kandi ntashobora guhumeka neza iyo aragaramye kuva mu gitondo. Byatangiye gitunguranye. Nkora iki?,kinyarwanda,URGENT,chronic_care,kinyarwanda->kinyarwanda:URGENT:chronic_care,{REL} yabyimbye ibirenge kandi ntashobora guhumeka neza iyo aragaramye.,Nabyimbye ibirenge kandi sinshobora guhumeka neza iyo ndagaramye.
"Ndakeneye ubufasha, maze iminsi itatu ndwaye impiswi zikomeye kuva mu cyumweru gishize. Murakoze.",kinyarwanda,URGENT,gastrointestinal,kinyarwanda->kinyarwanda:URGENT:gastrointestinal,maze iminsi itatu ndwaye impiswi zikomeye,maze iminsi itatu ndwaye impiswi zikomeye
Umuturanyi wanjye afite gahunda yo gukingiza umwana bikarushaho nijoro. Ntabasha kubona amafaranga yo kongera kuza kwa muganga.,kinyarwanda,ROUTINE,preventive,kinyarwanda->kinyarwanda:ROUTINE:preventive,{REL} afite gahunda yo gukingiza umwana.,Mfite gahunda yo gukingiza umwana.
"Naje hano mbere, ndashaka kugirwa inama ku mazi yo kunywa kuva ijoro ryashize kandi birushaho kuba bibi. Ni imiti ki nafata?",kinyarwanda,ROUTINE,preventive,kinyarwanda->kinyarwanda:ROUTINE:preventive,Ndashaka kugirwa inama ku mazi yo kunywa.,Ndashaka kugirwa inama ku mazi yo kunywa.
"Mumbabarire, ndashaka kubabwira ikibazo mfite. Umugore wanjye afite ibimenyetso bya malariya, umuriro n'imbeho kuva hashize iminsi itatu nta miti imfasha. Ntegereze cyangwa nsuzumwe ubu?",kinyarwanda,URGENT,infectious_fever,kinyarwanda->kinyarwanda:URGENT:infectious_fever,"{REL} afite ibimenyetso bya malariya, umuriro n'imbeho.","Mfite ibimenyetso bya malariya, umuriro n'imbeho."
"Ndakeneye ubufasha, umugore wanjye afite igisebe ku kirenge kidakira kandi afite diyabete kuva mu masaha abiri ashize kandi birushaho kuba bibi. Ntabasha kubona amafaranga yo kongera kuza kwa muganga.",kinyarwanda,URGENT,chronic_care,kinyarwanda->kinyarwanda:URGENT:chronic_care,{REL} afite igisebe ku kirenge kidakira kandi afite diyabete.,Mfite igisebe ku kirenge kidakira kandi mfite diyabete.
"Ndakeneye ubufasha, umwana wanjye yabyimbye ibirenge kandi ntashobora guhumeka neza iyo aragaramye kuva mu gitondo",kinyarwanda,URGENT,chronic_care,kinyarwanda->kinyarwanda:URGENT:chronic_care,{REL} yabyimbye ibirenge kandi ntashobora guhumeka neza iyo aragaramye.,Nabyimbye ibirenge kandi sinshobora guhumeka neza iyo ndagaramye.
"Muganga, papa yabyimbye ibirenge kandi ntashobora guhumeka neza iyo aragaramye kuva hashize icyumweru bikarushaho nijoro. Ni imiti ki nafata?",kinyarwanda,URGENT,chronic_care,kinyarwanda->kinyarwanda:URGENT:chronic_care,{REL} yabyimbye ibirenge kandi ntashobora guhumeka neza iyo aragaramye.,Nabyimbye ibirenge kandi sinshobora guhumeka neza iyo ndagaramye.
"Naje hano mbere, papa afite impiswi zikomeye kandi yagize umwuma kuva ubu gitondo cya kare kandi nta miti mfite",kinyarwanda,CRITICAL,gastrointestinal,kinyarwanda->kinyarwanda:CRITICAL:gastrointestinal,{REL} afite impiswi zikomeye kandi yagize umwuma.,{REL} afite impiswi zikomeye kandi yagize umwuma.
"Mfasha vuba, mu rugo hari umuntu urwaye igituntu kandi ndashaka kwisuzumisha kuva mu masaha abiri ashize bikarushaho nijoro. Ni imiti ki nafata?",kinyarwanda,URGENT,preventive,kinyarwanda->kinyarwanda:URGENT:preventive,Mu rugo hari umuntu urwaye igituntu kandi ndashaka kwisuzumisha.,Mu rugo hari umuntu urwaye igituntu kandi ndashaka kwisuzumisha.
Ndashaka kukubwira ikibazo mfite. Umukecuru nta miti ya SIDA afite kuva ubu gitondo cya kare kandi nta miti mfite. Ntegereze cyangwa nsuzumwe ubu?,kinyarwanda,URGENT,chronic_care,kinyarwanda->kinyarwanda:URGENT:chronic_care,{REL} nta miti ya SIDA afite.,Nta miti ya SIDA mfite.
"Mumbabarire, ndashaka kubabwira ikibazo mfite. Umugabo wanjye afite igisebe ku kirenge kidakira kandi afite diyabete kuva hashize iminsi ibiri. Abandi bana na bo bafite iki kibazo. Ese ibi birakomeye?",kinyarwanda,URGENT,chronic_care,kinyarwanda->kinyarwanda:URGENT:chronic_care,{REL} afite igisebe ku kirenge kidakira kandi afite diyabete.,Mfite igisebe ku kirenge kidakira kandi mfite diyabete.
Ndashaka kukubwira ikibazo mfite. Mushiki wanjye yabyimbye ibirenge kandi ntashobora guhumeka neza iyo aragaramye kuva mu gitondo kandi birushaho kuba bibi. Nkora iki?,kinyarwanda,URGENT,chronic_care,kinyarwanda->kinyarwanda:URGENT:chronic_care,{REL} yabyimbye ibirenge kandi ntashobora guhumeka neza iyo aragaramye.,Nabyimbye ibirenge kandi sinshobora guhumeka neza iyo ndagaramye.
"Nyabuneka, ndashaka kugirwa inama ku mazi yo kunywa. Abandi bana na bo bafite iki kibazo. Urakoze.",kinyarwanda,ROUTINE,preventive,kinyarwanda->kinyarwanda:ROUTINE:preventive,Ndashaka kugirwa inama ku mazi yo kunywa.,Ndashaka kugirwa inama ku mazi yo kunywa.
"Muganga, umugabo wanjye afite ibimenyetso bya malariya, umuriro n'imbeho kuva ijoro ryashize kandi sinshobora gusinzira. Nkora iki?",kinyarwanda,URGENT,infectious_fever,kinyarwanda->kinyarwanda:URGENT:infectious_fever,"{REL} afite ibimenyetso bya malariya, umuriro n'imbeho.","Mfite ibimenyetso bya malariya, umuriro n'imbeho."
"Mfasha vuba, ndatwite kandi nagagaye kuva hashize icyumweru kandi birushaho kuba bibi. Ntegereze cyangwa nsuzumwe ubu?",kinyarwanda,CRITICAL,obstetric,kinyarwanda->kinyarwanda:CRITICAL:obstetric,Ndatwite kandi nagagaye.,Ndatwite kandi nagagaye.
"Mfasha, umuturanyi wanjye ari kubyara ariko umugozi w'umwana wabanje gusohoka kandi sinshobora gusinzira",kinyarwanda,CRITICAL,obstetric,kinyarwanda->kinyarwanda:CRITICAL:obstetric,{REL} ari kubyara ariko umugozi w'umwana wabanje gusohoka.,Ndabyara ariko habanje gusohoka umugozi w'umwana.
Ndashaka kukubwira ikibazo mfite. Mu rugo hari umuntu urwaye igituntu kandi mushiki wanjye ashaka kwisuzumisha kuva ejo. Byatangiye gitunguranye. Mfasha muganga.,kinyarwanda,URGENT,preventive,kinyarwanda->kinyarwanda:URGENT:preventive,Mu rugo hari umuntu urwaye igituntu kandi {REL} ashaka kwisuzumisha.,Mu rugo hari umuntu urwaye igituntu kandi ndashaka kwisuzumisha.
"Mumbabarire, ndashaka kubabwira ikibazo mfite. Iyo umwana wanjye ahumetse cyane, arumva mu gituza hamubabaza kuva ubu gitondo cya kare. Abandi bana na bo bafite iki kibazo. Murakoze.",kinyarwanda,URGENT,cardiac_respiratory,kinyarwanda->kinyarwanda:URGENT:cardiac_respiratory,"Iyo {REL} ahumetse cyane, arumva mu gituza hamubabaza.","Iyo {REL} ahumetse cyane, arumva mu gituza hamubabaza."
"Mfasha, papa nta miti ya SIDA afite kuva hashize iminsi ibiri. Abandi bana na bo bafite iki kibazo. Nkora iki?",kinyarwanda,URGENT,chronic_care,kinyarwanda->kinyarwanda:URGENT:chronic_care,{REL} nta miti ya SIDA afite.,Nta miti ya SIDA mfite.
"Mumbabarire, ndashaka kubabwira ikibazo mfite. Papa arababara cyane mu nda kandi ububabare ntibuhagarara kuva mu gitondo kandi birushaho kuba bibi. Mfasha muganga.",kinyarwanda,URGENT,gastrointestinal,kinyarwanda->kinyarwanda:URGENT:gastrointestinal,{REL} arababara cyane mu nda kandi ububabare ntibuhagarara.,Inda irandya cyane kandi ububabare ntibuhagarara.
"Muraho, maze iminsi itatu ndwaye impiswi zikomeye kuva ijoro ryashize kandi sinshobora gusinzira. Murakoze.",kinyarwanda,URGENT,gastrointestinal,kinyarwanda->kinyarwanda:URGENT:gastrointestinal,maze iminsi itatu ndwaye impiswi zikomeye,maze iminsi itatu ndwaye impiswi zikomeye
"Naje hano mbere, mushiki wanjye afite ibimenyetso bya malariya, umuriro n'imbeho kuva hashize icyumweru nta miti imfasha. Ntegereze cyangwa nsuzumwe ubu?",kinyarwanda,URGENT,infectious_fever,kinyarwanda->kinyarwanda:URGENT:infectious_fever,"{REL} afite ibimenyetso bya malariya, umuriro n'imbeho.","Mfite ibimenyetso bya malariya, umuriro n'imbeho."
Ndashaka kukubwira ikibazo mfite. Mu rugo hari umuntu urwaye igituntu kandi ndashaka kwisuzumisha kuva mu cyumweru gishize. Byatangiye gitunguranye.,kinyarwanda,URGENT,preventive,kinyarwanda->kinyarwanda:URGENT:preventive,Mu rugo hari umuntu urwaye igituntu kandi ndashaka kwisuzumisha.,Mu rugo hari umuntu urwaye igituntu kandi ndashaka kwisuzumisha.
"Simbizi niba bikomeye ariko, mushiki wanjye afite gahunda yo gukingiza umwana kuva mu gitondo. Abandi bana na bo bafite iki kibazo. Naje mvuye kure.",kinyarwanda,ROUTINE,preventive,kinyarwanda->kinyarwanda:ROUTINE:preventive,{REL} afite gahunda yo gukingiza umwana.,Mfite gahunda yo gukingiza umwana.
Ndashaka kukubwira ikibazo mfite. Mushiki wanjye ahumeka bimugora cyane kandi iminwa ye yahindutse ibara kuva ijoro ryashize. Ese ibi birakomeye?,kinyarwanda,CRITICAL,cardiac_respiratory,kinyarwanda->kinyarwanda:CRITICAL:cardiac_respiratory,{REL} ahumeka bimugora cyane kandi iminwa ye yahindutse ibara.,guhumeka birangora cyane kandi iminwa yanjye yahindutse ibara
"Ndashaka kukubwira ikibazo mfite. Papa afite ibimenyetso bya malariya, umuriro n'imbeho kuva hashize iminsi ibiri. Mfasha muganga.",kinyarwanda,URGENT,infectious_fever,kinyarwanda->kinyarwanda:URGENT:infectious_fever,"{REL} afite ibimenyetso bya malariya, umuriro n'imbeho.","Mfite ibimenyetso bya malariya, umuriro n'imbeho."
"Mumbabarire, ndashaka kubabwira ikibazo mfite. Mu rugo hari umuntu urwaye igituntu kandi ndashaka kwisuzumisha biragenda bikagaruka. Murakoze.",kinyarwanda,URGENT,preventive,kinyarwanda->kinyarwanda:URGENT:preventive,Mu rugo hari umuntu urwaye igituntu kandi ndashaka kwisuzumisha.,Mu rugo hari umuntu urwaye igituntu kandi ndashaka kwisuzumisha.
"Mumbabarire, ndashaka kubabwira ikibazo mfite. Umugore wanjye ari kubyara ariko umugozi w'umwana wabanje gusohoka kuva hashize icyumweru. Byatangiye gitunguranye. Mfasha muganga.",kinyarwanda,CRITICAL,obstetric,kinyarwanda->kinyarwanda:CRITICAL:obstetric,{REL} ari kubyara ariko umugozi w'umwana wabanje gusohoka.,Ndabyara ariko habanje gusohoka umugozi w'umwana.
"Muganga, mfite ikibazo ku mutwe kandi kirimo guterwa n'urumuri kuva hashize iminsi itatu kandi birushaho kuba bibi. Ntegereze cyangwa nsuzumwe ubu?",kinyarwanda,URGENT,neurological,kinyarwanda->kinyarwanda:URGENT:neurological,Mfite ikibazo ku mutwe kandi kirimo guterwa n'urumuri.,Mfite ikibazo ku mutwe kandi kirimo guterwa n'urumuri.
"Naje hano mbere, mushiki wanjye arababara cyane mu nda kandi ububabare ntibuhagarara kandi birushaho kuba bibi. Ntegereze cyangwa nsuzumwe ubu?",kinyarwanda,URGENT,gastrointestinal,kinyarwanda->kinyarwanda:URGENT:gastrointestinal,{REL} arababara cyane mu nda kandi ububabare ntibuhagarara.,Inda irandya cyane kandi ububabare ntibuhagarara.
"Nyabuneka, mushiki wanjye ari kubyara ariko umugozi w'umwana wabanje gusohoka kuva hashize iminsi itatu kandi sinshobora gusinzira. Ni imiti ki nafata?",kinyarwanda,CRITICAL,obstetric,kinyarwanda->kinyarwanda:CRITICAL:obstetric,{REL} ari kubyara ariko umugozi w'umwana wabanje gusohoka.,Ndabyara ariko habanje gusohoka umugozi w'umwana.
"Muraho, umugabo wanjye yabyimbye ibirenge kandi ntashobora guhumeka neza iyo aragaramye kuva ubu gitondo cya kare kandi nta miti mfite. Ndakeneye ubufasha vuba.",kinyarwanda,URGENT,chronic_care,kinyarwanda->kinyarwanda:URGENT:chronic_care,{REL} yabyimbye ibirenge kandi ntashobora guhumeka neza iyo aragaramye.,Nabyimbye ibirenge kandi sinshobora guhumeka neza iyo ndagaramye.
"Muganga, mushiki wanjye nta miti ya SIDA afite kuva hashize iminsi ibiri. Abandi bana na bo bafite iki kibazo. Ndakeneye ubufasha vuba.",kinyarwanda,URGENT,chronic_care,kinyarwanda->kinyarwanda:URGENT:chronic_care,{REL} nta miti ya SIDA afite.,Nta miti ya SIDA mfite.
"Nyabuneka, umuvuduko w'amaraso wanjye wazamutse cyane kandi umutwe urandya cyane kuva hashize iminsi ibiri bikarushaho nijoro. Mfasha muganga.",kinyarwanda,URGENT,chronic_care,kinyarwanda->kinyarwanda:URGENT:chronic_care,Umuvuduko w'amaraso wanjye wazamutse cyane kandi umutwe urandya cyane.,Umuvuduko w'amaraso wanjye wazamutse cyane kandi umutwe urandya cyane.
"Nyabuneka, umwana wanjye afite impiswi zikomeye kandi yagize umwuma kuva ubu gitondo cya kare biragenda bikagaruka. Ntegereze cyangwa nsuzumwe ubu?",kinyarwanda,CRITICAL,gastrointestinal,kinyarwanda->kinyarwanda:CRITICAL:gastrointestinal,{REL} afite impiswi zikomeye kandi yagize umwuma.,{REL} afite impiswi zikomeye kandi yagize umwuma.
"Simbizi niba bikomeye ariko, mama ari kubyara ariko umugozi w'umwana wabanje gusohoka. Ntegereze cyangwa nsuzumwe ubu?",kinyarwanda,CRITICAL,obstetric,kinyarwanda->kinyarwanda:CRITICAL:obstetric,{REL} ari kubyara ariko umugozi w'umwana wabanje gusohoka.,Ndabyara ariko habanje gusohoka umugozi w'umwana.
"Muraho, umugore wanjye afite impiswi zikomeye kandi yagize umwuma kuva ubu gitondo cya kare kandi nta miti mfite. Naje mvuye kure.",kinyarwanda,CRITICAL,gastrointestinal,kinyarwanda->kinyarwanda:CRITICAL:gastrointestinal,{REL} afite impiswi zikomeye kandi yagize umwuma.,{REL} afite impiswi zikomeye kandi yagize umwuma.
Mfite igisebe ku kirenge kidakira kandi mfite diyabete kuva ijoro ryashize kandi sinshobora gusinzira. Ntegereze cyangwa nsuzumwe ubu?,kinyarwanda,URGENT,chronic_care,kinyarwanda->kinyarwanda:URGENT:chronic_care,Mfite igisebe ku kirenge kidakira kandi mfite diyabete.,Mfite igisebe ku kirenge kidakira kandi mfite diyabete.
"Nzanye umwana wanjye, umukecuru yabyimbye ibirenge kandi ntashobora guhumeka neza iyo aragaramye kuva mu masaha abiri ashize. Byatangiye gitunguranye. Murakoze.",kinyarwanda,URGENT,chronic_care,kinyarwanda->kinyarwanda:URGENT:chronic_care,{REL} yabyimbye ibirenge kandi ntashobora guhumeka neza iyo aragaramye.,Nabyimbye ibirenge kandi sinshobora guhumeka neza iyo ndagaramye.
"Mfasha vuba, mama arababara cyane mu nda kandi ububabare ntibuhagarara. Urakoze.",kinyarwanda,URGENT,gastrointestinal,kinyarwanda->kinyarwanda:URGENT:gastrointestinal,{REL} arababara cyane mu nda kandi ububabare ntibuhagarara.,Inda irandya cyane kandi ububabare ntibuhagarara.
"Muganga, maze iminsi itatu ndwaye impiswi zikomeye kuva hashize icyumweru. Byatangiye gitunguranye. Ni imiti ki nafata?",kinyarwanda,URGENT,gastrointestinal,kinyarwanda->kinyarwanda:URGENT:gastrointestinal,maze iminsi itatu ndwaye impiswi zikomeye,maze iminsi itatu ndwaye impiswi zikomeye
"Mfasha vuba, maze iminsi itatu ndwaye impiswi zikomeye kuva hashize icyumweru kandi ndahangayitse. Ntegereze cyangwa nsuzumwe ubu?",kinyarwanda,URGENT,gastrointestinal,kinyarwanda->kinyarwanda:URGENT:gastrointestinal,maze iminsi itatu ndwaye impiswi zikomeye,maze iminsi itatu ndwaye impiswi zikomeye
"Nyabuneka, ndashaka kugirwa inama ku mazi yo kunywa kuva ijoro ryashize. Byatangiye gitunguranye. Naje mvuye kure.",kinyarwanda,ROUTINE,preventive,kinyarwanda->kinyarwanda:ROUTINE:preventive,Ndashaka kugirwa inama ku mazi yo kunywa.,Ndashaka kugirwa inama ku mazi yo kunywa.
"Ndakeneye ubufasha, umuvuduko w'amaraso wanjye wazamutse cyane kandi umutwe urandya cyane kuva ubu gitondo cya kare nta miti imfasha. Urakoze.",kinyarwanda,URGENT,chronic_care,kinyarwanda->kinyarwanda:URGENT:chronic_care,Umuvuduko w'amaraso wanjye wazamutse cyane kandi umutwe urandya cyane.,Umuvuduko w'amaraso wanjye wazamutse cyane kandi umutwe urandya cyane.
"Simbizi niba bikomeye ariko, mama ari kubyara ariko umugozi w'umwana wabanje gusohoka kuva ejo kandi birushaho kuba bibi. Naje mvuye kure.",kinyarwanda,CRITICAL,obstetric,kinyarwanda->kinyarwanda:CRITICAL:obstetric,{REL} ari kubyara ariko umugozi w'umwana wabanje gusohoka.,Ndabyara ariko habanje gusohoka umugozi w'umwana.
"Mfasha vuba, umuvuduko w'amaraso wanjye wazamutse cyane kandi umutwe urandya cyane kuva ijoro ryashize kandi ndahangayitse. Nkora iki?",kinyarwanda,URGENT,chronic_care,kinyarwanda->kinyarwanda:URGENT:chronic_care,Umuvuduko w'amaraso wanjye wazamutse cyane kandi umutwe urandya cyane.,Umuvuduko w'amaraso wanjye wazamutse cyane kandi umutwe urandya cyane.
"Muganga, umukecuru nta miti ya SIDA afite. Mfasha muganga.",kinyarwanda,URGENT,chronic_care,kinyarwanda->kinyarwanda:URGENT:chronic_care,{REL} nta miti ya SIDA afite.,Nta miti ya SIDA mfite.
"Muganga, mfite igisebe ku kirenge kidakira kandi mfite diyabete kuva mu masaha abiri ashize nta miti imfasha. Ese ibi birakomeye?",kinyarwanda,URGENT,chronic_care,kinyarwanda->kinyarwanda:URGENT:chronic_care,Mfite igisebe ku kirenge kidakira kandi mfite diyabete.,Mfite igisebe ku kirenge kidakira kandi mfite diyabete.
"Muganga, umugore wanjye ahumeka bimugora cyane kandi iminwa ye yahindutse ibara kuva mu cyumweru gishize biragenda bikagaruka. Ndakeneye ubufasha vuba.",kinyarwanda,CRITICAL,cardiac_respiratory,kinyarwanda->kinyarwanda:CRITICAL:cardiac_respiratory,{REL} ahumeka bimugora cyane kandi iminwa ye yahindutse ibara.,guhumeka birangora cyane kandi iminwa yanjye yahindutse ibara
"Mfasha vuba, ndatwite kandi nagagaye kuva hashize iminsi ibiri bikarushaho nijoro. Ese ibi birakomeye?",kinyarwanda,CRITICAL,obstetric,kinyarwanda->kinyarwanda:CRITICAL:obstetric,Ndatwite kandi nagagaye.,Ndatwite kandi nagagaye.
"Ndakeneye ubufasha, iyo umuturanyi wanjye ahumetse cyane, arumva mu gituza hamubabaza kuva ejo. Byatangiye gitunguranye. Naje mvuye kure.",kinyarwanda,URGENT,cardiac_respiratory,kinyarwanda->kinyarwanda:URGENT:cardiac_respiratory,"Iyo {REL} ahumetse cyane, arumva mu gituza hamubabaza.","Iyo {REL} ahumetse cyane, arumva mu gituza hamubabaza."
"Mfasha vuba, mushiki wanjye nta miti ya SIDA afite kuva mu masaha abiri ashize. Abandi bana na bo bafite iki kibazo. Ntabasha kubona amafaranga yo kongera kuza kwa muganga.",kinyarwanda,URGENT,chronic_care,kinyarwanda->kinyarwanda:URGENT:chronic_care,{REL} nta miti ya SIDA afite.,Nta miti ya SIDA mfite.
"Nyabuneka, mushiki wanjye ahumeka bimugora cyane kandi iminwa ye yahindutse ibara kuva mu gitondo. Ntabasha kubona amafaranga yo kongera kuza kwa muganga.",kinyarwanda,CRITICAL,cardiac_respiratory,kinyarwanda->kinyarwanda:CRITICAL:cardiac_respiratory,{REL} ahumeka bimugora cyane kandi iminwa ye yahindutse ibara.,guhumeka birangora cyane kandi iminwa yanjye yahindutse ibara
Ndashaka kukubwira ikibazo mfite. Mfite umuhaha kuva mu gitondo kandi ndahangayitse. Murakoze.,kinyarwanda,URGENT,paediatric,kinyarwanda->kinyarwanda:URGENT:paediatric,Mfite umuhaha.,Mfite umuhaha.
"Ndakeneye ubufasha, umuvuduko w'amaraso wanjye wazamutse cyane kandi umutwe urandya cyane kuva ijoro ryashize",kinyarwanda,URGENT,chronic_care,kinyarwanda->kinyarwanda:URGENT:chronic_care,Umuvuduko w'amaraso wanjye wazamutse cyane kandi umutwe urandya cyane.,Umuvuduko w'amaraso wanjye wazamutse cyane kandi umutwe urandya cyane.
"Mfasha, ndashaka kugirwa inama ku mazi yo kunywa kuva hashize icyumweru kandi sinshobora gusinzira. Ntegereze cyangwa nsuzumwe ubu?",kinyarwanda,ROUTINE,preventive,kinyarwanda->kinyarwanda:ROUTINE:preventive,Ndashaka kugirwa inama ku mazi yo kunywa.,Ndashaka kugirwa inama ku mazi yo kunywa.
"Naje hano mbere, umugabo wanjye ahumeka bimugora cyane kandi iminwa ye yahindutse ibara kuva ubu gitondo cya kare. Byatangiye gitunguranye. Ndakeneye ubufasha vuba.",kinyarwanda,CRITICAL,cardiac_respiratory,kinyarwanda->kinyarwanda:CRITICAL:cardiac_respiratory,{REL} ahumeka bimugora cyane kandi iminwa ye yahindutse ibara.,guhumeka birangora cyane kandi iminwa yanjye yahindutse ibara
"Naje hano mbere, umugabo wanjye nta miti ya SIDA afite kuva hashize iminsi ibiri. Byatangiye gitunguranye.",kinyarwanda,URGENT,chronic_care,kinyarwanda->kinyarwanda:URGENT:chronic_care,{REL} nta miti ya SIDA afite.,Nta miti ya SIDA mfite.
"Nzanye umwana wanjye, papa afite impiswi zikomeye kandi yagize umwuma kuva mu masaha abiri ashize. Byatangiye gitunguranye. Ndakeneye ubufasha vuba.",kinyarwanda,CRITICAL,gastrointestinal,kinyarwanda->kinyarwanda:CRITICAL:gastrointestinal,{REL} afite impiswi zikomeye kandi yagize umwuma.,{REL} afite impiswi zikomeye kandi yagize umwuma.
Mu rugo hari umuntu urwaye igituntu kandi umugabo wanjye ashaka kwisuzumisha kuva mu gitondo kandi sinshobora gusinzira,kinyarwanda,URGENT,preventive,kinyarwanda->kinyarwanda:URGENT:preventive,Mu rugo hari umuntu urwaye igituntu kandi {REL} ashaka kwisuzumisha.,Mu rugo hari umuntu urwaye igituntu kandi ndashaka kwisuzumisha.
"Mumbabarire, ndashaka kubabwira ikibazo mfite. Mushiki wanjye ahumeka bimugora cyane kandi iminwa ye yahindutse ibara kuva mu gitondo kandi birushaho kuba bibi. Nkora iki?",kinyarwanda,CRITICAL,cardiac_respiratory,kinyarwanda->kinyarwanda:CRITICAL:cardiac_respiratory,{REL} ahumeka bimugora cyane kandi iminwa ye yahindutse ibara.,guhumeka birangora cyane kandi iminwa yanjye yahindutse ibara
"Naje hano mbere, mfite igisebe ku kirenge kidakira kandi mfite diyabete kuva mu masaha abiri ashize nta miti imfasha. Nkora iki?",kinyarwanda,URGENT,chronic_care,kinyarwanda->kinyarwanda:URGENT:chronic_care,Mfite igisebe ku kirenge kidakira kandi mfite diyabete.,Mfite igisebe ku kirenge kidakira kandi mfite diyabete.
"Nyabuneka, mu rugo hari umuntu urwaye igituntu kandi mama ashaka kwisuzumisha kuva hashize icyumweru nta miti imfasha. Ni imiti ki nafata?",kinyarwanda,URGENT,preventive,kinyarwanda->kinyarwanda:URGENT:preventive,Mu rugo hari umuntu urwaye igituntu kandi {REL} ashaka kwisuzumisha.,Mu rugo hari umuntu urwaye igituntu kandi ndashaka kwisuzumisha.
"Muraho, papa afite gahunda yo gukingiza umwana. Abandi bana na bo bafite iki kibazo. Murakoze.",kinyarwanda,ROUTINE,preventive,kinyarwanda->kinyarwanda:ROUTINE:preventive,{REL} afite gahunda yo gukingiza umwana.,Mfite gahunda yo gukingiza umwana.
Ndashaka kukubwira ikibazo mfite. Maze umunsi wose mbabara ngerageza kubyara ariko umwana ntarasohoka kuva mu cyumweru gishize biragenda bikagaruka. Ni imiti ki nafata?,kinyarwanda,CRITICAL,obstetric,kinyarwanda->kinyarwanda:CRITICAL:obstetric,Maze umunsi wose mbabara ngerageza kubyara ariko umwana ntarasohoka.,Maze umunsi wose mbabara ngerageza kubyara ariko umwana ntarasohoka.
"Naje hano mbere, papa yabyimbye ibirenge kandi ntashobora guhumeka neza iyo aragaramye kuva hashize iminsi itatu. Byatangiye gitunguranye. Naje mvuye kure.",kinyarwanda,URGENT,chronic_care,kinyarwanda->kinyarwanda:URGENT:chronic_care,{REL} yabyimbye ibirenge kandi ntashobora guhumeka neza iyo aragaramye.,Nabyimbye ibirenge kandi sinshobora guhumeka neza iyo ndagaramye.
"Mfasha, maze iminsi itatu ndwaye impiswi zikomeye kuva ubu gitondo cya kare kandi sinshobora gusinzira. Murakoze.",kinyarwanda,URGENT,gastrointestinal,kinyarwanda->kinyarwanda:URGENT:gastrointestinal,maze iminsi itatu ndwaye impiswi zikomeye,maze iminsi itatu ndwaye impiswi zikomeye
"Naje hano mbere, umuturanyi wanjye afite igisebe ku kirenge kidakira kandi afite diyabete kuva hashize iminsi ibiri bikarushaho nijoro. Ndakeneye ubufasha vuba.",kinyarwanda,URGENT,chronic_care,kinyarwanda->kinyarwanda:URGENT:chronic_care,{REL} afite igisebe ku kirenge kidakira kandi afite diyabete.,Mfite igisebe ku kirenge kidakira kandi mfite diyabete.
"Nyabuneka, ndashaka kugirwa inama ku mazi yo kunywa kuva ijoro ryashize kandi ndahangayitse. Ndakeneye ubufasha vuba.",kinyarwanda,ROUTINE,preventive,kinyarwanda->kinyarwanda:ROUTINE:preventive,Ndashaka kugirwa inama ku mazi yo kunywa.,Ndashaka kugirwa inama ku mazi yo kunywa.
Mushiki wanjye afite igisebe ku kirenge kidakira kandi afite diyabete kuva mu masaha abiri ashize kandi sinshobora gusinzira. Ese ibi birakomeye?,kinyarwanda,URGENT,chronic_care,kinyarwanda->kinyarwanda:URGENT:chronic_care,{REL} afite igisebe ku kirenge kidakira kandi afite diyabete.,Mfite igisebe ku kirenge kidakira kandi mfite diyabete.
"Mfasha, mama yabyimbye ibirenge kandi ntashobora guhumeka neza iyo aragaramye kuva hashize iminsi ibiri. Byatangiye gitunguranye. Ni imiti ki nafata?",kinyarwanda,URGENT,chronic_care,kinyarwanda->kinyarwanda:URGENT:chronic_care,{REL} yabyimbye ibirenge kandi ntashobora guhumeka neza iyo aragaramye.,Nabyimbye ibirenge kandi sinshobora guhumeka neza iyo ndagaramye.
"Mfasha vuba, mu rugo hari umuntu urwaye igituntu kandi umugore wanjye ashaka kwisuzumisha kuva ejo kandi birushaho kuba bibi. Ntegereze cyangwa nsuzumwe ubu?",kinyarwanda,URGENT,preventive,kinyarwanda->kinyarwanda:URGENT:preventive,Mu rugo hari umuntu urwaye igituntu kandi {REL} ashaka kwisuzumisha.,Mu rugo hari umuntu urwaye igituntu kandi ndashaka kwisuzumisha.
Umukecuru arababara cyane mu nda kandi ububabare ntibuhagarara kuva mu masaha abiri ashize. Byatangiye gitunguranye. Ese ibi birakomeye?,kinyarwanda,URGENT,gastrointestinal,kinyarwanda->kinyarwanda:URGENT:gastrointestinal,{REL} arababara cyane mu nda kandi ububabare ntibuhagarara.,Inda irandya cyane kandi ububabare ntibuhagarara.
"Mfasha vuba, mfite umuhaha kuva mu gitondo kandi nta miti mfite. Naje mvuye kure.",kinyarwanda,URGENT,paediatric,kinyarwanda->kinyarwanda:URGENT:paediatric,Mfite umuhaha.,Mfite umuhaha.
"Nzanye umwana wanjye, mu rugo hari umuntu urwaye igituntu kandi papa ashaka kwisuzumisha kuva hashize iminsi ibiri nta miti imfasha. Urakoze.",kinyarwanda,URGENT,preventive,kinyarwanda->kinyarwanda:URGENT:preventive,Mu rugo hari umuntu urwaye igituntu kandi {REL} ashaka kwisuzumisha.,Mu rugo hari umuntu urwaye igituntu kandi ndashaka kwisuzumisha.
"Mfasha vuba, maze umunsi wose mbabara ngerageza kubyara ariko umwana ntarasohoka kuva mu masaha abiri ashize kandi nta miti mfite. Naje mvuye kure.",kinyarwanda,CRITICAL,obstetric,kinyarwanda->kinyarwanda:CRITICAL:obstetric,Maze umunsi wose mbabara ngerageza kubyara ariko umwana ntarasohoka.,Maze umunsi wose mbabara ngerageza kubyara ariko umwana ntarasohoka.
Mu rugo hari umuntu urwaye igituntu kandi ndashaka kwisuzumisha kuva hashize icyumweru kandi birushaho kuba bibi. Ntabasha kubona amafaranga yo kongera kuza kwa muganga.,kinyarwanda,URGENT,preventive,kinyarwanda->kinyarwanda:URGENT:preventive,Mu rugo hari umuntu urwaye igituntu kandi ndashaka kwisuzumisha.,Mu rugo hari umuntu urwaye igituntu kandi ndashaka kwisuzumisha.
"Mfasha vuba, umuturanyi wanjye ari kubyara ariko umugozi w'umwana wabanje gusohoka kuva hashize icyumweru bikarushaho nijoro. Nkora iki?",kinyarwanda,CRITICAL,obstetric,kinyarwanda->kinyarwanda:CRITICAL:obstetric,{REL} ari kubyara ariko umugozi w'umwana wabanje gusohoka.,Ndabyara ariko habanje gusohoka umugozi w'umwana.
"Nyabuneka, mfite igisebe ku kirenge kidakira kandi mfite diyabete. Byatangiye gitunguranye. Ntegereze cyangwa nsuzumwe ubu?",kinyarwanda,URGENT,chronic_care,kinyarwanda->kinyarwanda:URGENT:chronic_care,Mfite igisebe ku kirenge kidakira kandi mfite diyabete.,Mfite igisebe ku kirenge kidakira kandi mfite diyabete.
"Ndakeneye ubufasha, mama nta miti ya SIDA afite kuva hashize iminsi itatu kandi sinshobora gusinzira. Murakoze.",kinyarwanda,URGENT,chronic_care,kinyarwanda->kinyarwanda:URGENT:chronic_care,{REL} nta miti ya SIDA afite.,Nta miti ya SIDA mfite.
"Naje hano mbere, umugore wanjye arababara cyane mu nda kandi ububabare ntibuhagarara kuva hashize iminsi ibiri. Ni imiti ki nafata?",kinyarwanda,URGENT,gastrointestinal,kinyarwanda->kinyarwanda:URGENT:gastrointestinal,{REL} arababara cyane mu nda kandi ububabare ntibuhagarara.,Inda irandya cyane kandi ububabare ntibuhagarara.
"Mumbabarire, ndashaka kubabwira ikibazo mfite. Umukecuru afite gahunda yo gukingiza umwana kuva hashize icyumweru kandi sinshobora gusinzira. Ni imiti ki nafata?",kinyarwanda,ROUTINE,preventive,kinyarwanda->kinyarwanda:ROUTINE:preventive,{REL} afite gahunda yo gukingiza umwana.,Mfite gahunda yo gukingiza umwana.
Umugabo wanjye yabyimbye ibirenge kandi ntashobora guhumeka neza iyo aragaramye kuva hashize iminsi ibiri kandi nta miti mfite. Urakoze.,kinyarwanda,URGENT,chronic_care,kinyarwanda->kinyarwanda:URGENT:chronic_care,{REL} yabyimbye ibirenge kandi ntashobora guhumeka neza iyo aragaramye.,Nabyimbye ibirenge kandi sinshobora guhumeka neza iyo ndagaramye.
"Muganga, umuvuduko w'amaraso wanjye wazamutse cyane kandi umutwe urandya cyane kuva hashize iminsi itatu kandi birushaho kuba bibi. Urakoze.",kinyarwanda,URGENT,chronic_care,kinyarwanda->kinyarwanda:URGENT:chronic_care,Umuvuduko w'amaraso wanjye wazamutse cyane kandi umutwe urandya cyane.,Umuvuduko w'amaraso wanjye wazamutse cyane kandi umutwe urandya cyane.
"Simbizi niba bikomeye ariko, mfite umuhaha kuva hashize iminsi itatu bikarushaho nijoro. Nkora iki?",kinyarwanda,URGENT,paediatric,kinyarwanda->kinyarwanda:URGENT:paediatric,Mfite umuhaha.,Mfite umuhaha.
"Mumbabarire, ndashaka kubabwira ikibazo mfite. Maze iminsi itatu ndwaye impiswi zikomeye nta miti imfasha. Mfasha muganga.",kinyarwanda,URGENT,gastrointestinal,kinyarwanda->kinyarwanda:URGENT:gastrointestinal,maze iminsi itatu ndwaye impiswi zikomeye,maze iminsi itatu ndwaye impiswi zikomeye
"Mumbabarire, ndashaka kubabwira ikibazo mfite. Umugore wanjye yabyimbye ibirenge kandi ntashobora guhumeka neza iyo aragaramye kuva mu gitondo kandi birushaho kuba bibi",kinyarwanda,URGENT,chronic_care,kinyarwanda->kinyarwanda:URGENT:chronic_care,{REL} yabyimbye ibirenge kandi ntashobora guhumeka neza iyo aragaramye.,Nabyimbye ibirenge kandi sinshobora guhumeka neza iyo ndagaramye.
"Muraho, papa yabyimbye ibirenge kandi ntashobora guhumeka neza iyo aragaramye kuva ubu gitondo cya kare. Ntegereze cyangwa nsuzumwe ubu?",kinyarwanda,URGENT,chronic_care,kinyarwanda->kinyarwanda:URGENT:chronic_care,{REL} yabyimbye ibirenge kandi ntashobora guhumeka neza iyo aragaramye.,Nabyimbye ibirenge kandi sinshobora guhumeka neza iyo ndagaramye.
"Mfasha vuba, umugore wanjye afite gahunda yo gukingiza umwana kuva mu gitondo. Mfasha muganga.",kinyarwanda,ROUTINE,preventive,kinyarwanda->kinyarwanda:ROUTINE:preventive,{REL} afite gahunda yo gukingiza umwana.,Mfite gahunda yo gukingiza umwana.
Umuturanyi wanjye ari kubyara ariko umugozi w'umwana wabanje gusohoka kandi ndahangayitse. Naje mvuye kure.,kinyarwanda,CRITICAL,obstetric,kinyarwanda->kinyarwanda:CRITICAL:obstetric,{REL} ari kubyara ariko umugozi w'umwana wabanje gusohoka.,Ndabyara ariko habanje gusohoka umugozi w'umwana.
"Mumbabarire, ndashaka kubabwira ikibazo mfite. Umuvuduko w'amaraso wanjye wazamutse cyane kandi umutwe urandya cyane. Byatangiye gitunguranye. Ntabasha kubona amafaranga yo kongera kuza kwa muganga.",kinyarwanda,URGENT,chronic_care,kinyarwanda->kinyarwanda:URGENT:chronic_care,Umuvuduko w'amaraso wanjye wazamutse cyane kandi umutwe urandya cyane.,Umuvuduko w'amaraso wanjye wazamutse cyane kandi umutwe urandya cyane.
"Nzanye umwana wanjye, mfite igisebe ku kirenge kidakira kandi mfite diyabete kuva ubu gitondo cya kare kandi birushaho kuba bibi. Ni imiti ki nafata?",kinyarwanda,URGENT,chronic_care,kinyarwanda->kinyarwanda:URGENT:chronic_care,Mfite igisebe ku kirenge kidakira kandi mfite diyabete.,Mfite igisebe ku kirenge kidakira kandi mfite diyabete.
"Muganga, iyo umugore wanjye ahumetse cyane, arumva mu gituza hamubabaza kuva hashize iminsi ibiri kandi ndahangayitse. Ndakeneye ubufasha vuba.",kinyarwanda,URGENT,cardiac_respiratory,kinyarwanda->kinyarwanda:URGENT:cardiac_respiratory,"Iyo {REL} ahumetse cyane, arumva mu gituza hamubabaza.","Iyo {REL} ahumetse cyane, arumva mu gituza hamubabaza."
"Simbizi niba bikomeye ariko, umukecuru ahumeka bimugora cyane kandi iminwa ye yahindutse ibara kuva hashize iminsi ibiri kandi nta miti mfite. Mfasha muganga.",kinyarwanda,CRITICAL,cardiac_respiratory,kinyarwanda->kinyarwanda:CRITICAL:cardiac_respiratory,{REL} ahumeka bimugora cyane kandi iminwa ye yahindutse ibara.,guhumeka birangora cyane kandi iminwa yanjye yahindutse ibara
"Nyabuneka, umugore wanjye afite igisebe ku kirenge kidakira kandi afite diyabete kuva hashize iminsi itatu. Ntegereze cyangwa nsuzumwe ubu?",kinyarwanda,URGENT,chronic_care,kinyarwanda->kinyarwanda:URGENT:chronic_care,{REL} afite igisebe ku kirenge kidakira kandi afite diyabete.,Mfite igisebe ku kirenge kidakira kandi mfite diyabete.
"Nyabuneka, umugore wanjye ari kubyara ariko umugozi w'umwana wabanje gusohoka kuva ijoro ryashize kandi sinshobora gusinzira. Nkora iki?",kinyarwanda,CRITICAL,obstetric,kinyarwanda->kinyarwanda:CRITICAL:obstetric,{REL} ari kubyara ariko umugozi w'umwana wabanje gusohoka.,Ndabyara ariko habanje gusohoka umugozi w'umwana.
"Muganga, mfite umuhaha kuva hashize icyumweru. Abandi bana na bo bafite iki kibazo. Mfasha muganga.",kinyarwanda,URGENT,paediatric,kinyarwanda->kinyarwanda:URGENT:paediatric,Mfite umuhaha.,Mfite umuhaha.
"Muganga, ndashaka kugirwa inama ku mazi yo kunywa kuva hashize iminsi ibiri biragenda bikagaruka. Nkora iki?",kinyarwanda,ROUTINE,preventive,kinyarwanda->kinyarwanda:ROUTINE:preventive,Ndashaka kugirwa inama ku mazi yo kunywa.,Ndashaka kugirwa inama ku mazi yo kunywa.
"Naje hano mbere, mama yabyimbye ibirenge kandi ntashobora guhumeka neza iyo aragaramye kuva mu cyumweru gishize. Byatangiye gitunguranye. Ese ibi birakomeye?",kinyarwanda,URGENT,chronic_care,kinyarwanda->kinyarwanda:URGENT:chronic_care,{REL} yabyimbye ibirenge kandi ntashobora guhumeka neza iyo aragaramye.,Nabyimbye ibirenge kandi sinshobora guhumeka neza iyo ndagaramye.
"Naje hano mbere, ndatwite kandi nagagaye kuva mu cyumweru gishize nta miti imfasha. Ntabasha kubona amafaranga yo kongera kuza kwa muganga.",kinyarwanda,CRITICAL,obstetric,kinyarwanda->kinyarwanda:CRITICAL:obstetric,Ndatwite kandi nagagaye.,Ndatwite kandi nagagaye.
"Naje hano mbere, iyo umwana wanjye ahumetse cyane, arumva mu gituza hamubabaza kuva ijoro ryashize. Abandi bana na bo bafite iki kibazo. Ni imiti ki nafata?",kinyarwanda,URGENT,cardiac_respiratory,kinyarwanda->kinyarwanda:URGENT:cardiac_respiratory,"Iyo {REL} ahumetse cyane, arumva mu gituza hamubabaza.","Iyo {REL} ahumetse cyane, arumva mu gituza hamubabaza."
"Nyabuneka, mu rugo hari umuntu urwaye igituntu kandi ndashaka kwisuzumisha kuva mu masaha abiri ashize nta miti imfasha. Nkora iki?",kinyarwanda,URGENT,preventive,kinyarwanda->kinyarwanda:URGENT:preventive,Mu rugo hari umuntu urwaye igituntu kandi ndashaka kwisuzumisha.,Mu rugo hari umuntu urwaye igituntu kandi ndashaka kwisuzumisha.
"Nzanye umwana wanjye, mushiki wanjye arababara cyane mu nda kandi ububabare ntibuhagarara kuva ubu gitondo cya kare biragenda bikagaruka",kinyarwanda,URGENT,gastrointestinal,kinyarwanda->kinyarwanda:URGENT:gastrointestinal,{REL} arababara cyane mu nda kandi ububabare ntibuhagarara.,Inda irandya cyane kandi ububabare ntibuhagarara.
"Muraho, mama yabyimbye ibirenge kandi ntashobora guhumeka neza iyo aragaramye. Byatangiye gitunguranye. Ndakeneye ubufasha vuba.",kinyarwanda,URGENT,chronic_care,kinyarwanda->kinyarwanda:URGENT:chronic_care,{REL} yabyimbye ibirenge kandi ntashobora guhumeka neza iyo aragaramye.,Nabyimbye ibirenge kandi sinshobora guhumeka neza iyo ndagaramye.
"Nyabuneka, papa nta miti ya SIDA afite kuva mu masaha abiri ashize kandi ndahangayitse. Murakoze.",kinyarwanda,URGENT,chronic_care,kinyarwanda->kinyarwanda:URGENT:chronic_care,{REL} nta miti ya SIDA afite.,Nta miti ya SIDA mfite.
"Mfasha vuba, maze iminsi itatu ndwaye impiswi zikomeye kuva ijoro ryashize nta miti imfasha",kinyarwanda,URGENT,gastrointestinal,kinyarwanda->kinyarwanda:URGENT:gastrointestinal,maze iminsi itatu ndwaye impiswi zikomeye,maze iminsi itatu ndwaye impiswi zikomeye
"Muganga, umugore wanjye afite impiswi zikomeye kandi yagize umwuma kuva hashize iminsi ibiri. Abandi bana na bo bafite iki kibazo. Nkora iki?",kinyarwanda,CRITICAL,gastrointestinal,kinyarwanda->kinyarwanda:CRITICAL:gastrointestinal,{REL} afite impiswi zikomeye kandi yagize umwuma.,{REL} afite impiswi zikomeye kandi yagize umwuma.
"Nzanye umwana wanjye, umugore wanjye arababara cyane mu nda kandi ububabare ntibuhagarara kuva hashize icyumweru. Mfasha muganga.",kinyarwanda,URGENT,gastrointestinal,kinyarwanda->kinyarwanda:URGENT:gastrointestinal,{REL} arababara cyane mu nda kandi ububabare ntibuhagarara.,Inda irandya cyane kandi ububabare ntibuhagarara.
"Muraho, maze iminsi itatu ndwaye impiswi zikomeye kuva hashize icyumweru kandi ndahangayitse. Ese ibi birakomeye?",kinyarwanda,URGENT,gastrointestinal,kinyarwanda->kinyarwanda:URGENT:gastrointestinal,maze iminsi itatu ndwaye impiswi zikomeye,maze iminsi itatu ndwaye impiswi zikomeye
"Nyabuneka, papa afite impiswi zikomeye kandi yagize umwuma kuva ejo. Ni imiti ki nafata?",kinyarwanda,CRITICAL,gastrointestinal,kinyarwanda->kinyarwanda:CRITICAL:gastrointestinal,{REL} afite impiswi zikomeye kandi yagize umwuma.,{REL} afite impiswi zikomeye kandi yagize umwuma.
"Mumbabarire, ndashaka kubabwira ikibazo mfite. Ndatwite kandi nagagaye kuva mu cyumweru gishize kandi sinshobora gusinzira. Ni imiti ki nafata?",kinyarwanda,CRITICAL,obstetric,kinyarwanda->kinyarwanda:CRITICAL:obstetric,Ndatwite kandi nagagaye.,Ndatwite kandi nagagaye.
"Muraho, umuvuduko w'amaraso wanjye wazamutse cyane kandi umutwe urandya cyane kuva hashize iminsi itatu. Abandi bana na bo bafite iki kibazo. Murakoze.",kinyarwanda,URGENT,chronic_care,kinyarwanda->kinyarwanda:URGENT:chronic_care,Umuvuduko w'amaraso wanjye wazamutse cyane kandi umutwe urandya cyane.,Umuvuduko w'amaraso wanjye wazamutse cyane kandi umutwe urandya cyane.
"Naje hano mbere, umuturanyi wanjye afite igisebe ku kirenge kidakira kandi afite diyabete kuva ubu gitondo cya kare biragenda bikagaruka. Mfasha muganga.",kinyarwanda,URGENT,chronic_care,kinyarwanda->kinyarwanda:URGENT:chronic_care,{REL} afite igisebe ku kirenge kidakira kandi afite diyabete.,Mfite igisebe ku kirenge kidakira kandi mfite diyabete.
"Nzanye umwana wanjye, mu rugo hari umuntu urwaye igituntu kandi ndashaka kwisuzumisha kuva ijoro ryashize nta miti imfasha",kinyarwanda,URGENT,preventive,kinyarwanda->kinyarwanda:URGENT:preventive,Mu rugo hari umuntu urwaye igituntu kandi ndashaka kwisuzumisha.,Mu rugo hari umuntu urwaye igituntu kandi ndashaka kwisuzumisha.
"Nyabuneka, mfite umuhaha kuva mu cyumweru gishize. Mfasha muganga.",kinyarwanda,URGENT,paediatric,kinyarwanda->kinyarwanda:URGENT:paediatric,Mfite umuhaha.,Mfite umuhaha.
Ndashaka kukubwira ikibazo mfite. Mfite umuhaha bikarushaho nijoro. Nkora iki?,kinyarwanda,URGENT,paediatric,kinyarwanda->kinyarwanda:URGENT:paediatric,Mfite umuhaha.,Mfite umuhaha.
"Mfasha vuba, umukecuru afite igisebe ku kirenge kidakira kandi afite diyabete kuva mu cyumweru gishize. Byatangiye gitunguranye. Ndakeneye ubufasha vuba.",kinyarwanda,URGENT,chronic_care,kinyarwanda->kinyarwanda:URGENT:chronic_care,{REL} afite igisebe ku kirenge kidakira kandi afite diyabete.,Mfite igisebe ku kirenge kidakira kandi mfite diyabete.
"Naje hano mbere, mu rugo hari umuntu urwaye igituntu kandi mushiki wanjye ashaka kwisuzumisha kuva ejo kandi ndahangayitse. Naje mvuye kure.",kinyarwanda,URGENT,preventive,kinyarwanda->kinyarwanda:URGENT:preventive,Mu rugo hari umuntu urwaye igituntu kandi {REL} ashaka kwisuzumisha.,Mu rugo hari umuntu urwaye igituntu kandi ndashaka kwisuzumisha.
"Nzanye umwana wanjye, umugore wanjye afite ibimenyetso bya malariya, umuriro n'imbeho kuva ejo kandi birushaho kuba bibi. Ntegereze cyangwa nsuzumwe ubu?",kinyarwanda,URGENT,infectious_fever,kinyarwanda->kinyarwanda:URGENT:infectious_fever,"{REL} afite ibimenyetso bya malariya, umuriro n'imbeho.","Mfite ibimenyetso bya malariya, umuriro n'imbeho."
"Muganga, mfite igisebe ku kirenge kidakira kandi mfite diyabete kuva hashize iminsi ibiri kandi birushaho kuba bibi. Ndakeneye ubufasha vuba.",kinyarwanda,URGENT,chronic_care,kinyarwanda->kinyarwanda:URGENT:chronic_care,Mfite igisebe ku kirenge kidakira kandi mfite diyabete.,Mfite igisebe ku kirenge kidakira kandi mfite diyabete.
"Simbizi niba bikomeye ariko, mu rugo hari umuntu urwaye igituntu kandi umugabo wanjye ashaka kwisuzumisha kuva mu gitondo nta miti imfasha. Ntabasha kubona amafaranga yo kongera kuza kwa muganga.",kinyarwanda,URGENT,preventive,kinyarwanda->kinyarwanda:URGENT:preventive,Mu rugo hari umuntu urwaye igituntu kandi {REL} ashaka kwisuzumisha.,Mu rugo hari umuntu urwaye igituntu kandi ndashaka kwisuzumisha.
"Mumbabarire, ndashaka kubabwira ikibazo mfite. Mu rugo hari umuntu urwaye igituntu kandi ndashaka kwisuzumisha kuva ubu gitondo cya kare. Ntegereze cyangwa nsuzumwe ubu?",kinyarwanda,URGENT,preventive,kinyarwanda->kinyarwanda:URGENT:preventive,Mu rugo hari umuntu urwaye igituntu kandi ndashaka kwisuzumisha.,Mu rugo hari umuntu urwaye igituntu kandi ndashaka kwisuzumisha.
"Nzanye umwana wanjye, ndashaka kugirwa inama ku mazi yo kunywa kuva hashize icyumweru nta miti imfasha. Ntegereze cyangwa nsuzumwe ubu?",kinyarwanda,ROUTINE,preventive,kinyarwanda->kinyarwanda:ROUTINE:preventive,Ndashaka kugirwa inama ku mazi yo kunywa.,Ndashaka kugirwa inama ku mazi yo kunywa.
"Mfasha vuba, mfite igisebe ku kirenge kidakira kandi mfite diyabete kuva hashize iminsi ibiri. Naje mvuye kure.",kinyarwanda,URGENT,chronic_care,kinyarwanda->kinyarwanda:URGENT:chronic_care,Mfite igisebe ku kirenge kidakira kandi mfite diyabete.,Mfite igisebe ku kirenge kidakira kandi mfite diyabete.
"Nyabuneka, umugore wanjye nta miti ya SIDA afite kuva ubu gitondo cya kare. Byatangiye gitunguranye. Ese ibi birakomeye?",kinyarwanda,URGENT,chronic_care,kinyarwanda->kinyarwanda:URGENT:chronic_care,{REL} nta miti ya SIDA afite.,Nta miti ya SIDA mfite.
"Mfasha, maze umunsi wose mbabara ngerageza kubyara ariko umwana ntarasohoka kuva ejo biragenda bikagaruka. Ntabasha kubona amafaranga yo kongera kuza kwa muganga.",kinyarwanda,CRITICAL,obstetric,kinyarwanda->kinyarwanda:CRITICAL:obstetric,Maze umunsi wose mbabara ngerageza kubyara ariko umwana ntarasohoka.,Maze umunsi wose mbabara ngerageza kubyara ariko umwana ntarasohoka.
"Nzanye umwana wanjye, umugore wanjye afite gahunda yo gukingiza umwana kuva mu gitondo. Byatangiye gitunguranye. Ndakeneye ubufasha vuba.",kinyarwanda,ROUTINE,preventive,kinyarwanda->kinyarwanda:ROUTINE:preventive,{REL} afite gahunda yo gukingiza umwana.,Mfite gahunda yo gukingiza umwana.
"Muganga, umugabo wanjye ahumeka bimugora cyane kandi iminwa ye yahindutse ibara kuva hashize iminsi ibiri kandi birushaho kuba bibi. Naje mvuye kure.",kinyarwanda,CRITICAL,cardiac_respiratory,kinyarwanda->kinyarwanda:CRITICAL:cardiac_respiratory,{REL} ahumeka bimugora cyane kandi iminwa ye yahindutse ibara.,guhumeka birangora cyane kandi iminwa yanjye yahindutse ibara
"Ndakeneye ubufasha, umugore wanjye afite igisebe ku kirenge kidakira kandi afite diyabete kandi birushaho kuba bibi. Nkora iki?",kinyarwanda,URGENT,chronic_care,kinyarwanda->kinyarwanda:URGENT:chronic_care,{REL} afite igisebe ku kirenge kidakira kandi afite diyabete.,Mfite igisebe ku kirenge kidakira kandi mfite diyabete.
"Muganga, mfite ikibazo ku mutwe kandi kirimo guterwa n'urumuri kuva hashize iminsi itatu kandi birushaho kuba bibi",kinyarwanda,URGENT,neurological,kinyarwanda->kinyarwanda:URGENT:neurological,Mfite ikibazo ku mutwe kandi kirimo guterwa n'urumuri.,Mfite ikibazo ku mutwe kandi kirimo guterwa n'urumuri.
"Naje hano mbere, iyo umugore wanjye ahumetse cyane, arumva mu gituza hamubabaza kuva ejo. Nkora iki?",kinyarwanda,URGENT,cardiac_respiratory,kinyarwanda->kinyarwanda:URGENT:cardiac_respiratory,"Iyo {REL} ahumetse cyane, arumva mu gituza hamubabaza.","Iyo {REL} ahumetse cyane, arumva mu gituza hamubabaza."
"Simbizi niba bikomeye ariko, ndashaka kugirwa inama ku mazi yo kunywa kuva mu gitondo bikarushaho nijoro. Ntegereze cyangwa nsuzumwe ubu?",kinyarwanda,ROUTINE,preventive,kinyarwanda->kinyarwanda:ROUTINE:preventive,Ndashaka kugirwa inama ku mazi yo kunywa.,Ndashaka kugirwa inama ku mazi yo kunywa.
Mama yabyimbye ibirenge kandi ntashobora guhumeka neza iyo aragaramye kuva mu masaha abiri ashize. Ntegereze cyangwa nsuzumwe ubu?,kinyarwanda,URGENT,chronic_care,kinyarwanda->kinyarwanda:URGENT:chronic_care,{REL} yabyimbye ibirenge kandi ntashobora guhumeka neza iyo aragaramye.,Nabyimbye ibirenge kandi sinshobora guhumeka neza iyo ndagaramye.
"Naje hano mbere, ndatwite kandi nagagaye kuva mu gitondo biragenda bikagaruka. Nkora iki?",kinyarwanda,CRITICAL,obstetric,kinyarwanda->kinyarwanda:CRITICAL:obstetric,Ndatwite kandi nagagaye.,Ndatwite kandi nagagaye.
"Nyabuneka, mfite ikibazo ku mutwe kandi kirimo guterwa n'urumuri kuva ijoro ryashize bikarushaho nijoro",kinyarwanda,URGENT,neurological,kinyarwanda->kinyarwanda:URGENT:neurological,Mfite ikibazo ku mutwe kandi kirimo guterwa n'urumuri.,Mfite ikibazo ku mutwe kandi kirimo guterwa n'urumuri.
"Muraho, umugabo wanjye arababara cyane mu nda kandi ububabare ntibuhagarara kuva ejo kandi sinshobora gusinzira. Urakoze.",kinyarwanda,URGENT,gastrointestinal,kinyarwanda->kinyarwanda:URGENT:gastrointestinal,{REL} arababara cyane mu nda kandi ububabare ntibuhagarara.,Inda irandya cyane kandi ububabare ntibuhagarara.
"Mumbabarire, ndashaka kubabwira ikibazo mfite. Mushiki wanjye arababara cyane mu nda kandi ububabare ntibuhagarara kuva mu gitondo kandi nta miti mfite. Ntegereze cyangwa nsuzumwe ubu?",kinyarwanda,URGENT,gastrointestinal,kinyarwanda->kinyarwanda:URGENT:gastrointestinal,{REL} arababara cyane mu nda kandi ububabare ntibuhagarara.,Inda irandya cyane kandi ububabare ntibuhagarara.
"Simbizi niba bikomeye ariko, ndatwite kandi nagagaye kuva hashize icyumweru bikarushaho nijoro. Nkora iki?",kinyarwanda,CRITICAL,obstetric,kinyarwanda->kinyarwanda:CRITICAL:obstetric,Ndatwite kandi nagagaye.,Ndatwite kandi nagagaye.
"Mfasha, papa arababara cyane mu nda kandi ububabare ntibuhagarara kuva mu gitondo nta miti imfasha. Urakoze.",kinyarwanda,URGENT,gastrointestinal,kinyarwanda->kinyarwanda:URGENT:gastrointestinal,{REL} arababara cyane mu nda kandi ububabare ntibuhagarara.,Inda irandya cyane kandi ububabare ntibuhagarara.
Mama arababara cyane mu nda kandi ububabare ntibuhagarara kuva mu masaha abiri ashize kandi nta miti mfite. Mfasha muganga.,kinyarwanda,URGENT,gastrointestinal,kinyarwanda->kinyarwanda:URGENT:gastrointestinal,{REL} arababara cyane mu nda kandi ububabare ntibuhagarara.,Inda irandya cyane kandi ububabare ntibuhagarara.
Mu rugo hari umuntu urwaye igituntu kandi ndashaka kwisuzumisha kuva mu cyumweru gishize bikarushaho nijoro. Nkora iki?,kinyarwanda,URGENT,preventive,kinyarwanda->kinyarwanda:URGENT:preventive,Mu rugo hari umuntu urwaye igituntu kandi ndashaka kwisuzumisha.,Mu rugo hari umuntu urwaye igituntu kandi ndashaka kwisuzumisha.
"Nyabuneka, mama afite igisebe ku kirenge kidakira kandi afite diyabete kuva mu gitondo. Byatangiye gitunguranye.",kinyarwanda,URGENT,chronic_care,kinyarwanda->kinyarwanda:URGENT:chronic_care,{REL} afite igisebe ku kirenge kidakira kandi afite diyabete.,Mfite igisebe ku kirenge kidakira kandi mfite diyabete.
"Simbizi niba bikomeye ariko, maze umunsi wose mbabara ngerageza kubyara ariko umwana ntarasohoka kuva ijoro ryashize biragenda bikagaruka. Ntabasha kubona amafaranga yo kongera kuza kwa muganga.",kinyarwanda,CRITICAL,obstetric,kinyarwanda->kinyarwanda:CRITICAL:obstetric,Maze umunsi wose mbabara ngerageza kubyara ariko umwana ntarasohoka.,Maze umunsi wose mbabara ngerageza kubyara ariko umwana ntarasohoka.
"Naje hano mbere, umukecuru afite igisebe ku kirenge kidakira kandi afite diyabete kuva mu masaha abiri ashize kandi sinshobora gusinzira. Ni imiti ki nafata?",kinyarwanda,URGENT,chronic_care,kinyarwanda->kinyarwanda:URGENT:chronic_care,{REL} afite igisebe ku kirenge kidakira kandi afite diyabete.,Mfite igisebe ku kirenge kidakira kandi mfite diyabete.
"Mumbabarire, ndashaka kubabwira ikibazo mfite. Iyo mushiki wanjye ahumetse cyane, arumva mu gituza hamubabaza kuva ubu gitondo cya kare kandi birushaho kuba bibi. Nkora iki?",kinyarwanda,URGENT,cardiac_respiratory,kinyarwanda->kinyarwanda:URGENT:cardiac_respiratory,"Iyo {REL} ahumetse cyane, arumva mu gituza hamubabaza.","Iyo {REL} ahumetse cyane, arumva mu gituza hamubabaza."
Umugore wanjye ahumeka bimugora cyane kandi iminwa ye yahindutse ibara kuva hashize iminsi ibiri kandi birushaho kuba bibi. Nkora iki?,kinyarwanda,CRITICAL,cardiac_respiratory,kinyarwanda->kinyarwanda:CRITICAL:cardiac_respiratory,{REL} ahumeka bimugora cyane kandi iminwa ye yahindutse ibara.,guhumeka birangora cyane kandi iminwa yanjye yahindutse ibara
"Mfasha vuba, mu rugo hari umuntu urwaye igituntu kandi umugabo wanjye ashaka kwisuzumisha kuva hashize iminsi itatu biragenda bikagaruka. Ntegereze cyangwa nsuzumwe ubu?",kinyarwanda,URGENT,preventive,kinyarwanda->kinyarwanda:URGENT:preventive,Mu rugo hari umuntu urwaye igituntu kandi {REL} ashaka kwisuzumisha.,Mu rugo hari umuntu urwaye igituntu kandi ndashaka kwisuzumisha.
"Naje hano mbere, ndatwite kandi nagagaye kandi ndahangayitse. Ntegereze cyangwa nsuzumwe ubu?",kinyarwanda,CRITICAL,obstetric,kinyarwanda->kinyarwanda:CRITICAL:obstetric,Ndatwite kandi nagagaye.,Ndatwite kandi nagagaye.
"Muganga, umuturanyi wanjye ari kubyara ariko umugozi w'umwana wabanje gusohoka kuva ijoro ryashize kandi ndahangayitse. Ndakeneye ubufasha vuba.",kinyarwanda,CRITICAL,obstetric,kinyarwanda->kinyarwanda:CRITICAL:obstetric,{REL} ari kubyara ariko umugozi w'umwana wabanje gusohoka.,Ndabyara ariko habanje gusohoka umugozi w'umwana.
"Mfasha vuba, ndatwite kandi nagagaye kuva mu gitondo kandi ndahangayitse. Nkora iki?",kinyarwanda,CRITICAL,obstetric,kinyarwanda->kinyarwanda:CRITICAL:obstetric,Ndatwite kandi nagagaye.,Ndatwite kandi nagagaye.
"Muganga, mfite ikibazo ku mutwe kandi kirimo guterwa n'urumuri bikarushaho nijoro. Ndakeneye ubufasha vuba.",kinyarwanda,URGENT,neurological,kinyarwanda->kinyarwanda:URGENT:neurological,Mfite ikibazo ku mutwe kandi kirimo guterwa n'urumuri.,Mfite ikibazo ku mutwe kandi kirimo guterwa n'urumuri.
"Nzanye umwana wanjye, mu rugo hari umuntu urwaye igituntu kandi umukecuru ashaka kwisuzumisha kuva ijoro ryashize kandi ndahangayitse. Ntabasha kubona amafaranga yo kongera kuza kwa muganga.",kinyarwanda,URGENT,preventive,kinyarwanda->kinyarwanda:URGENT:preventive,Mu rugo hari umuntu urwaye igituntu kandi {REL} ashaka kwisuzumisha.,Mu rugo hari umuntu urwaye igituntu kandi ndashaka kwisuzumisha.
"Naje hano mbere, ndatwite kandi nagagaye kuva ejo biragenda bikagaruka. Ndakeneye ubufasha vuba.",kinyarwanda,CRITICAL,obstetric,kinyarwanda->kinyarwanda:CRITICAL:obstetric,Ndatwite kandi nagagaye.,Ndatwite kandi nagagaye.
"Naje hano mbere, papa afite impiswi zikomeye kandi yagize umwuma kuva mu masaha abiri ashize nta miti imfasha. Ntegereze cyangwa nsuzumwe ubu?",kinyarwanda,CRITICAL,gastrointestinal,kinyarwanda->kinyarwanda:CRITICAL:gastrointestinal,{REL} afite impiswi zikomeye kandi yagize umwuma.,{REL} afite impiswi zikomeye kandi yagize umwuma.
Ndashaka kukubwira ikibazo mfite. Papa yabyimbye ibirenge kandi ntashobora guhumeka neza iyo aragaramye kuva hashize iminsi itatu kandi sinshobora gusinzira. Nkora iki?,kinyarwanda,URGENT,chronic_care,kinyarwanda->kinyarwanda:URGENT:chronic_care,{REL} yabyimbye ibirenge kandi ntashobora guhumeka neza iyo aragaramye.,Nabyimbye ibirenge kandi sinshobora guhumeka neza iyo ndagaramye.
"Mumbabarire, ndashaka kubabwira ikibazo mfite. Umugabo wanjye yabyimbye ibirenge kandi ntashobora guhumeka neza iyo aragaramye kandi nta miti mfite",kinyarwanda,URGENT,chronic_care,kinyarwanda->kinyarwanda:URGENT:chronic_care,{REL} yabyimbye ibirenge kandi ntashobora guhumeka neza iyo aragaramye.,Nabyimbye ibirenge kandi sinshobora guhumeka neza iyo ndagaramye.
"Mfasha vuba, umugabo wanjye afite impiswi zikomeye kandi yagize umwuma kuva hashize iminsi itatu. Abandi bana na bo bafite iki kibazo. Ntabasha kubona amafaranga yo kongera kuza kwa muganga.",kinyarwanda,CRITICAL,gastrointestinal,kinyarwanda->kinyarwanda:CRITICAL:gastrointestinal,{REL} afite impiswi zikomeye kandi yagize umwuma.,{REL} afite impiswi zikomeye kandi yagize umwuma.
"Nzanye umwana wanjye, mfite umuhaha kuva mu gitondo kandi birushaho kuba bibi. Mfasha muganga.",kinyarwanda,URGENT,paediatric,kinyarwanda->kinyarwanda:URGENT:paediatric,Mfite umuhaha.,Mfite umuhaha.
"Mfasha vuba, mu rugo hari umuntu urwaye igituntu kandi umukecuru ashaka kwisuzumisha kuva ijoro ryashize kandi sinshobora gusinzira. Mfasha muganga.",kinyarwanda,URGENT,preventive,kinyarwanda->kinyarwanda:URGENT:preventive,Mu rugo hari umuntu urwaye igituntu kandi {REL} ashaka kwisuzumisha.,Mu rugo hari umuntu urwaye igituntu kandi ndashaka kwisuzumisha.
Ndashaka kugirwa inama ku mazi yo kunywa kuva ejo kandi ndahangayitse,kinyarwanda,ROUTINE,preventive,kinyarwanda->kinyarwanda:ROUTINE:preventive,Ndashaka kugirwa inama ku mazi yo kunywa.,Ndashaka kugirwa inama ku mazi yo kunywa.
"Mfasha, umukecuru afite gahunda yo gukingiza umwana kuva ijoro ryashize kandi birushaho kuba bibi. Ntegereze cyangwa nsuzumwe ubu?",kinyarwanda,ROUTINE,preventive,kinyarwanda->kinyarwanda:ROUTINE:preventive,{REL} afite gahunda yo gukingiza umwana.,Mfite gahunda yo gukingiza umwana.
"Nzanye umwana wanjye, mama ari kubyara ariko umugozi w'umwana wabanje gusohoka kuva hashize iminsi itatu kandi sinshobora gusinzira",kinyarwanda,CRITICAL,obstetric,kinyarwanda->kinyarwanda:CRITICAL:obstetric,{REL} ari kubyara ariko umugozi w'umwana wabanje gusohoka.,Ndabyara ariko habanje gusohoka umugozi w'umwana.
"Nyabuneka, umuturanyi wanjye afite igisebe ku kirenge kidakira kandi afite diyabete kuva hashize iminsi itatu bikarushaho nijoro",kinyarwanda,URGENT,chronic_care,kinyarwanda->kinyarwanda:URGENT:chronic_care,{REL} afite igisebe ku kirenge kidakira kandi afite diyabete.,Mfite igisebe ku kirenge kidakira kandi mfite diyabete.
"Iyo umuturanyi wanjye ahumetse cyane, arumva mu gituza hamubabaza kuva ubu gitondo cya kare kandi sinshobora gusinzira",kinyarwanda,URGENT,cardiac_respiratory,kinyarwanda->kinyarwanda:URGENT:cardiac_respiratory,"Iyo {REL} ahumetse cyane, arumva mu gituza hamubabaza.","Iyo {REL} ahumetse cyane, arumva mu gituza hamubabaza."
"Nzanye umwana wanjye, mfite umuhaha kuva mu cyumweru gishize kandi sinshobora gusinzira. Nkora iki?",kinyarwanda,URGENT,paediatric,kinyarwanda->kinyarwanda:URGENT:paediatric,Mfite umuhaha.,Mfite umuhaha.
"Mumbabarire, ndashaka kubabwira ikibazo mfite. Umukecuru afite impiswi zikomeye kandi yagize umwuma kuva hashize iminsi ibiri biragenda bikagaruka. Ntegereze cyangwa nsuzumwe ubu?",kinyarwanda,CRITICAL,gastrointestinal,kinyarwanda->kinyarwanda:CRITICAL:gastrointestinal,{REL} afite impiswi zikomeye kandi yagize umwuma.,{REL} afite impiswi zikomeye kandi yagize umwuma.
"Simbizi niba bikomeye ariko, umugore wanjye afite gahunda yo gukingiza umwana kuva ubu gitondo cya kare. Byatangiye gitunguranye. Ese ibi birakomeye?",kinyarwanda,ROUTINE,preventive,kinyarwanda->kinyarwanda:ROUTINE:preventive,{REL} afite gahunda yo gukingiza umwana.,Mfite gahunda yo gukingiza umwana.
"Simbizi niba bikomeye ariko, mfite igisebe ku kirenge kidakira kandi mfite diyabete kuva mu masaha abiri ashize. Byatangiye gitunguranye. Urakoze.",kinyarwanda,URGENT,chronic_care,kinyarwanda->kinyarwanda:URGENT:chronic_care,Mfite igisebe ku kirenge kidakira kandi mfite diyabete.,Mfite igisebe ku kirenge kidakira kandi mfite diyabete.
Umuvuduko w'amaraso wanjye wazamutse cyane kandi umutwe urandya cyane kandi ndahangayitse. Ntegereze cyangwa nsuzumwe ubu?,kinyarwanda,URGENT,chronic_care,kinyarwanda->kinyarwanda:URGENT:chronic_care,Umuvuduko w'amaraso wanjye wazamutse cyane kandi umutwe urandya cyane.,Umuvuduko w'amaraso wanjye wazamutse cyane kandi umutwe urandya cyane.
"Mfasha vuba, maze umunsi wose mbabara ngerageza kubyara ariko umwana ntarasohoka kuva mu masaha abiri ashize nta miti imfasha. Ese ibi birakomeye?",kinyarwanda,CRITICAL,obstetric,kinyarwanda->kinyarwanda:CRITICAL:obstetric,Maze umunsi wose mbabara ngerageza kubyara ariko umwana ntarasohoka.,Maze umunsi wose mbabara ngerageza kubyara ariko umwana ntarasohoka.
"Nyabuneka, mama afite ibimenyetso bya malariya, umuriro n'imbeho kuva ejo kandi birushaho kuba bibi. Urakoze.",kinyarwanda,URGENT,infectious_fever,kinyarwanda->kinyarwanda:URGENT:infectious_fever,"{REL} afite ibimenyetso bya malariya, umuriro n'imbeho.","Mfite ibimenyetso bya malariya, umuriro n'imbeho."
"Naje hano mbere, mu rugo hari umuntu urwaye igituntu kandi ndashaka kwisuzumisha kuva mu cyumweru gishize. Ese ibi birakomeye?",kinyarwanda,URGENT,preventive,kinyarwanda->kinyarwanda:URGENT:preventive,Mu rugo hari umuntu urwaye igituntu kandi ndashaka kwisuzumisha.,Mu rugo hari umuntu urwaye igituntu kandi ndashaka kwisuzumisha.
Ndatwite kandi nagagaye kuva ijoro ryashize. Abandi bana na bo bafite iki kibazo. Ese ibi birakomeye?,kinyarwanda,CRITICAL,obstetric,kinyarwanda->kinyarwanda:CRITICAL:obstetric,Ndatwite kandi nagagaye.,Ndatwite kandi nagagaye.
"Mumbabarire, ndashaka kubabwira ikibazo mfite. Maze umunsi wose mbabara ngerageza kubyara ariko umwana ntarasohoka kuva ijoro ryashize nta miti imfasha. Ntabasha kubona amafaranga yo kongera kuza kwa muganga.",kinyarwanda,CRITICAL,obstetric,kinyarwanda->kinyarwanda:CRITICAL:obstetric,Maze umunsi wose mbabara ngerageza kubyara ariko umwana ntarasohoka.,Maze umunsi wose mbabara ngerageza kubyara ariko umwana ntarasohoka.
"Ndashaka kukubwira ikibazo mfite. Umukecuru afite ibimenyetso bya malariya, umuriro n'imbeho kuva ijoro ryashize kandi nta miti mfite. Mfasha muganga.",kinyarwanda,URGENT,infectious_fever,kinyarwanda->kinyarwanda:URGENT:infectious_fever,"{REL} afite ibimenyetso bya malariya, umuriro n'imbeho.","Mfite ibimenyetso bya malariya, umuriro n'imbeho."
"Nzanye umwana wanjye, maze umunsi wose mbabara ngerageza kubyara ariko umwana ntarasohoka kuva ubu gitondo cya kare. Abandi bana na bo bafite iki kibazo. Ni imiti ki nafata?",kinyarwanda,CRITICAL,obstetric,kinyarwanda->kinyarwanda:CRITICAL:obstetric,Maze umunsi wose mbabara ngerageza kubyara ariko umwana ntarasohoka.,Maze umunsi wose mbabara ngerageza kubyara ariko umwana ntarasohoka.
"Muraho, ndashaka kugirwa inama ku mazi yo kunywa kuva hashize iminsi ibiri biragenda bikagaruka. Nkora iki?",kinyarwanda,ROUTINE,preventive,kinyarwanda->kinyarwanda:ROUTINE:preventive,Ndashaka kugirwa inama ku mazi yo kunywa.,Ndashaka kugirwa inama ku mazi yo kunywa.
"Simbizi niba bikomeye ariko, mama arababara cyane mu nda kandi ububabare ntibuhagarara kuva hashize iminsi itatu biragenda bikagaruka. Ndakeneye ubufasha vuba.",kinyarwanda,URGENT,gastrointestinal,kinyarwanda->kinyarwanda:URGENT:gastrointestinal,{REL} arababara cyane mu nda kandi ububabare ntibuhagarara.,Inda irandya cyane kandi ububabare ntibuhagarara.
Umuvuduko w'amaraso wanjye wazamutse cyane kandi umutwe urandya cyane kuva hashize icyumweru kandi nta miti mfite,kinyarwanda,URGENT,chronic_care,kinyarwanda->kinyarwanda:URGENT:chronic_care,Umuvuduko w'amaraso wanjye wazamutse cyane kandi umutwe urandya cyane.,Umuvuduko w'amaraso wanjye wazamutse cyane kandi umutwe urandya cyane.
Ndatwite kandi nagagaye kuva ejo bikarushaho nijoro. Ndakeneye ubufasha vuba.,kinyarwanda,CRITICAL,obstetric,kinyarwanda->kinyarwanda:CRITICAL:obstetric,Ndatwite kandi nagagaye.,Ndatwite kandi nagagaye.
"Ndakeneye ubufasha, umugore wanjye ari kubyara ariko umugozi w'umwana wabanje gusohoka kuva mu gitondo. Byatangiye gitunguranye. Ntabasha kubona amafaranga yo kongera kuza kwa muganga.",kinyarwanda,CRITICAL,obstetric,kinyarwanda->kinyarwanda:CRITICAL:obstetric,{REL} ari kubyara ariko umugozi w'umwana wabanje gusohoka.,Ndabyara ariko habanje gusohoka umugozi w'umwana.
"Simbizi niba bikomeye ariko, umuturanyi wanjye arababara cyane mu nda kandi ububabare ntibuhagarara kuva mu cyumweru gishize kandi birushaho kuba bibi. Nkora iki?",kinyarwanda,URGENT,gastrointestinal,kinyarwanda->kinyarwanda:URGENT:gastrointestinal,{REL} arababara cyane mu nda kandi ububabare ntibuhagarara.,Inda irandya cyane kandi ububabare ntibuhagarara.
"Muganga, mfite ikibazo ku mutwe kandi kirimo guterwa n'urumuri kuva ijoro ryashize kandi birushaho kuba bibi. Murakoze.",kinyarwanda,URGENT,neurological,kinyarwanda->kinyarwanda:URGENT:neurological,Mfite ikibazo ku mutwe kandi kirimo guterwa n'urumuri.,Mfite ikibazo ku mutwe kandi kirimo guterwa n'urumuri.
"Nzanye umwana wanjye, mu rugo hari umuntu urwaye igituntu kandi ndashaka kwisuzumisha kuva mu cyumweru gishize kandi nta miti mfite. Nkora iki?",kinyarwanda,URGENT,preventive,kinyarwanda->kinyarwanda:URGENT:preventive,Mu rugo hari umuntu urwaye igituntu kandi ndashaka kwisuzumisha.,Mu rugo hari umuntu urwaye igituntu kandi ndashaka kwisuzumisha.
Umugore wanjye afite igisebe ku kirenge kidakira kandi afite diyabete kuva hashize iminsi ibiri biragenda bikagaruka. Ndakeneye ubufasha vuba.,kinyarwanda,URGENT,chronic_care,kinyarwanda->kinyarwanda:URGENT:chronic_care,{REL} afite igisebe ku kirenge kidakira kandi afite diyabete.,Mfite igisebe ku kirenge kidakira kandi mfite diyabete.
"Muraho, mu rugo hari umuntu urwaye igituntu kandi umugabo wanjye ashaka kwisuzumisha kuva ejo bikarushaho nijoro. Ni imiti ki nafata?",kinyarwanda,URGENT,preventive,kinyarwanda->kinyarwanda:URGENT:preventive,Mu rugo hari umuntu urwaye igituntu kandi {REL} ashaka kwisuzumisha.,Mu rugo hari umuntu urwaye igituntu kandi ndashaka kwisuzumisha.
Ndashaka kukubwira ikibazo mfite. Mu rugo hari umuntu urwaye igituntu kandi ndashaka kwisuzumisha kuva mu cyumweru gishize kandi sinshobora gusinzira. Ese ibi birakomeye?,kinyarwanda,URGENT,preventive,kinyarwanda->kinyarwanda:URGENT:preventive,Mu rugo hari umuntu urwaye igituntu kandi ndashaka kwisuzumisha.,Mu rugo hari umuntu urwaye igituntu kandi ndashaka kwisuzumisha.
"Simbizi niba bikomeye ariko, iyo mama ahumetse cyane, arumva mu gituza hamubabaza kuva hashize icyumweru bikarushaho nijoro. Mfasha muganga.",kinyarwanda,URGENT,cardiac_respiratory,kinyarwanda->kinyarwanda:URGENT:cardiac_respiratory,"Iyo {REL} ahumetse cyane, arumva mu gituza hamubabaza.","Iyo {REL} ahumetse cyane, arumva mu gituza hamubabaza."
"Mumbabarire, ndashaka kubabwira ikibazo mfite. Umuturanyi wanjye nta miti ya SIDA afite kuva ijoro ryashize kandi birushaho kuba bibi. Ese ibi birakomeye?",kinyarwanda,URGENT,chronic_care,kinyarwanda->kinyarwanda:URGENT:chronic_care,{REL} nta miti ya SIDA afite.,Nta miti ya SIDA mfite.
"Mfasha vuba, mfite ikibazo ku mutwe kandi kirimo guterwa n'urumuri kuva ubu gitondo cya kare kandi sinshobora gusinzira. Naje mvuye kure.",kinyarwanda,URGENT,neurological,kinyarwanda->kinyarwanda:URGENT:neurological,Mfite ikibazo ku mutwe kandi kirimo guterwa n'urumuri.,Mfite ikibazo ku mutwe kandi kirimo guterwa n'urumuri.
"Mfasha vuba, ndatwite kandi nagagaye kuva ijoro ryashize kandi nta miti mfite. Ntegereze cyangwa nsuzumwe ubu?",kinyarwanda,CRITICAL,obstetric,kinyarwanda->kinyarwanda:CRITICAL:obstetric,Ndatwite kandi nagagaye.,Ndatwite kandi nagagaye.
"Muganga, maze iminsi itatu ndwaye impiswi zikomeye kuva hashize icyumweru. Abandi bana na bo bafite iki kibazo. Ntegereze cyangwa nsuzumwe ubu?",kinyarwanda,URGENT,gastrointestinal,kinyarwanda->kinyarwanda:URGENT:gastrointestinal,maze iminsi itatu ndwaye impiswi zikomeye,maze iminsi itatu ndwaye impiswi zikomeye
"Ndashaka kukubwira ikibazo mfite. Iyo umuturanyi wanjye ahumetse cyane, arumva mu gituza hamubabaza kuva ejo bikarushaho nijoro. Ntegereze cyangwa nsuzumwe ubu?",kinyarwanda,URGENT,cardiac_respiratory,kinyarwanda->kinyarwanda:URGENT:cardiac_respiratory,"Iyo {REL} ahumetse cyane, arumva mu gituza hamubabaza.","Iyo {REL} ahumetse cyane, arumva mu gituza hamubabaza."
"Muganga, umugore wanjye afite igisebe ku kirenge kidakira kandi afite diyabete kuva ubu gitondo cya kare biragenda bikagaruka. Nkora iki?",kinyarwanda,URGENT,chronic_care,kinyarwanda->kinyarwanda:URGENT:chronic_care,{REL} afite igisebe ku kirenge kidakira kandi afite diyabete.,Mfite igisebe ku kirenge kidakira kandi mfite diyabete.
"Mumbabarire, ndashaka kubabwira ikibazo mfite. Maze umunsi wose mbabara ngerageza kubyara ariko umwana ntarasohoka kuva ejo kandi ndahangayitse",kinyarwanda,CRITICAL,obstetric,kinyarwanda->kinyarwanda:CRITICAL:obstetric,Maze umunsi wose mbabara ngerageza kubyara ariko umwana ntarasohoka.,Maze umunsi wose mbabara ngerageza kubyara ariko umwana ntarasohoka.
"Mumbabarire, ndashaka kubabwira ikibazo mfite. Mushiki wanjye nta miti ya SIDA afite kandi sinshobora gusinzira. Ni imiti ki nafata?",kinyarwanda,URGENT,chronic_care,kinyarwanda->kinyarwanda:URGENT:chronic_care,{REL} nta miti ya SIDA afite.,Nta miti ya SIDA mfite.
"Nyabuneka, ndashaka kugirwa inama ku mazi yo kunywa kuva hashize iminsi itatu. Byatangiye gitunguranye. Ndakeneye ubufasha vuba.",kinyarwanda,ROUTINE,preventive,kinyarwanda->kinyarwanda:ROUTINE:preventive,Ndashaka kugirwa inama ku mazi yo kunywa.,Ndashaka kugirwa inama ku mazi yo kunywa.
"Mfasha vuba, umuturanyi wanjye afite igisebe ku kirenge kidakira kandi afite diyabete kuva hashize icyumweru biragenda bikagaruka. Naje mvuye kure.",kinyarwanda,URGENT,chronic_care,kinyarwanda->kinyarwanda:URGENT:chronic_care,{REL} afite igisebe ku kirenge kidakira kandi afite diyabete.,Mfite igisebe ku kirenge kidakira kandi mfite diyabete.
"Nzanye umwana wanjye, mama afite ibimenyetso bya malariya, umuriro n'imbeho kuva mu gitondo kandi birushaho kuba bibi. Ni imiti ki nafata?",kinyarwanda,URGENT,infectious_fever,kinyarwanda->kinyarwanda:URGENT:infectious_fever,"{REL} afite ibimenyetso bya malariya, umuriro n'imbeho.","Mfite ibimenyetso bya malariya, umuriro n'imbeho."
"Mumbabarire, ndashaka kubabwira ikibazo mfite. Mfite ikibazo ku mutwe kandi kirimo guterwa n'urumuri kuva mu masaha abiri ashize. Byatangiye gitunguranye.",kinyarwanda,URGENT,neurological,kinyarwanda->kinyarwanda:URGENT:neurological,Mfite ikibazo ku mutwe kandi kirimo guterwa n'urumuri.,Mfite ikibazo ku mutwe kandi kirimo guterwa n'urumuri.
"Mfasha vuba, umukecuru afite igisebe ku kirenge kidakira kandi afite diyabete kuva ejo bikarushaho nijoro. Ntegereze cyangwa nsuzumwe ubu?",kinyarwanda,URGENT,chronic_care,kinyarwanda->kinyarwanda:URGENT:chronic_care,{REL} afite igisebe ku kirenge kidakira kandi afite diyabete.,Mfite igisebe ku kirenge kidakira kandi mfite diyabete.
"Naje hano mbere, ndashaka kugirwa inama ku mazi yo kunywa kuva hashize iminsi itatu nta miti imfasha. Naje mvuye kure.",kinyarwanda,ROUTINE,preventive,kinyarwanda->kinyarwanda:ROUTINE:preventive,Ndashaka kugirwa inama ku mazi yo kunywa.,Ndashaka kugirwa inama ku mazi yo kunywa.
"Mumbabarire, ndashaka kubabwira ikibazo mfite. Umugore wanjye ahumeka bimugora cyane kandi iminwa ye yahindutse ibara kuva hashize iminsi itatu biragenda bikagaruka. Nkora iki?",kinyarwanda,CRITICAL,cardiac_respiratory,kinyarwanda->kinyarwanda:CRITICAL:cardiac_respiratory,{REL} ahumeka bimugora cyane kandi iminwa ye yahindutse ibara.,guhumeka birangora cyane kandi iminwa yanjye yahindutse ibara
"Nyabuneka, mama afite gahunda yo gukingiza umwana kuva ijoro ryashize kandi sinshobora gusinzira",kinyarwanda,ROUTINE,preventive,kinyarwanda->kinyarwanda:ROUTINE:preventive,{REL} afite gahunda yo gukingiza umwana.,Mfite gahunda yo gukingiza umwana.
"Muraho, maze iminsi itatu ndwaye impiswi zikomeye kuva hashize icyumweru biragenda bikagaruka. Ni imiti ki nafata?",kinyarwanda,URGENT,gastrointestinal,kinyarwanda->kinyarwanda:URGENT:gastrointestinal,maze iminsi itatu ndwaye impiswi zikomeye,maze iminsi itatu ndwaye impiswi zikomeye
"Simbizi niba bikomeye ariko, iyo umukecuru ahumetse cyane, arumva mu gituza hamubabaza kuva hashize iminsi ibiri nta miti imfasha",kinyarwanda,URGENT,cardiac_respiratory,kinyarwanda->kinyarwanda:URGENT:cardiac_respiratory,"Iyo {REL} ahumetse cyane, arumva mu gituza hamubabaza.","Iyo {REL} ahumetse cyane, arumva mu gituza hamubabaza."
"Muganga, papa afite gahunda yo gukingiza umwana kuva hashize iminsi ibiri biragenda bikagaruka. Naje mvuye kure.",kinyarwanda,ROUTINE,preventive,kinyarwanda->kinyarwanda:ROUTINE:preventive,{REL} afite gahunda yo gukingiza umwana.,Mfite gahunda yo gukingiza umwana.
"Mfasha, mfite ikibazo ku mutwe kandi kirimo guterwa n'urumuri kuva ubu gitondo cya kare kandi ndahangayitse. Mfasha muganga.",kinyarwanda,URGENT,neurological,kinyarwanda->kinyarwanda:URGENT:neurological,Mfite ikibazo ku mutwe kandi kirimo guterwa n'urumuri.,Mfite ikibazo ku mutwe kandi kirimo guterwa n'urumuri.
"Naje hano mbere, mfite ikibazo ku mutwe kandi kirimo guterwa n'urumuri kuva mu masaha abiri ashize. Abandi bana na bo bafite iki kibazo. Ese ibi birakomeye?",kinyarwanda,URGENT,neurological,kinyarwanda->kinyarwanda:URGENT:neurological,Mfite ikibazo ku mutwe kandi kirimo guterwa n'urumuri.,Mfite ikibazo ku mutwe kandi kirimo guterwa n'urumuri.
"Mfasha, maze iminsi itatu ndwaye impiswi zikomeye kuva mu masaha abiri ashize kandi nta miti mfite. Ese ibi birakomeye?",kinyarwanda,URGENT,gastrointestinal,kinyarwanda->kinyarwanda:URGENT:gastrointestinal,maze iminsi itatu ndwaye impiswi zikomeye,maze iminsi itatu ndwaye impiswi zikomeye
"Mumbabarire, ndashaka kubabwira ikibazo mfite. Umugore wanjye ari kubyara ariko umugozi w'umwana wabanje gusohoka kuva mu gitondo kandi sinshobora gusinzira. Ntabasha kubona amafaranga yo kongera kuza kwa muganga.",kinyarwanda,CRITICAL,obstetric,kinyarwanda->kinyarwanda:CRITICAL:obstetric,{REL} ari kubyara ariko umugozi w'umwana wabanje gusohoka.,Ndabyara ariko habanje gusohoka umugozi w'umwana.
"Nzanye umwana wanjye, maze umunsi wose mbabara ngerageza kubyara ariko umwana ntarasohoka kandi nta miti mfite. Ese ibi birakomeye?",kinyarwanda,CRITICAL,obstetric,kinyarwanda->kinyarwanda:CRITICAL:obstetric,Maze umunsi wose mbabara ngerageza kubyara ariko umwana ntarasohoka.,Maze umunsi wose mbabara ngerageza kubyara ariko umwana ntarasohoka.
"Ndakeneye ubufasha, mushiki wanjye arababara cyane mu nda kandi ububabare ntibuhagarara kuva mu cyumweru gishize nta miti imfasha. Ndakeneye ubufasha vuba.",kinyarwanda,URGENT,gastrointestinal,kinyarwanda->kinyarwanda:URGENT:gastrointestinal,{REL} arababara cyane mu nda kandi ububabare ntibuhagarara.,Inda irandya cyane kandi ububabare ntibuhagarara.
"Muraho, maze iminsi itatu ndwaye impiswi zikomeye nta miti imfasha. Naje mvuye kure.",kinyarwanda,URGENT,gastrointestinal,kinyarwanda->kinyarwanda:URGENT:gastrointestinal,maze iminsi itatu ndwaye impiswi zikomeye,maze iminsi itatu ndwaye impiswi zikomeye
"Muraho, iyo umugabo wanjye ahumetse cyane, arumva mu gituza hamubabaza kuva ubu gitondo cya kare. Ndakeneye ubufasha vuba.",kinyarwanda,URGENT,cardiac_respiratory,kinyarwanda->kinyarwanda:URGENT:cardiac_respiratory,"Iyo {REL} ahumetse cyane, arumva mu gituza hamubabaza.","Iyo {REL} ahumetse cyane, arumva mu gituza hamubabaza."
"Ndakeneye ubufasha, umuturanyi wanjye nta miti ya SIDA afite kuva ijoro ryashize nta miti imfasha. Ntegereze cyangwa nsuzumwe ubu?",kinyarwanda,URGENT,chronic_care,kinyarwanda->kinyarwanda:URGENT:chronic_care,{REL} nta miti ya SIDA afite.,Nta miti ya SIDA mfite.
Mu rugo hari umuntu urwaye igituntu kandi ndashaka kwisuzumisha kuva ijoro ryashize nta miti imfasha. Urakoze.,kinyarwanda,URGENT,preventive,kinyarwanda->kinyarwanda:URGENT:preventive,Mu rugo hari umuntu urwaye igituntu kandi ndashaka kwisuzumisha.,Mu rugo hari umuntu urwaye igituntu kandi ndashaka kwisuzumisha.
"Nyabuneka, papa nta miti ya SIDA afite kuva hashize iminsi ibiri bikarushaho nijoro. Ntabasha kubona amafaranga yo kongera kuza kwa muganga.",kinyarwanda,URGENT,chronic_care,kinyarwanda->kinyarwanda:URGENT:chronic_care,{REL} nta miti ya SIDA afite.,Nta miti ya SIDA mfite.
"Ndakeneye ubufasha, umugore wanjye ari kubyara ariko umugozi w'umwana wabanje gusohoka kuva ubu gitondo cya kare kandi sinshobora gusinzira. Naje mvuye kure.",kinyarwanda,CRITICAL,obstetric,kinyarwanda->kinyarwanda:CRITICAL:obstetric,{REL} ari kubyara ariko umugozi w'umwana wabanje gusohoka.,Ndabyara ariko habanje gusohoka umugozi w'umwana.
"Naje hano mbere, mu rugo hari umuntu urwaye igituntu kandi umugore wanjye ashaka kwisuzumisha kuva ijoro ryashize. Murakoze.",kinyarwanda,URGENT,preventive,kinyarwanda->kinyarwanda:URGENT:preventive,Mu rugo hari umuntu urwaye igituntu kandi {REL} ashaka kwisuzumisha.,Mu rugo hari umuntu urwaye igituntu kandi ndashaka kwisuzumisha.
"Mfasha, umugabo wanjye afite igisebe ku kirenge kidakira kandi afite diyabete kuva mu cyumweru gishize. Abandi bana na bo bafite iki kibazo. Mfasha muganga.",kinyarwanda,URGENT,chronic_care,kinyarwanda->kinyarwanda:URGENT:chronic_care,{REL} afite igisebe ku kirenge kidakira kandi afite diyabete.,Mfite igisebe ku kirenge kidakira kandi mfite diyabete.
"Mfasha, papa arababara cyane mu nda kandi ububabare ntibuhagarara kuva mu masaha abiri ashize. Byatangiye gitunguranye. Naje mvuye kure.",kinyarwanda,URGENT,gastrointestinal,kinyarwanda->kinyarwanda:URGENT:gastrointestinal,{REL} arababara cyane mu nda kandi ububabare ntibuhagarara.,Inda irandya cyane kandi ububabare ntibuhagarara.
"Mfasha, mfite igisebe ku kirenge kidakira kandi mfite diyabete kuva mu cyumweru gishize kandi birushaho kuba bibi",kinyarwanda,URGENT,chronic_care,kinyarwanda->kinyarwanda:URGENT:chronic_care,Mfite igisebe ku kirenge kidakira kandi mfite diyabete.,Mfite igisebe ku kirenge kidakira kandi mfite diyabete.
Mama arababara cyane mu nda kandi ububabare ntibuhagarara kuva ejo. Byatangiye gitunguranye. Mfasha muganga.,kinyarwanda,URGENT,gastrointestinal,kinyarwanda->kinyarwanda:URGENT:gastrointestinal,{REL} arababara cyane mu nda kandi ububabare ntibuhagarara.,Inda irandya cyane kandi ububabare ntibuhagarara.
"Nzanye umwana wanjye, papa nta miti ya SIDA afite kuva hashize icyumweru kandi ndahangayitse. Mfasha muganga.",kinyarwanda,URGENT,chronic_care,kinyarwanda->kinyarwanda:URGENT:chronic_care,{REL} nta miti ya SIDA afite.,Nta miti ya SIDA mfite.
"Muganga, umugabo wanjye afite gahunda yo gukingiza umwana kuva ejo nta miti imfasha. Mfasha muganga.",kinyarwanda,ROUTINE,preventive,kinyarwanda->kinyarwanda:ROUTINE:preventive,{REL} afite gahunda yo gukingiza umwana.,Mfite gahunda yo gukingiza umwana.
"Simbizi niba bikomeye ariko, mfite ikibazo ku mutwe kandi kirimo guterwa n'urumuri kuva mu gitondo kandi sinshobora gusinzira. Urakoze.",kinyarwanda,URGENT,neurological,kinyarwanda->kinyarwanda:URGENT:neurological,Mfite ikibazo ku mutwe kandi kirimo guterwa n'urumuri.,Mfite ikibazo ku mutwe kandi kirimo guterwa n'urumuri.
"Muganga, mfite ikibazo ku mutwe kandi kirimo guterwa n'urumuri kuva ejo. Abandi bana na bo bafite iki kibazo. Ntabasha kubona amafaranga yo kongera kuza kwa muganga.",kinyarwanda,URGENT,neurological,kinyarwanda->kinyarwanda:URGENT:neurological,Mfite ikibazo ku mutwe kandi kirimo guterwa n'urumuri.,Mfite ikibazo ku mutwe kandi kirimo guterwa n'urumuri.
"Mfasha, mushiki wanjye afite ibimenyetso bya malariya, umuriro n'imbeho kuva hashize icyumweru kandi birushaho kuba bibi",kinyarwanda,URGENT,infectious_fever,kinyarwanda->kinyarwanda:URGENT:infectious_fever,"{REL} afite ibimenyetso bya malariya, umuriro n'imbeho.","Mfite ibimenyetso bya malariya, umuriro n'imbeho."
"Mumbabarire, ndashaka kubabwira ikibazo mfite. Umwana wanjye afite impiswi zikomeye kandi yagize umwuma kandi birushaho kuba bibi. Ese ibi birakomeye?",kinyarwanda,CRITICAL,gastrointestinal,kinyarwanda->kinyarwanda:CRITICAL:gastrointestinal,{REL} afite impiswi zikomeye kandi yagize umwuma.,{REL} afite impiswi zikomeye kandi yagize umwuma.
Mu rugo hari umuntu urwaye igituntu kandi umukecuru ashaka kwisuzumisha kuva ubu gitondo cya kare. Abandi bana na bo bafite iki kibazo. Nkora iki?,kinyarwanda,URGENT,preventive,kinyarwanda->kinyarwanda:URGENT:preventive,Mu rugo hari umuntu urwaye igituntu kandi {REL} ashaka kwisuzumisha.,Mu rugo hari umuntu urwaye igituntu kandi ndashaka kwisuzumisha.
"Muraho, umuturanyi wanjye afite impiswi zikomeye kandi yagize umwuma kuva hashize icyumweru. Byatangiye gitunguranye. Ndakeneye ubufasha vuba.",kinyarwanda,CRITICAL,gastrointestinal,kinyarwanda->kinyarwanda:CRITICAL:gastrointestinal,{REL} afite impiswi zikomeye kandi yagize umwuma.,{REL} afite impiswi zikomeye kandi yagize umwuma.
"Simbizi niba bikomeye ariko, umuvuduko w'amaraso wanjye wazamutse cyane kandi umutwe urandya cyane kuva hashize iminsi ibiri. Byatangiye gitunguranye. Ese ibi birakomeye?",kinyarwanda,URGENT,chronic_care,kinyarwanda->kinyarwanda:URGENT:chronic_care,Umuvuduko w'amaraso wanjye wazamutse cyane kandi umutwe urandya cyane.,Umuvuduko w'amaraso wanjye wazamutse cyane kandi umutwe urandya cyane.
"Mfasha vuba, mu rugo hari umuntu urwaye igituntu kandi umuturanyi wanjye ashaka kwisuzumisha kuva mu masaha abiri ashize kandi sinshobora gusinzira. Nkora iki?",kinyarwanda,URGENT,preventive,kinyarwanda->kinyarwanda:URGENT:preventive,Mu rugo hari umuntu urwaye igituntu kandi {REL} ashaka kwisuzumisha.,Mu rugo hari umuntu urwaye igituntu kandi ndashaka kwisuzumisha.
Ndashaka kukubwira ikibazo mfite. Maze umunsi wose mbabara ngerageza kubyara ariko umwana ntarasohoka kuva mu masaha abiri ashize biragenda bikagaruka. Ntegereze cyangwa nsuzumwe ubu?,kinyarwanda,CRITICAL,obstetric,kinyarwanda->kinyarwanda:CRITICAL:obstetric,Maze umunsi wose mbabara ngerageza kubyara ariko umwana ntarasohoka.,Maze umunsi wose mbabara ngerageza kubyara ariko umwana ntarasohoka.
Ndashaka kukubwira ikibazo mfite. Mfite igisebe ku kirenge kidakira kandi mfite diyabete kuva hashize iminsi ibiri kandi sinshobora gusinzira. Nkora iki?,kinyarwanda,URGENT,chronic_care,kinyarwanda->kinyarwanda:URGENT:chronic_care,Mfite igisebe ku kirenge kidakira kandi mfite diyabete.,Mfite igisebe ku kirenge kidakira kandi mfite diyabete.
Ndashaka kukubwira ikibazo mfite. Mu rugo hari umuntu urwaye igituntu kandi ndashaka kwisuzumisha kuva mu masaha abiri ashize kandi ndahangayitse. Mfasha muganga.,kinyarwanda,URGENT,preventive,kinyarwanda->kinyarwanda:URGENT:preventive,Mu rugo hari umuntu urwaye igituntu kandi ndashaka kwisuzumisha.,Mu rugo hari umuntu urwaye igituntu kandi ndashaka kwisuzumisha.
"Nzanye umwana wanjye, ndatwite kandi nagagaye kuva mu gitondo. Nkora iki?",kinyarwanda,CRITICAL,obstetric,kinyarwanda->kinyarwanda:CRITICAL:obstetric,Ndatwite kandi nagagaye.,Ndatwite kandi nagagaye.
"Ndakeneye ubufasha, umukecuru afite impiswi zikomeye kandi yagize umwuma kuva ejo. Byatangiye gitunguranye. Ese ibi birakomeye?",kinyarwanda,CRITICAL,gastrointestinal,kinyarwanda->kinyarwanda:CRITICAL:gastrointestinal,{REL} afite impiswi zikomeye kandi yagize umwuma.,{REL} afite impiswi zikomeye kandi yagize umwuma.
"Simbizi niba bikomeye ariko, mushiki wanjye ahumeka bimugora cyane kandi iminwa ye yahindutse ibara kuva hashize iminsi itatu nta miti imfasha. Mfasha muganga.",kinyarwanda,CRITICAL,cardiac_respiratory,kinyarwanda->kinyarwanda:CRITICAL:cardiac_respiratory,{REL} ahumeka bimugora cyane kandi iminwa ye yahindutse ibara.,guhumeka birangora cyane kandi iminwa yanjye yahindutse ibara
"Mumbabarire, ndashaka kubabwira ikibazo mfite. Papa afite ibimenyetso bya malariya, umuriro n'imbeho kuva mu masaha abiri ashize. Ese ibi birakomeye?",kinyarwanda,URGENT,infectious_fever,kinyarwanda->kinyarwanda:URGENT:infectious_fever,"{REL} afite ibimenyetso bya malariya, umuriro n'imbeho.","Mfite ibimenyetso bya malariya, umuriro n'imbeho."
"Mfasha vuba, mama arababara cyane mu nda kandi ububabare ntibuhagarara kuva hashize icyumweru kandi birushaho kuba bibi. Ntabasha kubona amafaranga yo kongera kuza kwa muganga.",kinyarwanda,URGENT,gastrointestinal,kinyarwanda->kinyarwanda:URGENT:gastrointestinal,{REL} arababara cyane mu nda kandi ububabare ntibuhagarara.,Inda irandya cyane kandi ububabare ntibuhagarara.
"Mfasha vuba, umuturanyi wanjye arababara cyane mu nda kandi ububabare ntibuhagarara kuva ubu gitondo cya kare. Byatangiye gitunguranye. Urakoze.",kinyarwanda,URGENT,gastrointestinal,kinyarwanda->kinyarwanda:URGENT:gastrointestinal,{REL} arababara cyane mu nda kandi ububabare ntibuhagarara.,Inda irandya cyane kandi ububabare ntibuhagarara.
Ndashaka kugirwa inama ku mazi yo kunywa bikarushaho nijoro. Ntegereze cyangwa nsuzumwe ubu?,kinyarwanda,ROUTINE,preventive,kinyarwanda->kinyarwanda:ROUTINE:preventive,Ndashaka kugirwa inama ku mazi yo kunywa.,Ndashaka kugirwa inama ku mazi yo kunywa.
"Ndakeneye ubufasha, umuvuduko w'amaraso wanjye wazamutse cyane kandi umutwe urandya cyane kuva hashize iminsi itatu",kinyarwanda,URGENT,chronic_care,kinyarwanda->kinyarwanda:URGENT:chronic_care,Umuvuduko w'amaraso wanjye wazamutse cyane kandi umutwe urandya cyane.,Umuvuduko w'amaraso wanjye wazamutse cyane kandi umutwe urandya cyane.
Mfite igisebe ku kirenge kidakira kandi mfite diyabete kuva ejo kandi sinshobora gusinzira. Ese ibi birakomeye?,kinyarwanda,URGENT,chronic_care,kinyarwanda->kinyarwanda:URGENT:chronic_care,Mfite igisebe ku kirenge kidakira kandi mfite diyabete.,Mfite igisebe ku kirenge kidakira kandi mfite diyabete.
"Nzanye umwana wanjye, papa yabyimbye ibirenge kandi ntashobora guhumeka neza iyo aragaramye kuva ijoro ryashize kandi nta miti mfite. Ese ibi birakomeye?",kinyarwanda,URGENT,chronic_care,kinyarwanda->kinyarwanda:URGENT:chronic_care,{REL} yabyimbye ibirenge kandi ntashobora guhumeka neza iyo aragaramye.,Nabyimbye ibirenge kandi sinshobora guhumeka neza iyo ndagaramye.
Ndashaka kugirwa inama ku mazi yo kunywa kuva hashize iminsi ibiri kandi sinshobora gusinzira. Ndakeneye ubufasha vuba.,kinyarwanda,ROUTINE,preventive,kinyarwanda->kinyarwanda:ROUTINE:preventive,Ndashaka kugirwa inama ku mazi yo kunywa.,Ndashaka kugirwa inama ku mazi yo kunywa.
"Mfasha vuba, mushiki wanjye ari kubyara ariko umugozi w'umwana wabanje gusohoka kuva mu gitondo nta miti imfasha. Ese ibi birakomeye?",kinyarwanda,CRITICAL,obstetric,kinyarwanda->kinyarwanda:CRITICAL:obstetric,{REL} ari kubyara ariko umugozi w'umwana wabanje gusohoka.,Ndabyara ariko habanje gusohoka umugozi w'umwana.
Umuvuduko w'amaraso wanjye wazamutse cyane kandi umutwe urandya cyane kuva ubu gitondo cya kare kandi ndahangayitse. Urakoze.,kinyarwanda,URGENT,chronic_care,kinyarwanda->kinyarwanda:URGENT:chronic_care,Umuvuduko w'amaraso wanjye wazamutse cyane kandi umutwe urandya cyane.,Umuvuduko w'amaraso wanjye wazamutse cyane kandi umutwe urandya cyane.
"Nyabuneka, mu rugo hari umuntu urwaye igituntu kandi ndashaka kwisuzumisha kuva ijoro ryashize. Abandi bana na bo bafite iki kibazo. Ese ibi birakomeye?",kinyarwanda,URGENT,preventive,kinyarwanda->kinyarwanda:URGENT:preventive,Mu rugo hari umuntu urwaye igituntu kandi ndashaka kwisuzumisha.,Mu rugo hari umuntu urwaye igituntu kandi ndashaka kwisuzumisha.
"Simbizi niba bikomeye ariko, papa nta miti ya SIDA afite kuva mu gitondo nta miti imfasha. Ese ibi birakomeye?",kinyarwanda,URGENT,chronic_care,kinyarwanda->kinyarwanda:URGENT:chronic_care,{REL} nta miti ya SIDA afite.,Nta miti ya SIDA mfite.
"Mfasha, papa afite igisebe ku kirenge kidakira kandi afite diyabete kuva ijoro ryashize",kinyarwanda,URGENT,chronic_care,kinyarwanda->kinyarwanda:URGENT:chronic_care,{REL} afite igisebe ku kirenge kidakira kandi afite diyabete.,Mfite igisebe ku kirenge kidakira kandi mfite diyabete.
Maze umunsi wose mbabara ngerageza kubyara ariko umwana ntarasohoka kuva hashize iminsi ibiri kandi nta miti mfite. Ese ibi birakomeye?,kinyarwanda,CRITICAL,obstetric,kinyarwanda->kinyarwanda:CRITICAL:obstetric,Maze umunsi wose mbabara ngerageza kubyara ariko umwana ntarasohoka.,Maze umunsi wose mbabara ngerageza kubyara ariko umwana ntarasohoka.
"Mfasha vuba, ndatwite kandi nagagaye kuva ijoro ryashize kandi birushaho kuba bibi. Nkora iki?",kinyarwanda,CRITICAL,obstetric,kinyarwanda->kinyarwanda:CRITICAL:obstetric,Ndatwite kandi nagagaye.,Ndatwite kandi nagagaye.
"Mfasha vuba, papa nta miti ya SIDA afite kuva ubu gitondo cya kare biragenda bikagaruka. Ni imiti ki nafata?",kinyarwanda,URGENT,chronic_care,kinyarwanda->kinyarwanda:URGENT:chronic_care,{REL} nta miti ya SIDA afite.,Nta miti ya SIDA mfite.
"Muganga, maze iminsi itatu ndwaye impiswi zikomeye kuva hashize iminsi ibiri kandi ndahangayitse. Ni imiti ki nafata?",kinyarwanda,URGENT,gastrointestinal,kinyarwanda->kinyarwanda:URGENT:gastrointestinal,maze iminsi itatu ndwaye impiswi zikomeye,maze iminsi itatu ndwaye impiswi zikomeye
"Muganga, mfite umuhaha kuva mu gitondo kandi nta miti mfite. Naje mvuye kure.",kinyarwanda,URGENT,paediatric,kinyarwanda->kinyarwanda:URGENT:paediatric,Mfite umuhaha.,Mfite umuhaha.
"Simbizi niba bikomeye ariko, papa arababara cyane mu nda kandi ububabare ntibuhagarara kuva ejo. Abandi bana na bo bafite iki kibazo.",kinyarwanda,URGENT,gastrointestinal,kinyarwanda->kinyarwanda:URGENT:gastrointestinal,{REL} arababara cyane mu nda kandi ububabare ntibuhagarara.,Inda irandya cyane kandi ububabare ntibuhagarara.
"Nzanye umwana wanjye, umugore wanjye yabyimbye ibirenge kandi ntashobora guhumeka neza iyo aragaramye biragenda bikagaruka. Nkora iki?",kinyarwanda,URGENT,chronic_care,kinyarwanda->kinyarwanda:URGENT:chronic_care,{REL} yabyimbye ibirenge kandi ntashobora guhumeka neza iyo aragaramye.,Nabyimbye ibirenge kandi sinshobora guhumeka neza iyo ndagaramye.
"Mfasha, mushiki wanjye ari kubyara ariko umugozi w'umwana wabanje gusohoka kuva ijoro ryashize kandi ndahangayitse",kinyarwanda,CRITICAL,obstetric,kinyarwanda->kinyarwanda:CRITICAL:obstetric,{REL} ari kubyara ariko umugozi w'umwana wabanje gusohoka.,Ndabyara ariko habanje gusohoka umugozi w'umwana.
"Mfasha, umuturanyi wanjye afite igisebe ku kirenge kidakira kandi afite diyabete kuva hashize iminsi ibiri. Abandi bana na bo bafite iki kibazo. Murakoze.",kinyarwanda,URGENT,chronic_care,kinyarwanda->kinyarwanda:URGENT:chronic_care,{REL} afite igisebe ku kirenge kidakira kandi afite diyabete.,Mfite igisebe ku kirenge kidakira kandi mfite diyabete.
"Nzanye umwana wanjye, umugore wanjye afite impiswi zikomeye kandi yagize umwuma kuva hashize icyumweru. Abandi bana na bo bafite iki kibazo. Ndakeneye ubufasha vuba.",kinyarwanda,CRITICAL,gastrointestinal,kinyarwanda->kinyarwanda:CRITICAL:gastrointestinal,{REL} afite impiswi zikomeye kandi yagize umwuma.,{REL} afite impiswi zikomeye kandi yagize umwuma.
Mfite ikibazo ku mutwe kandi kirimo guterwa n'urumuri kuva ubu gitondo cya kare. Abandi bana na bo bafite iki kibazo. Murakoze.,kinyarwanda,URGENT,neurological,kinyarwanda->kinyarwanda:URGENT:neurological,Mfite ikibazo ku mutwe kandi kirimo guterwa n'urumuri.,Mfite ikibazo ku mutwe kandi kirimo guterwa n'urumuri.
Ndashaka kukubwira ikibazo mfite. Mama arababara cyane mu nda kandi ububabare ntibuhagarara kuva hashize iminsi ibiri kandi birushaho kuba bibi. Ntabasha kubona amafaranga yo kongera kuza kwa muganga.,kinyarwanda,URGENT,gastrointestinal,kinyarwanda->kinyarwanda:URGENT:gastrointestinal,{REL} arababara cyane mu nda kandi ububabare ntibuhagarara.,Inda irandya cyane kandi ububabare ntibuhagarara.
"Muraho, mfite igisebe ku kirenge kidakira kandi mfite diyabete kuva ejo nta miti imfasha. Ni imiti ki nafata?",kinyarwanda,URGENT,chronic_care,kinyarwanda->kinyarwanda:URGENT:chronic_care,Mfite igisebe ku kirenge kidakira kandi mfite diyabete.,Mfite igisebe ku kirenge kidakira kandi mfite diyabete.
"Nyabuneka, umugabo wanjye afite igisebe ku kirenge kidakira kandi afite diyabete kuva ubu gitondo cya kare bikarushaho nijoro. Mfasha muganga.",kinyarwanda,URGENT,chronic_care,kinyarwanda->kinyarwanda:URGENT:chronic_care,{REL} afite igisebe ku kirenge kidakira kandi afite diyabete.,Mfite igisebe ku kirenge kidakira kandi mfite diyabete.
"Muraho, umuturanyi wanjye afite gahunda yo gukingiza umwana kuva hashize iminsi itatu biragenda bikagaruka. Ni imiti ki nafata?",kinyarwanda,ROUTINE,preventive,kinyarwanda->kinyarwanda:ROUTINE:preventive,{REL} afite gahunda yo gukingiza umwana.,Mfite gahunda yo gukingiza umwana.
"Nyabuneka, umugabo wanjye afite gahunda yo gukingiza umwana kuva ubu gitondo cya kare kandi ndahangayitse",kinyarwanda,ROUTINE,preventive,kinyarwanda->kinyarwanda:ROUTINE:preventive,{REL} afite gahunda yo gukingiza umwana.,Mfite gahunda yo gukingiza umwana.
"Muraho, mfite umuhaha kuva mu gitondo. Byatangiye gitunguranye. Naje mvuye kure.",kinyarwanda,URGENT,paediatric,kinyarwanda->kinyarwanda:URGENT:paediatric,Mfite umuhaha.,Mfite umuhaha.
"Nzanye umwana wanjye, ndatwite kandi nagagaye kuva ejo kandi nta miti mfite. Ni imiti ki nafata?",kinyarwanda,CRITICAL,obstetric,kinyarwanda->kinyarwanda:CRITICAL:obstetric,Ndatwite kandi nagagaye.,Ndatwite kandi nagagaye.
"Muraho, umuvuduko w'amaraso wanjye wazamutse cyane kandi umutwe urandya cyane kuva hashize iminsi itatu. Byatangiye gitunguranye. Mfasha muganga.",kinyarwanda,URGENT,chronic_care,kinyarwanda->kinyarwanda:URGENT:chronic_care,Umuvuduko w'amaraso wanjye wazamutse cyane kandi umutwe urandya cyane.,Umuvuduko w'amaraso wanjye wazamutse cyane kandi umutwe urandya cyane.
"Naje hano mbere, umukecuru yabyimbye ibirenge kandi ntashobora guhumeka neza iyo aragaramye kuva mu cyumweru gishize kandi sinshobora gusinzira. Ntabasha kubona amafaranga yo kongera kuza kwa muganga.",kinyarwanda,URGENT,chronic_care,kinyarwanda->kinyarwanda:URGENT:chronic_care,{REL} yabyimbye ibirenge kandi ntashobora guhumeka neza iyo aragaramye.,Nabyimbye ibirenge kandi sinshobora guhumeka neza iyo ndagaramye.
"Nyabuneka, umugore wanjye ari kubyara ariko umugozi w'umwana wabanje gusohoka kandi birushaho kuba bibi. Nkora iki?",kinyarwanda,CRITICAL,obstetric,kinyarwanda->kinyarwanda:CRITICAL:obstetric,{REL} ari kubyara ariko umugozi w'umwana wabanje gusohoka.,Ndabyara ariko habanje gusohoka umugozi w'umwana.
Ndashaka kukubwira ikibazo mfite. Maze umunsi wose mbabara ngerageza kubyara ariko umwana ntarasohoka kuva hashize icyumweru kandi ndahangayitse,kinyarwanda,CRITICAL,obstetric,kinyarwanda->kinyarwanda:CRITICAL:obstetric,Maze umunsi wose mbabara ngerageza kubyara ariko umwana ntarasohoka.,Maze umunsi wose mbabara ngerageza kubyara ariko umwana ntarasohoka.
"Nyabuneka, umukecuru afite gahunda yo gukingiza umwana kuva hashize iminsi itatu kandi nta miti mfite. Nkora iki?",kinyarwanda,ROUTINE,preventive,kinyarwanda->kinyarwanda:ROUTINE:preventive,{REL} afite gahunda yo gukingiza umwana.,Mfite gahunda yo gukingiza umwana.
"Nyabuneka, umukecuru afite ibimenyetso bya malariya, umuriro n'imbeho kuva ijoro ryashize. Naje mvuye kure.",kinyarwanda,URGENT,infectious_fever,kinyarwanda->kinyarwanda:URGENT:infectious_fever,"{REL} afite ibimenyetso bya malariya, umuriro n'imbeho.","Mfite ibimenyetso bya malariya, umuriro n'imbeho."
Umuvuduko w'amaraso wanjye wazamutse cyane kandi umutwe urandya cyane kuva hashize icyumweru biragenda bikagaruka. Naje mvuye kure.,kinyarwanda,URGENT,chronic_care,kinyarwanda->kinyarwanda:URGENT:chronic_care,Umuvuduko w'amaraso wanjye wazamutse cyane kandi umutwe urandya cyane.,Umuvuduko w'amaraso wanjye wazamutse cyane kandi umutwe urandya cyane.
Ndashaka kukubwira ikibazo mfite. Mama afite igisebe ku kirenge kidakira kandi afite diyabete kuva ijoro ryashize kandi birushaho kuba bibi. Nkora iki?,kinyarwanda,URGENT,chronic_care,kinyarwanda->kinyarwanda:URGENT:chronic_care,{REL} afite igisebe ku kirenge kidakira kandi afite diyabete.,Mfite igisebe ku kirenge kidakira kandi mfite diyabete.
"Naje hano mbere, mushiki wanjye afite impiswi zikomeye kandi yagize umwuma kuva mu gitondo bikarushaho nijoro. Ntabasha kubona amafaranga yo kongera kuza kwa muganga.",kinyarwanda,CRITICAL,gastrointestinal,kinyarwanda->kinyarwanda:CRITICAL:gastrointestinal,{REL} afite impiswi zikomeye kandi yagize umwuma.,{REL} afite impiswi zikomeye kandi yagize umwuma.
"Muraho, maze iminsi itatu ndwaye impiswi zikomeye kuva ejo kandi birushaho kuba bibi",kinyarwanda,URGENT,gastrointestinal,kinyarwanda->kinyarwanda:URGENT:gastrointestinal,maze iminsi itatu ndwaye impiswi zikomeye,maze iminsi itatu ndwaye impiswi zikomeye
"Nyabuneka, maze umunsi wose mbabara ngerageza kubyara ariko umwana ntarasohoka kuva mu cyumweru gishize biragenda bikagaruka. Ndakeneye ubufasha vuba.",kinyarwanda,CRITICAL,obstetric,kinyarwanda->kinyarwanda:CRITICAL:obstetric,Maze umunsi wose mbabara ngerageza kubyara ariko umwana ntarasohoka.,Maze umunsi wose mbabara ngerageza kubyara ariko umwana ntarasohoka.
"Muganga, ndashaka kugirwa inama ku mazi yo kunywa kuva hashize iminsi ibiri. Abandi bana na bo bafite iki kibazo. Ndakeneye ubufasha vuba.",kinyarwanda,ROUTINE,preventive,kinyarwanda->kinyarwanda:ROUTINE:preventive,Ndashaka kugirwa inama ku mazi yo kunywa.,Ndashaka kugirwa inama ku mazi yo kunywa.
"Nyabuneka, umuvuduko w'amaraso wanjye wazamutse cyane kandi umutwe urandya cyane kuva hashize icyumweru biragenda bikagaruka. Ese ibi birakomeye?",kinyarwanda,URGENT,chronic_care,kinyarwanda->kinyarwanda:URGENT:chronic_care,Umuvuduko w'amaraso wanjye wazamutse cyane kandi umutwe urandya cyane.,Umuvuduko w'amaraso wanjye wazamutse cyane kandi umutwe urandya cyane.
"Muraho, iyo umukecuru ahumetse cyane, arumva mu gituza hamubabaza kuva ejo kandi birushaho kuba bibi. Nkora iki?",kinyarwanda,URGENT,cardiac_respiratory,kinyarwanda->kinyarwanda:URGENT:cardiac_respiratory,"Iyo {REL} ahumetse cyane, arumva mu gituza hamubabaza.","Iyo {REL} ahumetse cyane, arumva mu gituza hamubabaza."
"Simbizi niba bikomeye ariko, mfite ikibazo ku mutwe kandi kirimo guterwa n'urumuri kandi ndahangayitse. Ese ibi birakomeye?",kinyarwanda,URGENT,neurological,kinyarwanda->kinyarwanda:URGENT:neurological,Mfite ikibazo ku mutwe kandi kirimo guterwa n'urumuri.,Mfite ikibazo ku mutwe kandi kirimo guterwa n'urumuri.
"Mfasha, umugabo wanjye yabyimbye ibirenge kandi ntashobora guhumeka neza iyo aragaramye. Abandi bana na bo bafite iki kibazo. Ntegereze cyangwa nsuzumwe ubu?",kinyarwanda,URGENT,chronic_care,kinyarwanda->kinyarwanda:URGENT:chronic_care,{REL} yabyimbye ibirenge kandi ntashobora guhumeka neza iyo aragaramye.,Nabyimbye ibirenge kandi sinshobora guhumeka neza iyo ndagaramye.
"Simbizi niba bikomeye ariko, mushiki wanjye afite gahunda yo gukingiza umwana kuva hashize icyumweru kandi birushaho kuba bibi. Naje mvuye kure.",kinyarwanda,ROUTINE,preventive,kinyarwanda->kinyarwanda:ROUTINE:preventive,{REL} afite gahunda yo gukingiza umwana.,Mfite gahunda yo gukingiza umwana.
Ndashaka kukubwira ikibazo mfite. Mfite igisebe ku kirenge kidakira kandi mfite diyabete kuva hashize iminsi itatu. Byatangiye gitunguranye. Ntabasha kubona amafaranga yo kongera kuza kwa muganga.,kinyarwanda,URGENT,chronic_care,kinyarwanda->kinyarwanda:URGENT:chronic_care,Mfite igisebe ku kirenge kidakira kandi mfite diyabete.,Mfite igisebe ku kirenge kidakira kandi mfite diyabete.
Ndatwite kandi nagagaye kuva hashize iminsi ibiri kandi sinshobora gusinzira. Ndakeneye ubufasha vuba.,kinyarwanda,CRITICAL,obstetric,kinyarwanda->kinyarwanda:CRITICAL:obstetric,Ndatwite kandi nagagaye.,Ndatwite kandi nagagaye.
"Muraho, mfite igisebe ku kirenge kidakira kandi mfite diyabete kuva ubu gitondo cya kare bikarushaho nijoro. Ese ibi birakomeye?",kinyarwanda,URGENT,chronic_care,kinyarwanda->kinyarwanda:URGENT:chronic_care,Mfite igisebe ku kirenge kidakira kandi mfite diyabete.,Mfite igisebe ku kirenge kidakira kandi mfite diyabete.
"Muganga, ndashaka kugirwa inama ku mazi yo kunywa kuva ejo",kinyarwanda,ROUTINE,preventive,kinyarwanda->kinyarwanda:ROUTINE:preventive,Ndashaka kugirwa inama ku mazi yo kunywa.,Ndashaka kugirwa inama ku mazi yo kunywa.
"Nyabuneka, umugabo wanjye ahumeka bimugora cyane kandi iminwa ye yahindutse ibara kuva ejo nta miti imfasha. Ntegereze cyangwa nsuzumwe ubu?",kinyarwanda,CRITICAL,cardiac_respiratory,kinyarwanda->kinyarwanda:CRITICAL:cardiac_respiratory,{REL} ahumeka bimugora cyane kandi iminwa ye yahindutse ibara.,guhumeka birangora cyane kandi iminwa yanjye yahindutse ibara
"Naje hano mbere, umugore wanjye afite gahunda yo gukingiza umwana kuva ijoro ryashize nta miti imfasha. Nkora iki?",kinyarwanda,ROUTINE,preventive,kinyarwanda->kinyarwanda:ROUTINE:preventive,{REL} afite gahunda yo gukingiza umwana.,Mfite gahunda yo gukingiza umwana.
"Mfasha vuba, umugore wanjye afite igisebe ku kirenge kidakira kandi afite diyabete. Abandi bana na bo bafite iki kibazo. Nkora iki?",kinyarwanda,URGENT,chronic_care,kinyarwanda->kinyarwanda:URGENT:chronic_care,{REL} afite igisebe ku kirenge kidakira kandi afite diyabete.,Mfite igisebe ku kirenge kidakira kandi mfite diyabete.
"Mfasha, ndatwite kandi nagagaye kuva hashize iminsi itatu kandi birushaho kuba bibi. Mfasha muganga.",kinyarwanda,CRITICAL,obstetric,kinyarwanda->kinyarwanda:CRITICAL:obstetric,Ndatwite kandi nagagaye.,Ndatwite kandi nagagaye.
"Muraho, mu rugo hari umuntu urwaye igituntu kandi umwana wanjye ashaka kwisuzumisha kuva ejo. Byatangiye gitunguranye. Ntabasha kubona amafaranga yo kongera kuza kwa muganga.",kinyarwanda,URGENT,preventive,kinyarwanda->kinyarwanda:URGENT:preventive,Mu rugo hari umuntu urwaye igituntu kandi {REL} ashaka kwisuzumisha.,Mu rugo hari umuntu urwaye igituntu kandi ndashaka kwisuzumisha.
"Mfasha vuba, umukecuru afite impiswi zikomeye kandi yagize umwuma kuva ijoro ryashize. Byatangiye gitunguranye. Naje mvuye kure.",kinyarwanda,CRITICAL,gastrointestinal,kinyarwanda->kinyarwanda:CRITICAL:gastrointestinal,{REL} afite impiswi zikomeye kandi yagize umwuma.,{REL} afite impiswi zikomeye kandi yagize umwuma.
"Naje hano mbere, umugore wanjye afite gahunda yo gukingiza umwana kuva ejo kandi nta miti mfite. Ese ibi birakomeye?",kinyarwanda,ROUTINE,preventive,kinyarwanda->kinyarwanda:ROUTINE:preventive,{REL} afite gahunda yo gukingiza umwana.,Mfite gahunda yo gukingiza umwana.
"Mfasha, umugore wanjye arababara cyane mu nda kandi ububabare ntibuhagarara kandi nta miti mfite. Ndakeneye ubufasha vuba.",kinyarwanda,URGENT,gastrointestinal,kinyarwanda->kinyarwanda:URGENT:gastrointestinal,{REL} arababara cyane mu nda kandi ububabare ntibuhagarara.,Inda irandya cyane kandi ububabare ntibuhagarara.
"Naje hano mbere, iyo papa ahumetse cyane, arumva mu gituza hamubabaza kuva mu masaha abiri ashize. Mfasha muganga.",kinyarwanda,URGENT,cardiac_respiratory,kinyarwanda->kinyarwanda:URGENT:cardiac_respiratory,"Iyo {REL} ahumetse cyane, arumva mu gituza hamubabaza.","Iyo {REL} ahumetse cyane, arumva mu gituza hamubabaza."
"Muraho, umugore wanjye arababara cyane mu nda kandi ububabare ntibuhagarara kuva ijoro ryashize. Byatangiye gitunguranye. Ntegereze cyangwa nsuzumwe ubu?",kinyarwanda,URGENT,gastrointestinal,kinyarwanda->kinyarwanda:URGENT:gastrointestinal,{REL} arababara cyane mu nda kandi ububabare ntibuhagarara.,Inda irandya cyane kandi ububabare ntibuhagarara.
"Mfasha vuba, mushiki wanjye ari kubyara ariko umugozi w'umwana wabanje gusohoka kuva mu gitondo. Byatangiye gitunguranye. Ndakeneye ubufasha vuba.",kinyarwanda,CRITICAL,obstetric,kinyarwanda->kinyarwanda:CRITICAL:obstetric,{REL} ari kubyara ariko umugozi w'umwana wabanje gusohoka.,Ndabyara ariko habanje gusohoka umugozi w'umwana.
"Muraho, umwana wanjye ahumeka bimugora cyane kandi iminwa ye yahindutse ibara nta miti imfasha. Ntabasha kubona amafaranga yo kongera kuza kwa muganga.",kinyarwanda,CRITICAL,cardiac_respiratory,kinyarwanda->kinyarwanda:CRITICAL:cardiac_respiratory,{REL} ahumeka bimugora cyane kandi iminwa ye yahindutse ibara.,guhumeka birangora cyane kandi iminwa yanjye yahindutse ibara
"Mfasha vuba, mama afite igisebe ku kirenge kidakira kandi afite diyabete kuva mu gitondo kandi nta miti mfite. Ntabasha kubona amafaranga yo kongera kuza kwa muganga.",kinyarwanda,URGENT,chronic_care,kinyarwanda->kinyarwanda:URGENT:chronic_care,{REL} afite igisebe ku kirenge kidakira kandi afite diyabete.,Mfite igisebe ku kirenge kidakira kandi mfite diyabete.
Mu rugo hari umuntu urwaye igituntu kandi umugabo wanjye ashaka kwisuzumisha kuva mu gitondo. Murakoze.,kinyarwanda,URGENT,preventive,kinyarwanda->kinyarwanda:URGENT:preventive,Mu rugo hari umuntu urwaye igituntu kandi {REL} ashaka kwisuzumisha.,Mu rugo hari umuntu urwaye igituntu kandi ndashaka kwisuzumisha.
"Muganga, mu rugo hari umuntu urwaye igituntu kandi ndashaka kwisuzumisha kuva hashize icyumweru kandi sinshobora gusinzira. Ni imiti ki nafata?",kinyarwanda,URGENT,preventive,kinyarwanda->kinyarwanda:URGENT:preventive,Mu rugo hari umuntu urwaye igituntu kandi ndashaka kwisuzumisha.,Mu rugo hari umuntu urwaye igituntu kandi ndashaka kwisuzumisha.
"Mumbabarire, ndashaka kubabwira ikibazo mfite. Umwana wanjye arababara cyane mu nda kandi ububabare ntibuhagarara kuva ijoro ryashize. Abandi bana na bo bafite iki kibazo. Urakoze.",kinyarwanda,URGENT,gastrointestinal,kinyarwanda->kinyarwanda:URGENT:gastrointestinal,{REL} arababara cyane mu nda kandi ububabare ntibuhagarara.,Inda irandya cyane kandi ububabare ntibuhagarara.
"Naje hano mbere, mushiki wanjye yabyimbye ibirenge kandi ntashobora guhumeka neza iyo aragaramye kuva mu cyumweru gishize. Abandi bana na bo bafite iki kibazo. Ni imiti ki nafata?",kinyarwanda,URGENT,chronic_care,kinyarwanda->kinyarwanda:URGENT:chronic_care,{REL} yabyimbye ibirenge kandi ntashobora guhumeka neza iyo aragaramye.,Nabyimbye ibirenge kandi sinshobora guhumeka neza iyo ndagaramye.
Maze iminsi itatu ndwaye impiswi zikomeye kuva mu cyumweru gishize. Byatangiye gitunguranye. Ntegereze cyangwa nsuzumwe ubu?,kinyarwanda,URGENT,gastrointestinal,kinyarwanda->kinyarwanda:URGENT:gastrointestinal,maze iminsi itatu ndwaye impiswi zikomeye,maze iminsi itatu ndwaye impiswi zikomeye
"Muraho, ndashaka kugirwa inama ku mazi yo kunywa kuva hashize iminsi ibiri kandi ndahangayitse. Naje mvuye kure.",kinyarwanda,ROUTINE,preventive,kinyarwanda->kinyarwanda:ROUTINE:preventive,Ndashaka kugirwa inama ku mazi yo kunywa.,Ndashaka kugirwa inama ku mazi yo kunywa.
"Muraho, mu rugo hari umuntu urwaye igituntu kandi ndashaka kwisuzumisha kuva hashize icyumweru kandi sinshobora gusinzira. Nkora iki?",kinyarwanda,URGENT,preventive,kinyarwanda->kinyarwanda:URGENT:preventive,Mu rugo hari umuntu urwaye igituntu kandi ndashaka kwisuzumisha.,Mu rugo hari umuntu urwaye igituntu kandi ndashaka kwisuzumisha.
"Nyabuneka, ndashaka kugirwa inama ku mazi yo kunywa kuva ubu gitondo cya kare nta miti imfasha. Naje mvuye kure.",kinyarwanda,ROUTINE,preventive,kinyarwanda->kinyarwanda:ROUTINE:preventive,Ndashaka kugirwa inama ku mazi yo kunywa.,Ndashaka kugirwa inama ku mazi yo kunywa.
"Ndakeneye ubufasha, iyo mama ahumetse cyane, arumva mu gituza hamubabaza kuva ijoro ryashize kandi ndahangayitse. Murakoze.",kinyarwanda,URGENT,cardiac_respiratory,kinyarwanda->kinyarwanda:URGENT:cardiac_respiratory,"Iyo {REL} ahumetse cyane, arumva mu gituza hamubabaza.","Iyo {REL} ahumetse cyane, arumva mu gituza hamubabaza."
Umukecuru afite gahunda yo gukingiza umwana nta miti imfasha,kinyarwanda,ROUTINE,preventive,kinyarwanda->kinyarwanda:ROUTINE:preventive,{REL} afite gahunda yo gukingiza umwana.,Mfite gahunda yo gukingiza umwana.
"Nzanye umwana wanjye, maze umunsi wose mbabara ngerageza kubyara ariko umwana ntarasohoka nta miti imfasha. Ni imiti ki nafata?",kinyarwanda,CRITICAL,obstetric,kinyarwanda->kinyarwanda:CRITICAL:obstetric,Maze umunsi wose mbabara ngerageza kubyara ariko umwana ntarasohoka.,Maze umunsi wose mbabara ngerageza kubyara ariko umwana ntarasohoka.
Ndashaka kukubwira ikibazo mfite. Mu rugo hari umuntu urwaye igituntu kandi umugabo wanjye ashaka kwisuzumisha kuva ubu gitondo cya kare. Abandi bana na bo bafite iki kibazo. Murakoze.,kinyarwanda,URGENT,preventive,kinyarwanda->kinyarwanda:URGENT:preventive,Mu rugo hari umuntu urwaye igituntu kandi {REL} ashaka kwisuzumisha.,Mu rugo hari umuntu urwaye igituntu kandi ndashaka kwisuzumisha.
Mushiki wanjye afite gahunda yo gukingiza umwana kuva ejo nta miti imfasha. Mfasha muganga.,kinyarwanda,ROUTINE,preventive,kinyarwanda->kinyarwanda:ROUTINE:preventive,{REL} afite gahunda yo gukingiza umwana.,Mfite gahunda yo gukingiza umwana.
"Naje hano mbere, umuturanyi wanjye ahumeka bimugora cyane kandi iminwa ye yahindutse ibara. Abandi bana na bo bafite iki kibazo.",kinyarwanda,CRITICAL,cardiac_respiratory,kinyarwanda->kinyarwanda:CRITICAL:cardiac_respiratory,{REL} ahumeka bimugora cyane kandi iminwa ye yahindutse ibara.,guhumeka birangora cyane kandi iminwa yanjye yahindutse ibara
"Ndakeneye ubufasha, mushiki wanjye ari kubyara ariko umugozi w'umwana wabanje gusohoka kuva hashize iminsi itatu kandi ndahangayitse. Ese ibi birakomeye?",kinyarwanda,CRITICAL,obstetric,kinyarwanda->kinyarwanda:CRITICAL:obstetric,{REL} ari kubyara ariko umugozi w'umwana wabanje gusohoka.,Ndabyara ariko habanje gusohoka umugozi w'umwana.
"Mumbabarire, ndashaka kubabwira ikibazo mfite. Mama arababara cyane mu nda kandi ububabare ntibuhagarara kuva hashize icyumweru bikarushaho nijoro. Ntegereze cyangwa nsuzumwe ubu?",kinyarwanda,URGENT,gastrointestinal,kinyarwanda->kinyarwanda:URGENT:gastrointestinal,{REL} arababara cyane mu nda kandi ububabare ntibuhagarara.,Inda irandya cyane kandi ububabare ntibuhagarara.
"Ndakeneye ubufasha, umuturanyi wanjye afite gahunda yo gukingiza umwana kuva mu gitondo kandi nta miti mfite. Ese ibi birakomeye?",kinyarwanda,ROUTINE,preventive,kinyarwanda->kinyarwanda:ROUTINE:preventive,{REL} afite gahunda yo gukingiza umwana.,Mfite gahunda yo gukingiza umwana.
"Naje hano mbere, ndashaka kugirwa inama ku mazi yo kunywa kandi birushaho kuba bibi. Mfasha muganga.",kinyarwanda,ROUTINE,preventive,kinyarwanda->kinyarwanda:ROUTINE:preventive,Ndashaka kugirwa inama ku mazi yo kunywa.,Ndashaka kugirwa inama ku mazi yo kunywa.
"Nzanye umwana wanjye, iyo umuturanyi wanjye ahumetse cyane, arumva mu gituza hamubabaza kuva ijoro ryashize kandi ndahangayitse. Urakoze.",kinyarwanda,URGENT,cardiac_respiratory,kinyarwanda->kinyarwanda:URGENT:cardiac_respiratory,"Iyo {REL} ahumetse cyane, arumva mu gituza hamubabaza.","Iyo {REL} ahumetse cyane, arumva mu gituza hamubabaza."
"Ndashaka kukubwira ikibazo mfite. Umuturanyi wanjye afite ibimenyetso bya malariya, umuriro n'imbeho kuva mu masaha abiri ashize biragenda bikagaruka",kinyarwanda,URGENT,infectious_fever,kinyarwanda->kinyarwanda:URGENT:infectious_fever,"{REL} afite ibimenyetso bya malariya, umuriro n'imbeho.","Mfite ibimenyetso bya malariya, umuriro n'imbeho."
"Muganga, umuturanyi wanjye afite ibimenyetso bya malariya, umuriro n'imbeho kuva hashize icyumweru. Ese ibi birakomeye?",kinyarwanda,URGENT,infectious_fever,kinyarwanda->kinyarwanda:URGENT:infectious_fever,"{REL} afite ibimenyetso bya malariya, umuriro n'imbeho.","Mfite ibimenyetso bya malariya, umuriro n'imbeho."
"Muganga, umwana wanjye ahumeka bimugora cyane kandi iminwa ye yahindutse ibara kuva hashize iminsi itatu. Abandi bana na bo bafite iki kibazo. Mfasha muganga.",kinyarwanda,CRITICAL,cardiac_respiratory,kinyarwanda->kinyarwanda:CRITICAL:cardiac_respiratory,{REL} ahumeka bimugora cyane kandi iminwa ye yahindutse ibara.,guhumeka birangora cyane kandi iminwa yanjye yahindutse ibara
"Muganga, ndatwite kandi nagagaye kuva mu masaha abiri ashize. Abandi bana na bo bafite iki kibazo. Ese ibi birakomeye?",kinyarwanda,CRITICAL,obstetric,kinyarwanda->kinyarwanda:CRITICAL:obstetric,Ndatwite kandi nagagaye.,Ndatwite kandi nagagaye.
Ndashaka kukubwira ikibazo mfite. Mama afite gahunda yo gukingiza umwana kuva mu cyumweru gishize biragenda bikagaruka,kinyarwanda,ROUTINE,preventive,kinyarwanda->kinyarwanda:ROUTINE:preventive,{REL} afite gahunda yo gukingiza umwana.,Mfite gahunda yo gukingiza umwana.
"Muganga, umuturanyi wanjye arababara cyane mu nda kandi ububabare ntibuhagarara kuva ejo. Abandi bana na bo bafite iki kibazo.",kinyarwanda,URGENT,gastrointestinal,kinyarwanda->kinyarwanda:URGENT:gastrointestinal,{REL} arababara cyane mu nda kandi ububabare ntibuhagarara.,Inda irandya cyane kandi ububabare ntibuhagarara.
"Nzanye umwana wanjye, mushiki wanjye nta miti ya SIDA afite kuva ejo kandi ndahangayitse. Naje mvuye kure.",kinyarwanda,URGENT,chronic_care,kinyarwanda->kinyarwanda:URGENT:chronic_care,{REL} nta miti ya SIDA afite.,Nta miti ya SIDA mfite.
"Mfasha vuba, iyo umugore wanjye ahumetse cyane, arumva mu gituza hamubabaza kuva mu masaha abiri ashize bikarushaho nijoro. Mfasha muganga.",kinyarwanda,URGENT,cardiac_respiratory,kinyarwanda->kinyarwanda:URGENT:cardiac_respiratory,"Iyo {REL} ahumetse cyane, arumva mu gituza hamubabaza.","Iyo {REL} ahumetse cyane, arumva mu gituza hamubabaza."
"Nyabuneka, umuvuduko w'amaraso wanjye wazamutse cyane kandi umutwe urandya cyane kuva hashize iminsi ibiri kandi nta miti mfite. Ntegereze cyangwa nsuzumwe ubu?",kinyarwanda,URGENT,chronic_care,kinyarwanda->kinyarwanda:URGENT:chronic_care,Umuvuduko w'amaraso wanjye wazamutse cyane kandi umutwe urandya cyane.,Umuvuduko w'amaraso wanjye wazamutse cyane kandi umutwe urandya cyane.
"Simbizi niba bikomeye ariko, umuturanyi wanjye afite impiswi zikomeye kandi yagize umwuma kuva hashize icyumweru kandi ndahangayitse. Naje mvuye kure.",kinyarwanda,CRITICAL,gastrointestinal,kinyarwanda->kinyarwanda:CRITICAL:gastrointestinal,{REL} afite impiswi zikomeye kandi yagize umwuma.,{REL} afite impiswi zikomeye kandi yagize umwuma.
"Nzanye umwana wanjye, mushiki wanjye ari kubyara ariko umugozi w'umwana wabanje gusohoka kuva ijoro ryashize. Abandi bana na bo bafite iki kibazo. Naje mvuye kure.",kinyarwanda,CRITICAL,obstetric,kinyarwanda->kinyarwanda:CRITICAL:obstetric,{REL} ari kubyara ariko umugozi w'umwana wabanje gusohoka.,Ndabyara ariko habanje gusohoka umugozi w'umwana.
"Nyabuneka, maze umunsi wose mbabara ngerageza kubyara ariko umwana ntarasohoka kuva ijoro ryashize kandi nta miti mfite. Ese ibi birakomeye?",kinyarwanda,CRITICAL,obstetric,kinyarwanda->kinyarwanda:CRITICAL:obstetric,Maze umunsi wose mbabara ngerageza kubyara ariko umwana ntarasohoka.,Maze umunsi wose mbabara ngerageza kubyara ariko umwana ntarasohoka.
"Muraho, umukecuru afite gahunda yo gukingiza umwana kuva mu gitondo kandi nta miti mfite. Murakoze.",kinyarwanda,ROUTINE,preventive,kinyarwanda->kinyarwanda:ROUTINE:preventive,{REL} afite gahunda yo gukingiza umwana.,Mfite gahunda yo gukingiza umwana.
Ndashaka kukubwira ikibazo mfite. Mama ari kubyara ariko umugozi w'umwana wabanje gusohoka kuva hashize iminsi itatu biragenda bikagaruka. Ni imiti ki nafata?,kinyarwanda,CRITICAL,obstetric,kinyarwanda->kinyarwanda:CRITICAL:obstetric,{REL} ari kubyara ariko umugozi w'umwana wabanje gusohoka.,Ndabyara ariko habanje gusohoka umugozi w'umwana.
Ndashaka kukubwira ikibazo mfite. Maze umunsi wose mbabara ngerageza kubyara ariko umwana ntarasohoka kuva hashize iminsi itatu biragenda bikagaruka. Ntegereze cyangwa nsuzumwe ubu?,kinyarwanda,CRITICAL,obstetric,kinyarwanda->kinyarwanda:CRITICAL:obstetric,Maze umunsi wose mbabara ngerageza kubyara ariko umwana ntarasohoka.,Maze umunsi wose mbabara ngerageza kubyara ariko umwana ntarasohoka.
"Muganga, papa afite igisebe ku kirenge kidakira kandi afite diyabete kuva ubu gitondo cya kare",kinyarwanda,URGENT,chronic_care,kinyarwanda->kinyarwanda:URGENT:chronic_care,{REL} afite igisebe ku kirenge kidakira kandi afite diyabete.,Mfite igisebe ku kirenge kidakira kandi mfite diyabete.
"Simbizi niba bikomeye ariko, mama afite igisebe ku kirenge kidakira kandi afite diyabete kuva ejo bikarushaho nijoro. Ese ibi birakomeye?",kinyarwanda,URGENT,chronic_care,kinyarwanda->kinyarwanda:URGENT:chronic_care,{REL} afite igisebe ku kirenge kidakira kandi afite diyabete.,Mfite igisebe ku kirenge kidakira kandi mfite diyabete.
"Muraho, iyo umugabo wanjye ahumetse cyane, arumva mu gituza hamubabaza kuva mu cyumweru gishize kandi birushaho kuba bibi. Ni imiti ki nafata?",kinyarwanda,URGENT,cardiac_respiratory,kinyarwanda->kinyarwanda:URGENT:cardiac_respiratory,"Iyo {REL} ahumetse cyane, arumva mu gituza hamubabaza.","Iyo {REL} ahumetse cyane, arumva mu gituza hamubabaza."
"Nzanye umwana wanjye, mushiki wanjye afite igisebe ku kirenge kidakira kandi afite diyabete kuva mu masaha abiri ashize biragenda bikagaruka. Nkora iki?",kinyarwanda,URGENT,chronic_care,kinyarwanda->kinyarwanda:URGENT:chronic_care,{REL} afite igisebe ku kirenge kidakira kandi afite diyabete.,Mfite igisebe ku kirenge kidakira kandi mfite diyabete.
"Nzanye umwana wanjye, iyo mushiki wanjye ahumetse cyane, arumva mu gituza hamubabaza kuva mu masaha abiri ashize nta miti imfasha. Ntegereze cyangwa nsuzumwe ubu?",kinyarwanda,URGENT,cardiac_respiratory,kinyarwanda->kinyarwanda:URGENT:cardiac_respiratory,"Iyo {REL} ahumetse cyane, arumva mu gituza hamubabaza.","Iyo {REL} ahumetse cyane, arumva mu gituza hamubabaza."
"Ndakeneye ubufasha, mfite umuhaha kuva mu gitondo. Abandi bana na bo bafite iki kibazo. Ese ibi birakomeye?",kinyarwanda,URGENT,paediatric,kinyarwanda->kinyarwanda:URGENT:paediatric,Mfite umuhaha.,Mfite umuhaha.
"Muraho, umugabo wanjye afite impiswi zikomeye kandi yagize umwuma kuva mu gitondo. Abandi bana na bo bafite iki kibazo. Nkora iki?",kinyarwanda,CRITICAL,gastrointestinal,kinyarwanda->kinyarwanda:CRITICAL:gastrointestinal,{REL} afite impiswi zikomeye kandi yagize umwuma.,{REL} afite impiswi zikomeye kandi yagize umwuma.
"Nzanye umwana wanjye, umukecuru afite gahunda yo gukingiza umwana kandi ndahangayitse",kinyarwanda,ROUTINE,preventive,kinyarwanda->kinyarwanda:ROUTINE:preventive,{REL} afite gahunda yo gukingiza umwana.,Mfite gahunda yo gukingiza umwana.
"Mfasha vuba, mfite igisebe ku kirenge kidakira kandi mfite diyabete kuva ijoro ryashize kandi birushaho kuba bibi. Nkora iki?",kinyarwanda,URGENT,chronic_care,kinyarwanda->kinyarwanda:URGENT:chronic_care,Mfite igisebe ku kirenge kidakira kandi mfite diyabete.,Mfite igisebe ku kirenge kidakira kandi mfite diyabete.
Ndashaka kukubwira ikibazo mfite. Mfite ikibazo ku mutwe kandi kirimo guterwa n'urumuri kuva mu gitondo kandi sinshobora gusinzira. Urakoze.,kinyarwanda,URGENT,neurological,kinyarwanda->kinyarwanda:URGENT:neurological,Mfite ikibazo ku mutwe kandi kirimo guterwa n'urumuri.,Mfite ikibazo ku mutwe kandi kirimo guterwa n'urumuri.
"Nzanye umwana wanjye, mfite ikibazo ku mutwe kandi kirimo guterwa n'urumuri kuva ejo kandi sinshobora gusinzira. Mfasha muganga.",kinyarwanda,URGENT,neurological,kinyarwanda->kinyarwanda:URGENT:neurological,Mfite ikibazo ku mutwe kandi kirimo guterwa n'urumuri.,Mfite ikibazo ku mutwe kandi kirimo guterwa n'urumuri.
"Ndakeneye ubufasha, mu rugo hari umuntu urwaye igituntu kandi umuturanyi wanjye ashaka kwisuzumisha kuva mu masaha abiri ashize kandi birushaho kuba bibi. Ese ibi birakomeye?",kinyarwanda,URGENT,preventive,kinyarwanda->kinyarwanda:URGENT:preventive,Mu rugo hari umuntu urwaye igituntu kandi {REL} ashaka kwisuzumisha.,Mu rugo hari umuntu urwaye igituntu kandi ndashaka kwisuzumisha.
Mama afite impiswi zikomeye kandi yagize umwuma kuva mu masaha abiri ashize. Ese ibi birakomeye?,kinyarwanda,CRITICAL,gastrointestinal,kinyarwanda->kinyarwanda:CRITICAL:gastrointestinal,{REL} afite impiswi zikomeye kandi yagize umwuma.,{REL} afite impiswi zikomeye kandi yagize umwuma.
"Muganga, ndashaka kugirwa inama ku mazi yo kunywa kuva ijoro ryashize kandi nta miti mfite. Ese ibi birakomeye?",kinyarwanda,ROUTINE,preventive,kinyarwanda->kinyarwanda:ROUTINE:preventive,Ndashaka kugirwa inama ku mazi yo kunywa.,Ndashaka kugirwa inama ku mazi yo kunywa.
Ndashaka kukubwira ikibazo mfite. Mu rugo hari umuntu urwaye igituntu kandi ndashaka kwisuzumisha kuva hashize iminsi itatu bikarushaho nijoro. Mfasha muganga.,kinyarwanda,URGENT,preventive,kinyarwanda->kinyarwanda:URGENT:preventive,Mu rugo hari umuntu urwaye igituntu kandi ndashaka kwisuzumisha.,Mu rugo hari umuntu urwaye igituntu kandi ndashaka kwisuzumisha.
"Mfasha, mama arababara cyane mu nda kandi ububabare ntibuhagarara kuva ejo kandi birushaho kuba bibi. Naje mvuye kure.",kinyarwanda,URGENT,gastrointestinal,kinyarwanda->kinyarwanda:URGENT:gastrointestinal,{REL} arababara cyane mu nda kandi ububabare ntibuhagarara.,Inda irandya cyane kandi ububabare ntibuhagarara.
Ndashaka kukubwira ikibazo mfite. Umuturanyi wanjye ahumeka bimugora cyane kandi iminwa ye yahindutse ibara kuva hashize icyumweru bikarushaho nijoro. Ntegereze cyangwa nsuzumwe ubu?,kinyarwanda,CRITICAL,cardiac_respiratory,kinyarwanda->kinyarwanda:CRITICAL:cardiac_respiratory,{REL} ahumeka bimugora cyane kandi iminwa ye yahindutse ibara.,guhumeka birangora cyane kandi iminwa yanjye yahindutse ibara
"Mumbabarire, ndashaka kubabwira ikibazo mfite. Umukecuru afite impiswi zikomeye kandi yagize umwuma kuva ejo kandi sinshobora gusinzira. Nkora iki?",kinyarwanda,CRITICAL,gastrointestinal,kinyarwanda->kinyarwanda:CRITICAL:gastrointestinal,{REL} afite impiswi zikomeye kandi yagize umwuma.,{REL} afite impiswi zikomeye kandi yagize umwuma.
"Ndakeneye ubufasha, mu rugo hari umuntu urwaye igituntu kandi papa ashaka kwisuzumisha kuva hashize icyumweru. Abandi bana na bo bafite iki kibazo. Urakoze.",kinyarwanda,URGENT,preventive,kinyarwanda->kinyarwanda:URGENT:preventive,Mu rugo hari umuntu urwaye igituntu kandi {REL} ashaka kwisuzumisha.,Mu rugo hari umuntu urwaye igituntu kandi ndashaka kwisuzumisha.
"Mumbabarire, ndashaka kubabwira ikibazo mfite. Iyo umugore wanjye ahumetse cyane, arumva mu gituza hamubabaza kuva mu gitondo. Mfasha muganga.",kinyarwanda,URGENT,cardiac_respiratory,kinyarwanda->kinyarwanda:URGENT:cardiac_respiratory,"Iyo {REL} ahumetse cyane, arumva mu gituza hamubabaza.","Iyo {REL} ahumetse cyane, arumva mu gituza hamubabaza."
"Ndakeneye ubufasha, mushiki wanjye afite impiswi zikomeye kandi yagize umwuma kuva ejo kandi nta miti mfite. Nkora iki?",kinyarwanda,CRITICAL,gastrointestinal,kinyarwanda->kinyarwanda:CRITICAL:gastrointestinal,{REL} afite impiswi zikomeye kandi yagize umwuma.,{REL} afite impiswi zikomeye kandi yagize umwuma.
Mushiki wanjye nta miti ya SIDA afite kuva ejo bikarushaho nijoro. Ese ibi birakomeye?,kinyarwanda,URGENT,chronic_care,kinyarwanda->kinyarwanda:URGENT:chronic_care,{REL} nta miti ya SIDA afite.,Nta miti ya SIDA mfite.
"Muraho, umugabo wanjye arababara cyane mu nda kandi ububabare ntibuhagarara kuva mu masaha abiri ashize kandi ndahangayitse. Urakoze.",kinyarwanda,URGENT,gastrointestinal,kinyarwanda->kinyarwanda:URGENT:gastrointestinal,{REL} arababara cyane mu nda kandi ububabare ntibuhagarara.,Inda irandya cyane kandi ububabare ntibuhagarara.
"Ndakeneye ubufasha, mama ahumeka bimugora cyane kandi iminwa ye yahindutse ibara kuva mu cyumweru gishize biragenda bikagaruka. Nkora iki?",kinyarwanda,CRITICAL,cardiac_respiratory,kinyarwanda->kinyarwanda:CRITICAL:cardiac_respiratory,{REL} ahumeka bimugora cyane kandi iminwa ye yahindutse ibara.,guhumeka birangora cyane kandi iminwa yanjye yahindutse ibara
"Mumbabarire, ndashaka kubabwira ikibazo mfite. Ndatwite kandi nagagaye kuva hashize iminsi itatu. Ndakeneye ubufasha vuba.",kinyarwanda,CRITICAL,obstetric,kinyarwanda->kinyarwanda:CRITICAL:obstetric,Ndatwite kandi nagagaye.,Ndatwite kandi nagagaye.
"Mfasha, maze iminsi itatu ndwaye impiswi zikomeye kuva ijoro ryashize kandi nta miti mfite. Murakoze.",kinyarwanda,URGENT,gastrointestinal,kinyarwanda->kinyarwanda:URGENT:gastrointestinal,maze iminsi itatu ndwaye impiswi zikomeye,maze iminsi itatu ndwaye impiswi zikomeye
"Naje hano mbere, mu rugo hari umuntu urwaye igituntu kandi ndashaka kwisuzumisha kuva hashize iminsi ibiri kandi birushaho kuba bibi. Ndakeneye ubufasha vuba.",kinyarwanda,URGENT,preventive,kinyarwanda->kinyarwanda:URGENT:preventive,Mu rugo hari umuntu urwaye igituntu kandi ndashaka kwisuzumisha.,Mu rugo hari umuntu urwaye igituntu kandi ndashaka kwisuzumisha.
"Muganga, maze iminsi itatu ndwaye impiswi zikomeye kuva ijoro ryashize. Abandi bana na bo bafite iki kibazo. Ese ibi birakomeye?",kinyarwanda,URGENT,gastrointestinal,kinyarwanda->kinyarwanda:URGENT:gastrointestinal,maze iminsi itatu ndwaye impiswi zikomeye,maze iminsi itatu ndwaye impiswi zikomeye
"Naje hano mbere, mu rugo hari umuntu urwaye igituntu kandi ndashaka kwisuzumisha kuva ijoro ryashize biragenda bikagaruka. Ndakeneye ubufasha vuba.",kinyarwanda,URGENT,preventive,kinyarwanda->kinyarwanda:URGENT:preventive,Mu rugo hari umuntu urwaye igituntu kandi ndashaka kwisuzumisha.,Mu rugo hari umuntu urwaye igituntu kandi ndashaka kwisuzumisha.
"Nyabuneka, papa arababara cyane mu nda kandi ububabare ntibuhagarara kuva mu gitondo kandi birushaho kuba bibi. Naje mvuye kure.",kinyarwanda,URGENT,gastrointestinal,kinyarwanda->kinyarwanda:URGENT:gastrointestinal,{REL} arababara cyane mu nda kandi ububabare ntibuhagarara.,Inda irandya cyane kandi ububabare ntibuhagarara.
"Simbizi niba bikomeye ariko, iyo mushiki wanjye ahumetse cyane, arumva mu gituza hamubabaza kuva ijoro ryashize nta miti imfasha. Murakoze.",kinyarwanda,URGENT,cardiac_respiratory,kinyarwanda->kinyarwanda:URGENT:cardiac_respiratory,"Iyo {REL} ahumetse cyane, arumva mu gituza hamubabaza.","Iyo {REL} ahumetse cyane, arumva mu gituza hamubabaza."
Ndashaka kukubwira ikibazo mfite. Mfite ikibazo ku mutwe kandi kirimo guterwa n'urumuri kuva mu cyumweru gishize nta miti imfasha. Ndakeneye ubufasha vuba.,kinyarwanda,URGENT,neurological,kinyarwanda->kinyarwanda:URGENT:neurological,Mfite ikibazo ku mutwe kandi kirimo guterwa n'urumuri.,Mfite ikibazo ku mutwe kandi kirimo guterwa n'urumuri.
"Ndakeneye ubufasha, umuturanyi wanjye arababara cyane mu nda kandi ububabare ntibuhagarara kuva ubu gitondo cya kare. Byatangiye gitunguranye. Urakoze.",kinyarwanda,URGENT,gastrointestinal,kinyarwanda->kinyarwanda:URGENT:gastrointestinal,{REL} arababara cyane mu nda kandi ububabare ntibuhagarara.,Inda irandya cyane kandi ububabare ntibuhagarara.
"Mfasha, mama ari kubyara ariko umugozi w'umwana wabanje gusohoka kuva ejo. Byatangiye gitunguranye. Ntegereze cyangwa nsuzumwe ubu?",kinyarwanda,CRITICAL,obstetric,kinyarwanda->kinyarwanda:CRITICAL:obstetric,{REL} ari kubyara ariko umugozi w'umwana wabanje gusohoka.,Ndabyara ariko habanje gusohoka umugozi w'umwana.
Mushiki wanjye ahumeka bimugora cyane kandi iminwa ye yahindutse ibara kuva ejo kandi nta miti mfite. Ntegereze cyangwa nsuzumwe ubu?,kinyarwanda,CRITICAL,cardiac_respiratory,kinyarwanda->kinyarwanda:CRITICAL:cardiac_respiratory,{REL} ahumeka bimugora cyane kandi iminwa ye yahindutse ibara.,guhumeka birangora cyane kandi iminwa yanjye yahindutse ibara
"Naje hano mbere, ndashaka kugirwa inama ku mazi yo kunywa kuva mu gitondo. Byatangiye gitunguranye. Mfasha muganga.",kinyarwanda,ROUTINE,preventive,kinyarwanda->kinyarwanda:ROUTINE:preventive,Ndashaka kugirwa inama ku mazi yo kunywa.,Ndashaka kugirwa inama ku mazi yo kunywa.
"Ndakeneye ubufasha, mfite ikibazo ku mutwe kandi kirimo guterwa n'urumuri kuva ubu gitondo cya kare nta miti imfasha. Nkora iki?",kinyarwanda,URGENT,neurological,kinyarwanda->kinyarwanda:URGENT:neurological,Mfite ikibazo ku mutwe kandi kirimo guterwa n'urumuri.,Mfite ikibazo ku mutwe kandi kirimo guterwa n'urumuri.
"Muganga, maze umunsi wose mbabara ngerageza kubyara ariko umwana ntarasohoka kuva hashize iminsi itatu nta miti imfasha",kinyarwanda,CRITICAL,obstetric,kinyarwanda->kinyarwanda:CRITICAL:obstetric,Maze umunsi wose mbabara ngerageza kubyara ariko umwana ntarasohoka.,Maze umunsi wose mbabara ngerageza kubyara ariko umwana ntarasohoka.
"Nzanye umwana wanjye, ndatwite kandi nagagaye. Abandi bana na bo bafite iki kibazo. Ntabasha kubona amafaranga yo kongera kuza kwa muganga.",kinyarwanda,CRITICAL,obstetric,kinyarwanda->kinyarwanda:CRITICAL:obstetric,Ndatwite kandi nagagaye.,Ndatwite kandi nagagaye.
"Simbizi niba bikomeye ariko, mu rugo hari umuntu urwaye igituntu kandi umukecuru ashaka kwisuzumisha kuva ubu gitondo cya kare. Abandi bana na bo bafite iki kibazo. Ntegereze cyangwa nsuzumwe ubu?",kinyarwanda,URGENT,preventive,kinyarwanda->kinyarwanda:URGENT:preventive,Mu rugo hari umuntu urwaye igituntu kandi {REL} ashaka kwisuzumisha.,Mu rugo hari umuntu urwaye igituntu kandi ndashaka kwisuzumisha.
"Mfasha vuba, umugore wanjye ari kubyara ariko umugozi w'umwana wabanje gusohoka kuva mu gitondo. Ntabasha kubona amafaranga yo kongera kuza kwa muganga.",kinyarwanda,CRITICAL,obstetric,kinyarwanda->kinyarwanda:CRITICAL:obstetric,{REL} ari kubyara ariko umugozi w'umwana wabanje gusohoka.,Ndabyara ariko habanje gusohoka umugozi w'umwana.
Mushiki wanjye yabyimbye ibirenge kandi ntashobora guhumeka neza iyo aragaramye kuva mu gitondo. Ntabasha kubona amafaranga yo kongera kuza kwa muganga.,kinyarwanda,URGENT,chronic_care,kinyarwanda->kinyarwanda:URGENT:chronic_care,{REL} yabyimbye ibirenge kandi ntashobora guhumeka neza iyo aragaramye.,Nabyimbye ibirenge kandi sinshobora guhumeka neza iyo ndagaramye.
"Naje hano mbere, umukecuru arababara cyane mu nda kandi ububabare ntibuhagarara kuva ubu gitondo cya kare biragenda bikagaruka. Murakoze.",kinyarwanda,URGENT,gastrointestinal,kinyarwanda->kinyarwanda:URGENT:gastrointestinal,{REL} arababara cyane mu nda kandi ububabare ntibuhagarara.,Inda irandya cyane kandi ububabare ntibuhagarara.
"Muganga, mu rugo hari umuntu urwaye igituntu kandi ndashaka kwisuzumisha kuva hashize iminsi itatu nta miti imfasha. Nkora iki?",kinyarwanda,URGENT,preventive,kinyarwanda->kinyarwanda:URGENT:preventive,Mu rugo hari umuntu urwaye igituntu kandi ndashaka kwisuzumisha.,Mu rugo hari umuntu urwaye igituntu kandi ndashaka kwisuzumisha.
"Mumbabarire, ndashaka kubabwira ikibazo mfite. Maze umunsi wose mbabara ngerageza kubyara ariko umwana ntarasohoka kuva hashize iminsi itatu biragenda bikagaruka. Mfasha muganga.",kinyarwanda,CRITICAL,obstetric,kinyarwanda->kinyarwanda:CRITICAL:obstetric,Maze umunsi wose mbabara ngerageza kubyara ariko umwana ntarasohoka.,Maze umunsi wose mbabara ngerageza kubyara ariko umwana ntarasohoka.
"Ndakeneye ubufasha, umuvuduko w'amaraso wanjye wazamutse cyane kandi umutwe urandya cyane kuva ijoro ryashize biragenda bikagaruka. Murakoze.",kinyarwanda,URGENT,chronic_care,kinyarwanda->kinyarwanda:URGENT:chronic_care,Umuvuduko w'amaraso wanjye wazamutse cyane kandi umutwe urandya cyane.,Umuvuduko w'amaraso wanjye wazamutse cyane kandi umutwe urandya cyane.
"Naje hano mbere, mfite ikibazo ku mutwe kandi kirimo guterwa n'urumuri kuva hashize iminsi itatu kandi nta miti mfite. Urakoze.",kinyarwanda,URGENT,neurological,kinyarwanda->kinyarwanda:URGENT:neurological,Mfite ikibazo ku mutwe kandi kirimo guterwa n'urumuri.,Mfite ikibazo ku mutwe kandi kirimo guterwa n'urumuri.
"Ndakeneye ubufasha, umugabo wanjye afite igisebe ku kirenge kidakira kandi afite diyabete kuva hashize iminsi itatu biragenda bikagaruka. Ntegereze cyangwa nsuzumwe ubu?",kinyarwanda,URGENT,chronic_care,kinyarwanda->kinyarwanda:URGENT:chronic_care,{REL} afite igisebe ku kirenge kidakira kandi afite diyabete.,Mfite igisebe ku kirenge kidakira kandi mfite diyabete.
Umuturanyi wanjye ahumeka bimugora cyane kandi iminwa ye yahindutse ibara kuva ijoro ryashize kandi birushaho kuba bibi. Mfasha muganga.,kinyarwanda,CRITICAL,cardiac_respiratory,kinyarwanda->kinyarwanda:CRITICAL:cardiac_respiratory,{REL} ahumeka bimugora cyane kandi iminwa ye yahindutse ibara.,guhumeka birangora cyane kandi iminwa yanjye yahindutse ibara
"Mumbabarire, ndashaka kubabwira ikibazo mfite. Mushiki wanjye arababara cyane mu nda kandi ububabare ntibuhagarara kuva ubu gitondo cya kare kandi sinshobora gusinzira. Mfasha muganga.",kinyarwanda,URGENT,gastrointestinal,kinyarwanda->kinyarwanda:URGENT:gastrointestinal,{REL} arababara cyane mu nda kandi ububabare ntibuhagarara.,Inda irandya cyane kandi ububabare ntibuhagarara.
"Simbizi niba bikomeye ariko, mfite igisebe ku kirenge kidakira kandi mfite diyabete kuva ejo bikarushaho nijoro. Urakoze.",kinyarwanda,URGENT,chronic_care,kinyarwanda->kinyarwanda:URGENT:chronic_care,Mfite igisebe ku kirenge kidakira kandi mfite diyabete.,Mfite igisebe ku kirenge kidakira kandi mfite diyabete.
Ndashaka kukubwira ikibazo mfite. Maze umunsi wose mbabara ngerageza kubyara ariko umwana ntarasohoka kuva mu gitondo,kinyarwanda,CRITICAL,obstetric,kinyarwanda->kinyarwanda:CRITICAL:obstetric,Maze umunsi wose mbabara ngerageza kubyara ariko umwana ntarasohoka.,Maze umunsi wose mbabara ngerageza kubyara ariko umwana ntarasohoka.
"Muraho, umugore wanjye nta miti ya SIDA afite kuva mu gitondo. Byatangiye gitunguranye. Urakoze.",kinyarwanda,URGENT,chronic_care,kinyarwanda->kinyarwanda:URGENT:chronic_care,{REL} nta miti ya SIDA afite.,Nta miti ya SIDA mfite.
"Ndakeneye ubufasha, mu rugo hari umuntu urwaye igituntu kandi mama ashaka kwisuzumisha kuva hashize iminsi itatu nta miti imfasha. Ndakeneye ubufasha vuba.",kinyarwanda,URGENT,preventive,kinyarwanda->kinyarwanda:URGENT:preventive,Mu rugo hari umuntu urwaye igituntu kandi {REL} ashaka kwisuzumisha.,Mu rugo hari umuntu urwaye igituntu kandi ndashaka kwisuzumisha.
Ndashaka kukubwira ikibazo mfite. Umugabo wanjye ahumeka bimugora cyane kandi iminwa ye yahindutse ibara kuva ejo kandi sinshobora gusinzira. Mfasha muganga.,kinyarwanda,CRITICAL,cardiac_respiratory,kinyarwanda->kinyarwanda:CRITICAL:cardiac_respiratory,{REL} ahumeka bimugora cyane kandi iminwa ye yahindutse ibara.,guhumeka birangora cyane kandi iminwa yanjye yahindutse ibara
"Muraho, mu rugo hari umuntu urwaye igituntu kandi ndashaka kwisuzumisha kuva mu cyumweru gishize kandi ndahangayitse. Nkora iki?",kinyarwanda,URGENT,preventive,kinyarwanda->kinyarwanda:URGENT:preventive,Mu rugo hari umuntu urwaye igituntu kandi ndashaka kwisuzumisha.,Mu rugo hari umuntu urwaye igituntu kandi ndashaka kwisuzumisha.
"Nyabuneka, mama ari kubyara ariko umugozi w'umwana wabanje gusohoka kuva mu cyumweru gishize biragenda bikagaruka. Ndakeneye ubufasha vuba.",kinyarwanda,CRITICAL,obstetric,kinyarwanda->kinyarwanda:CRITICAL:obstetric,{REL} ari kubyara ariko umugozi w'umwana wabanje gusohoka.,Ndabyara ariko habanje gusohoka umugozi w'umwana.
"Mfasha, maze iminsi itatu ndwaye impiswi zikomeye kuva mu masaha abiri ashize. Ni imiti ki nafata?",kinyarwanda,URGENT,gastrointestinal,kinyarwanda->kinyarwanda:URGENT:gastrointestinal,maze iminsi itatu ndwaye impiswi zikomeye,maze iminsi itatu ndwaye impiswi zikomeye
"Ndakeneye ubufasha, maze iminsi itatu ndwaye impiswi zikomeye kuva mu cyumweru gishize kandi birushaho kuba bibi. Ntegereze cyangwa nsuzumwe ubu?",kinyarwanda,URGENT,gastrointestinal,kinyarwanda->kinyarwanda:URGENT:gastrointestinal,maze iminsi itatu ndwaye impiswi zikomeye,maze iminsi itatu ndwaye impiswi zikomeye
"Mfasha vuba, mu rugo hari umuntu urwaye igituntu kandi ndashaka kwisuzumisha kuva mu gitondo kandi sinshobora gusinzira. Ndakeneye ubufasha vuba.",kinyarwanda,URGENT,preventive,kinyarwanda->kinyarwanda:URGENT:preventive,Mu rugo hari umuntu urwaye igituntu kandi ndashaka kwisuzumisha.,Mu rugo hari umuntu urwaye igituntu kandi ndashaka kwisuzumisha.
"Naje hano mbere, maze umunsi wose mbabara ngerageza kubyara ariko umwana ntarasohoka kuva mu gitondo kandi nta miti mfite. Mfasha muganga.",kinyarwanda,CRITICAL,obstetric,kinyarwanda->kinyarwanda:CRITICAL:obstetric,Maze umunsi wose mbabara ngerageza kubyara ariko umwana ntarasohoka.,Maze umunsi wose mbabara ngerageza kubyara ariko umwana ntarasohoka.
"Iyo umuturanyi wanjye ahumetse cyane, arumva mu gituza hamubabaza kuva ubu gitondo cya kare kandi sinshobora gusinzira. Nkora iki?",kinyarwanda,URGENT,cardiac_respiratory,kinyarwanda->kinyarwanda:URGENT:cardiac_respiratory,"Iyo {REL} ahumetse cyane, arumva mu gituza hamubabaza.","Iyo {REL} ahumetse cyane, arumva mu gituza hamubabaza."
"Mfasha vuba, umugabo wanjye afite impiswi zikomeye kandi yagize umwuma kuva hashize iminsi ibiri. Byatangiye gitunguranye. Mfasha muganga.",kinyarwanda,CRITICAL,gastrointestinal,kinyarwanda->kinyarwanda:CRITICAL:gastrointestinal,{REL} afite impiswi zikomeye kandi yagize umwuma.,{REL} afite impiswi zikomeye kandi yagize umwuma.
Mu rugo hari umuntu urwaye igituntu kandi ndashaka kwisuzumisha kuva ijoro ryashize kandi birushaho kuba bibi,kinyarwanda,URGENT,preventive,kinyarwanda->kinyarwanda:URGENT:preventive,Mu rugo hari umuntu urwaye igituntu kandi ndashaka kwisuzumisha.,Mu rugo hari umuntu urwaye igituntu kandi ndashaka kwisuzumisha.
Mfite umuhaha kuva hashize iminsi ibiri. Byatangiye gitunguranye. Ese ibi birakomeye?,kinyarwanda,URGENT,paediatric,kinyarwanda->kinyarwanda:URGENT:paediatric,Mfite umuhaha.,Mfite umuhaha.
"Ndakeneye ubufasha, maze umunsi wose mbabara ngerageza kubyara ariko umwana ntarasohoka kuva ijoro ryashize kandi birushaho kuba bibi. Mfasha muganga.",kinyarwanda,CRITICAL,obstetric,kinyarwanda->kinyarwanda:CRITICAL:obstetric,Maze umunsi wose mbabara ngerageza kubyara ariko umwana ntarasohoka.,Maze umunsi wose mbabara ngerageza kubyara ariko umwana ntarasohoka.
"Mfasha, umuturanyi wanjye ari kubyara ariko umugozi w'umwana wabanje gusohoka kuva hashize iminsi ibiri biragenda bikagaruka. Ntabasha kubona amafaranga yo kongera kuza kwa muganga.",kinyarwanda,CRITICAL,obstetric,kinyarwanda->kinyarwanda:CRITICAL:obstetric,{REL} ari kubyara ariko umugozi w'umwana wabanje gusohoka.,Ndabyara ariko habanje gusohoka umugozi w'umwana.
"Ndakeneye ubufasha, umugabo wanjye afite igisebe ku kirenge kidakira kandi afite diyabete kuva mu cyumweru gishize. Byatangiye gitunguranye. Ntabasha kubona amafaranga yo kongera kuza kwa muganga.",kinyarwanda,URGENT,chronic_care,kinyarwanda->kinyarwanda:URGENT:chronic_care,{REL} afite igisebe ku kirenge kidakira kandi afite diyabete.,Mfite igisebe ku kirenge kidakira kandi mfite diyabete.
Ndashaka kukubwira ikibazo mfite. Mfite ikibazo ku mutwe kandi kirimo guterwa n'urumuri kuva ijoro ryashize kandi sinshobora gusinzira. Ntegereze cyangwa nsuzumwe ubu?,kinyarwanda,URGENT,neurological,kinyarwanda->kinyarwanda:URGENT:neurological,Mfite ikibazo ku mutwe kandi kirimo guterwa n'urumuri.,Mfite ikibazo ku mutwe kandi kirimo guterwa n'urumuri.
"Mfasha vuba, umukecuru afite impiswi zikomeye kandi yagize umwuma kuva hashize iminsi itatu kandi sinshobora gusinzira. Ntabasha kubona amafaranga yo kongera kuza kwa muganga.",kinyarwanda,CRITICAL,gastrointestinal,kinyarwanda->kinyarwanda:CRITICAL:gastrointestinal,{REL} afite impiswi zikomeye kandi yagize umwuma.,{REL} afite impiswi zikomeye kandi yagize umwuma.
"Naje hano mbere, mfite umuhaha kuva hashize iminsi ibiri kandi nta miti mfite. Ni imiti ki nafata?",kinyarwanda,URGENT,paediatric,kinyarwanda->kinyarwanda:URGENT:paediatric,Mfite umuhaha.,Mfite umuhaha.
"Simbizi niba bikomeye ariko, papa yabyimbye ibirenge kandi ntashobora guhumeka neza iyo aragaramye kuva hashize iminsi itatu bikarushaho nijoro. Ntegereze cyangwa nsuzumwe ubu?",kinyarwanda,URGENT,chronic_care,kinyarwanda->kinyarwanda:URGENT:chronic_care,{REL} yabyimbye ibirenge kandi ntashobora guhumeka neza iyo aragaramye.,Nabyimbye ibirenge kandi sinshobora guhumeka neza iyo ndagaramye.
"Nyabuneka, umuturanyi wanjye nta miti ya SIDA afite. Abandi bana na bo bafite iki kibazo. Ese ibi birakomeye?",kinyarwanda,URGENT,chronic_care,kinyarwanda->kinyarwanda:URGENT:chronic_care,{REL} nta miti ya SIDA afite.,Nta miti ya SIDA mfite.
"Mfasha vuba, umuturanyi wanjye afite ibimenyetso bya malariya, umuriro n'imbeho kuva ijoro ryashize. Byatangiye gitunguranye. Urakoze.",kinyarwanda,URGENT,infectious_fever,kinyarwanda->kinyarwanda:URGENT:infectious_fever,"{REL} afite ibimenyetso bya malariya, umuriro n'imbeho.","Mfite ibimenyetso bya malariya, umuriro n'imbeho."
"Mfasha vuba, maze iminsi itatu ndwaye impiswi zikomeye kuva ubu gitondo cya kare nta miti imfasha. Nkora iki?",kinyarwanda,URGENT,gastrointestinal,kinyarwanda->kinyarwanda:URGENT:gastrointestinal,maze iminsi itatu ndwaye impiswi zikomeye,maze iminsi itatu ndwaye impiswi zikomeye
"Muganga, iyo umwana wanjye ahumetse cyane, arumva mu gituza hamubabaza kuva ejo bikarushaho nijoro. Ntabasha kubona amafaranga yo kongera kuza kwa muganga.",kinyarwanda,URGENT,cardiac_respiratory,kinyarwanda->kinyarwanda:URGENT:cardiac_respiratory,"Iyo {REL} ahumetse cyane, arumva mu gituza hamubabaza.","Iyo {REL} ahumetse cyane, arumva mu gituza hamubabaza."
Ndashaka kukubwira ikibazo mfite. Mushiki wanjye afite gahunda yo gukingiza umwana kuva mu masaha abiri ashize nta miti imfasha. Ntabasha kubona amafaranga yo kongera kuza kwa muganga.,kinyarwanda,ROUTINE,preventive,kinyarwanda->kinyarwanda:ROUTINE:preventive,{REL} afite gahunda yo gukingiza umwana.,Mfite gahunda yo gukingiza umwana.
Ndashaka kukubwira ikibazo mfite. Umugabo wanjye afite gahunda yo gukingiza umwana kuva ijoro ryashize nta miti imfasha,kinyarwanda,ROUTINE,preventive,kinyarwanda->kinyarwanda:ROUTINE:preventive,{REL} afite gahunda yo gukingiza umwana.,Mfite gahunda yo gukingiza umwana.
"Mumbabarire, ndashaka kubabwira ikibazo mfite. Ndatwite kandi nagagaye kuva hashize iminsi itatu kandi birushaho kuba bibi. Naje mvuye kure.",kinyarwanda,CRITICAL,obstetric,kinyarwanda->kinyarwanda:CRITICAL:obstetric,Ndatwite kandi nagagaye.,Ndatwite kandi nagagaye.
"Muganga, mfite igisebe ku kirenge kidakira kandi mfite diyabete kuva ubu gitondo cya kare. Abandi bana na bo bafite iki kibazo. Ntabasha kubona amafaranga yo kongera kuza kwa muganga.",kinyarwanda,URGENT,chronic_care,kinyarwanda->kinyarwanda:URGENT:chronic_care,Mfite igisebe ku kirenge kidakira kandi mfite diyabete.,Mfite igisebe ku kirenge kidakira kandi mfite diyabete.
"Ndashaka kukubwira ikibazo mfite. Iyo mushiki wanjye ahumetse cyane, arumva mu gituza hamubabaza bikarushaho nijoro",kinyarwanda,URGENT,cardiac_respiratory,kinyarwanda->kinyarwanda:URGENT:cardiac_respiratory,"Iyo {REL} ahumetse cyane, arumva mu gituza hamubabaza.","Iyo {REL} ahumetse cyane, arumva mu gituza hamubabaza."
"Ndakeneye ubufasha, umukecuru afite gahunda yo gukingiza umwana kuva hashize iminsi itatu bikarushaho nijoro. Ndakeneye ubufasha vuba.",kinyarwanda,ROUTINE,preventive,kinyarwanda->kinyarwanda:ROUTINE:preventive,{REL} afite gahunda yo gukingiza umwana.,Mfite gahunda yo gukingiza umwana.
"Nzanye umwana wanjye, papa afite igisebe ku kirenge kidakira kandi afite diyabete kuva hashize iminsi ibiri kandi sinshobora gusinzira. Ntabasha kubona amafaranga yo kongera kuza kwa muganga.",kinyarwanda,URGENT,chronic_care,kinyarwanda->kinyarwanda:URGENT:chronic_care,{REL} afite igisebe ku kirenge kidakira kandi afite diyabete.,Mfite igisebe ku kirenge kidakira kandi mfite diyabete.
"Muganga, ndatwite kandi nagagaye kuva mu masaha abiri ashize biragenda bikagaruka. Ni imiti ki nafata?",kinyarwanda,CRITICAL,obstetric,kinyarwanda->kinyarwanda:CRITICAL:obstetric,Ndatwite kandi nagagaye.,Ndatwite kandi nagagaye.
"Nyabuneka, ndatwite kandi nagagaye kuva mu masaha abiri ashize. Naje mvuye kure.",kinyarwanda,CRITICAL,obstetric,kinyarwanda->kinyarwanda:CRITICAL:obstetric,Ndatwite kandi nagagaye.,Ndatwite kandi nagagaye.
"Simbizi niba bikomeye ariko, umugabo wanjye afite igisebe ku kirenge kidakira kandi afite diyabete kuva mu gitondo kandi sinshobora gusinzira. Ntabasha kubona amafaranga yo kongera kuza kwa muganga.",kinyarwanda,URGENT,chronic_care,kinyarwanda->kinyarwanda:URGENT:chronic_care,{REL} afite igisebe ku kirenge kidakira kandi afite diyabete.,Mfite igisebe ku kirenge kidakira kandi mfite diyabete.
"Ndakeneye ubufasha, umuvuduko w'amaraso wanjye wazamutse cyane kandi umutwe urandya cyane kuva mu masaha abiri ashize nta miti imfasha. Ndakeneye ubufasha vuba.",kinyarwanda,URGENT,chronic_care,kinyarwanda->kinyarwanda:URGENT:chronic_care,Umuvuduko w'amaraso wanjye wazamutse cyane kandi umutwe urandya cyane.,Umuvuduko w'amaraso wanjye wazamutse cyane kandi umutwe urandya cyane.
Mfite ikibazo ku mutwe kandi kirimo guterwa n'urumuri kuva ubu gitondo cya kare kandi sinshobora gusinzira. Ni imiti ki nafata?,kinyarwanda,URGENT,neurological,kinyarwanda->kinyarwanda:URGENT:neurological,Mfite ikibazo ku mutwe kandi kirimo guterwa n'urumuri.,Mfite ikibazo ku mutwe kandi kirimo guterwa n'urumuri.
"Mfasha, mfite umuhaha biragenda bikagaruka. Ndakeneye ubufasha vuba.",kinyarwanda,URGENT,paediatric,kinyarwanda->kinyarwanda:URGENT:paediatric,Mfite umuhaha.,Mfite umuhaha.
"Mfasha, papa afite gahunda yo gukingiza umwana kuva hashize iminsi ibiri bikarushaho nijoro. Murakoze.",kinyarwanda,ROUTINE,preventive,kinyarwanda->kinyarwanda:ROUTINE:preventive,{REL} afite gahunda yo gukingiza umwana.,Mfite gahunda yo gukingiza umwana.
"Muraho, umukecuru afite impiswi zikomeye kandi yagize umwuma kuva mu gitondo kandi ndahangayitse. Nkora iki?",kinyarwanda,CRITICAL,gastrointestinal,kinyarwanda->kinyarwanda:CRITICAL:gastrointestinal,{REL} afite impiswi zikomeye kandi yagize umwuma.,{REL} afite impiswi zikomeye kandi yagize umwuma.
"Nyabuneka, umukecuru afite gahunda yo gukingiza umwana kuva ubu gitondo cya kare biragenda bikagaruka. Urakoze.",kinyarwanda,ROUTINE,preventive,kinyarwanda->kinyarwanda:ROUTINE:preventive,{REL} afite gahunda yo gukingiza umwana.,Mfite gahunda yo gukingiza umwana.
"Muganga, umugabo wanjye arababara cyane mu nda kandi ububabare ntibuhagarara kuva hashize iminsi itatu kandi nta miti mfite. Mfasha muganga.",kinyarwanda,URGENT,gastrointestinal,kinyarwanda->kinyarwanda:URGENT:gastrointestinal,{REL} arababara cyane mu nda kandi ububabare ntibuhagarara.,Inda irandya cyane kandi ububabare ntibuhagarara.
"Nyabuneka, mama afite impiswi zikomeye kandi yagize umwuma kuva ejo. Mfasha muganga.",kinyarwanda,CRITICAL,gastrointestinal,kinyarwanda->kinyarwanda:CRITICAL:gastrointestinal,{REL} afite impiswi zikomeye kandi yagize umwuma.,{REL} afite impiswi zikomeye kandi yagize umwuma.
"Mumbabarire, ndashaka kubabwira ikibazo mfite. Umukecuru afite igisebe ku kirenge kidakira kandi afite diyabete kandi birushaho kuba bibi. Naje mvuye kure.",kinyarwanda,URGENT,chronic_care,kinyarwanda->kinyarwanda:URGENT:chronic_care,{REL} afite igisebe ku kirenge kidakira kandi afite diyabete.,Mfite igisebe ku kirenge kidakira kandi mfite diyabete.
"Muraho, mu rugo hari umuntu urwaye igituntu kandi mushiki wanjye ashaka kwisuzumisha kuva ejo. Urakoze.",kinyarwanda,URGENT,preventive,kinyarwanda->kinyarwanda:URGENT:preventive,Mu rugo hari umuntu urwaye igituntu kandi {REL} ashaka kwisuzumisha.,Mu rugo hari umuntu urwaye igituntu kandi ndashaka kwisuzumisha.
"Mfasha, mu rugo hari umuntu urwaye igituntu kandi ndashaka kwisuzumisha kuva mu gitondo. Byatangiye gitunguranye. Murakoze.",kinyarwanda,URGENT,preventive,kinyarwanda->kinyarwanda:URGENT:preventive,Mu rugo hari umuntu urwaye igituntu kandi ndashaka kwisuzumisha.,Mu rugo hari umuntu urwaye igituntu kandi ndashaka kwisuzumisha.
"Mfasha, mushiki wanjye afite impiswi zikomeye kandi yagize umwuma kuva hashize icyumweru. Abandi bana na bo bafite iki kibazo. Ni imiti ki nafata?",kinyarwanda,CRITICAL,gastrointestinal,kinyarwanda->kinyarwanda:CRITICAL:gastrointestinal,{REL} afite impiswi zikomeye kandi yagize umwuma.,{REL} afite impiswi zikomeye kandi yagize umwuma.
"Simbizi niba bikomeye ariko, mfite umuhaha kuva hashize iminsi itatu kandi ndahangayitse. Ndakeneye ubufasha vuba.",kinyarwanda,URGENT,paediatric,kinyarwanda->kinyarwanda:URGENT:paediatric,Mfite umuhaha.,Mfite umuhaha.
"Muraho, papa arababara cyane mu nda kandi ububabare ntibuhagarara kuva hashize iminsi itatu bikarushaho nijoro. Mfasha muganga.",kinyarwanda,URGENT,gastrointestinal,kinyarwanda->kinyarwanda:URGENT:gastrointestinal,{REL} arababara cyane mu nda kandi ububabare ntibuhagarara.,Inda irandya cyane kandi ububabare ntibuhagarara.
Ndashaka kukubwira ikibazo mfite. Mfite umuhaha kuva mu cyumweru gishize kandi sinshobora gusinzira. Murakoze.,kinyarwanda,URGENT,paediatric,kinyarwanda->kinyarwanda:URGENT:paediatric,Mfite umuhaha.,Mfite umuhaha.
"Muraho, umukecuru afite ibimenyetso bya malariya, umuriro n'imbeho kuva mu gitondo bikarushaho nijoro. Ntabasha kubona amafaranga yo kongera kuza kwa muganga.",kinyarwanda,URGENT,infectious_fever,kinyarwanda->kinyarwanda:URGENT:infectious_fever,"{REL} afite ibimenyetso bya malariya, umuriro n'imbeho.","Mfite ibimenyetso bya malariya, umuriro n'imbeho."
"Ndakeneye ubufasha, ndatwite kandi nagagaye kuva hashize iminsi ibiri kandi sinshobora gusinzira. Ese ibi birakomeye?",kinyarwanda,CRITICAL,obstetric,kinyarwanda->kinyarwanda:CRITICAL:obstetric,Ndatwite kandi nagagaye.,Ndatwite kandi nagagaye.
"Mfasha, papa afite impiswi zikomeye kandi yagize umwuma kuva mu cyumweru gishize. Byatangiye gitunguranye.",kinyarwanda,CRITICAL,gastrointestinal,kinyarwanda->kinyarwanda:CRITICAL:gastrointestinal,{REL} afite impiswi zikomeye kandi yagize umwuma.,{REL} afite impiswi zikomeye kandi yagize umwuma.
"Nzanye umwana wanjye, maze iminsi itatu ndwaye impiswi zikomeye bikarushaho nijoro",kinyarwanda,URGENT,gastrointestinal,kinyarwanda->kinyarwanda:URGENT:gastrointestinal,maze iminsi itatu ndwaye impiswi zikomeye,maze iminsi itatu ndwaye impiswi zikomeye
Mushiki wanjye afite gahunda yo gukingiza umwana kuva mu masaha abiri ashize. Byatangiye gitunguranye. Naje mvuye kure.,kinyarwanda,ROUTINE,preventive,kinyarwanda->kinyarwanda:ROUTINE:preventive,{REL} afite gahunda yo gukingiza umwana.,Mfite gahunda yo gukingiza umwana.
"Nyabuneka, ndashaka kugirwa inama ku mazi yo kunywa kuva ubu gitondo cya kare. Byatangiye gitunguranye. Ntabasha kubona amafaranga yo kongera kuza kwa muganga.",kinyarwanda,ROUTINE,preventive,kinyarwanda->kinyarwanda:ROUTINE:preventive,Ndashaka kugirwa inama ku mazi yo kunywa.,Ndashaka kugirwa inama ku mazi yo kunywa.
"Nyabuneka, umukecuru afite impiswi zikomeye kandi yagize umwuma kuva mu gitondo kandi ndahangayitse. Nkora iki?",kinyarwanda,CRITICAL,gastrointestinal,kinyarwanda->kinyarwanda:CRITICAL:gastrointestinal,{REL} afite impiswi zikomeye kandi yagize umwuma.,{REL} afite impiswi zikomeye kandi yagize umwuma.
"Ndashaka kukubwira ikibazo mfite. Mama afite ibimenyetso bya malariya, umuriro n'imbeho kuva hashize iminsi itatu. Abandi bana na bo bafite iki kibazo.",kinyarwanda,URGENT,infectious_fever,kinyarwanda->kinyarwanda:URGENT:infectious_fever,"{REL} afite ibimenyetso bya malariya, umuriro n'imbeho.","Mfite ibimenyetso bya malariya, umuriro n'imbeho."
"Nzanye umwana wanjye, mushiki wanjye arababara cyane mu nda kandi ububabare ntibuhagarara kuva ubu gitondo cya kare kandi sinshobora gusinzira. Mfasha muganga.",kinyarwanda,URGENT,gastrointestinal,kinyarwanda->kinyarwanda:URGENT:gastrointestinal,{REL} arababara cyane mu nda kandi ububabare ntibuhagarara.,Inda irandya cyane kandi ububabare ntibuhagarara.
"Mfasha vuba, papa afite impiswi zikomeye kandi yagize umwuma kuva ubu gitondo cya kare. Abandi bana na bo bafite iki kibazo. Ndakeneye ubufasha vuba.",kinyarwanda,CRITICAL,gastrointestinal,kinyarwanda->kinyarwanda:CRITICAL:gastrointestinal,{REL} afite impiswi zikomeye kandi yagize umwuma.,{REL} afite impiswi zikomeye kandi yagize umwuma.
"Mfasha vuba, umuturanyi wanjye ari kubyara ariko umugozi w'umwana wabanje gusohoka kuva ubu gitondo cya kare kandi ndahangayitse. Ni imiti ki nafata?",kinyarwanda,CRITICAL,obstetric,kinyarwanda->kinyarwanda:CRITICAL:obstetric,{REL} ari kubyara ariko umugozi w'umwana wabanje gusohoka.,Ndabyara ariko habanje gusohoka umugozi w'umwana.
"Muraho, umukecuru afite gahunda yo gukingiza umwana kuva ejo kandi birushaho kuba bibi. Urakoze.",kinyarwanda,ROUTINE,preventive,kinyarwanda->kinyarwanda:ROUTINE:preventive,{REL} afite gahunda yo gukingiza umwana.,Mfite gahunda yo gukingiza umwana.
"Muganga, mfite igisebe ku kirenge kidakira kandi mfite diyabete kuva ubu gitondo cya kare kandi ndahangayitse. Nkora iki?",kinyarwanda,URGENT,chronic_care,kinyarwanda->kinyarwanda:URGENT:chronic_care,Mfite igisebe ku kirenge kidakira kandi mfite diyabete.,Mfite igisebe ku kirenge kidakira kandi mfite diyabete.
"Ndakeneye ubufasha, umuturanyi wanjye ahumeka bimugora cyane kandi iminwa ye yahindutse ibara kuva mu cyumweru gishize. Abandi bana na bo bafite iki kibazo.",kinyarwanda,CRITICAL,cardiac_respiratory,kinyarwanda->kinyarwanda:CRITICAL:cardiac_respiratory,{REL} ahumeka bimugora cyane kandi iminwa ye yahindutse ibara.,guhumeka birangora cyane kandi iminwa yanjye yahindutse ibara
"Naje hano mbere, ndashaka kugirwa inama ku mazi yo kunywa kuva mu gitondo nta miti imfasha",kinyarwanda,ROUTINE,preventive,kinyarwanda->kinyarwanda:ROUTINE:preventive,Ndashaka kugirwa inama ku mazi yo kunywa.,Ndashaka kugirwa inama ku mazi yo kunywa.
"Muraho, mu rugo hari umuntu urwaye igituntu kandi ndashaka kwisuzumisha kuva hashize iminsi itatu kandi birushaho kuba bibi. Ese ibi birakomeye?",kinyarwanda,URGENT,preventive,kinyarwanda->kinyarwanda:URGENT:preventive,Mu rugo hari umuntu urwaye igituntu kandi ndashaka kwisuzumisha.,Mu rugo hari umuntu urwaye igituntu kandi ndashaka kwisuzumisha.
"Mumbabarire, ndashaka kubabwira ikibazo mfite. Umwana wanjye nta miti ya SIDA afite kuva mu gitondo kandi birushaho kuba bibi. Ndakeneye ubufasha vuba.",kinyarwanda,URGENT,chronic_care,kinyarwanda->kinyarwanda:URGENT:chronic_care,{REL} nta miti ya SIDA afite.,Nta miti ya SIDA mfite.
"Muraho, mfite igisebe ku kirenge kidakira kandi mfite diyabete kuva hashize iminsi itatu kandi ndahangayitse. Urakoze.",kinyarwanda,URGENT,chronic_care,kinyarwanda->kinyarwanda:URGENT:chronic_care,Mfite igisebe ku kirenge kidakira kandi mfite diyabete.,Mfite igisebe ku kirenge kidakira kandi mfite diyabete.
"Mumbabarire, ndashaka kubabwira ikibazo mfite. Umuturanyi wanjye yabyimbye ibirenge kandi ntashobora guhumeka neza iyo aragaramye kuva hashize iminsi itatu kandi birushaho kuba bibi. Urakoze.",kinyarwanda,URGENT,chronic_care,kinyarwanda->kinyarwanda:URGENT:chronic_care,{REL} yabyimbye ibirenge kandi ntashobora guhumeka neza iyo aragaramye.,Nabyimbye ibirenge kandi sinshobora guhumeka neza iyo ndagaramye.
"Ndakeneye ubufasha, umuvuduko w'amaraso wanjye wazamutse cyane kandi umutwe urandya cyane kuva mu gitondo nta miti imfasha. Mfasha muganga.",kinyarwanda,URGENT,chronic_care,kinyarwanda->kinyarwanda:URGENT:chronic_care,Umuvuduko w'amaraso wanjye wazamutse cyane kandi umutwe urandya cyane.,Umuvuduko w'amaraso wanjye wazamutse cyane kandi umutwe urandya cyane.
"Naje hano mbere, umuvuduko w'amaraso wanjye wazamutse cyane kandi umutwe urandya cyane kuva hashize iminsi ibiri. Mfasha muganga.",kinyarwanda,URGENT,chronic_care,kinyarwanda->kinyarwanda:URGENT:chronic_care,Umuvuduko w'amaraso wanjye wazamutse cyane kandi umutwe urandya cyane.,Umuvuduko w'amaraso wanjye wazamutse cyane kandi umutwe urandya cyane.
"Muraho, papa ahumeka bimugora cyane kandi iminwa ye yahindutse ibara kuva mu cyumweru gishize. Byatangiye gitunguranye.",kinyarwanda,CRITICAL,cardiac_respiratory,kinyarwanda->kinyarwanda:CRITICAL:cardiac_respiratory,{REL} ahumeka bimugora cyane kandi iminwa ye yahindutse ibara.,guhumeka birangora cyane kandi iminwa yanjye yahindutse ibara
"Nzanye umwana wanjye, mfite igisebe ku kirenge kidakira kandi mfite diyabete kuva hashize icyumweru. Abandi bana na bo bafite iki kibazo. Ntegereze cyangwa nsuzumwe ubu?",kinyarwanda,URGENT,chronic_care,kinyarwanda->kinyarwanda:URGENT:chronic_care,Mfite igisebe ku kirenge kidakira kandi mfite diyabete.,Mfite igisebe ku kirenge kidakira kandi mfite diyabete.
Ndashaka kukubwira ikibazo mfite. Umuvuduko w'amaraso wanjye wazamutse cyane kandi umutwe urandya cyane kuva mu gitondo kandi ndahangayitse. Urakoze.,kinyarwanda,URGENT,chronic_care,kinyarwanda->kinyarwanda:URGENT:chronic_care,Umuvuduko w'amaraso wanjye wazamutse cyane kandi umutwe urandya cyane.,Umuvuduko w'amaraso wanjye wazamutse cyane kandi umutwe urandya cyane.
"Mfasha, umugabo wanjye afite impiswi zikomeye kandi yagize umwuma kuva hashize icyumweru nta miti imfasha. Naje mvuye kure.",kinyarwanda,CRITICAL,gastrointestinal,kinyarwanda->kinyarwanda:CRITICAL:gastrointestinal,{REL} afite impiswi zikomeye kandi yagize umwuma.,{REL} afite impiswi zikomeye kandi yagize umwuma.
"Muganga, mfite umuhaha kuva hashize icyumweru nta miti imfasha. Urakoze.",kinyarwanda,URGENT,paediatric,kinyarwanda->kinyarwanda:URGENT:paediatric,Mfite umuhaha.,Mfite umuhaha.
"Muganga, umugabo wanjye afite impiswi zikomeye kandi yagize umwuma kuva ubu gitondo cya kare biragenda bikagaruka. Ntabasha kubona amafaranga yo kongera kuza kwa muganga.",kinyarwanda,CRITICAL,gastrointestinal,kinyarwanda->kinyarwanda:CRITICAL:gastrointestinal,{REL} afite impiswi zikomeye kandi yagize umwuma.,{REL} afite impiswi zikomeye kandi yagize umwuma.
"Naje hano mbere, mushiki wanjye afite gahunda yo gukingiza umwana kandi birushaho kuba bibi. Urakoze.",kinyarwanda,ROUTINE,preventive,kinyarwanda->kinyarwanda:ROUTINE:preventive,{REL} afite gahunda yo gukingiza umwana.,Mfite gahunda yo gukingiza umwana.
"Simbizi niba bikomeye ariko, mfite ikibazo ku mutwe kandi kirimo guterwa n'urumuri kuva hashize iminsi ibiri. Byatangiye gitunguranye. Ni imiti ki nafata?",kinyarwanda,URGENT,neurological,kinyarwanda->kinyarwanda:URGENT:neurological,Mfite ikibazo ku mutwe kandi kirimo guterwa n'urumuri.,Mfite ikibazo ku mutwe kandi kirimo guterwa n'urumuri.
"Mumbabarire, ndashaka kubabwira ikibazo mfite. Mfite umuhaha kuva mu cyumweru gishize kandi ndahangayitse. Ese ibi birakomeye?",kinyarwanda,URGENT,paediatric,kinyarwanda->kinyarwanda:URGENT:paediatric,Mfite umuhaha.,Mfite umuhaha.
"Mfasha, mama yabyimbye ibirenge kandi ntashobora guhumeka neza iyo aragaramye kuva ijoro ryashize kandi birushaho kuba bibi. Ntegereze cyangwa nsuzumwe ubu?",kinyarwanda,URGENT,chronic_care,kinyarwanda->kinyarwanda:URGENT:chronic_care,{REL} yabyimbye ibirenge kandi ntashobora guhumeka neza iyo aragaramye.,Nabyimbye ibirenge kandi sinshobora guhumeka neza iyo ndagaramye.
"Nzanye umwana wanjye, mfite umuhaha kuva ejo bikarushaho nijoro. Naje mvuye kure.",kinyarwanda,URGENT,paediatric,kinyarwanda->kinyarwanda:URGENT:paediatric,Mfite umuhaha.,Mfite umuhaha.
"Nyabuneka, umukecuru nta miti ya SIDA afite kuva ijoro ryashize nta miti imfasha. Nkora iki?",kinyarwanda,URGENT,chronic_care,kinyarwanda->kinyarwanda:URGENT:chronic_care,{REL} nta miti ya SIDA afite.,Nta miti ya SIDA mfite.
"Iyo mama ahumetse cyane, arumva mu gituza hamubabaza kuva ubu gitondo cya kare nta miti imfasha. Nkora iki?",kinyarwanda,URGENT,cardiac_respiratory,kinyarwanda->kinyarwanda:URGENT:cardiac_respiratory,"Iyo {REL} ahumetse cyane, arumva mu gituza hamubabaza.","Iyo {REL} ahumetse cyane, arumva mu gituza hamubabaza."
Ndashaka kukubwira ikibazo mfite. Mu rugo hari umuntu urwaye igituntu kandi umugore wanjye ashaka kwisuzumisha kandi birushaho kuba bibi. Ese ibi birakomeye?,kinyarwanda,URGENT,preventive,kinyarwanda->kinyarwanda:URGENT:preventive,Mu rugo hari umuntu urwaye igituntu kandi {REL} ashaka kwisuzumisha.,Mu rugo hari umuntu urwaye igituntu kandi ndashaka kwisuzumisha.
"Nzanye umwana wanjye, mfite umuhaha kuva ubu gitondo cya kare biragenda bikagaruka. Ntabasha kubona amafaranga yo kongera kuza kwa muganga.",kinyarwanda,URGENT,paediatric,kinyarwanda->kinyarwanda:URGENT:paediatric,Mfite umuhaha.,Mfite umuhaha.
Ndashaka kukubwira ikibazo mfite. Maze iminsi itatu ndwaye impiswi zikomeye kuva hashize iminsi ibiri kandi nta miti mfite. Naje mvuye kure.,kinyarwanda,URGENT,gastrointestinal,kinyarwanda->kinyarwanda:URGENT:gastrointestinal,maze iminsi itatu ndwaye impiswi zikomeye,maze iminsi itatu ndwaye impiswi zikomeye
"Nzanye umwana wanjye, umwana wanjye nta miti ya SIDA afite kuva ejo kandi birushaho kuba bibi. Nkora iki?",kinyarwanda,URGENT,chronic_care,kinyarwanda->kinyarwanda:URGENT:chronic_care,{REL} nta miti ya SIDA afite.,Nta miti ya SIDA mfite.
"Muraho, mu rugo hari umuntu urwaye igituntu kandi papa ashaka kwisuzumisha kuva ejo. Abandi bana na bo bafite iki kibazo. Murakoze.",kinyarwanda,URGENT,preventive,kinyarwanda->kinyarwanda:URGENT:preventive,Mu rugo hari umuntu urwaye igituntu kandi {REL} ashaka kwisuzumisha.,Mu rugo hari umuntu urwaye igituntu kandi ndashaka kwisuzumisha.
"Ndakeneye ubufasha, mu rugo hari umuntu urwaye igituntu kandi ndashaka kwisuzumisha kuva mu cyumweru gishize. Byatangiye gitunguranye. Ese ibi birakomeye?",kinyarwanda,URGENT,preventive,kinyarwanda->kinyarwanda:URGENT:preventive,Mu rugo hari umuntu urwaye igituntu kandi ndashaka kwisuzumisha.,Mu rugo hari umuntu urwaye igituntu kandi ndashaka kwisuzumisha.
"Ndakeneye ubufasha, umwana wanjye ahumeka bimugora cyane kandi iminwa ye yahindutse ibara kuva mu masaha abiri ashize. Abandi bana na bo bafite iki kibazo. Nkora iki?",kinyarwanda,CRITICAL,cardiac_respiratory,kinyarwanda->kinyarwanda:CRITICAL:cardiac_respiratory,{REL} ahumeka bimugora cyane kandi iminwa ye yahindutse ibara.,guhumeka birangora cyane kandi iminwa yanjye yahindutse ibara
"Ndakeneye ubufasha, ndashaka kugirwa inama ku mazi yo kunywa kuva mu masaha abiri ashize kandi birushaho kuba bibi. Ni imiti ki nafata?",kinyarwanda,ROUTINE,preventive,kinyarwanda->kinyarwanda:ROUTINE:preventive,Ndashaka kugirwa inama ku mazi yo kunywa.,Ndashaka kugirwa inama ku mazi yo kunywa.
Ndashaka kukubwira ikibazo mfite. Ndatwite kandi nagagaye kuva hashize iminsi ibiri bikarushaho nijoro. Ntabasha kubona amafaranga yo kongera kuza kwa muganga.,kinyarwanda,CRITICAL,obstetric,kinyarwanda->kinyarwanda:CRITICAL:obstetric,Ndatwite kandi nagagaye.,Ndatwite kandi nagagaye.
"Muraho, mfite igisebe ku kirenge kidakira kandi mfite diyabete kuva mu masaha abiri ashize kandi sinshobora gusinzira. Ntegereze cyangwa nsuzumwe ubu?",kinyarwanda,URGENT,chronic_care,kinyarwanda->kinyarwanda:URGENT:chronic_care,Mfite igisebe ku kirenge kidakira kandi mfite diyabete.,Mfite igisebe ku kirenge kidakira kandi mfite diyabete.
"Nzanye umwana wanjye, maze umunsi wose mbabara ngerageza kubyara ariko umwana ntarasohoka nta miti imfasha. Ntegereze cyangwa nsuzumwe ubu?",kinyarwanda,CRITICAL,obstetric,kinyarwanda->kinyarwanda:CRITICAL:obstetric,Maze umunsi wose mbabara ngerageza kubyara ariko umwana ntarasohoka.,Maze umunsi wose mbabara ngerageza kubyara ariko umwana ntarasohoka.
"Muganga, umuvuduko w'amaraso wanjye wazamutse cyane kandi umutwe urandya cyane kuva ubu gitondo cya kare. Nkora iki?",kinyarwanda,URGENT,chronic_care,kinyarwanda->kinyarwanda:URGENT:chronic_care,Umuvuduko w'amaraso wanjye wazamutse cyane kandi umutwe urandya cyane.,Umuvuduko w'amaraso wanjye wazamutse cyane kandi umutwe urandya cyane.
"Muraho, umukecuru yabyimbye ibirenge kandi ntashobora guhumeka neza iyo aragaramye kuva hashize icyumweru biragenda bikagaruka. Murakoze.",kinyarwanda,URGENT,chronic_care,kinyarwanda->kinyarwanda:URGENT:chronic_care,{REL} yabyimbye ibirenge kandi ntashobora guhumeka neza iyo aragaramye.,Nabyimbye ibirenge kandi sinshobora guhumeka neza iyo ndagaramye.
Mama afite impiswi zikomeye kandi yagize umwuma kuva ejo nta miti imfasha. Ntegereze cyangwa nsuzumwe ubu?,kinyarwanda,CRITICAL,gastrointestinal,kinyarwanda->kinyarwanda:CRITICAL:gastrointestinal,{REL} afite impiswi zikomeye kandi yagize umwuma.,{REL} afite impiswi zikomeye kandi yagize umwuma.
"Naje hano mbere, iyo umukecuru ahumetse cyane, arumva mu gituza hamubabaza kuva ejo. Byatangiye gitunguranye. Ndakeneye ubufasha vuba.",kinyarwanda,URGENT,cardiac_respiratory,kinyarwanda->kinyarwanda:URGENT:cardiac_respiratory,"Iyo {REL} ahumetse cyane, arumva mu gituza hamubabaza.","Iyo {REL} ahumetse cyane, arumva mu gituza hamubabaza."
"Muraho, mfite ikibazo ku mutwe kandi kirimo guterwa n'urumuri kuva ijoro ryashize. Ese ibi birakomeye?",kinyarwanda,URGENT,neurological,kinyarwanda->kinyarwanda:URGENT:neurological,Mfite ikibazo ku mutwe kandi kirimo guterwa n'urumuri.,Mfite ikibazo ku mutwe kandi kirimo guterwa n'urumuri.
"Mfasha, mfite umuhaha kuva mu gitondo. Byatangiye gitunguranye. Murakoze.",kinyarwanda,URGENT,paediatric,kinyarwanda->kinyarwanda:URGENT:paediatric,Mfite umuhaha.,Mfite umuhaha.
"Ndakeneye ubufasha, ndashaka kugirwa inama ku mazi yo kunywa. Abandi bana na bo bafite iki kibazo. Ntabasha kubona amafaranga yo kongera kuza kwa muganga.",kinyarwanda,ROUTINE,preventive,kinyarwanda->kinyarwanda:ROUTINE:preventive,Ndashaka kugirwa inama ku mazi yo kunywa.,Ndashaka kugirwa inama ku mazi yo kunywa.
"Naje hano mbere, ndatwite kandi nagagaye kuva hashize iminsi itatu. Byatangiye gitunguranye.",kinyarwanda,CRITICAL,obstetric,kinyarwanda->kinyarwanda:CRITICAL:obstetric,Ndatwite kandi nagagaye.,Ndatwite kandi nagagaye.
"Nyabuneka, mu rugo hari umuntu urwaye igituntu kandi umugabo wanjye ashaka kwisuzumisha kuva ijoro ryashize nta miti imfasha. Naje mvuye kure.",kinyarwanda,URGENT,preventive,kinyarwanda->kinyarwanda:URGENT:preventive,Mu rugo hari umuntu urwaye igituntu kandi {REL} ashaka kwisuzumisha.,Mu rugo hari umuntu urwaye igituntu kandi ndashaka kwisuzumisha.
"Mfasha, umukecuru arababara cyane mu nda kandi ububabare ntibuhagarara kuva mu gitondo. Byatangiye gitunguranye. Ntabasha kubona amafaranga yo kongera kuza kwa muganga.",kinyarwanda,URGENT,gastrointestinal,kinyarwanda->kinyarwanda:URGENT:gastrointestinal,{REL} arababara cyane mu nda kandi ububabare ntibuhagarara.,Inda irandya cyane kandi ububabare ntibuhagarara.
"Naje hano mbere, maze umunsi wose mbabara ngerageza kubyara ariko umwana ntarasohoka kuva hashize iminsi itatu kandi nta miti mfite",kinyarwanda,CRITICAL,obstetric,kinyarwanda->kinyarwanda:CRITICAL:obstetric,Maze umunsi wose mbabara ngerageza kubyara ariko umwana ntarasohoka.,Maze umunsi wose mbabara ngerageza kubyara ariko umwana ntarasohoka.
"Nyabuneka, ndashaka kugirwa inama ku mazi yo kunywa kuva mu gitondo. Mfasha muganga.",kinyarwanda,ROUTINE,preventive,kinyarwanda->kinyarwanda:ROUTINE:preventive,Ndashaka kugirwa inama ku mazi yo kunywa.,Ndashaka kugirwa inama ku mazi yo kunywa.
"Mumbabarire, ndashaka kubabwira ikibazo mfite. Mfite igisebe ku kirenge kidakira kandi mfite diyabete. Mfasha muganga.",kinyarwanda,URGENT,chronic_care,kinyarwanda->kinyarwanda:URGENT:chronic_care,Mfite igisebe ku kirenge kidakira kandi mfite diyabete.,Mfite igisebe ku kirenge kidakira kandi mfite diyabete.
"Muraho, ndashaka kugirwa inama ku mazi yo kunywa kandi birushaho kuba bibi. Mfasha muganga.",kinyarwanda,ROUTINE,preventive,kinyarwanda->kinyarwanda:ROUTINE:preventive,Ndashaka kugirwa inama ku mazi yo kunywa.,Ndashaka kugirwa inama ku mazi yo kunywa.
"Mumbabarire, ndashaka kubabwira ikibazo mfite. Umuturanyi wanjye yabyimbye ibirenge kandi ntashobora guhumeka neza iyo aragaramye kuva mu cyumweru gishize kandi sinshobora gusinzira. Ni imiti ki nafata?",kinyarwanda,URGENT,chronic_care,kinyarwanda->kinyarwanda:URGENT:chronic_care,{REL} yabyimbye ibirenge kandi ntashobora guhumeka neza iyo aragaramye.,Nabyimbye ibirenge kandi sinshobora guhumeka neza iyo ndagaramye.
"Mfasha, mushiki wanjye nta miti ya SIDA afite kuva ubu gitondo cya kare bikarushaho nijoro. Urakoze.",kinyarwanda,URGENT,chronic_care,kinyarwanda->kinyarwanda:URGENT:chronic_care,{REL} nta miti ya SIDA afite.,Nta miti ya SIDA mfite.
Maze umunsi wose mbabara ngerageza kubyara ariko umwana ntarasohoka kuva ejo. Byatangiye gitunguranye. Ntegereze cyangwa nsuzumwe ubu?,kinyarwanda,CRITICAL,obstetric,kinyarwanda->kinyarwanda:CRITICAL:obstetric,Maze umunsi wose mbabara ngerageza kubyara ariko umwana ntarasohoka.,Maze umunsi wose mbabara ngerageza kubyara ariko umwana ntarasohoka.
Mu rugo hari umuntu urwaye igituntu kandi ndashaka kwisuzumisha kuva hashize iminsi itatu. Abandi bana na bo bafite iki kibazo. Naje mvuye kure.,kinyarwanda,URGENT,preventive,kinyarwanda->kinyarwanda:URGENT:preventive,Mu rugo hari umuntu urwaye igituntu kandi ndashaka kwisuzumisha.,Mu rugo hari umuntu urwaye igituntu kandi ndashaka kwisuzumisha.
"Nyabuneka, iyo umugore wanjye ahumetse cyane, arumva mu gituza hamubabaza kuva mu masaha abiri ashize bikarushaho nijoro. Nkora iki?",kinyarwanda,URGENT,cardiac_respiratory,kinyarwanda->kinyarwanda:URGENT:cardiac_respiratory,"Iyo {REL} ahumetse cyane, arumva mu gituza hamubabaza.","Iyo {REL} ahumetse cyane, arumva mu gituza hamubabaza."
"Simbizi niba bikomeye ariko, ndatwite kandi nagagaye kuva ijoro ryashize. Byatangiye gitunguranye. Mfasha muganga.",kinyarwanda,CRITICAL,obstetric,kinyarwanda->kinyarwanda:CRITICAL:obstetric,Ndatwite kandi nagagaye.,Ndatwite kandi nagagaye.
"Mfasha vuba, papa afite impiswi zikomeye kandi yagize umwuma kuva ubu gitondo cya kare kandi sinshobora gusinzira. Ni imiti ki nafata?",kinyarwanda,CRITICAL,gastrointestinal,kinyarwanda->kinyarwanda:CRITICAL:gastrointestinal,{REL} afite impiswi zikomeye kandi yagize umwuma.,{REL} afite impiswi zikomeye kandi yagize umwuma.
"Muraho, umwana wanjye ahumeka bimugora cyane kandi iminwa ye yahindutse ibara kuva ejo nta miti imfasha. Mfasha muganga.",kinyarwanda,CRITICAL,cardiac_respiratory,kinyarwanda->kinyarwanda:CRITICAL:cardiac_respiratory,{REL} ahumeka bimugora cyane kandi iminwa ye yahindutse ibara.,guhumeka birangora cyane kandi iminwa yanjye yahindutse ibara
"Mfasha vuba, maze iminsi itatu ndwaye impiswi zikomeye kuva mu masaha abiri ashize biragenda bikagaruka. Ntegereze cyangwa nsuzumwe ubu?",kinyarwanda,URGENT,gastrointestinal,kinyarwanda->kinyarwanda:URGENT:gastrointestinal,maze iminsi itatu ndwaye impiswi zikomeye,maze iminsi itatu ndwaye impiswi zikomeye
"Ndakeneye ubufasha, maze umunsi wose mbabara ngerageza kubyara ariko umwana ntarasohoka kuva hashize icyumweru nta miti imfasha. Ntabasha kubona amafaranga yo kongera kuza kwa muganga.",kinyarwanda,CRITICAL,obstetric,kinyarwanda->kinyarwanda:CRITICAL:obstetric,Maze umunsi wose mbabara ngerageza kubyara ariko umwana ntarasohoka.,Maze umunsi wose mbabara ngerageza kubyara ariko umwana ntarasohoka.
"Naje hano mbere, umugore wanjye afite gahunda yo gukingiza umwana kuva ubu gitondo cya kare bikarushaho nijoro. Murakoze.",kinyarwanda,ROUTINE,preventive,kinyarwanda->kinyarwanda:ROUTINE:preventive,{REL} afite gahunda yo gukingiza umwana.,Mfite gahunda yo gukingiza umwana.
"Mfasha vuba, umuturanyi wanjye afite igisebe ku kirenge kidakira kandi afite diyabete kuva hashize iminsi ibiri bikarushaho nijoro. Nkora iki?",kinyarwanda,URGENT,chronic_care,kinyarwanda->kinyarwanda:URGENT:chronic_care,{REL} afite igisebe ku kirenge kidakira kandi afite diyabete.,Mfite igisebe ku kirenge kidakira kandi mfite diyabete.
"Mfasha vuba, maze umunsi wose mbabara ngerageza kubyara ariko umwana ntarasohoka kuva mu cyumweru gishize. Byatangiye gitunguranye. Ntegereze cyangwa nsuzumwe ubu?",kinyarwanda,CRITICAL,obstetric,kinyarwanda->kinyarwanda:CRITICAL:obstetric,Maze umunsi wose mbabara ngerageza kubyara ariko umwana ntarasohoka.,Maze umunsi wose mbabara ngerageza kubyara ariko umwana ntarasohoka.
"Muraho, umwana wanjye nta miti ya SIDA afite kuva hashize icyumweru. Byatangiye gitunguranye. Naje mvuye kure.",kinyarwanda,URGENT,chronic_care,kinyarwanda->kinyarwanda:URGENT:chronic_care,{REL} nta miti ya SIDA afite.,Nta miti ya SIDA mfite.
"Mumbabarire, ndashaka kubabwira ikibazo mfite. Mushiki wanjye afite impiswi zikomeye kandi yagize umwuma kuva hashize iminsi itatu kandi birushaho kuba bibi. Ese ibi birakomeye?",kinyarwanda,CRITICAL,gastrointestinal,kinyarwanda->kinyarwanda:CRITICAL:gastrointestinal,{REL} afite impiswi zikomeye kandi yagize umwuma.,{REL} afite impiswi zikomeye kandi yagize umwuma.
Ndashaka kukubwira ikibazo mfite. Mfite ikibazo ku mutwe kandi kirimo guterwa n'urumuri kuva ejo kandi birushaho kuba bibi. Ntabasha kubona amafaranga yo kongera kuza kwa muganga.,kinyarwanda,URGENT,neurological,kinyarwanda->kinyarwanda:URGENT:neurological,Mfite ikibazo ku mutwe kandi kirimo guterwa n'urumuri.,Mfite ikibazo ku mutwe kandi kirimo guterwa n'urumuri.
"Ndakeneye ubufasha, maze umunsi wose mbabara ngerageza kubyara ariko umwana ntarasohoka kuva ejo. Byatangiye gitunguranye. Ntabasha kubona amafaranga yo kongera kuza kwa muganga.",kinyarwanda,CRITICAL,obstetric,kinyarwanda->kinyarwanda:CRITICAL:obstetric,Maze umunsi wose mbabara ngerageza kubyara ariko umwana ntarasohoka.,Maze umunsi wose mbabara ngerageza kubyara ariko umwana ntarasohoka.
"Naje hano mbere, mu rugo hari umuntu urwaye igituntu kandi umwana wanjye ashaka kwisuzumisha kuva hashize iminsi ibiri kandi nta miti mfite. Ni imiti ki nafata?",kinyarwanda,URGENT,preventive,kinyarwanda->kinyarwanda:URGENT:preventive,Mu rugo hari umuntu urwaye igituntu kandi {REL} ashaka kwisuzumisha.,Mu rugo hari umuntu urwaye igituntu kandi ndashaka kwisuzumisha.
Umugabo wanjye nta miti ya SIDA afite kuva ijoro ryashize. Byatangiye gitunguranye.,kinyarwanda,URGENT,chronic_care,kinyarwanda->kinyarwanda:URGENT:chronic_care,{REL} nta miti ya SIDA afite.,Nta miti ya SIDA mfite.
Papa nta miti ya SIDA afite kuva mu masaha abiri ashize nta miti imfasha. Ese ibi birakomeye?,kinyarwanda,URGENT,chronic_care,kinyarwanda->kinyarwanda:URGENT:chronic_care,{REL} nta miti ya SIDA afite.,Nta miti ya SIDA mfite.
"Naje hano mbere, umwana wanjye nta miti ya SIDA afite nta miti imfasha. Urakoze.",kinyarwanda,URGENT,chronic_care,kinyarwanda->kinyarwanda:URGENT:chronic_care,{REL} nta miti ya SIDA afite.,Nta miti ya SIDA mfite.
"Naje hano mbere, iyo mama ahumetse cyane, arumva mu gituza hamubabaza kuva mu masaha abiri ashize bikarushaho nijoro. Ni imiti ki nafata?",kinyarwanda,URGENT,cardiac_respiratory,kinyarwanda->kinyarwanda:URGENT:cardiac_respiratory,"Iyo {REL} ahumetse cyane, arumva mu gituza hamubabaza.","Iyo {REL} ahumetse cyane, arumva mu gituza hamubabaza."
"Naje hano mbere, mama afite ibimenyetso bya malariya, umuriro n'imbeho kuva mu cyumweru gishize. Abandi bana na bo bafite iki kibazo. Urakoze.",kinyarwanda,URGENT,infectious_fever,kinyarwanda->kinyarwanda:URGENT:infectious_fever,"{REL} afite ibimenyetso bya malariya, umuriro n'imbeho.","Mfite ibimenyetso bya malariya, umuriro n'imbeho."
Ndashaka kukubwira ikibazo mfite. Umuturanyi wanjye ari kubyara ariko umugozi w'umwana wabanje gusohoka kuva hashize icyumweru kandi ndahangayitse. Ese ibi birakomeye?,kinyarwanda,CRITICAL,obstetric,kinyarwanda->kinyarwanda:CRITICAL:obstetric,{REL} ari kubyara ariko umugozi w'umwana wabanje gusohoka.,Ndabyara ariko habanje gusohoka umugozi w'umwana.
Papa nta miti ya SIDA afite kuva ejo. Abandi bana na bo bafite iki kibazo. Ntegereze cyangwa nsuzumwe ubu?,kinyarwanda,URGENT,chronic_care,kinyarwanda->kinyarwanda:URGENT:chronic_care,{REL} nta miti ya SIDA afite.,Nta miti ya SIDA mfite.
"Muraho, mfite ikibazo ku mutwe kandi kirimo guterwa n'urumuri biragenda bikagaruka. Mfasha muganga.",kinyarwanda,URGENT,neurological,kinyarwanda->kinyarwanda:URGENT:neurological,Mfite ikibazo ku mutwe kandi kirimo guterwa n'urumuri.,Mfite ikibazo ku mutwe kandi kirimo guterwa n'urumuri.
"Mfasha vuba, umugore wanjye nta miti ya SIDA afite kuva hashize icyumweru biragenda bikagaruka",kinyarwanda,URGENT,chronic_care,kinyarwanda->kinyarwanda:URGENT:chronic_care,{REL} nta miti ya SIDA afite.,Nta miti ya SIDA mfite.
"Nzanye umwana wanjye, papa afite igisebe ku kirenge kidakira kandi afite diyabete kuva hashize iminsi ibiri kandi ndahangayitse",kinyarwanda,URGENT,chronic_care,kinyarwanda->kinyarwanda:URGENT:chronic_care,{REL} afite igisebe ku kirenge kidakira kandi afite diyabete.,Mfite igisebe ku kirenge kidakira kandi mfite diyabete.
"Simbizi niba bikomeye ariko, mama afite gahunda yo gukingiza umwana kuva mu gitondo kandi ndahangayitse. Ni imiti ki nafata?",kinyarwanda,ROUTINE,preventive,kinyarwanda->kinyarwanda:ROUTINE:preventive,{REL} afite gahunda yo gukingiza umwana.,Mfite gahunda yo gukingiza umwana.
"Nyabuneka, umugore wanjye yabyimbye ibirenge kandi ntashobora guhumeka neza iyo aragaramye kuva ijoro ryashize. Ese ibi birakomeye?",kinyarwanda,URGENT,chronic_care,kinyarwanda->kinyarwanda:URGENT:chronic_care,{REL} yabyimbye ibirenge kandi ntashobora guhumeka neza iyo aragaramye.,Nabyimbye ibirenge kandi sinshobora guhumeka neza iyo ndagaramye.
"Ndakeneye ubufasha, mama arababara cyane mu nda kandi ububabare ntibuhagarara kuva mu cyumweru gishize nta miti imfasha. Mfasha muganga.",kinyarwanda,URGENT,gastrointestinal,kinyarwanda->kinyarwanda:URGENT:gastrointestinal,{REL} arababara cyane mu nda kandi ububabare ntibuhagarara.,Inda irandya cyane kandi ububabare ntibuhagarara.
"Mfasha, umuturanyi wanjye arababara cyane mu nda kandi ububabare ntibuhagarara kuva mu cyumweru gishize. Byatangiye gitunguranye. Ni imiti ki nafata?",kinyarwanda,URGENT,gastrointestinal,kinyarwanda->kinyarwanda:URGENT:gastrointestinal,{REL} arababara cyane mu nda kandi ububabare ntibuhagarara.,Inda irandya cyane kandi ububabare ntibuhagarara.
"Mfasha vuba, ndatwite kandi nagagaye kandi nta miti mfite. Ntegereze cyangwa nsuzumwe ubu?",kinyarwanda,CRITICAL,obstetric,kinyarwanda->kinyarwanda:CRITICAL:obstetric,Ndatwite kandi nagagaye.,Ndatwite kandi nagagaye.
"Muganga, mfite igisebe ku kirenge kidakira kandi mfite diyabete kuva mu gitondo bikarushaho nijoro",kinyarwanda,URGENT,chronic_care,kinyarwanda->kinyarwanda:URGENT:chronic_care,Mfite igisebe ku kirenge kidakira kandi mfite diyabete.,Mfite igisebe ku kirenge kidakira kandi mfite diyabete.
"Simbizi niba bikomeye ariko, ndashaka kugirwa inama ku mazi yo kunywa kuva hashize icyumweru kandi ndahangayitse",kinyarwanda,ROUTINE,preventive,kinyarwanda->kinyarwanda:ROUTINE:preventive,Ndashaka kugirwa inama ku mazi yo kunywa.,Ndashaka kugirwa inama ku mazi yo kunywa.
"Muganga, umukecuru nta miti ya SIDA afite kuva mu masaha abiri ashize kandi ndahangayitse. Urakoze.",kinyarwanda,URGENT,chronic_care,kinyarwanda->kinyarwanda:URGENT:chronic_care,{REL} nta miti ya SIDA afite.,Nta miti ya SIDA mfite.
Ndashaka kugirwa inama ku mazi yo kunywa kuva hashize iminsi ibiri bikarushaho nijoro. Mfasha muganga.,kinyarwanda,ROUTINE,preventive,kinyarwanda->kinyarwanda:ROUTINE:preventive,Ndashaka kugirwa inama ku mazi yo kunywa.,Ndashaka kugirwa inama ku mazi yo kunywa.
"Naje hano mbere, umugore wanjye ari kubyara ariko umugozi w'umwana wabanje gusohoka kuva hashize iminsi ibiri bikarushaho nijoro. Nkora iki?",kinyarwanda,CRITICAL,obstetric,kinyarwanda->kinyarwanda:CRITICAL:obstetric,{REL} ari kubyara ariko umugozi w'umwana wabanje gusohoka.,Ndabyara ariko habanje gusohoka umugozi w'umwana.
"Mfasha, iyo mama ahumetse cyane, arumva mu gituza hamubabaza kuva ejo. Ntegereze cyangwa nsuzumwe ubu?",kinyarwanda,URGENT,cardiac_respiratory,kinyarwanda->kinyarwanda:URGENT:cardiac_respiratory,"Iyo {REL} ahumetse cyane, arumva mu gituza hamubabaza.","Iyo {REL} ahumetse cyane, arumva mu gituza hamubabaza."
"Naje hano mbere, mu rugo hari umuntu urwaye igituntu kandi ndashaka kwisuzumisha kuva mu cyumweru gishize kandi sinshobora gusinzira. Murakoze.",kinyarwanda,URGENT,preventive,kinyarwanda->kinyarwanda:URGENT:preventive,Mu rugo hari umuntu urwaye igituntu kandi ndashaka kwisuzumisha.,Mu rugo hari umuntu urwaye igituntu kandi ndashaka kwisuzumisha.
"Simbizi niba bikomeye ariko, mu rugo hari umuntu urwaye igituntu kandi umugore wanjye ashaka kwisuzumisha kuva mu gitondo nta miti imfasha. Ntegereze cyangwa nsuzumwe ubu?",kinyarwanda,URGENT,preventive,kinyarwanda->kinyarwanda:URGENT:preventive,Mu rugo hari umuntu urwaye igituntu kandi {REL} ashaka kwisuzumisha.,Mu rugo hari umuntu urwaye igituntu kandi ndashaka kwisuzumisha.
"Simbizi niba bikomeye ariko, mfite umuhaha kuva ejo. Nkora iki?",kinyarwanda,URGENT,paediatric,kinyarwanda->kinyarwanda:URGENT:paediatric,Mfite umuhaha.,Mfite umuhaha.
"Nzanye umwana wanjye, mushiki wanjye ari kubyara ariko umugozi w'umwana wabanje gusohoka kuva mu cyumweru gishize. Abandi bana na bo bafite iki kibazo. Ni imiti ki nafata?",kinyarwanda,CRITICAL,obstetric,kinyarwanda->kinyarwanda:CRITICAL:obstetric,{REL} ari kubyara ariko umugozi w'umwana wabanje gusohoka.,Ndabyara ariko habanje gusohoka umugozi w'umwana.
"Mfasha, mfite igisebe ku kirenge kidakira kandi mfite diyabete kuva hashize iminsi itatu kandi sinshobora gusinzira. Naje mvuye kure.",kinyarwanda,URGENT,chronic_care,kinyarwanda->kinyarwanda:URGENT:chronic_care,Mfite igisebe ku kirenge kidakira kandi mfite diyabete.,Mfite igisebe ku kirenge kidakira kandi mfite diyabete.
Ndatwite kandi nagagaye kuva ijoro ryashize biragenda bikagaruka. Ni imiti ki nafata?,kinyarwanda,CRITICAL,obstetric,kinyarwanda->kinyarwanda:CRITICAL:obstetric,Ndatwite kandi nagagaye.,Ndatwite kandi nagagaye.
"Muganga, umugore wanjye arababara cyane mu nda kandi ububabare ntibuhagarara kuva hashize icyumweru bikarushaho nijoro. Mfasha muganga.",kinyarwanda,URGENT,gastrointestinal,kinyarwanda->kinyarwanda:URGENT:gastrointestinal,{REL} arababara cyane mu nda kandi ububabare ntibuhagarara.,Inda irandya cyane kandi ububabare ntibuhagarara.
Mfite umuhaha kuva ijoro ryashize bikarushaho nijoro. Ntabasha kubona amafaranga yo kongera kuza kwa muganga.,kinyarwanda,URGENT,paediatric,kinyarwanda->kinyarwanda:URGENT:paediatric,Mfite umuhaha.,Mfite umuhaha.
"Muganga, ndashaka kugirwa inama ku mazi yo kunywa kuva ejo nta miti imfasha. Ntegereze cyangwa nsuzumwe ubu?",kinyarwanda,ROUTINE,preventive,kinyarwanda->kinyarwanda:ROUTINE:preventive,Ndashaka kugirwa inama ku mazi yo kunywa.,Ndashaka kugirwa inama ku mazi yo kunywa.
"Mfasha vuba, umugore wanjye afite gahunda yo gukingiza umwana kandi birushaho kuba bibi. Ese ibi birakomeye?",kinyarwanda,ROUTINE,preventive,kinyarwanda->kinyarwanda:ROUTINE:preventive,{REL} afite gahunda yo gukingiza umwana.,Mfite gahunda yo gukingiza umwana.
"Nyabuneka, umugore wanjye ari kubyara ariko umugozi w'umwana wabanje gusohoka kuva ubu gitondo cya kare kandi ndahangayitse. Ndakeneye ubufasha vuba.",kinyarwanda,CRITICAL,obstetric,kinyarwanda->kinyarwanda:CRITICAL:obstetric,{REL} ari kubyara ariko umugozi w'umwana wabanje gusohoka.,Ndabyara ariko habanje gusohoka umugozi w'umwana.
"Muganga, papa ahumeka bimugora cyane kandi iminwa ye yahindutse ibara. Abandi bana na bo bafite iki kibazo. Ese ibi birakomeye?",kinyarwanda,CRITICAL,cardiac_respiratory,kinyarwanda->kinyarwanda:CRITICAL:cardiac_respiratory,{REL} ahumeka bimugora cyane kandi iminwa ye yahindutse ibara.,guhumeka birangora cyane kandi iminwa yanjye yahindutse ibara
"Simbizi niba bikomeye ariko, mushiki wanjye afite impiswi zikomeye kandi yagize umwuma kuva ejo kandi nta miti mfite. Ndakeneye ubufasha vuba.",kinyarwanda,CRITICAL,gastrointestinal,kinyarwanda->kinyarwanda:CRITICAL:gastrointestinal,{REL} afite impiswi zikomeye kandi yagize umwuma.,{REL} afite impiswi zikomeye kandi yagize umwuma.
"Mfasha vuba, maze umunsi wose mbabara ngerageza kubyara ariko umwana ntarasohoka kuva ijoro ryashize kandi sinshobora gusinzira. Naje mvuye kure.",kinyarwanda,CRITICAL,obstetric,kinyarwanda->kinyarwanda:CRITICAL:obstetric,Maze umunsi wose mbabara ngerageza kubyara ariko umwana ntarasohoka.,Maze umunsi wose mbabara ngerageza kubyara ariko umwana ntarasohoka.
"Mumbabarire, ndashaka kubabwira ikibazo mfite. Mfite umuhaha kuva ijoro ryashize bikarushaho nijoro. Urakoze.",kinyarwanda,URGENT,paediatric,kinyarwanda->kinyarwanda:URGENT:paediatric,Mfite umuhaha.,Mfite umuhaha.
"Muraho, umugore wanjye afite impiswi zikomeye kandi yagize umwuma kuva mu gitondo. Byatangiye gitunguranye. Naje mvuye kure.",kinyarwanda,CRITICAL,gastrointestinal,kinyarwanda->kinyarwanda:CRITICAL:gastrointestinal,{REL} afite impiswi zikomeye kandi yagize umwuma.,{REL} afite impiswi zikomeye kandi yagize umwuma.
"Muraho, mfite umuhaha kuva ubu gitondo cya kare kandi sinshobora gusinzira. Ese ibi birakomeye?",kinyarwanda,URGENT,paediatric,kinyarwanda->kinyarwanda:URGENT:paediatric,Mfite umuhaha.,Mfite umuhaha.
"Simbizi niba bikomeye ariko, umuvuduko w'amaraso wanjye wazamutse cyane kandi umutwe urandya cyane kuva hashize iminsi ibiri kandi sinshobora gusinzira. Ese ibi birakomeye?",kinyarwanda,URGENT,chronic_care,kinyarwanda->kinyarwanda:URGENT:chronic_care,Umuvuduko w'amaraso wanjye wazamutse cyane kandi umutwe urandya cyane.,Umuvuduko w'amaraso wanjye wazamutse cyane kandi umutwe urandya cyane.
"Mfasha, maze umunsi wose mbabara ngerageza kubyara ariko umwana ntarasohoka kuva mu cyumweru gishize kandi ndahangayitse. Ni imiti ki nafata?",kinyarwanda,CRITICAL,obstetric,kinyarwanda->kinyarwanda:CRITICAL:obstetric,Maze umunsi wose mbabara ngerageza kubyara ariko umwana ntarasohoka.,Maze umunsi wose mbabara ngerageza kubyara ariko umwana ntarasohoka.
Ndashaka kukubwira ikibazo mfite. Umugabo wanjye nta miti ya SIDA afite kuva hashize icyumweru kandi ndahangayitse. Urakoze.,kinyarwanda,URGENT,chronic_care,kinyarwanda->kinyarwanda:URGENT:chronic_care,{REL} nta miti ya SIDA afite.,Nta miti ya SIDA mfite.
"Naje hano mbere, mama yabyimbye ibirenge kandi ntashobora guhumeka neza iyo aragaramye kuva ijoro ryashize biragenda bikagaruka. Ni imiti ki nafata?",kinyarwanda,URGENT,chronic_care,kinyarwanda->kinyarwanda:URGENT:chronic_care,{REL} yabyimbye ibirenge kandi ntashobora guhumeka neza iyo aragaramye.,Nabyimbye ibirenge kandi sinshobora guhumeka neza iyo ndagaramye.
"Mfasha vuba, umuturanyi wanjye afite impiswi zikomeye kandi yagize umwuma kuva mu masaha abiri ashize kandi ndahangayitse. Ndakeneye ubufasha vuba.",kinyarwanda,CRITICAL,gastrointestinal,kinyarwanda->kinyarwanda:CRITICAL:gastrointestinal,{REL} afite impiswi zikomeye kandi yagize umwuma.,{REL} afite impiswi zikomeye kandi yagize umwuma.
"Muraho, ndatwite kandi nagagaye kuva ejo biragenda bikagaruka. Nkora iki?",kinyarwanda,CRITICAL,obstetric,kinyarwanda->kinyarwanda:CRITICAL:obstetric,Ndatwite kandi nagagaye.,Ndatwite kandi nagagaye.
Umukecuru afite gahunda yo gukingiza umwana kuva ejo kandi ndahangayitse. Murakoze.,kinyarwanda,ROUTINE,preventive,kinyarwanda->kinyarwanda:ROUTINE:preventive,{REL} afite gahunda yo gukingiza umwana.,Mfite gahunda yo gukingiza umwana.
"Mumbabarire, ndashaka kubabwira ikibazo mfite. Iyo umugore wanjye ahumetse cyane, arumva mu gituza hamubabaza kuva ubu gitondo cya kare. Nkora iki?",kinyarwanda,URGENT,cardiac_respiratory,kinyarwanda->kinyarwanda:URGENT:cardiac_respiratory,"Iyo {REL} ahumetse cyane, arumva mu gituza hamubabaza.","Iyo {REL} ahumetse cyane, arumva mu gituza hamubabaza."
"Ndakeneye ubufasha, mu rugo hari umuntu urwaye igituntu kandi ndashaka kwisuzumisha kuva mu gitondo. Byatangiye gitunguranye. Ntegereze cyangwa nsuzumwe ubu?",kinyarwanda,URGENT,preventive,kinyarwanda->kinyarwanda:URGENT:preventive,Mu rugo hari umuntu urwaye igituntu kandi ndashaka kwisuzumisha.,Mu rugo hari umuntu urwaye igituntu kandi ndashaka kwisuzumisha.
"Nzanye umwana wanjye, umuvuduko w'amaraso wanjye wazamutse cyane kandi umutwe urandya cyane kuva ejo bikarushaho nijoro. Mfasha muganga.",kinyarwanda,URGENT,chronic_care,kinyarwanda->kinyarwanda:URGENT:chronic_care,Umuvuduko w'amaraso wanjye wazamutse cyane kandi umutwe urandya cyane.,Umuvuduko w'amaraso wanjye wazamutse cyane kandi umutwe urandya cyane.
Mfite ikibazo ku mutwe kandi kirimo guterwa n'urumuri kuva mu masaha abiri ashize kandi birushaho kuba bibi. Ndakeneye ubufasha vuba.,kinyarwanda,URGENT,neurological,kinyarwanda->kinyarwanda:URGENT:neurological,Mfite ikibazo ku mutwe kandi kirimo guterwa n'urumuri.,Mfite ikibazo ku mutwe kandi kirimo guterwa n'urumuri.
"Iyo umugore wanjye ahumetse cyane, arumva mu gituza hamubabaza kuva ijoro ryashize",kinyarwanda,URGENT,cardiac_respiratory,kinyarwanda->kinyarwanda:URGENT:cardiac_respiratory,"Iyo {REL} ahumetse cyane, arumva mu gituza hamubabaza.","Iyo {REL} ahumetse cyane, arumva mu gituza hamubabaza."
"Simbizi niba bikomeye ariko, ndatwite kandi nagagaye kuva ejo kandi nta miti mfite",kinyarwanda,CRITICAL,obstetric,kinyarwanda->kinyarwanda:CRITICAL:obstetric,Ndatwite kandi nagagaye.,Ndatwite kandi nagagaye.
"Nzanye umwana wanjye, mu rugo hari umuntu urwaye igituntu kandi mushiki wanjye ashaka kwisuzumisha kuva mu gitondo. Abandi bana na bo bafite iki kibazo. Ese ibi birakomeye?",kinyarwanda,URGENT,preventive,kinyarwanda->kinyarwanda:URGENT:preventive,Mu rugo hari umuntu urwaye igituntu kandi {REL} ashaka kwisuzumisha.,Mu rugo hari umuntu urwaye igituntu kandi ndashaka kwisuzumisha.
"Mfasha vuba, maze iminsi itatu ndwaye impiswi zikomeye kandi ndahangayitse. Ese ibi birakomeye?",kinyarwanda,URGENT,gastrointestinal,kinyarwanda->kinyarwanda:URGENT:gastrointestinal,maze iminsi itatu ndwaye impiswi zikomeye,maze iminsi itatu ndwaye impiswi zikomeye
Ndashaka kukubwira ikibazo mfite. Ndatwite kandi nagagaye kuva ubu gitondo cya kare bikarushaho nijoro. Ndakeneye ubufasha vuba.,kinyarwanda,CRITICAL,obstetric,kinyarwanda->kinyarwanda:CRITICAL:obstetric,Ndatwite kandi nagagaye.,Ndatwite kandi nagagaye.
"Simbizi niba bikomeye ariko, mu rugo hari umuntu urwaye igituntu kandi umuturanyi wanjye ashaka kwisuzumisha kuva hashize iminsi itatu nta miti imfasha. Ndakeneye ubufasha vuba.",kinyarwanda,URGENT,preventive,kinyarwanda->kinyarwanda:URGENT:preventive,Mu rugo hari umuntu urwaye igituntu kandi {REL} ashaka kwisuzumisha.,Mu rugo hari umuntu urwaye igituntu kandi ndashaka kwisuzumisha.
Mama afite igisebe ku kirenge kidakira kandi afite diyabete. Byatangiye gitunguranye.,kinyarwanda,URGENT,chronic_care,kinyarwanda->kinyarwanda:URGENT:chronic_care,{REL} afite igisebe ku kirenge kidakira kandi afite diyabete.,Mfite igisebe ku kirenge kidakira kandi mfite diyabete.
"Ndakeneye ubufasha, iyo umugore wanjye ahumetse cyane, arumva mu gituza hamubabaza kuva hashize icyumweru. Abandi bana na bo bafite iki kibazo. Urakoze.",kinyarwanda,URGENT,cardiac_respiratory,kinyarwanda->kinyarwanda:URGENT:cardiac_respiratory,"Iyo {REL} ahumetse cyane, arumva mu gituza hamubabaza.","Iyo {REL} ahumetse cyane, arumva mu gituza hamubabaza."
"Mfasha, maze iminsi itatu ndwaye impiswi zikomeye kuva mu masaha abiri ashize",kinyarwanda,URGENT,gastrointestinal,kinyarwanda->kinyarwanda:URGENT:gastrointestinal,maze iminsi itatu ndwaye impiswi zikomeye,maze iminsi itatu ndwaye impiswi zikomeye
"Simbizi niba bikomeye ariko, ndatwite kandi nagagaye kuva ubu gitondo cya kare kandi ndahangayitse. Ntabasha kubona amafaranga yo kongera kuza kwa muganga.",kinyarwanda,CRITICAL,obstetric,kinyarwanda->kinyarwanda:CRITICAL:obstetric,Ndatwite kandi nagagaye.,Ndatwite kandi nagagaye.
"Mfasha vuba, umugabo wanjye afite igisebe ku kirenge kidakira kandi afite diyabete kuva ubu gitondo cya kare. Abandi bana na bo bafite iki kibazo. Mfasha muganga.",kinyarwanda,URGENT,chronic_care,kinyarwanda->kinyarwanda:URGENT:chronic_care,{REL} afite igisebe ku kirenge kidakira kandi afite diyabete.,Mfite igisebe ku kirenge kidakira kandi mfite diyabete.
"Muganga, ndashaka kugirwa inama ku mazi yo kunywa kuva hashize iminsi itatu kandi ndahangayitse. Ese ibi birakomeye?",kinyarwanda,ROUTINE,preventive,kinyarwanda->kinyarwanda:ROUTINE:preventive,Ndashaka kugirwa inama ku mazi yo kunywa.,Ndashaka kugirwa inama ku mazi yo kunywa.
"Muganga, mushiki wanjye ahumeka bimugora cyane kandi iminwa ye yahindutse ibara kuva hashize iminsi ibiri kandi sinshobora gusinzira. Ni imiti ki nafata?",kinyarwanda,CRITICAL,cardiac_respiratory,kinyarwanda->kinyarwanda:CRITICAL:cardiac_respiratory,{REL} ahumeka bimugora cyane kandi iminwa ye yahindutse ibara.,guhumeka birangora cyane kandi iminwa yanjye yahindutse ibara
Umuturanyi wanjye afite impiswi zikomeye kandi yagize umwuma kuva mu gitondo bikarushaho nijoro,kinyarwanda,CRITICAL,gastrointestinal,kinyarwanda->kinyarwanda:CRITICAL:gastrointestinal,{REL} afite impiswi zikomeye kandi yagize umwuma.,{REL} afite impiswi zikomeye kandi yagize umwuma.
"Mfasha, mfite igisebe ku kirenge kidakira kandi mfite diyabete kuva hashize iminsi itatu bikarushaho nijoro. Ndakeneye ubufasha vuba.",kinyarwanda,URGENT,chronic_care,kinyarwanda->kinyarwanda:URGENT:chronic_care,Mfite igisebe ku kirenge kidakira kandi mfite diyabete.,Mfite igisebe ku kirenge kidakira kandi mfite diyabete.
Umuvuduko w'amaraso wanjye wazamutse cyane kandi umutwe urandya cyane kuva hashize iminsi itatu kandi nta miti mfite. Urakoze.,kinyarwanda,URGENT,chronic_care,kinyarwanda->kinyarwanda:URGENT:chronic_care,Umuvuduko w'amaraso wanjye wazamutse cyane kandi umutwe urandya cyane.,Umuvuduko w'amaraso wanjye wazamutse cyane kandi umutwe urandya cyane.
"Ndakeneye ubufasha, umuvuduko w'amaraso wanjye wazamutse cyane kandi umutwe urandya cyane kuva ijoro ryashize. Abandi bana na bo bafite iki kibazo. Naje mvuye kure.",kinyarwanda,URGENT,chronic_care,kinyarwanda->kinyarwanda:URGENT:chronic_care,Umuvuduko w'amaraso wanjye wazamutse cyane kandi umutwe urandya cyane.,Umuvuduko w'amaraso wanjye wazamutse cyane kandi umutwe urandya cyane.
"Mumbabarire, ndashaka kubabwira ikibazo mfite. Maze iminsi itatu ndwaye impiswi zikomeye kuva mu cyumweru gishize nta miti imfasha. Ntegereze cyangwa nsuzumwe ubu?",kinyarwanda,URGENT,gastrointestinal,kinyarwanda->kinyarwanda:URGENT:gastrointestinal,maze iminsi itatu ndwaye impiswi zikomeye,maze iminsi itatu ndwaye impiswi zikomeye
"Muganga, mushiki wanjye afite igisebe ku kirenge kidakira kandi afite diyabete kuva hashize icyumweru bikarushaho nijoro. Murakoze.",kinyarwanda,URGENT,chronic_care,kinyarwanda->kinyarwanda:URGENT:chronic_care,{REL} afite igisebe ku kirenge kidakira kandi afite diyabete.,Mfite igisebe ku kirenge kidakira kandi mfite diyabete.
Umuturanyi wanjye afite gahunda yo gukingiza umwana kuva mu masaha abiri ashize kandi nta miti mfite. Ndakeneye ubufasha vuba.,kinyarwanda,ROUTINE,preventive,kinyarwanda->kinyarwanda:ROUTINE:preventive,{REL} afite gahunda yo gukingiza umwana.,Mfite gahunda yo gukingiza umwana.
"Nzanye umwana wanjye, umwana wanjye nta miti ya SIDA afite kuva mu masaha abiri ashize nta miti imfasha. Ndakeneye ubufasha vuba.",kinyarwanda,URGENT,chronic_care,kinyarwanda->kinyarwanda:URGENT:chronic_care,{REL} nta miti ya SIDA afite.,Nta miti ya SIDA mfite.
"Nzanye umwana wanjye, umugore wanjye afite ibimenyetso bya malariya, umuriro n'imbeho kuva mu masaha abiri ashize bikarushaho nijoro. Murakoze.",kinyarwanda,URGENT,infectious_fever,kinyarwanda->kinyarwanda:URGENT:infectious_fever,"{REL} afite ibimenyetso bya malariya, umuriro n'imbeho.","Mfite ibimenyetso bya malariya, umuriro n'imbeho."
Ndashaka kukubwira ikibazo mfite. Maze umunsi wose mbabara ngerageza kubyara ariko umwana ntarasohoka kuva ubu gitondo cya kare kandi nta miti mfite. Mfasha muganga.,kinyarwanda,CRITICAL,obstetric,kinyarwanda->kinyarwanda:CRITICAL:obstetric,Maze umunsi wose mbabara ngerageza kubyara ariko umwana ntarasohoka.,Maze umunsi wose mbabara ngerageza kubyara ariko umwana ntarasohoka.
"Naje hano mbere, umukecuru ahumeka bimugora cyane kandi iminwa ye yahindutse ibara kuva mu masaha abiri ashize biragenda bikagaruka. Ntegereze cyangwa nsuzumwe ubu?",kinyarwanda,CRITICAL,cardiac_respiratory,kinyarwanda->kinyarwanda:CRITICAL:cardiac_respiratory,{REL} ahumeka bimugora cyane kandi iminwa ye yahindutse ibara.,guhumeka birangora cyane kandi iminwa yanjye yahindutse ibara
"Simbizi niba bikomeye ariko, maze umunsi wose mbabara ngerageza kubyara ariko umwana ntarasohoka bikarushaho nijoro. Nkora iki?",kinyarwanda,CRITICAL,obstetric,kinyarwanda->kinyarwanda:CRITICAL:obstetric,Maze umunsi wose mbabara ngerageza kubyara ariko umwana ntarasohoka.,Maze umunsi wose mbabara ngerageza kubyara ariko umwana ntarasohoka.
"Naje hano mbere, mu rugo hari umuntu urwaye igituntu kandi ndashaka kwisuzumisha kuva ubu gitondo cya kare biragenda bikagaruka",kinyarwanda,URGENT,preventive,kinyarwanda->kinyarwanda:URGENT:preventive,Mu rugo hari umuntu urwaye igituntu kandi ndashaka kwisuzumisha.,Mu rugo hari umuntu urwaye igituntu kandi ndashaka kwisuzumisha.
Ndashaka kukubwira ikibazo mfite. Maze umunsi wose mbabara ngerageza kubyara ariko umwana ntarasohoka nta miti imfasha. Nkora iki?,kinyarwanda,CRITICAL,obstetric,kinyarwanda->kinyarwanda:CRITICAL:obstetric,Maze umunsi wose mbabara ngerageza kubyara ariko umwana ntarasohoka.,Maze umunsi wose mbabara ngerageza kubyara ariko umwana ntarasohoka.
"Mfasha, mfite ikibazo ku mutwe kandi kirimo guterwa n'urumuri kuva hashize icyumweru. Ntegereze cyangwa nsuzumwe ubu?",kinyarwanda,URGENT,neurological,kinyarwanda->kinyarwanda:URGENT:neurological,Mfite ikibazo ku mutwe kandi kirimo guterwa n'urumuri.,Mfite ikibazo ku mutwe kandi kirimo guterwa n'urumuri.
"Muraho, mushiki wanjye ari kubyara ariko umugozi w'umwana wabanje gusohoka kuva ijoro ryashize. Abandi bana na bo bafite iki kibazo. Mfasha muganga.",kinyarwanda,CRITICAL,obstetric,kinyarwanda->kinyarwanda:CRITICAL:obstetric,{REL} ari kubyara ariko umugozi w'umwana wabanje gusohoka.,Ndabyara ariko habanje gusohoka umugozi w'umwana.
"Mfasha, umwana wanjye arababara cyane mu nda kandi ububabare ntibuhagarara kuva hashize iminsi ibiri bikarushaho nijoro. Ntegereze cyangwa nsuzumwe ubu?",kinyarwanda,URGENT,gastrointestinal,kinyarwanda->kinyarwanda:URGENT:gastrointestinal,{REL} arababara cyane mu nda kandi ububabare ntibuhagarara.,Inda irandya cyane kandi ububabare ntibuhagarara.
"Ndakeneye ubufasha, umugabo wanjye nta miti ya SIDA afite kuva hashize iminsi ibiri kandi ndahangayitse. Mfasha muganga.",kinyarwanda,URGENT,chronic_care,kinyarwanda->kinyarwanda:URGENT:chronic_care,{REL} nta miti ya SIDA afite.,Nta miti ya SIDA mfite.
"Nzanye umwana wanjye, umugabo wanjye afite gahunda yo gukingiza umwana kuva ubu gitondo cya kare kandi sinshobora gusinzira. Ese ibi birakomeye?",kinyarwanda,ROUTINE,preventive,kinyarwanda->kinyarwanda:ROUTINE:preventive,{REL} afite gahunda yo gukingiza umwana.,Mfite gahunda yo gukingiza umwana.
"Nyabuneka, maze umunsi wose mbabara ngerageza kubyara ariko umwana ntarasohoka kuva hashize iminsi ibiri bikarushaho nijoro. Mfasha muganga.",kinyarwanda,CRITICAL,obstetric,kinyarwanda->kinyarwanda:CRITICAL:obstetric,Maze umunsi wose mbabara ngerageza kubyara ariko umwana ntarasohoka.,Maze umunsi wose mbabara ngerageza kubyara ariko umwana ntarasohoka.
"Nyabuneka, umugore wanjye nta miti ya SIDA afite kuva hashize iminsi ibiri. Ese ibi birakomeye?",kinyarwanda,URGENT,chronic_care,kinyarwanda->kinyarwanda:URGENT:chronic_care,{REL} nta miti ya SIDA afite.,Nta miti ya SIDA mfite.
"Mumbabarire, ndashaka kubabwira ikibazo mfite. Umugabo wanjye nta miti ya SIDA afite kuva ijoro ryashize. Nkora iki?",kinyarwanda,URGENT,chronic_care,kinyarwanda->kinyarwanda:URGENT:chronic_care,{REL} nta miti ya SIDA afite.,Nta miti ya SIDA mfite.
"Muganga, umugabo wanjye ahumeka bimugora cyane kandi iminwa ye yahindutse ibara kuva hashize iminsi itatu. Byatangiye gitunguranye. Mfasha muganga.",kinyarwanda,CRITICAL,cardiac_respiratory,kinyarwanda->kinyarwanda:CRITICAL:cardiac_respiratory,{REL} ahumeka bimugora cyane kandi iminwa ye yahindutse ibara.,guhumeka birangora cyane kandi iminwa yanjye yahindutse ibara
Mama ari kubyara ariko umugozi w'umwana wabanje gusohoka kuva mu cyumweru gishize. Abandi bana na bo bafite iki kibazo. Mfasha muganga.,kinyarwanda,CRITICAL,obstetric,kinyarwanda->kinyarwanda:CRITICAL:obstetric,{REL} ari kubyara ariko umugozi w'umwana wabanje gusohoka.,Ndabyara ariko habanje gusohoka umugozi w'umwana.
"Ndakeneye ubufasha, ndatwite kandi nagagaye kuva hashize iminsi itatu bikarushaho nijoro. Ndakeneye ubufasha vuba.",kinyarwanda,CRITICAL,obstetric,kinyarwanda->kinyarwanda:CRITICAL:obstetric,Ndatwite kandi nagagaye.,Ndatwite kandi nagagaye.
"Muraho, ndashaka kugirwa inama ku mazi yo kunywa kuva mu masaha abiri ashize. Abandi bana na bo bafite iki kibazo. Ndakeneye ubufasha vuba.",kinyarwanda,ROUTINE,preventive,kinyarwanda->kinyarwanda:ROUTINE:preventive,Ndashaka kugirwa inama ku mazi yo kunywa.,Ndashaka kugirwa inama ku mazi yo kunywa.
"Mumbabarire, ndashaka kubabwira ikibazo mfite. Mama arababara cyane mu nda kandi ububabare ntibuhagarara kuva mu masaha abiri ashize kandi birushaho kuba bibi",kinyarwanda,URGENT,gastrointestinal,kinyarwanda->kinyarwanda:URGENT:gastrointestinal,{REL} arababara cyane mu nda kandi ububabare ntibuhagarara.,Inda irandya cyane kandi ububabare ntibuhagarara.
"Ndakeneye ubufasha, mushiki wanjye afite ibimenyetso bya malariya, umuriro n'imbeho kuva ejo biragenda bikagaruka. Ni imiti ki nafata?",kinyarwanda,URGENT,infectious_fever,kinyarwanda->kinyarwanda:URGENT:infectious_fever,"{REL} afite ibimenyetso bya malariya, umuriro n'imbeho.","Mfite ibimenyetso bya malariya, umuriro n'imbeho."
"Mumbabarire, ndashaka kubabwira ikibazo mfite. Iyo umugore wanjye ahumetse cyane, arumva mu gituza hamubabaza kuva hashize iminsi itatu biragenda bikagaruka. Naje mvuye kure.",kinyarwanda,URGENT,cardiac_respiratory,kinyarwanda->kinyarwanda:URGENT:cardiac_respiratory,"Iyo {REL} ahumetse cyane, arumva mu gituza hamubabaza.","Iyo {REL} ahumetse cyane, arumva mu gituza hamubabaza."
Ndashaka kukubwira ikibazo mfite. Mfite igisebe ku kirenge kidakira kandi mfite diyabete kuva hashize icyumweru kandi ndahangayitse. Mfasha muganga.,kinyarwanda,URGENT,chronic_care,kinyarwanda->kinyarwanda:URGENT:chronic_care,Mfite igisebe ku kirenge kidakira kandi mfite diyabete.,Mfite igisebe ku kirenge kidakira kandi mfite diyabete.
"Naje hano mbere, ndatwite kandi nagagaye kuva mu cyumweru gishize. Byatangiye gitunguranye. Naje mvuye kure.",kinyarwanda,CRITICAL,obstetric,kinyarwanda->kinyarwanda:CRITICAL:obstetric,Ndatwite kandi nagagaye.,Ndatwite kandi nagagaye.
"Muraho, mushiki wanjye yabyimbye ibirenge kandi ntashobora guhumeka neza iyo aragaramye kuva mu gitondo. Byatangiye gitunguranye.",kinyarwanda,URGENT,chronic_care,kinyarwanda->kinyarwanda:URGENT:chronic_care,{REL} yabyimbye ibirenge kandi ntashobora guhumeka neza iyo aragaramye.,Nabyimbye ibirenge kandi sinshobora guhumeka neza iyo ndagaramye.
"Muganga, mushiki wanjye afite igisebe ku kirenge kidakira kandi afite diyabete kuva mu cyumweru gishize biragenda bikagaruka",kinyarwanda,URGENT,chronic_care,kinyarwanda->kinyarwanda:URGENT:chronic_care,{REL} afite igisebe ku kirenge kidakira kandi afite diyabete.,Mfite igisebe ku kirenge kidakira kandi mfite diyabete.
"Muganga, umugore wanjye afite ibimenyetso bya malariya, umuriro n'imbeho kuva ijoro ryashize. Ni imiti ki nafata?",kinyarwanda,URGENT,infectious_fever,kinyarwanda->kinyarwanda:URGENT:infectious_fever,"{REL} afite ibimenyetso bya malariya, umuriro n'imbeho.","Mfite ibimenyetso bya malariya, umuriro n'imbeho."
"Mfasha vuba, maze umunsi wose mbabara ngerageza kubyara ariko umwana ntarasohoka kuva ijoro ryashize nta miti imfasha. Ntabasha kubona amafaranga yo kongera kuza kwa muganga.",kinyarwanda,CRITICAL,obstetric,kinyarwanda->kinyarwanda:CRITICAL:obstetric,Maze umunsi wose mbabara ngerageza kubyara ariko umwana ntarasohoka.,Maze umunsi wose mbabara ngerageza kubyara ariko umwana ntarasohoka.
"Muraho, papa nta miti ya SIDA afite kuva hashize iminsi itatu bikarushaho nijoro",kinyarwanda,URGENT,chronic_care,kinyarwanda->kinyarwanda:URGENT:chronic_care,{REL} nta miti ya SIDA afite.,Nta miti ya SIDA mfite.
"Muraho, umukecuru afite gahunda yo gukingiza umwana. Naje mvuye kure.",kinyarwanda,ROUTINE,preventive,kinyarwanda->kinyarwanda:ROUTINE:preventive,{REL} afite gahunda yo gukingiza umwana.,Mfite gahunda yo gukingiza umwana.
"Naje hano mbere, ndashaka kugirwa inama ku mazi yo kunywa kuva ejo bikarushaho nijoro. Ndakeneye ubufasha vuba.",kinyarwanda,ROUTINE,preventive,kinyarwanda->kinyarwanda:ROUTINE:preventive,Ndashaka kugirwa inama ku mazi yo kunywa.,Ndashaka kugirwa inama ku mazi yo kunywa.
"Mfasha, umuvuduko w'amaraso wanjye wazamutse cyane kandi umutwe urandya cyane kuva mu masaha abiri ashize. Byatangiye gitunguranye.",kinyarwanda,URGENT,chronic_care,kinyarwanda->kinyarwanda:URGENT:chronic_care,Umuvuduko w'amaraso wanjye wazamutse cyane kandi umutwe urandya cyane.,Umuvuduko w'amaraso wanjye wazamutse cyane kandi umutwe urandya cyane.
"Muganga, umugore wanjye afite gahunda yo gukingiza umwana kuva mu masaha abiri ashize. Abandi bana na bo bafite iki kibazo. Mfasha muganga.",kinyarwanda,ROUTINE,preventive,kinyarwanda->kinyarwanda:ROUTINE:preventive,{REL} afite gahunda yo gukingiza umwana.,Mfite gahunda yo gukingiza umwana.
"Naje hano mbere, mfite umuhaha kuva mu cyumweru gishize kandi nta miti mfite. Ntabasha kubona amafaranga yo kongera kuza kwa muganga.",kinyarwanda,URGENT,paediatric,kinyarwanda->kinyarwanda:URGENT:paediatric,Mfite umuhaha.,Mfite umuhaha.
"Simbizi niba bikomeye ariko, mfite umuhaha kuva mu gitondo kandi nta miti mfite. Ni imiti ki nafata?",kinyarwanda,URGENT,paediatric,kinyarwanda->kinyarwanda:URGENT:paediatric,Mfite umuhaha.,Mfite umuhaha.
"Nyabuneka, mu rugo hari umuntu urwaye igituntu kandi mushiki wanjye ashaka kwisuzumisha kuva ijoro ryashize. Byatangiye gitunguranye. Ntegereze cyangwa nsuzumwe ubu?",kinyarwanda,URGENT,preventive,kinyarwanda->kinyarwanda:URGENT:preventive,Mu rugo hari umuntu urwaye igituntu kandi {REL} ashaka kwisuzumisha.,Mu rugo hari umuntu urwaye igituntu kandi ndashaka kwisuzumisha.
"Mfasha, papa afite ibimenyetso bya malariya, umuriro n'imbeho kuva hashize iminsi ibiri nta miti imfasha",kinyarwanda,URGENT,infectious_fever,kinyarwanda->kinyarwanda:URGENT:infectious_fever,"{REL} afite ibimenyetso bya malariya, umuriro n'imbeho.","Mfite ibimenyetso bya malariya, umuriro n'imbeho."
"Mfasha vuba, iyo umugabo wanjye ahumetse cyane, arumva mu gituza hamubabaza kuva hashize iminsi ibiri biragenda bikagaruka. Nkora iki?",kinyarwanda,URGENT,cardiac_respiratory,kinyarwanda->kinyarwanda:URGENT:cardiac_respiratory,"Iyo {REL} ahumetse cyane, arumva mu gituza hamubabaza.","Iyo {REL} ahumetse cyane, arumva mu gituza hamubabaza."
"Nzanye umwana wanjye, umwana wanjye nta miti ya SIDA afite kuva mu cyumweru gishize bikarushaho nijoro. Urakoze.",kinyarwanda,URGENT,chronic_care,kinyarwanda->kinyarwanda:URGENT:chronic_care,{REL} nta miti ya SIDA afite.,Nta miti ya SIDA mfite.
"Simbizi niba bikomeye ariko, mu rugo hari umuntu urwaye igituntu kandi umugore wanjye ashaka kwisuzumisha kuva mu gitondo nta miti imfasha. Ni imiti ki nafata?",kinyarwanda,URGENT,preventive,kinyarwanda->kinyarwanda:URGENT:preventive,Mu rugo hari umuntu urwaye igituntu kandi {REL} ashaka kwisuzumisha.,Mu rugo hari umuntu urwaye igituntu kandi ndashaka kwisuzumisha.
"Nzanye umwana wanjye, umuvuduko w'amaraso wanjye wazamutse cyane kandi umutwe urandya cyane kuva hashize iminsi ibiri kandi birushaho kuba bibi",kinyarwanda,URGENT,chronic_care,kinyarwanda->kinyarwanda:URGENT:chronic_care,Umuvuduko w'amaraso wanjye wazamutse cyane kandi umutwe urandya cyane.,Umuvuduko w'amaraso wanjye wazamutse cyane kandi umutwe urandya cyane.
Ndashaka kukubwira ikibazo mfite. Maze iminsi itatu ndwaye impiswi zikomeye kuva hashize icyumweru bikarushaho nijoro. Mfasha muganga.,kinyarwanda,URGENT,gastrointestinal,kinyarwanda->kinyarwanda:URGENT:gastrointestinal,maze iminsi itatu ndwaye impiswi zikomeye,maze iminsi itatu ndwaye impiswi zikomeye
"Muganga, umuturanyi wanjye ahumeka bimugora cyane kandi iminwa ye yahindutse ibara biragenda bikagaruka. Nkora iki?",kinyarwanda,CRITICAL,cardiac_respiratory,kinyarwanda->kinyarwanda:CRITICAL:cardiac_respiratory,{REL} ahumeka bimugora cyane kandi iminwa ye yahindutse ibara.,guhumeka birangora cyane kandi iminwa yanjye yahindutse ibara
"Nyabuneka, umukecuru yabyimbye ibirenge kandi ntashobora guhumeka neza iyo aragaramye kuva mu cyumweru gishize biragenda bikagaruka. Naje mvuye kure.",kinyarwanda,URGENT,chronic_care,kinyarwanda->kinyarwanda:URGENT:chronic_care,{REL} yabyimbye ibirenge kandi ntashobora guhumeka neza iyo aragaramye.,Nabyimbye ibirenge kandi sinshobora guhumeka neza iyo ndagaramye.
"Ndakeneye ubufasha, mama arababara cyane mu nda kandi ububabare ntibuhagarara bikarushaho nijoro. Ntabasha kubona amafaranga yo kongera kuza kwa muganga.",kinyarwanda,URGENT,gastrointestinal,kinyarwanda->kinyarwanda:URGENT:gastrointestinal,{REL} arababara cyane mu nda kandi ububabare ntibuhagarara.,Inda irandya cyane kandi ububabare ntibuhagarara.
"Muganga, mfite ikibazo ku mutwe kandi kirimo guterwa n'urumuri kuva mu cyumweru gishize. Ndakeneye ubufasha vuba.",kinyarwanda,URGENT,neurological,kinyarwanda->kinyarwanda:URGENT:neurological,Mfite ikibazo ku mutwe kandi kirimo guterwa n'urumuri.,Mfite ikibazo ku mutwe kandi kirimo guterwa n'urumuri.
"Mfasha vuba, ndashaka kugirwa inama ku mazi yo kunywa kuva ubu gitondo cya kare kandi nta miti mfite",kinyarwanda,ROUTINE,preventive,kinyarwanda->kinyarwanda:ROUTINE:preventive,Ndashaka kugirwa inama ku mazi yo kunywa.,Ndashaka kugirwa inama ku mazi yo kunywa.
"Ndakeneye ubufasha, iyo umukecuru ahumetse cyane, arumva mu gituza hamubabaza kuva hashize iminsi itatu kandi ndahangayitse. Urakoze.",kinyarwanda,URGENT,cardiac_respiratory,kinyarwanda->kinyarwanda:URGENT:cardiac_respiratory,"Iyo {REL} ahumetse cyane, arumva mu gituza hamubabaza.","Iyo {REL} ahumetse cyane, arumva mu gituza hamubabaza."
"Ndakeneye ubufasha, umugore wanjye arababara cyane mu nda kandi ububabare ntibuhagarara nta miti imfasha. Naje mvuye kure.",kinyarwanda,URGENT,gastrointestinal,kinyarwanda->kinyarwanda:URGENT:gastrointestinal,{REL} arababara cyane mu nda kandi ububabare ntibuhagarara.,Inda irandya cyane kandi ububabare ntibuhagarara.
"Muraho, mfite ikibazo ku mutwe kandi kirimo guterwa n'urumuri kuva ubu gitondo cya kare kandi birushaho kuba bibi. Ese ibi birakomeye?",kinyarwanda,URGENT,neurological,kinyarwanda->kinyarwanda:URGENT:neurological,Mfite ikibazo ku mutwe kandi kirimo guterwa n'urumuri.,Mfite ikibazo ku mutwe kandi kirimo guterwa n'urumuri.
"Muganga, mama ari kubyara ariko umugozi w'umwana wabanje gusohoka kuva hashize iminsi itatu nta miti imfasha. Ntegereze cyangwa nsuzumwe ubu?",kinyarwanda,CRITICAL,obstetric,kinyarwanda->kinyarwanda:CRITICAL:obstetric,{REL} ari kubyara ariko umugozi w'umwana wabanje gusohoka.,Ndabyara ariko habanje gusohoka umugozi w'umwana.
"Muganga, mu rugo hari umuntu urwaye igituntu kandi umugabo wanjye ashaka kwisuzumisha kuva ubu gitondo cya kare nta miti imfasha. Naje mvuye kure.",kinyarwanda,URGENT,preventive,kinyarwanda->kinyarwanda:URGENT:preventive,Mu rugo hari umuntu urwaye igituntu kandi {REL} ashaka kwisuzumisha.,Mu rugo hari umuntu urwaye igituntu kandi ndashaka kwisuzumisha.
"Muraho, ndashaka kugirwa inama ku mazi yo kunywa kuva mu masaha abiri ashize. Ese ibi birakomeye?",kinyarwanda,ROUTINE,preventive,kinyarwanda->kinyarwanda:ROUTINE:preventive,Ndashaka kugirwa inama ku mazi yo kunywa.,Ndashaka kugirwa inama ku mazi yo kunywa.
Umugore wanjye arababara cyane mu nda kandi ububabare ntibuhagarara kuva hashize iminsi itatu. Ni imiti ki nafata?,kinyarwanda,URGENT,gastrointestinal,kinyarwanda->kinyarwanda:URGENT:gastrointestinal,{REL} arababara cyane mu nda kandi ububabare ntibuhagarara.,Inda irandya cyane kandi ububabare ntibuhagarara.
"Mumbabarire, ndashaka kubabwira ikibazo mfite. Umugore wanjye ahumeka bimugora cyane kandi iminwa ye yahindutse ibara kuva ejo kandi nta miti mfite",kinyarwanda,CRITICAL,cardiac_respiratory,kinyarwanda->kinyarwanda:CRITICAL:cardiac_respiratory,{REL} ahumeka bimugora cyane kandi iminwa ye yahindutse ibara.,guhumeka birangora cyane kandi iminwa yanjye yahindutse ibara
"Nyabuneka, mushiki wanjye afite igisebe ku kirenge kidakira kandi afite diyabete kuva hashize iminsi ibiri. Byatangiye gitunguranye. Urakoze.",kinyarwanda,URGENT,chronic_care,kinyarwanda->kinyarwanda:URGENT:chronic_care,{REL} afite igisebe ku kirenge kidakira kandi afite diyabete.,Mfite igisebe ku kirenge kidakira kandi mfite diyabete.
"Ndakeneye ubufasha, umugabo wanjye afite impiswi zikomeye kandi yagize umwuma kuva ubu gitondo cya kare. Abandi bana na bo bafite iki kibazo. Ntegereze cyangwa nsuzumwe ubu?",kinyarwanda,CRITICAL,gastrointestinal,kinyarwanda->kinyarwanda:CRITICAL:gastrointestinal,{REL} afite impiswi zikomeye kandi yagize umwuma.,{REL} afite impiswi zikomeye kandi yagize umwuma.
Umuturanyi wanjye arababara cyane mu nda kandi ububabare ntibuhagarara kuva mu masaha abiri ashize. Byatangiye gitunguranye. Ntegereze cyangwa nsuzumwe ubu?,kinyarwanda,URGENT,gastrointestinal,kinyarwanda->kinyarwanda:URGENT:gastrointestinal,{REL} arababara cyane mu nda kandi ububabare ntibuhagarara.,Inda irandya cyane kandi ububabare ntibuhagarara.
"Muganga, umukecuru afite igisebe ku kirenge kidakira kandi afite diyabete kuva ubu gitondo cya kare. Byatangiye gitunguranye. Ndakeneye ubufasha vuba.",kinyarwanda,URGENT,chronic_care,kinyarwanda->kinyarwanda:URGENT:chronic_care,{REL} afite igisebe ku kirenge kidakira kandi afite diyabete.,Mfite igisebe ku kirenge kidakira kandi mfite diyabete.
"Mfasha vuba, umukecuru afite impiswi zikomeye kandi yagize umwuma kuva ejo biragenda bikagaruka. Mfasha muganga.",kinyarwanda,CRITICAL,gastrointestinal,kinyarwanda->kinyarwanda:CRITICAL:gastrointestinal,{REL} afite impiswi zikomeye kandi yagize umwuma.,{REL} afite impiswi zikomeye kandi yagize umwuma.
Ndashaka kukubwira ikibazo mfite. Umugabo wanjye afite impiswi zikomeye kandi yagize umwuma kuva ejo kandi nta miti mfite. Ntegereze cyangwa nsuzumwe ubu?,kinyarwanda,CRITICAL,gastrointestinal,kinyarwanda->kinyarwanda:CRITICAL:gastrointestinal,{REL} afite impiswi zikomeye kandi yagize umwuma.,{REL} afite impiswi zikomeye kandi yagize umwuma.
"Nyabuneka, umuturanyi wanjye afite ibimenyetso bya malariya, umuriro n'imbeho kuva hashize iminsi ibiri nta miti imfasha. Ntegereze cyangwa nsuzumwe ubu?",kinyarwanda,URGENT,infectious_fever,kinyarwanda->kinyarwanda:URGENT:infectious_fever,"{REL} afite ibimenyetso bya malariya, umuriro n'imbeho.","Mfite ibimenyetso bya malariya, umuriro n'imbeho."
Umwana wanjye afite impiswi zikomeye kandi yagize umwuma kuva ijoro ryashize bikarushaho nijoro. Mfasha muganga.,kinyarwanda,CRITICAL,gastrointestinal,kinyarwanda->kinyarwanda:CRITICAL:gastrointestinal,{REL} afite impiswi zikomeye kandi yagize umwuma.,{REL} afite impiswi zikomeye kandi yagize umwuma.
Ndashaka kukubwira ikibazo mfite. Mu rugo hari umuntu urwaye igituntu kandi ndashaka kwisuzumisha kuva ejo biragenda bikagaruka. Ese ibi birakomeye?,kinyarwanda,URGENT,preventive,kinyarwanda->kinyarwanda:URGENT:preventive,Mu rugo hari umuntu urwaye igituntu kandi ndashaka kwisuzumisha.,Mu rugo hari umuntu urwaye igituntu kandi ndashaka kwisuzumisha.
Mfite ikibazo ku mutwe kandi kirimo guterwa n'urumuri kuva ijoro ryashize biragenda bikagaruka. Murakoze.,kinyarwanda,URGENT,neurological,kinyarwanda->kinyarwanda:URGENT:neurological,Mfite ikibazo ku mutwe kandi kirimo guterwa n'urumuri.,Mfite ikibazo ku mutwe kandi kirimo guterwa n'urumuri.
"Nyabuneka, mu rugo hari umuntu urwaye igituntu kandi ndashaka kwisuzumisha kuva hashize icyumweru kandi sinshobora gusinzira. Ndakeneye ubufasha vuba.",kinyarwanda,URGENT,preventive,kinyarwanda->kinyarwanda:URGENT:preventive,Mu rugo hari umuntu urwaye igituntu kandi ndashaka kwisuzumisha.,Mu rugo hari umuntu urwaye igituntu kandi ndashaka kwisuzumisha.
"Ndakeneye ubufasha, maze umunsi wose mbabara ngerageza kubyara ariko umwana ntarasohoka kuva ijoro ryashize. Abandi bana na bo bafite iki kibazo. Naje mvuye kure.",kinyarwanda,CRITICAL,obstetric,kinyarwanda->kinyarwanda:CRITICAL:obstetric,Maze umunsi wose mbabara ngerageza kubyara ariko umwana ntarasohoka.,Maze umunsi wose mbabara ngerageza kubyara ariko umwana ntarasohoka.
"Mfasha vuba, papa afite ibimenyetso bya malariya, umuriro n'imbeho kuva ubu gitondo cya kare kandi sinshobora gusinzira. Ndakeneye ubufasha vuba.",kinyarwanda,URGENT,infectious_fever,kinyarwanda->kinyarwanda:URGENT:infectious_fever,"{REL} afite ibimenyetso bya malariya, umuriro n'imbeho.","Mfite ibimenyetso bya malariya, umuriro n'imbeho."
"Mfasha vuba, maze iminsi itatu ndwaye impiswi zikomeye kuva mu gitondo. Ndakeneye ubufasha vuba.",kinyarwanda,URGENT,gastrointestinal,kinyarwanda->kinyarwanda:URGENT:gastrointestinal,maze iminsi itatu ndwaye impiswi zikomeye,maze iminsi itatu ndwaye impiswi zikomeye
"Simbizi niba bikomeye ariko, umuturanyi wanjye ari kubyara ariko umugozi w'umwana wabanje gusohoka kuva hashize iminsi ibiri. Abandi bana na bo bafite iki kibazo. Ndakeneye ubufasha vuba.",kinyarwanda,CRITICAL,obstetric,kinyarwanda->kinyarwanda:CRITICAL:obstetric,{REL} ari kubyara ariko umugozi w'umwana wabanje gusohoka.,Ndabyara ariko habanje gusohoka umugozi w'umwana.
"Ndakeneye ubufasha, mfite ikibazo ku mutwe kandi kirimo guterwa n'urumuri kuva mu cyumweru gishize kandi nta miti mfite. Naje mvuye kure.",kinyarwanda,URGENT,neurological,kinyarwanda->kinyarwanda:URGENT:neurological,Mfite ikibazo ku mutwe kandi kirimo guterwa n'urumuri.,Mfite ikibazo ku mutwe kandi kirimo guterwa n'urumuri.
"Muganga, mushiki wanjye nta miti ya SIDA afite kuva hashize icyumweru kandi nta miti mfite",kinyarwanda,URGENT,chronic_care,kinyarwanda->kinyarwanda:URGENT:chronic_care,{REL} nta miti ya SIDA afite.,Nta miti ya SIDA mfite.
"Ndakeneye ubufasha, umugore wanjye afite ibimenyetso bya malariya, umuriro n'imbeho nta miti imfasha",kinyarwanda,URGENT,infectious_fever,kinyarwanda->kinyarwanda:URGENT:infectious_fever,"{REL} afite ibimenyetso bya malariya, umuriro n'imbeho.","Mfite ibimenyetso bya malariya, umuriro n'imbeho."
"Nzanye umwana wanjye, mama ari kubyara ariko umugozi w'umwana wabanje gusohoka nta miti imfasha. Ntabasha kubona amafaranga yo kongera kuza kwa muganga.",kinyarwanda,CRITICAL,obstetric,kinyarwanda->kinyarwanda:CRITICAL:obstetric,{REL} ari kubyara ariko umugozi w'umwana wabanje gusohoka.,Ndabyara ariko habanje gusohoka umugozi w'umwana.
"Muganga, umugabo wanjye afite impiswi zikomeye kandi yagize umwuma kuva ubu gitondo cya kare biragenda bikagaruka. Mfasha muganga.",kinyarwanda,CRITICAL,gastrointestinal,kinyarwanda->kinyarwanda:CRITICAL:gastrointestinal,{REL} afite impiswi zikomeye kandi yagize umwuma.,{REL} afite impiswi zikomeye kandi yagize umwuma.
"Nyabuneka, umugore wanjye afite igisebe ku kirenge kidakira kandi afite diyabete kuva ubu gitondo cya kare kandi sinshobora gusinzira. Murakoze.",kinyarwanda,URGENT,chronic_care,kinyarwanda->kinyarwanda:URGENT:chronic_care,{REL} afite igisebe ku kirenge kidakira kandi afite diyabete.,Mfite igisebe ku kirenge kidakira kandi mfite diyabete.
"Mfasha, ndashaka kugirwa inama ku mazi yo kunywa kuva mu cyumweru gishize. Ese ibi birakomeye?",kinyarwanda,ROUTINE,preventive,kinyarwanda->kinyarwanda:ROUTINE:preventive,Ndashaka kugirwa inama ku mazi yo kunywa.,Ndashaka kugirwa inama ku mazi yo kunywa.
Umuvuduko w'amaraso wanjye wazamutse cyane kandi umutwe urandya cyane kuva mu gitondo bikarushaho nijoro. Nkora iki?,kinyarwanda,URGENT,chronic_care,kinyarwanda->kinyarwanda:URGENT:chronic_care,Umuvuduko w'amaraso wanjye wazamutse cyane kandi umutwe urandya cyane.,Umuvuduko w'amaraso wanjye wazamutse cyane kandi umutwe urandya cyane.
"Muganga, umugabo wanjye afite ibimenyetso bya malariya, umuriro n'imbeho kuva mu gitondo nta miti imfasha. Nkora iki?",kinyarwanda,URGENT,infectious_fever,kinyarwanda->kinyarwanda:URGENT:infectious_fever,"{REL} afite ibimenyetso bya malariya, umuriro n'imbeho.","Mfite ibimenyetso bya malariya, umuriro n'imbeho."
"Mfasha vuba, mfite umuhaha kuva ubu gitondo cya kare nta miti imfasha. Nkora iki?",kinyarwanda,URGENT,paediatric,kinyarwanda->kinyarwanda:URGENT:paediatric,Mfite umuhaha.,Mfite umuhaha.
"Ndakeneye ubufasha, maze umunsi wose mbabara ngerageza kubyara ariko umwana ntarasohoka kuva mu gitondo kandi nta miti mfite. Ntabasha kubona amafaranga yo kongera kuza kwa muganga.",kinyarwanda,CRITICAL,obstetric,kinyarwanda->kinyarwanda:CRITICAL:obstetric,Maze umunsi wose mbabara ngerageza kubyara ariko umwana ntarasohoka.,Maze umunsi wose mbabara ngerageza kubyara ariko umwana ntarasohoka.
"Muganga, papa ahumeka bimugora cyane kandi iminwa ye yahindutse ibara kuva mu gitondo kandi birushaho kuba bibi. Ni imiti ki nafata?",kinyarwanda,CRITICAL,cardiac_respiratory,kinyarwanda->kinyarwanda:CRITICAL:cardiac_respiratory,{REL} ahumeka bimugora cyane kandi iminwa ye yahindutse ibara.,guhumeka birangora cyane kandi iminwa yanjye yahindutse ibara
"Nyabuneka, umuvuduko w'amaraso wanjye wazamutse cyane kandi umutwe urandya cyane bikarushaho nijoro. Nkora iki?",kinyarwanda,URGENT,chronic_care,kinyarwanda->kinyarwanda:URGENT:chronic_care,Umuvuduko w'amaraso wanjye wazamutse cyane kandi umutwe urandya cyane.,Umuvuduko w'amaraso wanjye wazamutse cyane kandi umutwe urandya cyane.
"Simbizi niba bikomeye ariko, mama ari kubyara ariko umugozi w'umwana wabanje gusohoka. Ni imiti ki nafata?",kinyarwanda,CRITICAL,obstetric,kinyarwanda->kinyarwanda:CRITICAL:obstetric,{REL} ari kubyara ariko umugozi w'umwana wabanje gusohoka.,Ndabyara ariko habanje gusohoka umugozi w'umwana.
Ndashaka kukubwira ikibazo mfite. Umuvuduko w'amaraso wanjye wazamutse cyane kandi umutwe urandya cyane kuva ijoro ryashize kandi ndahangayitse. Nkora iki?,kinyarwanda,URGENT,chronic_care,kinyarwanda->kinyarwanda:URGENT:chronic_care,Umuvuduko w'amaraso wanjye wazamutse cyane kandi umutwe urandya cyane.,Umuvuduko w'amaraso wanjye wazamutse cyane kandi umutwe urandya cyane.
"Nyabuneka, maze iminsi itatu ndwaye impiswi zikomeye kuva ejo. Abandi bana na bo bafite iki kibazo. Ntabasha kubona amafaranga yo kongera kuza kwa muganga.",kinyarwanda,URGENT,gastrointestinal,kinyarwanda->kinyarwanda:URGENT:gastrointestinal,maze iminsi itatu ndwaye impiswi zikomeye,maze iminsi itatu ndwaye impiswi zikomeye
"Nzanye umwana wanjye, umuturanyi wanjye ari kubyara ariko umugozi w'umwana wabanje gusohoka kuva hashize iminsi itatu kandi nta miti mfite",kinyarwanda,CRITICAL,obstetric,kinyarwanda->kinyarwanda:CRITICAL:obstetric,{REL} ari kubyara ariko umugozi w'umwana wabanje gusohoka.,Ndabyara ariko habanje gusohoka umugozi w'umwana.
"Mumbabarire, ndashaka kubabwira ikibazo mfite. Papa ahumeka bimugora cyane kandi iminwa ye yahindutse ibara kuva mu cyumweru gishize kandi sinshobora gusinzira. Mfasha muganga.",kinyarwanda,CRITICAL,cardiac_respiratory,kinyarwanda->kinyarwanda:CRITICAL:cardiac_respiratory,{REL} ahumeka bimugora cyane kandi iminwa ye yahindutse ibara.,guhumeka birangora cyane kandi iminwa yanjye yahindutse ibara
"Nzanye umwana wanjye, umugabo wanjye yabyimbye ibirenge kandi ntashobora guhumeka neza iyo aragaramye kuva mu cyumweru gishize. Byatangiye gitunguranye. Ni imiti ki nafata?",kinyarwanda,URGENT,chronic_care,kinyarwanda->kinyarwanda:URGENT:chronic_care,{REL} yabyimbye ibirenge kandi ntashobora guhumeka neza iyo aragaramye.,Nabyimbye ibirenge kandi sinshobora guhumeka neza iyo ndagaramye.
"Mfasha vuba, umukecuru ahumeka bimugora cyane kandi iminwa ye yahindutse ibara kuva mu gitondo. Mfasha muganga.",kinyarwanda,CRITICAL,cardiac_respiratory,kinyarwanda->kinyarwanda:CRITICAL:cardiac_respiratory,{REL} ahumeka bimugora cyane kandi iminwa ye yahindutse ibara.,guhumeka birangora cyane kandi iminwa yanjye yahindutse ibara
Mama ari kubyara ariko umugozi w'umwana wabanje gusohoka kuva ejo kandi birushaho kuba bibi. Ndakeneye ubufasha vuba.,kinyarwanda,CRITICAL,obstetric,kinyarwanda->kinyarwanda:CRITICAL:obstetric,{REL} ari kubyara ariko umugozi w'umwana wabanje gusohoka.,Ndabyara ariko habanje gusohoka umugozi w'umwana.
Ndashaka kukubwira ikibazo mfite. Umugore wanjye ari kubyara ariko umugozi w'umwana wabanje gusohoka kuva mu cyumweru gishize biragenda bikagaruka,kinyarwanda,CRITICAL,obstetric,kinyarwanda->kinyarwanda:CRITICAL:obstetric,{REL} ari kubyara ariko umugozi w'umwana wabanje gusohoka.,Ndabyara ariko habanje gusohoka umugozi w'umwana.
"Simbizi niba bikomeye ariko, ndashaka kugirwa inama ku mazi yo kunywa kuva mu gitondo nta miti imfasha",kinyarwanda,ROUTINE,preventive,kinyarwanda->kinyarwanda:ROUTINE:preventive,Ndashaka kugirwa inama ku mazi yo kunywa.,Ndashaka kugirwa inama ku mazi yo kunywa.
"Muganga, mfite ikibazo ku mutwe kandi kirimo guterwa n'urumuri kuva mu gitondo kandi birushaho kuba bibi. Murakoze.",kinyarwanda,URGENT,neurological,kinyarwanda->kinyarwanda:URGENT:neurological,Mfite ikibazo ku mutwe kandi kirimo guterwa n'urumuri.,Mfite ikibazo ku mutwe kandi kirimo guterwa n'urumuri.
"Simbizi niba bikomeye ariko, umuturanyi wanjye nta miti ya SIDA afite kuva ejo. Murakoze.",kinyarwanda,URGENT,chronic_care,kinyarwanda->kinyarwanda:URGENT:chronic_care,{REL} nta miti ya SIDA afite.,Nta miti ya SIDA mfite.
Umuturanyi wanjye ari kubyara ariko umugozi w'umwana wabanje gusohoka kuva hashize iminsi itatu bikarushaho nijoro. Naje mvuye kure.,kinyarwanda,CRITICAL,obstetric,kinyarwanda->kinyarwanda:CRITICAL:obstetric,{REL} ari kubyara ariko umugozi w'umwana wabanje gusohoka.,Ndabyara ariko habanje gusohoka umugozi w'umwana.
"Naje hano mbere, umugore wanjye nta miti ya SIDA afite kuva ejo kandi sinshobora gusinzira. Murakoze.",kinyarwanda,URGENT,chronic_care,kinyarwanda->kinyarwanda:URGENT:chronic_care,{REL} nta miti ya SIDA afite.,Nta miti ya SIDA mfite.
"Ndakeneye ubufasha, maze umunsi wose mbabara ngerageza kubyara ariko umwana ntarasohoka kuva hashize iminsi itatu biragenda bikagaruka. Ntabasha kubona amafaranga yo kongera kuza kwa muganga.",kinyarwanda,CRITICAL,obstetric,kinyarwanda->kinyarwanda:CRITICAL:obstetric,Maze umunsi wose mbabara ngerageza kubyara ariko umwana ntarasohoka.,Maze umunsi wose mbabara ngerageza kubyara ariko umwana ntarasohoka.
Ndashaka kukubwira ikibazo mfite. Ndashaka kugirwa inama ku mazi yo kunywa kuva ijoro ryashize kandi nta miti mfite. Ese ibi birakomeye?,kinyarwanda,ROUTINE,preventive,kinyarwanda->kinyarwanda:ROUTINE:preventive,Ndashaka kugirwa inama ku mazi yo kunywa.,Ndashaka kugirwa inama ku mazi yo kunywa.
"Ndakeneye ubufasha, maze umunsi wose mbabara ngerageza kubyara ariko umwana ntarasohoka kuva mu masaha abiri ashize kandi birushaho kuba bibi. Naje mvuye kure.",kinyarwanda,CRITICAL,obstetric,kinyarwanda->kinyarwanda:CRITICAL:obstetric,Maze umunsi wose mbabara ngerageza kubyara ariko umwana ntarasohoka.,Maze umunsi wose mbabara ngerageza kubyara ariko umwana ntarasohoka.
"Muraho, umugabo wanjye ahumeka bimugora cyane kandi iminwa ye yahindutse ibara nta miti imfasha. Naje mvuye kure.",kinyarwanda,CRITICAL,cardiac_respiratory,kinyarwanda->kinyarwanda:CRITICAL:cardiac_respiratory,{REL} ahumeka bimugora cyane kandi iminwa ye yahindutse ibara.,guhumeka birangora cyane kandi iminwa yanjye yahindutse ibara
Ndashaka kukubwira ikibazo mfite. Maze umunsi wose mbabara ngerageza kubyara ariko umwana ntarasohoka kandi nta miti mfite. Ese ibi birakomeye?,kinyarwanda,CRITICAL,obstetric,kinyarwanda->kinyarwanda:CRITICAL:obstetric,Maze umunsi wose mbabara ngerageza kubyara ariko umwana ntarasohoka.,Maze umunsi wose mbabara ngerageza kubyara ariko umwana ntarasohoka.
"Ndakeneye ubufasha, umugabo wanjye afite impiswi zikomeye kandi yagize umwuma kuva hashize icyumweru. Byatangiye gitunguranye. Ntegereze cyangwa nsuzumwe ubu?",kinyarwanda,CRITICAL,gastrointestinal,kinyarwanda->kinyarwanda:CRITICAL:gastrointestinal,{REL} afite impiswi zikomeye kandi yagize umwuma.,{REL} afite impiswi zikomeye kandi yagize umwuma.
"Mumbabarire, ndashaka kubabwira ikibazo mfite. Mu rugo hari umuntu urwaye igituntu kandi umugore wanjye ashaka kwisuzumisha kuva hashize iminsi itatu. Mfasha muganga.",kinyarwanda,URGENT,preventive,kinyarwanda->kinyarwanda:URGENT:preventive,Mu rugo hari umuntu urwaye igituntu kandi {REL} ashaka kwisuzumisha.,Mu rugo hari umuntu urwaye igituntu kandi ndashaka kwisuzumisha.
"Simbizi niba bikomeye ariko, umugabo wanjye afite igisebe ku kirenge kidakira kandi afite diyabete kuva hashize iminsi itatu nta miti imfasha. Murakoze.",kinyarwanda,URGENT,chronic_care,kinyarwanda->kinyarwanda:URGENT:chronic_care,{REL} afite igisebe ku kirenge kidakira kandi afite diyabete.,Mfite igisebe ku kirenge kidakira kandi mfite diyabete.
Mu rugo hari umuntu urwaye igituntu kandi ndashaka kwisuzumisha kuva ejo. Abandi bana na bo bafite iki kibazo. Mfasha muganga.,kinyarwanda,URGENT,preventive,kinyarwanda->kinyarwanda:URGENT:preventive,Mu rugo hari umuntu urwaye igituntu kandi ndashaka kwisuzumisha.,Mu rugo hari umuntu urwaye igituntu kandi ndashaka kwisuzumisha.
"Mumbabarire, ndashaka kubabwira ikibazo mfite. Mfite igisebe ku kirenge kidakira kandi mfite diyabete kuva mu gitondo kandi sinshobora gusinzira. Nkora iki?",kinyarwanda,URGENT,chronic_care,kinyarwanda->kinyarwanda:URGENT:chronic_care,Mfite igisebe ku kirenge kidakira kandi mfite diyabete.,Mfite igisebe ku kirenge kidakira kandi mfite diyabete.
"Mfasha vuba, mu rugo hari umuntu urwaye igituntu kandi ndashaka kwisuzumisha kuva ubu gitondo cya kare biragenda bikagaruka. Murakoze.",kinyarwanda,URGENT,preventive,kinyarwanda->kinyarwanda:URGENT:preventive,Mu rugo hari umuntu urwaye igituntu kandi ndashaka kwisuzumisha.,Mu rugo hari umuntu urwaye igituntu kandi ndashaka kwisuzumisha.
Umugabo wanjye nta miti ya SIDA afite kuva ubu gitondo cya kare kandi ndahangayitse. Ntabasha kubona amafaranga yo kongera kuza kwa muganga.,kinyarwanda,URGENT,chronic_care,kinyarwanda->kinyarwanda:URGENT:chronic_care,{REL} nta miti ya SIDA afite.,Nta miti ya SIDA mfite.
"Nyabuneka, mu rugo hari umuntu urwaye igituntu kandi papa ashaka kwisuzumisha kuva hashize iminsi ibiri. Ese ibi birakomeye?",kinyarwanda,URGENT,preventive,kinyarwanda->kinyarwanda:URGENT:preventive,Mu rugo hari umuntu urwaye igituntu kandi {REL} ashaka kwisuzumisha.,Mu rugo hari umuntu urwaye igituntu kandi ndashaka kwisuzumisha.
Ndashaka kukubwira ikibazo mfite. Ndatwite kandi nagagaye kuva mu masaha abiri ashize nta miti imfasha. Ndakeneye ubufasha vuba.,kinyarwanda,CRITICAL,obstetric,kinyarwanda->kinyarwanda:CRITICAL:obstetric,Ndatwite kandi nagagaye.,Ndatwite kandi nagagaye.
Papa yabyimbye ibirenge kandi ntashobora guhumeka neza iyo aragaramye kandi birushaho kuba bibi. Urakoze.,kinyarwanda,URGENT,chronic_care,kinyarwanda->kinyarwanda:URGENT:chronic_care,{REL} yabyimbye ibirenge kandi ntashobora guhumeka neza iyo aragaramye.,Nabyimbye ibirenge kandi sinshobora guhumeka neza iyo ndagaramye.
"Muraho, umukecuru arababara cyane mu nda kandi ububabare ntibuhagarara kuva ijoro ryashize bikarushaho nijoro. Ntabasha kubona amafaranga yo kongera kuza kwa muganga.",kinyarwanda,URGENT,gastrointestinal,kinyarwanda->kinyarwanda:URGENT:gastrointestinal,{REL} arababara cyane mu nda kandi ububabare ntibuhagarara.,Inda irandya cyane kandi ububabare ntibuhagarara.
"Naje hano mbere, ndashaka kugirwa inama ku mazi yo kunywa kuva mu cyumweru gishize. Byatangiye gitunguranye. Ntabasha kubona amafaranga yo kongera kuza kwa muganga.",kinyarwanda,ROUTINE,preventive,kinyarwanda->kinyarwanda:ROUTINE:preventive,Ndashaka kugirwa inama ku mazi yo kunywa.,Ndashaka kugirwa inama ku mazi yo kunywa.
"Muganga, mu rugo hari umuntu urwaye igituntu kandi ndashaka kwisuzumisha kuva mu masaha abiri ashize kandi ndahangayitse. Ese ibi birakomeye?",kinyarwanda,URGENT,preventive,kinyarwanda->kinyarwanda:URGENT:preventive,Mu rugo hari umuntu urwaye igituntu kandi ndashaka kwisuzumisha.,Mu rugo hari umuntu urwaye igituntu kandi ndashaka kwisuzumisha.
"Mfasha, umwana wanjye afite impiswi zikomeye kandi yagize umwuma kuva mu cyumweru gishize. Ntabasha kubona amafaranga yo kongera kuza kwa muganga.",kinyarwanda,CRITICAL,gastrointestinal,kinyarwanda->kinyarwanda:CRITICAL:gastrointestinal,{REL} afite impiswi zikomeye kandi yagize umwuma.,{REL} afite impiswi zikomeye kandi yagize umwuma.
"Muganga, mfite ikibazo ku mutwe kandi kirimo guterwa n'urumuri biragenda bikagaruka. Urakoze.",kinyarwanda,URGENT,neurological,kinyarwanda->kinyarwanda:URGENT:neurological,Mfite ikibazo ku mutwe kandi kirimo guterwa n'urumuri.,Mfite ikibazo ku mutwe kandi kirimo guterwa n'urumuri.
Ndashaka kukubwira ikibazo mfite. Mama ari kubyara ariko umugozi w'umwana wabanje gusohoka kandi ndahangayitse. Ntegereze cyangwa nsuzumwe ubu?,kinyarwanda,CRITICAL,obstetric,kinyarwanda->kinyarwanda:CRITICAL:obstetric,{REL} ari kubyara ariko umugozi w'umwana wabanje gusohoka.,Ndabyara ariko habanje gusohoka umugozi w'umwana.
"Nzanye umwana wanjye, umugore wanjye afite gahunda yo gukingiza umwana kuva ubu gitondo cya kare kandi ndahangayitse. Murakoze.",kinyarwanda,ROUTINE,preventive,kinyarwanda->kinyarwanda:ROUTINE:preventive,{REL} afite gahunda yo gukingiza umwana.,Mfite gahunda yo gukingiza umwana.
"Nzanye umwana wanjye, ndashaka kugirwa inama ku mazi yo kunywa kuva mu gitondo. Abandi bana na bo bafite iki kibazo. Ndakeneye ubufasha vuba.",kinyarwanda,ROUTINE,preventive,kinyarwanda->kinyarwanda:ROUTINE:preventive,Ndashaka kugirwa inama ku mazi yo kunywa.,Ndashaka kugirwa inama ku mazi yo kunywa.
"Naje hano mbere, ndashaka kugirwa inama ku mazi yo kunywa kuva mu cyumweru gishize kandi birushaho kuba bibi. Naje mvuye kure.",kinyarwanda,ROUTINE,preventive,kinyarwanda->kinyarwanda:ROUTINE:preventive,Ndashaka kugirwa inama ku mazi yo kunywa.,Ndashaka kugirwa inama ku mazi yo kunywa.
"Nzanye umwana wanjye, ndatwite kandi nagagaye. Ntabasha kubona amafaranga yo kongera kuza kwa muganga.",kinyarwanda,CRITICAL,obstetric,kinyarwanda->kinyarwanda:CRITICAL:obstetric,Ndatwite kandi nagagaye.,Ndatwite kandi nagagaye.
"Nzanye umwana wanjye, ndashaka kugirwa inama ku mazi yo kunywa kuva ubu gitondo cya kare kandi nta miti mfite. Murakoze.",kinyarwanda,ROUTINE,preventive,kinyarwanda->kinyarwanda:ROUTINE:preventive,Ndashaka kugirwa inama ku mazi yo kunywa.,Ndashaka kugirwa inama ku mazi yo kunywa.
Mfite igisebe ku kirenge kidakira kandi mfite diyabete kuva mu masaha abiri ashize kandi birushaho kuba bibi. Naje mvuye kure.,kinyarwanda,URGENT,chronic_care,kinyarwanda->kinyarwanda:URGENT:chronic_care,Mfite igisebe ku kirenge kidakira kandi mfite diyabete.,Mfite igisebe ku kirenge kidakira kandi mfite diyabete.
"Mfasha, maze iminsi itatu ndwaye impiswi zikomeye kuva hashize icyumweru nta miti imfasha. Ntegereze cyangwa nsuzumwe ubu?",kinyarwanda,URGENT,gastrointestinal,kinyarwanda->kinyarwanda:URGENT:gastrointestinal,maze iminsi itatu ndwaye impiswi zikomeye,maze iminsi itatu ndwaye impiswi zikomeye
"Naje hano mbere, mama arababara cyane mu nda kandi ububabare ntibuhagarara kuva mu gitondo kandi birushaho kuba bibi. Ni imiti ki nafata?",kinyarwanda,URGENT,gastrointestinal,kinyarwanda->kinyarwanda:URGENT:gastrointestinal,{REL} arababara cyane mu nda kandi ububabare ntibuhagarara.,Inda irandya cyane kandi ububabare ntibuhagarara.
"Nzanye umwana wanjye, mu rugo hari umuntu urwaye igituntu kandi papa ashaka kwisuzumisha kuva mu cyumweru gishize kandi nta miti mfite. Murakoze.",kinyarwanda,URGENT,preventive,kinyarwanda->kinyarwanda:URGENT:preventive,Mu rugo hari umuntu urwaye igituntu kandi {REL} ashaka kwisuzumisha.,Mu rugo hari umuntu urwaye igituntu kandi ndashaka kwisuzumisha.
"Naje hano mbere, maze umunsi wose mbabara ngerageza kubyara ariko umwana ntarasohoka kuva hashize iminsi itatu biragenda bikagaruka. Ese ibi birakomeye?",kinyarwanda,CRITICAL,obstetric,kinyarwanda->kinyarwanda:CRITICAL:obstetric,Maze umunsi wose mbabara ngerageza kubyara ariko umwana ntarasohoka.,Maze umunsi wose mbabara ngerageza kubyara ariko umwana ntarasohoka.
"Muraho, umugabo wanjye arababara cyane mu nda kandi ububabare ntibuhagarara bikarushaho nijoro. Ntegereze cyangwa nsuzumwe ubu?",kinyarwanda,URGENT,gastrointestinal,kinyarwanda->kinyarwanda:URGENT:gastrointestinal,{REL} arababara cyane mu nda kandi ububabare ntibuhagarara.,Inda irandya cyane kandi ububabare ntibuhagarara.
Mfite igisebe ku kirenge kidakira kandi mfite diyabete kuva ejo. Abandi bana na bo bafite iki kibazo.,kinyarwanda,URGENT,chronic_care,kinyarwanda->kinyarwanda:URGENT:chronic_care,Mfite igisebe ku kirenge kidakira kandi mfite diyabete.,Mfite igisebe ku kirenge kidakira kandi mfite diyabete.
"Ndakeneye ubufasha, iyo mushiki wanjye ahumetse cyane, arumva mu gituza hamubabaza kuva mu masaha abiri ashize. Murakoze.",kinyarwanda,URGENT,cardiac_respiratory,kinyarwanda->kinyarwanda:URGENT:cardiac_respiratory,"Iyo {REL} ahumetse cyane, arumva mu gituza hamubabaza.","Iyo {REL} ahumetse cyane, arumva mu gituza hamubabaza."
"Mfasha vuba, mu rugo hari umuntu urwaye igituntu kandi ndashaka kwisuzumisha. Ndakeneye ubufasha vuba.",kinyarwanda,URGENT,preventive,kinyarwanda->kinyarwanda:URGENT:preventive,Mu rugo hari umuntu urwaye igituntu kandi ndashaka kwisuzumisha.,Mu rugo hari umuntu urwaye igituntu kandi ndashaka kwisuzumisha.
"Mfasha, mfite umuhaha kuva ejo kandi sinshobora gusinzira. Ni imiti ki nafata?",kinyarwanda,URGENT,paediatric,kinyarwanda->kinyarwanda:URGENT:paediatric,Mfite umuhaha.,Mfite umuhaha.
"Muganga, maze iminsi itatu ndwaye impiswi zikomeye kuva hashize iminsi itatu. Ndakeneye ubufasha vuba.",kinyarwanda,URGENT,gastrointestinal,kinyarwanda->kinyarwanda:URGENT:gastrointestinal,maze iminsi itatu ndwaye impiswi zikomeye,maze iminsi itatu ndwaye impiswi zikomeye
"Mfasha, mushiki wanjye afite igisebe ku kirenge kidakira kandi afite diyabete kuva mu cyumweru gishize. Abandi bana na bo bafite iki kibazo. Naje mvuye kure.",kinyarwanda,URGENT,chronic_care,kinyarwanda->kinyarwanda:URGENT:chronic_care,{REL} afite igisebe ku kirenge kidakira kandi afite diyabete.,Mfite igisebe ku kirenge kidakira kandi mfite diyabete.
"Simbizi niba bikomeye ariko, papa arababara cyane mu nda kandi ububabare ntibuhagarara kuva hashize iminsi itatu kandi ndahangayitse. Ese ibi birakomeye?",kinyarwanda,URGENT,gastrointestinal,kinyarwanda->kinyarwanda:URGENT:gastrointestinal,{REL} arababara cyane mu nda kandi ububabare ntibuhagarara.,Inda irandya cyane kandi ububabare ntibuhagarara.
Mu rugo hari umuntu urwaye igituntu kandi mama ashaka kwisuzumisha kuva ejo kandi birushaho kuba bibi. Murakoze.,kinyarwanda,URGENT,preventive,kinyarwanda->kinyarwanda:URGENT:preventive,Mu rugo hari umuntu urwaye igituntu kandi {REL} ashaka kwisuzumisha.,Mu rugo hari umuntu urwaye igituntu kandi ndashaka kwisuzumisha.
"Muganga, umugabo wanjye afite igisebe ku kirenge kidakira kandi afite diyabete kuva mu masaha abiri ashize nta miti imfasha. Ese ibi birakomeye?",kinyarwanda,URGENT,chronic_care,kinyarwanda->kinyarwanda:URGENT:chronic_care,{REL} afite igisebe ku kirenge kidakira kandi afite diyabete.,Mfite igisebe ku kirenge kidakira kandi mfite diyabete.
"Mumbabarire, ndashaka kubabwira ikibazo mfite. Umuvuduko w'amaraso wanjye wazamutse cyane kandi umutwe urandya cyane kuva mu cyumweru gishize kandi sinshobora gusinzira. Ntabasha kubona amafaranga yo kongera kuza kwa muganga.",kinyarwanda,URGENT,chronic_care,kinyarwanda->kinyarwanda:URGENT:chronic_care,Umuvuduko w'amaraso wanjye wazamutse cyane kandi umutwe urandya cyane.,Umuvuduko w'amaraso wanjye wazamutse cyane kandi umutwe urandya cyane.
"Muganga, umuturanyi wanjye ari kubyara ariko umugozi w'umwana wabanje gusohoka kuva mu masaha abiri ashize bikarushaho nijoro. Ni imiti ki nafata?",kinyarwanda,CRITICAL,obstetric,kinyarwanda->kinyarwanda:CRITICAL:obstetric,{REL} ari kubyara ariko umugozi w'umwana wabanje gusohoka.,Ndabyara ariko habanje gusohoka umugozi w'umwana.
"Naje hano mbere, papa afite igisebe ku kirenge kidakira kandi afite diyabete kuva mu masaha abiri ashize bikarushaho nijoro. Urakoze.",kinyarwanda,URGENT,chronic_care,kinyarwanda->kinyarwanda:URGENT:chronic_care,{REL} afite igisebe ku kirenge kidakira kandi afite diyabete.,Mfite igisebe ku kirenge kidakira kandi mfite diyabete.
"Mumbabarire, ndashaka kubabwira ikibazo mfite. Umuturanyi wanjye ari kubyara ariko umugozi w'umwana wabanje gusohoka kuva ijoro ryashize. Byatangiye gitunguranye. Naje mvuye kure.",kinyarwanda,CRITICAL,obstetric,kinyarwanda->kinyarwanda:CRITICAL:obstetric,{REL} ari kubyara ariko umugozi w'umwana wabanje gusohoka.,Ndabyara ariko habanje gusohoka umugozi w'umwana.
"Mfasha, mfite ikibazo ku mutwe kandi kirimo guterwa n'urumuri kuva ijoro ryashize kandi nta miti mfite. Urakoze.",kinyarwanda,URGENT,neurological,kinyarwanda->kinyarwanda:URGENT:neurological,Mfite ikibazo ku mutwe kandi kirimo guterwa n'urumuri.,Mfite ikibazo ku mutwe kandi kirimo guterwa n'urumuri.
Mushiki wanjye ahumeka bimugora cyane kandi iminwa ye yahindutse ibara biragenda bikagaruka. Mfasha muganga.,kinyarwanda,CRITICAL,cardiac_respiratory,kinyarwanda->kinyarwanda:CRITICAL:cardiac_respiratory,{REL} ahumeka bimugora cyane kandi iminwa ye yahindutse ibara.,guhumeka birangora cyane kandi iminwa yanjye yahindutse ibara
Mfite umuhaha kuva ubu gitondo cya kare kandi ndahangayitse. Naje mvuye kure.,kinyarwanda,URGENT,paediatric,kinyarwanda->kinyarwanda:URGENT:paediatric,Mfite umuhaha.,Mfite umuhaha.
"Muganga, mfite ikibazo ku mutwe kandi kirimo guterwa n'urumuri kuva ijoro ryashize bikarushaho nijoro. Naje mvuye kure.",kinyarwanda,URGENT,neurological,kinyarwanda->kinyarwanda:URGENT:neurological,Mfite ikibazo ku mutwe kandi kirimo guterwa n'urumuri.,Mfite ikibazo ku mutwe kandi kirimo guterwa n'urumuri.
"Muganga, umuturanyi wanjye ari kubyara ariko umugozi w'umwana wabanje gusohoka kuva hashize iminsi ibiri. Byatangiye gitunguranye. Ese ibi birakomeye?",kinyarwanda,CRITICAL,obstetric,kinyarwanda->kinyarwanda:CRITICAL:obstetric,{REL} ari kubyara ariko umugozi w'umwana wabanje gusohoka.,Ndabyara ariko habanje gusohoka umugozi w'umwana.
"Muganga, mu rugo hari umuntu urwaye igituntu kandi ndashaka kwisuzumisha kandi ndahangayitse. Nkora iki?",kinyarwanda,URGENT,preventive,kinyarwanda->kinyarwanda:URGENT:preventive,Mu rugo hari umuntu urwaye igituntu kandi ndashaka kwisuzumisha.,Mu rugo hari umuntu urwaye igituntu kandi ndashaka kwisuzumisha.
"Muganga, ndatwite kandi nagagaye kuva hashize iminsi itatu biragenda bikagaruka. Ntabasha kubona amafaranga yo kongera kuza kwa muganga.",kinyarwanda,CRITICAL,obstetric,kinyarwanda->kinyarwanda:CRITICAL:obstetric,Ndatwite kandi nagagaye.,Ndatwite kandi nagagaye.
"Muganga, umuvuduko w'amaraso wanjye wazamutse cyane kandi umutwe urandya cyane kuva mu cyumweru gishize kandi sinshobora gusinzira. Murakoze.",kinyarwanda,URGENT,chronic_care,kinyarwanda->kinyarwanda:URGENT:chronic_care,Umuvuduko w'amaraso wanjye wazamutse cyane kandi umutwe urandya cyane.,Umuvuduko w'amaraso wanjye wazamutse cyane kandi umutwe urandya cyane.
"Nyabuneka, mfite ikibazo ku mutwe kandi kirimo guterwa n'urumuri kandi sinshobora gusinzira. Mfasha muganga.",kinyarwanda,URGENT,neurological,kinyarwanda->kinyarwanda:URGENT:neurological,Mfite ikibazo ku mutwe kandi kirimo guterwa n'urumuri.,Mfite ikibazo ku mutwe kandi kirimo guterwa n'urumuri.
"Mumbabarire, ndashaka kubabwira ikibazo mfite. Mfite igisebe ku kirenge kidakira kandi mfite diyabete kuva mu cyumweru gishize biragenda bikagaruka. Ntabasha kubona amafaranga yo kongera kuza kwa muganga.",kinyarwanda,URGENT,chronic_care,kinyarwanda->kinyarwanda:URGENT:chronic_care,Mfite igisebe ku kirenge kidakira kandi mfite diyabete.,Mfite igisebe ku kirenge kidakira kandi mfite diyabete.
"Mfasha vuba, mfite igisebe ku kirenge kidakira kandi mfite diyabete kuva ejo biragenda bikagaruka. Ese ibi birakomeye?",kinyarwanda,URGENT,chronic_care,kinyarwanda->kinyarwanda:URGENT:chronic_care,Mfite igisebe ku kirenge kidakira kandi mfite diyabete.,Mfite igisebe ku kirenge kidakira kandi mfite diyabete.
Ndashaka kukubwira ikibazo mfite. Mfite igisebe ku kirenge kidakira kandi mfite diyabete kuva ejo. Abandi bana na bo bafite iki kibazo. Ni imiti ki nafata?,kinyarwanda,URGENT,chronic_care,kinyarwanda->kinyarwanda:URGENT:chronic_care,Mfite igisebe ku kirenge kidakira kandi mfite diyabete.,Mfite igisebe ku kirenge kidakira kandi mfite diyabete.
"Ndakeneye ubufasha, mama afite igisebe ku kirenge kidakira kandi afite diyabete kuva mu masaha abiri ashize biragenda bikagaruka",kinyarwanda,URGENT,chronic_care,kinyarwanda->kinyarwanda:URGENT:chronic_care,{REL} afite igisebe ku kirenge kidakira kandi afite diyabete.,Mfite igisebe ku kirenge kidakira kandi mfite diyabete.
"Mfasha vuba, umugore wanjye ari kubyara ariko umugozi w'umwana wabanje gusohoka kuva hashize iminsi ibiri kandi sinshobora gusinzira. Mfasha muganga.",kinyarwanda,CRITICAL,obstetric,kinyarwanda->kinyarwanda:CRITICAL:obstetric,{REL} ari kubyara ariko umugozi w'umwana wabanje gusohoka.,Ndabyara ariko habanje gusohoka umugozi w'umwana.
"Nzanye umwana wanjye, umukecuru afite gahunda yo gukingiza umwana kuva mu masaha abiri ashize. Byatangiye gitunguranye. Mfasha muganga.",kinyarwanda,ROUTINE,preventive,kinyarwanda->kinyarwanda:ROUTINE:preventive,{REL} afite gahunda yo gukingiza umwana.,Mfite gahunda yo gukingiza umwana.
"Nzanye umwana wanjye, umuvuduko w'amaraso wanjye wazamutse cyane kandi umutwe urandya cyane kuva hashize icyumweru bikarushaho nijoro. Nkora iki?",kinyarwanda,URGENT,chronic_care,kinyarwanda->kinyarwanda:URGENT:chronic_care,Umuvuduko w'amaraso wanjye wazamutse cyane kandi umutwe urandya cyane.,Umuvuduko w'amaraso wanjye wazamutse cyane kandi umutwe urandya cyane.
"Muraho, mu rugo hari umuntu urwaye igituntu kandi ndashaka kwisuzumisha kuva ijoro ryashize. Abandi bana na bo bafite iki kibazo. Ni imiti ki nafata?",kinyarwanda,URGENT,preventive,kinyarwanda->kinyarwanda:URGENT:preventive,Mu rugo hari umuntu urwaye igituntu kandi ndashaka kwisuzumisha.,Mu rugo hari umuntu urwaye igituntu kandi ndashaka kwisuzumisha.
"Mumbabarire, ndashaka kubabwira ikibazo mfite. Umugabo wanjye ahumeka bimugora cyane kandi iminwa ye yahindutse ibara kuva mu gitondo. Ntegereze cyangwa nsuzumwe ubu?",kinyarwanda,CRITICAL,cardiac_respiratory,kinyarwanda->kinyarwanda:CRITICAL:cardiac_respiratory,{REL} ahumeka bimugora cyane kandi iminwa ye yahindutse ibara.,guhumeka birangora cyane kandi iminwa yanjye yahindutse ibara
"Ndakeneye ubufasha, umwana wanjye arababara cyane mu nda kandi ububabare ntibuhagarara kuva mu cyumweru gishize kandi sinshobora gusinzira. Ndakeneye ubufasha vuba.",kinyarwanda,URGENT,gastrointestinal,kinyarwanda->kinyarwanda:URGENT:gastrointestinal,{REL} arababara cyane mu nda kandi ububabare ntibuhagarara.,Inda irandya cyane kandi ububabare ntibuhagarara.
"Naje hano mbere, umukecuru ahumeka bimugora cyane kandi iminwa ye yahindutse ibara kandi sinshobora gusinzira. Nkora iki?",kinyarwanda,CRITICAL,cardiac_respiratory,kinyarwanda->kinyarwanda:CRITICAL:cardiac_respiratory,{REL} ahumeka bimugora cyane kandi iminwa ye yahindutse ibara.,guhumeka birangora cyane kandi iminwa yanjye yahindutse ibara
"Mfasha vuba, umuvuduko w'amaraso wanjye wazamutse cyane kandi umutwe urandya cyane kuva mu gitondo. Byatangiye gitunguranye. Murakoze.",kinyarwanda,URGENT,chronic_care,kinyarwanda->kinyarwanda:URGENT:chronic_care,Umuvuduko w'amaraso wanjye wazamutse cyane kandi umutwe urandya cyane.,Umuvuduko w'amaraso wanjye wazamutse cyane kandi umutwe urandya cyane.
"Naje hano mbere, ndashaka kugirwa inama ku mazi yo kunywa kuva ubu gitondo cya kare nta miti imfasha. Ntegereze cyangwa nsuzumwe ubu?",kinyarwanda,ROUTINE,preventive,kinyarwanda->kinyarwanda:ROUTINE:preventive,Ndashaka kugirwa inama ku mazi yo kunywa.,Ndashaka kugirwa inama ku mazi yo kunywa.
"Simbizi niba bikomeye ariko, umuvuduko w'amaraso wanjye wazamutse cyane kandi umutwe urandya cyane kuva mu cyumweru gishize kandi ndahangayitse. Ese ibi birakomeye?",kinyarwanda,URGENT,chronic_care,kinyarwanda->kinyarwanda:URGENT:chronic_care,Umuvuduko w'amaraso wanjye wazamutse cyane kandi umutwe urandya cyane.,Umuvuduko w'amaraso wanjye wazamutse cyane kandi umutwe urandya cyane.
"Mumbabarire, ndashaka kubabwira ikibazo mfite. Mama ari kubyara ariko umugozi w'umwana wabanje gusohoka kuva mu gitondo biragenda bikagaruka. Naje mvuye kure.",kinyarwanda,CRITICAL,obstetric,kinyarwanda->kinyarwanda:CRITICAL:obstetric,{REL} ari kubyara ariko umugozi w'umwana wabanje gusohoka.,Ndabyara ariko habanje gusohoka umugozi w'umwana.
Umugabo wanjye ahumeka bimugora cyane kandi iminwa ye yahindutse ibara kuva mu cyumweru gishize. Abandi bana na bo bafite iki kibazo. Ndakeneye ubufasha vuba.,kinyarwanda,CRITICAL,cardiac_respiratory,kinyarwanda->kinyarwanda:CRITICAL:cardiac_respiratory,{REL} ahumeka bimugora cyane kandi iminwa ye yahindutse ibara.,guhumeka birangora cyane kandi iminwa yanjye yahindutse ibara
"Nyabuneka, mu rugo hari umuntu urwaye igituntu kandi mushiki wanjye ashaka kwisuzumisha kuva hashize iminsi itatu kandi nta miti mfite. Mfasha muganga.",kinyarwanda,URGENT,preventive,kinyarwanda->kinyarwanda:URGENT:preventive,Mu rugo hari umuntu urwaye igituntu kandi {REL} ashaka kwisuzumisha.,Mu rugo hari umuntu urwaye igituntu kandi ndashaka kwisuzumisha.
"Nyabuneka, iyo umukecuru ahumetse cyane, arumva mu gituza hamubabaza kuva hashize icyumweru kandi birushaho kuba bibi. Ese ibi birakomeye?",kinyarwanda,URGENT,cardiac_respiratory,kinyarwanda->kinyarwanda:URGENT:cardiac_respiratory,"Iyo {REL} ahumetse cyane, arumva mu gituza hamubabaza.","Iyo {REL} ahumetse cyane, arumva mu gituza hamubabaza."
"Umugabo wanjye afite ibimenyetso bya malariya, umuriro n'imbeho kuva ijoro ryashize. Abandi bana na bo bafite iki kibazo. Ndakeneye ubufasha vuba.",kinyarwanda,URGENT,infectious_fever,kinyarwanda->kinyarwanda:URGENT:infectious_fever,"{REL} afite ibimenyetso bya malariya, umuriro n'imbeho.","Mfite ibimenyetso bya malariya, umuriro n'imbeho."
Ndashaka kukubwira ikibazo mfite. Mu rugo hari umuntu urwaye igituntu kandi ndashaka kwisuzumisha kuva ijoro ryashize nta miti imfasha. Naje mvuye kure.,kinyarwanda,URGENT,preventive,kinyarwanda->kinyarwanda:URGENT:preventive,Mu rugo hari umuntu urwaye igituntu kandi ndashaka kwisuzumisha.,Mu rugo hari umuntu urwaye igituntu kandi ndashaka kwisuzumisha.
"Ndakeneye ubufasha, umuvuduko w'amaraso wanjye wazamutse cyane kandi umutwe urandya cyane kandi birushaho kuba bibi. Nkora iki?",kinyarwanda,URGENT,chronic_care,kinyarwanda->kinyarwanda:URGENT:chronic_care,Umuvuduko w'amaraso wanjye wazamutse cyane kandi umutwe urandya cyane.,Umuvuduko w'amaraso wanjye wazamutse cyane kandi umutwe urandya cyane.
"Muganga, umugabo wanjye arababara cyane mu nda kandi ububabare ntibuhagarara kuva hashize iminsi ibiri nta miti imfasha. Ndakeneye ubufasha vuba.",kinyarwanda,URGENT,gastrointestinal,kinyarwanda->kinyarwanda:URGENT:gastrointestinal,{REL} arababara cyane mu nda kandi ububabare ntibuhagarara.,Inda irandya cyane kandi ububabare ntibuhagarara.
"Naje hano mbere, umuvuduko w'amaraso wanjye wazamutse cyane kandi umutwe urandya cyane kuva ijoro ryashize kandi sinshobora gusinzira. Ntabasha kubona amafaranga yo kongera kuza kwa muganga.",kinyarwanda,URGENT,chronic_care,kinyarwanda->kinyarwanda:URGENT:chronic_care,Umuvuduko w'amaraso wanjye wazamutse cyane kandi umutwe urandya cyane.,Umuvuduko w'amaraso wanjye wazamutse cyane kandi umutwe urandya cyane.
"Mfasha vuba, umugabo wanjye ahumeka bimugora cyane kandi iminwa ye yahindutse ibara kuva ubu gitondo cya kare nta miti imfasha",kinyarwanda,CRITICAL,cardiac_respiratory,kinyarwanda->kinyarwanda:CRITICAL:cardiac_respiratory,{REL} ahumeka bimugora cyane kandi iminwa ye yahindutse ibara.,guhumeka birangora cyane kandi iminwa yanjye yahindutse ibara
"Muganga, umukecuru ahumeka bimugora cyane kandi iminwa ye yahindutse ibara kuva mu gitondo biragenda bikagaruka. Ntegereze cyangwa nsuzumwe ubu?",kinyarwanda,CRITICAL,cardiac_respiratory,kinyarwanda->kinyarwanda:CRITICAL:cardiac_respiratory,{REL} ahumeka bimugora cyane kandi iminwa ye yahindutse ibara.,guhumeka birangora cyane kandi iminwa yanjye yahindutse ibara
"Ndakeneye ubufasha, mfite ikibazo ku mutwe kandi kirimo guterwa n'urumuri kuva ubu gitondo cya kare kandi ndahangayitse. Naje mvuye kure.",kinyarwanda,URGENT,neurological,kinyarwanda->kinyarwanda:URGENT:neurological,Mfite ikibazo ku mutwe kandi kirimo guterwa n'urumuri.,Mfite ikibazo ku mutwe kandi kirimo guterwa n'urumuri.
"Muganga, mfite ikibazo ku mutwe kandi kirimo guterwa n'urumuri kuva mu masaha abiri ashize biragenda bikagaruka. Murakoze.",kinyarwanda,URGENT,neurological,kinyarwanda->kinyarwanda:URGENT:neurological,Mfite ikibazo ku mutwe kandi kirimo guterwa n'urumuri.,Mfite ikibazo ku mutwe kandi kirimo guterwa n'urumuri.
"Simbizi niba bikomeye ariko, mama afite igisebe ku kirenge kidakira kandi afite diyabete kuva ijoro ryashize kandi sinshobora gusinzira. Urakoze.",kinyarwanda,URGENT,chronic_care,kinyarwanda->kinyarwanda:URGENT:chronic_care,{REL} afite igisebe ku kirenge kidakira kandi afite diyabete.,Mfite igisebe ku kirenge kidakira kandi mfite diyabete.
"Nzanye umwana wanjye, mama afite impiswi zikomeye kandi yagize umwuma kuva mu cyumweru gishize kandi nta miti mfite",kinyarwanda,CRITICAL,gastrointestinal,kinyarwanda->kinyarwanda:CRITICAL:gastrointestinal,{REL} afite impiswi zikomeye kandi yagize umwuma.,{REL} afite impiswi zikomeye kandi yagize umwuma.
"Mumbabarire, ndashaka kubabwira ikibazo mfite. Mfite umuhaha kandi sinshobora gusinzira. Ndakeneye ubufasha vuba.",kinyarwanda,URGENT,paediatric,kinyarwanda->kinyarwanda:URGENT:paediatric,Mfite umuhaha.,Mfite umuhaha.
"Nzanye umwana wanjye, umukecuru afite igisebe ku kirenge kidakira kandi afite diyabete kuva hashize iminsi itatu nta miti imfasha. Murakoze.",kinyarwanda,URGENT,chronic_care,kinyarwanda->kinyarwanda:URGENT:chronic_care,{REL} afite igisebe ku kirenge kidakira kandi afite diyabete.,Mfite igisebe ku kirenge kidakira kandi mfite diyabete.
"Muganga, mushiki wanjye afite ibimenyetso bya malariya, umuriro n'imbeho kuva mu cyumweru gishize kandi sinshobora gusinzira. Ese ibi birakomeye?",kinyarwanda,URGENT,infectious_fever,kinyarwanda->kinyarwanda:URGENT:infectious_fever,"{REL} afite ibimenyetso bya malariya, umuriro n'imbeho.","Mfite ibimenyetso bya malariya, umuriro n'imbeho."
"Muganga, umuvuduko w'amaraso wanjye wazamutse cyane kandi umutwe urandya cyane kuva hashize icyumweru kandi nta miti mfite. Ni imiti ki nafata?",kinyarwanda,URGENT,chronic_care,kinyarwanda->kinyarwanda:URGENT:chronic_care,Umuvuduko w'amaraso wanjye wazamutse cyane kandi umutwe urandya cyane.,Umuvuduko w'amaraso wanjye wazamutse cyane kandi umutwe urandya cyane.
"Muraho, umuturanyi wanjye ari kubyara ariko umugozi w'umwana wabanje gusohoka kuva ubu gitondo cya kare. Abandi bana na bo bafite iki kibazo. Ntegereze cyangwa nsuzumwe ubu?",kinyarwanda,CRITICAL,obstetric,kinyarwanda->kinyarwanda:CRITICAL:obstetric,{REL} ari kubyara ariko umugozi w'umwana wabanje gusohoka.,Ndabyara ariko habanje gusohoka umugozi w'umwana.
"Mfasha vuba, umugore wanjye afite impiswi zikomeye kandi yagize umwuma kuva hashize icyumweru kandi nta miti mfite",kinyarwanda,CRITICAL,gastrointestinal,kinyarwanda->kinyarwanda:CRITICAL:gastrointestinal,{REL} afite impiswi zikomeye kandi yagize umwuma.,{REL} afite impiswi zikomeye kandi yagize umwuma.
"Simbizi niba bikomeye ariko, iyo umugore wanjye ahumetse cyane, arumva mu gituza hamubabaza kuva mu cyumweru gishize. Byatangiye gitunguranye. Ni imiti ki nafata?",kinyarwanda,URGENT,cardiac_respiratory,kinyarwanda->kinyarwanda:URGENT:cardiac_respiratory,"Iyo {REL} ahumetse cyane, arumva mu gituza hamubabaza.","Iyo {REL} ahumetse cyane, arumva mu gituza hamubabaza."
"Mumbabarire, ndashaka kubabwira ikibazo mfite. Umukecuru afite igisebe ku kirenge kidakira kandi afite diyabete kuva hashize icyumweru. Byatangiye gitunguranye. Ntegereze cyangwa nsuzumwe ubu?",kinyarwanda,URGENT,chronic_care,kinyarwanda->kinyarwanda:URGENT:chronic_care,{REL} afite igisebe ku kirenge kidakira kandi afite diyabete.,Mfite igisebe ku kirenge kidakira kandi mfite diyabete.
"Naje hano mbere, maze iminsi itatu ndwaye impiswi zikomeye kuva hashize icyumweru. Abandi bana na bo bafite iki kibazo. Nkora iki?",kinyarwanda,URGENT,gastrointestinal,kinyarwanda->kinyarwanda:URGENT:gastrointestinal,maze iminsi itatu ndwaye impiswi zikomeye,maze iminsi itatu ndwaye impiswi zikomeye
"Ndakeneye ubufasha, umugabo wanjye nta miti ya SIDA afite kuva hashize icyumweru kandi sinshobora gusinzira. Ese ibi birakomeye?",kinyarwanda,URGENT,chronic_care,kinyarwanda->kinyarwanda:URGENT:chronic_care,{REL} nta miti ya SIDA afite.,Nta miti ya SIDA mfite.
"Naje hano mbere, mushiki wanjye arababara cyane mu nda kandi ububabare ntibuhagarara kuva mu cyumweru gishize kandi nta miti mfite. Mfasha muganga.",kinyarwanda,URGENT,gastrointestinal,kinyarwanda->kinyarwanda:URGENT:gastrointestinal,{REL} arababara cyane mu nda kandi ububabare ntibuhagarara.,Inda irandya cyane kandi ububabare ntibuhagarara.
"Nyabuneka, umukecuru afite gahunda yo gukingiza umwana kuva ubu gitondo cya kare kandi sinshobora gusinzira. Mfasha muganga.",kinyarwanda,ROUTINE,preventive,kinyarwanda->kinyarwanda:ROUTINE:preventive,{REL} afite gahunda yo gukingiza umwana.,Mfite gahunda yo gukingiza umwana.
"Nyabuneka, mu rugo hari umuntu urwaye igituntu kandi mushiki wanjye ashaka kwisuzumisha kuva hashize iminsi itatu kandi nta miti mfite. Murakoze.",kinyarwanda,URGENT,preventive,kinyarwanda->kinyarwanda:URGENT:preventive,Mu rugo hari umuntu urwaye igituntu kandi {REL} ashaka kwisuzumisha.,Mu rugo hari umuntu urwaye igituntu kandi ndashaka kwisuzumisha.
"Naje hano mbere, umuturanyi wanjye ari kubyara ariko umugozi w'umwana wabanje gusohoka nta miti imfasha. Ntabasha kubona amafaranga yo kongera kuza kwa muganga.",kinyarwanda,CRITICAL,obstetric,kinyarwanda->kinyarwanda:CRITICAL:obstetric,{REL} ari kubyara ariko umugozi w'umwana wabanje gusohoka.,Ndabyara ariko habanje gusohoka umugozi w'umwana.
Ndatwite kandi nagagaye kuva mu cyumweru gishize. Byatangiye gitunguranye. Mfasha muganga.,kinyarwanda,CRITICAL,obstetric,kinyarwanda->kinyarwanda:CRITICAL:obstetric,Ndatwite kandi nagagaye.,Ndatwite kandi nagagaye.
"Naje hano mbere, umuturanyi wanjye afite igisebe ku kirenge kidakira kandi afite diyabete kuva mu cyumweru gishize. Abandi bana na bo bafite iki kibazo. Ntegereze cyangwa nsuzumwe ubu?",kinyarwanda,URGENT,chronic_care,kinyarwanda->kinyarwanda:URGENT:chronic_care,{REL} afite igisebe ku kirenge kidakira kandi afite diyabete.,Mfite igisebe ku kirenge kidakira kandi mfite diyabete.
"Ndakeneye ubufasha, umwana wanjye nta miti ya SIDA afite kuva hashize icyumweru",kinyarwanda,URGENT,chronic_care,kinyarwanda->kinyarwanda:URGENT:chronic_care,{REL} nta miti ya SIDA afite.,Nta miti ya SIDA mfite.
Mfite umuhaha kuva mu gitondo nta miti imfasha. Ni imiti ki nafata?,kinyarwanda,URGENT,paediatric,kinyarwanda->kinyarwanda:URGENT:paediatric,Mfite umuhaha.,Mfite umuhaha.
"Mfasha vuba, umugore wanjye afite impiswi zikomeye kandi yagize umwuma kuva hashize iminsi itatu nta miti imfasha",kinyarwanda,CRITICAL,gastrointestinal,kinyarwanda->kinyarwanda:CRITICAL:gastrointestinal,{REL} afite impiswi zikomeye kandi yagize umwuma.,{REL} afite impiswi zikomeye kandi yagize umwuma.
"Nzanye umwana wanjye, papa arababara cyane mu nda kandi ububabare ntibuhagarara kuva ijoro ryashize. Byatangiye gitunguranye. Naje mvuye kure.",kinyarwanda,URGENT,gastrointestinal,kinyarwanda->kinyarwanda:URGENT:gastrointestinal,{REL} arababara cyane mu nda kandi ububabare ntibuhagarara.,Inda irandya cyane kandi ububabare ntibuhagarara.
Ndashaka kukubwira ikibazo mfite. Mfite umuhaha kuva ubu gitondo cya kare bikarushaho nijoro. Ndakeneye ubufasha vuba.,kinyarwanda,URGENT,paediatric,kinyarwanda->kinyarwanda:URGENT:paediatric,Mfite umuhaha.,Mfite umuhaha.
"Muraho, umuturanyi wanjye ahumeka bimugora cyane kandi iminwa ye yahindutse ibara kuva mu cyumweru gishize kandi sinshobora gusinzira. Ni imiti ki nafata?",kinyarwanda,CRITICAL,cardiac_respiratory,kinyarwanda->kinyarwanda:CRITICAL:cardiac_respiratory,{REL} ahumeka bimugora cyane kandi iminwa ye yahindutse ibara.,guhumeka birangora cyane kandi iminwa yanjye yahindutse ibara
Mfite ikibazo ku mutwe kandi kirimo guterwa n'urumuri kuva mu gitondo. Naje mvuye kure.,kinyarwanda,URGENT,neurological,kinyarwanda->kinyarwanda:URGENT:neurological,Mfite ikibazo ku mutwe kandi kirimo guterwa n'urumuri.,Mfite ikibazo ku mutwe kandi kirimo guterwa n'urumuri.
"Ndakeneye ubufasha, mama afite impiswi zikomeye kandi yagize umwuma kuva ejo. Abandi bana na bo bafite iki kibazo. Ese ibi birakomeye?",kinyarwanda,CRITICAL,gastrointestinal,kinyarwanda->kinyarwanda:CRITICAL:gastrointestinal,{REL} afite impiswi zikomeye kandi yagize umwuma.,{REL} afite impiswi zikomeye kandi yagize umwuma.
"Muraho, ndashaka kugirwa inama ku mazi yo kunywa kuva hashize iminsi itatu nta miti imfasha. Urakoze.",kinyarwanda,ROUTINE,preventive,kinyarwanda->kinyarwanda:ROUTINE:preventive,Ndashaka kugirwa inama ku mazi yo kunywa.,Ndashaka kugirwa inama ku mazi yo kunywa.
Umuturanyi wanjye ari kubyara ariko umugozi w'umwana wabanje gusohoka kuva mu gitondo kandi birushaho kuba bibi. Ntegereze cyangwa nsuzumwe ubu?,kinyarwanda,CRITICAL,obstetric,kinyarwanda->kinyarwanda:CRITICAL:obstetric,{REL} ari kubyara ariko umugozi w'umwana wabanje gusohoka.,Ndabyara ariko habanje gusohoka umugozi w'umwana.
Ndashaka kukubwira ikibazo mfite. Mama yabyimbye ibirenge kandi ntashobora guhumeka neza iyo aragaramye kuva hashize iminsi ibiri nta miti imfasha. Ese ibi birakomeye?,kinyarwanda,URGENT,chronic_care,kinyarwanda->kinyarwanda:URGENT:chronic_care,{REL} yabyimbye ibirenge kandi ntashobora guhumeka neza iyo aragaramye.,Nabyimbye ibirenge kandi sinshobora guhumeka neza iyo ndagaramye.
"Mfasha, umuvuduko w'amaraso wanjye wazamutse cyane kandi umutwe urandya cyane kuva mu cyumweru gishize kandi nta miti mfite. Nkora iki?",kinyarwanda,URGENT,chronic_care,kinyarwanda->kinyarwanda:URGENT:chronic_care,Umuvuduko w'amaraso wanjye wazamutse cyane kandi umutwe urandya cyane.,Umuvuduko w'amaraso wanjye wazamutse cyane kandi umutwe urandya cyane.
"Nzanye umwana wanjye, maze umunsi wose mbabara ngerageza kubyara ariko umwana ntarasohoka kuva ejo. Byatangiye gitunguranye. Naje mvuye kure.",kinyarwanda,CRITICAL,obstetric,kinyarwanda->kinyarwanda:CRITICAL:obstetric,Maze umunsi wose mbabara ngerageza kubyara ariko umwana ntarasohoka.,Maze umunsi wose mbabara ngerageza kubyara ariko umwana ntarasohoka.
"Muraho, maze umunsi wose mbabara ngerageza kubyara ariko umwana ntarasohoka kuva mu cyumweru gishize kandi sinshobora gusinzira. Ndakeneye ubufasha vuba.",kinyarwanda,CRITICAL,obstetric,kinyarwanda->kinyarwanda:CRITICAL:obstetric,Maze umunsi wose mbabara ngerageza kubyara ariko umwana ntarasohoka.,Maze umunsi wose mbabara ngerageza kubyara ariko umwana ntarasohoka.
"Mfasha, umuturanyi wanjye ari kubyara ariko umugozi w'umwana wabanje gusohoka kuva mu gitondo. Nkora iki?",kinyarwanda,CRITICAL,obstetric,kinyarwanda->kinyarwanda:CRITICAL:obstetric,{REL} ari kubyara ariko umugozi w'umwana wabanje gusohoka.,Ndabyara ariko habanje gusohoka umugozi w'umwana.
"Mumbabarire, ndashaka kubabwira ikibazo mfite. Mama afite impiswi zikomeye kandi yagize umwuma kuva ijoro ryashize kandi nta miti mfite. Ni imiti ki nafata?",kinyarwanda,CRITICAL,gastrointestinal,kinyarwanda->kinyarwanda:CRITICAL:gastrointestinal,{REL} afite impiswi zikomeye kandi yagize umwuma.,{REL} afite impiswi zikomeye kandi yagize umwuma.
Mushiki wanjye yabyimbye ibirenge kandi ntashobora guhumeka neza iyo aragaramye kuva ubu gitondo cya kare kandi ndahangayitse. Mfasha muganga.,kinyarwanda,URGENT,chronic_care,kinyarwanda->kinyarwanda:URGENT:chronic_care,{REL} yabyimbye ibirenge kandi ntashobora guhumeka neza iyo aragaramye.,Nabyimbye ibirenge kandi sinshobora guhumeka neza iyo ndagaramye.
"Mfasha vuba, umukecuru afite gahunda yo gukingiza umwana kuva ejo biragenda bikagaruka. Naje mvuye kure.",kinyarwanda,ROUTINE,preventive,kinyarwanda->kinyarwanda:ROUTINE:preventive,{REL} afite gahunda yo gukingiza umwana.,Mfite gahunda yo gukingiza umwana.
"Mumbabarire, ndashaka kubabwira ikibazo mfite. Mfite umuhaha kuva ubu gitondo cya kare. Abandi bana na bo bafite iki kibazo.",kinyarwanda,URGENT,paediatric,kinyarwanda->kinyarwanda:URGENT:paediatric,Mfite umuhaha.,Mfite umuhaha.
"Muganga, maze iminsi itatu ndwaye impiswi zikomeye kuva hashize iminsi itatu. Ni imiti ki nafata?",kinyarwanda,URGENT,gastrointestinal,kinyarwanda->kinyarwanda:URGENT:gastrointestinal,maze iminsi itatu ndwaye impiswi zikomeye,maze iminsi itatu ndwaye impiswi zikomeye
"Mfasha, mu rugo hari umuntu urwaye igituntu kandi papa ashaka kwisuzumisha kuva mu gitondo bikarushaho nijoro. Urakoze.",kinyarwanda,URGENT,preventive,kinyarwanda->kinyarwanda:URGENT:preventive,Mu rugo hari umuntu urwaye igituntu kandi {REL} ashaka kwisuzumisha.,Mu rugo hari umuntu urwaye igituntu kandi ndashaka kwisuzumisha.
"Mfasha vuba, mfite umuhaha bikarushaho nijoro. Naje mvuye kure.",kinyarwanda,URGENT,paediatric,kinyarwanda->kinyarwanda:URGENT:paediatric,Mfite umuhaha.,Mfite umuhaha.
"Muraho, umuvuduko w'amaraso wanjye wazamutse cyane kandi umutwe urandya cyane kuva ejo bikarushaho nijoro. Ndakeneye ubufasha vuba.",kinyarwanda,URGENT,chronic_care,kinyarwanda->kinyarwanda:URGENT:chronic_care,Umuvuduko w'amaraso wanjye wazamutse cyane kandi umutwe urandya cyane.,Umuvuduko w'amaraso wanjye wazamutse cyane kandi umutwe urandya cyane.
Umugore wanjye ari kubyara ariko umugozi w'umwana wabanje gusohoka kuva hashize icyumweru biragenda bikagaruka. Ntegereze cyangwa nsuzumwe ubu?,kinyarwanda,CRITICAL,obstetric,kinyarwanda->kinyarwanda:CRITICAL:obstetric,{REL} ari kubyara ariko umugozi w'umwana wabanje gusohoka.,Ndabyara ariko habanje gusohoka umugozi w'umwana.
"Mfasha, mfite umuhaha kuva ijoro ryashize kandi sinshobora gusinzira. Ni imiti ki nafata?",kinyarwanda,URGENT,paediatric,kinyarwanda->kinyarwanda:URGENT:paediatric,Mfite umuhaha.,Mfite umuhaha.
"Mumbabarire, ndashaka kubabwira ikibazo mfite. Mu rugo hari umuntu urwaye igituntu kandi ndashaka kwisuzumisha kuva ijoro ryashize. Abandi bana na bo bafite iki kibazo. Ntabasha kubona amafaranga yo kongera kuza kwa muganga.",kinyarwanda,URGENT,preventive,kinyarwanda->kinyarwanda:URGENT:preventive,Mu rugo hari umuntu urwaye igituntu kandi ndashaka kwisuzumisha.,Mu rugo hari umuntu urwaye igituntu kandi ndashaka kwisuzumisha.
"Ndakeneye ubufasha, mushiki wanjye ahumeka bimugora cyane kandi iminwa ye yahindutse ibara kuva ejo. Abandi bana na bo bafite iki kibazo. Nkora iki?",kinyarwanda,CRITICAL,cardiac_respiratory,kinyarwanda->kinyarwanda:CRITICAL:cardiac_respiratory,{REL} ahumeka bimugora cyane kandi iminwa ye yahindutse ibara.,guhumeka birangora cyane kandi iminwa yanjye yahindutse ibara
"Nzanye umwana wanjye, umukecuru afite impiswi zikomeye kandi yagize umwuma kuva mu masaha abiri ashize nta miti imfasha. Ese ibi birakomeye?",kinyarwanda,CRITICAL,gastrointestinal,kinyarwanda->kinyarwanda:CRITICAL:gastrointestinal,{REL} afite impiswi zikomeye kandi yagize umwuma.,{REL} afite impiswi zikomeye kandi yagize umwuma.
"Muganga, maze iminsi itatu ndwaye impiswi zikomeye kuva mu masaha abiri ashize. Ntabasha kubona amafaranga yo kongera kuza kwa muganga.",kinyarwanda,URGENT,gastrointestinal,kinyarwanda->kinyarwanda:URGENT:gastrointestinal,maze iminsi itatu ndwaye impiswi zikomeye,maze iminsi itatu ndwaye impiswi zikomeye
"Nzanye umwana wanjye, maze iminsi itatu ndwaye impiswi zikomeye kuva hashize icyumweru kandi sinshobora gusinzira. Ntegereze cyangwa nsuzumwe ubu?",kinyarwanda,URGENT,gastrointestinal,kinyarwanda->kinyarwanda:URGENT:gastrointestinal,maze iminsi itatu ndwaye impiswi zikomeye,maze iminsi itatu ndwaye impiswi zikomeye
"Mfasha vuba, mushiki wanjye ari kubyara ariko umugozi w'umwana wabanje gusohoka kuva ejo kandi birushaho kuba bibi. Ntabasha kubona amafaranga yo kongera kuza kwa muganga.",kinyarwanda,CRITICAL,obstetric,kinyarwanda->kinyarwanda:CRITICAL:obstetric,{REL} ari kubyara ariko umugozi w'umwana wabanje gusohoka.,Ndabyara ariko habanje gusohoka umugozi w'umwana.
"Nzanye umwana wanjye, mu rugo hari umuntu urwaye igituntu kandi mushiki wanjye ashaka kwisuzumisha kuva ejo kandi sinshobora gusinzira. Ndakeneye ubufasha vuba.",kinyarwanda,URGENT,preventive,kinyarwanda->kinyarwanda:URGENT:preventive,Mu rugo hari umuntu urwaye igituntu kandi {REL} ashaka kwisuzumisha.,Mu rugo hari umuntu urwaye igituntu kandi ndashaka kwisuzumisha.
"Naje hano mbere, ndashaka kugirwa inama ku mazi yo kunywa kuva ijoro ryashize kandi nta miti mfite. Ntabasha kubona amafaranga yo kongera kuza kwa muganga.",kinyarwanda,ROUTINE,preventive,kinyarwanda->kinyarwanda:ROUTINE:preventive,Ndashaka kugirwa inama ku mazi yo kunywa.,Ndashaka kugirwa inama ku mazi yo kunywa.
"Nzanye umwana wanjye, umugabo wanjye yabyimbye ibirenge kandi ntashobora guhumeka neza iyo aragaramye kuva mu cyumweru gishize biragenda bikagaruka. Murakoze.",kinyarwanda,URGENT,chronic_care,kinyarwanda->kinyarwanda:URGENT:chronic_care,{REL} yabyimbye ibirenge kandi ntashobora guhumeka neza iyo aragaramye.,Nabyimbye ibirenge kandi sinshobora guhumeka neza iyo ndagaramye.
"Muganga, maze iminsi itatu ndwaye impiswi zikomeye kuva hashize icyumweru kandi birushaho kuba bibi. Urakoze.",kinyarwanda,URGENT,gastrointestinal,kinyarwanda->kinyarwanda:URGENT:gastrointestinal,maze iminsi itatu ndwaye impiswi zikomeye,maze iminsi itatu ndwaye impiswi zikomeye
"Ndakeneye ubufasha, umugore wanjye ari kubyara ariko umugozi w'umwana wabanje gusohoka kuva hashize iminsi itatu kandi nta miti mfite. Naje mvuye kure.",kinyarwanda,CRITICAL,obstetric,kinyarwanda->kinyarwanda:CRITICAL:obstetric,{REL} ari kubyara ariko umugozi w'umwana wabanje gusohoka.,Ndabyara ariko habanje gusohoka umugozi w'umwana.
"Nzanye umwana wanjye, umugabo wanjye yabyimbye ibirenge kandi ntashobora guhumeka neza iyo aragaramye kandi sinshobora gusinzira. Nkora iki?",kinyarwanda,URGENT,chronic_care,kinyarwanda->kinyarwanda:URGENT:chronic_care,{REL} yabyimbye ibirenge kandi ntashobora guhumeka neza iyo aragaramye.,Nabyimbye ibirenge kandi sinshobora guhumeka neza iyo ndagaramye.
"Naje hano mbere, mfite igisebe ku kirenge kidakira kandi mfite diyabete biragenda bikagaruka. Naje mvuye kure.",kinyarwanda,URGENT,chronic_care,kinyarwanda->kinyarwanda:URGENT:chronic_care,Mfite igisebe ku kirenge kidakira kandi mfite diyabete.,Mfite igisebe ku kirenge kidakira kandi mfite diyabete.
"Simbizi niba bikomeye ariko, mushiki wanjye nta miti ya SIDA afite kuva mu gitondo kandi nta miti mfite. Mfasha muganga.",kinyarwanda,URGENT,chronic_care,kinyarwanda->kinyarwanda:URGENT:chronic_care,{REL} nta miti ya SIDA afite.,Nta miti ya SIDA mfite.
"Nzanye umwana wanjye, umuvuduko w'amaraso wanjye wazamutse cyane kandi umutwe urandya cyane kuva mu cyumweru gishize kandi nta miti mfite. Ntabasha kubona amafaranga yo kongera kuza kwa muganga.",kinyarwanda,URGENT,chronic_care,kinyarwanda->kinyarwanda:URGENT:chronic_care,Umuvuduko w'amaraso wanjye wazamutse cyane kandi umutwe urandya cyane.,Umuvuduko w'amaraso wanjye wazamutse cyane kandi umutwe urandya cyane.
"Mumbabarire, ndashaka kubabwira ikibazo mfite. Mfite igisebe ku kirenge kidakira kandi mfite diyabete kuva hashize iminsi ibiri nta miti imfasha. Ese ibi birakomeye?",kinyarwanda,URGENT,chronic_care,kinyarwanda->kinyarwanda:URGENT:chronic_care,Mfite igisebe ku kirenge kidakira kandi mfite diyabete.,Mfite igisebe ku kirenge kidakira kandi mfite diyabete.
"Mfasha vuba, umuturanyi wanjye yabyimbye ibirenge kandi ntashobora guhumeka neza iyo aragaramye kuva ubu gitondo cya kare. Ni imiti ki nafata?",kinyarwanda,URGENT,chronic_care,kinyarwanda->kinyarwanda:URGENT:chronic_care,{REL} yabyimbye ibirenge kandi ntashobora guhumeka neza iyo aragaramye.,Nabyimbye ibirenge kandi sinshobora guhumeka neza iyo ndagaramye.
"Nyabuneka, mushiki wanjye afite gahunda yo gukingiza umwana kuva ubu gitondo cya kare biragenda bikagaruka. Ntegereze cyangwa nsuzumwe ubu?",kinyarwanda,ROUTINE,preventive,kinyarwanda->kinyarwanda:ROUTINE:preventive,{REL} afite gahunda yo gukingiza umwana.,Mfite gahunda yo gukingiza umwana.
"Naje hano mbere, mu rugo hari umuntu urwaye igituntu kandi umuturanyi wanjye ashaka kwisuzumisha kuva ijoro ryashize kandi sinshobora gusinzira",kinyarwanda,URGENT,preventive,kinyarwanda->kinyarwanda:URGENT:preventive,Mu rugo hari umuntu urwaye igituntu kandi {REL} ashaka kwisuzumisha.,Mu rugo hari umuntu urwaye igituntu kandi ndashaka kwisuzumisha.
"Nyabuneka, ndashaka kugirwa inama ku mazi yo kunywa kuva ijoro ryashize kandi ndahangayitse. Mfasha muganga.",kinyarwanda,ROUTINE,preventive,kinyarwanda->kinyarwanda:ROUTINE:preventive,Ndashaka kugirwa inama ku mazi yo kunywa.,Ndashaka kugirwa inama ku mazi yo kunywa.
"Ndakeneye ubufasha, umwana wanjye arababara cyane mu nda kandi ububabare ntibuhagarara kuva hashize iminsi itatu bikarushaho nijoro. Ndakeneye ubufasha vuba.",kinyarwanda,URGENT,gastrointestinal,kinyarwanda->kinyarwanda:URGENT:gastrointestinal,{REL} arababara cyane mu nda kandi ububabare ntibuhagarara.,Inda irandya cyane kandi ububabare ntibuhagarara.
"Muraho, mfite igisebe ku kirenge kidakira kandi mfite diyabete kuva mu masaha abiri ashize. Urakoze.",kinyarwanda,URGENT,chronic_care,kinyarwanda->kinyarwanda:URGENT:chronic_care,Mfite igisebe ku kirenge kidakira kandi mfite diyabete.,Mfite igisebe ku kirenge kidakira kandi mfite diyabete.
"Naje hano mbere, mfite umuhaha kuva mu masaha abiri ashize. Abandi bana na bo bafite iki kibazo. Ese ibi birakomeye?",kinyarwanda,URGENT,paediatric,kinyarwanda->kinyarwanda:URGENT:paediatric,Mfite umuhaha.,Mfite umuhaha.
"Muganga, mu rugo hari umuntu urwaye igituntu kandi ndashaka kwisuzumisha kuva mu gitondo kandi birushaho kuba bibi. Urakoze.",kinyarwanda,URGENT,preventive,kinyarwanda->kinyarwanda:URGENT:preventive,Mu rugo hari umuntu urwaye igituntu kandi ndashaka kwisuzumisha.,Mu rugo hari umuntu urwaye igituntu kandi ndashaka kwisuzumisha.
Maze iminsi itatu ndwaye impiswi zikomeye kuva mu cyumweru gishize kandi sinshobora gusinzira. Murakoze.,kinyarwanda,URGENT,gastrointestinal,kinyarwanda->kinyarwanda:URGENT:gastrointestinal,maze iminsi itatu ndwaye impiswi zikomeye,maze iminsi itatu ndwaye impiswi zikomeye
"Nzanye umwana wanjye, mu rugo hari umuntu urwaye igituntu kandi ndashaka kwisuzumisha kuva hashize icyumweru bikarushaho nijoro. Ndakeneye ubufasha vuba.",kinyarwanda,URGENT,preventive,kinyarwanda->kinyarwanda:URGENT:preventive,Mu rugo hari umuntu urwaye igituntu kandi ndashaka kwisuzumisha.,Mu rugo hari umuntu urwaye igituntu kandi ndashaka kwisuzumisha.
"Simbizi niba bikomeye ariko, umuvuduko w'amaraso wanjye wazamutse cyane kandi umutwe urandya cyane kuva mu gitondo. Abandi bana na bo bafite iki kibazo. Ntegereze cyangwa nsuzumwe ubu?",kinyarwanda,URGENT,chronic_care,kinyarwanda->kinyarwanda:URGENT:chronic_care,Umuvuduko w'amaraso wanjye wazamutse cyane kandi umutwe urandya cyane.,Umuvuduko w'amaraso wanjye wazamutse cyane kandi umutwe urandya cyane.
"Mfasha, mfite igisebe ku kirenge kidakira kandi mfite diyabete kuva mu cyumweru gishize kandi birushaho kuba bibi. Murakoze.",kinyarwanda,URGENT,chronic_care,kinyarwanda->kinyarwanda:URGENT:chronic_care,Mfite igisebe ku kirenge kidakira kandi mfite diyabete.,Mfite igisebe ku kirenge kidakira kandi mfite diyabete.
"Nyabuneka, mfite ikibazo ku mutwe kandi kirimo guterwa n'urumuri kuva mu cyumweru gishize. Abandi bana na bo bafite iki kibazo. Ntabasha kubona amafaranga yo kongera kuza kwa muganga.",kinyarwanda,URGENT,neurological,kinyarwanda->kinyarwanda:URGENT:neurological,Mfite ikibazo ku mutwe kandi kirimo guterwa n'urumuri.,Mfite ikibazo ku mutwe kandi kirimo guterwa n'urumuri.
"Naje hano mbere, umugore wanjye arababara cyane mu nda kandi ububabare ntibuhagarara kuva mu masaha abiri ashize biragenda bikagaruka. Ntegereze cyangwa nsuzumwe ubu?",kinyarwanda,URGENT,gastrointestinal,kinyarwanda->kinyarwanda:URGENT:gastrointestinal,{REL} arababara cyane mu nda kandi ububabare ntibuhagarara.,Inda irandya cyane kandi ububabare ntibuhagarara.
"Muganga, mushiki wanjye ari kubyara ariko umugozi w'umwana wabanje gusohoka kandi sinshobora gusinzira. Ni imiti ki nafata?",kinyarwanda,CRITICAL,obstetric,kinyarwanda->kinyarwanda:CRITICAL:obstetric,{REL} ari kubyara ariko umugozi w'umwana wabanje gusohoka.,Ndabyara ariko habanje gusohoka umugozi w'umwana.
"Simbizi niba bikomeye ariko, umuvuduko w'amaraso wanjye wazamutse cyane kandi umutwe urandya cyane. Abandi bana na bo bafite iki kibazo. Ni imiti ki nafata?",kinyarwanda,URGENT,chronic_care,kinyarwanda->kinyarwanda:URGENT:chronic_care,Umuvuduko w'amaraso wanjye wazamutse cyane kandi umutwe urandya cyane.,Umuvuduko w'amaraso wanjye wazamutse cyane kandi umutwe urandya cyane.
"Naje hano mbere, umugabo wanjye afite igisebe ku kirenge kidakira kandi afite diyabete kuva mu gitondo. Abandi bana na bo bafite iki kibazo. Naje mvuye kure.",kinyarwanda,URGENT,chronic_care,kinyarwanda->kinyarwanda:URGENT:chronic_care,{REL} afite igisebe ku kirenge kidakira kandi afite diyabete.,Mfite igisebe ku kirenge kidakira kandi mfite diyabete.
"Mumbabarire, ndashaka kubabwira ikibazo mfite. Umugabo wanjye afite igisebe ku kirenge kidakira kandi afite diyabete kuva hashize icyumweru bikarushaho nijoro. Ntabasha kubona amafaranga yo kongera kuza kwa muganga.",kinyarwanda,URGENT,chronic_care,kinyarwanda->kinyarwanda:URGENT:chronic_care,{REL} afite igisebe ku kirenge kidakira kandi afite diyabete.,Mfite igisebe ku kirenge kidakira kandi mfite diyabete.
"Mfasha vuba, ndashaka kugirwa inama ku mazi yo kunywa kuva mu masaha abiri ashize kandi sinshobora gusinzira. Ndakeneye ubufasha vuba.",kinyarwanda,ROUTINE,preventive,kinyarwanda->kinyarwanda:ROUTINE:preventive,Ndashaka kugirwa inama ku mazi yo kunywa.,Ndashaka kugirwa inama ku mazi yo kunywa.
"Mumbabarire, ndashaka kubabwira ikibazo mfite. Maze umunsi wose mbabara ngerageza kubyara ariko umwana ntarasohoka kuva hashize icyumweru biragenda bikagaruka. Nkora iki?",kinyarwanda,CRITICAL,obstetric,kinyarwanda->kinyarwanda:CRITICAL:obstetric,Maze umunsi wose mbabara ngerageza kubyara ariko umwana ntarasohoka.,Maze umunsi wose mbabara ngerageza kubyara ariko umwana ntarasohoka.
"Muganga, umugore wanjye afite igisebe ku kirenge kidakira kandi afite diyabete kuva hashize iminsi ibiri kandi birushaho kuba bibi. Ni imiti ki nafata?",kinyarwanda,URGENT,chronic_care,kinyarwanda->kinyarwanda:URGENT:chronic_care,{REL} afite igisebe ku kirenge kidakira kandi afite diyabete.,Mfite igisebe ku kirenge kidakira kandi mfite diyabete.
Ndashaka kukubwira ikibazo mfite. Papa afite impiswi zikomeye kandi yagize umwuma kuva ubu gitondo cya kare kandi birushaho kuba bibi. Ndakeneye ubufasha vuba.,kinyarwanda,CRITICAL,gastrointestinal,kinyarwanda->kinyarwanda:CRITICAL:gastrointestinal,{REL} afite impiswi zikomeye kandi yagize umwuma.,{REL} afite impiswi zikomeye kandi yagize umwuma.
Ndashaka kukubwira ikibazo mfite. Umukecuru yabyimbye ibirenge kandi ntashobora guhumeka neza iyo aragaramye kuva ejo kandi nta miti mfite. Murakoze.,kinyarwanda,URGENT,chronic_care,kinyarwanda->kinyarwanda:URGENT:chronic_care,{REL} yabyimbye ibirenge kandi ntashobora guhumeka neza iyo aragaramye.,Nabyimbye ibirenge kandi sinshobora guhumeka neza iyo ndagaramye.
"Muraho, maze umunsi wose mbabara ngerageza kubyara ariko umwana ntarasohoka kuva mu masaha abiri ashize kandi nta miti mfite. Nkora iki?",kinyarwanda,CRITICAL,obstetric,kinyarwanda->kinyarwanda:CRITICAL:obstetric,Maze umunsi wose mbabara ngerageza kubyara ariko umwana ntarasohoka.,Maze umunsi wose mbabara ngerageza kubyara ariko umwana ntarasohoka.
"Mumbabarire, ndashaka kubabwira ikibazo mfite. Umuturanyi wanjye arababara cyane mu nda kandi ububabare ntibuhagarara kandi sinshobora gusinzira",kinyarwanda,URGENT,gastrointestinal,kinyarwanda->kinyarwanda:URGENT:gastrointestinal,{REL} arababara cyane mu nda kandi ububabare ntibuhagarara.,Inda irandya cyane kandi ububabare ntibuhagarara.
"Naje hano mbere, umwana wanjye ahumeka bimugora cyane kandi iminwa ye yahindutse ibara kuva mu masaha abiri ashize nta miti imfasha. Naje mvuye kure.",kinyarwanda,CRITICAL,cardiac_respiratory,kinyarwanda->kinyarwanda:CRITICAL:cardiac_respiratory,{REL} ahumeka bimugora cyane kandi iminwa ye yahindutse ibara.,guhumeka birangora cyane kandi iminwa yanjye yahindutse ibara
"Mumbabarire, ndashaka kubabwira ikibazo mfite. Maze umunsi wose mbabara ngerageza kubyara ariko umwana ntarasohoka kuva ubu gitondo cya kare. Byatangiye gitunguranye. Ntegereze cyangwa nsuzumwe ubu?",kinyarwanda,CRITICAL,obstetric,kinyarwanda->kinyarwanda:CRITICAL:obstetric,Maze umunsi wose mbabara ngerageza kubyara ariko umwana ntarasohoka.,Maze umunsi wose mbabara ngerageza kubyara ariko umwana ntarasohoka.
"Muraho, maze umunsi wose mbabara ngerageza kubyara ariko umwana ntarasohoka kuva ubu gitondo cya kare nta miti imfasha",kinyarwanda,CRITICAL,obstetric,kinyarwanda->kinyarwanda:CRITICAL:obstetric,Maze umunsi wose mbabara ngerageza kubyara ariko umwana ntarasohoka.,Maze umunsi wose mbabara ngerageza kubyara ariko umwana ntarasohoka.
"Muraho, mfite ikibazo ku mutwe kandi kirimo guterwa n'urumuri kuva mu cyumweru gishize kandi ndahangayitse. Ndakeneye ubufasha vuba.",kinyarwanda,URGENT,neurological,kinyarwanda->kinyarwanda:URGENT:neurological,Mfite ikibazo ku mutwe kandi kirimo guterwa n'urumuri.,Mfite ikibazo ku mutwe kandi kirimo guterwa n'urumuri.
"Simbizi niba bikomeye ariko, umugabo wanjye arababara cyane mu nda kandi ububabare ntibuhagarara kuva mu gitondo biragenda bikagaruka. Ese ibi birakomeye?",kinyarwanda,URGENT,gastrointestinal,kinyarwanda->kinyarwanda:URGENT:gastrointestinal,{REL} arababara cyane mu nda kandi ububabare ntibuhagarara.,Inda irandya cyane kandi ububabare ntibuhagarara.
"Ndakeneye ubufasha, umukecuru nta miti ya SIDA afite kuva hashize iminsi ibiri bikarushaho nijoro. Murakoze.",kinyarwanda,URGENT,chronic_care,kinyarwanda->kinyarwanda:URGENT:chronic_care,{REL} nta miti ya SIDA afite.,Nta miti ya SIDA mfite.
"Muganga, ndatwite kandi nagagaye biragenda bikagaruka. Ntegereze cyangwa nsuzumwe ubu?",kinyarwanda,CRITICAL,obstetric,kinyarwanda->kinyarwanda:CRITICAL:obstetric,Ndatwite kandi nagagaye.,Ndatwite kandi nagagaye.
Umugore wanjye afite gahunda yo gukingiza umwana kuva ijoro ryashize. Byatangiye gitunguranye.,kinyarwanda,ROUTINE,preventive,kinyarwanda->kinyarwanda:ROUTINE:preventive,{REL} afite gahunda yo gukingiza umwana.,Mfite gahunda yo gukingiza umwana.
"Ndakeneye ubufasha, mama ari kubyara ariko umugozi w'umwana wabanje gusohoka kuva hashize iminsi itatu biragenda bikagaruka. Nkora iki?",kinyarwanda,CRITICAL,obstetric,kinyarwanda->kinyarwanda:CRITICAL:obstetric,{REL} ari kubyara ariko umugozi w'umwana wabanje gusohoka.,Ndabyara ariko habanje gusohoka umugozi w'umwana.
"Nyabuneka, umugabo wanjye afite ibimenyetso bya malariya, umuriro n'imbeho kuva mu cyumweru gishize bikarushaho nijoro. Murakoze.",kinyarwanda,URGENT,infectious_fever,kinyarwanda->kinyarwanda:URGENT:infectious_fever,"{REL} afite ibimenyetso bya malariya, umuriro n'imbeho.","Mfite ibimenyetso bya malariya, umuriro n'imbeho."
"Simbizi niba bikomeye ariko, mfite umuhaha kuva ijoro ryashize kandi birushaho kuba bibi. Naje mvuye kure.",kinyarwanda,URGENT,paediatric,kinyarwanda->kinyarwanda:URGENT:paediatric,Mfite umuhaha.,Mfite umuhaha.
"Naje hano mbere, umugabo wanjye afite ibimenyetso bya malariya, umuriro n'imbeho kuva mu cyumweru gishize kandi birushaho kuba bibi. Ni imiti ki nafata?",kinyarwanda,URGENT,infectious_fever,kinyarwanda->kinyarwanda:URGENT:infectious_fever,"{REL} afite ibimenyetso bya malariya, umuriro n'imbeho.","Mfite ibimenyetso bya malariya, umuriro n'imbeho."
"Nzanye umwana wanjye, umuvuduko w'amaraso wanjye wazamutse cyane kandi umutwe urandya cyane kuva ejo bikarushaho nijoro. Murakoze.",kinyarwanda,URGENT,chronic_care,kinyarwanda->kinyarwanda:URGENT:chronic_care,Umuvuduko w'amaraso wanjye wazamutse cyane kandi umutwe urandya cyane.,Umuvuduko w'amaraso wanjye wazamutse cyane kandi umutwe urandya cyane.
"Mumbabarire, ndashaka kubabwira ikibazo mfite. Umukecuru nta miti ya SIDA afite kuva mu cyumweru gishize kandi nta miti mfite",kinyarwanda,URGENT,chronic_care,kinyarwanda->kinyarwanda:URGENT:chronic_care,{REL} nta miti ya SIDA afite.,Nta miti ya SIDA mfite.
"Ndakeneye ubufasha, mu rugo hari umuntu urwaye igituntu kandi ndashaka kwisuzumisha kuva mu gitondo. Byatangiye gitunguranye. Ese ibi birakomeye?",kinyarwanda,URGENT,preventive,kinyarwanda->kinyarwanda:URGENT:preventive,Mu rugo hari umuntu urwaye igituntu kandi ndashaka kwisuzumisha.,Mu rugo hari umuntu urwaye igituntu kandi ndashaka kwisuzumisha.
"Nyabuneka, umukecuru nta miti ya SIDA afite kuva ijoro ryashize. Byatangiye gitunguranye. Urakoze.",kinyarwanda,URGENT,chronic_care,kinyarwanda->kinyarwanda:URGENT:chronic_care,{REL} nta miti ya SIDA afite.,Nta miti ya SIDA mfite.
Papa yabyimbye ibirenge kandi ntashobora guhumeka neza iyo aragaramye kuva mu gitondo kandi birushaho kuba bibi. Ndakeneye ubufasha vuba.,kinyarwanda,URGENT,chronic_care,kinyarwanda->kinyarwanda:URGENT:chronic_care,{REL} yabyimbye ibirenge kandi ntashobora guhumeka neza iyo aragaramye.,Nabyimbye ibirenge kandi sinshobora guhumeka neza iyo ndagaramye.
"Muganga, ndatwite kandi nagagaye kuva hashize iminsi ibiri. Naje mvuye kure.",kinyarwanda,CRITICAL,obstetric,kinyarwanda->kinyarwanda:CRITICAL:obstetric,Ndatwite kandi nagagaye.,Ndatwite kandi nagagaye.
"Muraho, iyo umuturanyi wanjye ahumetse cyane, arumva mu gituza hamubabaza kuva hashize iminsi ibiri. Abandi bana na bo bafite iki kibazo. Mfasha muganga.",kinyarwanda,URGENT,cardiac_respiratory,kinyarwanda->kinyarwanda:URGENT:cardiac_respiratory,"Iyo {REL} ahumetse cyane, arumva mu gituza hamubabaza.","Iyo {REL} ahumetse cyane, arumva mu gituza hamubabaza."
"Iyo umuturanyi wanjye ahumetse cyane, arumva mu gituza hamubabaza kuva hashize iminsi ibiri kandi ndahangayitse. Ni imiti ki nafata?",kinyarwanda,URGENT,cardiac_respiratory,kinyarwanda->kinyarwanda:URGENT:cardiac_respiratory,"Iyo {REL} ahumetse cyane, arumva mu gituza hamubabaza.","Iyo {REL} ahumetse cyane, arumva mu gituza hamubabaza."
"Muganga, mu rugo hari umuntu urwaye igituntu kandi umugore wanjye ashaka kwisuzumisha kuva hashize iminsi ibiri biragenda bikagaruka. Nkora iki?",kinyarwanda,URGENT,preventive,kinyarwanda->kinyarwanda:URGENT:preventive,Mu rugo hari umuntu urwaye igituntu kandi {REL} ashaka kwisuzumisha.,Mu rugo hari umuntu urwaye igituntu kandi ndashaka kwisuzumisha.
"Mfasha vuba, maze iminsi itatu ndwaye impiswi zikomeye kuva hashize iminsi ibiri biragenda bikagaruka. Nkora iki?",kinyarwanda,URGENT,gastrointestinal,kinyarwanda->kinyarwanda:URGENT:gastrointestinal,maze iminsi itatu ndwaye impiswi zikomeye,maze iminsi itatu ndwaye impiswi zikomeye
"Ndakeneye ubufasha, mfite umuhaha kuva mu cyumweru gishize bikarushaho nijoro. Ese ibi birakomeye?",kinyarwanda,URGENT,paediatric,kinyarwanda->kinyarwanda:URGENT:paediatric,Mfite umuhaha.,Mfite umuhaha.
"Muganga, mama ahumeka bimugora cyane kandi iminwa ye yahindutse ibara kuva ijoro ryashize biragenda bikagaruka. Ni imiti ki nafata?",kinyarwanda,CRITICAL,cardiac_respiratory,kinyarwanda->kinyarwanda:CRITICAL:cardiac_respiratory,{REL} ahumeka bimugora cyane kandi iminwa ye yahindutse ibara.,guhumeka birangora cyane kandi iminwa yanjye yahindutse ibara
"Simbizi niba bikomeye ariko, maze umunsi wose mbabara ngerageza kubyara ariko umwana ntarasohoka kuva mu cyumweru gishize. Abandi bana na bo bafite iki kibazo. Ntabasha kubona amafaranga yo kongera kuza kwa muganga.",kinyarwanda,CRITICAL,obstetric,kinyarwanda->kinyarwanda:CRITICAL:obstetric,Maze umunsi wose mbabara ngerageza kubyara ariko umwana ntarasohoka.,Maze umunsi wose mbabara ngerageza kubyara ariko umwana ntarasohoka.
"Mfasha, maze iminsi itatu ndwaye impiswi zikomeye kuva hashize icyumweru kandi sinshobora gusinzira. Murakoze.",kinyarwanda,URGENT,gastrointestinal,kinyarwanda->kinyarwanda:URGENT:gastrointestinal,maze iminsi itatu ndwaye impiswi zikomeye,maze iminsi itatu ndwaye impiswi zikomeye
"Nzanye umwana wanjye, mfite ikibazo ku mutwe kandi kirimo guterwa n'urumuri kuva mu masaha abiri ashize kandi birushaho kuba bibi",kinyarwanda,URGENT,neurological,kinyarwanda->kinyarwanda:URGENT:neurological,Mfite ikibazo ku mutwe kandi kirimo guterwa n'urumuri.,Mfite ikibazo ku mutwe kandi kirimo guterwa n'urumuri.
"Ndashaka kukubwira ikibazo mfite. Iyo papa ahumetse cyane, arumva mu gituza hamubabaza kuva mu cyumweru gishize bikarushaho nijoro. Urakoze.",kinyarwanda,URGENT,cardiac_respiratory,kinyarwanda->kinyarwanda:URGENT:cardiac_respiratory,"Iyo {REL} ahumetse cyane, arumva mu gituza hamubabaza.","Iyo {REL} ahumetse cyane, arumva mu gituza hamubabaza."
"Muraho, mu rugo hari umuntu urwaye igituntu kandi papa ashaka kwisuzumisha bikarushaho nijoro. Naje mvuye kure.",kinyarwanda,URGENT,preventive,kinyarwanda->kinyarwanda:URGENT:preventive,Mu rugo hari umuntu urwaye igituntu kandi {REL} ashaka kwisuzumisha.,Mu rugo hari umuntu urwaye igituntu kandi ndashaka kwisuzumisha.
"Mfasha, umugore wanjye afite impiswi zikomeye kandi yagize umwuma kandi sinshobora gusinzira. Ndakeneye ubufasha vuba.",kinyarwanda,CRITICAL,gastrointestinal,kinyarwanda->kinyarwanda:CRITICAL:gastrointestinal,{REL} afite impiswi zikomeye kandi yagize umwuma.,{REL} afite impiswi zikomeye kandi yagize umwuma.
"Naje hano mbere, mfite umuhaha kuva ejo kandi sinshobora gusinzira. Nkora iki?",kinyarwanda,URGENT,paediatric,kinyarwanda->kinyarwanda:URGENT:paediatric,Mfite umuhaha.,Mfite umuhaha.
"Mfasha vuba, mushiki wanjye arababara cyane mu nda kandi ububabare ntibuhagarara kuva hashize icyumweru. Abandi bana na bo bafite iki kibazo. Naje mvuye kure.",kinyarwanda,URGENT,gastrointestinal,kinyarwanda->kinyarwanda:URGENT:gastrointestinal,{REL} arababara cyane mu nda kandi ububabare ntibuhagarara.,Inda irandya cyane kandi ububabare ntibuhagarara.
"Simbizi niba bikomeye ariko, mu rugo hari umuntu urwaye igituntu kandi umukecuru ashaka kwisuzumisha kuva mu masaha abiri ashize bikarushaho nijoro. Urakoze.",kinyarwanda,URGENT,preventive,kinyarwanda->kinyarwanda:URGENT:preventive,Mu rugo hari umuntu urwaye igituntu kandi {REL} ashaka kwisuzumisha.,Mu rugo hari umuntu urwaye igituntu kandi ndashaka kwisuzumisha.
"Muraho, umwana wanjye afite ibimenyetso bya malariya, umuriro n'imbeho kuva hashize iminsi itatu. Abandi bana na bo bafite iki kibazo. Naje mvuye kure.",kinyarwanda,URGENT,infectious_fever,kinyarwanda->kinyarwanda:URGENT:infectious_fever,"{REL} afite ibimenyetso bya malariya, umuriro n'imbeho.","Mfite ibimenyetso bya malariya, umuriro n'imbeho."
"Nyabuneka, ndashaka kugirwa inama ku mazi yo kunywa kuva mu masaha abiri ashize. Byatangiye gitunguranye. Ndakeneye ubufasha vuba.",kinyarwanda,ROUTINE,preventive,kinyarwanda->kinyarwanda:ROUTINE:preventive,Ndashaka kugirwa inama ku mazi yo kunywa.,Ndashaka kugirwa inama ku mazi yo kunywa.
"Mfasha vuba, umwana wanjye yabyimbye ibirenge kandi ntashobora guhumeka neza iyo aragaramye kuva mu masaha abiri ashize. Byatangiye gitunguranye. Ese ibi birakomeye?",kinyarwanda,URGENT,chronic_care,kinyarwanda->kinyarwanda:URGENT:chronic_care,{REL} yabyimbye ibirenge kandi ntashobora guhumeka neza iyo aragaramye.,Nabyimbye ibirenge kandi sinshobora guhumeka neza iyo ndagaramye.
"Mumbabarire, ndashaka kubabwira ikibazo mfite. Papa arababara cyane mu nda kandi ububabare ntibuhagarara kuva hashize iminsi itatu kandi sinshobora gusinzira. Naje mvuye kure.",kinyarwanda,URGENT,gastrointestinal,kinyarwanda->kinyarwanda:URGENT:gastrointestinal,{REL} arababara cyane mu nda kandi ububabare ntibuhagarara.,Inda irandya cyane kandi ububabare ntibuhagarara.
"Nzanye umwana wanjye, ndashaka kugirwa inama ku mazi yo kunywa kuva hashize iminsi itatu kandi nta miti mfite. Ntabasha kubona amafaranga yo kongera kuza kwa muganga.",kinyarwanda,ROUTINE,preventive,kinyarwanda->kinyarwanda:ROUTINE:preventive,Ndashaka kugirwa inama ku mazi yo kunywa.,Ndashaka kugirwa inama ku mazi yo kunywa.
"Simbizi niba bikomeye ariko, mama afite impiswi zikomeye kandi yagize umwuma kuva hashize icyumweru. Byatangiye gitunguranye. Ntabasha kubona amafaranga yo kongera kuza kwa muganga.",kinyarwanda,CRITICAL,gastrointestinal,kinyarwanda->kinyarwanda:CRITICAL:gastrointestinal,{REL} afite impiswi zikomeye kandi yagize umwuma.,{REL} afite impiswi zikomeye kandi yagize umwuma.
Ndashaka kukubwira ikibazo mfite. Ndashaka kugirwa inama ku mazi yo kunywa kuva hashize iminsi ibiri. Byatangiye gitunguranye. Mfasha muganga.,kinyarwanda,ROUTINE,preventive,kinyarwanda->kinyarwanda:ROUTINE:preventive,Ndashaka kugirwa inama ku mazi yo kunywa.,Ndashaka kugirwa inama ku mazi yo kunywa.
Mu rugo hari umuntu urwaye igituntu kandi umukecuru ashaka kwisuzumisha kuva mu masaha abiri ashize kandi nta miti mfite. Ni imiti ki nafata?,kinyarwanda,URGENT,preventive,kinyarwanda->kinyarwanda:URGENT:preventive,Mu rugo hari umuntu urwaye igituntu kandi {REL} ashaka kwisuzumisha.,Mu rugo hari umuntu urwaye igituntu kandi ndashaka kwisuzumisha.
"Mfasha, umwana wanjye arababara cyane mu nda kandi ububabare ntibuhagarara kuva mu cyumweru gishize. Byatangiye gitunguranye. Murakoze.",kinyarwanda,URGENT,gastrointestinal,kinyarwanda->kinyarwanda:URGENT:gastrointestinal,{REL} arababara cyane mu nda kandi ububabare ntibuhagarara.,Inda irandya cyane kandi ububabare ntibuhagarara.
"Mfasha, umuturanyi wanjye arababara cyane mu nda kandi ububabare ntibuhagarara kuva hashize iminsi ibiri biragenda bikagaruka. Urakoze.",kinyarwanda,URGENT,gastrointestinal,kinyarwanda->kinyarwanda:URGENT:gastrointestinal,{REL} arababara cyane mu nda kandi ububabare ntibuhagarara.,Inda irandya cyane kandi ububabare ntibuhagarara.
Ndatwite kandi nagagaye kuva ubu gitondo cya kare kandi ndahangayitse. Ese ibi birakomeye?,kinyarwanda,CRITICAL,obstetric,kinyarwanda->kinyarwanda:CRITICAL:obstetric,Ndatwite kandi nagagaye.,Ndatwite kandi nagagaye.
"Mumbabarire, ndashaka kubabwira ikibazo mfite. Maze iminsi itatu ndwaye impiswi zikomeye kuva ejo. Byatangiye gitunguranye. Mfasha muganga.",kinyarwanda,URGENT,gastrointestinal,kinyarwanda->kinyarwanda:URGENT:gastrointestinal,maze iminsi itatu ndwaye impiswi zikomeye,maze iminsi itatu ndwaye impiswi zikomeye
"Simbizi niba bikomeye ariko, umuvuduko w'amaraso wanjye wazamutse cyane kandi umutwe urandya cyane kuva mu gitondo bikarushaho nijoro. Ese ibi birakomeye?",kinyarwanda,URGENT,chronic_care,kinyarwanda->kinyarwanda:URGENT:chronic_care,Umuvuduko w'amaraso wanjye wazamutse cyane kandi umutwe urandya cyane.,Umuvuduko w'amaraso wanjye wazamutse cyane kandi umutwe urandya cyane.
"Mumbabarire, ndashaka kubabwira ikibazo mfite. Maze iminsi itatu ndwaye impiswi zikomeye kuva ejo bikarushaho nijoro. Murakoze.",kinyarwanda,URGENT,gastrointestinal,kinyarwanda->kinyarwanda:URGENT:gastrointestinal,maze iminsi itatu ndwaye impiswi zikomeye,maze iminsi itatu ndwaye impiswi zikomeye
"Mumbabarire, ndashaka kubabwira ikibazo mfite. Umuturanyi wanjye afite gahunda yo gukingiza umwana kuva mu masaha abiri ashize kandi nta miti mfite",kinyarwanda,ROUTINE,preventive,kinyarwanda->kinyarwanda:ROUTINE:preventive,{REL} afite gahunda yo gukingiza umwana.,Mfite gahunda yo gukingiza umwana.
Ndashaka kukubwira ikibazo mfite. Ndashaka kugirwa inama ku mazi yo kunywa kuva hashize iminsi itatu kandi sinshobora gusinzira. Ntegereze cyangwa nsuzumwe ubu?,kinyarwanda,ROUTINE,preventive,kinyarwanda->kinyarwanda:ROUTINE:preventive,Ndashaka kugirwa inama ku mazi yo kunywa.,Ndashaka kugirwa inama ku mazi yo kunywa.
"Ndakeneye ubufasha, umuvuduko w'amaraso wanjye wazamutse cyane kandi umutwe urandya cyane kuva mu masaha abiri ashize. Byatangiye gitunguranye. Urakoze.",kinyarwanda,URGENT,chronic_care,kinyarwanda->kinyarwanda:URGENT:chronic_care,Umuvuduko w'amaraso wanjye wazamutse cyane kandi umutwe urandya cyane.,Umuvuduko w'amaraso wanjye wazamutse cyane kandi umutwe urandya cyane.
"Nzanye umwana wanjye, mfite ikibazo ku mutwe kandi kirimo guterwa n'urumuri kuva hashize icyumweru. Ese ibi birakomeye?",kinyarwanda,URGENT,neurological,kinyarwanda->kinyarwanda:URGENT:neurological,Mfite ikibazo ku mutwe kandi kirimo guterwa n'urumuri.,Mfite ikibazo ku mutwe kandi kirimo guterwa n'urumuri.
Ndatwite kandi nagagaye kuva hashize iminsi ibiri kandi birushaho kuba bibi. Nkora iki?,kinyarwanda,CRITICAL,obstetric,kinyarwanda->kinyarwanda:CRITICAL:obstetric,Ndatwite kandi nagagaye.,Ndatwite kandi nagagaye.
"Simbizi niba bikomeye ariko, papa afite gahunda yo gukingiza umwana kuva ubu gitondo cya kare biragenda bikagaruka. Murakoze.",kinyarwanda,ROUTINE,preventive,kinyarwanda->kinyarwanda:ROUTINE:preventive,{REL} afite gahunda yo gukingiza umwana.,Mfite gahunda yo gukingiza umwana.
"Naje hano mbere, mu rugo hari umuntu urwaye igituntu kandi ndashaka kwisuzumisha kuva ejo kandi sinshobora gusinzira. Murakoze.",kinyarwanda,URGENT,preventive,kinyarwanda->kinyarwanda:URGENT:preventive,Mu rugo hari umuntu urwaye igituntu kandi ndashaka kwisuzumisha.,Mu rugo hari umuntu urwaye igituntu kandi ndashaka kwisuzumisha.
"Mfasha, mfite igisebe ku kirenge kidakira kandi mfite diyabete kuva hashize iminsi itatu biragenda bikagaruka. Urakoze.",kinyarwanda,URGENT,chronic_care,kinyarwanda->kinyarwanda:URGENT:chronic_care,Mfite igisebe ku kirenge kidakira kandi mfite diyabete.,Mfite igisebe ku kirenge kidakira kandi mfite diyabete.
"Naje hano mbere, mfite igisebe ku kirenge kidakira kandi mfite diyabete kuva hashize iminsi itatu kandi nta miti mfite. Murakoze.",kinyarwanda,URGENT,chronic_care,kinyarwanda->kinyarwanda:URGENT:chronic_care,Mfite igisebe ku kirenge kidakira kandi mfite diyabete.,Mfite igisebe ku kirenge kidakira kandi mfite diyabete.
"Simbizi niba bikomeye ariko, papa ahumeka bimugora cyane kandi iminwa ye yahindutse ibara. Byatangiye gitunguranye. Ntabasha kubona amafaranga yo kongera kuza kwa muganga.",kinyarwanda,CRITICAL,cardiac_respiratory,kinyarwanda->kinyarwanda:CRITICAL:cardiac_respiratory,{REL} ahumeka bimugora cyane kandi iminwa ye yahindutse ibara.,guhumeka birangora cyane kandi iminwa yanjye yahindutse ibara
"Ndakeneye ubufasha, mfite ikibazo ku mutwe kandi kirimo guterwa n'urumuri kuva hashize iminsi itatu biragenda bikagaruka. Naje mvuye kure.",kinyarwanda,URGENT,neurological,kinyarwanda->kinyarwanda:URGENT:neurological,Mfite ikibazo ku mutwe kandi kirimo guterwa n'urumuri.,Mfite ikibazo ku mutwe kandi kirimo guterwa n'urumuri.
Ndashaka kukubwira ikibazo mfite. Umwana wanjye ahumeka bimugora cyane kandi iminwa ye yahindutse ibara kuva ubu gitondo cya kare kandi nta miti mfite. Ese ibi birakomeye?,kinyarwanda,CRITICAL,cardiac_respiratory,kinyarwanda->kinyarwanda:CRITICAL:cardiac_respiratory,{REL} ahumeka bimugora cyane kandi iminwa ye yahindutse ibara.,guhumeka birangora cyane kandi iminwa yanjye yahindutse ibara
"Muraho, umugore wanjye afite impiswi zikomeye kandi yagize umwuma kuva mu gitondo nta miti imfasha. Ntegereze cyangwa nsuzumwe ubu?",kinyarwanda,CRITICAL,gastrointestinal,kinyarwanda->kinyarwanda:CRITICAL:gastrointestinal,{REL} afite impiswi zikomeye kandi yagize umwuma.,{REL} afite impiswi zikomeye kandi yagize umwuma.
"Mfasha, mu rugo hari umuntu urwaye igituntu kandi ndashaka kwisuzumisha kandi birushaho kuba bibi. Murakoze.",kinyarwanda,URGENT,preventive,kinyarwanda->kinyarwanda:URGENT:preventive,Mu rugo hari umuntu urwaye igituntu kandi ndashaka kwisuzumisha.,Mu rugo hari umuntu urwaye igituntu kandi ndashaka kwisuzumisha.
"Mfasha vuba, mfite umuhaha kuva mu cyumweru gishize nta miti imfasha. Ni imiti ki nafata?",kinyarwanda,URGENT,paediatric,kinyarwanda->kinyarwanda:URGENT:paediatric,Mfite umuhaha.,Mfite umuhaha.
"Mfasha, umuturanyi wanjye afite impiswi zikomeye kandi yagize umwuma kuva mu cyumweru gishize. Byatangiye gitunguranye. Ese ibi birakomeye?",kinyarwanda,CRITICAL,gastrointestinal,kinyarwanda->kinyarwanda:CRITICAL:gastrointestinal,{REL} afite impiswi zikomeye kandi yagize umwuma.,{REL} afite impiswi zikomeye kandi yagize umwuma.
Ndashaka kukubwira ikibazo mfite. Mu rugo hari umuntu urwaye igituntu kandi ndashaka kwisuzumisha kuva hashize iminsi ibiri. Byatangiye gitunguranye. Ntegereze cyangwa nsuzumwe ubu?,kinyarwanda,URGENT,preventive,kinyarwanda->kinyarwanda:URGENT:preventive,Mu rugo hari umuntu urwaye igituntu kandi ndashaka kwisuzumisha.,Mu rugo hari umuntu urwaye igituntu kandi ndashaka kwisuzumisha.
"Mfasha vuba, papa nta miti ya SIDA afite kuva ejo kandi nta miti mfite. Urakoze.",kinyarwanda,URGENT,chronic_care,kinyarwanda->kinyarwanda:URGENT:chronic_care,{REL} nta miti ya SIDA afite.,Nta miti ya SIDA mfite.
"Nzanye umwana wanjye, mu rugo hari umuntu urwaye igituntu kandi umugabo wanjye ashaka kwisuzumisha kuva mu gitondo kandi birushaho kuba bibi. Ntabasha kubona amafaranga yo kongera kuza kwa muganga.",kinyarwanda,URGENT,preventive,kinyarwanda->kinyarwanda:URGENT:preventive,Mu rugo hari umuntu urwaye igituntu kandi {REL} ashaka kwisuzumisha.,Mu rugo hari umuntu urwaye igituntu kandi ndashaka kwisuzumisha.
"Nyabuneka, umugabo wanjye afite gahunda yo gukingiza umwana kuva hashize icyumweru nta miti imfasha. Nkora iki?",kinyarwanda,ROUTINE,preventive,kinyarwanda->kinyarwanda:ROUTINE:preventive,{REL} afite gahunda yo gukingiza umwana.,Mfite gahunda yo gukingiza umwana.
"Muganga, mama nta miti ya SIDA afite kuva ijoro ryashize bikarushaho nijoro",kinyarwanda,URGENT,chronic_care,kinyarwanda->kinyarwanda:URGENT:chronic_care,{REL} nta miti ya SIDA afite.,Nta miti ya SIDA mfite.
Ndashaka kukubwira ikibazo mfite. Mfite ikibazo ku mutwe kandi kirimo guterwa n'urumuri kuva hashize iminsi ibiri biragenda bikagaruka. Ndakeneye ubufasha vuba.,kinyarwanda,URGENT,neurological,kinyarwanda->kinyarwanda:URGENT:neurological,Mfite ikibazo ku mutwe kandi kirimo guterwa n'urumuri.,Mfite ikibazo ku mutwe kandi kirimo guterwa n'urumuri.
"Mfasha vuba, mu rugo hari umuntu urwaye igituntu kandi ndashaka kwisuzumisha kuva hashize icyumweru kandi birushaho kuba bibi. Ntabasha kubona amafaranga yo kongera kuza kwa muganga.",kinyarwanda,URGENT,preventive,kinyarwanda->kinyarwanda:URGENT:preventive,Mu rugo hari umuntu urwaye igituntu kandi ndashaka kwisuzumisha.,Mu rugo hari umuntu urwaye igituntu kandi ndashaka kwisuzumisha.
"Muraho, ndatwite kandi nagagaye kuva mu cyumweru gishize kandi nta miti mfite. Ese ibi birakomeye?",kinyarwanda,CRITICAL,obstetric,kinyarwanda->kinyarwanda:CRITICAL:obstetric,Ndatwite kandi nagagaye.,Ndatwite kandi nagagaye.
Umugore wanjye ahumeka bimugora cyane kandi iminwa ye yahindutse ibara.,kinyarwanda,CRITICAL,cardiac_respiratory,kinyarwanda->kinyarwanda:CRITICAL:cardiac_respiratory,{REL} ahumeka bimugora cyane kandi iminwa ye yahindutse ibara.,guhumeka birangora cyane kandi iminwa yanjye yahindutse ibara
"Ndakeneye ubufasha, maze iminsi itatu ndwaye impiswi zikomeye kuva hashize iminsi ibiri. Ese ibi birakomeye?",kinyarwanda,URGENT,gastrointestinal,kinyarwanda->kinyarwanda:URGENT:gastrointestinal,maze iminsi itatu ndwaye impiswi zikomeye,maze iminsi itatu ndwaye impiswi zikomeye
"Mfasha, mfite igisebe ku kirenge kidakira kandi mfite diyabete kuva ubu gitondo cya kare. Abandi bana na bo bafite iki kibazo. Ndakeneye ubufasha vuba.",kinyarwanda,URGENT,chronic_care,kinyarwanda->kinyarwanda:URGENT:chronic_care,Mfite igisebe ku kirenge kidakira kandi mfite diyabete.,Mfite igisebe ku kirenge kidakira kandi mfite diyabete.
"Ndakeneye ubufasha, mfite ikibazo ku mutwe kandi kirimo guterwa n'urumuri kuva hashize iminsi itatu nta miti imfasha. Ntegereze cyangwa nsuzumwe ubu?",kinyarwanda,URGENT,neurological,kinyarwanda->kinyarwanda:URGENT:neurological,Mfite ikibazo ku mutwe kandi kirimo guterwa n'urumuri.,Mfite ikibazo ku mutwe kandi kirimo guterwa n'urumuri.
"Muraho, umukecuru afite igisebe ku kirenge kidakira kandi afite diyabete kuva ejo. Abandi bana na bo bafite iki kibazo. Urakoze.",kinyarwanda,URGENT,chronic_care,kinyarwanda->kinyarwanda:URGENT:chronic_care,{REL} afite igisebe ku kirenge kidakira kandi afite diyabete.,Mfite igisebe ku kirenge kidakira kandi mfite diyabete.
"Muraho, papa arababara cyane mu nda kandi ububabare ntibuhagarara kuva mu masaha abiri ashize kandi sinshobora gusinzira. Naje mvuye kure.",kinyarwanda,URGENT,gastrointestinal,kinyarwanda->kinyarwanda:URGENT:gastrointestinal,{REL} arababara cyane mu nda kandi ububabare ntibuhagarara.,Inda irandya cyane kandi ububabare ntibuhagarara.
"Nzanye umwana wanjye, umuturanyi wanjye ari kubyara ariko umugozi w'umwana wabanje gusohoka kuva hashize iminsi ibiri kandi sinshobora gusinzira. Ni imiti ki nafata?",kinyarwanda,CRITICAL,obstetric,kinyarwanda->kinyarwanda:CRITICAL:obstetric,{REL} ari kubyara ariko umugozi w'umwana wabanje gusohoka.,Ndabyara ariko habanje gusohoka umugozi w'umwana.
"Muraho, umukecuru afite igisebe ku kirenge kidakira kandi afite diyabete kandi ndahangayitse. Urakoze.",kinyarwanda,URGENT,chronic_care,kinyarwanda->kinyarwanda:URGENT:chronic_care,{REL} afite igisebe ku kirenge kidakira kandi afite diyabete.,Mfite igisebe ku kirenge kidakira kandi mfite diyabete.
"Nzanye umwana wanjye, maze iminsi itatu ndwaye impiswi zikomeye kuva ubu gitondo cya kare. Abandi bana na bo bafite iki kibazo. Murakoze.",kinyarwanda,URGENT,gastrointestinal,kinyarwanda->kinyarwanda:URGENT:gastrointestinal,maze iminsi itatu ndwaye impiswi zikomeye,maze iminsi itatu ndwaye impiswi zikomeye
"Simbizi niba bikomeye ariko, mushiki wanjye afite gahunda yo gukingiza umwana kuva ubu gitondo cya kare biragenda bikagaruka. Ese ibi birakomeye?",kinyarwanda,ROUTINE,preventive,kinyarwanda->kinyarwanda:ROUTINE:preventive,{REL} afite gahunda yo gukingiza umwana.,Mfite gahunda yo gukingiza umwana.
"Muraho, maze umunsi wose mbabara ngerageza kubyara ariko umwana ntarasohoka biragenda bikagaruka. Ndakeneye ubufasha vuba.",kinyarwanda,CRITICAL,obstetric,kinyarwanda->kinyarwanda:CRITICAL:obstetric,Maze umunsi wose mbabara ngerageza kubyara ariko umwana ntarasohoka.,Maze umunsi wose mbabara ngerageza kubyara ariko umwana ntarasohoka.
Ndashaka kukubwira ikibazo mfite. Papa nta miti ya SIDA afite kuva mu gitondo nta miti imfasha. Nkora iki?,kinyarwanda,URGENT,chronic_care,kinyarwanda->kinyarwanda:URGENT:chronic_care,{REL} nta miti ya SIDA afite.,Nta miti ya SIDA mfite.
"Nyabuneka, ndashaka kugirwa inama ku mazi yo kunywa kuva mu cyumweru gishize kandi sinshobora gusinzira",kinyarwanda,ROUTINE,preventive,kinyarwanda->kinyarwanda:ROUTINE:preventive,Ndashaka kugirwa inama ku mazi yo kunywa.,Ndashaka kugirwa inama ku mazi yo kunywa.
"Muraho, mushiki wanjye afite impiswi zikomeye kandi yagize umwuma kuva ejo kandi ndahangayitse. Ni imiti ki nafata?",kinyarwanda,CRITICAL,gastrointestinal,kinyarwanda->kinyarwanda:CRITICAL:gastrointestinal,{REL} afite impiswi zikomeye kandi yagize umwuma.,{REL} afite impiswi zikomeye kandi yagize umwuma.
"Ndakeneye ubufasha, mfite igisebe ku kirenge kidakira kandi mfite diyabete kuva hashize icyumweru. Abandi bana na bo bafite iki kibazo. Ni imiti ki nafata?",kinyarwanda,URGENT,chronic_care,kinyarwanda->kinyarwanda:URGENT:chronic_care,Mfite igisebe ku kirenge kidakira kandi mfite diyabete.,Mfite igisebe ku kirenge kidakira kandi mfite diyabete.
"Nyabuneka, mfite umuhaha. Byatangiye gitunguranye. Naje mvuye kure.",kinyarwanda,URGENT,paediatric,kinyarwanda->kinyarwanda:URGENT:paediatric,Mfite umuhaha.,Mfite umuhaha.
"Ndakeneye ubufasha, ndashaka kugirwa inama ku mazi yo kunywa kuva ijoro ryashize bikarushaho nijoro. Ntabasha kubona amafaranga yo kongera kuza kwa muganga.",kinyarwanda,ROUTINE,preventive,kinyarwanda->kinyarwanda:ROUTINE:preventive,Ndashaka kugirwa inama ku mazi yo kunywa.,Ndashaka kugirwa inama ku mazi yo kunywa.
Ndashaka kukubwira ikibazo mfite. Umuturanyi wanjye afite igisebe ku kirenge kidakira kandi afite diyabete kuva hashize iminsi ibiri bikarushaho nijoro. Naje mvuye kure.,kinyarwanda,URGENT,chronic_care,kinyarwanda->kinyarwanda:URGENT:chronic_care,{REL} afite igisebe ku kirenge kidakira kandi afite diyabete.,Mfite igisebe ku kirenge kidakira kandi mfite diyabete.
"Mfasha, umwana wanjye nta miti ya SIDA afite kuva hashize iminsi ibiri. Ese ibi birakomeye?",kinyarwanda,URGENT,chronic_care,kinyarwanda->kinyarwanda:URGENT:chronic_care,{REL} nta miti ya SIDA afite.,Nta miti ya SIDA mfite.
"Muganga, mushiki wanjye nta miti ya SIDA afite kuva ejo biragenda bikagaruka. Murakoze.",kinyarwanda,URGENT,chronic_care,kinyarwanda->kinyarwanda:URGENT:chronic_care,{REL} nta miti ya SIDA afite.,Nta miti ya SIDA mfite.
Umugore wanjye ari kubyara ariko umugozi w'umwana wabanje gusohoka kuva mu gitondo kandi ndahangayitse. Ese ibi birakomeye?,kinyarwanda,CRITICAL,obstetric,kinyarwanda->kinyarwanda:CRITICAL:obstetric,{REL} ari kubyara ariko umugozi w'umwana wabanje gusohoka.,Ndabyara ariko habanje gusohoka umugozi w'umwana.
"Nyabuneka, umukecuru afite gahunda yo gukingiza umwana kuva hashize iminsi itatu kandi ndahangayitse. Nkora iki?",kinyarwanda,ROUTINE,preventive,kinyarwanda->kinyarwanda:ROUTINE:preventive,{REL} afite gahunda yo gukingiza umwana.,Mfite gahunda yo gukingiza umwana.
"Mumbabarire, ndashaka kubabwira ikibazo mfite. Umwana wanjye yabyimbye ibirenge kandi ntashobora guhumeka neza iyo aragaramye kuva ubu gitondo cya kare. Byatangiye gitunguranye. Nkora iki?",kinyarwanda,URGENT,chronic_care,kinyarwanda->kinyarwanda:URGENT:chronic_care,{REL} yabyimbye ibirenge kandi ntashobora guhumeka neza iyo aragaramye.,Nabyimbye ibirenge kandi sinshobora guhumeka neza iyo ndagaramye.
"Naje hano mbere, mfite umuhaha kuva ejo kandi sinshobora gusinzira. Ni imiti ki nafata?",kinyarwanda,URGENT,paediatric,kinyarwanda->kinyarwanda:URGENT:paediatric,Mfite umuhaha.,Mfite umuhaha.
"Naje hano mbere, mu rugo hari umuntu urwaye igituntu kandi ndashaka kwisuzumisha kuva ijoro ryashize nta miti imfasha. Ni imiti ki nafata?",kinyarwanda,URGENT,preventive,kinyarwanda->kinyarwanda:URGENT:preventive,Mu rugo hari umuntu urwaye igituntu kandi ndashaka kwisuzumisha.,Mu rugo hari umuntu urwaye igituntu kandi ndashaka kwisuzumisha.
Ndashaka kukubwira ikibazo mfite. Maze umunsi wose mbabara ngerageza kubyara ariko umwana ntarasohoka kuva hashize iminsi ibiri biragenda bikagaruka. Ndakeneye ubufasha vuba.,kinyarwanda,CRITICAL,obstetric,kinyarwanda->kinyarwanda:CRITICAL:obstetric,Maze umunsi wose mbabara ngerageza kubyara ariko umwana ntarasohoka.,Maze umunsi wose mbabara ngerageza kubyara ariko umwana ntarasohoka.
"Mfasha vuba, umugore wanjye ari kubyara ariko umugozi w'umwana wabanje gusohoka kuva mu gitondo",kinyarwanda,CRITICAL,obstetric,kinyarwanda->kinyarwanda:CRITICAL:obstetric,{REL} ari kubyara ariko umugozi w'umwana wabanje gusohoka.,Ndabyara ariko habanje gusohoka umugozi w'umwana.
"Mumbabarire, ndashaka kubabwira ikibazo mfite. Mama arababara cyane mu nda kandi ububabare ntibuhagarara kuva hashize icyumweru kandi ndahangayitse. Naje mvuye kure.",kinyarwanda,URGENT,gastrointestinal,kinyarwanda->kinyarwanda:URGENT:gastrointestinal,{REL} arababara cyane mu nda kandi ububabare ntibuhagarara.,Inda irandya cyane kandi ububabare ntibuhagarara.
"Muraho, mu rugo hari umuntu urwaye igituntu kandi ndashaka kwisuzumisha kuva hashize icyumweru kandi birushaho kuba bibi. Ni imiti ki nafata?",kinyarwanda,URGENT,preventive,kinyarwanda->kinyarwanda:URGENT:preventive,Mu rugo hari umuntu urwaye igituntu kandi ndashaka kwisuzumisha.,Mu rugo hari umuntu urwaye igituntu kandi ndashaka kwisuzumisha.
"Mfasha, maze iminsi itatu ndwaye impiswi zikomeye kuva hashize icyumweru biragenda bikagaruka. Ntegereze cyangwa nsuzumwe ubu?",kinyarwanda,URGENT,gastrointestinal,kinyarwanda->kinyarwanda:URGENT:gastrointestinal,maze iminsi itatu ndwaye impiswi zikomeye,maze iminsi itatu ndwaye impiswi zikomeye
"Muraho, maze iminsi itatu ndwaye impiswi zikomeye kuva ubu gitondo cya kare. Abandi bana na bo bafite iki kibazo.",kinyarwanda,URGENT,gastrointestinal,kinyarwanda->kinyarwanda:URGENT:gastrointestinal,maze iminsi itatu ndwaye impiswi zikomeye,maze iminsi itatu ndwaye impiswi zikomeye
Papa ahumeka bimugora cyane kandi iminwa ye yahindutse ibara kuva mu cyumweru gishize. Byatangiye gitunguranye. Naje mvuye kure.,kinyarwanda,CRITICAL,cardiac_respiratory,kinyarwanda->kinyarwanda:CRITICAL:cardiac_respiratory,{REL} ahumeka bimugora cyane kandi iminwa ye yahindutse ibara.,guhumeka birangora cyane kandi iminwa yanjye yahindutse ibara
"Nyabuneka, umwana wanjye arababara cyane mu nda kandi ububabare ntibuhagarara kuva mu gitondo. Byatangiye gitunguranye. Nkora iki?",kinyarwanda,URGENT,gastrointestinal,kinyarwanda->kinyarwanda:URGENT:gastrointestinal,{REL} arababara cyane mu nda kandi ububabare ntibuhagarara.,Inda irandya cyane kandi ububabare ntibuhagarara.
"Nyabuneka, umugore wanjye afite impiswi zikomeye kandi yagize umwuma kuva mu cyumweru gishize. Byatangiye gitunguranye.",kinyarwanda,CRITICAL,gastrointestinal,kinyarwanda->kinyarwanda:CRITICAL:gastrointestinal,{REL} afite impiswi zikomeye kandi yagize umwuma.,{REL} afite impiswi zikomeye kandi yagize umwuma.
"Nyabuneka, mushiki wanjye afite impiswi zikomeye kandi yagize umwuma kuva ijoro ryashize. Naje mvuye kure.",kinyarwanda,CRITICAL,gastrointestinal,kinyarwanda->kinyarwanda:CRITICAL:gastrointestinal,{REL} afite impiswi zikomeye kandi yagize umwuma.,{REL} afite impiswi zikomeye kandi yagize umwuma.
"Simbizi niba bikomeye ariko, umugabo wanjye afite igisebe ku kirenge kidakira kandi afite diyabete kuva hashize iminsi itatu. Abandi bana na bo bafite iki kibazo. Naje mvuye kure.",kinyarwanda,URGENT,chronic_care,kinyarwanda->kinyarwanda:URGENT:chronic_care,{REL} afite igisebe ku kirenge kidakira kandi afite diyabete.,Mfite igisebe ku kirenge kidakira kandi mfite diyabete.
"Simbizi niba bikomeye ariko, umukecuru afite ibimenyetso bya malariya, umuriro n'imbeho kuva mu cyumweru gishize nta miti imfasha. Urakoze.",kinyarwanda,URGENT,infectious_fever,kinyarwanda->kinyarwanda:URGENT:infectious_fever,"{REL} afite ibimenyetso bya malariya, umuriro n'imbeho.","Mfite ibimenyetso bya malariya, umuriro n'imbeho."
Mfite ikibazo ku mutwe kandi kirimo guterwa n'urumuri kuva ijoro ryashize kandi sinshobora gusinzira. Mfasha muganga.,kinyarwanda,URGENT,neurological,kinyarwanda->kinyarwanda:URGENT:neurological,Mfite ikibazo ku mutwe kandi kirimo guterwa n'urumuri.,Mfite ikibazo ku mutwe kandi kirimo guterwa n'urumuri.
Ndashaka kukubwira ikibazo mfite. Mu rugo hari umuntu urwaye igituntu kandi umwana wanjye ashaka kwisuzumisha kuva hashize iminsi ibiri nta miti imfasha. Urakoze.,kinyarwanda,URGENT,preventive,kinyarwanda->kinyarwanda:URGENT:preventive,Mu rugo hari umuntu urwaye igituntu kandi {REL} ashaka kwisuzumisha.,Mu rugo hari umuntu urwaye igituntu kandi ndashaka kwisuzumisha.
"Mfasha vuba, umugore wanjye ahumeka bimugora cyane kandi iminwa ye yahindutse ibara kuva mu cyumweru gishize. Nkora iki?",kinyarwanda,CRITICAL,cardiac_respiratory,kinyarwanda->kinyarwanda:CRITICAL:cardiac_respiratory,{REL} ahumeka bimugora cyane kandi iminwa ye yahindutse ibara.,guhumeka birangora cyane kandi iminwa yanjye yahindutse ibara
"Nzanye umwana wanjye, mu rugo hari umuntu urwaye igituntu kandi ndashaka kwisuzumisha kuva hashize icyumweru kandi ndahangayitse. Ni imiti ki nafata?",kinyarwanda,URGENT,preventive,kinyarwanda->kinyarwanda:URGENT:preventive,Mu rugo hari umuntu urwaye igituntu kandi ndashaka kwisuzumisha.,Mu rugo hari umuntu urwaye igituntu kandi ndashaka kwisuzumisha.
"Mfasha vuba, umugabo wanjye afite impiswi zikomeye kandi yagize umwuma kuva ubu gitondo cya kare kandi birushaho kuba bibi",kinyarwanda,CRITICAL,gastrointestinal,kinyarwanda->kinyarwanda:CRITICAL:gastrointestinal,{REL} afite impiswi zikomeye kandi yagize umwuma.,{REL} afite impiswi zikomeye kandi yagize umwuma.
"Simbizi niba bikomeye ariko, mfite umuhaha kandi nta miti mfite. Ntabasha kubona amafaranga yo kongera kuza kwa muganga.",kinyarwanda,URGENT,paediatric,kinyarwanda->kinyarwanda:URGENT:paediatric,Mfite umuhaha.,Mfite umuhaha.
"Mumbabarire, ndashaka kubabwira ikibazo mfite. Maze iminsi itatu ndwaye impiswi zikomeye kuva mu cyumweru gishize kandi nta miti mfite. Ntabasha kubona amafaranga yo kongera kuza kwa muganga.",kinyarwanda,URGENT,gastrointestinal,kinyarwanda->kinyarwanda:URGENT:gastrointestinal,maze iminsi itatu ndwaye impiswi zikomeye,maze iminsi itatu ndwaye impiswi zikomeye
"Mfasha, iyo umugabo wanjye ahumetse cyane, arumva mu gituza hamubabaza kuva ubu gitondo cya kare biragenda bikagaruka. Naje mvuye kure.",kinyarwanda,URGENT,cardiac_respiratory,kinyarwanda->kinyarwanda:URGENT:cardiac_respiratory,"Iyo {REL} ahumetse cyane, arumva mu gituza hamubabaza.","Iyo {REL} ahumetse cyane, arumva mu gituza hamubabaza."
"Mfasha vuba, papa yabyimbye ibirenge kandi ntashobora guhumeka neza iyo aragaramye kuva mu cyumweru gishize biragenda bikagaruka. Ni imiti ki nafata?",kinyarwanda,URGENT,chronic_care,kinyarwanda->kinyarwanda:URGENT:chronic_care,{REL} yabyimbye ibirenge kandi ntashobora guhumeka neza iyo aragaramye.,Nabyimbye ibirenge kandi sinshobora guhumeka neza iyo ndagaramye.
Ndashaka kukubwira ikibazo mfite. Mu rugo hari umuntu urwaye igituntu kandi umugore wanjye ashaka kwisuzumisha kuva mu masaha abiri ashize kandi ndahangayitse. Naje mvuye kure.,kinyarwanda,URGENT,preventive,kinyarwanda->kinyarwanda:URGENT:preventive,Mu rugo hari umuntu urwaye igituntu kandi {REL} ashaka kwisuzumisha.,Mu rugo hari umuntu urwaye igituntu kandi ndashaka kwisuzumisha.
"Ndakeneye ubufasha, mu rugo hari umuntu urwaye igituntu kandi umuturanyi wanjye ashaka kwisuzumisha kuva hashize iminsi ibiri. Ese ibi birakomeye?",kinyarwanda,URGENT,preventive,kinyarwanda->kinyarwanda:URGENT:preventive,Mu rugo hari umuntu urwaye igituntu kandi {REL} ashaka kwisuzumisha.,Mu rugo hari umuntu urwaye igituntu kandi ndashaka kwisuzumisha.
"Mfasha vuba, umugore wanjye ahumeka bimugora cyane kandi iminwa ye yahindutse ibara kuva hashize iminsi ibiri. Byatangiye gitunguranye. Ese ibi birakomeye?",kinyarwanda,CRITICAL,cardiac_respiratory,kinyarwanda->kinyarwanda:CRITICAL:cardiac_respiratory,{REL} ahumeka bimugora cyane kandi iminwa ye yahindutse ibara.,guhumeka birangora cyane kandi iminwa yanjye yahindutse ibara
"Ndakeneye ubufasha, umukecuru nta miti ya SIDA afite nta miti imfasha. Ni imiti ki nafata?",kinyarwanda,URGENT,chronic_care,kinyarwanda->kinyarwanda:URGENT:chronic_care,{REL} nta miti ya SIDA afite.,Nta miti ya SIDA mfite.
"Muraho, umugabo wanjye ahumeka bimugora cyane kandi iminwa ye yahindutse ibara kuva ijoro ryashize kandi ndahangayitse. Ese ibi birakomeye?",kinyarwanda,CRITICAL,cardiac_respiratory,kinyarwanda->kinyarwanda:CRITICAL:cardiac_respiratory,{REL} ahumeka bimugora cyane kandi iminwa ye yahindutse ibara.,guhumeka birangora cyane kandi iminwa yanjye yahindutse ibara
"Muganga, ndashaka kugirwa inama ku mazi yo kunywa kuva mu masaha abiri ashize bikarushaho nijoro",kinyarwanda,ROUTINE,preventive,kinyarwanda->kinyarwanda:ROUTINE:preventive,Ndashaka kugirwa inama ku mazi yo kunywa.,Ndashaka kugirwa inama ku mazi yo kunywa.
"Simbizi niba bikomeye ariko, umukecuru afite ibimenyetso bya malariya, umuriro n'imbeho kuva mu cyumweru gishize kandi birushaho kuba bibi. Ntabasha kubona amafaranga yo kongera kuza kwa muganga.",kinyarwanda,URGENT,infectious_fever,kinyarwanda->kinyarwanda:URGENT:infectious_fever,"{REL} afite ibimenyetso bya malariya, umuriro n'imbeho.","Mfite ibimenyetso bya malariya, umuriro n'imbeho."
"Nzanye umwana wanjye, maze iminsi itatu ndwaye impiswi zikomeye kuva hashize iminsi ibiri. Byatangiye gitunguranye. Nkora iki?",kinyarwanda,URGENT,gastrointestinal,kinyarwanda->kinyarwanda:URGENT:gastrointestinal,maze iminsi itatu ndwaye impiswi zikomeye,maze iminsi itatu ndwaye impiswi zikomeye
Ndashaka kukubwira ikibazo mfite. Mushiki wanjye yabyimbye ibirenge kandi ntashobora guhumeka neza iyo aragaramye kuva ubu gitondo cya kare bikarushaho nijoro. Ni imiti ki nafata?,kinyarwanda,URGENT,chronic_care,kinyarwanda->kinyarwanda:URGENT:chronic_care,{REL} yabyimbye ibirenge kandi ntashobora guhumeka neza iyo aragaramye.,Nabyimbye ibirenge kandi sinshobora guhumeka neza iyo ndagaramye.
"Mfasha vuba, umukecuru afite ibimenyetso bya malariya, umuriro n'imbeho kuva ubu gitondo cya kare. Abandi bana na bo bafite iki kibazo. Nkora iki?",kinyarwanda,URGENT,infectious_fever,kinyarwanda->kinyarwanda:URGENT:infectious_fever,"{REL} afite ibimenyetso bya malariya, umuriro n'imbeho.","Mfite ibimenyetso bya malariya, umuriro n'imbeho."
Ndashaka kukubwira ikibazo mfite. Papa ahumeka bimugora cyane kandi iminwa ye yahindutse ibara kuva ijoro ryashize. Ndakeneye ubufasha vuba.,kinyarwanda,CRITICAL,cardiac_respiratory,kinyarwanda->kinyarwanda:CRITICAL:cardiac_respiratory,{REL} ahumeka bimugora cyane kandi iminwa ye yahindutse ibara.,guhumeka birangora cyane kandi iminwa yanjye yahindutse ibara
Ndashaka kukubwira ikibazo mfite. Ndatwite kandi nagagaye kuva hashize icyumweru kandi birushaho kuba bibi. Ni imiti ki nafata?,kinyarwanda,CRITICAL,obstetric,kinyarwanda->kinyarwanda:CRITICAL:obstetric,Ndatwite kandi nagagaye.,Ndatwite kandi nagagaye.
"Nyabuneka, mu rugo hari umuntu urwaye igituntu kandi ndashaka kwisuzumisha kuva hashize iminsi ibiri biragenda bikagaruka. Murakoze.",kinyarwanda,URGENT,preventive,kinyarwanda->kinyarwanda:URGENT:preventive,Mu rugo hari umuntu urwaye igituntu kandi ndashaka kwisuzumisha.,Mu rugo hari umuntu urwaye igituntu kandi ndashaka kwisuzumisha.
Mama afite impiswi zikomeye kandi yagize umwuma kuva mu masaha abiri ashize. Abandi bana na bo bafite iki kibazo. Ndakeneye ubufasha vuba.,kinyarwanda,CRITICAL,gastrointestinal,kinyarwanda->kinyarwanda:CRITICAL:gastrointestinal,{REL} afite impiswi zikomeye kandi yagize umwuma.,{REL} afite impiswi zikomeye kandi yagize umwuma.
"Naje hano mbere, mu rugo hari umuntu urwaye igituntu kandi ndashaka kwisuzumisha kuva mu masaha abiri ashize. Abandi bana na bo bafite iki kibazo. Ni imiti ki nafata?",kinyarwanda,URGENT,preventive,kinyarwanda->kinyarwanda:URGENT:preventive,Mu rugo hari umuntu urwaye igituntu kandi ndashaka kwisuzumisha.,Mu rugo hari umuntu urwaye igituntu kandi ndashaka kwisuzumisha.
"Mfasha, umugabo wanjye afite igisebe ku kirenge kidakira kandi afite diyabete kuva hashize icyumweru kandi sinshobora gusinzira. Nkora iki?",kinyarwanda,URGENT,chronic_care,kinyarwanda->kinyarwanda:URGENT:chronic_care,{REL} afite igisebe ku kirenge kidakira kandi afite diyabete.,Mfite igisebe ku kirenge kidakira kandi mfite diyabete.
"Ndakeneye ubufasha, umuvuduko w'amaraso wanjye wazamutse cyane kandi umutwe urandya cyane kuva hashize iminsi ibiri kandi sinshobora gusinzira. Ese ibi birakomeye?",kinyarwanda,URGENT,chronic_care,kinyarwanda->kinyarwanda:URGENT:chronic_care,Umuvuduko w'amaraso wanjye wazamutse cyane kandi umutwe urandya cyane.,Umuvuduko w'amaraso wanjye wazamutse cyane kandi umutwe urandya cyane.
"Mfasha vuba, umuturanyi wanjye ari kubyara ariko umugozi w'umwana wabanje gusohoka kuva mu masaha abiri ashize kandi ndahangayitse. Mfasha muganga.",kinyarwanda,CRITICAL,obstetric,kinyarwanda->kinyarwanda:CRITICAL:obstetric,{REL} ari kubyara ariko umugozi w'umwana wabanje gusohoka.,Ndabyara ariko habanje gusohoka umugozi w'umwana.
"Nyabuneka, ndatwite kandi nagagaye kandi ndahangayitse. Ntabasha kubona amafaranga yo kongera kuza kwa muganga.",kinyarwanda,CRITICAL,obstetric,kinyarwanda->kinyarwanda:CRITICAL:obstetric,Ndatwite kandi nagagaye.,Ndatwite kandi nagagaye.
"Muganga, mu rugo hari umuntu urwaye igituntu kandi ndashaka kwisuzumisha bikarushaho nijoro. Murakoze.",kinyarwanda,URGENT,preventive,kinyarwanda->kinyarwanda:URGENT:preventive,Mu rugo hari umuntu urwaye igituntu kandi ndashaka kwisuzumisha.,Mu rugo hari umuntu urwaye igituntu kandi ndashaka kwisuzumisha.
"Nyabuneka, ndashaka kugirwa inama ku mazi yo kunywa kuva hashize iminsi itatu kandi nta miti mfite. Ntabasha kubona amafaranga yo kongera kuza kwa muganga.",kinyarwanda,ROUTINE,preventive,kinyarwanda->kinyarwanda:ROUTINE:preventive,Ndashaka kugirwa inama ku mazi yo kunywa.,Ndashaka kugirwa inama ku mazi yo kunywa.
"Simbizi niba bikomeye ariko, umwana wanjye afite ibimenyetso bya malariya, umuriro n'imbeho. Byatangiye gitunguranye. Ese ibi birakomeye?",kinyarwanda,URGENT,infectious_fever,kinyarwanda->kinyarwanda:URGENT:infectious_fever,"{REL} afite ibimenyetso bya malariya, umuriro n'imbeho.","Mfite ibimenyetso bya malariya, umuriro n'imbeho."
"Ndakeneye ubufasha, umugore wanjye afite ibimenyetso bya malariya, umuriro n'imbeho kuva ejo kandi birushaho kuba bibi",kinyarwanda,URGENT,infectious_fever,kinyarwanda->kinyarwanda:URGENT:infectious_fever,"{REL} afite ibimenyetso bya malariya, umuriro n'imbeho.","Mfite ibimenyetso bya malariya, umuriro n'imbeho."
"Nyabuneka, papa afite ibimenyetso bya malariya, umuriro n'imbeho kuva mu cyumweru gishize bikarushaho nijoro. Ntegereze cyangwa nsuzumwe ubu?",kinyarwanda,URGENT,infectious_fever,kinyarwanda->kinyarwanda:URGENT:infectious_fever,"{REL} afite ibimenyetso bya malariya, umuriro n'imbeho.","Mfite ibimenyetso bya malariya, umuriro n'imbeho."
"Mfasha vuba, umugore wanjye ahumeka bimugora cyane kandi iminwa ye yahindutse ibara kandi nta miti mfite. Ntegereze cyangwa nsuzumwe ubu?",kinyarwanda,CRITICAL,cardiac_respiratory,kinyarwanda->kinyarwanda:CRITICAL:cardiac_respiratory,{REL} ahumeka bimugora cyane kandi iminwa ye yahindutse ibara.,guhumeka birangora cyane kandi iminwa yanjye yahindutse ibara
"Mfasha vuba, papa afite ibimenyetso bya malariya, umuriro n'imbeho kuva hashize iminsi ibiri. Byatangiye gitunguranye. Murakoze.",kinyarwanda,URGENT,infectious_fever,kinyarwanda->kinyarwanda:URGENT:infectious_fever,"{REL} afite ibimenyetso bya malariya, umuriro n'imbeho.","Mfite ibimenyetso bya malariya, umuriro n'imbeho."
"Nzanye umwana wanjye, mushiki wanjye yabyimbye ibirenge kandi ntashobora guhumeka neza iyo aragaramye kuva hashize icyumweru kandi birushaho kuba bibi. Ni imiti ki nafata?",kinyarwanda,URGENT,chronic_care,kinyarwanda->kinyarwanda:URGENT:chronic_care,{REL} yabyimbye ibirenge kandi ntashobora guhumeka neza iyo aragaramye.,Nabyimbye ibirenge kandi sinshobora guhumeka neza iyo ndagaramye.
"Muganga, mu rugo hari umuntu urwaye igituntu kandi ndashaka kwisuzumisha kuva ejo nta miti imfasha. Ni imiti ki nafata?",kinyarwanda,URGENT,preventive,kinyarwanda->kinyarwanda:URGENT:preventive,Mu rugo hari umuntu urwaye igituntu kandi ndashaka kwisuzumisha.,Mu rugo hari umuntu urwaye igituntu kandi ndashaka kwisuzumisha.
"Muraho, mfite umuhaha kuva hashize iminsi itatu bikarushaho nijoro. Ntegereze cyangwa nsuzumwe ubu?",kinyarwanda,URGENT,paediatric,kinyarwanda->kinyarwanda:URGENT:paediatric,Mfite umuhaha.,Mfite umuhaha.
"Mumbabarire, ndashaka kubabwira ikibazo mfite. Mu rugo hari umuntu urwaye igituntu kandi mama ashaka kwisuzumisha kuva ejo kandi ndahangayitse. Ntegereze cyangwa nsuzumwe ubu?",kinyarwanda,URGENT,preventive,kinyarwanda->kinyarwanda:URGENT:preventive,Mu rugo hari umuntu urwaye igituntu kandi {REL} ashaka kwisuzumisha.,Mu rugo hari umuntu urwaye igituntu kandi ndashaka kwisuzumisha.
"Ndakeneye ubufasha, umuturanyi wanjye ari kubyara ariko umugozi w'umwana wabanje gusohoka kuva ijoro ryashize. Nkora iki?",kinyarwanda,CRITICAL,obstetric,kinyarwanda->kinyarwanda:CRITICAL:obstetric,{REL} ari kubyara ariko umugozi w'umwana wabanje gusohoka.,Ndabyara ariko habanje gusohoka umugozi w'umwana.
"Nzanye umwana wanjye, mfite igisebe ku kirenge kidakira kandi mfite diyabete kuva hashize iminsi ibiri. Abandi bana na bo bafite iki kibazo. Ese ibi birakomeye?",kinyarwanda,URGENT,chronic_care,kinyarwanda->kinyarwanda:URGENT:chronic_care,Mfite igisebe ku kirenge kidakira kandi mfite diyabete.,Mfite igisebe ku kirenge kidakira kandi mfite diyabete.
"Mfasha, mushiki wanjye afite gahunda yo gukingiza umwana kuva mu gitondo. Byatangiye gitunguranye. Ni imiti ki nafata?",kinyarwanda,ROUTINE,preventive,kinyarwanda->kinyarwanda:ROUTINE:preventive,{REL} afite gahunda yo gukingiza umwana.,Mfite gahunda yo gukingiza umwana.
"Nyabuneka, papa yabyimbye ibirenge kandi ntashobora guhumeka neza iyo aragaramye kuva hashize iminsi itatu bikarushaho nijoro. Urakoze.",kinyarwanda,URGENT,chronic_care,kinyarwanda->kinyarwanda:URGENT:chronic_care,{REL} yabyimbye ibirenge kandi ntashobora guhumeka neza iyo aragaramye.,Nabyimbye ibirenge kandi sinshobora guhumeka neza iyo ndagaramye.
"Mfasha vuba, umugore wanjye afite impiswi zikomeye kandi yagize umwuma kuva ubu gitondo cya kare biragenda bikagaruka. Ese ibi birakomeye?",kinyarwanda,CRITICAL,gastrointestinal,kinyarwanda->kinyarwanda:CRITICAL:gastrointestinal,{REL} afite impiswi zikomeye kandi yagize umwuma.,{REL} afite impiswi zikomeye kandi yagize umwuma.
"Mumbabarire, ndashaka kubabwira ikibazo mfite. Mfite igisebe ku kirenge kidakira kandi mfite diyabete kuva hashize iminsi ibiri kandi sinshobora gusinzira. Ntegereze cyangwa nsuzumwe ubu?",kinyarwanda,URGENT,chronic_care,kinyarwanda->kinyarwanda:URGENT:chronic_care,Mfite igisebe ku kirenge kidakira kandi mfite diyabete.,Mfite igisebe ku kirenge kidakira kandi mfite diyabete.
"Nzanye umwana wanjye, umuturanyi wanjye nta miti ya SIDA afite kuva ejo. Byatangiye gitunguranye. Ntegereze cyangwa nsuzumwe ubu?",kinyarwanda,URGENT,chronic_care,kinyarwanda->kinyarwanda:URGENT:chronic_care,{REL} nta miti ya SIDA afite.,Nta miti ya SIDA mfite.
"Ndakeneye ubufasha, mfite umuhaha kuva ejo nta miti imfasha. Urakoze.",kinyarwanda,URGENT,paediatric,kinyarwanda->kinyarwanda:URGENT:paediatric,Mfite umuhaha.,Mfite umuhaha.
"Nyabuneka, mushiki wanjye afite gahunda yo gukingiza umwana kuva ijoro ryashize bikarushaho nijoro. Ndakeneye ubufasha vuba.",kinyarwanda,ROUTINE,preventive,kinyarwanda->kinyarwanda:ROUTINE:preventive,{REL} afite gahunda yo gukingiza umwana.,Mfite gahunda yo gukingiza umwana.
"Simbizi niba bikomeye ariko, umuvuduko w'amaraso wanjye wazamutse cyane kandi umutwe urandya cyane kuva ejo. Abandi bana na bo bafite iki kibazo. Ntabasha kubona amafaranga yo kongera kuza kwa muganga.",kinyarwanda,URGENT,chronic_care,kinyarwanda->kinyarwanda:URGENT:chronic_care,Umuvuduko w'amaraso wanjye wazamutse cyane kandi umutwe urandya cyane.,Umuvuduko w'amaraso wanjye wazamutse cyane kandi umutwe urandya cyane.
"Nyabuneka, umuvuduko w'amaraso wanjye wazamutse cyane kandi umutwe urandya cyane kandi sinshobora gusinzira. Naje mvuye kure.",kinyarwanda,URGENT,chronic_care,kinyarwanda->kinyarwanda:URGENT:chronic_care,Umuvuduko w'amaraso wanjye wazamutse cyane kandi umutwe urandya cyane.,Umuvuduko w'amaraso wanjye wazamutse cyane kandi umutwe urandya cyane.
"Nyabuneka, umuturanyi wanjye afite igisebe ku kirenge kidakira kandi afite diyabete kuva mu gitondo kandi birushaho kuba bibi. Naje mvuye kure.",kinyarwanda,URGENT,chronic_care,kinyarwanda->kinyarwanda:URGENT:chronic_care,{REL} afite igisebe ku kirenge kidakira kandi afite diyabete.,Mfite igisebe ku kirenge kidakira kandi mfite diyabete.
"Mfasha, umugabo wanjye nta miti ya SIDA afite kuva hashize iminsi ibiri. Byatangiye gitunguranye. Mfasha muganga.",kinyarwanda,URGENT,chronic_care,kinyarwanda->kinyarwanda:URGENT:chronic_care,{REL} nta miti ya SIDA afite.,Nta miti ya SIDA mfite.
"Mumbabarire, ndashaka kubabwira ikibazo mfite. Umugabo wanjye afite impiswi zikomeye kandi yagize umwuma kuva mu gitondo nta miti imfasha. Ni imiti ki nafata?",kinyarwanda,CRITICAL,gastrointestinal,kinyarwanda->kinyarwanda:CRITICAL:gastrointestinal,{REL} afite impiswi zikomeye kandi yagize umwuma.,{REL} afite impiswi zikomeye kandi yagize umwuma.
Maze umunsi wose mbabara ngerageza kubyara ariko umwana ntarasohoka kuva hashize icyumweru kandi ndahangayitse. Ndakeneye ubufasha vuba.,kinyarwanda,CRITICAL,obstetric,kinyarwanda->kinyarwanda:CRITICAL:obstetric,Maze umunsi wose mbabara ngerageza kubyara ariko umwana ntarasohoka.,Maze umunsi wose mbabara ngerageza kubyara ariko umwana ntarasohoka.
"Mfasha vuba, mu rugo hari umuntu urwaye igituntu kandi ndashaka kwisuzumisha kuva ijoro ryashize kandi ndahangayitse. Ntegereze cyangwa nsuzumwe ubu?",kinyarwanda,URGENT,preventive,kinyarwanda->kinyarwanda:URGENT:preventive,Mu rugo hari umuntu urwaye igituntu kandi ndashaka kwisuzumisha.,Mu rugo hari umuntu urwaye igituntu kandi ndashaka kwisuzumisha.
"Muraho, mama yabyimbye ibirenge kandi ntashobora guhumeka neza iyo aragaramye kuva mu gitondo nta miti imfasha. Mfasha muganga.",kinyarwanda,URGENT,chronic_care,kinyarwanda->kinyarwanda:URGENT:chronic_care,{REL} yabyimbye ibirenge kandi ntashobora guhumeka neza iyo aragaramye.,Nabyimbye ibirenge kandi sinshobora guhumeka neza iyo ndagaramye.
"Mfasha, mushiki wanjye arababara cyane mu nda kandi ububabare ntibuhagarara kuva hashize icyumweru biragenda bikagaruka. Ese ibi birakomeye?",kinyarwanda,URGENT,gastrointestinal,kinyarwanda->kinyarwanda:URGENT:gastrointestinal,{REL} arababara cyane mu nda kandi ububabare ntibuhagarara.,Inda irandya cyane kandi ububabare ntibuhagarara.
"Ndakeneye ubufasha, mfite ikibazo ku mutwe kandi kirimo guterwa n'urumuri. Abandi bana na bo bafite iki kibazo. Urakoze.",kinyarwanda,URGENT,neurological,kinyarwanda->kinyarwanda:URGENT:neurological,Mfite ikibazo ku mutwe kandi kirimo guterwa n'urumuri.,Mfite ikibazo ku mutwe kandi kirimo guterwa n'urumuri.
"Mfasha vuba, maze umunsi wose mbabara ngerageza kubyara ariko umwana ntarasohoka kuva hashize iminsi itatu. Abandi bana na bo bafite iki kibazo. Mfasha muganga.",kinyarwanda,CRITICAL,obstetric,kinyarwanda->kinyarwanda:CRITICAL:obstetric,Maze umunsi wose mbabara ngerageza kubyara ariko umwana ntarasohoka.,Maze umunsi wose mbabara ngerageza kubyara ariko umwana ntarasohoka.
"Muraho, mfite ikibazo ku mutwe kandi kirimo guterwa n'urumuri kuva mu gitondo kandi nta miti mfite. Mfasha muganga.",kinyarwanda,URGENT,neurological,kinyarwanda->kinyarwanda:URGENT:neurological,Mfite ikibazo ku mutwe kandi kirimo guterwa n'urumuri.,Mfite ikibazo ku mutwe kandi kirimo guterwa n'urumuri.
"Nzanye umwana wanjye, mama ari kubyara ariko umugozi w'umwana wabanje gusohoka kuva mu masaha abiri ashize nta miti imfasha. Ntabasha kubona amafaranga yo kongera kuza kwa muganga.",kinyarwanda,CRITICAL,obstetric,kinyarwanda->kinyarwanda:CRITICAL:obstetric,{REL} ari kubyara ariko umugozi w'umwana wabanje gusohoka.,Ndabyara ariko habanje gusohoka umugozi w'umwana.
"Muganga, papa nta miti ya SIDA afite kuva hashize iminsi itatu kandi nta miti mfite. Ese ibi birakomeye?",kinyarwanda,URGENT,chronic_care,kinyarwanda->kinyarwanda:URGENT:chronic_care,{REL} nta miti ya SIDA afite.,Nta miti ya SIDA mfite.
"Mfasha, mama nta miti ya SIDA afite kuva hashize icyumweru nta miti imfasha. Nkora iki?",kinyarwanda,URGENT,chronic_care,kinyarwanda->kinyarwanda:URGENT:chronic_care,{REL} nta miti ya SIDA afite.,Nta miti ya SIDA mfite.
"Naje hano mbere, mu rugo hari umuntu urwaye igituntu kandi umugabo wanjye ashaka kwisuzumisha kuva hashize iminsi itatu kandi nta miti mfite",kinyarwanda,URGENT,preventive,kinyarwanda->kinyarwanda:URGENT:preventive,Mu rugo hari umuntu urwaye igituntu kandi {REL} ashaka kwisuzumisha.,Mu rugo hari umuntu urwaye igituntu kandi ndashaka kwisuzumisha.
"Ndakeneye ubufasha, ndashaka kugirwa inama ku mazi yo kunywa kuva mu cyumweru gishize kandi ndahangayitse. Naje mvuye kure.",kinyarwanda,ROUTINE,preventive,kinyarwanda->kinyarwanda:ROUTINE:preventive,Ndashaka kugirwa inama ku mazi yo kunywa.,Ndashaka kugirwa inama ku mazi yo kunywa.
Maze umunsi wose mbabara ngerageza kubyara ariko umwana ntarasohoka kandi nta miti mfite. Mfasha muganga.,kinyarwanda,CRITICAL,obstetric,kinyarwanda->kinyarwanda:CRITICAL:obstetric,Maze umunsi wose mbabara ngerageza kubyara ariko umwana ntarasohoka.,Maze umunsi wose mbabara ngerageza kubyara ariko umwana ntarasohoka.
"Muraho, umuturanyi wanjye afite ibimenyetso bya malariya, umuriro n'imbeho kuva ejo biragenda bikagaruka. Ntegereze cyangwa nsuzumwe ubu?",kinyarwanda,URGENT,infectious_fever,kinyarwanda->kinyarwanda:URGENT:infectious_fever,"{REL} afite ibimenyetso bya malariya, umuriro n'imbeho.","Mfite ibimenyetso bya malariya, umuriro n'imbeho."
"Ndakeneye ubufasha, ndashaka kugirwa inama ku mazi yo kunywa kuva ijoro ryashize. Abandi bana na bo bafite iki kibazo. Ndakeneye ubufasha vuba.",kinyarwanda,ROUTINE,preventive,kinyarwanda->kinyarwanda:ROUTINE:preventive,Ndashaka kugirwa inama ku mazi yo kunywa.,Ndashaka kugirwa inama ku mazi yo kunywa.
"Mfasha vuba, maze umunsi wose mbabara ngerageza kubyara ariko umwana ntarasohoka kuva mu cyumweru gishize kandi nta miti mfite. Ntegereze cyangwa nsuzumwe ubu?",kinyarwanda,CRITICAL,obstetric,kinyarwanda->kinyarwanda:CRITICAL:obstetric,Maze umunsi wose mbabara ngerageza kubyara ariko umwana ntarasohoka.,Maze umunsi wose mbabara ngerageza kubyara ariko umwana ntarasohoka.
"Naje hano mbere, mama afite ibimenyetso bya malariya, umuriro n'imbeho kuva hashize iminsi itatu nta miti imfasha. Murakoze.",kinyarwanda,URGENT,infectious_fever,kinyarwanda->kinyarwanda:URGENT:infectious_fever,"{REL} afite ibimenyetso bya malariya, umuriro n'imbeho.","Mfite ibimenyetso bya malariya, umuriro n'imbeho."
"Nzanye umwana wanjye, mfite umuhaha kuva hashize icyumweru kandi sinshobora gusinzira. Urakoze.",kinyarwanda,URGENT,paediatric,kinyarwanda->kinyarwanda:URGENT:paediatric,Mfite umuhaha.,Mfite umuhaha.
"Naje hano mbere, mu rugo hari umuntu urwaye igituntu kandi ndashaka kwisuzumisha kuva ejo bikarushaho nijoro. Ndakeneye ubufasha vuba.",kinyarwanda,URGENT,preventive,kinyarwanda->kinyarwanda:URGENT:preventive,Mu rugo hari umuntu urwaye igituntu kandi ndashaka kwisuzumisha.,Mu rugo hari umuntu urwaye igituntu kandi ndashaka kwisuzumisha.
"Ndashaka kukubwira ikibazo mfite. Iyo mushiki wanjye ahumetse cyane, arumva mu gituza hamubabaza nta miti imfasha. Ni imiti ki nafata?",kinyarwanda,URGENT,cardiac_respiratory,kinyarwanda->kinyarwanda:URGENT:cardiac_respiratory,"Iyo {REL} ahumetse cyane, arumva mu gituza hamubabaza.","Iyo {REL} ahumetse cyane, arumva mu gituza hamubabaza."
"Mfasha, mushiki wanjye arababara cyane mu nda kandi ububabare ntibuhagarara kuva hashize iminsi itatu bikarushaho nijoro. Nkora iki?",kinyarwanda,URGENT,gastrointestinal,kinyarwanda->kinyarwanda:URGENT:gastrointestinal,{REL} arababara cyane mu nda kandi ububabare ntibuhagarara.,Inda irandya cyane kandi ububabare ntibuhagarara.
"Mumbabarire, ndashaka kubabwira ikibazo mfite. Mu rugo hari umuntu urwaye igituntu kandi ndashaka kwisuzumisha kuva hashize icyumweru bikarushaho nijoro. Urakoze.",kinyarwanda,URGENT,preventive,kinyarwanda->kinyarwanda:URGENT:preventive,Mu rugo hari umuntu urwaye igituntu kandi ndashaka kwisuzumisha.,Mu rugo hari umuntu urwaye igituntu kandi ndashaka kwisuzumisha.
Ndashaka kukubwira ikibazo mfite. Mfite ikibazo ku mutwe kandi kirimo guterwa n'urumuri kuva ejo nta miti imfasha. Ndakeneye ubufasha vuba.,kinyarwanda,URGENT,neurological,kinyarwanda->kinyarwanda:URGENT:neurological,Mfite ikibazo ku mutwe kandi kirimo guterwa n'urumuri.,Mfite ikibazo ku mutwe kandi kirimo guterwa n'urumuri.
Ndashaka kukubwira ikibazo mfite. Mfite ikibazo ku mutwe kandi kirimo guterwa n'urumuri kuva hashize iminsi itatu kandi sinshobora gusinzira. Ese ibi birakomeye?,kinyarwanda,URGENT,neurological,kinyarwanda->kinyarwanda:URGENT:neurological,Mfite ikibazo ku mutwe kandi kirimo guterwa n'urumuri.,Mfite ikibazo ku mutwe kandi kirimo guterwa n'urumuri.
"Simbizi niba bikomeye ariko, mu rugo hari umuntu urwaye igituntu kandi papa ashaka kwisuzumisha kuva mu masaha abiri ashize. Byatangiye gitunguranye. Ndakeneye ubufasha vuba.",kinyarwanda,URGENT,preventive,kinyarwanda->kinyarwanda:URGENT:preventive,Mu rugo hari umuntu urwaye igituntu kandi {REL} ashaka kwisuzumisha.,Mu rugo hari umuntu urwaye igituntu kandi ndashaka kwisuzumisha.
Ndashaka kukubwira ikibazo mfite. Ndatwite kandi nagagaye kuva hashize iminsi ibiri. Abandi bana na bo bafite iki kibazo. Ntegereze cyangwa nsuzumwe ubu?,kinyarwanda,CRITICAL,obstetric,kinyarwanda->kinyarwanda:CRITICAL:obstetric,Ndatwite kandi nagagaye.,Ndatwite kandi nagagaye.
"Naje hano mbere, mu rugo hari umuntu urwaye igituntu kandi umugore wanjye ashaka kwisuzumisha kuva ubu gitondo cya kare bikarushaho nijoro. Ni imiti ki nafata?",kinyarwanda,URGENT,preventive,kinyarwanda->kinyarwanda:URGENT:preventive,Mu rugo hari umuntu urwaye igituntu kandi {REL} ashaka kwisuzumisha.,Mu rugo hari umuntu urwaye igituntu kandi ndashaka kwisuzumisha.
"Ndakeneye ubufasha, umuvuduko w'amaraso wanjye wazamutse cyane kandi umutwe urandya cyane. Naje mvuye kure.",kinyarwanda,URGENT,chronic_care,kinyarwanda->kinyarwanda:URGENT:chronic_care,Umuvuduko w'amaraso wanjye wazamutse cyane kandi umutwe urandya cyane.,Umuvuduko w'amaraso wanjye wazamutse cyane kandi umutwe urandya cyane.
"Muraho, umukecuru ahumeka bimugora cyane kandi iminwa ye yahindutse ibara kuva mu masaha abiri ashize biragenda bikagaruka. Ese ibi birakomeye?",kinyarwanda,CRITICAL,cardiac_respiratory,kinyarwanda->kinyarwanda:CRITICAL:cardiac_respiratory,{REL} ahumeka bimugora cyane kandi iminwa ye yahindutse ibara.,guhumeka birangora cyane kandi iminwa yanjye yahindutse ibara
"Mfasha, umukecuru ahumeka bimugora cyane kandi iminwa ye yahindutse ibara kuva ijoro ryashize biragenda bikagaruka",kinyarwanda,CRITICAL,cardiac_respiratory,kinyarwanda->kinyarwanda:CRITICAL:cardiac_respiratory,{REL} ahumeka bimugora cyane kandi iminwa ye yahindutse ibara.,guhumeka birangora cyane kandi iminwa yanjye yahindutse ibara
"Simbizi niba bikomeye ariko, umuturanyi wanjye ari kubyara ariko umugozi w'umwana wabanje gusohoka kuva hashize icyumweru kandi birushaho kuba bibi. Naje mvuye kure.",kinyarwanda,CRITICAL,obstetric,kinyarwanda->kinyarwanda:CRITICAL:obstetric,{REL} ari kubyara ariko umugozi w'umwana wabanje gusohoka.,Ndabyara ariko habanje gusohoka umugozi w'umwana.
"Muganga, mama arababara cyane mu nda kandi ububabare ntibuhagarara kandi nta miti mfite. Nkora iki?",kinyarwanda,URGENT,gastrointestinal,kinyarwanda->kinyarwanda:URGENT:gastrointestinal,{REL} arababara cyane mu nda kandi ububabare ntibuhagarara.,Inda irandya cyane kandi ububabare ntibuhagarara.
Ndashaka kukubwira ikibazo mfite. Maze umunsi wose mbabara ngerageza kubyara ariko umwana ntarasohoka kuva hashize iminsi ibiri. Byatangiye gitunguranye. Ese ibi birakomeye?,kinyarwanda,CRITICAL,obstetric,kinyarwanda->kinyarwanda:CRITICAL:obstetric,Maze umunsi wose mbabara ngerageza kubyara ariko umwana ntarasohoka.,Maze umunsi wose mbabara ngerageza kubyara ariko umwana ntarasohoka.
"Nzanye umwana wanjye, mu rugo hari umuntu urwaye igituntu kandi mushiki wanjye ashaka kwisuzumisha kuva ubu gitondo cya kare kandi birushaho kuba bibi. Ntegereze cyangwa nsuzumwe ubu?",kinyarwanda,URGENT,preventive,kinyarwanda->kinyarwanda:URGENT:preventive,Mu rugo hari umuntu urwaye igituntu kandi {REL} ashaka kwisuzumisha.,Mu rugo hari umuntu urwaye igituntu kandi ndashaka kwisuzumisha.
Ndashaka kukubwira ikibazo mfite. Umuvuduko w'amaraso wanjye wazamutse cyane kandi umutwe urandya cyane kuva hashize icyumweru kandi sinshobora gusinzira. Murakoze.,kinyarwanda,URGENT,chronic_care,kinyarwanda->kinyarwanda:URGENT:chronic_care,Umuvuduko w'amaraso wanjye wazamutse cyane kandi umutwe urandya cyane.,Umuvuduko w'amaraso wanjye wazamutse cyane kandi umutwe urandya cyane.
"Mfasha, mfite ikibazo ku mutwe kandi kirimo guterwa n'urumuri kuva ejo kandi birushaho kuba bibi. Mfasha muganga.",kinyarwanda,URGENT,neurological,kinyarwanda->kinyarwanda:URGENT:neurological,Mfite ikibazo ku mutwe kandi kirimo guterwa n'urumuri.,Mfite ikibazo ku mutwe kandi kirimo guterwa n'urumuri.
"Mumbabarire, ndashaka kubabwira ikibazo mfite. Ndatwite kandi nagagaye kuva ejo. Ni imiti ki nafata?",kinyarwanda,CRITICAL,obstetric,kinyarwanda->kinyarwanda:CRITICAL:obstetric,Ndatwite kandi nagagaye.,Ndatwite kandi nagagaye.
"Nzanye umwana wanjye, umuturanyi wanjye afite ibimenyetso bya malariya, umuriro n'imbeho kuva hashize iminsi itatu kandi ndahangayitse. Urakoze.",kinyarwanda,URGENT,infectious_fever,kinyarwanda->kinyarwanda:URGENT:infectious_fever,"{REL} afite ibimenyetso bya malariya, umuriro n'imbeho.","Mfite ibimenyetso bya malariya, umuriro n'imbeho."
"Mfasha, mfite igisebe ku kirenge kidakira kandi mfite diyabete kuva ubu gitondo cya kare bikarushaho nijoro",kinyarwanda,URGENT,chronic_care,kinyarwanda->kinyarwanda:URGENT:chronic_care,Mfite igisebe ku kirenge kidakira kandi mfite diyabete.,Mfite igisebe ku kirenge kidakira kandi mfite diyabete.
"Ndakeneye ubufasha, mushiki wanjye ari kubyara ariko umugozi w'umwana wabanje gusohoka kuva hashize iminsi ibiri. Abandi bana na bo bafite iki kibazo. Ntegereze cyangwa nsuzumwe ubu?",kinyarwanda,CRITICAL,obstetric,kinyarwanda->kinyarwanda:CRITICAL:obstetric,{REL} ari kubyara ariko umugozi w'umwana wabanje gusohoka.,Ndabyara ariko habanje gusohoka umugozi w'umwana.
"Ndakeneye ubufasha, umuvuduko w'amaraso wanjye wazamutse cyane kandi umutwe urandya cyane kuva hashize iminsi ibiri. Abandi bana na bo bafite iki kibazo. Ntegereze cyangwa nsuzumwe ubu?",kinyarwanda,URGENT,chronic_care,kinyarwanda->kinyarwanda:URGENT:chronic_care,Umuvuduko w'amaraso wanjye wazamutse cyane kandi umutwe urandya cyane.,Umuvuduko w'amaraso wanjye wazamutse cyane kandi umutwe urandya cyane.
"Mushiki wanjye afite ibimenyetso bya malariya, umuriro n'imbeho kuva ijoro ryashize biragenda bikagaruka. Ntabasha kubona amafaranga yo kongera kuza kwa muganga.",kinyarwanda,URGENT,infectious_fever,kinyarwanda->kinyarwanda:URGENT:infectious_fever,"{REL} afite ibimenyetso bya malariya, umuriro n'imbeho.","Mfite ibimenyetso bya malariya, umuriro n'imbeho."
"Simbizi niba bikomeye ariko, umwana wanjye yabyimbye ibirenge kandi ntashobora guhumeka neza iyo aragaramye kuva hashize iminsi ibiri. Byatangiye gitunguranye. Ndakeneye ubufasha vuba.",kinyarwanda,URGENT,chronic_care,kinyarwanda->kinyarwanda:URGENT:chronic_care,{REL} yabyimbye ibirenge kandi ntashobora guhumeka neza iyo aragaramye.,Nabyimbye ibirenge kandi sinshobora guhumeka neza iyo ndagaramye.
"Ndakeneye ubufasha, mu rugo hari umuntu urwaye igituntu kandi papa ashaka kwisuzumisha kandi sinshobora gusinzira. Ese ibi birakomeye?",kinyarwanda,URGENT,preventive,kinyarwanda->kinyarwanda:URGENT:preventive,Mu rugo hari umuntu urwaye igituntu kandi {REL} ashaka kwisuzumisha.,Mu rugo hari umuntu urwaye igituntu kandi ndashaka kwisuzumisha.
"Muganga, mama ari kubyara ariko umugozi w'umwana wabanje gusohoka kuva mu gitondo kandi birushaho kuba bibi. Ntegereze cyangwa nsuzumwe ubu?",kinyarwanda,CRITICAL,obstetric,kinyarwanda->kinyarwanda:CRITICAL:obstetric,{REL} ari kubyara ariko umugozi w'umwana wabanje gusohoka.,Ndabyara ariko habanje gusohoka umugozi w'umwana.
"Ndakeneye ubufasha, mfite ikibazo ku mutwe kandi kirimo guterwa n'urumuri kuva mu cyumweru gishize. Abandi bana na bo bafite iki kibazo. Ntabasha kubona amafaranga yo kongera kuza kwa muganga.",kinyarwanda,URGENT,neurological,kinyarwanda->kinyarwanda:URGENT:neurological,Mfite ikibazo ku mutwe kandi kirimo guterwa n'urumuri.,Mfite ikibazo ku mutwe kandi kirimo guterwa n'urumuri.
"Simbizi niba bikomeye ariko, mu rugo hari umuntu urwaye igituntu kandi ndashaka kwisuzumisha kandi nta miti mfite. Ese ibi birakomeye?",kinyarwanda,URGENT,preventive,kinyarwanda->kinyarwanda:URGENT:preventive,Mu rugo hari umuntu urwaye igituntu kandi ndashaka kwisuzumisha.,Mu rugo hari umuntu urwaye igituntu kandi ndashaka kwisuzumisha.
"Mfasha, ndatwite kandi nagagaye kuva hashize iminsi ibiri. Byatangiye gitunguranye. Ntabasha kubona amafaranga yo kongera kuza kwa muganga.",kinyarwanda,CRITICAL,obstetric,kinyarwanda->kinyarwanda:CRITICAL:obstetric,Ndatwite kandi nagagaye.,Ndatwite kandi nagagaye.
"Mumbabarire, ndashaka kubabwira ikibazo mfite. Umukecuru nta miti ya SIDA afite kuva hashize iminsi ibiri nta miti imfasha. Mfasha muganga.",kinyarwanda,URGENT,chronic_care,kinyarwanda->kinyarwanda:URGENT:chronic_care,{REL} nta miti ya SIDA afite.,Nta miti ya SIDA mfite.
"Mfasha, ndatwite kandi nagagaye kuva hashize icyumweru kandi ndahangayitse. Ese ibi birakomeye?",kinyarwanda,CRITICAL,obstetric,kinyarwanda->kinyarwanda:CRITICAL:obstetric,Ndatwite kandi nagagaye.,Ndatwite kandi nagagaye.
"Mfasha vuba, maze umunsi wose mbabara ngerageza kubyara ariko umwana ntarasohoka kuva ubu gitondo cya kare kandi sinshobora gusinzira. Naje mvuye kure.",kinyarwanda,CRITICAL,obstetric,kinyarwanda->kinyarwanda:CRITICAL:obstetric,Maze umunsi wose mbabara ngerageza kubyara ariko umwana ntarasohoka.,Maze umunsi wose mbabara ngerageza kubyara ariko umwana ntarasohoka.
"Nzanye umwana wanjye, mfite igisebe ku kirenge kidakira kandi mfite diyabete kuva mu masaha abiri ashize kandi sinshobora gusinzira. Murakoze.",kinyarwanda,URGENT,chronic_care,kinyarwanda->kinyarwanda:URGENT:chronic_care,Mfite igisebe ku kirenge kidakira kandi mfite diyabete.,Mfite igisebe ku kirenge kidakira kandi mfite diyabete.
"Muraho, umukecuru ahumeka bimugora cyane kandi iminwa ye yahindutse ibara kuva mu masaha abiri ashize bikarushaho nijoro. Ndakeneye ubufasha vuba.",kinyarwanda,CRITICAL,cardiac_respiratory,kinyarwanda->kinyarwanda:CRITICAL:cardiac_respiratory,{REL} ahumeka bimugora cyane kandi iminwa ye yahindutse ibara.,guhumeka birangora cyane kandi iminwa yanjye yahindutse ibara
"Mfasha vuba, umukecuru ahumeka bimugora cyane kandi iminwa ye yahindutse ibara kuva ejo biragenda bikagaruka. Naje mvuye kure.",kinyarwanda,CRITICAL,cardiac_respiratory,kinyarwanda->kinyarwanda:CRITICAL:cardiac_respiratory,{REL} ahumeka bimugora cyane kandi iminwa ye yahindutse ibara.,guhumeka birangora cyane kandi iminwa yanjye yahindutse ibara
"Nyabuneka, mama afite gahunda yo gukingiza umwana kuva ejo nta miti imfasha. Nkora iki?",kinyarwanda,ROUTINE,preventive,kinyarwanda->kinyarwanda:ROUTINE:preventive,{REL} afite gahunda yo gukingiza umwana.,Mfite gahunda yo gukingiza umwana.
"Simbizi niba bikomeye ariko, umukecuru afite ibimenyetso bya malariya, umuriro n'imbeho kuva mu masaha abiri ashize biragenda bikagaruka. Ntegereze cyangwa nsuzumwe ubu?",kinyarwanda,URGENT,infectious_fever,kinyarwanda->kinyarwanda:URGENT:infectious_fever,"{REL} afite ibimenyetso bya malariya, umuriro n'imbeho.","Mfite ibimenyetso bya malariya, umuriro n'imbeho."
"Naje hano mbere, umwana wanjye arababara cyane mu nda kandi ububabare ntibuhagarara kuva hashize icyumweru. Ntegereze cyangwa nsuzumwe ubu?",kinyarwanda,URGENT,gastrointestinal,kinyarwanda->kinyarwanda:URGENT:gastrointestinal,{REL} arababara cyane mu nda kandi ububabare ntibuhagarara.,Inda irandya cyane kandi ububabare ntibuhagarara.
"Mumbabarire, ndashaka kubabwira ikibazo mfite. Umuvuduko w'amaraso wanjye wazamutse cyane kandi umutwe urandya cyane kuva ejo bikarushaho nijoro. Ni imiti ki nafata?",kinyarwanda,URGENT,chronic_care,kinyarwanda->kinyarwanda:URGENT:chronic_care,Umuvuduko w'amaraso wanjye wazamutse cyane kandi umutwe urandya cyane.,Umuvuduko w'amaraso wanjye wazamutse cyane kandi umutwe urandya cyane.
"Mfasha vuba, papa afite ibimenyetso bya malariya, umuriro n'imbeho kuva ubu gitondo cya kare kandi ndahangayitse. Ndakeneye ubufasha vuba.",kinyarwanda,URGENT,infectious_fever,kinyarwanda->kinyarwanda:URGENT:infectious_fever,"{REL} afite ibimenyetso bya malariya, umuriro n'imbeho.","Mfite ibimenyetso bya malariya, umuriro n'imbeho."
"Naje hano mbere, umugore wanjye yabyimbye ibirenge kandi ntashobora guhumeka neza iyo aragaramye kuva mu masaha abiri ashize kandi ndahangayitse. Urakoze.",kinyarwanda,URGENT,chronic_care,kinyarwanda->kinyarwanda:URGENT:chronic_care,{REL} yabyimbye ibirenge kandi ntashobora guhumeka neza iyo aragaramye.,Nabyimbye ibirenge kandi sinshobora guhumeka neza iyo ndagaramye.
"Muganga, mama arababara cyane mu nda kandi ububabare ntibuhagarara kuva hashize iminsi ibiri. Byatangiye gitunguranye. Ntegereze cyangwa nsuzumwe ubu?",kinyarwanda,URGENT,gastrointestinal,kinyarwanda->kinyarwanda:URGENT:gastrointestinal,{REL} arababara cyane mu nda kandi ububabare ntibuhagarara.,Inda irandya cyane kandi ububabare ntibuhagarara.
"Ndakeneye ubufasha, umuturanyi wanjye afite impiswi zikomeye kandi yagize umwuma kuva mu masaha abiri ashize nta miti imfasha. Ndakeneye ubufasha vuba.",kinyarwanda,CRITICAL,gastrointestinal,kinyarwanda->kinyarwanda:CRITICAL:gastrointestinal,{REL} afite impiswi zikomeye kandi yagize umwuma.,{REL} afite impiswi zikomeye kandi yagize umwuma.
"Nyabuneka, mushiki wanjye arababara cyane mu nda kandi ububabare ntibuhagarara kuva ijoro ryashize",kinyarwanda,URGENT,gastrointestinal,kinyarwanda->kinyarwanda:URGENT:gastrointestinal,{REL} arababara cyane mu nda kandi ububabare ntibuhagarara.,Inda irandya cyane kandi ububabare ntibuhagarara.
"Naje hano mbere, papa nta miti ya SIDA afite kuva mu masaha abiri ashize. Naje mvuye kure.",kinyarwanda,URGENT,chronic_care,kinyarwanda->kinyarwanda:URGENT:chronic_care,{REL} nta miti ya SIDA afite.,Nta miti ya SIDA mfite.
"Simbizi niba bikomeye ariko, maze iminsi itatu ndwaye impiswi zikomeye kuva mu gitondo. Byatangiye gitunguranye. Ese ibi birakomeye?",kinyarwanda,URGENT,gastrointestinal,kinyarwanda->kinyarwanda:URGENT:gastrointestinal,maze iminsi itatu ndwaye impiswi zikomeye,maze iminsi itatu ndwaye impiswi zikomeye
"Mfasha vuba, maze iminsi itatu ndwaye impiswi zikomeye kuva mu masaha abiri ashize. Byatangiye gitunguranye. Ntegereze cyangwa nsuzumwe ubu?",kinyarwanda,URGENT,gastrointestinal,kinyarwanda->kinyarwanda:URGENT:gastrointestinal,maze iminsi itatu ndwaye impiswi zikomeye,maze iminsi itatu ndwaye impiswi zikomeye
"Mfasha vuba, mfite igisebe ku kirenge kidakira kandi mfite diyabete kuva mu cyumweru gishize kandi sinshobora gusinzira",kinyarwanda,URGENT,chronic_care,kinyarwanda->kinyarwanda:URGENT:chronic_care,Mfite igisebe ku kirenge kidakira kandi mfite diyabete.,Mfite igisebe ku kirenge kidakira kandi mfite diyabete.
"Mfasha, mu rugo hari umuntu urwaye igituntu kandi umuturanyi wanjye ashaka kwisuzumisha kuva hashize iminsi itatu nta miti imfasha. Ese ibi birakomeye?",kinyarwanda,URGENT,preventive,kinyarwanda->kinyarwanda:URGENT:preventive,Mu rugo hari umuntu urwaye igituntu kandi {REL} ashaka kwisuzumisha.,Mu rugo hari umuntu urwaye igituntu kandi ndashaka kwisuzumisha.
"Mfasha vuba, mama ahumeka bimugora cyane kandi iminwa ye yahindutse ibara kuva mu cyumweru gishize kandi sinshobora gusinzira. Ni imiti ki nafata?",kinyarwanda,CRITICAL,cardiac_respiratory,kinyarwanda->kinyarwanda:CRITICAL:cardiac_respiratory,{REL} ahumeka bimugora cyane kandi iminwa ye yahindutse ibara.,guhumeka birangora cyane kandi iminwa yanjye yahindutse ibara
"Muraho, umuvuduko w'amaraso wanjye wazamutse cyane kandi umutwe urandya cyane kuva ubu gitondo cya kare. Byatangiye gitunguranye. Ni imiti ki nafata?",kinyarwanda,URGENT,chronic_care,kinyarwanda->kinyarwanda:URGENT:chronic_care,Umuvuduko w'amaraso wanjye wazamutse cyane kandi umutwe urandya cyane.,Umuvuduko w'amaraso wanjye wazamutse cyane kandi umutwe urandya cyane.
"Nzanye umwana wanjye, umukecuru yabyimbye ibirenge kandi ntashobora guhumeka neza iyo aragaramye kuva hashize icyumweru. Nkora iki?",kinyarwanda,URGENT,chronic_care,kinyarwanda->kinyarwanda:URGENT:chronic_care,{REL} yabyimbye ibirenge kandi ntashobora guhumeka neza iyo aragaramye.,Nabyimbye ibirenge kandi sinshobora guhumeka neza iyo ndagaramye.
Ndashaka kukubwira ikibazo mfite. Mfite umuhaha kuva mu cyumweru gishize kandi birushaho kuba bibi. Ntegereze cyangwa nsuzumwe ubu?,kinyarwanda,URGENT,paediatric,kinyarwanda->kinyarwanda:URGENT:paediatric,Mfite umuhaha.,Mfite umuhaha.
Ndashaka kukubwira ikibazo mfite. Mushiki wanjye afite impiswi zikomeye kandi yagize umwuma kandi birushaho kuba bibi. Naje mvuye kure.,kinyarwanda,CRITICAL,gastrointestinal,kinyarwanda->kinyarwanda:CRITICAL:gastrointestinal,{REL} afite impiswi zikomeye kandi yagize umwuma.,{REL} afite impiswi zikomeye kandi yagize umwuma.
"Muraho, umuvuduko w'amaraso wanjye wazamutse cyane kandi umutwe urandya cyane kuva hashize iminsi ibiri. Abandi bana na bo bafite iki kibazo. Ese ibi birakomeye?",kinyarwanda,URGENT,chronic_care,kinyarwanda->kinyarwanda:URGENT:chronic_care,Umuvuduko w'amaraso wanjye wazamutse cyane kandi umutwe urandya cyane.,Umuvuduko w'amaraso wanjye wazamutse cyane kandi umutwe urandya cyane.
"Mumbabarire, ndashaka kubabwira ikibazo mfite. Papa nta miti ya SIDA afite kuva ijoro ryashize nta miti imfasha. Ntabasha kubona amafaranga yo kongera kuza kwa muganga.",kinyarwanda,URGENT,chronic_care,kinyarwanda->kinyarwanda:URGENT:chronic_care,{REL} nta miti ya SIDA afite.,Nta miti ya SIDA mfite.
"Muraho, iyo umukecuru ahumetse cyane, arumva mu gituza hamubabaza kuva ubu gitondo cya kare. Ntegereze cyangwa nsuzumwe ubu?",kinyarwanda,URGENT,cardiac_respiratory,kinyarwanda->kinyarwanda:URGENT:cardiac_respiratory,"Iyo {REL} ahumetse cyane, arumva mu gituza hamubabaza.","Iyo {REL} ahumetse cyane, arumva mu gituza hamubabaza."
"Muganga, iyo umukecuru ahumetse cyane, arumva mu gituza hamubabaza kuva mu masaha abiri ashize biragenda bikagaruka. Ntabasha kubona amafaranga yo kongera kuza kwa muganga.",kinyarwanda,URGENT,cardiac_respiratory,kinyarwanda->kinyarwanda:URGENT:cardiac_respiratory,"Iyo {REL} ahumetse cyane, arumva mu gituza hamubabaza.","Iyo {REL} ahumetse cyane, arumva mu gituza hamubabaza."
"Ndakeneye ubufasha, mushiki wanjye afite impiswi zikomeye kandi yagize umwuma kuva ubu gitondo cya kare nta miti imfasha. Mfasha muganga.",kinyarwanda,CRITICAL,gastrointestinal,kinyarwanda->kinyarwanda:CRITICAL:gastrointestinal,{REL} afite impiswi zikomeye kandi yagize umwuma.,{REL} afite impiswi zikomeye kandi yagize umwuma.
"Naje hano mbere, maze umunsi wose mbabara ngerageza kubyara ariko umwana ntarasohoka kuva ubu gitondo cya kare kandi sinshobora gusinzira. Ndakeneye ubufasha vuba.",kinyarwanda,CRITICAL,obstetric,kinyarwanda->kinyarwanda:CRITICAL:obstetric,Maze umunsi wose mbabara ngerageza kubyara ariko umwana ntarasohoka.,Maze umunsi wose mbabara ngerageza kubyara ariko umwana ntarasohoka.
"Naje hano mbere, ndashaka kugirwa inama ku mazi yo kunywa kuva mu cyumweru gishize nta miti imfasha. Naje mvuye kure.",kinyarwanda,ROUTINE,preventive,kinyarwanda->kinyarwanda:ROUTINE:preventive,Ndashaka kugirwa inama ku mazi yo kunywa.,Ndashaka kugirwa inama ku mazi yo kunywa.
Ndashaka kugirwa inama ku mazi yo kunywa kuva mu cyumweru gishize kandi sinshobora gusinzira. Ni imiti ki nafata?,kinyarwanda,ROUTINE,preventive,kinyarwanda->kinyarwanda:ROUTINE:preventive,Ndashaka kugirwa inama ku mazi yo kunywa.,Ndashaka kugirwa inama ku mazi yo kunywa.
"Mumbabarire, ndashaka kubabwira ikibazo mfite. Umukecuru afite igisebe ku kirenge kidakira kandi afite diyabete kuva mu masaha abiri ashize. Abandi bana na bo bafite iki kibazo. Ntegereze cyangwa nsuzumwe ubu?",kinyarwanda,URGENT,chronic_care,kinyarwanda->kinyarwanda:URGENT:chronic_care,{REL} afite igisebe ku kirenge kidakira kandi afite diyabete.,Mfite igisebe ku kirenge kidakira kandi mfite diyabete.
"Muraho, papa arababara cyane mu nda kandi ububabare ntibuhagarara kuva hashize iminsi ibiri. Byatangiye gitunguranye. Murakoze.",kinyarwanda,URGENT,gastrointestinal,kinyarwanda->kinyarwanda:URGENT:gastrointestinal,{REL} arababara cyane mu nda kandi ububabare ntibuhagarara.,Inda irandya cyane kandi ububabare ntibuhagarara.
"Muganga, mama yabyimbye ibirenge kandi ntashobora guhumeka neza iyo aragaramye kuva ubu gitondo cya kare kandi ndahangayitse. Naje mvuye kure.",kinyarwanda,URGENT,chronic_care,kinyarwanda->kinyarwanda:URGENT:chronic_care,{REL} yabyimbye ibirenge kandi ntashobora guhumeka neza iyo aragaramye.,Nabyimbye ibirenge kandi sinshobora guhumeka neza iyo ndagaramye.
"Nyabuneka, umuvuduko w'amaraso wanjye wazamutse cyane kandi umutwe urandya cyane kuva ubu gitondo cya kare kandi nta miti mfite. Ese ibi birakomeye?",kinyarwanda,URGENT,chronic_care,kinyarwanda->kinyarwanda:URGENT:chronic_care,Umuvuduko w'amaraso wanjye wazamutse cyane kandi umutwe urandya cyane.,Umuvuduko w'amaraso wanjye wazamutse cyane kandi umutwe urandya cyane.
Ndashaka kukubwira ikibazo mfite. Mama yabyimbye ibirenge kandi ntashobora guhumeka neza iyo aragaramye kuva mu gitondo kandi ndahangayitse. Ese ibi birakomeye?,kinyarwanda,URGENT,chronic_care,kinyarwanda->kinyarwanda:URGENT:chronic_care,{REL} yabyimbye ibirenge kandi ntashobora guhumeka neza iyo aragaramye.,Nabyimbye ibirenge kandi sinshobora guhumeka neza iyo ndagaramye.
"Mfasha vuba, umugabo wanjye ahumeka bimugora cyane kandi iminwa ye yahindutse ibara biragenda bikagaruka",kinyarwanda,CRITICAL,cardiac_respiratory,kinyarwanda->kinyarwanda:CRITICAL:cardiac_respiratory,{REL} ahumeka bimugora cyane kandi iminwa ye yahindutse ibara.,guhumeka birangora cyane kandi iminwa yanjye yahindutse ibara
"Ndashaka kukubwira ikibazo mfite. Iyo umwana wanjye ahumetse cyane, arumva mu gituza hamubabaza kuva ejo. Ese ibi birakomeye?",kinyarwanda,URGENT,cardiac_respiratory,kinyarwanda->kinyarwanda:URGENT:cardiac_respiratory,"Iyo {REL} ahumetse cyane, arumva mu gituza hamubabaza.","Iyo {REL} ahumetse cyane, arumva mu gituza hamubabaza."
"Ndakeneye ubufasha, maze iminsi itatu ndwaye impiswi zikomeye kuva mu masaha abiri ashize kandi birushaho kuba bibi. Ntegereze cyangwa nsuzumwe ubu?",kinyarwanda,URGENT,gastrointestinal,kinyarwanda->kinyarwanda:URGENT:gastrointestinal,maze iminsi itatu ndwaye impiswi zikomeye,maze iminsi itatu ndwaye impiswi zikomeye
"Muraho, mfite umuhaha kuva mu cyumweru gishize. Ntabasha kubona amafaranga yo kongera kuza kwa muganga.",kinyarwanda,URGENT,paediatric,kinyarwanda->kinyarwanda:URGENT:paediatric,Mfite umuhaha.,Mfite umuhaha.
"Muganga, umuvuduko w'amaraso wanjye wazamutse cyane kandi umutwe urandya cyane kuva ejo biragenda bikagaruka. Mfasha muganga.",kinyarwanda,URGENT,chronic_care,kinyarwanda->kinyarwanda:URGENT:chronic_care,Umuvuduko w'amaraso wanjye wazamutse cyane kandi umutwe urandya cyane.,Umuvuduko w'amaraso wanjye wazamutse cyane kandi umutwe urandya cyane.
"Naje hano mbere, maze iminsi itatu ndwaye impiswi zikomeye kandi nta miti mfite. Naje mvuye kure.",kinyarwanda,URGENT,gastrointestinal,kinyarwanda->kinyarwanda:URGENT:gastrointestinal,maze iminsi itatu ndwaye impiswi zikomeye,maze iminsi itatu ndwaye impiswi zikomeye
Umugore wanjye yabyimbye ibirenge kandi ntashobora guhumeka neza iyo aragaramye kuva mu gitondo kandi birushaho kuba bibi. Urakoze.,kinyarwanda,URGENT,chronic_care,kinyarwanda->kinyarwanda:URGENT:chronic_care,{REL} yabyimbye ibirenge kandi ntashobora guhumeka neza iyo aragaramye.,Nabyimbye ibirenge kandi sinshobora guhumeka neza iyo ndagaramye.
"Naje hano mbere, umukecuru ahumeka bimugora cyane kandi iminwa ye yahindutse ibara kuva ijoro ryashize. Ndakeneye ubufasha vuba.",kinyarwanda,CRITICAL,cardiac_respiratory,kinyarwanda->kinyarwanda:CRITICAL:cardiac_respiratory,{REL} ahumeka bimugora cyane kandi iminwa ye yahindutse ibara.,guhumeka birangora cyane kandi iminwa yanjye yahindutse ibara
"Nyabuneka, iyo umugore wanjye ahumetse cyane, arumva mu gituza hamubabaza kuva mu masaha abiri ashize bikarushaho nijoro. Ni imiti ki nafata?",kinyarwanda,URGENT,cardiac_respiratory,kinyarwanda->kinyarwanda:URGENT:cardiac_respiratory,"Iyo {REL} ahumetse cyane, arumva mu gituza hamubabaza.","Iyo {REL} ahumetse cyane, arumva mu gituza hamubabaza."
"Mfasha vuba, mama ari kubyara ariko umugozi w'umwana wabanje gusohoka kuva ubu gitondo cya kare. Abandi bana na bo bafite iki kibazo. Naje mvuye kure.",kinyarwanda,CRITICAL,obstetric,kinyarwanda->kinyarwanda:CRITICAL:obstetric,{REL} ari kubyara ariko umugozi w'umwana wabanje gusohoka.,Ndabyara ariko habanje gusohoka umugozi w'umwana.
"Nzanye umwana wanjye, maze umunsi wose mbabara ngerageza kubyara ariko umwana ntarasohoka kuva mu cyumweru gishize bikarushaho nijoro. Naje mvuye kure.",kinyarwanda,CRITICAL,obstetric,kinyarwanda->kinyarwanda:CRITICAL:obstetric,Maze umunsi wose mbabara ngerageza kubyara ariko umwana ntarasohoka.,Maze umunsi wose mbabara ngerageza kubyara ariko umwana ntarasohoka.
"Nyabuneka, mfite igisebe ku kirenge kidakira kandi mfite diyabete kuva ejo kandi sinshobora gusinzira. Naje mvuye kure.",kinyarwanda,URGENT,chronic_care,kinyarwanda->kinyarwanda:URGENT:chronic_care,Mfite igisebe ku kirenge kidakira kandi mfite diyabete.,Mfite igisebe ku kirenge kidakira kandi mfite diyabete.
"Muganga, maze iminsi itatu ndwaye impiswi zikomeye kuva hashize icyumweru. Byatangiye gitunguranye. Ntegereze cyangwa nsuzumwe ubu?",kinyarwanda,URGENT,gastrointestinal,kinyarwanda->kinyarwanda:URGENT:gastrointestinal,maze iminsi itatu ndwaye impiswi zikomeye,maze iminsi itatu ndwaye impiswi zikomeye
"Nzanye umwana wanjye, mu rugo hari umuntu urwaye igituntu kandi mama ashaka kwisuzumisha kuva hashize icyumweru nta miti imfasha",kinyarwanda,URGENT,preventive,kinyarwanda->kinyarwanda:URGENT:preventive,Mu rugo hari umuntu urwaye igituntu kandi {REL} ashaka kwisuzumisha.,Mu rugo hari umuntu urwaye igituntu kandi ndashaka kwisuzumisha.
"Ndakeneye ubufasha, maze umunsi wose mbabara ngerageza kubyara ariko umwana ntarasohoka kuva mu masaha abiri ashize. Byatangiye gitunguranye. Ese ibi birakomeye?",kinyarwanda,CRITICAL,obstetric,kinyarwanda->kinyarwanda:CRITICAL:obstetric,Maze umunsi wose mbabara ngerageza kubyara ariko umwana ntarasohoka.,Maze umunsi wose mbabara ngerageza kubyara ariko umwana ntarasohoka.
Ndashaka kukubwira ikibazo mfite. Mfite umuhaha kuva hashize icyumweru kandi sinshobora gusinzira. Ni imiti ki nafata?,kinyarwanda,URGENT,paediatric,kinyarwanda->kinyarwanda:URGENT:paediatric,Mfite umuhaha.,Mfite umuhaha.
"Ndakeneye ubufasha, umwana wanjye afite impiswi zikomeye kandi yagize umwuma kuva hashize icyumweru. Ndakeneye ubufasha vuba.",kinyarwanda,CRITICAL,gastrointestinal,kinyarwanda->kinyarwanda:CRITICAL:gastrointestinal,{REL} afite impiswi zikomeye kandi yagize umwuma.,{REL} afite impiswi zikomeye kandi yagize umwuma.
"Muraho, ndatwite kandi nagagaye kuva hashize iminsi itatu kandi sinshobora gusinzira. Nkora iki?",kinyarwanda,CRITICAL,obstetric,kinyarwanda->kinyarwanda:CRITICAL:obstetric,Ndatwite kandi nagagaye.,Ndatwite kandi nagagaye.
"Ndakeneye ubufasha, mfite igisebe ku kirenge kidakira kandi mfite diyabete kuva hashize icyumweru. Byatangiye gitunguranye. Ni imiti ki nafata?",kinyarwanda,URGENT,chronic_care,kinyarwanda->kinyarwanda:URGENT:chronic_care,Mfite igisebe ku kirenge kidakira kandi mfite diyabete.,Mfite igisebe ku kirenge kidakira kandi mfite diyabete.
"Muraho, mfite igisebe ku kirenge kidakira kandi mfite diyabete kuva hashize icyumweru kandi birushaho kuba bibi. Ndakeneye ubufasha vuba.",kinyarwanda,URGENT,chronic_care,kinyarwanda->kinyarwanda:URGENT:chronic_care,Mfite igisebe ku kirenge kidakira kandi mfite diyabete.,Mfite igisebe ku kirenge kidakira kandi mfite diyabete.
Umwana wanjye nta miti ya SIDA afite kuva hashize iminsi itatu kandi nta miti mfite. Ese ibi birakomeye?,kinyarwanda,URGENT,chronic_care,kinyarwanda->kinyarwanda:URGENT:chronic_care,{REL} nta miti ya SIDA afite.,Nta miti ya SIDA mfite.
"Muganga, mushiki wanjye afite gahunda yo gukingiza umwana kandi nta miti mfite. Mfasha muganga.",kinyarwanda,ROUTINE,preventive,kinyarwanda->kinyarwanda:ROUTINE:preventive,{REL} afite gahunda yo gukingiza umwana.,Mfite gahunda yo gukingiza umwana.
Ndashaka kukubwira ikibazo mfite. Mu rugo hari umuntu urwaye igituntu kandi ndashaka kwisuzumisha kuva mu gitondo biragenda bikagaruka. Ese ibi birakomeye?,kinyarwanda,URGENT,preventive,kinyarwanda->kinyarwanda:URGENT:preventive,Mu rugo hari umuntu urwaye igituntu kandi ndashaka kwisuzumisha.,Mu rugo hari umuntu urwaye igituntu kandi ndashaka kwisuzumisha.
"Nzanye umwana wanjye, maze umunsi wose mbabara ngerageza kubyara ariko umwana ntarasohoka kuva hashize iminsi itatu. Ntabasha kubona amafaranga yo kongera kuza kwa muganga.",kinyarwanda,CRITICAL,obstetric,kinyarwanda->kinyarwanda:CRITICAL:obstetric,Maze umunsi wose mbabara ngerageza kubyara ariko umwana ntarasohoka.,Maze umunsi wose mbabara ngerageza kubyara ariko umwana ntarasohoka.
Ndashaka kukubwira ikibazo mfite. Umuvuduko w'amaraso wanjye wazamutse cyane kandi umutwe urandya cyane kuva hashize iminsi ibiri nta miti imfasha,kinyarwanda,URGENT,chronic_care,kinyarwanda->kinyarwanda:URGENT:chronic_care,Umuvuduko w'amaraso wanjye wazamutse cyane kandi umutwe urandya cyane.,Umuvuduko w'amaraso wanjye wazamutse cyane kandi umutwe urandya cyane.
"Muraho, mu rugo hari umuntu urwaye igituntu kandi umugabo wanjye ashaka kwisuzumisha kuva mu cyumweru gishize biragenda bikagaruka. Nkora iki?",kinyarwanda,URGENT,preventive,kinyarwanda->kinyarwanda:URGENT:preventive,Mu rugo hari umuntu urwaye igituntu kandi {REL} ashaka kwisuzumisha.,Mu rugo hari umuntu urwaye igituntu kandi ndashaka kwisuzumisha.
"Muganga, umugabo wanjye ahumeka bimugora cyane kandi iminwa ye yahindutse ibara kuva ejo kandi ndahangayitse. Ndakeneye ubufasha vuba.",kinyarwanda,CRITICAL,cardiac_respiratory,kinyarwanda->kinyarwanda:CRITICAL:cardiac_respiratory,{REL} ahumeka bimugora cyane kandi iminwa ye yahindutse ibara.,guhumeka birangora cyane kandi iminwa yanjye yahindutse ibara
"Nzanye umwana wanjye, maze umunsi wose mbabara ngerageza kubyara ariko umwana ntarasohoka kuva hashize icyumweru. Byatangiye gitunguranye. Ntegereze cyangwa nsuzumwe ubu?",kinyarwanda,CRITICAL,obstetric,kinyarwanda->kinyarwanda:CRITICAL:obstetric,Maze umunsi wose mbabara ngerageza kubyara ariko umwana ntarasohoka.,Maze umunsi wose mbabara ngerageza kubyara ariko umwana ntarasohoka.
"Mumbabarire, ndashaka kubabwira ikibazo mfite. Mfite ikibazo ku mutwe kandi kirimo guterwa n'urumuri kuva hashize iminsi ibiri. Mfasha muganga.",kinyarwanda,URGENT,neurological,kinyarwanda->kinyarwanda:URGENT:neurological,Mfite ikibazo ku mutwe kandi kirimo guterwa n'urumuri.,Mfite ikibazo ku mutwe kandi kirimo guterwa n'urumuri.
"Mfasha, ndashaka kugirwa inama ku mazi yo kunywa kuva mu gitondo kandi nta miti mfite",kinyarwanda,ROUTINE,preventive,kinyarwanda->kinyarwanda:ROUTINE:preventive,Ndashaka kugirwa inama ku mazi yo kunywa.,Ndashaka kugirwa inama ku mazi yo kunywa.
"Muganga, umugabo wanjye afite ibimenyetso bya malariya, umuriro n'imbeho kuva mu cyumweru gishize biragenda bikagaruka. Ntegereze cyangwa nsuzumwe ubu?",kinyarwanda,URGENT,infectious_fever,kinyarwanda->kinyarwanda:URGENT:infectious_fever,"{REL} afite ibimenyetso bya malariya, umuriro n'imbeho.","Mfite ibimenyetso bya malariya, umuriro n'imbeho."
"Naje hano mbere, umuvuduko w'amaraso wanjye wazamutse cyane kandi umutwe urandya cyane kuva mu masaha abiri ashize. Abandi bana na bo bafite iki kibazo.",kinyarwanda,URGENT,chronic_care,kinyarwanda->kinyarwanda:URGENT:chronic_care,Umuvuduko w'amaraso wanjye wazamutse cyane kandi umutwe urandya cyane.,Umuvuduko w'amaraso wanjye wazamutse cyane kandi umutwe urandya cyane.
Mushiki wanjye ari kubyara ariko umugozi w'umwana wabanje gusohoka kuva ijoro ryashize. Abandi bana na bo bafite iki kibazo. Naje mvuye kure.,kinyarwanda,CRITICAL,obstetric,kinyarwanda->kinyarwanda:CRITICAL:obstetric,{REL} ari kubyara ariko umugozi w'umwana wabanje gusohoka.,Ndabyara ariko habanje gusohoka umugozi w'umwana.
Maze iminsi itatu ndwaye impiswi zikomeye kuva ejo biragenda bikagaruka. Ntegereze cyangwa nsuzumwe ubu?,kinyarwanda,URGENT,gastrointestinal,kinyarwanda->kinyarwanda:URGENT:gastrointestinal,maze iminsi itatu ndwaye impiswi zikomeye,maze iminsi itatu ndwaye impiswi zikomeye
"Ndakeneye ubufasha, maze iminsi itatu ndwaye impiswi zikomeye kuva ijoro ryashize bikarushaho nijoro. Ese ibi birakomeye?",kinyarwanda,URGENT,gastrointestinal,kinyarwanda->kinyarwanda:URGENT:gastrointestinal,maze iminsi itatu ndwaye impiswi zikomeye,maze iminsi itatu ndwaye impiswi zikomeye
"Ndakeneye ubufasha, mfite igisebe ku kirenge kidakira kandi mfite diyabete kuva mu masaha abiri ashize bikarushaho nijoro",kinyarwanda,URGENT,chronic_care,kinyarwanda->kinyarwanda:URGENT:chronic_care,Mfite igisebe ku kirenge kidakira kandi mfite diyabete.,Mfite igisebe ku kirenge kidakira kandi mfite diyabete.
"Nzanye umwana wanjye, umugore wanjye afite ibimenyetso bya malariya, umuriro n'imbeho kuva ejo kandi sinshobora gusinzira. Nkora iki?",kinyarwanda,URGENT,infectious_fever,kinyarwanda->kinyarwanda:URGENT:infectious_fever,"{REL} afite ibimenyetso bya malariya, umuriro n'imbeho.","Mfite ibimenyetso bya malariya, umuriro n'imbeho."
"Nyabuneka, maze umunsi wose mbabara ngerageza kubyara ariko umwana ntarasohoka kuva ubu gitondo cya kare bikarushaho nijoro. Ni imiti ki nafata?",kinyarwanda,CRITICAL,obstetric,kinyarwanda->kinyarwanda:CRITICAL:obstetric,Maze umunsi wose mbabara ngerageza kubyara ariko umwana ntarasohoka.,Maze umunsi wose mbabara ngerageza kubyara ariko umwana ntarasohoka.
"Naje hano mbere, umwana wanjye arababara cyane mu nda kandi ububabare ntibuhagarara. Abandi bana na bo bafite iki kibazo. Naje mvuye kure.",kinyarwanda,URGENT,gastrointestinal,kinyarwanda->kinyarwanda:URGENT:gastrointestinal,{REL} arababara cyane mu nda kandi ububabare ntibuhagarara.,Inda irandya cyane kandi ububabare ntibuhagarara.
Ndashaka kukubwira ikibazo mfite. Umukecuru arababara cyane mu nda kandi ububabare ntibuhagarara kuva ijoro ryashize kandi sinshobora gusinzira. Nkora iki?,kinyarwanda,URGENT,gastrointestinal,kinyarwanda->kinyarwanda:URGENT:gastrointestinal,{REL} arababara cyane mu nda kandi ububabare ntibuhagarara.,Inda irandya cyane kandi ububabare ntibuhagarara.
"Muganga, umuturanyi wanjye arababara cyane mu nda kandi ububabare ntibuhagarara kuva hashize iminsi ibiri kandi nta miti mfite. Naje mvuye kure.",kinyarwanda,URGENT,gastrointestinal,kinyarwanda->kinyarwanda:URGENT:gastrointestinal,{REL} arababara cyane mu nda kandi ububabare ntibuhagarara.,Inda irandya cyane kandi ububabare ntibuhagarara.
Ndashaka kukubwira ikibazo mfite. Umwana wanjye yabyimbye ibirenge kandi ntashobora guhumeka neza iyo aragaramye kuva hashize iminsi itatu kandi sinshobora gusinzira,kinyarwanda,URGENT,chronic_care,kinyarwanda->kinyarwanda:URGENT:chronic_care,{REL} yabyimbye ibirenge kandi ntashobora guhumeka neza iyo aragaramye.,Nabyimbye ibirenge kandi sinshobora guhumeka neza iyo ndagaramye.
"Nzanye umwana wanjye, mfite igisebe ku kirenge kidakira kandi mfite diyabete kandi sinshobora gusinzira. Mfasha muganga.",kinyarwanda,URGENT,chronic_care,kinyarwanda->kinyarwanda:URGENT:chronic_care,Mfite igisebe ku kirenge kidakira kandi mfite diyabete.,Mfite igisebe ku kirenge kidakira kandi mfite diyabete.
"Ndakeneye ubufasha, mama afite ibimenyetso bya malariya, umuriro n'imbeho kuva mu masaha abiri ashize nta miti imfasha. Urakoze.",kinyarwanda,URGENT,infectious_fever,kinyarwanda->kinyarwanda:URGENT:infectious_fever,"{REL} afite ibimenyetso bya malariya, umuriro n'imbeho.","Mfite ibimenyetso bya malariya, umuriro n'imbeho."
"Simbizi niba bikomeye ariko, iyo papa ahumetse cyane, arumva mu gituza hamubabaza bikarushaho nijoro. Ntabasha kubona amafaranga yo kongera kuza kwa muganga.",kinyarwanda,URGENT,cardiac_respiratory,kinyarwanda->kinyarwanda:URGENT:cardiac_respiratory,"Iyo {REL} ahumetse cyane, arumva mu gituza hamubabaza.","Iyo {REL} ahumetse cyane, arumva mu gituza hamubabaza."
Mu rugo hari umuntu urwaye igituntu kandi umuturanyi wanjye ashaka kwisuzumisha kuva mu masaha abiri ashize. Byatangiye gitunguranye. Ese ibi birakomeye?,kinyarwanda,URGENT,preventive,kinyarwanda->kinyarwanda:URGENT:preventive,Mu rugo hari umuntu urwaye igituntu kandi {REL} ashaka kwisuzumisha.,Mu rugo hari umuntu urwaye igituntu kandi ndashaka kwisuzumisha.
"Muraho, mfite igisebe ku kirenge kidakira kandi mfite diyabete kuva hashize icyumweru bikarushaho nijoro. Naje mvuye kure.",kinyarwanda,URGENT,chronic_care,kinyarwanda->kinyarwanda:URGENT:chronic_care,Mfite igisebe ku kirenge kidakira kandi mfite diyabete.,Mfite igisebe ku kirenge kidakira kandi mfite diyabete.
"Simbizi niba bikomeye ariko, maze iminsi itatu ndwaye impiswi zikomeye kuva mu cyumweru gishize kandi sinshobora gusinzira. Ese ibi birakomeye?",kinyarwanda,URGENT,gastrointestinal,kinyarwanda->kinyarwanda:URGENT:gastrointestinal,maze iminsi itatu ndwaye impiswi zikomeye,maze iminsi itatu ndwaye impiswi zikomeye
"Mumbabarire, ndashaka kubabwira ikibazo mfite. Papa afite gahunda yo gukingiza umwana kuva ijoro ryashize nta miti imfasha. Ni imiti ki nafata?",kinyarwanda,ROUTINE,preventive,kinyarwanda->kinyarwanda:ROUTINE:preventive,{REL} afite gahunda yo gukingiza umwana.,Mfite gahunda yo gukingiza umwana.
"Muganga, umugore wanjye afite gahunda yo gukingiza umwana kuva ubu gitondo cya kare nta miti imfasha. Ndakeneye ubufasha vuba.",kinyarwanda,ROUTINE,preventive,kinyarwanda->kinyarwanda:ROUTINE:preventive,{REL} afite gahunda yo gukingiza umwana.,Mfite gahunda yo gukingiza umwana.
"Simbizi niba bikomeye ariko, umuturanyi wanjye afite ibimenyetso bya malariya, umuriro n'imbeho kuva mu gitondo. Byatangiye gitunguranye. Ese ibi birakomeye?",kinyarwanda,URGENT,infectious_fever,kinyarwanda->kinyarwanda:URGENT:infectious_fever,"{REL} afite ibimenyetso bya malariya, umuriro n'imbeho.","Mfite ibimenyetso bya malariya, umuriro n'imbeho."
"Simbizi niba bikomeye ariko, umugabo wanjye afite gahunda yo gukingiza umwana kuva hashize iminsi ibiri kandi birushaho kuba bibi. Mfasha muganga.",kinyarwanda,ROUTINE,preventive,kinyarwanda->kinyarwanda:ROUTINE:preventive,{REL} afite gahunda yo gukingiza umwana.,Mfite gahunda yo gukingiza umwana.
"Nyabuneka, mfite igisebe ku kirenge kidakira kandi mfite diyabete kuva mu gitondo kandi birushaho kuba bibi. Naje mvuye kure.",kinyarwanda,URGENT,chronic_care,kinyarwanda->kinyarwanda:URGENT:chronic_care,Mfite igisebe ku kirenge kidakira kandi mfite diyabete.,Mfite igisebe ku kirenge kidakira kandi mfite diyabete.
"Mfasha, iyo umwana wanjye ahumetse cyane, arumva mu gituza hamubabaza kuva mu gitondo nta miti imfasha. Mfasha muganga.",kinyarwanda,URGENT,cardiac_respiratory,kinyarwanda->kinyarwanda:URGENT:cardiac_respiratory,"Iyo {REL} ahumetse cyane, arumva mu gituza hamubabaza.","Iyo {REL} ahumetse cyane, arumva mu gituza hamubabaza."
Umuvuduko w'amaraso wanjye wazamutse cyane kandi umutwe urandya cyane kuva mu masaha abiri ashize biragenda bikagaruka. Murakoze.,kinyarwanda,URGENT,chronic_care,kinyarwanda->kinyarwanda:URGENT:chronic_care,Umuvuduko w'amaraso wanjye wazamutse cyane kandi umutwe urandya cyane.,Umuvuduko w'amaraso wanjye wazamutse cyane kandi umutwe urandya cyane.
"Mfasha vuba, umuturanyi wanjye ahumeka bimugora cyane kandi iminwa ye yahindutse ibara kuva ubu gitondo cya kare. Abandi bana na bo bafite iki kibazo.",kinyarwanda,CRITICAL,cardiac_respiratory,kinyarwanda->kinyarwanda:CRITICAL:cardiac_respiratory,{REL} ahumeka bimugora cyane kandi iminwa ye yahindutse ibara.,guhumeka birangora cyane kandi iminwa yanjye yahindutse ibara
"Nyabuneka, mfite umuhaha kuva ijoro ryashize kandi birushaho kuba bibi. Ndakeneye ubufasha vuba.",kinyarwanda,URGENT,paediatric,kinyarwanda->kinyarwanda:URGENT:paediatric,Mfite umuhaha.,Mfite umuhaha.
"Mfasha vuba, umugabo wanjye yabyimbye ibirenge kandi ntashobora guhumeka neza iyo aragaramye kuva mu cyumweru gishize kandi birushaho kuba bibi. Murakoze.",kinyarwanda,URGENT,chronic_care,kinyarwanda->kinyarwanda:URGENT:chronic_care,{REL} yabyimbye ibirenge kandi ntashobora guhumeka neza iyo aragaramye.,Nabyimbye ibirenge kandi sinshobora guhumeka neza iyo ndagaramye.
"Simbizi niba bikomeye ariko, umugabo wanjye nta miti ya SIDA afite kandi sinshobora gusinzira. Nkora iki?",kinyarwanda,URGENT,chronic_care,kinyarwanda->kinyarwanda:URGENT:chronic_care,{REL} nta miti ya SIDA afite.,Nta miti ya SIDA mfite.
"Nyabuneka, iyo umukecuru ahumetse cyane, arumva mu gituza hamubabaza kuva mu masaha abiri ashize kandi ndahangayitse. Ni imiti ki nafata?",kinyarwanda,URGENT,cardiac_respiratory,kinyarwanda->kinyarwanda:URGENT:cardiac_respiratory,"Iyo {REL} ahumetse cyane, arumva mu gituza hamubabaza.","Iyo {REL} ahumetse cyane, arumva mu gituza hamubabaza."
"Naje hano mbere, mfite ikibazo ku mutwe kandi kirimo guterwa n'urumuri kuva mu cyumweru gishize. Ntabasha kubona amafaranga yo kongera kuza kwa muganga.",kinyarwanda,URGENT,neurological,kinyarwanda->kinyarwanda:URGENT:neurological,Mfite ikibazo ku mutwe kandi kirimo guterwa n'urumuri.,Mfite ikibazo ku mutwe kandi kirimo guterwa n'urumuri.
Ndashaka kukubwira ikibazo mfite. Mama afite gahunda yo gukingiza umwana kuva ubu gitondo cya kare nta miti imfasha. Naje mvuye kure.,kinyarwanda,ROUTINE,preventive,kinyarwanda->kinyarwanda:ROUTINE:preventive,{REL} afite gahunda yo gukingiza umwana.,Mfite gahunda yo gukingiza umwana.
"Nyabuneka, mfite ikibazo ku mutwe kandi kirimo guterwa n'urumuri kuva ejo. Murakoze.",kinyarwanda,URGENT,neurological,kinyarwanda->kinyarwanda:URGENT:neurological,Mfite ikibazo ku mutwe kandi kirimo guterwa n'urumuri.,Mfite ikibazo ku mutwe kandi kirimo guterwa n'urumuri.
"Ndakeneye ubufasha, ndatwite kandi nagagaye kuva mu masaha abiri ashize kandi birushaho kuba bibi. Ndakeneye ubufasha vuba.",kinyarwanda,CRITICAL,obstetric,kinyarwanda->kinyarwanda:CRITICAL:obstetric,Ndatwite kandi nagagaye.,Ndatwite kandi nagagaye.
"Muraho, umugore wanjye arababara cyane mu nda kandi ububabare ntibuhagarara kuva mu masaha abiri ashize nta miti imfasha. Ntabasha kubona amafaranga yo kongera kuza kwa muganga.",kinyarwanda,URGENT,gastrointestinal,kinyarwanda->kinyarwanda:URGENT:gastrointestinal,{REL} arababara cyane mu nda kandi ububabare ntibuhagarara.,Inda irandya cyane kandi ububabare ntibuhagarara.
Papa afite gahunda yo gukingiza umwana kuva mu gitondo kandi ndahangayitse. Mfasha muganga.,kinyarwanda,ROUTINE,preventive,kinyarwanda->kinyarwanda:ROUTINE:preventive,{REL} afite gahunda yo gukingiza umwana.,Mfite gahunda yo gukingiza umwana.
"Mumbabarire, ndashaka kubabwira ikibazo mfite. Umugore wanjye afite gahunda yo gukingiza umwana nta miti imfasha. Ese ibi birakomeye?",kinyarwanda,ROUTINE,preventive,kinyarwanda->kinyarwanda:ROUTINE:preventive,{REL} afite gahunda yo gukingiza umwana.,Mfite gahunda yo gukingiza umwana.
Umuturanyi wanjye yabyimbye ibirenge kandi ntashobora guhumeka neza iyo aragaramye kuva ijoro ryashize kandi sinshobora gusinzira. Ni imiti ki nafata?,kinyarwanda,URGENT,chronic_care,kinyarwanda->kinyarwanda:URGENT:chronic_care,{REL} yabyimbye ibirenge kandi ntashobora guhumeka neza iyo aragaramye.,Nabyimbye ibirenge kandi sinshobora guhumeka neza iyo ndagaramye.
"Mfasha vuba, mushiki wanjye nta miti ya SIDA afite kuva mu cyumweru gishize nta miti imfasha",kinyarwanda,URGENT,chronic_care,kinyarwanda->kinyarwanda:URGENT:chronic_care,{REL} nta miti ya SIDA afite.,Nta miti ya SIDA mfite.
"Muganga, ndashaka kugirwa inama ku mazi yo kunywa kuva mu masaha abiri ashize. Byatangiye gitunguranye. Ese ibi birakomeye?",kinyarwanda,ROUTINE,preventive,kinyarwanda->kinyarwanda:ROUTINE:preventive,Ndashaka kugirwa inama ku mazi yo kunywa.,Ndashaka kugirwa inama ku mazi yo kunywa.
"Mfasha vuba, ndatwite kandi nagagaye kuva ubu gitondo cya kare bikarushaho nijoro. Ni imiti ki nafata?",kinyarwanda,CRITICAL,obstetric,kinyarwanda->kinyarwanda:CRITICAL:obstetric,Ndatwite kandi nagagaye.,Ndatwite kandi nagagaye.
"Mfasha vuba, umuturanyi wanjye ari kubyara ariko umugozi w'umwana wabanje gusohoka kuva hashize icyumweru. Byatangiye gitunguranye. Mfasha muganga.",kinyarwanda,CRITICAL,obstetric,kinyarwanda->kinyarwanda:CRITICAL:obstetric,{REL} ari kubyara ariko umugozi w'umwana wabanje gusohoka.,Ndabyara ariko habanje gusohoka umugozi w'umwana.
"Nyabuneka, umugore wanjye nta miti ya SIDA afite kuva mu gitondo biragenda bikagaruka. Urakoze.",kinyarwanda,URGENT,chronic_care,kinyarwanda->kinyarwanda:URGENT:chronic_care,{REL} nta miti ya SIDA afite.,Nta miti ya SIDA mfite.
"Mfasha, maze umunsi wose mbabara ngerageza kubyara ariko umwana ntarasohoka kuva mu cyumweru gishize kandi sinshobora gusinzira. Mfasha muganga.",kinyarwanda,CRITICAL,obstetric,kinyarwanda->kinyarwanda:CRITICAL:obstetric,Maze umunsi wose mbabara ngerageza kubyara ariko umwana ntarasohoka.,Maze umunsi wose mbabara ngerageza kubyara ariko umwana ntarasohoka.
"Nyabuneka, umugore wanjye nta miti ya SIDA afite kuva mu gitondo. Nkora iki?",kinyarwanda,URGENT,chronic_care,kinyarwanda->kinyarwanda:URGENT:chronic_care,{REL} nta miti ya SIDA afite.,Nta miti ya SIDA mfite.
Ndashaka kukubwira ikibazo mfite. Umugore wanjye ahumeka bimugora cyane kandi iminwa ye yahindutse ibara kuva ijoro ryashize biragenda bikagaruka. Naje mvuye kure.,kinyarwanda,CRITICAL,cardiac_respiratory,kinyarwanda->kinyarwanda:CRITICAL:cardiac_respiratory,{REL} ahumeka bimugora cyane kandi iminwa ye yahindutse ibara.,guhumeka birangora cyane kandi iminwa yanjye yahindutse ibara
"Muganga, iyo mama ahumetse cyane, arumva mu gituza hamubabaza kuva hashize iminsi ibiri. Abandi bana na bo bafite iki kibazo. Ese ibi birakomeye?",kinyarwanda,URGENT,cardiac_respiratory,kinyarwanda->kinyarwanda:URGENT:cardiac_respiratory,"Iyo {REL} ahumetse cyane, arumva mu gituza hamubabaza.","Iyo {REL} ahumetse cyane, arumva mu gituza hamubabaza."
"Mfasha, maze iminsi itatu ndwaye impiswi zikomeye kuva mu cyumweru gishize nta miti imfasha. Ni imiti ki nafata?",kinyarwanda,URGENT,gastrointestinal,kinyarwanda->kinyarwanda:URGENT:gastrointestinal,maze iminsi itatu ndwaye impiswi zikomeye,maze iminsi itatu ndwaye impiswi zikomeye
"Nzanye umwana wanjye, mfite ikibazo ku mutwe kandi kirimo guterwa n'urumuri kuva mu masaha abiri ashize biragenda bikagaruka. Mfasha muganga.",kinyarwanda,URGENT,neurological,kinyarwanda->kinyarwanda:URGENT:neurological,Mfite ikibazo ku mutwe kandi kirimo guterwa n'urumuri.,Mfite ikibazo ku mutwe kandi kirimo guterwa n'urumuri.
"Mumbabarire, ndashaka kubabwira ikibazo mfite. Mama afite impiswi zikomeye kandi yagize umwuma kuva ejo kandi sinshobora gusinzira. Ni imiti ki nafata?",kinyarwanda,CRITICAL,gastrointestinal,kinyarwanda->kinyarwanda:CRITICAL:gastrointestinal,{REL} afite impiswi zikomeye kandi yagize umwuma.,{REL} afite impiswi zikomeye kandi yagize umwuma.
"Mfasha, ndashaka kugirwa inama ku mazi yo kunywa kuva ejo kandi sinshobora gusinzira. Ese ibi birakomeye?",kinyarwanda,ROUTINE,preventive,kinyarwanda->kinyarwanda:ROUTINE:preventive,Ndashaka kugirwa inama ku mazi yo kunywa.,Ndashaka kugirwa inama ku mazi yo kunywa.
"Simbizi niba bikomeye ariko, maze umunsi wose mbabara ngerageza kubyara ariko umwana ntarasohoka kuva hashize iminsi ibiri nta miti imfasha. Ntabasha kubona amafaranga yo kongera kuza kwa muganga.",kinyarwanda,CRITICAL,obstetric,kinyarwanda->kinyarwanda:CRITICAL:obstetric,Maze umunsi wose mbabara ngerageza kubyara ariko umwana ntarasohoka.,Maze umunsi wose mbabara ngerageza kubyara ariko umwana ntarasohoka.
"Mfasha vuba, mfite ikibazo ku mutwe kandi kirimo guterwa n'urumuri kuva mu gitondo. Abandi bana na bo bafite iki kibazo. Ntegereze cyangwa nsuzumwe ubu?",kinyarwanda,URGENT,neurological,kinyarwanda->kinyarwanda:URGENT:neurological,Mfite ikibazo ku mutwe kandi kirimo guterwa n'urumuri.,Mfite ikibazo ku mutwe kandi kirimo guterwa n'urumuri.
"Mumbabarire, ndashaka kubabwira ikibazo mfite. Mfite igisebe ku kirenge kidakira kandi mfite diyabete kandi birushaho kuba bibi. Naje mvuye kure.",kinyarwanda,URGENT,chronic_care,kinyarwanda->kinyarwanda:URGENT:chronic_care,Mfite igisebe ku kirenge kidakira kandi mfite diyabete.,Mfite igisebe ku kirenge kidakira kandi mfite diyabete.
Mfite umuhaha kuva ejo kandi nta miti mfite. Ni imiti ki nafata?,kinyarwanda,URGENT,paediatric,kinyarwanda->kinyarwanda:URGENT:paediatric,Mfite umuhaha.,Mfite umuhaha.
"Naje hano mbere, ndatwite kandi nagagaye kuva mu cyumweru gishize. Ni imiti ki nafata?",kinyarwanda,CRITICAL,obstetric,kinyarwanda->kinyarwanda:CRITICAL:obstetric,Ndatwite kandi nagagaye.,Ndatwite kandi nagagaye.
"Muraho, umwana wanjye nta miti ya SIDA afite kuva hashize icyumweru kandi nta miti mfite. Ntabasha kubona amafaranga yo kongera kuza kwa muganga.",kinyarwanda,URGENT,chronic_care,kinyarwanda->kinyarwanda:URGENT:chronic_care,{REL} nta miti ya SIDA afite.,Nta miti ya SIDA mfite.
"Mfasha vuba, mfite umuhaha kuva hashize iminsi itatu. Byatangiye gitunguranye. Urakoze.",kinyarwanda,URGENT,paediatric,kinyarwanda->kinyarwanda:URGENT:paediatric,Mfite umuhaha.,Mfite umuhaha.
Ndashaka kukubwira ikibazo mfite. Mu rugo hari umuntu urwaye igituntu kandi ndashaka kwisuzumisha kuva mu cyumweru gishize. Byatangiye gitunguranye. Ntegereze cyangwa nsuzumwe ubu?,kinyarwanda,URGENT,preventive,kinyarwanda->kinyarwanda:URGENT:preventive,Mu rugo hari umuntu urwaye igituntu kandi ndashaka kwisuzumisha.,Mu rugo hari umuntu urwaye igituntu kandi ndashaka kwisuzumisha.
"Simbizi niba bikomeye ariko, mfite umuhaha kuva mu masaha abiri ashize nta miti imfasha. Urakoze.",kinyarwanda,URGENT,paediatric,kinyarwanda->kinyarwanda:URGENT:paediatric,Mfite umuhaha.,Mfite umuhaha.
"Simbizi niba bikomeye ariko, mfite ikibazo ku mutwe kandi kirimo guterwa n'urumuri kuva hashize iminsi itatu nta miti imfasha. Ni imiti ki nafata?",kinyarwanda,URGENT,neurological,kinyarwanda->kinyarwanda:URGENT:neurological,Mfite ikibazo ku mutwe kandi kirimo guterwa n'urumuri.,Mfite ikibazo ku mutwe kandi kirimo guterwa n'urumuri.
"Nzanye umwana wanjye, ndatwite kandi nagagaye kuva mu masaha abiri ashize. Nkora iki?",kinyarwanda,CRITICAL,obstetric,kinyarwanda->kinyarwanda:CRITICAL:obstetric,Ndatwite kandi nagagaye.,Ndatwite kandi nagagaye.
"Nzanye umwana wanjye, ndashaka kugirwa inama ku mazi yo kunywa kuva ubu gitondo cya kare biragenda bikagaruka. Ntegereze cyangwa nsuzumwe ubu?",kinyarwanda,ROUTINE,preventive,kinyarwanda->kinyarwanda:ROUTINE:preventive,Ndashaka kugirwa inama ku mazi yo kunywa.,Ndashaka kugirwa inama ku mazi yo kunywa.
"Muraho, umuvuduko w'amaraso wanjye wazamutse cyane kandi umutwe urandya cyane kuva mu masaha abiri ashize kandi ndahangayitse. Ntabasha kubona amafaranga yo kongera kuza kwa muganga.",kinyarwanda,URGENT,chronic_care,kinyarwanda->kinyarwanda:URGENT:chronic_care,Umuvuduko w'amaraso wanjye wazamutse cyane kandi umutwe urandya cyane.,Umuvuduko w'amaraso wanjye wazamutse cyane kandi umutwe urandya cyane.
"Mfasha, mfite igisebe ku kirenge kidakira kandi mfite diyabete kuva hashize iminsi itatu bikarushaho nijoro. Ese ibi birakomeye?",kinyarwanda,URGENT,chronic_care,kinyarwanda->kinyarwanda:URGENT:chronic_care,Mfite igisebe ku kirenge kidakira kandi mfite diyabete.,Mfite igisebe ku kirenge kidakira kandi mfite diyabete.
"Mfasha, ndashaka kugirwa inama ku mazi yo kunywa kuva ijoro ryashize kandi sinshobora gusinzira. Murakoze.",kinyarwanda,ROUTINE,preventive,kinyarwanda->kinyarwanda:ROUTINE:preventive,Ndashaka kugirwa inama ku mazi yo kunywa.,Ndashaka kugirwa inama ku mazi yo kunywa.
"Ndashaka kukubwira ikibazo mfite. Iyo mama ahumetse cyane, arumva mu gituza hamubabaza kuva ijoro ryashize kandi birushaho kuba bibi. Ntabasha kubona amafaranga yo kongera kuza kwa muganga.",kinyarwanda,URGENT,cardiac_respiratory,kinyarwanda->kinyarwanda:URGENT:cardiac_respiratory,"Iyo {REL} ahumetse cyane, arumva mu gituza hamubabaza.","Iyo {REL} ahumetse cyane, arumva mu gituza hamubabaza."
"Nzanye umwana wanjye, ndashaka kugirwa inama ku mazi yo kunywa kuva ejo kandi ndahangayitse. Ndakeneye ubufasha vuba.",kinyarwanda,ROUTINE,preventive,kinyarwanda->kinyarwanda:ROUTINE:preventive,Ndashaka kugirwa inama ku mazi yo kunywa.,Ndashaka kugirwa inama ku mazi yo kunywa.
"Muraho, papa nta miti ya SIDA afite kuva ubu gitondo cya kare kandi ndahangayitse. Ndakeneye ubufasha vuba.",kinyarwanda,URGENT,chronic_care,kinyarwanda->kinyarwanda:URGENT:chronic_care,{REL} nta miti ya SIDA afite.,Nta miti ya SIDA mfite.
"Nzanye umwana wanjye, umwana wanjye nta miti ya SIDA afite kuva hashize icyumweru. Naje mvuye kure.",kinyarwanda,URGENT,chronic_care,kinyarwanda->kinyarwanda:URGENT:chronic_care,{REL} nta miti ya SIDA afite.,Nta miti ya SIDA mfite.
"Nyabuneka, mu rugo hari umuntu urwaye igituntu kandi ndashaka kwisuzumisha kandi sinshobora gusinzira. Ese ibi birakomeye?",kinyarwanda,URGENT,preventive,kinyarwanda->kinyarwanda:URGENT:preventive,Mu rugo hari umuntu urwaye igituntu kandi ndashaka kwisuzumisha.,Mu rugo hari umuntu urwaye igituntu kandi ndashaka kwisuzumisha.
"Mfasha vuba, umukecuru afite impiswi zikomeye kandi yagize umwuma kuva hashize iminsi ibiri. Byatangiye gitunguranye. Nkora iki?",kinyarwanda,CRITICAL,gastrointestinal,kinyarwanda->kinyarwanda:CRITICAL:gastrointestinal,{REL} afite impiswi zikomeye kandi yagize umwuma.,{REL} afite impiswi zikomeye kandi yagize umwuma.
Umukecuru ahumeka bimugora cyane kandi iminwa ye yahindutse ibara kuva ejo kandi birushaho kuba bibi. Ntegereze cyangwa nsuzumwe ubu?,kinyarwanda,CRITICAL,cardiac_respiratory,kinyarwanda->kinyarwanda:CRITICAL:cardiac_respiratory,{REL} ahumeka bimugora cyane kandi iminwa ye yahindutse ibara.,guhumeka birangora cyane kandi iminwa yanjye yahindutse ibara
"Muraho, umuturanyi wanjye ari kubyara ariko umugozi w'umwana wabanje gusohoka kuva ijoro ryashize kandi birushaho kuba bibi. Ndakeneye ubufasha vuba.",kinyarwanda,CRITICAL,obstetric,kinyarwanda->kinyarwanda:CRITICAL:obstetric,{REL} ari kubyara ariko umugozi w'umwana wabanje gusohoka.,Ndabyara ariko habanje gusohoka umugozi w'umwana.
"Mumbabarire, ndashaka kubabwira ikibazo mfite. Ndatwite kandi nagagaye kuva hashize iminsi ibiri kandi birushaho kuba bibi. Nkora iki?",kinyarwanda,CRITICAL,obstetric,kinyarwanda->kinyarwanda:CRITICAL:obstetric,Ndatwite kandi nagagaye.,Ndatwite kandi nagagaye.
"Naje hano mbere, mama arababara cyane mu nda kandi ububabare ntibuhagarara kuva mu cyumweru gishize nta miti imfasha",kinyarwanda,URGENT,gastrointestinal,kinyarwanda->kinyarwanda:URGENT:gastrointestinal,{REL} arababara cyane mu nda kandi ububabare ntibuhagarara.,Inda irandya cyane kandi ububabare ntibuhagarara.
"Muganga, mama yabyimbye ibirenge kandi ntashobora guhumeka neza iyo aragaramye kuva mu cyumweru gishize. Ntegereze cyangwa nsuzumwe ubu?",kinyarwanda,URGENT,chronic_care,kinyarwanda->kinyarwanda:URGENT:chronic_care,{REL} yabyimbye ibirenge kandi ntashobora guhumeka neza iyo aragaramye.,Nabyimbye ibirenge kandi sinshobora guhumeka neza iyo ndagaramye.
"Mumbabarire, ndashaka kubabwira ikibazo mfite. Ndashaka kugirwa inama ku mazi yo kunywa kuva hashize iminsi ibiri. Byatangiye gitunguranye. Nkora iki?",kinyarwanda,ROUTINE,preventive,kinyarwanda->kinyarwanda:ROUTINE:preventive,Ndashaka kugirwa inama ku mazi yo kunywa.,Ndashaka kugirwa inama ku mazi yo kunywa.
"Nzanye umwana wanjye, ndashaka kugirwa inama ku mazi yo kunywa kuva mu gitondo. Mfasha muganga.",kinyarwanda,ROUTINE,preventive,kinyarwanda->kinyarwanda:ROUTINE:preventive,Ndashaka kugirwa inama ku mazi yo kunywa.,Ndashaka kugirwa inama ku mazi yo kunywa.
"Ndashaka kukubwira ikibazo mfite. Iyo umugabo wanjye ahumetse cyane, arumva mu gituza hamubabaza kuva ejo. Ntabasha kubona amafaranga yo kongera kuza kwa muganga.",kinyarwanda,URGENT,cardiac_respiratory,kinyarwanda->kinyarwanda:URGENT:cardiac_respiratory,"Iyo {REL} ahumetse cyane, arumva mu gituza hamubabaza.","Iyo {REL} ahumetse cyane, arumva mu gituza hamubabaza."
"Mfasha, mama ahumeka bimugora cyane kandi iminwa ye yahindutse ibara kuva hashize iminsi itatu bikarushaho nijoro. Ntabasha kubona amafaranga yo kongera kuza kwa muganga.",kinyarwanda,CRITICAL,cardiac_respiratory,kinyarwanda->kinyarwanda:CRITICAL:cardiac_respiratory,{REL} ahumeka bimugora cyane kandi iminwa ye yahindutse ibara.,guhumeka birangora cyane kandi iminwa yanjye yahindutse ibara
"Mfasha, umugabo wanjye afite gahunda yo gukingiza umwana kuva hashize iminsi itatu biragenda bikagaruka. Naje mvuye kure.",kinyarwanda,ROUTINE,preventive,kinyarwanda->kinyarwanda:ROUTINE:preventive,{REL} afite gahunda yo gukingiza umwana.,Mfite gahunda yo gukingiza umwana.
"Mfasha vuba, maze umunsi wose mbabara ngerageza kubyara ariko umwana ntarasohoka kuva ejo biragenda bikagaruka. Ntegereze cyangwa nsuzumwe ubu?",kinyarwanda,CRITICAL,obstetric,kinyarwanda->kinyarwanda:CRITICAL:obstetric,Maze umunsi wose mbabara ngerageza kubyara ariko umwana ntarasohoka.,Maze umunsi wose mbabara ngerageza kubyara ariko umwana ntarasohoka.
"Mfasha vuba, iyo umugore wanjye ahumetse cyane, arumva mu gituza hamubabaza kuva mu cyumweru gishize kandi ndahangayitse. Ntabasha kubona amafaranga yo kongera kuza kwa muganga.",kinyarwanda,URGENT,cardiac_respiratory,kinyarwanda->kinyarwanda:URGENT:cardiac_respiratory,"Iyo {REL} ahumetse cyane, arumva mu gituza hamubabaza.","Iyo {REL} ahumetse cyane, arumva mu gituza hamubabaza."
"Mfasha vuba, mama afite gahunda yo gukingiza umwana kuva hashize iminsi itatu bikarushaho nijoro. Ni imiti ki nafata?",kinyarwanda,ROUTINE,preventive,kinyarwanda->kinyarwanda:ROUTINE:preventive,{REL} afite gahunda yo gukingiza umwana.,Mfite gahunda yo gukingiza umwana.
"Muganga, mushiki wanjye ari kubyara ariko umugozi w'umwana wabanje gusohoka kuva hashize iminsi ibiri. Abandi bana na bo bafite iki kibazo. Ntabasha kubona amafaranga yo kongera kuza kwa muganga.",kinyarwanda,CRITICAL,obstetric,kinyarwanda->kinyarwanda:CRITICAL:obstetric,{REL} ari kubyara ariko umugozi w'umwana wabanje gusohoka.,Ndabyara ariko habanje gusohoka umugozi w'umwana.
"Nzanye umwana wanjye, iyo umugabo wanjye ahumetse cyane, arumva mu gituza hamubabaza kuva mu cyumweru gishize. Byatangiye gitunguranye. Ese ibi birakomeye?",kinyarwanda,URGENT,cardiac_respiratory,kinyarwanda->kinyarwanda:URGENT:cardiac_respiratory,"Iyo {REL} ahumetse cyane, arumva mu gituza hamubabaza.","Iyo {REL} ahumetse cyane, arumva mu gituza hamubabaza."
"Ndakeneye ubufasha, mu rugo hari umuntu urwaye igituntu kandi ndashaka kwisuzumisha kuva hashize icyumweru kandi ndahangayitse. Murakoze.",kinyarwanda,URGENT,preventive,kinyarwanda->kinyarwanda:URGENT:preventive,Mu rugo hari umuntu urwaye igituntu kandi ndashaka kwisuzumisha.,Mu rugo hari umuntu urwaye igituntu kandi ndashaka kwisuzumisha.
"Mumbabarire, ndashaka kubabwira ikibazo mfite. Umugabo wanjye ahumeka bimugora cyane kandi iminwa ye yahindutse ibara kuva hashize iminsi itatu. Abandi bana na bo bafite iki kibazo. Ese ibi birakomeye?",kinyarwanda,CRITICAL,cardiac_respiratory,kinyarwanda->kinyarwanda:CRITICAL:cardiac_respiratory,{REL} ahumeka bimugora cyane kandi iminwa ye yahindutse ibara.,guhumeka birangora cyane kandi iminwa yanjye yahindutse ibara
"Muganga, umwana wanjye yabyimbye ibirenge kandi ntashobora guhumeka neza iyo aragaramye kuva mu gitondo kandi nta miti mfite",kinyarwanda,URGENT,chronic_care,kinyarwanda->kinyarwanda:URGENT:chronic_care,{REL} yabyimbye ibirenge kandi ntashobora guhumeka neza iyo aragaramye.,Nabyimbye ibirenge kandi sinshobora guhumeka neza iyo ndagaramye.
"Muganga, umukecuru afite igisebe ku kirenge kidakira kandi afite diyabete kuva ubu gitondo cya kare. Abandi bana na bo bafite iki kibazo. Ese ibi birakomeye?",kinyarwanda,URGENT,chronic_care,kinyarwanda->kinyarwanda:URGENT:chronic_care,{REL} afite igisebe ku kirenge kidakira kandi afite diyabete.,Mfite igisebe ku kirenge kidakira kandi mfite diyabete.
"Nzanye umwana wanjye, umuvuduko w'amaraso wanjye wazamutse cyane kandi umutwe urandya cyane kuva ijoro ryashize kandi ndahangayitse. Urakoze.",kinyarwanda,URGENT,chronic_care,kinyarwanda->kinyarwanda:URGENT:chronic_care,Umuvuduko w'amaraso wanjye wazamutse cyane kandi umutwe urandya cyane.,Umuvuduko w'amaraso wanjye wazamutse cyane kandi umutwe urandya cyane.
"Mfasha, mama arababara cyane mu nda kandi ububabare ntibuhagarara kuva mu masaha abiri ashize nta miti imfasha. Murakoze.",kinyarwanda,URGENT,gastrointestinal,kinyarwanda->kinyarwanda:URGENT:gastrointestinal,{REL} arababara cyane mu nda kandi ububabare ntibuhagarara.,Inda irandya cyane kandi ububabare ntibuhagarara.
"Ndashaka kukubwira ikibazo mfite. Mama afite ibimenyetso bya malariya, umuriro n'imbeho kuva ubu gitondo cya kare kandi ndahangayitse",kinyarwanda,URGENT,infectious_fever,kinyarwanda->kinyarwanda:URGENT:infectious_fever,"{REL} afite ibimenyetso bya malariya, umuriro n'imbeho.","Mfite ibimenyetso bya malariya, umuriro n'imbeho."
"Muganga, maze umunsi wose mbabara ngerageza kubyara ariko umwana ntarasohoka kuva ubu gitondo cya kare bikarushaho nijoro. Ese ibi birakomeye?",kinyarwanda,CRITICAL,obstetric,kinyarwanda->kinyarwanda:CRITICAL:obstetric,Maze umunsi wose mbabara ngerageza kubyara ariko umwana ntarasohoka.,Maze umunsi wose mbabara ngerageza kubyara ariko umwana ntarasohoka.
"Muraho, umugore wanjye arababara cyane mu nda kandi ububabare ntibuhagarara. Abandi bana na bo bafite iki kibazo. Naje mvuye kure.",kinyarwanda,URGENT,gastrointestinal,kinyarwanda->kinyarwanda:URGENT:gastrointestinal,{REL} arababara cyane mu nda kandi ububabare ntibuhagarara.,Inda irandya cyane kandi ububabare ntibuhagarara.
"Nzanye umwana wanjye, maze iminsi itatu ndwaye impiswi zikomeye kuva hashize icyumweru nta miti imfasha. Ntegereze cyangwa nsuzumwe ubu?",kinyarwanda,URGENT,gastrointestinal,kinyarwanda->kinyarwanda:URGENT:gastrointestinal,maze iminsi itatu ndwaye impiswi zikomeye,maze iminsi itatu ndwaye impiswi zikomeye
"Ndakeneye ubufasha, mu rugo hari umuntu urwaye igituntu kandi umugabo wanjye ashaka kwisuzumisha kuva mu masaha abiri ashize. Ndakeneye ubufasha vuba.",kinyarwanda,URGENT,preventive,kinyarwanda->kinyarwanda:URGENT:preventive,Mu rugo hari umuntu urwaye igituntu kandi {REL} ashaka kwisuzumisha.,Mu rugo hari umuntu urwaye igituntu kandi ndashaka kwisuzumisha.
"Simbizi niba bikomeye ariko, ndashaka kugirwa inama ku mazi yo kunywa kuva mu masaha abiri ashize nta miti imfasha. Mfasha muganga.",kinyarwanda,ROUTINE,preventive,kinyarwanda->kinyarwanda:ROUTINE:preventive,Ndashaka kugirwa inama ku mazi yo kunywa.,Ndashaka kugirwa inama ku mazi yo kunywa.
"Ndakeneye ubufasha, mushiki wanjye afite gahunda yo gukingiza umwana kuva hashize iminsi itatu. Byatangiye gitunguranye. Ntegereze cyangwa nsuzumwe ubu?",kinyarwanda,ROUTINE,preventive,kinyarwanda->kinyarwanda:ROUTINE:preventive,{REL} afite gahunda yo gukingiza umwana.,Mfite gahunda yo gukingiza umwana.
"Mumbabarire, ndashaka kubabwira ikibazo mfite. Mfite ikibazo ku mutwe kandi kirimo guterwa n'urumuri kuva hashize iminsi ibiri kandi sinshobora gusinzira. Ni imiti ki nafata?",kinyarwanda,URGENT,neurological,kinyarwanda->kinyarwanda:URGENT:neurological,Mfite ikibazo ku mutwe kandi kirimo guterwa n'urumuri.,Mfite ikibazo ku mutwe kandi kirimo guterwa n'urumuri.
"Ndakeneye ubufasha, mfite igisebe ku kirenge kidakira kandi mfite diyabete kuva mu gitondo. Byatangiye gitunguranye. Ni imiti ki nafata?",kinyarwanda,URGENT,chronic_care,kinyarwanda->kinyarwanda:URGENT:chronic_care,Mfite igisebe ku kirenge kidakira kandi mfite diyabete.,Mfite igisebe ku kirenge kidakira kandi mfite diyabete.
"Muganga, umuturanyi wanjye nta miti ya SIDA afite kuva hashize icyumweru bikarushaho nijoro. Ni imiti ki nafata?",kinyarwanda,URGENT,chronic_care,kinyarwanda->kinyarwanda:URGENT:chronic_care,{REL} nta miti ya SIDA afite.,Nta miti ya SIDA mfite.
"Nyabuneka, mfite ikibazo ku mutwe kandi kirimo guterwa n'urumuri bikarushaho nijoro. Urakoze.",kinyarwanda,URGENT,neurological,kinyarwanda->kinyarwanda:URGENT:neurological,Mfite ikibazo ku mutwe kandi kirimo guterwa n'urumuri.,Mfite ikibazo ku mutwe kandi kirimo guterwa n'urumuri.
"Ndakeneye ubufasha, ndatwite kandi nagagaye kuva ejo kandi nta miti mfite",kinyarwanda,CRITICAL,obstetric,kinyarwanda->kinyarwanda:CRITICAL:obstetric,Ndatwite kandi nagagaye.,Ndatwite kandi nagagaye.
Umugabo wanjye afite igisebe ku kirenge kidakira kandi afite diyabete kuva hashize iminsi ibiri. Byatangiye gitunguranye. Murakoze.,kinyarwanda,URGENT,chronic_care,kinyarwanda->kinyarwanda:URGENT:chronic_care,{REL} afite igisebe ku kirenge kidakira kandi afite diyabete.,Mfite igisebe ku kirenge kidakira kandi mfite diyabete.
"Muganga, umuvuduko w'amaraso wanjye wazamutse cyane kandi umutwe urandya cyane kuva hashize iminsi ibiri. Byatangiye gitunguranye. Murakoze.",kinyarwanda,URGENT,chronic_care,kinyarwanda->kinyarwanda:URGENT:chronic_care,Umuvuduko w'amaraso wanjye wazamutse cyane kandi umutwe urandya cyane.,Umuvuduko w'amaraso wanjye wazamutse cyane kandi umutwe urandya cyane.
"Ndashaka kukubwira ikibazo mfite. Iyo umugore wanjye ahumetse cyane, arumva mu gituza hamubabaza kuva ijoro ryashize kandi birushaho kuba bibi. Ntabasha kubona amafaranga yo kongera kuza kwa muganga.",kinyarwanda,URGENT,cardiac_respiratory,kinyarwanda->kinyarwanda:URGENT:cardiac_respiratory,"Iyo {REL} ahumetse cyane, arumva mu gituza hamubabaza.","Iyo {REL} ahumetse cyane, arumva mu gituza hamubabaza."
Ndashaka kukubwira ikibazo mfite. Mu rugo hari umuntu urwaye igituntu kandi papa ashaka kwisuzumisha kuva mu cyumweru gishize bikarushaho nijoro. Nkora iki?,kinyarwanda,URGENT,preventive,kinyarwanda->kinyarwanda:URGENT:preventive,Mu rugo hari umuntu urwaye igituntu kandi {REL} ashaka kwisuzumisha.,Mu rugo hari umuntu urwaye igituntu kandi ndashaka kwisuzumisha.
"Mumbabarire, ndashaka kubabwira ikibazo mfite. Mfite igisebe ku kirenge kidakira kandi mfite diyabete kuva mu gitondo biragenda bikagaruka. Ntabasha kubona amafaranga yo kongera kuza kwa muganga.",kinyarwanda,URGENT,chronic_care,kinyarwanda->kinyarwanda:URGENT:chronic_care,Mfite igisebe ku kirenge kidakira kandi mfite diyabete.,Mfite igisebe ku kirenge kidakira kandi mfite diyabete.
"Simbizi niba bikomeye ariko, mama afite ibimenyetso bya malariya, umuriro n'imbeho kuva mu cyumweru gishize nta miti imfasha. Naje mvuye kure.",kinyarwanda,URGENT,infectious_fever,kinyarwanda->kinyarwanda:URGENT:infectious_fever,"{REL} afite ibimenyetso bya malariya, umuriro n'imbeho.","Mfite ibimenyetso bya malariya, umuriro n'imbeho."
"Mumbabarire, ndashaka kubabwira ikibazo mfite. Umuvuduko w'amaraso wanjye wazamutse cyane kandi umutwe urandya cyane kuva hashize iminsi itatu kandi ndahangayitse. Urakoze.",kinyarwanda,URGENT,chronic_care,kinyarwanda->kinyarwanda:URGENT:chronic_care,Umuvuduko w'amaraso wanjye wazamutse cyane kandi umutwe urandya cyane.,Umuvuduko w'amaraso wanjye wazamutse cyane kandi umutwe urandya cyane.
"Muganga, ndatwite kandi nagagaye kuva ijoro ryashize kandi birushaho kuba bibi",kinyarwanda,CRITICAL,obstetric,kinyarwanda->kinyarwanda:CRITICAL:obstetric,Ndatwite kandi nagagaye.,Ndatwite kandi nagagaye.
"Simbizi niba bikomeye ariko, mu rugo hari umuntu urwaye igituntu kandi ndashaka kwisuzumisha kuva mu gitondo kandi birushaho kuba bibi. Murakoze.",kinyarwanda,URGENT,preventive,kinyarwanda->kinyarwanda:URGENT:preventive,Mu rugo hari umuntu urwaye igituntu kandi ndashaka kwisuzumisha.,Mu rugo hari umuntu urwaye igituntu kandi ndashaka kwisuzumisha.
"Mumbabarire, ndashaka kubabwira ikibazo mfite. Umugore wanjye arababara cyane mu nda kandi ububabare ntibuhagarara kuva hashize icyumweru",kinyarwanda,URGENT,gastrointestinal,kinyarwanda->kinyarwanda:URGENT:gastrointestinal,{REL} arababara cyane mu nda kandi ububabare ntibuhagarara.,Inda irandya cyane kandi ububabare ntibuhagarara.
"Nyabuneka, mu rugo hari umuntu urwaye igituntu kandi ndashaka kwisuzumisha kuva ijoro ryashize. Abandi bana na bo bafite iki kibazo. Ni imiti ki nafata?",kinyarwanda,URGENT,preventive,kinyarwanda->kinyarwanda:URGENT:preventive,Mu rugo hari umuntu urwaye igituntu kandi ndashaka kwisuzumisha.,Mu rugo hari umuntu urwaye igituntu kandi ndashaka kwisuzumisha.
"Mfasha vuba, umuvuduko w'amaraso wanjye wazamutse cyane kandi umutwe urandya cyane kuva ubu gitondo cya kare biragenda bikagaruka. Urakoze.",kinyarwanda,URGENT,chronic_care,kinyarwanda->kinyarwanda:URGENT:chronic_care,Umuvuduko w'amaraso wanjye wazamutse cyane kandi umutwe urandya cyane.,Umuvuduko w'amaraso wanjye wazamutse cyane kandi umutwe urandya cyane.
"Muganga, iyo umugabo wanjye ahumetse cyane, arumva mu gituza hamubabaza kuva hashize iminsi itatu biragenda bikagaruka. Ntegereze cyangwa nsuzumwe ubu?",kinyarwanda,URGENT,cardiac_respiratory,kinyarwanda->kinyarwanda:URGENT:cardiac_respiratory,"Iyo {REL} ahumetse cyane, arumva mu gituza hamubabaza.","Iyo {REL} ahumetse cyane, arumva mu gituza hamubabaza."
"Mumbabarire, ndashaka kubabwira ikibazo mfite. Mushiki wanjye ahumeka bimugora cyane kandi iminwa ye yahindutse ibara kuva hashize iminsi ibiri kandi nta miti mfite. Ntegereze cyangwa nsuzumwe ubu?",kinyarwanda,CRITICAL,cardiac_respiratory,kinyarwanda->kinyarwanda:CRITICAL:cardiac_respiratory,{REL} ahumeka bimugora cyane kandi iminwa ye yahindutse ibara.,guhumeka birangora cyane kandi iminwa yanjye yahindutse ibara
"Muganga, maze iminsi itatu ndwaye impiswi zikomeye kuva mu masaha abiri ashize nta miti imfasha",kinyarwanda,URGENT,gastrointestinal,kinyarwanda->kinyarwanda:URGENT:gastrointestinal,maze iminsi itatu ndwaye impiswi zikomeye,maze iminsi itatu ndwaye impiswi zikomeye
"Nyabuneka, mama yabyimbye ibirenge kandi ntashobora guhumeka neza iyo aragaramye kuva ejo kandi sinshobora gusinzira. Mfasha muganga.",kinyarwanda,URGENT,chronic_care,kinyarwanda->kinyarwanda:URGENT:chronic_care,{REL} yabyimbye ibirenge kandi ntashobora guhumeka neza iyo aragaramye.,Nabyimbye ibirenge kandi sinshobora guhumeka neza iyo ndagaramye.
"Muganga, maze iminsi itatu ndwaye impiswi zikomeye kuva mu masaha abiri ashize nta miti imfasha. Ntabasha kubona amafaranga yo kongera kuza kwa muganga.",kinyarwanda,URGENT,gastrointestinal,kinyarwanda->kinyarwanda:URGENT:gastrointestinal,maze iminsi itatu ndwaye impiswi zikomeye,maze iminsi itatu ndwaye impiswi zikomeye
"Mfasha vuba, umwana wanjye afite ibimenyetso bya malariya, umuriro n'imbeho kuva hashize iminsi ibiri kandi nta miti mfite. Ntabasha kubona amafaranga yo kongera kuza kwa muganga.",kinyarwanda,URGENT,infectious_fever,kinyarwanda->kinyarwanda:URGENT:infectious_fever,"{REL} afite ibimenyetso bya malariya, umuriro n'imbeho.","Mfite ibimenyetso bya malariya, umuriro n'imbeho."
"Simbizi niba bikomeye ariko, papa afite igisebe ku kirenge kidakira kandi afite diyabete kuva mu gitondo biragenda bikagaruka. Ntegereze cyangwa nsuzumwe ubu?",kinyarwanda,URGENT,chronic_care,kinyarwanda->kinyarwanda:URGENT:chronic_care,{REL} afite igisebe ku kirenge kidakira kandi afite diyabete.,Mfite igisebe ku kirenge kidakira kandi mfite diyabete.
"Naje hano mbere, mfite igisebe ku kirenge kidakira kandi mfite diyabete kuva hashize iminsi itatu kandi nta miti mfite",kinyarwanda,URGENT,chronic_care,kinyarwanda->kinyarwanda:URGENT:chronic_care,Mfite igisebe ku kirenge kidakira kandi mfite diyabete.,Mfite igisebe ku kirenge kidakira kandi mfite diyabete.
Ndashaka kukubwira ikibazo mfite. Ndatwite kandi nagagaye kuva ejo kandi nta miti mfite. Ese ibi birakomeye?,kinyarwanda,CRITICAL,obstetric,kinyarwanda->kinyarwanda:CRITICAL:obstetric,Ndatwite kandi nagagaye.,Ndatwite kandi nagagaye.
"Mfasha vuba, umuvuduko w'amaraso wanjye wazamutse cyane kandi umutwe urandya cyane kuva ubu gitondo cya kare kandi sinshobora gusinzira. Ese ibi birakomeye?",kinyarwanda,URGENT,chronic_care,kinyarwanda->kinyarwanda:URGENT:chronic_care,Umuvuduko w'amaraso wanjye wazamutse cyane kandi umutwe urandya cyane.,Umuvuduko w'amaraso wanjye wazamutse cyane kandi umutwe urandya cyane.
"Nyabuneka, papa ahumeka bimugora cyane kandi iminwa ye yahindutse ibara kuva ejo. Abandi bana na bo bafite iki kibazo. Nkora iki?",kinyarwanda,CRITICAL,cardiac_respiratory,kinyarwanda->kinyarwanda:CRITICAL:cardiac_respiratory,{REL} ahumeka bimugora cyane kandi iminwa ye yahindutse ibara.,guhumeka birangora cyane kandi iminwa yanjye yahindutse ibara
"Muraho, ndashaka kugirwa inama ku mazi yo kunywa kuva hashize iminsi ibiri. Mfasha muganga.",kinyarwanda,ROUTINE,preventive,kinyarwanda->kinyarwanda:ROUTINE:preventive,Ndashaka kugirwa inama ku mazi yo kunywa.,Ndashaka kugirwa inama ku mazi yo kunywa.
"Ndakeneye ubufasha, mushiki wanjye ahumeka bimugora cyane kandi iminwa ye yahindutse ibara kuva ijoro ryashize. Ndakeneye ubufasha vuba.",kinyarwanda,CRITICAL,cardiac_respiratory,kinyarwanda->kinyarwanda:CRITICAL:cardiac_respiratory,{REL} ahumeka bimugora cyane kandi iminwa ye yahindutse ibara.,guhumeka birangora cyane kandi iminwa yanjye yahindutse ibara
"Ndakeneye ubufasha, mfite ikibazo ku mutwe kandi kirimo guterwa n'urumuri kuva ubu gitondo cya kare kandi sinshobora gusinzira. Nkora iki?",kinyarwanda,URGENT,neurological,kinyarwanda->kinyarwanda:URGENT:neurological,Mfite ikibazo ku mutwe kandi kirimo guterwa n'urumuri.,Mfite ikibazo ku mutwe kandi kirimo guterwa n'urumuri.
"Naje hano mbere, umugabo wanjye afite impiswi zikomeye kandi yagize umwuma kuva ijoro ryashize biragenda bikagaruka. Ndakeneye ubufasha vuba.",kinyarwanda,CRITICAL,gastrointestinal,kinyarwanda->kinyarwanda:CRITICAL:gastrointestinal,{REL} afite impiswi zikomeye kandi yagize umwuma.,{REL} afite impiswi zikomeye kandi yagize umwuma.
Ndashaka kukubwira ikibazo mfite. Mfite umuhaha kuva ijoro ryashize kandi ndahangayitse. Naje mvuye kure.,kinyarwanda,URGENT,paediatric,kinyarwanda->kinyarwanda:URGENT:paediatric,Mfite umuhaha.,Mfite umuhaha.
"Mumbabarire, ndashaka kubabwira ikibazo mfite. Mfite igisebe ku kirenge kidakira kandi mfite diyabete kuva mu gitondo bikarushaho nijoro. Urakoze.",kinyarwanda,URGENT,chronic_care,kinyarwanda->kinyarwanda:URGENT:chronic_care,Mfite igisebe ku kirenge kidakira kandi mfite diyabete.,Mfite igisebe ku kirenge kidakira kandi mfite diyabete.
"Nzanye umwana wanjye, mu rugo hari umuntu urwaye igituntu kandi mushiki wanjye ashaka kwisuzumisha kuva hashize iminsi itatu. Abandi bana na bo bafite iki kibazo. Ntegereze cyangwa nsuzumwe ubu?",kinyarwanda,URGENT,preventive,kinyarwanda->kinyarwanda:URGENT:preventive,Mu rugo hari umuntu urwaye igituntu kandi {REL} ashaka kwisuzumisha.,Mu rugo hari umuntu urwaye igituntu kandi ndashaka kwisuzumisha.
"Naje hano mbere, mama yabyimbye ibirenge kandi ntashobora guhumeka neza iyo aragaramye kuva mu masaha abiri ashize kandi nta miti mfite. Naje mvuye kure.",kinyarwanda,URGENT,chronic_care,kinyarwanda->kinyarwanda:URGENT:chronic_care,{REL} yabyimbye ibirenge kandi ntashobora guhumeka neza iyo aragaramye.,Nabyimbye ibirenge kandi sinshobora guhumeka neza iyo ndagaramye.
"Nyabuneka, mushiki wanjye afite igisebe ku kirenge kidakira kandi afite diyabete. Byatangiye gitunguranye. Ni imiti ki nafata?",kinyarwanda,URGENT,chronic_care,kinyarwanda->kinyarwanda:URGENT:chronic_care,{REL} afite igisebe ku kirenge kidakira kandi afite diyabete.,Mfite igisebe ku kirenge kidakira kandi mfite diyabete.
Ndatwite kandi nagagaye kuva mu masaha abiri ashize kandi nta miti mfite,kinyarwanda,CRITICAL,obstetric,kinyarwanda->kinyarwanda:CRITICAL:obstetric,Ndatwite kandi nagagaye.,Ndatwite kandi nagagaye.
"Ndashaka kukubwira ikibazo mfite. Umugore wanjye afite ibimenyetso bya malariya, umuriro n'imbeho biragenda bikagaruka. Murakoze.",kinyarwanda,URGENT,infectious_fever,kinyarwanda->kinyarwanda:URGENT:infectious_fever,"{REL} afite ibimenyetso bya malariya, umuriro n'imbeho.","Mfite ibimenyetso bya malariya, umuriro n'imbeho."
"Mumbabarire, ndashaka kubabwira ikibazo mfite. Umugore wanjye ari kubyara ariko umugozi w'umwana wabanje gusohoka kuva hashize iminsi ibiri biragenda bikagaruka. Naje mvuye kure.",kinyarwanda,CRITICAL,obstetric,kinyarwanda->kinyarwanda:CRITICAL:obstetric,{REL} ari kubyara ariko umugozi w'umwana wabanje gusohoka.,Ndabyara ariko habanje gusohoka umugozi w'umwana.
"Naje hano mbere, mu rugo hari umuntu urwaye igituntu kandi mama ashaka kwisuzumisha. Byatangiye gitunguranye. Ntegereze cyangwa nsuzumwe ubu?",kinyarwanda,URGENT,preventive,kinyarwanda->kinyarwanda:URGENT:preventive,Mu rugo hari umuntu urwaye igituntu kandi {REL} ashaka kwisuzumisha.,Mu rugo hari umuntu urwaye igituntu kandi ndashaka kwisuzumisha.
"Muraho, mushiki wanjye afite gahunda yo gukingiza umwana kuva mu masaha abiri ashize kandi birushaho kuba bibi. Mfasha muganga.",kinyarwanda,ROUTINE,preventive,kinyarwanda->kinyarwanda:ROUTINE:preventive,{REL} afite gahunda yo gukingiza umwana.,Mfite gahunda yo gukingiza umwana.
"Naje hano mbere, maze iminsi itatu ndwaye impiswi zikomeye kuva mu gitondo. Byatangiye gitunguranye. Naje mvuye kure.",kinyarwanda,URGENT,gastrointestinal,kinyarwanda->kinyarwanda:URGENT:gastrointestinal,maze iminsi itatu ndwaye impiswi zikomeye,maze iminsi itatu ndwaye impiswi zikomeye
Mfite umuhaha kuva mu gitondo. Byatangiye gitunguranye. Ndakeneye ubufasha vuba.,kinyarwanda,URGENT,paediatric,kinyarwanda->kinyarwanda:URGENT:paediatric,Mfite umuhaha.,Mfite umuhaha.
Ndashaka kukubwira ikibazo mfite. Mama arababara cyane mu nda kandi ububabare ntibuhagarara kuva hashize iminsi itatu. Byatangiye gitunguranye. Ntabasha kubona amafaranga yo kongera kuza kwa muganga.,kinyarwanda,URGENT,gastrointestinal,kinyarwanda->kinyarwanda:URGENT:gastrointestinal,{REL} arababara cyane mu nda kandi ububabare ntibuhagarara.,Inda irandya cyane kandi ububabare ntibuhagarara.
"Nyabuneka, ndatwite kandi nagagaye kuva ubu gitondo cya kare kandi nta miti mfite. Naje mvuye kure.",kinyarwanda,CRITICAL,obstetric,kinyarwanda->kinyarwanda:CRITICAL:obstetric,Ndatwite kandi nagagaye.,Ndatwite kandi nagagaye.
Ndashaka kukubwira ikibazo mfite. Umukecuru afite gahunda yo gukingiza umwana kuva hashize icyumweru kandi ndahangayitse. Ndakeneye ubufasha vuba.,kinyarwanda,ROUTINE,preventive,kinyarwanda->kinyarwanda:ROUTINE:preventive,{REL} afite gahunda yo gukingiza umwana.,Mfite gahunda yo gukingiza umwana.
"Ndakeneye ubufasha, papa nta miti ya SIDA afite kuva mu gitondo. Naje mvuye kure.",kinyarwanda,URGENT,chronic_care,kinyarwanda->kinyarwanda:URGENT:chronic_care,{REL} nta miti ya SIDA afite.,Nta miti ya SIDA mfite.
"Ndakeneye ubufasha, mfite ikibazo ku mutwe kandi kirimo guterwa n'urumuri kuva mu gitondo kandi ndahangayitse. Mfasha muganga.",kinyarwanda,URGENT,neurological,kinyarwanda->kinyarwanda:URGENT:neurological,Mfite ikibazo ku mutwe kandi kirimo guterwa n'urumuri.,Mfite ikibazo ku mutwe kandi kirimo guterwa n'urumuri.
"Nyabuneka, maze iminsi itatu ndwaye impiswi zikomeye kuva ejo bikarushaho nijoro. Ndakeneye ubufasha vuba.",kinyarwanda,URGENT,gastrointestinal,kinyarwanda->kinyarwanda:URGENT:gastrointestinal,maze iminsi itatu ndwaye impiswi zikomeye,maze iminsi itatu ndwaye impiswi zikomeye
"Mumbabarire, ndashaka kubabwira ikibazo mfite. Maze iminsi itatu ndwaye impiswi zikomeye kuva mu masaha abiri ashize. Abandi bana na bo bafite iki kibazo. Ni imiti ki nafata?",kinyarwanda,URGENT,gastrointestinal,kinyarwanda->kinyarwanda:URGENT:gastrointestinal,maze iminsi itatu ndwaye impiswi zikomeye,maze iminsi itatu ndwaye impiswi zikomeye
"Mumbabarire, ndashaka kubabwira ikibazo mfite. Umugore wanjye ari kubyara ariko umugozi w'umwana wabanje gusohoka kuva mu cyumweru gishize kandi nta miti mfite. Ndakeneye ubufasha vuba.",kinyarwanda,CRITICAL,obstetric,kinyarwanda->kinyarwanda:CRITICAL:obstetric,{REL} ari kubyara ariko umugozi w'umwana wabanje gusohoka.,Ndabyara ariko habanje gusohoka umugozi w'umwana.
"Mfasha vuba, maze umunsi wose mbabara ngerageza kubyara ariko umwana ntarasohoka kuva ubu gitondo cya kare kandi birushaho kuba bibi. Ni imiti ki nafata?",kinyarwanda,CRITICAL,obstetric,kinyarwanda->kinyarwanda:CRITICAL:obstetric,Maze umunsi wose mbabara ngerageza kubyara ariko umwana ntarasohoka.,Maze umunsi wose mbabara ngerageza kubyara ariko umwana ntarasohoka.
"Simbizi niba bikomeye ariko, papa nta miti ya SIDA afite kuva hashize iminsi itatu bikarushaho nijoro. Nkora iki?",kinyarwanda,URGENT,chronic_care,kinyarwanda->kinyarwanda:URGENT:chronic_care,{REL} nta miti ya SIDA afite.,Nta miti ya SIDA mfite.
Mfite igisebe ku kirenge kidakira kandi mfite diyabete kuva hashize icyumweru kandi sinshobora gusinzira. Ntegereze cyangwa nsuzumwe ubu?,kinyarwanda,URGENT,chronic_care,kinyarwanda->kinyarwanda:URGENT:chronic_care,Mfite igisebe ku kirenge kidakira kandi mfite diyabete.,Mfite igisebe ku kirenge kidakira kandi mfite diyabete.
Ndashaka kukubwira ikibazo mfite. Ndatwite kandi nagagaye kuva ejo kandi nta miti mfite. Mfasha muganga.,kinyarwanda,CRITICAL,obstetric,kinyarwanda->kinyarwanda:CRITICAL:obstetric,Ndatwite kandi nagagaye.,Ndatwite kandi nagagaye.
"Muganga, umwana wanjye nta miti ya SIDA afite kuva ubu gitondo cya kare. Abandi bana na bo bafite iki kibazo. Mfasha muganga.",kinyarwanda,URGENT,chronic_care,kinyarwanda->kinyarwanda:URGENT:chronic_care,{REL} nta miti ya SIDA afite.,Nta miti ya SIDA mfite.
"Simbizi niba bikomeye ariko, mfite umuhaha kuva mu cyumweru gishize biragenda bikagaruka. Ntabasha kubona amafaranga yo kongera kuza kwa muganga.",kinyarwanda,URGENT,paediatric,kinyarwanda->kinyarwanda:URGENT:paediatric,Mfite umuhaha.,Mfite umuhaha.
Mfite igisebe ku kirenge kidakira kandi mfite diyabete kuva mu cyumweru gishize biragenda bikagaruka. Ntegereze cyangwa nsuzumwe ubu?,kinyarwanda,URGENT,chronic_care,kinyarwanda->kinyarwanda:URGENT:chronic_care,Mfite igisebe ku kirenge kidakira kandi mfite diyabete.,Mfite igisebe ku kirenge kidakira kandi mfite diyabete.
Ndashaka kukubwira ikibazo mfite. Umuturanyi wanjye yabyimbye ibirenge kandi ntashobora guhumeka neza iyo aragaramye kuva hashize icyumweru kandi birushaho kuba bibi. Urakoze.,kinyarwanda,URGENT,chronic_care,kinyarwanda->kinyarwanda:URGENT:chronic_care,{REL} yabyimbye ibirenge kandi ntashobora guhumeka neza iyo aragaramye.,Nabyimbye ibirenge kandi sinshobora guhumeka neza iyo ndagaramye.
"Nzanye umwana wanjye, papa arababara cyane mu nda kandi ububabare ntibuhagarara kuva hashize icyumweru. Byatangiye gitunguranye. Ese ibi birakomeye?",kinyarwanda,URGENT,gastrointestinal,kinyarwanda->kinyarwanda:URGENT:gastrointestinal,{REL} arababara cyane mu nda kandi ububabare ntibuhagarara.,Inda irandya cyane kandi ububabare ntibuhagarara.
Ndashaka kukubwira ikibazo mfite. Umwana wanjye arababara cyane mu nda kandi ububabare ntibuhagarara kuva ubu gitondo cya kare bikarushaho nijoro. Ni imiti ki nafata?,kinyarwanda,URGENT,gastrointestinal,kinyarwanda->kinyarwanda:URGENT:gastrointestinal,{REL} arababara cyane mu nda kandi ububabare ntibuhagarara.,Inda irandya cyane kandi ububabare ntibuhagarara.
"Nyabuneka, umuvuduko w'amaraso wanjye wazamutse cyane kandi umutwe urandya cyane kuva ejo. Abandi bana na bo bafite iki kibazo. Ntabasha kubona amafaranga yo kongera kuza kwa muganga.",kinyarwanda,URGENT,chronic_care,kinyarwanda->kinyarwanda:URGENT:chronic_care,Umuvuduko w'amaraso wanjye wazamutse cyane kandi umutwe urandya cyane.,Umuvuduko w'amaraso wanjye wazamutse cyane kandi umutwe urandya cyane.
"Muraho, umuturanyi wanjye afite impiswi zikomeye kandi yagize umwuma kuva ijoro ryashize nta miti imfasha. Naje mvuye kure.",kinyarwanda,CRITICAL,gastrointestinal,kinyarwanda->kinyarwanda:CRITICAL:gastrointestinal,{REL} afite impiswi zikomeye kandi yagize umwuma.,{REL} afite impiswi zikomeye kandi yagize umwuma.
"Simbizi niba bikomeye ariko, mfite igisebe ku kirenge kidakira kandi mfite diyabete kuva ejo kandi sinshobora gusinzira. Mfasha muganga.",kinyarwanda,URGENT,chronic_care,kinyarwanda->kinyarwanda:URGENT:chronic_care,Mfite igisebe ku kirenge kidakira kandi mfite diyabete.,Mfite igisebe ku kirenge kidakira kandi mfite diyabete.
Umugabo wanjye afite gahunda yo gukingiza umwana kuva mu gitondo biragenda bikagaruka. Ni imiti ki nafata?,kinyarwanda,ROUTINE,preventive,kinyarwanda->kinyarwanda:ROUTINE:preventive,{REL} afite gahunda yo gukingiza umwana.,Mfite gahunda yo gukingiza umwana.
"Muganga, mfite ikibazo ku mutwe kandi kirimo guterwa n'urumuri kuva hashize iminsi itatu nta miti imfasha. Ese ibi birakomeye?",kinyarwanda,URGENT,neurological,kinyarwanda->kinyarwanda:URGENT:neurological,Mfite ikibazo ku mutwe kandi kirimo guterwa n'urumuri.,Mfite ikibazo ku mutwe kandi kirimo guterwa n'urumuri.
"Simbizi niba bikomeye ariko, mushiki wanjye arababara cyane mu nda kandi ububabare ntibuhagarara kuva mu gitondo biragenda bikagaruka. Ese ibi birakomeye?",kinyarwanda,URGENT,gastrointestinal,kinyarwanda->kinyarwanda:URGENT:gastrointestinal,{REL} arababara cyane mu nda kandi ububabare ntibuhagarara.,Inda irandya cyane kandi ububabare ntibuhagarara.
Ndashaka kukubwira ikibazo mfite. Mfite ikibazo ku mutwe kandi kirimo guterwa n'urumuri kuva ejo biragenda bikagaruka. Naje mvuye kure.,kinyarwanda,URGENT,neurological,kinyarwanda->kinyarwanda:URGENT:neurological,Mfite ikibazo ku mutwe kandi kirimo guterwa n'urumuri.,Mfite ikibazo ku mutwe kandi kirimo guterwa n'urumuri.
"Mfasha vuba, mfite ikibazo ku mutwe kandi kirimo guterwa n'urumuri kuva hashize iminsi itatu kandi sinshobora gusinzira. Ni imiti ki nafata?",kinyarwanda,URGENT,neurological,kinyarwanda->kinyarwanda:URGENT:neurological,Mfite ikibazo ku mutwe kandi kirimo guterwa n'urumuri.,Mfite ikibazo ku mutwe kandi kirimo guterwa n'urumuri.
"Mumbabarire, ndashaka kubabwira ikibazo mfite. Mfite ikibazo ku mutwe kandi kirimo guterwa n'urumuri kuva mu gitondo kandi sinshobora gusinzira. Ndakeneye ubufasha vuba.",kinyarwanda,URGENT,neurological,kinyarwanda->kinyarwanda:URGENT:neurological,Mfite ikibazo ku mutwe kandi kirimo guterwa n'urumuri.,Mfite ikibazo ku mutwe kandi kirimo guterwa n'urumuri.
"Nzanye umwana wanjye, mama afite impiswi zikomeye kandi yagize umwuma kuva ubu gitondo cya kare nta miti imfasha",kinyarwanda,CRITICAL,gastrointestinal,kinyarwanda->kinyarwanda:CRITICAL:gastrointestinal,{REL} afite impiswi zikomeye kandi yagize umwuma.,{REL} afite impiswi zikomeye kandi yagize umwuma.
Ndashaka kukubwira ikibazo mfite. Mfite ikibazo ku mutwe kandi kirimo guterwa n'urumuri biragenda bikagaruka. Ntegereze cyangwa nsuzumwe ubu?,kinyarwanda,URGENT,neurological,kinyarwanda->kinyarwanda:URGENT:neurological,Mfite ikibazo ku mutwe kandi kirimo guterwa n'urumuri.,Mfite ikibazo ku mutwe kandi kirimo guterwa n'urumuri.
"Muraho, mu rugo hari umuntu urwaye igituntu kandi ndashaka kwisuzumisha kuva ijoro ryashize. Urakoze.",kinyarwanda,URGENT,preventive,kinyarwanda->kinyarwanda:URGENT:preventive,Mu rugo hari umuntu urwaye igituntu kandi ndashaka kwisuzumisha.,Mu rugo hari umuntu urwaye igituntu kandi ndashaka kwisuzumisha.
"Nzanye umwana wanjye, mfite igisebe ku kirenge kidakira kandi mfite diyabete kuva hashize icyumweru. Byatangiye gitunguranye.",kinyarwanda,URGENT,chronic_care,kinyarwanda->kinyarwanda:URGENT:chronic_care,Mfite igisebe ku kirenge kidakira kandi mfite diyabete.,Mfite igisebe ku kirenge kidakira kandi mfite diyabete.
"Nyabuneka, mu rugo hari umuntu urwaye igituntu kandi mushiki wanjye ashaka kwisuzumisha kuva hashize icyumweru biragenda bikagaruka. Murakoze.",kinyarwanda,URGENT,preventive,kinyarwanda->kinyarwanda:URGENT:preventive,Mu rugo hari umuntu urwaye igituntu kandi {REL} ashaka kwisuzumisha.,Mu rugo hari umuntu urwaye igituntu kandi ndashaka kwisuzumisha.
Ndashaka kukubwira ikibazo mfite. Mu rugo hari umuntu urwaye igituntu kandi ndashaka kwisuzumisha kuva hashize iminsi ibiri biragenda bikagaruka. Nkora iki?,kinyarwanda,URGENT,preventive,kinyarwanda->kinyarwanda:URGENT:preventive,Mu rugo hari umuntu urwaye igituntu kandi ndashaka kwisuzumisha.,Mu rugo hari umuntu urwaye igituntu kandi ndashaka kwisuzumisha.
"Mfasha vuba, mu rugo hari umuntu urwaye igituntu kandi umukecuru ashaka kwisuzumisha kuva ijoro ryashize nta miti imfasha. Naje mvuye kure.",kinyarwanda,URGENT,preventive,kinyarwanda->kinyarwanda:URGENT:preventive,Mu rugo hari umuntu urwaye igituntu kandi {REL} ashaka kwisuzumisha.,Mu rugo hari umuntu urwaye igituntu kandi ndashaka kwisuzumisha.
"Nzanye umwana wanjye, umuvuduko w'amaraso wanjye wazamutse cyane kandi umutwe urandya cyane kuva ubu gitondo cya kare kandi ndahangayitse. Urakoze.",kinyarwanda,URGENT,chronic_care,kinyarwanda->kinyarwanda:URGENT:chronic_care,Umuvuduko w'amaraso wanjye wazamutse cyane kandi umutwe urandya cyane.,Umuvuduko w'amaraso wanjye wazamutse cyane kandi umutwe urandya cyane.
"Muganga, ndatwite kandi nagagaye kuva ubu gitondo cya kare bikarushaho nijoro. Ntegereze cyangwa nsuzumwe ubu?",kinyarwanda,CRITICAL,obstetric,kinyarwanda->kinyarwanda:CRITICAL:obstetric,Ndatwite kandi nagagaye.,Ndatwite kandi nagagaye.
"Ndakeneye ubufasha, umuvuduko w'amaraso wanjye wazamutse cyane kandi umutwe urandya cyane kuva ijoro ryashize bikarushaho nijoro. Ndakeneye ubufasha vuba.",kinyarwanda,URGENT,chronic_care,kinyarwanda->kinyarwanda:URGENT:chronic_care,Umuvuduko w'amaraso wanjye wazamutse cyane kandi umutwe urandya cyane.,Umuvuduko w'amaraso wanjye wazamutse cyane kandi umutwe urandya cyane.
"Nzanye umwana wanjye, ndashaka kugirwa inama ku mazi yo kunywa kuva mu gitondo kandi ndahangayitse. Urakoze.",kinyarwanda,ROUTINE,preventive,kinyarwanda->kinyarwanda:ROUTINE:preventive,Ndashaka kugirwa inama ku mazi yo kunywa.,Ndashaka kugirwa inama ku mazi yo kunywa.
"Muraho, umwana wanjye afite ibimenyetso bya malariya, umuriro n'imbeho kuva hashize iminsi itatu bikarushaho nijoro",kinyarwanda,URGENT,infectious_fever,kinyarwanda->kinyarwanda:URGENT:infectious_fever,"{REL} afite ibimenyetso bya malariya, umuriro n'imbeho.","Mfite ibimenyetso bya malariya, umuriro n'imbeho."
"Mumbabarire, ndashaka kubabwira ikibazo mfite. Maze iminsi itatu ndwaye impiswi zikomeye kuva mu cyumweru gishize kandi nta miti mfite. Nkora iki?",kinyarwanda,URGENT,gastrointestinal,kinyarwanda->kinyarwanda:URGENT:gastrointestinal,maze iminsi itatu ndwaye impiswi zikomeye,maze iminsi itatu ndwaye impiswi zikomeye
"Muganga, umuturanyi wanjye afite impiswi zikomeye kandi yagize umwuma kuva hashize icyumweru kandi sinshobora gusinzira. Naje mvuye kure.",kinyarwanda,CRITICAL,gastrointestinal,kinyarwanda->kinyarwanda:CRITICAL:gastrointestinal,{REL} afite impiswi zikomeye kandi yagize umwuma.,{REL} afite impiswi zikomeye kandi yagize umwuma.
"Mumbabarire, ndashaka kubabwira ikibazo mfite. Umugabo wanjye arababara cyane mu nda kandi ububabare ntibuhagarara kuva hashize icyumweru bikarushaho nijoro",kinyarwanda,URGENT,gastrointestinal,kinyarwanda->kinyarwanda:URGENT:gastrointestinal,{REL} arababara cyane mu nda kandi ububabare ntibuhagarara.,Inda irandya cyane kandi ububabare ntibuhagarara.
"Nyabuneka, mfite igisebe ku kirenge kidakira kandi mfite diyabete kuva mu gitondo. Ni imiti ki nafata?",kinyarwanda,URGENT,chronic_care,kinyarwanda->kinyarwanda:URGENT:chronic_care,Mfite igisebe ku kirenge kidakira kandi mfite diyabete.,Mfite igisebe ku kirenge kidakira kandi mfite diyabete.
"Muganga, maze umunsi wose mbabara ngerageza kubyara ariko umwana ntarasohoka kuva ubu gitondo cya kare kandi ndahangayitse. Ese ibi birakomeye?",kinyarwanda,CRITICAL,obstetric,kinyarwanda->kinyarwanda:CRITICAL:obstetric,Maze umunsi wose mbabara ngerageza kubyara ariko umwana ntarasohoka.,Maze umunsi wose mbabara ngerageza kubyara ariko umwana ntarasohoka.
"Nyabuneka, mfite umuhaha kuva hashize icyumweru. Ntegereze cyangwa nsuzumwe ubu?",kinyarwanda,URGENT,paediatric,kinyarwanda->kinyarwanda:URGENT:paediatric,Mfite umuhaha.,Mfite umuhaha.
"Muraho, umugabo wanjye nta miti ya SIDA afite kuva ijoro ryashize. Mfasha muganga.",kinyarwanda,URGENT,chronic_care,kinyarwanda->kinyarwanda:URGENT:chronic_care,{REL} nta miti ya SIDA afite.,Nta miti ya SIDA mfite.
"Ndakeneye ubufasha, mfite umuhaha kuva hashize icyumweru. Byatangiye gitunguranye. Ntabasha kubona amafaranga yo kongera kuza kwa muganga.",kinyarwanda,URGENT,paediatric,kinyarwanda->kinyarwanda:URGENT:paediatric,Mfite umuhaha.,Mfite umuhaha.
"Muganga, ndashaka kugirwa inama ku mazi yo kunywa kandi birushaho kuba bibi. Ntegereze cyangwa nsuzumwe ubu?",kinyarwanda,ROUTINE,preventive,kinyarwanda->kinyarwanda:ROUTINE:preventive,Ndashaka kugirwa inama ku mazi yo kunywa.,Ndashaka kugirwa inama ku mazi yo kunywa.
"Nyabuneka, papa arababara cyane mu nda kandi ububabare ntibuhagarara kuva mu masaha abiri ashize biragenda bikagaruka. Urakoze.",kinyarwanda,URGENT,gastrointestinal,kinyarwanda->kinyarwanda:URGENT:gastrointestinal,{REL} arababara cyane mu nda kandi ububabare ntibuhagarara.,Inda irandya cyane kandi ububabare ntibuhagarara.
"Nzanye umwana wanjye, ndatwite kandi nagagaye kuva mu masaha abiri ashize. Ese ibi birakomeye?",kinyarwanda,CRITICAL,obstetric,kinyarwanda->kinyarwanda:CRITICAL:obstetric,Ndatwite kandi nagagaye.,Ndatwite kandi nagagaye.
"Nzanye umwana wanjye, mushiki wanjye afite impiswi zikomeye kandi yagize umwuma bikarushaho nijoro. Ntegereze cyangwa nsuzumwe ubu?",kinyarwanda,CRITICAL,gastrointestinal,kinyarwanda->kinyarwanda:CRITICAL:gastrointestinal,{REL} afite impiswi zikomeye kandi yagize umwuma.,{REL} afite impiswi zikomeye kandi yagize umwuma.
"Ndakeneye ubufasha, iyo umwana wanjye ahumetse cyane, arumva mu gituza hamubabaza kuva hashize iminsi ibiri kandi ndahangayitse. Mfasha muganga.",kinyarwanda,URGENT,cardiac_respiratory,kinyarwanda->kinyarwanda:URGENT:cardiac_respiratory,"Iyo {REL} ahumetse cyane, arumva mu gituza hamubabaza.","Iyo {REL} ahumetse cyane, arumva mu gituza hamubabaza."
"Mumbabarire, ndashaka kubabwira ikibazo mfite. Umugabo wanjye afite gahunda yo gukingiza umwana kuva ejo bikarushaho nijoro. Ese ibi birakomeye?",kinyarwanda,ROUTINE,preventive,kinyarwanda->kinyarwanda:ROUTINE:preventive,{REL} afite gahunda yo gukingiza umwana.,Mfite gahunda yo gukingiza umwana.
"Mumbabarire, ndashaka kubabwira ikibazo mfite. Mama yabyimbye ibirenge kandi ntashobora guhumeka neza iyo aragaramye nta miti imfasha",kinyarwanda,URGENT,chronic_care,kinyarwanda->kinyarwanda:URGENT:chronic_care,{REL} yabyimbye ibirenge kandi ntashobora guhumeka neza iyo aragaramye.,Nabyimbye ibirenge kandi sinshobora guhumeka neza iyo ndagaramye.
"Nzanye umwana wanjye, mfite igisebe ku kirenge kidakira kandi mfite diyabete kuva mu gitondo kandi nta miti mfite. Murakoze.",kinyarwanda,URGENT,chronic_care,kinyarwanda->kinyarwanda:URGENT:chronic_care,Mfite igisebe ku kirenge kidakira kandi mfite diyabete.,Mfite igisebe ku kirenge kidakira kandi mfite diyabete.
"Nyabuneka, umugore wanjye afite igisebe ku kirenge kidakira kandi afite diyabete kuva hashize icyumweru kandi birushaho kuba bibi. Mfasha muganga.",kinyarwanda,URGENT,chronic_care,kinyarwanda->kinyarwanda:URGENT:chronic_care,{REL} afite igisebe ku kirenge kidakira kandi afite diyabete.,Mfite igisebe ku kirenge kidakira kandi mfite diyabete.
"Mfasha, ndatwite kandi nagagaye kuva mu gitondo kandi ndahangayitse. Ndakeneye ubufasha vuba.",kinyarwanda,CRITICAL,obstetric,kinyarwanda->kinyarwanda:CRITICAL:obstetric,Ndatwite kandi nagagaye.,Ndatwite kandi nagagaye.
"Naje hano mbere, mama nta miti ya SIDA afite kuva mu cyumweru gishize kandi nta miti mfite",kinyarwanda,URGENT,chronic_care,kinyarwanda->kinyarwanda:URGENT:chronic_care,{REL} nta miti ya SIDA afite.,Nta miti ya SIDA mfite.
"Mfasha, umugabo wanjye afite gahunda yo gukingiza umwana kuva ijoro ryashize nta miti imfasha. Ntegereze cyangwa nsuzumwe ubu?",kinyarwanda,ROUTINE,preventive,kinyarwanda->kinyarwanda:ROUTINE:preventive,{REL} afite gahunda yo gukingiza umwana.,Mfite gahunda yo gukingiza umwana.
"Simbizi niba bikomeye ariko, mfite ikibazo ku mutwe kandi kirimo guterwa n'urumuri kuva hashize iminsi itatu kandi ndahangayitse. Ntabasha kubona amafaranga yo kongera kuza kwa muganga.",kinyarwanda,URGENT,neurological,kinyarwanda->kinyarwanda:URGENT:neurological,Mfite ikibazo ku mutwe kandi kirimo guterwa n'urumuri.,Mfite ikibazo ku mutwe kandi kirimo guterwa n'urumuri.
"Iyo umugabo wanjye ahumetse cyane, arumva mu gituza hamubabaza kandi nta miti mfite. Ese ibi birakomeye?",kinyarwanda,URGENT,cardiac_respiratory,kinyarwanda->kinyarwanda:URGENT:cardiac_respiratory,"Iyo {REL} ahumetse cyane, arumva mu gituza hamubabaza.","Iyo {REL} ahumetse cyane, arumva mu gituza hamubabaza."
"Muganga, iyo umugabo wanjye ahumetse cyane, arumva mu gituza hamubabaza kuva ejo biragenda bikagaruka. Ntegereze cyangwa nsuzumwe ubu?",kinyarwanda,URGENT,cardiac_respiratory,kinyarwanda->kinyarwanda:URGENT:cardiac_respiratory,"Iyo {REL} ahumetse cyane, arumva mu gituza hamubabaza.","Iyo {REL} ahumetse cyane, arumva mu gituza hamubabaza."
"Ndakeneye ubufasha, iyo umugabo wanjye ahumetse cyane, arumva mu gituza hamubabaza kuva hashize iminsi itatu. Byatangiye gitunguranye.",kinyarwanda,URGENT,cardiac_respiratory,kinyarwanda->kinyarwanda:URGENT:cardiac_respiratory,"Iyo {REL} ahumetse cyane, arumva mu gituza hamubabaza.","Iyo {REL} ahumetse cyane, arumva mu gituza hamubabaza."
"Muraho, papa afite impiswi zikomeye kandi yagize umwuma kuva ejo kandi birushaho kuba bibi. Ese ibi birakomeye?",kinyarwanda,CRITICAL,gastrointestinal,kinyarwanda->kinyarwanda:CRITICAL:gastrointestinal,{REL} afite impiswi zikomeye kandi yagize umwuma.,{REL} afite impiswi zikomeye kandi yagize umwuma.
"Simbizi niba bikomeye ariko, mama ari kubyara ariko umugozi w'umwana wabanje gusohoka kuva ijoro ryashize kandi sinshobora gusinzira. Ntegereze cyangwa nsuzumwe ubu?",kinyarwanda,CRITICAL,obstetric,kinyarwanda->kinyarwanda:CRITICAL:obstetric,{REL} ari kubyara ariko umugozi w'umwana wabanje gusohoka.,Ndabyara ariko habanje gusohoka umugozi w'umwana.
"Nyabuneka, papa nta miti ya SIDA afite kuva mu gitondo. Abandi bana na bo bafite iki kibazo. Urakoze.",kinyarwanda,URGENT,chronic_care,kinyarwanda->kinyarwanda:URGENT:chronic_care,{REL} nta miti ya SIDA afite.,Nta miti ya SIDA mfite.
Maze umunsi wose mbabara ngerageza kubyara ariko umwana ntarasohoka kuva ijoro ryashize biragenda bikagaruka,kinyarwanda,CRITICAL,obstetric,kinyarwanda->kinyarwanda:CRITICAL:obstetric,Maze umunsi wose mbabara ngerageza kubyara ariko umwana ntarasohoka.,Maze umunsi wose mbabara ngerageza kubyara ariko umwana ntarasohoka.
"Mumbabarire, ndashaka kubabwira ikibazo mfite. Mfite umuhaha kuva ijoro ryashize. Byatangiye gitunguranye. Ese ibi birakomeye?",kinyarwanda,URGENT,paediatric,kinyarwanda->kinyarwanda:URGENT:paediatric,Mfite umuhaha.,Mfite umuhaha.
"Nyabuneka, mfite igisebe ku kirenge kidakira kandi mfite diyabete kuva hashize iminsi itatu nta miti imfasha. Ndakeneye ubufasha vuba.",kinyarwanda,URGENT,chronic_care,kinyarwanda->kinyarwanda:URGENT:chronic_care,Mfite igisebe ku kirenge kidakira kandi mfite diyabete.,Mfite igisebe ku kirenge kidakira kandi mfite diyabete.
"Mfasha vuba, mushiki wanjye afite ibimenyetso bya malariya, umuriro n'imbeho kuva mu masaha abiri ashize kandi sinshobora gusinzira. Ntegereze cyangwa nsuzumwe ubu?",kinyarwanda,URGENT,infectious_fever,kinyarwanda->kinyarwanda:URGENT:infectious_fever,"{REL} afite ibimenyetso bya malariya, umuriro n'imbeho.","Mfite ibimenyetso bya malariya, umuriro n'imbeho."
"Mfasha vuba, umwana wanjye arababara cyane mu nda kandi ububabare ntibuhagarara kuva mu masaha abiri ashize kandi sinshobora gusinzira. Naje mvuye kure.",kinyarwanda,URGENT,gastrointestinal,kinyarwanda->kinyarwanda:URGENT:gastrointestinal,{REL} arababara cyane mu nda kandi ububabare ntibuhagarara.,Inda irandya cyane kandi ububabare ntibuhagarara.
"Mfasha, maze iminsi itatu ndwaye impiswi zikomeye kuva hashize iminsi itatu kandi sinshobora gusinzira. Murakoze.",kinyarwanda,URGENT,gastrointestinal,kinyarwanda->kinyarwanda:URGENT:gastrointestinal,maze iminsi itatu ndwaye impiswi zikomeye,maze iminsi itatu ndwaye impiswi zikomeye
"Nzanye umwana wanjye, mushiki wanjye ari kubyara ariko umugozi w'umwana wabanje gusohoka kuva ubu gitondo cya kare kandi sinshobora gusinzira",kinyarwanda,CRITICAL,obstetric,kinyarwanda->kinyarwanda:CRITICAL:obstetric,{REL} ari kubyara ariko umugozi w'umwana wabanje gusohoka.,Ndabyara ariko habanje gusohoka umugozi w'umwana.
"Nzanye umwana wanjye, maze iminsi itatu ndwaye impiswi zikomeye kuva ubu gitondo cya kare nta miti imfasha. Ntabasha kubona amafaranga yo kongera kuza kwa muganga.",kinyarwanda,URGENT,gastrointestinal,kinyarwanda->kinyarwanda:URGENT:gastrointestinal,maze iminsi itatu ndwaye impiswi zikomeye,maze iminsi itatu ndwaye impiswi zikomeye
Maze umunsi wose mbabara ngerageza kubyara ariko umwana ntarasohoka kuva ijoro ryashize kandi nta miti mfite. Naje mvuye kure.,kinyarwanda,CRITICAL,obstetric,kinyarwanda->kinyarwanda:CRITICAL:obstetric,Maze umunsi wose mbabara ngerageza kubyara ariko umwana ntarasohoka.,Maze umunsi wose mbabara ngerageza kubyara ariko umwana ntarasohoka.
"Mumbabarire, ndashaka kubabwira ikibazo mfite. Umugabo wanjye ahumeka bimugora cyane kandi iminwa ye yahindutse ibara kuva hashize icyumweru kandi nta miti mfite",kinyarwanda,CRITICAL,cardiac_respiratory,kinyarwanda->kinyarwanda:CRITICAL:cardiac_respiratory,{REL} ahumeka bimugora cyane kandi iminwa ye yahindutse ibara.,guhumeka birangora cyane kandi iminwa yanjye yahindutse ibara
"Muganga, mama arababara cyane mu nda kandi ububabare ntibuhagarara kandi birushaho kuba bibi. Ndakeneye ubufasha vuba.",kinyarwanda,URGENT,gastrointestinal,kinyarwanda->kinyarwanda:URGENT:gastrointestinal,{REL} arababara cyane mu nda kandi ububabare ntibuhagarara.,Inda irandya cyane kandi ububabare ntibuhagarara.
"Muganga, mu rugo hari umuntu urwaye igituntu kandi umwana wanjye ashaka kwisuzumisha kuva ijoro ryashize. Nkora iki?",kinyarwanda,URGENT,preventive,kinyarwanda->kinyarwanda:URGENT:preventive,Mu rugo hari umuntu urwaye igituntu kandi {REL} ashaka kwisuzumisha.,Mu rugo hari umuntu urwaye igituntu kandi ndashaka kwisuzumisha.
"Simbizi niba bikomeye ariko, papa afite gahunda yo gukingiza umwana kuva mu cyumweru gishize bikarushaho nijoro. Ndakeneye ubufasha vuba.",kinyarwanda,ROUTINE,preventive,kinyarwanda->kinyarwanda:ROUTINE:preventive,{REL} afite gahunda yo gukingiza umwana.,Mfite gahunda yo gukingiza umwana.
"Muganga, mfite ikibazo ku mutwe kandi kirimo guterwa n'urumuri kuva hashize iminsi itatu biragenda bikagaruka. Ntegereze cyangwa nsuzumwe ubu?",kinyarwanda,URGENT,neurological,kinyarwanda->kinyarwanda:URGENT:neurological,Mfite ikibazo ku mutwe kandi kirimo guterwa n'urumuri.,Mfite ikibazo ku mutwe kandi kirimo guterwa n'urumuri.
"Mfasha vuba, mu rugo hari umuntu urwaye igituntu kandi umwana wanjye ashaka kwisuzumisha kandi ndahangayitse. Ndakeneye ubufasha vuba.",kinyarwanda,URGENT,preventive,kinyarwanda->kinyarwanda:URGENT:preventive,Mu rugo hari umuntu urwaye igituntu kandi {REL} ashaka kwisuzumisha.,Mu rugo hari umuntu urwaye igituntu kandi ndashaka kwisuzumisha.
"Simbizi niba bikomeye ariko, mfite ikibazo ku mutwe kandi kirimo guterwa n'urumuri kuva ijoro ryashize nta miti imfasha. Urakoze.",kinyarwanda,URGENT,neurological,kinyarwanda->kinyarwanda:URGENT:neurological,Mfite ikibazo ku mutwe kandi kirimo guterwa n'urumuri.,Mfite ikibazo ku mutwe kandi kirimo guterwa n'urumuri.
"Nyabuneka, umukecuru afite ibimenyetso bya malariya, umuriro n'imbeho kandi nta miti mfite. Murakoze.",kinyarwanda,URGENT,infectious_fever,kinyarwanda->kinyarwanda:URGENT:infectious_fever,"{REL} afite ibimenyetso bya malariya, umuriro n'imbeho.","Mfite ibimenyetso bya malariya, umuriro n'imbeho."
Maze umunsi wose mbabara ngerageza kubyara ariko umwana ntarasohoka kuva hashize iminsi ibiri biragenda bikagaruka. Ntegereze cyangwa nsuzumwe ubu?,kinyarwanda,CRITICAL,obstetric,kinyarwanda->kinyarwanda:CRITICAL:obstetric,Maze umunsi wose mbabara ngerageza kubyara ariko umwana ntarasohoka.,Maze umunsi wose mbabara ngerageza kubyara ariko umwana ntarasohoka.
"Nyabuneka, maze umunsi wose mbabara ngerageza kubyara ariko umwana ntarasohoka kuva mu masaha abiri ashize. Abandi bana na bo bafite iki kibazo. Ndakeneye ubufasha vuba.",kinyarwanda,CRITICAL,obstetric,kinyarwanda->kinyarwanda:CRITICAL:obstetric,Maze umunsi wose mbabara ngerageza kubyara ariko umwana ntarasohoka.,Maze umunsi wose mbabara ngerageza kubyara ariko umwana ntarasohoka.
"Mfasha vuba, mfite igisebe ku kirenge kidakira kandi mfite diyabete kuva ijoro ryashize kandi sinshobora gusinzira. Urakoze.",kinyarwanda,URGENT,chronic_care,kinyarwanda->kinyarwanda:URGENT:chronic_care,Mfite igisebe ku kirenge kidakira kandi mfite diyabete.,Mfite igisebe ku kirenge kidakira kandi mfite diyabete.
"Nzanye umwana wanjye, ndatwite kandi nagagaye. Byatangiye gitunguranye. Nkora iki?",kinyarwanda,CRITICAL,obstetric,kinyarwanda->kinyarwanda:CRITICAL:obstetric,Ndatwite kandi nagagaye.,Ndatwite kandi nagagaye.
Mfite ikibazo ku mutwe kandi kirimo guterwa n'urumuri kuva mu gitondo. Byatangiye gitunguranye. Murakoze.,kinyarwanda,URGENT,neurological,kinyarwanda->kinyarwanda:URGENT:neurological,Mfite ikibazo ku mutwe kandi kirimo guterwa n'urumuri.,Mfite ikibazo ku mutwe kandi kirimo guterwa n'urumuri.
"Mfasha, mushiki wanjye nta miti ya SIDA afite kuva mu gitondo. Ntegereze cyangwa nsuzumwe ubu?",kinyarwanda,URGENT,chronic_care,kinyarwanda->kinyarwanda:URGENT:chronic_care,{REL} nta miti ya SIDA afite.,Nta miti ya SIDA mfite.
"Mfasha vuba, mu rugo hari umuntu urwaye igituntu kandi umuturanyi wanjye ashaka kwisuzumisha kuva hashize icyumweru kandi sinshobora gusinzira. Ndakeneye ubufasha vuba.",kinyarwanda,URGENT,preventive,kinyarwanda->kinyarwanda:URGENT:preventive,Mu rugo hari umuntu urwaye igituntu kandi {REL} ashaka kwisuzumisha.,Mu rugo hari umuntu urwaye igituntu kandi ndashaka kwisuzumisha.
"Muraho, umugabo wanjye nta miti ya SIDA afite kuva mu masaha abiri ashize biragenda bikagaruka. Nkora iki?",kinyarwanda,URGENT,chronic_care,kinyarwanda->kinyarwanda:URGENT:chronic_care,{REL} nta miti ya SIDA afite.,Nta miti ya SIDA mfite.
"Mfasha vuba, maze umunsi wose mbabara ngerageza kubyara ariko umwana ntarasohoka kuva ubu gitondo cya kare biragenda bikagaruka. Mfasha muganga.",kinyarwanda,CRITICAL,obstetric,kinyarwanda->kinyarwanda:CRITICAL:obstetric,Maze umunsi wose mbabara ngerageza kubyara ariko umwana ntarasohoka.,Maze umunsi wose mbabara ngerageza kubyara ariko umwana ntarasohoka.
"Muganga, ndatwite kandi nagagaye bikarushaho nijoro",kinyarwanda,CRITICAL,obstetric,kinyarwanda->kinyarwanda:CRITICAL:obstetric,Ndatwite kandi nagagaye.,Ndatwite kandi nagagaye.
"Nyabuneka, maze umunsi wose mbabara ngerageza kubyara ariko umwana ntarasohoka kuva hashize iminsi itatu kandi ndahangayitse. Ndakeneye ubufasha vuba.",kinyarwanda,CRITICAL,obstetric,kinyarwanda->kinyarwanda:CRITICAL:obstetric,Maze umunsi wose mbabara ngerageza kubyara ariko umwana ntarasohoka.,Maze umunsi wose mbabara ngerageza kubyara ariko umwana ntarasohoka.
"Nyabuneka, ndashaka kugirwa inama ku mazi yo kunywa kuva hashize iminsi itatu kandi nta miti mfite. Ni imiti ki nafata?",kinyarwanda,ROUTINE,preventive,kinyarwanda->kinyarwanda:ROUTINE:preventive,Ndashaka kugirwa inama ku mazi yo kunywa.,Ndashaka kugirwa inama ku mazi yo kunywa.
"Mfasha, ndashaka kugirwa inama ku mazi yo kunywa bikarushaho nijoro. Ntabasha kubona amafaranga yo kongera kuza kwa muganga.",kinyarwanda,ROUTINE,preventive,kinyarwanda->kinyarwanda:ROUTINE:preventive,Ndashaka kugirwa inama ku mazi yo kunywa.,Ndashaka kugirwa inama ku mazi yo kunywa.
"Ndakeneye ubufasha, umuturanyi wanjye ari kubyara ariko umugozi w'umwana wabanje gusohoka kandi birushaho kuba bibi. Ese ibi birakomeye?",kinyarwanda,CRITICAL,obstetric,kinyarwanda->kinyarwanda:CRITICAL:obstetric,{REL} ari kubyara ariko umugozi w'umwana wabanje gusohoka.,Ndabyara ariko habanje gusohoka umugozi w'umwana.
"Nyabuneka, mama nta miti ya SIDA afite biragenda bikagaruka. Urakoze.",kinyarwanda,URGENT,chronic_care,kinyarwanda->kinyarwanda:URGENT:chronic_care,{REL} nta miti ya SIDA afite.,Nta miti ya SIDA mfite.
Ndashaka kukubwira ikibazo mfite. Umugabo wanjye afite impiswi zikomeye kandi yagize umwuma kuva ubu gitondo cya kare kandi sinshobora gusinzira. Ndakeneye ubufasha vuba.,kinyarwanda,CRITICAL,gastrointestinal,kinyarwanda->kinyarwanda:CRITICAL:gastrointestinal,{REL} afite impiswi zikomeye kandi yagize umwuma.,{REL} afite impiswi zikomeye kandi yagize umwuma.
"Nzanye umwana wanjye, mama yabyimbye ibirenge kandi ntashobora guhumeka neza iyo aragaramye kuva hashize iminsi ibiri. Abandi bana na bo bafite iki kibazo. Naje mvuye kure.",kinyarwanda,URGENT,chronic_care,kinyarwanda->kinyarwanda:URGENT:chronic_care,{REL} yabyimbye ibirenge kandi ntashobora guhumeka neza iyo aragaramye.,Nabyimbye ibirenge kandi sinshobora guhumeka neza iyo ndagaramye.
"Simbizi niba bikomeye ariko, umugabo wanjye ahumeka bimugora cyane kandi iminwa ye yahindutse ibara kuva ubu gitondo cya kare biragenda bikagaruka. Ntabasha kubona amafaranga yo kongera kuza kwa muganga.",kinyarwanda,CRITICAL,cardiac_respiratory,kinyarwanda->kinyarwanda:CRITICAL:cardiac_respiratory,{REL} ahumeka bimugora cyane kandi iminwa ye yahindutse ibara.,guhumeka birangora cyane kandi iminwa yanjye yahindutse ibara
"Mumbabarire, ndashaka kubabwira ikibazo mfite. Maze umunsi wose mbabara ngerageza kubyara ariko umwana ntarasohoka kuva ijoro ryashize. Mfasha muganga.",kinyarwanda,CRITICAL,obstetric,kinyarwanda->kinyarwanda:CRITICAL:obstetric,Maze umunsi wose mbabara ngerageza kubyara ariko umwana ntarasohoka.,Maze umunsi wose mbabara ngerageza kubyara ariko umwana ntarasohoka.
"Muraho, iyo umugabo wanjye ahumetse cyane, arumva mu gituza hamubabaza kuva ijoro ryashize kandi ndahangayitse",kinyarwanda,URGENT,cardiac_respiratory,kinyarwanda->kinyarwanda:URGENT:cardiac_respiratory,"Iyo {REL} ahumetse cyane, arumva mu gituza hamubabaza.","Iyo {REL} ahumetse cyane, arumva mu gituza hamubabaza."
"Simbizi niba bikomeye ariko, ndatwite kandi nagagaye kuva mu gitondo. Abandi bana na bo bafite iki kibazo. Nkora iki?",kinyarwanda,CRITICAL,obstetric,kinyarwanda->kinyarwanda:CRITICAL:obstetric,Ndatwite kandi nagagaye.,Ndatwite kandi nagagaye.
"Naje hano mbere, maze iminsi itatu ndwaye impiswi zikomeye kuva hashize iminsi itatu bikarushaho nijoro. Ntegereze cyangwa nsuzumwe ubu?",kinyarwanda,URGENT,gastrointestinal,kinyarwanda->kinyarwanda:URGENT:gastrointestinal,maze iminsi itatu ndwaye impiswi zikomeye,maze iminsi itatu ndwaye impiswi zikomeye
"Naje hano mbere, maze iminsi itatu ndwaye impiswi zikomeye kuva ijoro ryashize kandi nta miti mfite. Ni imiti ki nafata?",kinyarwanda,URGENT,gastrointestinal,kinyarwanda->kinyarwanda:URGENT:gastrointestinal,maze iminsi itatu ndwaye impiswi zikomeye,maze iminsi itatu ndwaye impiswi zikomeye
"Simbizi niba bikomeye ariko, mushiki wanjye afite ibimenyetso bya malariya, umuriro n'imbeho kuva hashize iminsi itatu biragenda bikagaruka. Mfasha muganga.",kinyarwanda,URGENT,infectious_fever,kinyarwanda->kinyarwanda:URGENT:infectious_fever,"{REL} afite ibimenyetso bya malariya, umuriro n'imbeho.","Mfite ibimenyetso bya malariya, umuriro n'imbeho."
"Nyabuneka, ndashaka kugirwa inama ku mazi yo kunywa kuva mu cyumweru gishize. Ntegereze cyangwa nsuzumwe ubu?",kinyarwanda,ROUTINE,preventive,kinyarwanda->kinyarwanda:ROUTINE:preventive,Ndashaka kugirwa inama ku mazi yo kunywa.,Ndashaka kugirwa inama ku mazi yo kunywa.
"Muganga, maze umunsi wose mbabara ngerageza kubyara ariko umwana ntarasohoka kuva hashize iminsi itatu kandi sinshobora gusinzira. Ese ibi birakomeye?",kinyarwanda,CRITICAL,obstetric,kinyarwanda->kinyarwanda:CRITICAL:obstetric,Maze umunsi wose mbabara ngerageza kubyara ariko umwana ntarasohoka.,Maze umunsi wose mbabara ngerageza kubyara ariko umwana ntarasohoka.
"Ndakeneye ubufasha, maze umunsi wose mbabara ngerageza kubyara ariko umwana ntarasohoka kuva hashize iminsi itatu kandi sinshobora gusinzira",kinyarwanda,CRITICAL,obstetric,kinyarwanda->kinyarwanda:CRITICAL:obstetric,Maze umunsi wose mbabara ngerageza kubyara ariko umwana ntarasohoka.,Maze umunsi wose mbabara ngerageza kubyara ariko umwana ntarasohoka.
"Muganga, iyo umukecuru ahumetse cyane, arumva mu gituza hamubabaza kuva hashize iminsi ibiri kandi birushaho kuba bibi. Nkora iki?",kinyarwanda,URGENT,cardiac_respiratory,kinyarwanda->kinyarwanda:URGENT:cardiac_respiratory,"Iyo {REL} ahumetse cyane, arumva mu gituza hamubabaza.","Iyo {REL} ahumetse cyane, arumva mu gituza hamubabaza."
"Muraho, umuvuduko w'amaraso wanjye wazamutse cyane kandi umutwe urandya cyane kuva hashize iminsi ibiri biragenda bikagaruka. Ndakeneye ubufasha vuba.",kinyarwanda,URGENT,chronic_care,kinyarwanda->kinyarwanda:URGENT:chronic_care,Umuvuduko w'amaraso wanjye wazamutse cyane kandi umutwe urandya cyane.,Umuvuduko w'amaraso wanjye wazamutse cyane kandi umutwe urandya cyane.
"Mumbabarire, ndashaka kubabwira ikibazo mfite. Mfite umuhaha kuva mu gitondo kandi ndahangayitse. Murakoze.",kinyarwanda,URGENT,paediatric,kinyarwanda->kinyarwanda:URGENT:paediatric,Mfite umuhaha.,Mfite umuhaha.
"Nzanye umwana wanjye, mu rugo hari umuntu urwaye igituntu kandi umugabo wanjye ashaka kwisuzumisha kandi ndahangayitse. Naje mvuye kure.",kinyarwanda,URGENT,preventive,kinyarwanda->kinyarwanda:URGENT:preventive,Mu rugo hari umuntu urwaye igituntu kandi {REL} ashaka kwisuzumisha.,Mu rugo hari umuntu urwaye igituntu kandi ndashaka kwisuzumisha.
"Nzanye umwana wanjye, mushiki wanjye ahumeka bimugora cyane kandi iminwa ye yahindutse ibara kuva mu masaha abiri ashize kandi sinshobora gusinzira. Ndakeneye ubufasha vuba.",kinyarwanda,CRITICAL,cardiac_respiratory,kinyarwanda->kinyarwanda:CRITICAL:cardiac_respiratory,{REL} ahumeka bimugora cyane kandi iminwa ye yahindutse ibara.,guhumeka birangora cyane kandi iminwa yanjye yahindutse ibara
"Mfasha vuba, ndatwite kandi nagagaye kuva ejo. Ndakeneye ubufasha vuba.",kinyarwanda,CRITICAL,obstetric,kinyarwanda->kinyarwanda:CRITICAL:obstetric,Ndatwite kandi nagagaye.,Ndatwite kandi nagagaye.
"Naje hano mbere, mfite igisebe ku kirenge kidakira kandi mfite diyabete biragenda bikagaruka",kinyarwanda,URGENT,chronic_care,kinyarwanda->kinyarwanda:URGENT:chronic_care,Mfite igisebe ku kirenge kidakira kandi mfite diyabete.,Mfite igisebe ku kirenge kidakira kandi mfite diyabete.
"Muraho, ndatwite kandi nagagaye kuva hashize iminsi itatu. Mfasha muganga.",kinyarwanda,CRITICAL,obstetric,kinyarwanda->kinyarwanda:CRITICAL:obstetric,Ndatwite kandi nagagaye.,Ndatwite kandi nagagaye.
"Mfasha, maze umunsi wose mbabara ngerageza kubyara ariko umwana ntarasohoka kuva ubu gitondo cya kare. Ntabasha kubona amafaranga yo kongera kuza kwa muganga.",kinyarwanda,CRITICAL,obstetric,kinyarwanda->kinyarwanda:CRITICAL:obstetric,Maze umunsi wose mbabara ngerageza kubyara ariko umwana ntarasohoka.,Maze umunsi wose mbabara ngerageza kubyara ariko umwana ntarasohoka.
"Muraho, mfite igisebe ku kirenge kidakira kandi mfite diyabete kuva mu masaha abiri ashize. Abandi bana na bo bafite iki kibazo. Ntegereze cyangwa nsuzumwe ubu?",kinyarwanda,URGENT,chronic_care,kinyarwanda->kinyarwanda:URGENT:chronic_care,Mfite igisebe ku kirenge kidakira kandi mfite diyabete.,Mfite igisebe ku kirenge kidakira kandi mfite diyabete.
"Muganga, iyo umwana wanjye ahumetse cyane, arumva mu gituza hamubabaza kuva ijoro ryashize kandi ndahangayitse. Ntabasha kubona amafaranga yo kongera kuza kwa muganga.",kinyarwanda,URGENT,cardiac_respiratory,kinyarwanda->kinyarwanda:URGENT:cardiac_respiratory,"Iyo {REL} ahumetse cyane, arumva mu gituza hamubabaza.","Iyo {REL} ahumetse cyane, arumva mu gituza hamubabaza."
"Nyabuneka, mama ari kubyara ariko umugozi w'umwana wabanje gusohoka kuva hashize iminsi itatu kandi nta miti mfite. Ntegereze cyangwa nsuzumwe ubu?",kinyarwanda,CRITICAL,obstetric,kinyarwanda->kinyarwanda:CRITICAL:obstetric,{REL} ari kubyara ariko umugozi w'umwana wabanje gusohoka.,Ndabyara ariko habanje gusohoka umugozi w'umwana.
"Mumbabarire, ndashaka kubabwira ikibazo mfite. Mu rugo hari umuntu urwaye igituntu kandi ndashaka kwisuzumisha kuva mu masaha abiri ashize nta miti imfasha. Nkora iki?",kinyarwanda,URGENT,preventive,kinyarwanda->kinyarwanda:URGENT:preventive,Mu rugo hari umuntu urwaye igituntu kandi ndashaka kwisuzumisha.,Mu rugo hari umuntu urwaye igituntu kandi ndashaka kwisuzumisha.
"Muganga, umugore wanjye ari kubyara ariko umugozi w'umwana wabanje gusohoka kuva ejo kandi ndahangayitse",kinyarwanda,CRITICAL,obstetric,kinyarwanda->kinyarwanda:CRITICAL:obstetric,{REL} ari kubyara ariko umugozi w'umwana wabanje gusohoka.,Ndabyara ariko habanje gusohoka umugozi w'umwana.
"Naje hano mbere, papa arababara cyane mu nda kandi ububabare ntibuhagarara kuva mu cyumweru gishize. Abandi bana na bo bafite iki kibazo. Urakoze.",kinyarwanda,URGENT,gastrointestinal,kinyarwanda->kinyarwanda:URGENT:gastrointestinal,{REL} arababara cyane mu nda kandi ububabare ntibuhagarara.,Inda irandya cyane kandi ububabare ntibuhagarara.
"Mfasha vuba, iyo umuturanyi wanjye ahumetse cyane, arumva mu gituza hamubabaza kuva ejo kandi sinshobora gusinzira",kinyarwanda,URGENT,cardiac_respiratory,kinyarwanda->kinyarwanda:URGENT:cardiac_respiratory,"Iyo {REL} ahumetse cyane, arumva mu gituza hamubabaza.","Iyo {REL} ahumetse cyane, arumva mu gituza hamubabaza."
"Mfasha vuba, umukecuru arababara cyane mu nda kandi ububabare ntibuhagarara. Ni imiti ki nafata?",kinyarwanda,URGENT,gastrointestinal,kinyarwanda->kinyarwanda:URGENT:gastrointestinal,{REL} arababara cyane mu nda kandi ububabare ntibuhagarara.,Inda irandya cyane kandi ububabare ntibuhagarara.
"Mumbabarire, ndashaka kubabwira ikibazo mfite. Ndashaka kugirwa inama ku mazi yo kunywa kuva mu cyumweru gishize kandi birushaho kuba bibi. Naje mvuye kure.",kinyarwanda,ROUTINE,preventive,kinyarwanda->kinyarwanda:ROUTINE:preventive,Ndashaka kugirwa inama ku mazi yo kunywa.,Ndashaka kugirwa inama ku mazi yo kunywa.
"Simbizi niba bikomeye ariko, umukecuru afite igisebe ku kirenge kidakira kandi afite diyabete kuva hashize iminsi itatu. Abandi bana na bo bafite iki kibazo. Nkora iki?",kinyarwanda,URGENT,chronic_care,kinyarwanda->kinyarwanda:URGENT:chronic_care,{REL} afite igisebe ku kirenge kidakira kandi afite diyabete.,Mfite igisebe ku kirenge kidakira kandi mfite diyabete.
"Nzanye umwana wanjye, maze iminsi itatu ndwaye impiswi zikomeye. Abandi bana na bo bafite iki kibazo. Ntabasha kubona amafaranga yo kongera kuza kwa muganga.",kinyarwanda,URGENT,gastrointestinal,kinyarwanda->kinyarwanda:URGENT:gastrointestinal,maze iminsi itatu ndwaye impiswi zikomeye,maze iminsi itatu ndwaye impiswi zikomeye
"Simbizi niba bikomeye ariko, mama ari kubyara ariko umugozi w'umwana wabanje gusohoka kuva ejo kandi sinshobora gusinzira. Ese ibi birakomeye?",kinyarwanda,CRITICAL,obstetric,kinyarwanda->kinyarwanda:CRITICAL:obstetric,{REL} ari kubyara ariko umugozi w'umwana wabanje gusohoka.,Ndabyara ariko habanje gusohoka umugozi w'umwana.
"Mfasha vuba, umuturanyi wanjye yabyimbye ibirenge kandi ntashobora guhumeka neza iyo aragaramye kuva ejo. Byatangiye gitunguranye. Ndakeneye ubufasha vuba.",kinyarwanda,URGENT,chronic_care,kinyarwanda->kinyarwanda:URGENT:chronic_care,{REL} yabyimbye ibirenge kandi ntashobora guhumeka neza iyo aragaramye.,Nabyimbye ibirenge kandi sinshobora guhumeka neza iyo ndagaramye.
"Ndakeneye ubufasha, mfite umuhaha kuva ejo kandi birushaho kuba bibi. Urakoze.",kinyarwanda,URGENT,paediatric,kinyarwanda->kinyarwanda:URGENT:paediatric,Mfite umuhaha.,Mfite umuhaha.
"Iyo mama ahumetse cyane, arumva mu gituza hamubabaza kuva mu gitondo kandi nta miti mfite. Ndakeneye ubufasha vuba.",kinyarwanda,URGENT,cardiac_respiratory,kinyarwanda->kinyarwanda:URGENT:cardiac_respiratory,"Iyo {REL} ahumetse cyane, arumva mu gituza hamubabaza.","Iyo {REL} ahumetse cyane, arumva mu gituza hamubabaza."
"Nzanye umwana wanjye, maze umunsi wose mbabara ngerageza kubyara ariko umwana ntarasohoka kuva mu gitondo",kinyarwanda,CRITICAL,obstetric,kinyarwanda->kinyarwanda:CRITICAL:obstetric,Maze umunsi wose mbabara ngerageza kubyara ariko umwana ntarasohoka.,Maze umunsi wose mbabara ngerageza kubyara ariko umwana ntarasohoka.
"Muraho, mfite umuhaha kuva hashize iminsi ibiri nta miti imfasha. Urakoze.",kinyarwanda,URGENT,paediatric,kinyarwanda->kinyarwanda:URGENT:paediatric,Mfite umuhaha.,Mfite umuhaha.
"Simbizi niba bikomeye ariko, mfite ikibazo ku mutwe kandi kirimo guterwa n'urumuri kuva mu masaha abiri ashize kandi ndahangayitse. Murakoze.",kinyarwanda,URGENT,neurological,kinyarwanda->kinyarwanda:URGENT:neurological,Mfite ikibazo ku mutwe kandi kirimo guterwa n'urumuri.,Mfite ikibazo ku mutwe kandi kirimo guterwa n'urumuri.
"Muganga, umuvuduko w'amaraso wanjye wazamutse cyane kandi umutwe urandya cyane kuva mu cyumweru gishize kandi sinshobora gusinzira. Mfasha muganga.",kinyarwanda,URGENT,chronic_care,kinyarwanda->kinyarwanda:URGENT:chronic_care,Umuvuduko w'amaraso wanjye wazamutse cyane kandi umutwe urandya cyane.,Umuvuduko w'amaraso wanjye wazamutse cyane kandi umutwe urandya cyane.
"Ndakeneye ubufasha, mfite ikibazo ku mutwe kandi kirimo guterwa n'urumuri kuva mu masaha abiri ashize kandi sinshobora gusinzira",kinyarwanda,URGENT,neurological,kinyarwanda->kinyarwanda:URGENT:neurological,Mfite ikibazo ku mutwe kandi kirimo guterwa n'urumuri.,Mfite ikibazo ku mutwe kandi kirimo guterwa n'urumuri.
"Simbizi niba bikomeye ariko, ndashaka kugirwa inama ku mazi yo kunywa kuva mu gitondo kandi nta miti mfite. Urakoze.",kinyarwanda,ROUTINE,preventive,kinyarwanda->kinyarwanda:ROUTINE:preventive,Ndashaka kugirwa inama ku mazi yo kunywa.,Ndashaka kugirwa inama ku mazi yo kunywa.
Papa afite igisebe ku kirenge kidakira kandi afite diyabete kuva mu gitondo kandi nta miti mfite. Ese ibi birakomeye?,kinyarwanda,URGENT,chronic_care,kinyarwanda->kinyarwanda:URGENT:chronic_care,{REL} afite igisebe ku kirenge kidakira kandi afite diyabete.,Mfite igisebe ku kirenge kidakira kandi mfite diyabete.
"Muraho, maze umunsi wose mbabara ngerageza kubyara ariko umwana ntarasohoka kuva mu gitondo. Abandi bana na bo bafite iki kibazo. Ntegereze cyangwa nsuzumwe ubu?",kinyarwanda,CRITICAL,obstetric,kinyarwanda->kinyarwanda:CRITICAL:obstetric,Maze umunsi wose mbabara ngerageza kubyara ariko umwana ntarasohoka.,Maze umunsi wose mbabara ngerageza kubyara ariko umwana ntarasohoka.
"Ndakeneye ubufasha, mushiki wanjye yabyimbye ibirenge kandi ntashobora guhumeka neza iyo aragaramye kuva hashize iminsi ibiri. Byatangiye gitunguranye. Ese ibi birakomeye?",kinyarwanda,URGENT,chronic_care,kinyarwanda->kinyarwanda:URGENT:chronic_care,{REL} yabyimbye ibirenge kandi ntashobora guhumeka neza iyo aragaramye.,Nabyimbye ibirenge kandi sinshobora guhumeka neza iyo ndagaramye.
"Mumbabarire, ndashaka kubabwira ikibazo mfite. Papa afite gahunda yo gukingiza umwana kuva ejo kandi sinshobora gusinzira. Ni imiti ki nafata?",kinyarwanda,ROUTINE,preventive,kinyarwanda->kinyarwanda:ROUTINE:preventive,{REL} afite gahunda yo gukingiza umwana.,Mfite gahunda yo gukingiza umwana.
"Ndashaka kukubwira ikibazo mfite. Iyo umwana wanjye ahumetse cyane, arumva mu gituza hamubabaza kuva ubu gitondo cya kare kandi birushaho kuba bibi. Ntabasha kubona amafaranga yo kongera kuza kwa muganga.",kinyarwanda,URGENT,cardiac_respiratory,kinyarwanda->kinyarwanda:URGENT:cardiac_respiratory,"Iyo {REL} ahumetse cyane, arumva mu gituza hamubabaza.","Iyo {REL} ahumetse cyane, arumva mu gituza hamubabaza."
"Ndakeneye ubufasha, mushiki wanjye afite igisebe ku kirenge kidakira kandi afite diyabete kuva hashize iminsi itatu kandi nta miti mfite. Ntabasha kubona amafaranga yo kongera kuza kwa muganga.",kinyarwanda,URGENT,chronic_care,kinyarwanda->kinyarwanda:URGENT:chronic_care,{REL} afite igisebe ku kirenge kidakira kandi afite diyabete.,Mfite igisebe ku kirenge kidakira kandi mfite diyabete.
"Muganga, umuturanyi wanjye ahumeka bimugora cyane kandi iminwa ye yahindutse ibara kuva mu gitondo kandi nta miti mfite. Naje mvuye kure.",kinyarwanda,CRITICAL,cardiac_respiratory,kinyarwanda->kinyarwanda:CRITICAL:cardiac_respiratory,{REL} ahumeka bimugora cyane kandi iminwa ye yahindutse ibara.,guhumeka birangora cyane kandi iminwa yanjye yahindutse ibara
"Nzanye umwana wanjye, maze iminsi itatu ndwaye impiswi zikomeye kuva mu gitondo",kinyarwanda,URGENT,gastrointestinal,kinyarwanda->kinyarwanda:URGENT:gastrointestinal,maze iminsi itatu ndwaye impiswi zikomeye,maze iminsi itatu ndwaye impiswi zikomeye
"Nyabuneka, ndatwite kandi nagagaye kuva ijoro ryashize. Ntabasha kubona amafaranga yo kongera kuza kwa muganga.",kinyarwanda,CRITICAL,obstetric,kinyarwanda->kinyarwanda:CRITICAL:obstetric,Ndatwite kandi nagagaye.,Ndatwite kandi nagagaye.
"Muraho, ndashaka kugirwa inama ku mazi yo kunywa kuva ijoro ryashize kandi sinshobora gusinzira. Ni imiti ki nafata?",kinyarwanda,ROUTINE,preventive,kinyarwanda->kinyarwanda:ROUTINE:preventive,Ndashaka kugirwa inama ku mazi yo kunywa.,Ndashaka kugirwa inama ku mazi yo kunywa.
"Ndakeneye ubufasha, ndatwite kandi nagagaye kuva mu cyumweru gishize kandi birushaho kuba bibi. Ntegereze cyangwa nsuzumwe ubu?",kinyarwanda,CRITICAL,obstetric,kinyarwanda->kinyarwanda:CRITICAL:obstetric,Ndatwite kandi nagagaye.,Ndatwite kandi nagagaye.
Ndashaka kukubwira ikibazo mfite. Papa yabyimbye ibirenge kandi ntashobora guhumeka neza iyo aragaramye kuva hashize icyumweru. Abandi bana na bo bafite iki kibazo. Ndakeneye ubufasha vuba.,kinyarwanda,URGENT,chronic_care,kinyarwanda->kinyarwanda:URGENT:chronic_care,{REL} yabyimbye ibirenge kandi ntashobora guhumeka neza iyo aragaramye.,Nabyimbye ibirenge kandi sinshobora guhumeka neza iyo ndagaramye.
"Ndakeneye ubufasha, papa afite igisebe ku kirenge kidakira kandi afite diyabete. Urakoze.",kinyarwanda,URGENT,chronic_care,kinyarwanda->kinyarwanda:URGENT:chronic_care,{REL} afite igisebe ku kirenge kidakira kandi afite diyabete.,Mfite igisebe ku kirenge kidakira kandi mfite diyabete.
"Nzanye umwana wanjye, umuturanyi wanjye afite gahunda yo gukingiza umwana kuva ejo. Nkora iki?",kinyarwanda,ROUTINE,preventive,kinyarwanda->kinyarwanda:ROUTINE:preventive,{REL} afite gahunda yo gukingiza umwana.,Mfite gahunda yo gukingiza umwana.
"Mfasha vuba, mu rugo hari umuntu urwaye igituntu kandi umuturanyi wanjye ashaka kwisuzumisha kandi birushaho kuba bibi. Naje mvuye kure.",kinyarwanda,URGENT,preventive,kinyarwanda->kinyarwanda:URGENT:preventive,Mu rugo hari umuntu urwaye igituntu kandi {REL} ashaka kwisuzumisha.,Mu rugo hari umuntu urwaye igituntu kandi ndashaka kwisuzumisha.
"Muganga, maze umunsi wose mbabara ngerageza kubyara ariko umwana ntarasohoka kuva hashize iminsi ibiri kandi sinshobora gusinzira. Naje mvuye kure.",kinyarwanda,CRITICAL,obstetric,kinyarwanda->kinyarwanda:CRITICAL:obstetric,Maze umunsi wose mbabara ngerageza kubyara ariko umwana ntarasohoka.,Maze umunsi wose mbabara ngerageza kubyara ariko umwana ntarasohoka.
"Naje hano mbere, umugore wanjye nta miti ya SIDA afite kuva ejo kandi nta miti mfite",kinyarwanda,URGENT,chronic_care,kinyarwanda->kinyarwanda:URGENT:chronic_care,{REL} nta miti ya SIDA afite.,Nta miti ya SIDA mfite.
"Nyabuneka, mu rugo hari umuntu urwaye igituntu kandi ndashaka kwisuzumisha kuva ejo bikarushaho nijoro. Urakoze.",kinyarwanda,URGENT,preventive,kinyarwanda->kinyarwanda:URGENT:preventive,Mu rugo hari umuntu urwaye igituntu kandi ndashaka kwisuzumisha.,Mu rugo hari umuntu urwaye igituntu kandi ndashaka kwisuzumisha.
"Mfasha vuba, umuvuduko w'amaraso wanjye wazamutse cyane kandi umutwe urandya cyane kuva ubu gitondo cya kare kandi sinshobora gusinzira. Nkora iki?",kinyarwanda,URGENT,chronic_care,kinyarwanda->kinyarwanda:URGENT:chronic_care,Umuvuduko w'amaraso wanjye wazamutse cyane kandi umutwe urandya cyane.,Umuvuduko w'amaraso wanjye wazamutse cyane kandi umutwe urandya cyane.
"Ndakeneye ubufasha, mfite igisebe ku kirenge kidakira kandi mfite diyabete kuva ejo kandi ndahangayitse. Nkora iki?",kinyarwanda,URGENT,chronic_care,kinyarwanda->kinyarwanda:URGENT:chronic_care,Mfite igisebe ku kirenge kidakira kandi mfite diyabete.,Mfite igisebe ku kirenge kidakira kandi mfite diyabete.
"Ndakeneye ubufasha, mu rugo hari umuntu urwaye igituntu kandi ndashaka kwisuzumisha kuva hashize iminsi itatu biragenda bikagaruka. Ntabasha kubona amafaranga yo kongera kuza kwa muganga.",kinyarwanda,URGENT,preventive,kinyarwanda->kinyarwanda:URGENT:preventive,Mu rugo hari umuntu urwaye igituntu kandi ndashaka kwisuzumisha.,Mu rugo hari umuntu urwaye igituntu kandi ndashaka kwisuzumisha.
"Naje hano mbere, umugabo wanjye arababara cyane mu nda kandi ububabare ntibuhagarara kuva hashize iminsi itatu biragenda bikagaruka. Nkora iki?",kinyarwanda,URGENT,gastrointestinal,kinyarwanda->kinyarwanda:URGENT:gastrointestinal,{REL} arababara cyane mu nda kandi ububabare ntibuhagarara.,Inda irandya cyane kandi ububabare ntibuhagarara.
"Mumbabarire, ndashaka kubabwira ikibazo mfite. Umugore wanjye afite gahunda yo gukingiza umwana kuva ubu gitondo cya kare",kinyarwanda,ROUTINE,preventive,kinyarwanda->kinyarwanda:ROUTINE:preventive,{REL} afite gahunda yo gukingiza umwana.,Mfite gahunda yo gukingiza umwana.
"Muganga, iyo umugabo wanjye ahumetse cyane, arumva mu gituza hamubabaza kuva mu gitondo kandi sinshobora gusinzira. Ntabasha kubona amafaranga yo kongera kuza kwa muganga.",kinyarwanda,URGENT,cardiac_respiratory,kinyarwanda->kinyarwanda:URGENT:cardiac_respiratory,"Iyo {REL} ahumetse cyane, arumva mu gituza hamubabaza.","Iyo {REL} ahumetse cyane, arumva mu gituza hamubabaza."
Ndashaka kukubwira ikibazo mfite. Mu rugo hari umuntu urwaye igituntu kandi ndashaka kwisuzumisha kuva ejo. Byatangiye gitunguranye. Ese ibi birakomeye?,kinyarwanda,URGENT,preventive,kinyarwanda->kinyarwanda:URGENT:preventive,Mu rugo hari umuntu urwaye igituntu kandi ndashaka kwisuzumisha.,Mu rugo hari umuntu urwaye igituntu kandi ndashaka kwisuzumisha.
"Ndakeneye ubufasha, mama arababara cyane mu nda kandi ububabare ntibuhagarara kuva ijoro ryashize. Byatangiye gitunguranye. Nkora iki?",kinyarwanda,URGENT,gastrointestinal,kinyarwanda->kinyarwanda:URGENT:gastrointestinal,{REL} arababara cyane mu nda kandi ububabare ntibuhagarara.,Inda irandya cyane kandi ububabare ntibuhagarara.
"Naje hano mbere, ndatwite kandi nagagaye kuva hashize icyumweru kandi ndahangayitse. Nkora iki?",kinyarwanda,CRITICAL,obstetric,kinyarwanda->kinyarwanda:CRITICAL:obstetric,Ndatwite kandi nagagaye.,Ndatwite kandi nagagaye.
"Naje hano mbere, umuvuduko w'amaraso wanjye wazamutse cyane kandi umutwe urandya cyane kuva ijoro ryashize bikarushaho nijoro. Ntegereze cyangwa nsuzumwe ubu?",kinyarwanda,URGENT,chronic_care,kinyarwanda->kinyarwanda:URGENT:chronic_care,Umuvuduko w'amaraso wanjye wazamutse cyane kandi umutwe urandya cyane.,Umuvuduko w'amaraso wanjye wazamutse cyane kandi umutwe urandya cyane.
"Nzanye umwana wanjye, maze umunsi wose mbabara ngerageza kubyara ariko umwana ntarasohoka kandi nta miti mfite. Ndakeneye ubufasha vuba.",kinyarwanda,CRITICAL,obstetric,kinyarwanda->kinyarwanda:CRITICAL:obstetric,Maze umunsi wose mbabara ngerageza kubyara ariko umwana ntarasohoka.,Maze umunsi wose mbabara ngerageza kubyara ariko umwana ntarasohoka.
"Mfasha vuba, papa afite igisebe ku kirenge kidakira kandi afite diyabete nta miti imfasha. Murakoze.",kinyarwanda,URGENT,chronic_care,kinyarwanda->kinyarwanda:URGENT:chronic_care,{REL} afite igisebe ku kirenge kidakira kandi afite diyabete.,Mfite igisebe ku kirenge kidakira kandi mfite diyabete.
"Mumbabarire, ndashaka kubabwira ikibazo mfite. Mfite igisebe ku kirenge kidakira kandi mfite diyabete kuva hashize icyumweru kandi ndahangayitse",kinyarwanda,URGENT,chronic_care,kinyarwanda->kinyarwanda:URGENT:chronic_care,Mfite igisebe ku kirenge kidakira kandi mfite diyabete.,Mfite igisebe ku kirenge kidakira kandi mfite diyabete.
"Naje hano mbere, maze umunsi wose mbabara ngerageza kubyara ariko umwana ntarasohoka kuva hashize iminsi itatu nta miti imfasha. Naje mvuye kure.",kinyarwanda,CRITICAL,obstetric,kinyarwanda->kinyarwanda:CRITICAL:obstetric,Maze umunsi wose mbabara ngerageza kubyara ariko umwana ntarasohoka.,Maze umunsi wose mbabara ngerageza kubyara ariko umwana ntarasohoka.
"Mfasha vuba, umugabo wanjye yabyimbye ibirenge kandi ntashobora guhumeka neza iyo aragaramye kuva ijoro ryashize. Abandi bana na bo bafite iki kibazo. Naje mvuye kure.",kinyarwanda,URGENT,chronic_care,kinyarwanda->kinyarwanda:URGENT:chronic_care,{REL} yabyimbye ibirenge kandi ntashobora guhumeka neza iyo aragaramye.,Nabyimbye ibirenge kandi sinshobora guhumeka neza iyo ndagaramye.
"Nyabuneka, mfite ikibazo ku mutwe kandi kirimo guterwa n'urumuri kuva ubu gitondo cya kare kandi nta miti mfite. Ni imiti ki nafata?",kinyarwanda,URGENT,neurological,kinyarwanda->kinyarwanda:URGENT:neurological,Mfite ikibazo ku mutwe kandi kirimo guterwa n'urumuri.,Mfite ikibazo ku mutwe kandi kirimo guterwa n'urumuri.
Mfite ikibazo ku mutwe kandi kirimo guterwa n'urumuri kuva hashize iminsi ibiri biragenda bikagaruka. Murakoze.,kinyarwanda,URGENT,neurological,kinyarwanda->kinyarwanda:URGENT:neurological,Mfite ikibazo ku mutwe kandi kirimo guterwa n'urumuri.,Mfite ikibazo ku mutwe kandi kirimo guterwa n'urumuri.
"Naje hano mbere, papa afite ibimenyetso bya malariya, umuriro n'imbeho kuva mu cyumweru gishize kandi birushaho kuba bibi",kinyarwanda,URGENT,infectious_fever,kinyarwanda->kinyarwanda:URGENT:infectious_fever,"{REL} afite ibimenyetso bya malariya, umuriro n'imbeho.","Mfite ibimenyetso bya malariya, umuriro n'imbeho."
"Muganga, mama afite ibimenyetso bya malariya, umuriro n'imbeho kuva mu masaha abiri ashize kandi sinshobora gusinzira. Murakoze.",kinyarwanda,URGENT,infectious_fever,kinyarwanda->kinyarwanda:URGENT:infectious_fever,"{REL} afite ibimenyetso bya malariya, umuriro n'imbeho.","Mfite ibimenyetso bya malariya, umuriro n'imbeho."
"Nzanye umwana wanjye, mushiki wanjye nta miti ya SIDA afite kuva mu gitondo kandi nta miti mfite. Ntabasha kubona amafaranga yo kongera kuza kwa muganga.",kinyarwanda,URGENT,chronic_care,kinyarwanda->kinyarwanda:URGENT:chronic_care,{REL} nta miti ya SIDA afite.,Nta miti ya SIDA mfite.
"Muganga, umuturanyi wanjye afite impiswi zikomeye kandi yagize umwuma kuva mu masaha abiri ashize kandi ndahangayitse. Ni imiti ki nafata?",kinyarwanda,CRITICAL,gastrointestinal,kinyarwanda->kinyarwanda:CRITICAL:gastrointestinal,{REL} afite impiswi zikomeye kandi yagize umwuma.,{REL} afite impiswi zikomeye kandi yagize umwuma.
"Nzanye umwana wanjye, iyo mushiki wanjye ahumetse cyane, arumva mu gituza hamubabaza kuva hashize iminsi itatu bikarushaho nijoro. Nkora iki?",kinyarwanda,URGENT,cardiac_respiratory,kinyarwanda->kinyarwanda:URGENT:cardiac_respiratory,"Iyo {REL} ahumetse cyane, arumva mu gituza hamubabaza.","Iyo {REL} ahumetse cyane, arumva mu gituza hamubabaza."
"Naje hano mbere, mfite igisebe ku kirenge kidakira kandi mfite diyabete kuva mu gitondo kandi birushaho kuba bibi. Ntegereze cyangwa nsuzumwe ubu?",kinyarwanda,URGENT,chronic_care,kinyarwanda->kinyarwanda:URGENT:chronic_care,Mfite igisebe ku kirenge kidakira kandi mfite diyabete.,Mfite igisebe ku kirenge kidakira kandi mfite diyabete.
"Mfasha vuba, umwana wanjye yabyimbye ibirenge kandi ntashobora guhumeka neza iyo aragaramye kuva hashize iminsi ibiri bikarushaho nijoro. Ese ibi birakomeye?",kinyarwanda,URGENT,chronic_care,kinyarwanda->kinyarwanda:URGENT:chronic_care,{REL} yabyimbye ibirenge kandi ntashobora guhumeka neza iyo aragaramye.,Nabyimbye ibirenge kandi sinshobora guhumeka neza iyo ndagaramye.
"Mumbabarire, ndashaka kubabwira ikibazo mfite. Mfite umuhaha kuva ejo bikarushaho nijoro",kinyarwanda,URGENT,paediatric,kinyarwanda->kinyarwanda:URGENT:paediatric,Mfite umuhaha.,Mfite umuhaha.
Ndashaka kukubwira ikibazo mfite. Mfite igisebe ku kirenge kidakira kandi mfite diyabete. Byatangiye gitunguranye. Ntegereze cyangwa nsuzumwe ubu?,kinyarwanda,URGENT,chronic_care,kinyarwanda->kinyarwanda:URGENT:chronic_care,Mfite igisebe ku kirenge kidakira kandi mfite diyabete.,Mfite igisebe ku kirenge kidakira kandi mfite diyabete.
"Simbizi niba bikomeye ariko, maze iminsi itatu ndwaye impiswi zikomeye bikarushaho nijoro. Murakoze.",kinyarwanda,URGENT,gastrointestinal,kinyarwanda->kinyarwanda:URGENT:gastrointestinal,maze iminsi itatu ndwaye impiswi zikomeye,maze iminsi itatu ndwaye impiswi zikomeye
"Muganga, ndatwite kandi nagagaye kuva ijoro ryashize. Byatangiye gitunguranye. Ndakeneye ubufasha vuba.",kinyarwanda,CRITICAL,obstetric,kinyarwanda->kinyarwanda:CRITICAL:obstetric,Ndatwite kandi nagagaye.,Ndatwite kandi nagagaye.
"Nyabuneka, iyo umugabo wanjye ahumetse cyane, arumva mu gituza hamubabaza kuva ijoro ryashize biragenda bikagaruka. Ntabasha kubona amafaranga yo kongera kuza kwa muganga.",kinyarwanda,URGENT,cardiac_respiratory,kinyarwanda->kinyarwanda:URGENT:cardiac_respiratory,"Iyo {REL} ahumetse cyane, arumva mu gituza hamubabaza.","Iyo {REL} ahumetse cyane, arumva mu gituza hamubabaza."
"Mumbabarire, ndashaka kubabwira ikibazo mfite. Umukecuru nta miti ya SIDA afite kuva mu masaha abiri ashize. Abandi bana na bo bafite iki kibazo.",kinyarwanda,URGENT,chronic_care,kinyarwanda->kinyarwanda:URGENT:chronic_care,{REL} nta miti ya SIDA afite.,Nta miti ya SIDA mfite.
"Mumbabarire, ndashaka kubabwira ikibazo mfite. Iyo umukecuru ahumetse cyane, arumva mu gituza hamubabaza kuva ubu gitondo cya kare kandi birushaho kuba bibi. Urakoze.",kinyarwanda,URGENT,cardiac_respiratory,kinyarwanda->kinyarwanda:URGENT:cardiac_respiratory,"Iyo {REL} ahumetse cyane, arumva mu gituza hamubabaza.","Iyo {REL} ahumetse cyane, arumva mu gituza hamubabaza."
Umugore wanjye ahumeka bimugora cyane kandi iminwa ye yahindutse ibara kuva ubu gitondo cya kare bikarushaho nijoro,kinyarwanda,CRITICAL,cardiac_respiratory,kinyarwanda->kinyarwanda:CRITICAL:cardiac_respiratory,{REL} ahumeka bimugora cyane kandi iminwa ye yahindutse ibara.,guhumeka birangora cyane kandi iminwa yanjye yahindutse ibara
"Simbizi niba bikomeye ariko, ndatwite kandi nagagaye kuva hashize icyumweru bikarushaho nijoro. Ntegereze cyangwa nsuzumwe ubu?",kinyarwanda,CRITICAL,obstetric,kinyarwanda->kinyarwanda:CRITICAL:obstetric,Ndatwite kandi nagagaye.,Ndatwite kandi nagagaye.
"Nyabuneka, iyo umukecuru ahumetse cyane, arumva mu gituza hamubabaza kandi birushaho kuba bibi. Urakoze.",kinyarwanda,URGENT,cardiac_respiratory,kinyarwanda->kinyarwanda:URGENT:cardiac_respiratory,"Iyo {REL} ahumetse cyane, arumva mu gituza hamubabaza.","Iyo {REL} ahumetse cyane, arumva mu gituza hamubabaza."
Ndashaka kukubwira ikibazo mfite. Umugabo wanjye ahumeka bimugora cyane kandi iminwa ye yahindutse ibara nta miti imfasha. Nkora iki?,kinyarwanda,CRITICAL,cardiac_respiratory,kinyarwanda->kinyarwanda:CRITICAL:cardiac_respiratory,{REL} ahumeka bimugora cyane kandi iminwa ye yahindutse ibara.,guhumeka birangora cyane kandi iminwa yanjye yahindutse ibara
"Simbizi niba bikomeye ariko, umuturanyi wanjye arababara cyane mu nda kandi ububabare ntibuhagarara kuva mu cyumweru gishize kandi ndahangayitse. Naje mvuye kure.",kinyarwanda,URGENT,gastrointestinal,kinyarwanda->kinyarwanda:URGENT:gastrointestinal,{REL} arababara cyane mu nda kandi ububabare ntibuhagarara.,Inda irandya cyane kandi ububabare ntibuhagarara.
Ndashaka kukubwira ikibazo mfite. Umugore wanjye ari kubyara ariko umugozi w'umwana wabanje gusohoka. Ese ibi birakomeye?,kinyarwanda,CRITICAL,obstetric,kinyarwanda->kinyarwanda:CRITICAL:obstetric,{REL} ari kubyara ariko umugozi w'umwana wabanje gusohoka.,Ndabyara ariko habanje gusohoka umugozi w'umwana.
"Naje hano mbere, mfite ikibazo ku mutwe kandi kirimo guterwa n'urumuri kuva hashize icyumweru kandi sinshobora gusinzira. Nkora iki?",kinyarwanda,URGENT,neurological,kinyarwanda->kinyarwanda:URGENT:neurological,Mfite ikibazo ku mutwe kandi kirimo guterwa n'urumuri.,Mfite ikibazo ku mutwe kandi kirimo guterwa n'urumuri.
Umukecuru afite gahunda yo gukingiza umwana kuva mu gitondo kandi sinshobora gusinzira. Mfasha muganga.,kinyarwanda,ROUTINE,preventive,kinyarwanda->kinyarwanda:ROUTINE:preventive,{REL} afite gahunda yo gukingiza umwana.,Mfite gahunda yo gukingiza umwana.
"Mfasha vuba, mama afite ibimenyetso bya malariya, umuriro n'imbeho kuva ejo bikarushaho nijoro. Naje mvuye kure.",kinyarwanda,URGENT,infectious_fever,kinyarwanda->kinyarwanda:URGENT:infectious_fever,"{REL} afite ibimenyetso bya malariya, umuriro n'imbeho.","Mfite ibimenyetso bya malariya, umuriro n'imbeho."
"Mfasha vuba, mushiki wanjye yabyimbye ibirenge kandi ntashobora guhumeka neza iyo aragaramye kuva mu masaha abiri ashize kandi ndahangayitse. Murakoze.",kinyarwanda,URGENT,chronic_care,kinyarwanda->kinyarwanda:URGENT:chronic_care,{REL} yabyimbye ibirenge kandi ntashobora guhumeka neza iyo aragaramye.,Nabyimbye ibirenge kandi sinshobora guhumeka neza iyo ndagaramye.
"Muganga, papa yabyimbye ibirenge kandi ntashobora guhumeka neza iyo aragaramye kuva ijoro ryashize. Naje mvuye kure.",kinyarwanda,URGENT,chronic_care,kinyarwanda->kinyarwanda:URGENT:chronic_care,{REL} yabyimbye ibirenge kandi ntashobora guhumeka neza iyo aragaramye.,Nabyimbye ibirenge kandi sinshobora guhumeka neza iyo ndagaramye.
"Mumbabarire, ndashaka kubabwira ikibazo mfite. Maze iminsi itatu ndwaye impiswi zikomeye kuva ijoro ryashize biragenda bikagaruka. Nkora iki?",kinyarwanda,URGENT,gastrointestinal,kinyarwanda->kinyarwanda:URGENT:gastrointestinal,maze iminsi itatu ndwaye impiswi zikomeye,maze iminsi itatu ndwaye impiswi zikomeye
"Muraho, mushiki wanjye yabyimbye ibirenge kandi ntashobora guhumeka neza iyo aragaramye kuva ubu gitondo cya kare kandi nta miti mfite. Ese ibi birakomeye?",kinyarwanda,URGENT,chronic_care,kinyarwanda->kinyarwanda:URGENT:chronic_care,{REL} yabyimbye ibirenge kandi ntashobora guhumeka neza iyo aragaramye.,Nabyimbye ibirenge kandi sinshobora guhumeka neza iyo ndagaramye.
"Muraho, iyo mushiki wanjye ahumetse cyane, arumva mu gituza hamubabaza kuva ijoro ryashize. Byatangiye gitunguranye.",kinyarwanda,URGENT,cardiac_respiratory,kinyarwanda->kinyarwanda:URGENT:cardiac_respiratory,"Iyo {REL} ahumetse cyane, arumva mu gituza hamubabaza.","Iyo {REL} ahumetse cyane, arumva mu gituza hamubabaza."
"Nyabuneka, papa afite ibimenyetso bya malariya, umuriro n'imbeho kuva ejo. Byatangiye gitunguranye. Ndakeneye ubufasha vuba.",kinyarwanda,URGENT,infectious_fever,kinyarwanda->kinyarwanda:URGENT:infectious_fever,"{REL} afite ibimenyetso bya malariya, umuriro n'imbeho.","Mfite ibimenyetso bya malariya, umuriro n'imbeho."
"Simbizi niba bikomeye ariko, ndatwite kandi nagagaye kuva ubu gitondo cya kare. Ese ibi birakomeye?",kinyarwanda,CRITICAL,obstetric,kinyarwanda->kinyarwanda:CRITICAL:obstetric,Ndatwite kandi nagagaye.,Ndatwite kandi nagagaye.
"Naje hano mbere, ndashaka kugirwa inama ku mazi yo kunywa kuva ejo kandi ndahangayitse. Naje mvuye kure.",kinyarwanda,ROUTINE,preventive,kinyarwanda->kinyarwanda:ROUTINE:preventive,Ndashaka kugirwa inama ku mazi yo kunywa.,Ndashaka kugirwa inama ku mazi yo kunywa.
"Mfasha vuba, mfite igisebe ku kirenge kidakira kandi mfite diyabete kuva mu masaha abiri ashize nta miti imfasha. Murakoze.",kinyarwanda,URGENT,chronic_care,kinyarwanda->kinyarwanda:URGENT:chronic_care,Mfite igisebe ku kirenge kidakira kandi mfite diyabete.,Mfite igisebe ku kirenge kidakira kandi mfite diyabete.
"Naje hano mbere, umwana wanjye afite impiswi zikomeye kandi yagize umwuma kuva ejo nta miti imfasha. Mfasha muganga.",kinyarwanda,CRITICAL,gastrointestinal,kinyarwanda->kinyarwanda:CRITICAL:gastrointestinal,{REL} afite impiswi zikomeye kandi yagize umwuma.,{REL} afite impiswi zikomeye kandi yagize umwuma.
"Muganga, maze umunsi wose mbabara ngerageza kubyara ariko umwana ntarasohoka kuva ijoro ryashize. Abandi bana na bo bafite iki kibazo. Nkora iki?",kinyarwanda,CRITICAL,obstetric,kinyarwanda->kinyarwanda:CRITICAL:obstetric,Maze umunsi wose mbabara ngerageza kubyara ariko umwana ntarasohoka.,Maze umunsi wose mbabara ngerageza kubyara ariko umwana ntarasohoka.
Mu rugo hari umuntu urwaye igituntu kandi ndashaka kwisuzumisha kuva hashize iminsi ibiri kandi ndahangayitse. Murakoze.,kinyarwanda,URGENT,preventive,kinyarwanda->kinyarwanda:URGENT:preventive,Mu rugo hari umuntu urwaye igituntu kandi ndashaka kwisuzumisha.,Mu rugo hari umuntu urwaye igituntu kandi ndashaka kwisuzumisha.
"Mfasha vuba, maze iminsi itatu ndwaye impiswi zikomeye kuva mu masaha abiri ashize kandi birushaho kuba bibi. Nkora iki?",kinyarwanda,URGENT,gastrointestinal,kinyarwanda->kinyarwanda:URGENT:gastrointestinal,maze iminsi itatu ndwaye impiswi zikomeye,maze iminsi itatu ndwaye impiswi zikomeye
"Ndakeneye ubufasha, mfite umuhaha kuva ubu gitondo cya kare. Abandi bana na bo bafite iki kibazo. Ntabasha kubona amafaranga yo kongera kuza kwa muganga.",kinyarwanda,URGENT,paediatric,kinyarwanda->kinyarwanda:URGENT:paediatric,Mfite umuhaha.,Mfite umuhaha.
"Mumbabarire, ndashaka kubabwira ikibazo mfite. Mfite igisebe ku kirenge kidakira kandi mfite diyabete kuva hashize iminsi itatu. Abandi bana na bo bafite iki kibazo. Nkora iki?",kinyarwanda,URGENT,chronic_care,kinyarwanda->kinyarwanda:URGENT:chronic_care,Mfite igisebe ku kirenge kidakira kandi mfite diyabete.,Mfite igisebe ku kirenge kidakira kandi mfite diyabete.
"Nyabuneka, mama afite gahunda yo gukingiza umwana kuva hashize iminsi ibiri kandi birushaho kuba bibi. Ntabasha kubona amafaranga yo kongera kuza kwa muganga.",kinyarwanda,ROUTINE,preventive,kinyarwanda->kinyarwanda:ROUTINE:preventive,{REL} afite gahunda yo gukingiza umwana.,Mfite gahunda yo gukingiza umwana.
Ndashaka kukubwira ikibazo mfite. Umuvuduko w'amaraso wanjye wazamutse cyane kandi umutwe urandya cyane kuva ejo bikarushaho nijoro. Ni imiti ki nafata?,kinyarwanda,URGENT,chronic_care,kinyarwanda->kinyarwanda:URGENT:chronic_care,Umuvuduko w'amaraso wanjye wazamutse cyane kandi umutwe urandya cyane.,Umuvuduko w'amaraso wanjye wazamutse cyane kandi umutwe urandya cyane.
"Mfasha, umugore wanjye ari kubyara ariko umugozi w'umwana wabanje gusohoka kuva hashize iminsi itatu biragenda bikagaruka. Ntabasha kubona amafaranga yo kongera kuza kwa muganga.",kinyarwanda,CRITICAL,obstetric,kinyarwanda->kinyarwanda:CRITICAL:obstetric,{REL} ari kubyara ariko umugozi w'umwana wabanje gusohoka.,Ndabyara ariko habanje gusohoka umugozi w'umwana.
"Mumbabarire, ndashaka kubabwira ikibazo mfite. Mu rugo hari umuntu urwaye igituntu kandi ndashaka kwisuzumisha kuva ijoro ryashize. Abandi bana na bo bafite iki kibazo. Ntegereze cyangwa nsuzumwe ubu?",kinyarwanda,URGENT,preventive,kinyarwanda->kinyarwanda:URGENT:preventive,Mu rugo hari umuntu urwaye igituntu kandi ndashaka kwisuzumisha.,Mu rugo hari umuntu urwaye igituntu kandi ndashaka kwisuzumisha.
"Simbizi niba bikomeye ariko, umuvuduko w'amaraso wanjye wazamutse cyane kandi umutwe urandya cyane kuva hashize iminsi itatu bikarushaho nijoro. Ese ibi birakomeye?",kinyarwanda,URGENT,chronic_care,kinyarwanda->kinyarwanda:URGENT:chronic_care,Umuvuduko w'amaraso wanjye wazamutse cyane kandi umutwe urandya cyane.,Umuvuduko w'amaraso wanjye wazamutse cyane kandi umutwe urandya cyane.
"Mumbabarire, ndashaka kubabwira ikibazo mfite. Umugabo wanjye afite impiswi zikomeye kandi yagize umwuma kuva mu cyumweru gishize biragenda bikagaruka",kinyarwanda,CRITICAL,gastrointestinal,kinyarwanda->kinyarwanda:CRITICAL:gastrointestinal,{REL} afite impiswi zikomeye kandi yagize umwuma.,{REL} afite impiswi zikomeye kandi yagize umwuma.
"Nyabuneka, mfite igisebe ku kirenge kidakira kandi mfite diyabete kuva hashize iminsi itatu kandi birushaho kuba bibi. Nkora iki?",kinyarwanda,URGENT,chronic_care,kinyarwanda->kinyarwanda:URGENT:chronic_care,Mfite igisebe ku kirenge kidakira kandi mfite diyabete.,Mfite igisebe ku kirenge kidakira kandi mfite diyabete.
"Ndashaka kukubwira ikibazo mfite. Iyo mama ahumetse cyane, arumva mu gituza hamubabaza kuva hashize icyumweru kandi ndahangayitse. Ese ibi birakomeye?",kinyarwanda,URGENT,cardiac_respiratory,kinyarwanda->kinyarwanda:URGENT:cardiac_respiratory,"Iyo {REL} ahumetse cyane, arumva mu gituza hamubabaza.","Iyo {REL} ahumetse cyane, arumva mu gituza hamubabaza."
"Muganga, umuvuduko w'amaraso wanjye wazamutse cyane kandi umutwe urandya cyane kuva hashize icyumweru kandi nta miti mfite. Urakoze.",kinyarwanda,URGENT,chronic_care,kinyarwanda->kinyarwanda:URGENT:chronic_care,Umuvuduko w'amaraso wanjye wazamutse cyane kandi umutwe urandya cyane.,Umuvuduko w'amaraso wanjye wazamutse cyane kandi umutwe urandya cyane.
"Mfasha vuba, maze iminsi itatu ndwaye impiswi zikomeye kuva hashize iminsi ibiri kandi ndahangayitse. Naje mvuye kure.",kinyarwanda,URGENT,gastrointestinal,kinyarwanda->kinyarwanda:URGENT:gastrointestinal,maze iminsi itatu ndwaye impiswi zikomeye,maze iminsi itatu ndwaye impiswi zikomeye
"Simbizi niba bikomeye ariko, mu rugo hari umuntu urwaye igituntu kandi ndashaka kwisuzumisha kuva ejo biragenda bikagaruka. Ntabasha kubona amafaranga yo kongera kuza kwa muganga.",kinyarwanda,URGENT,preventive,kinyarwanda->kinyarwanda:URGENT:preventive,Mu rugo hari umuntu urwaye igituntu kandi ndashaka kwisuzumisha.,Mu rugo hari umuntu urwaye igituntu kandi ndashaka kwisuzumisha.
"Mfasha vuba, ndashaka kugirwa inama ku mazi yo kunywa kuva hashize iminsi ibiri bikarushaho nijoro. Ntegereze cyangwa nsuzumwe ubu?",kinyarwanda,ROUTINE,preventive,kinyarwanda->kinyarwanda:ROUTINE:preventive,Ndashaka kugirwa inama ku mazi yo kunywa.,Ndashaka kugirwa inama ku mazi yo kunywa.
"Muraho, mu rugo hari umuntu urwaye igituntu kandi ndashaka kwisuzumisha kuva mu masaha abiri ashize kandi sinshobora gusinzira",kinyarwanda,URGENT,preventive,kinyarwanda->kinyarwanda:URGENT:preventive,Mu rugo hari umuntu urwaye igituntu kandi ndashaka kwisuzumisha.,Mu rugo hari umuntu urwaye igituntu kandi ndashaka kwisuzumisha.
"Mumbabarire, ndashaka kubabwira ikibazo mfite. Umugore wanjye ahumeka bimugora cyane kandi iminwa ye yahindutse ibara kuva ejo bikarushaho nijoro. Naje mvuye kure.",kinyarwanda,CRITICAL,cardiac_respiratory,kinyarwanda->kinyarwanda:CRITICAL:cardiac_respiratory,{REL} ahumeka bimugora cyane kandi iminwa ye yahindutse ibara.,guhumeka birangora cyane kandi iminwa yanjye yahindutse ibara
"Ndakeneye ubufasha, maze umunsi wose mbabara ngerageza kubyara ariko umwana ntarasohoka kuva ejo biragenda bikagaruka. Naje mvuye kure.",kinyarwanda,CRITICAL,obstetric,kinyarwanda->kinyarwanda:CRITICAL:obstetric,Maze umunsi wose mbabara ngerageza kubyara ariko umwana ntarasohoka.,Maze umunsi wose mbabara ngerageza kubyara ariko umwana ntarasohoka.
"Naje hano mbere, mu rugo hari umuntu urwaye igituntu kandi ndashaka kwisuzumisha kuva hashize iminsi itatu biragenda bikagaruka. Ese ibi birakomeye?",kinyarwanda,URGENT,preventive,kinyarwanda->kinyarwanda:URGENT:preventive,Mu rugo hari umuntu urwaye igituntu kandi ndashaka kwisuzumisha.,Mu rugo hari umuntu urwaye igituntu kandi ndashaka kwisuzumisha.
"Mfasha vuba, umugabo wanjye arababara cyane mu nda kandi ububabare ntibuhagarara kuva mu masaha abiri ashize kandi sinshobora gusinzira. Nkora iki?",kinyarwanda,URGENT,gastrointestinal,kinyarwanda->kinyarwanda:URGENT:gastrointestinal,{REL} arababara cyane mu nda kandi ububabare ntibuhagarara.,Inda irandya cyane kandi ububabare ntibuhagarara.
"Naje hano mbere, maze iminsi itatu ndwaye impiswi zikomeye kuva ejo. Abandi bana na bo bafite iki kibazo. Naje mvuye kure.",kinyarwanda,URGENT,gastrointestinal,kinyarwanda->kinyarwanda:URGENT:gastrointestinal,maze iminsi itatu ndwaye impiswi zikomeye,maze iminsi itatu ndwaye impiswi zikomeye
"Simbizi niba bikomeye ariko, mfite ikibazo ku mutwe kandi kirimo guterwa n'urumuri kuva hashize icyumweru kandi nta miti mfite. Nkora iki?",kinyarwanda,URGENT,neurological,kinyarwanda->kinyarwanda:URGENT:neurological,Mfite ikibazo ku mutwe kandi kirimo guterwa n'urumuri.,Mfite ikibazo ku mutwe kandi kirimo guterwa n'urumuri.
"Mfasha vuba, umugore wanjye afite impiswi zikomeye kandi yagize umwuma kuva ijoro ryashize. Abandi bana na bo bafite iki kibazo.",kinyarwanda,CRITICAL,gastrointestinal,kinyarwanda->kinyarwanda:CRITICAL:gastrointestinal,{REL} afite impiswi zikomeye kandi yagize umwuma.,{REL} afite impiswi zikomeye kandi yagize umwuma.
"Simbizi niba bikomeye ariko, mfite umuhaha kandi ndahangayitse. Ni imiti ki nafata?",kinyarwanda,URGENT,paediatric,kinyarwanda->kinyarwanda:URGENT:paediatric,Mfite umuhaha.,Mfite umuhaha.
"Mfasha, maze iminsi itatu ndwaye impiswi zikomeye kuva hashize iminsi itatu bikarushaho nijoro. Murakoze.",kinyarwanda,URGENT,gastrointestinal,kinyarwanda->kinyarwanda:URGENT:gastrointestinal,maze iminsi itatu ndwaye impiswi zikomeye,maze iminsi itatu ndwaye impiswi zikomeye
"Simbizi niba bikomeye ariko, mfite igisebe ku kirenge kidakira kandi mfite diyabete kuva hashize iminsi itatu kandi ndahangayitse. Murakoze.",kinyarwanda,URGENT,chronic_care,kinyarwanda->kinyarwanda:URGENT:chronic_care,Mfite igisebe ku kirenge kidakira kandi mfite diyabete.,Mfite igisebe ku kirenge kidakira kandi mfite diyabete.
"Muganga, mu rugo hari umuntu urwaye igituntu kandi ndashaka kwisuzumisha kuva hashize iminsi ibiri. Abandi bana na bo bafite iki kibazo. Ntegereze cyangwa nsuzumwe ubu?",kinyarwanda,URGENT,preventive,kinyarwanda->kinyarwanda:URGENT:preventive,Mu rugo hari umuntu urwaye igituntu kandi ndashaka kwisuzumisha.,Mu rugo hari umuntu urwaye igituntu kandi ndashaka kwisuzumisha.
"Nyabuneka, mfite umuhaha kuva ubu gitondo cya kare nta miti imfasha. Murakoze.",kinyarwanda,URGENT,paediatric,kinyarwanda->kinyarwanda:URGENT:paediatric,Mfite umuhaha.,Mfite umuhaha.
"Mfasha vuba, mushiki wanjye afite gahunda yo gukingiza umwana kuva ijoro ryashize kandi nta miti mfite. Murakoze.",kinyarwanda,ROUTINE,preventive,kinyarwanda->kinyarwanda:ROUTINE:preventive,{REL} afite gahunda yo gukingiza umwana.,Mfite gahunda yo gukingiza umwana.
"Mfasha vuba, maze iminsi itatu ndwaye impiswi zikomeye kuva ijoro ryashize. Byatangiye gitunguranye. Ntegereze cyangwa nsuzumwe ubu?",kinyarwanda,URGENT,gastrointestinal,kinyarwanda->kinyarwanda:URGENT:gastrointestinal,maze iminsi itatu ndwaye impiswi zikomeye,maze iminsi itatu ndwaye impiswi zikomeye
"Ndashaka kukubwira ikibazo mfite. Iyo mushiki wanjye ahumetse cyane, arumva mu gituza hamubabaza kuva mu masaha abiri ashize kandi sinshobora gusinzira. Ni imiti ki nafata?",kinyarwanda,URGENT,cardiac_respiratory,kinyarwanda->kinyarwanda:URGENT:cardiac_respiratory,"Iyo {REL} ahumetse cyane, arumva mu gituza hamubabaza.","Iyo {REL} ahumetse cyane, arumva mu gituza hamubabaza."
"Simbizi niba bikomeye ariko, umukecuru afite igisebe ku kirenge kidakira kandi afite diyabete nta miti imfasha. Ntabasha kubona amafaranga yo kongera kuza kwa muganga.",kinyarwanda,URGENT,chronic_care,kinyarwanda->kinyarwanda:URGENT:chronic_care,{REL} afite igisebe ku kirenge kidakira kandi afite diyabete.,Mfite igisebe ku kirenge kidakira kandi mfite diyabete.
Ndashaka kukubwira ikibazo mfite. Mushiki wanjye afite gahunda yo gukingiza umwana kuva hashize iminsi itatu kandi nta miti mfite. Ndakeneye ubufasha vuba.,kinyarwanda,ROUTINE,preventive,kinyarwanda->kinyarwanda:ROUTINE:preventive,{REL} afite gahunda yo gukingiza umwana.,Mfite gahunda yo gukingiza umwana.
Papa arababara cyane mu nda kandi ububabare ntibuhagarara kuva mu gitondo biragenda bikagaruka. Urakoze.,kinyarwanda,URGENT,gastrointestinal,kinyarwanda->kinyarwanda:URGENT:gastrointestinal,{REL} arababara cyane mu nda kandi ububabare ntibuhagarara.,Inda irandya cyane kandi ububabare ntibuhagarara.
Ndashaka kukubwira ikibazo mfite. Mushiki wanjye ari kubyara ariko umugozi w'umwana wabanje gusohoka kuva ubu gitondo cya kare kandi sinshobora gusinzira. Ntegereze cyangwa nsuzumwe ubu?,kinyarwanda,CRITICAL,obstetric,kinyarwanda->kinyarwanda:CRITICAL:obstetric,{REL} ari kubyara ariko umugozi w'umwana wabanje gusohoka.,Ndabyara ariko habanje gusohoka umugozi w'umwana.
"Ndakeneye ubufasha, umuturanyi wanjye afite impiswi zikomeye kandi yagize umwuma kuva mu cyumweru gishize nta miti imfasha. Ese ibi birakomeye?",kinyarwanda,CRITICAL,gastrointestinal,kinyarwanda->kinyarwanda:CRITICAL:gastrointestinal,{REL} afite impiswi zikomeye kandi yagize umwuma.,{REL} afite impiswi zikomeye kandi yagize umwuma.
"Mumbabarire, ndashaka kubabwira ikibazo mfite. Mfite umuhaha kuva ijoro ryashize. Abandi bana na bo bafite iki kibazo. Nkora iki?",kinyarwanda,URGENT,paediatric,kinyarwanda->kinyarwanda:URGENT:paediatric,Mfite umuhaha.,Mfite umuhaha.
"Mfasha, ndatwite kandi nagagaye kuva ijoro ryashize kandi nta miti mfite. Mfasha muganga.",kinyarwanda,CRITICAL,obstetric,kinyarwanda->kinyarwanda:CRITICAL:obstetric,Ndatwite kandi nagagaye.,Ndatwite kandi nagagaye.
"Ndashaka kukubwira ikibazo mfite. Iyo mama ahumetse cyane, arumva mu gituza hamubabaza kuva hashize icyumweru kandi sinshobora gusinzira. Ntabasha kubona amafaranga yo kongera kuza kwa muganga.",kinyarwanda,URGENT,cardiac_respiratory,kinyarwanda->kinyarwanda:URGENT:cardiac_respiratory,"Iyo {REL} ahumetse cyane, arumva mu gituza hamubabaza.","Iyo {REL} ahumetse cyane, arumva mu gituza hamubabaza."
"Ndakeneye ubufasha, umugore wanjye arababara cyane mu nda kandi ububabare ntibuhagarara biragenda bikagaruka. Ntabasha kubona amafaranga yo kongera kuza kwa muganga.",kinyarwanda,URGENT,gastrointestinal,kinyarwanda->kinyarwanda:URGENT:gastrointestinal,{REL} arababara cyane mu nda kandi ububabare ntibuhagarara.,Inda irandya cyane kandi ububabare ntibuhagarara.
"Mumbabarire, ndashaka kubabwira ikibazo mfite. Mushiki wanjye ari kubyara ariko umugozi w'umwana wabanje gusohoka kuva ejo. Nkora iki?",kinyarwanda,CRITICAL,obstetric,kinyarwanda->kinyarwanda:CRITICAL:obstetric,{REL} ari kubyara ariko umugozi w'umwana wabanje gusohoka.,Ndabyara ariko habanje gusohoka umugozi w'umwana.
"Nzanye umwana wanjye, mfite umuhaha kuva mu gitondo kandi sinshobora gusinzira. Mfasha muganga.",kinyarwanda,URGENT,paediatric,kinyarwanda->kinyarwanda:URGENT:paediatric,Mfite umuhaha.,Mfite umuhaha.
"Mfasha vuba, mfite umuhaha kuva mu gitondo. Abandi bana na bo bafite iki kibazo. Murakoze.",kinyarwanda,URGENT,paediatric,kinyarwanda->kinyarwanda:URGENT:paediatric,Mfite umuhaha.,Mfite umuhaha.
"Simbizi niba bikomeye ariko, umugabo wanjye afite gahunda yo gukingiza umwana kuva ubu gitondo cya kare kandi ndahangayitse. Ndakeneye ubufasha vuba.",kinyarwanda,ROUTINE,preventive,kinyarwanda->kinyarwanda:ROUTINE:preventive,{REL} afite gahunda yo gukingiza umwana.,Mfite gahunda yo gukingiza umwana.
Ndashaka kukubwira ikibazo mfite. Maze iminsi itatu ndwaye impiswi zikomeye kuva mu masaha abiri ashize bikarushaho nijoro. Ni imiti ki nafata?,kinyarwanda,URGENT,gastrointestinal,kinyarwanda->kinyarwanda:URGENT:gastrointestinal,maze iminsi itatu ndwaye impiswi zikomeye,maze iminsi itatu ndwaye impiswi zikomeye
"Muganga, maze umunsi wose mbabara ngerageza kubyara ariko umwana ntarasohoka kuva ijoro ryashize nta miti imfasha. Ntegereze cyangwa nsuzumwe ubu?",kinyarwanda,CRITICAL,obstetric,kinyarwanda->kinyarwanda:CRITICAL:obstetric,Maze umunsi wose mbabara ngerageza kubyara ariko umwana ntarasohoka.,Maze umunsi wose mbabara ngerageza kubyara ariko umwana ntarasohoka.
"Nzanye umwana wanjye, umugore wanjye afite igisebe ku kirenge kidakira kandi afite diyabete kuva ubu gitondo cya kare. Abandi bana na bo bafite iki kibazo. Urakoze.",kinyarwanda,URGENT,chronic_care,kinyarwanda->kinyarwanda:URGENT:chronic_care,{REL} afite igisebe ku kirenge kidakira kandi afite diyabete.,Mfite igisebe ku kirenge kidakira kandi mfite diyabete.
"Umwana wanjye afite ibimenyetso bya malariya, umuriro n'imbeho kuva ijoro ryashize kandi ndahangayitse. Ni imiti ki nafata?",kinyarwanda,URGENT,infectious_fever,kinyarwanda->kinyarwanda:URGENT:infectious_fever,"{REL} afite ibimenyetso bya malariya, umuriro n'imbeho.","Mfite ibimenyetso bya malariya, umuriro n'imbeho."
Ndashaka kukubwira ikibazo mfite. Mfite igisebe ku kirenge kidakira kandi mfite diyabete kuva hashize iminsi ibiri bikarushaho nijoro. Ese ibi birakomeye?,kinyarwanda,URGENT,chronic_care,kinyarwanda->kinyarwanda:URGENT:chronic_care,Mfite igisebe ku kirenge kidakira kandi mfite diyabete.,Mfite igisebe ku kirenge kidakira kandi mfite diyabete.
"Mfasha vuba, ndashaka kugirwa inama ku mazi yo kunywa kuva mu gitondo. Abandi bana na bo bafite iki kibazo. Urakoze.",kinyarwanda,ROUTINE,preventive,kinyarwanda->kinyarwanda:ROUTINE:preventive,Ndashaka kugirwa inama ku mazi yo kunywa.,Ndashaka kugirwa inama ku mazi yo kunywa.
"Ndakeneye ubufasha, umugabo wanjye nta miti ya SIDA afite kuva ubu gitondo cya kare nta miti imfasha. Naje mvuye kure.",kinyarwanda,URGENT,chronic_care,kinyarwanda->kinyarwanda:URGENT:chronic_care,{REL} nta miti ya SIDA afite.,Nta miti ya SIDA mfite.
"Nyabuneka, umuturanyi wanjye afite gahunda yo gukingiza umwana biragenda bikagaruka. Ntegereze cyangwa nsuzumwe ubu?",kinyarwanda,ROUTINE,preventive,kinyarwanda->kinyarwanda:ROUTINE:preventive,{REL} afite gahunda yo gukingiza umwana.,Mfite gahunda yo gukingiza umwana.
"Mumbabarire, ndashaka kubabwira ikibazo mfite. Umukecuru arababara cyane mu nda kandi ububabare ntibuhagarara kuva hashize iminsi itatu kandi sinshobora gusinzira",kinyarwanda,URGENT,gastrointestinal,kinyarwanda->kinyarwanda:URGENT:gastrointestinal,{REL} arababara cyane mu nda kandi ububabare ntibuhagarara.,Inda irandya cyane kandi ububabare ntibuhagarara.
"Nyabuneka, iyo umugore wanjye ahumetse cyane, arumva mu gituza hamubabaza kuva mu masaha abiri ashize nta miti imfasha. Naje mvuye kure.",kinyarwanda,URGENT,cardiac_respiratory,kinyarwanda->kinyarwanda:URGENT:cardiac_respiratory,"Iyo {REL} ahumetse cyane, arumva mu gituza hamubabaza.","Iyo {REL} ahumetse cyane, arumva mu gituza hamubabaza."
Ndashaka kukubwira ikibazo mfite. Umuturanyi wanjye ahumeka bimugora cyane kandi iminwa ye yahindutse ibara kuva mu cyumweru gishize biragenda bikagaruka,kinyarwanda,CRITICAL,cardiac_respiratory,kinyarwanda->kinyarwanda:CRITICAL:cardiac_respiratory,{REL} ahumeka bimugora cyane kandi iminwa ye yahindutse ibara.,guhumeka birangora cyane kandi iminwa yanjye yahindutse ibara
"Mfasha vuba, umwana wanjye ahumeka bimugora cyane kandi iminwa ye yahindutse ibara kuva ijoro ryashize nta miti imfasha",kinyarwanda,CRITICAL,cardiac_respiratory,kinyarwanda->kinyarwanda:CRITICAL:cardiac_respiratory,{REL} ahumeka bimugora cyane kandi iminwa ye yahindutse ibara.,guhumeka birangora cyane kandi iminwa yanjye yahindutse ibara
"Mfasha vuba, papa arababara cyane mu nda kandi ububabare ntibuhagarara kuva mu gitondo kandi sinshobora gusinzira. Murakoze.",kinyarwanda,URGENT,gastrointestinal,kinyarwanda->kinyarwanda:URGENT:gastrointestinal,{REL} arababara cyane mu nda kandi ububabare ntibuhagarara.,Inda irandya cyane kandi ububabare ntibuhagarara.
"Simbizi niba bikomeye ariko, iyo umugore wanjye ahumetse cyane, arumva mu gituza hamubabaza kuva hashize iminsi ibiri. Ni imiti ki nafata?",kinyarwanda,URGENT,cardiac_respiratory,kinyarwanda->kinyarwanda:URGENT:cardiac_respiratory,"Iyo {REL} ahumetse cyane, arumva mu gituza hamubabaza.","Iyo {REL} ahumetse cyane, arumva mu gituza hamubabaza."
"Muganga, mama afite ibimenyetso bya malariya, umuriro n'imbeho kuva hashize icyumweru. Ntabasha kubona amafaranga yo kongera kuza kwa muganga.",kinyarwanda,URGENT,infectious_fever,kinyarwanda->kinyarwanda:URGENT:infectious_fever,"{REL} afite ibimenyetso bya malariya, umuriro n'imbeho.","Mfite ibimenyetso bya malariya, umuriro n'imbeho."
"Nyabuneka, mfite ikibazo ku mutwe kandi kirimo guterwa n'urumuri kuva mu masaha abiri ashize nta miti imfasha. Ntabasha kubona amafaranga yo kongera kuza kwa muganga.",kinyarwanda,URGENT,neurological,kinyarwanda->kinyarwanda:URGENT:neurological,Mfite ikibazo ku mutwe kandi kirimo guterwa n'urumuri.,Mfite ikibazo ku mutwe kandi kirimo guterwa n'urumuri.
"Simbizi niba bikomeye ariko, umwana wanjye yabyimbye ibirenge kandi ntashobora guhumeka neza iyo aragaramye kuva hashize iminsi ibiri. Urakoze.",kinyarwanda,URGENT,chronic_care,kinyarwanda->kinyarwanda:URGENT:chronic_care,{REL} yabyimbye ibirenge kandi ntashobora guhumeka neza iyo aragaramye.,Nabyimbye ibirenge kandi sinshobora guhumeka neza iyo ndagaramye.
"Simbizi niba bikomeye ariko, mama afite ibimenyetso bya malariya, umuriro n'imbeho kuva mu gitondo. Murakoze.",kinyarwanda,URGENT,infectious_fever,kinyarwanda->kinyarwanda:URGENT:infectious_fever,"{REL} afite ibimenyetso bya malariya, umuriro n'imbeho.","Mfite ibimenyetso bya malariya, umuriro n'imbeho."
"Nzanye umwana wanjye, ndatwite kandi nagagaye kuva hashize icyumweru kandi birushaho kuba bibi. Ntegereze cyangwa nsuzumwe ubu?",kinyarwanda,CRITICAL,obstetric,kinyarwanda->kinyarwanda:CRITICAL:obstetric,Ndatwite kandi nagagaye.,Ndatwite kandi nagagaye.
"Ndakeneye ubufasha, mama nta miti ya SIDA afite kuva ijoro ryashize kandi ndahangayitse. Ntabasha kubona amafaranga yo kongera kuza kwa muganga.",kinyarwanda,URGENT,chronic_care,kinyarwanda->kinyarwanda:URGENT:chronic_care,{REL} nta miti ya SIDA afite.,Nta miti ya SIDA mfite.
"Mumbabarire, ndashaka kubabwira ikibazo mfite. Umuturanyi wanjye afite igisebe ku kirenge kidakira kandi afite diyabete kuva hashize iminsi itatu bikarushaho nijoro",kinyarwanda,URGENT,chronic_care,kinyarwanda->kinyarwanda:URGENT:chronic_care,{REL} afite igisebe ku kirenge kidakira kandi afite diyabete.,Mfite igisebe ku kirenge kidakira kandi mfite diyabete.
"Muraho, mu rugo hari umuntu urwaye igituntu kandi ndashaka kwisuzumisha kuva ijoro ryashize kandi nta miti mfite. Ndakeneye ubufasha vuba.",kinyarwanda,URGENT,preventive,kinyarwanda->kinyarwanda:URGENT:preventive,Mu rugo hari umuntu urwaye igituntu kandi ndashaka kwisuzumisha.,Mu rugo hari umuntu urwaye igituntu kandi ndashaka kwisuzumisha.
"Ndakeneye ubufasha, mushiki wanjye ari kubyara ariko umugozi w'umwana wabanje gusohoka kuva ubu gitondo cya kare kandi ndahangayitse. Nkora iki?",kinyarwanda,CRITICAL,obstetric,kinyarwanda->kinyarwanda:CRITICAL:obstetric,{REL} ari kubyara ariko umugozi w'umwana wabanje gusohoka.,Ndabyara ariko habanje gusohoka umugozi w'umwana.
"Ndashaka kukubwira ikibazo mfite. Umugore wanjye afite ibimenyetso bya malariya, umuriro n'imbeho kuva mu cyumweru gishize bikarushaho nijoro. Ese ibi birakomeye?",kinyarwanda,URGENT,infectious_fever,kinyarwanda->kinyarwanda:URGENT:infectious_fever,"{REL} afite ibimenyetso bya malariya, umuriro n'imbeho.","Mfite ibimenyetso bya malariya, umuriro n'imbeho."
"Nyabuneka, mfite umuhaha bikarushaho nijoro. Ntabasha kubona amafaranga yo kongera kuza kwa muganga.",kinyarwanda,URGENT,paediatric,kinyarwanda->kinyarwanda:URGENT:paediatric,Mfite umuhaha.,Mfite umuhaha.
"Nyabuneka, mama yabyimbye ibirenge kandi ntashobora guhumeka neza iyo aragaramye kuva mu gitondo nta miti imfasha. Ese ibi birakomeye?",kinyarwanda,URGENT,chronic_care,kinyarwanda->kinyarwanda:URGENT:chronic_care,{REL} yabyimbye ibirenge kandi ntashobora guhumeka neza iyo aragaramye.,Nabyimbye ibirenge kandi sinshobora guhumeka neza iyo ndagaramye.
"Muganga, mfite ikibazo ku mutwe kandi kirimo guterwa n'urumuri kuva mu cyumweru gishize kandi ndahangayitse. Ni imiti ki nafata?",kinyarwanda,URGENT,neurological,kinyarwanda->kinyarwanda:URGENT:neurological,Mfite ikibazo ku mutwe kandi kirimo guterwa n'urumuri.,Mfite ikibazo ku mutwe kandi kirimo guterwa n'urumuri.
"Muganga, mfite ikibazo ku mutwe kandi kirimo guterwa n'urumuri kuva hashize iminsi itatu kandi sinshobora gusinzira. Nkora iki?",kinyarwanda,URGENT,neurological,kinyarwanda->kinyarwanda:URGENT:neurological,Mfite ikibazo ku mutwe kandi kirimo guterwa n'urumuri.,Mfite ikibazo ku mutwe kandi kirimo guterwa n'urumuri.
Ndashaka kukubwira ikibazo mfite. Mu rugo hari umuntu urwaye igituntu kandi ndashaka kwisuzumisha kuva ijoro ryashize. Murakoze.,kinyarwanda,URGENT,preventive,kinyarwanda->kinyarwanda:URGENT:preventive,Mu rugo hari umuntu urwaye igituntu kandi ndashaka kwisuzumisha.,Mu rugo hari umuntu urwaye igituntu kandi ndashaka kwisuzumisha.
"Muraho, mfite ikibazo ku mutwe kandi kirimo guterwa n'urumuri kuva hashize iminsi itatu. Murakoze.",kinyarwanda,URGENT,neurological,kinyarwanda->kinyarwanda:URGENT:neurological,Mfite ikibazo ku mutwe kandi kirimo guterwa n'urumuri.,Mfite ikibazo ku mutwe kandi kirimo guterwa n'urumuri.
"Mfasha vuba, umuvuduko w'amaraso wanjye wazamutse cyane kandi umutwe urandya cyane kuva ubu gitondo cya kare. Ese ibi birakomeye?",kinyarwanda,URGENT,chronic_care,kinyarwanda->kinyarwanda:URGENT:chronic_care,Umuvuduko w'amaraso wanjye wazamutse cyane kandi umutwe urandya cyane.,Umuvuduko w'amaraso wanjye wazamutse cyane kandi umutwe urandya cyane.
"Naje hano mbere, mu rugo hari umuntu urwaye igituntu kandi ndashaka kwisuzumisha kuva ejo nta miti imfasha. Ni imiti ki nafata?",kinyarwanda,URGENT,preventive,kinyarwanda->kinyarwanda:URGENT:preventive,Mu rugo hari umuntu urwaye igituntu kandi ndashaka kwisuzumisha.,Mu rugo hari umuntu urwaye igituntu kandi ndashaka kwisuzumisha.
"Muraho, papa nta miti ya SIDA afite kuva ijoro ryashize kandi birushaho kuba bibi. Ntabasha kubona amafaranga yo kongera kuza kwa muganga.",kinyarwanda,URGENT,chronic_care,kinyarwanda->kinyarwanda:URGENT:chronic_care,{REL} nta miti ya SIDA afite.,Nta miti ya SIDA mfite.
"Naje hano mbere, maze iminsi itatu ndwaye impiswi zikomeye kuva mu cyumweru gishize nta miti imfasha. Ni imiti ki nafata?",kinyarwanda,URGENT,gastrointestinal,kinyarwanda->kinyarwanda:URGENT:gastrointestinal,maze iminsi itatu ndwaye impiswi zikomeye,maze iminsi itatu ndwaye impiswi zikomeye
"Mfasha vuba, maze iminsi itatu ndwaye impiswi zikomeye kuva mu cyumweru gishize kandi sinshobora gusinzira. Ntegereze cyangwa nsuzumwe ubu?",kinyarwanda,URGENT,gastrointestinal,kinyarwanda->kinyarwanda:URGENT:gastrointestinal,maze iminsi itatu ndwaye impiswi zikomeye,maze iminsi itatu ndwaye impiswi zikomeye
"Ndashaka kukubwira ikibazo mfite. Iyo umwana wanjye ahumetse cyane, arumva mu gituza hamubabaza kuva hashize iminsi itatu kandi ndahangayitse. Ni imiti ki nafata?",kinyarwanda,URGENT,cardiac_respiratory,kinyarwanda->kinyarwanda:URGENT:cardiac_respiratory,"Iyo {REL} ahumetse cyane, arumva mu gituza hamubabaza.","Iyo {REL} ahumetse cyane, arumva mu gituza hamubabaza."
"Simbizi niba bikomeye ariko, mfite umuhaha kuva ejo bikarushaho nijoro. Mfasha muganga.",kinyarwanda,URGENT,paediatric,kinyarwanda->kinyarwanda:URGENT:paediatric,Mfite umuhaha.,Mfite umuhaha.
"Simbizi niba bikomeye ariko, ndashaka kugirwa inama ku mazi yo kunywa kuva ejo kandi ndahangayitse. Mfasha muganga.",kinyarwanda,ROUTINE,preventive,kinyarwanda->kinyarwanda:ROUTINE:preventive,Ndashaka kugirwa inama ku mazi yo kunywa.,Ndashaka kugirwa inama ku mazi yo kunywa.
Ndashaka kugirwa inama ku mazi yo kunywa kuva mu cyumweru gishize kandi nta miti mfite. Ni imiti ki nafata?,kinyarwanda,ROUTINE,preventive,kinyarwanda->kinyarwanda:ROUTINE:preventive,Ndashaka kugirwa inama ku mazi yo kunywa.,Ndashaka kugirwa inama ku mazi yo kunywa.
"Simbizi niba bikomeye ariko, mu rugo hari umuntu urwaye igituntu kandi mama ashaka kwisuzumisha kuva hashize iminsi itatu biragenda bikagaruka. Nkora iki?",kinyarwanda,URGENT,preventive,kinyarwanda->kinyarwanda:URGENT:preventive,Mu rugo hari umuntu urwaye igituntu kandi {REL} ashaka kwisuzumisha.,Mu rugo hari umuntu urwaye igituntu kandi ndashaka kwisuzumisha.
"Mumbabarire, ndashaka kubabwira ikibazo mfite. Mu rugo hari umuntu urwaye igituntu kandi ndashaka kwisuzumisha kuva ubu gitondo cya kare kandi birushaho kuba bibi. Naje mvuye kure.",kinyarwanda,URGENT,preventive,kinyarwanda->kinyarwanda:URGENT:preventive,Mu rugo hari umuntu urwaye igituntu kandi ndashaka kwisuzumisha.,Mu rugo hari umuntu urwaye igituntu kandi ndashaka kwisuzumisha.
"Mfasha vuba, umugore wanjye afite gahunda yo gukingiza umwana kuva ejo kandi birushaho kuba bibi. Ntegereze cyangwa nsuzumwe ubu?",kinyarwanda,ROUTINE,preventive,kinyarwanda->kinyarwanda:ROUTINE:preventive,{REL} afite gahunda yo gukingiza umwana.,Mfite gahunda yo gukingiza umwana.
"Muganga, mushiki wanjye nta miti ya SIDA afite kuva mu cyumweru gishize biragenda bikagaruka. Urakoze.",kinyarwanda,URGENT,chronic_care,kinyarwanda->kinyarwanda:URGENT:chronic_care,{REL} nta miti ya SIDA afite.,Nta miti ya SIDA mfite.
"Mfasha vuba, iyo umwana wanjye ahumetse cyane, arumva mu gituza hamubabaza kuva ubu gitondo cya kare. Ni imiti ki nafata?",kinyarwanda,URGENT,cardiac_respiratory,kinyarwanda->kinyarwanda:URGENT:cardiac_respiratory,"Iyo {REL} ahumetse cyane, arumva mu gituza hamubabaza.","Iyo {REL} ahumetse cyane, arumva mu gituza hamubabaza."
"Mfasha, mfite ikibazo ku mutwe kandi kirimo guterwa n'urumuri kuva hashize iminsi ibiri kandi birushaho kuba bibi. Nkora iki?",kinyarwanda,URGENT,neurological,kinyarwanda->kinyarwanda:URGENT:neurological,Mfite ikibazo ku mutwe kandi kirimo guterwa n'urumuri.,Mfite ikibazo ku mutwe kandi kirimo guterwa n'urumuri.
"Naje hano mbere, umukecuru nta miti ya SIDA afite kuva hashize iminsi ibiri kandi birushaho kuba bibi. Naje mvuye kure.",kinyarwanda,URGENT,chronic_care,kinyarwanda->kinyarwanda:URGENT:chronic_care,{REL} nta miti ya SIDA afite.,Nta miti ya SIDA mfite.
"Umwana wanjye afite ibimenyetso bya malariya, umuriro n'imbeho kuva mu cyumweru gishize kandi ndahangayitse",kinyarwanda,URGENT,infectious_fever,kinyarwanda->kinyarwanda:URGENT:infectious_fever,"{REL} afite ibimenyetso bya malariya, umuriro n'imbeho.","Mfite ibimenyetso bya malariya, umuriro n'imbeho."
"Ndakeneye ubufasha, mfite igisebe ku kirenge kidakira kandi mfite diyabete kuva hashize icyumweru nta miti imfasha. Ntabasha kubona amafaranga yo kongera kuza kwa muganga.",kinyarwanda,URGENT,chronic_care,kinyarwanda->kinyarwanda:URGENT:chronic_care,Mfite igisebe ku kirenge kidakira kandi mfite diyabete.,Mfite igisebe ku kirenge kidakira kandi mfite diyabete.
"Simbizi niba bikomeye ariko, iyo umwana wanjye ahumetse cyane, arumva mu gituza hamubabaza kuva mu cyumweru gishize nta miti imfasha. Murakoze.",kinyarwanda,URGENT,cardiac_respiratory,kinyarwanda->kinyarwanda:URGENT:cardiac_respiratory,"Iyo {REL} ahumetse cyane, arumva mu gituza hamubabaza.","Iyo {REL} ahumetse cyane, arumva mu gituza hamubabaza."
"Simbizi niba bikomeye ariko, umwana wanjye arababara cyane mu nda kandi ububabare ntibuhagarara kuva mu gitondo nta miti imfasha. Ndakeneye ubufasha vuba.",kinyarwanda,URGENT,gastrointestinal,kinyarwanda->kinyarwanda:URGENT:gastrointestinal,{REL} arababara cyane mu nda kandi ububabare ntibuhagarara.,Inda irandya cyane kandi ububabare ntibuhagarara.
Ndashaka kukubwira ikibazo mfite. Mushiki wanjye afite impiswi zikomeye kandi yagize umwuma kuva ijoro ryashize biragenda bikagaruka. Ntegereze cyangwa nsuzumwe ubu?,kinyarwanda,CRITICAL,gastrointestinal,kinyarwanda->kinyarwanda:CRITICAL:gastrointestinal,{REL} afite impiswi zikomeye kandi yagize umwuma.,{REL} afite impiswi zikomeye kandi yagize umwuma.
"Ndakeneye ubufasha, mfite igisebe ku kirenge kidakira kandi mfite diyabete kuva ubu gitondo cya kare biragenda bikagaruka. Ndakeneye ubufasha vuba.",kinyarwanda,URGENT,chronic_care,kinyarwanda->kinyarwanda:URGENT:chronic_care,Mfite igisebe ku kirenge kidakira kandi mfite diyabete.,Mfite igisebe ku kirenge kidakira kandi mfite diyabete.
"Muraho, umuvuduko w'amaraso wanjye wazamutse cyane kandi umutwe urandya cyane kuva ubu gitondo cya kare kandi ndahangayitse. Murakoze.",kinyarwanda,URGENT,chronic_care,kinyarwanda->kinyarwanda:URGENT:chronic_care,Umuvuduko w'amaraso wanjye wazamutse cyane kandi umutwe urandya cyane.,Umuvuduko w'amaraso wanjye wazamutse cyane kandi umutwe urandya cyane.
"Mfasha vuba, mama nta miti ya SIDA afite kuva ubu gitondo cya kare kandi sinshobora gusinzira. Ndakeneye ubufasha vuba.",kinyarwanda,URGENT,chronic_care,kinyarwanda->kinyarwanda:URGENT:chronic_care,{REL} nta miti ya SIDA afite.,Nta miti ya SIDA mfite.
"Naje hano mbere, maze iminsi itatu ndwaye impiswi zikomeye kuva ejo kandi nta miti mfite. Nkora iki?",kinyarwanda,URGENT,gastrointestinal,kinyarwanda->kinyarwanda:URGENT:gastrointestinal,maze iminsi itatu ndwaye impiswi zikomeye,maze iminsi itatu ndwaye impiswi zikomeye
"Nyabuneka, umugabo wanjye afite gahunda yo gukingiza umwana kuva ejo. Byatangiye gitunguranye. Naje mvuye kure.",kinyarwanda,ROUTINE,preventive,kinyarwanda->kinyarwanda:ROUTINE:preventive,{REL} afite gahunda yo gukingiza umwana.,Mfite gahunda yo gukingiza umwana.
"Mfasha, mu rugo hari umuntu urwaye igituntu kandi ndashaka kwisuzumisha kuva hashize icyumweru kandi ndahangayitse. Ese ibi birakomeye?",kinyarwanda,URGENT,preventive,kinyarwanda->kinyarwanda:URGENT:preventive,Mu rugo hari umuntu urwaye igituntu kandi ndashaka kwisuzumisha.,Mu rugo hari umuntu urwaye igituntu kandi ndashaka kwisuzumisha.
"Mfasha, mu rugo hari umuntu urwaye igituntu kandi umwana wanjye ashaka kwisuzumisha kuva hashize iminsi itatu kandi sinshobora gusinzira. Ndakeneye ubufasha vuba.",kinyarwanda,URGENT,preventive,kinyarwanda->kinyarwanda:URGENT:preventive,Mu rugo hari umuntu urwaye igituntu kandi {REL} ashaka kwisuzumisha.,Mu rugo hari umuntu urwaye igituntu kandi ndashaka kwisuzumisha.
"Nzanye umwana wanjye, iyo mama ahumetse cyane, arumva mu gituza hamubabaza kuva mu cyumweru gishize kandi ndahangayitse. Ni imiti ki nafata?",kinyarwanda,URGENT,cardiac_respiratory,kinyarwanda->kinyarwanda:URGENT:cardiac_respiratory,"Iyo {REL} ahumetse cyane, arumva mu gituza hamubabaza.","Iyo {REL} ahumetse cyane, arumva mu gituza hamubabaza."
"Mumbabarire, ndashaka kubabwira ikibazo mfite. Umukecuru afite igisebe ku kirenge kidakira kandi afite diyabete kandi nta miti mfite. Ntabasha kubona amafaranga yo kongera kuza kwa muganga.",kinyarwanda,URGENT,chronic_care,kinyarwanda->kinyarwanda:URGENT:chronic_care,{REL} afite igisebe ku kirenge kidakira kandi afite diyabete.,Mfite igisebe ku kirenge kidakira kandi mfite diyabete.
Ndashaka kukubwira ikibazo mfite. Umuvuduko w'amaraso wanjye wazamutse cyane kandi umutwe urandya cyane kuva hashize icyumweru kandi sinshobora gusinzira. Ndakeneye ubufasha vuba.,kinyarwanda,URGENT,chronic_care,kinyarwanda->kinyarwanda:URGENT:chronic_care,Umuvuduko w'amaraso wanjye wazamutse cyane kandi umutwe urandya cyane.,Umuvuduko w'amaraso wanjye wazamutse cyane kandi umutwe urandya cyane.
"Mfasha, mu rugo hari umuntu urwaye igituntu kandi ndashaka kwisuzumisha kuva mu gitondo bikarushaho nijoro. Ndakeneye ubufasha vuba.",kinyarwanda,URGENT,preventive,kinyarwanda->kinyarwanda:URGENT:preventive,Mu rugo hari umuntu urwaye igituntu kandi ndashaka kwisuzumisha.,Mu rugo hari umuntu urwaye igituntu kandi ndashaka kwisuzumisha.
"Simbizi niba bikomeye ariko, umuturanyi wanjye afite ibimenyetso bya malariya, umuriro n'imbeho kuva hashize iminsi ibiri bikarushaho nijoro",kinyarwanda,URGENT,infectious_fever,kinyarwanda->kinyarwanda:URGENT:infectious_fever,"{REL} afite ibimenyetso bya malariya, umuriro n'imbeho.","Mfite ibimenyetso bya malariya, umuriro n'imbeho."
"Naje hano mbere, mushiki wanjye afite gahunda yo gukingiza umwana kuva hashize iminsi ibiri biragenda bikagaruka. Murakoze.",kinyarwanda,ROUTINE,preventive,kinyarwanda->kinyarwanda:ROUTINE:preventive,{REL} afite gahunda yo gukingiza umwana.,Mfite gahunda yo gukingiza umwana.
"Mfasha vuba, mfite umuhaha kuva ejo kandi sinshobora gusinzira. Ese ibi birakomeye?",kinyarwanda,URGENT,paediatric,kinyarwanda->kinyarwanda:URGENT:paediatric,Mfite umuhaha.,Mfite umuhaha.
"Muganga, ndashaka kugirwa inama ku mazi yo kunywa kuva mu masaha abiri ashize nta miti imfasha. Ntegereze cyangwa nsuzumwe ubu?",kinyarwanda,ROUTINE,preventive,kinyarwanda->kinyarwanda:ROUTINE:preventive,Ndashaka kugirwa inama ku mazi yo kunywa.,Ndashaka kugirwa inama ku mazi yo kunywa.
Umuvuduko w'amaraso wanjye wazamutse cyane kandi umutwe urandya cyane kuva mu cyumweru gishize kandi nta miti mfite. Murakoze.,kinyarwanda,URGENT,chronic_care,kinyarwanda->kinyarwanda:URGENT:chronic_care,Umuvuduko w'amaraso wanjye wazamutse cyane kandi umutwe urandya cyane.,Umuvuduko w'amaraso wanjye wazamutse cyane kandi umutwe urandya cyane.
"Naje hano mbere, iyo umukecuru ahumetse cyane, arumva mu gituza hamubabaza kuva hashize icyumweru. Urakoze.",kinyarwanda,URGENT,cardiac_respiratory,kinyarwanda->kinyarwanda:URGENT:cardiac_respiratory,"Iyo {REL} ahumetse cyane, arumva mu gituza hamubabaza.","Iyo {REL} ahumetse cyane, arumva mu gituza hamubabaza."
"Mumbabarire, ndashaka kubabwira ikibazo mfite. Iyo umwana wanjye ahumetse cyane, arumva mu gituza hamubabaza kuva hashize iminsi itatu kandi sinshobora gusinzira. Mfasha muganga.",kinyarwanda,URGENT,cardiac_respiratory,kinyarwanda->kinyarwanda:URGENT:cardiac_respiratory,"Iyo {REL} ahumetse cyane, arumva mu gituza hamubabaza.","Iyo {REL} ahumetse cyane, arumva mu gituza hamubabaza."
"Mumbabarire, ndashaka kubabwira ikibazo mfite. Mfite igisebe ku kirenge kidakira kandi mfite diyabete kuva mu cyumweru gishize biragenda bikagaruka. Ntegereze cyangwa nsuzumwe ubu?",kinyarwanda,URGENT,chronic_care,kinyarwanda->kinyarwanda:URGENT:chronic_care,Mfite igisebe ku kirenge kidakira kandi mfite diyabete.,Mfite igisebe ku kirenge kidakira kandi mfite diyabete.
"Naje hano mbere, umwana wanjye yabyimbye ibirenge kandi ntashobora guhumeka neza iyo aragaramye kandi birushaho kuba bibi. Ni imiti ki nafata?",kinyarwanda,URGENT,chronic_care,kinyarwanda->kinyarwanda:URGENT:chronic_care,{REL} yabyimbye ibirenge kandi ntashobora guhumeka neza iyo aragaramye.,Nabyimbye ibirenge kandi sinshobora guhumeka neza iyo ndagaramye.
"Ndakeneye ubufasha, mama arababara cyane mu nda kandi ububabare ntibuhagarara kuva ejo. Abandi bana na bo bafite iki kibazo.",kinyarwanda,URGENT,gastrointestinal,kinyarwanda->kinyarwanda:URGENT:gastrointestinal,{REL} arababara cyane mu nda kandi ububabare ntibuhagarara.,Inda irandya cyane kandi ububabare ntibuhagarara.
Mfite umuhaha kuva mu cyumweru gishize nta miti imfasha. Mfasha muganga.,kinyarwanda,URGENT,paediatric,kinyarwanda->kinyarwanda:URGENT:paediatric,Mfite umuhaha.,Mfite umuhaha.
Mfite ikibazo ku mutwe kandi kirimo guterwa n'urumuri kuva mu masaha abiri ashize kandi ndahangayitse,kinyarwanda,URGENT,neurological,kinyarwanda->kinyarwanda:URGENT:neurological,Mfite ikibazo ku mutwe kandi kirimo guterwa n'urumuri.,Mfite ikibazo ku mutwe kandi kirimo guterwa n'urumuri.
"Muganga, mu rugo hari umuntu urwaye igituntu kandi ndashaka kwisuzumisha kuva ubu gitondo cya kare. Abandi bana na bo bafite iki kibazo. Naje mvuye kure.",kinyarwanda,URGENT,preventive,kinyarwanda->kinyarwanda:URGENT:preventive,Mu rugo hari umuntu urwaye igituntu kandi ndashaka kwisuzumisha.,Mu rugo hari umuntu urwaye igituntu kandi ndashaka kwisuzumisha.
"Muraho, ndatwite kandi nagagaye kuva mu cyumweru gishize kandi sinshobora gusinzira. Mfasha muganga.",kinyarwanda,CRITICAL,obstetric,kinyarwanda->kinyarwanda:CRITICAL:obstetric,Ndatwite kandi nagagaye.,Ndatwite kandi nagagaye.
"Mumbabarire, ndashaka kubabwira ikibazo mfite. Umukecuru nta miti ya SIDA afite kuva mu masaha abiri ashize. Abandi bana na bo bafite iki kibazo. Ntegereze cyangwa nsuzumwe ubu?",kinyarwanda,URGENT,chronic_care,kinyarwanda->kinyarwanda:URGENT:chronic_care,{REL} nta miti ya SIDA afite.,Nta miti ya SIDA mfite.
"Muganga, mfite igisebe ku kirenge kidakira kandi mfite diyabete kuva hashize iminsi ibiri. Naje mvuye kure.",kinyarwanda,URGENT,chronic_care,kinyarwanda->kinyarwanda:URGENT:chronic_care,Mfite igisebe ku kirenge kidakira kandi mfite diyabete.,Mfite igisebe ku kirenge kidakira kandi mfite diyabete.
Mu rugo hari umuntu urwaye igituntu kandi ndashaka kwisuzumisha kuva ijoro ryashize nta miti imfasha. Murakoze.,kinyarwanda,URGENT,preventive,kinyarwanda->kinyarwanda:URGENT:preventive,Mu rugo hari umuntu urwaye igituntu kandi ndashaka kwisuzumisha.,Mu rugo hari umuntu urwaye igituntu kandi ndashaka kwisuzumisha.
"Naje hano mbere, papa afite ibimenyetso bya malariya, umuriro n'imbeho kuva hashize icyumweru. Byatangiye gitunguranye.",kinyarwanda,URGENT,infectious_fever,kinyarwanda->kinyarwanda:URGENT:infectious_fever,"{REL} afite ibimenyetso bya malariya, umuriro n'imbeho.","Mfite ibimenyetso bya malariya, umuriro n'imbeho."
"Simbizi niba bikomeye ariko, umuvuduko w'amaraso wanjye wazamutse cyane kandi umutwe urandya cyane kuva hashize icyumweru. Abandi bana na bo bafite iki kibazo. Nkora iki?",kinyarwanda,URGENT,chronic_care,kinyarwanda->kinyarwanda:URGENT:chronic_care,Umuvuduko w'amaraso wanjye wazamutse cyane kandi umutwe urandya cyane.,Umuvuduko w'amaraso wanjye wazamutse cyane kandi umutwe urandya cyane.
"Simbizi niba bikomeye ariko, mushiki wanjye ari kubyara ariko umugozi w'umwana wabanje gusohoka kuva ubu gitondo cya kare. Byatangiye gitunguranye. Ese ibi birakomeye?",kinyarwanda,CRITICAL,obstetric,kinyarwanda->kinyarwanda:CRITICAL:obstetric,{REL} ari kubyara ariko umugozi w'umwana wabanje gusohoka.,Ndabyara ariko habanje gusohoka umugozi w'umwana.
"Mumbabarire, ndashaka kubabwira ikibazo mfite. Umuturanyi wanjye afite impiswi zikomeye kandi yagize umwuma kuva ejo. Abandi bana na bo bafite iki kibazo.",kinyarwanda,CRITICAL,gastrointestinal,kinyarwanda->kinyarwanda:CRITICAL:gastrointestinal,{REL} afite impiswi zikomeye kandi yagize umwuma.,{REL} afite impiswi zikomeye kandi yagize umwuma.
"Mfasha vuba, umuvuduko w'amaraso wanjye wazamutse cyane kandi umutwe urandya cyane kuva ubu gitondo cya kare. Byatangiye gitunguranye. Ndakeneye ubufasha vuba.",kinyarwanda,URGENT,chronic_care,kinyarwanda->kinyarwanda:URGENT:chronic_care,Umuvuduko w'amaraso wanjye wazamutse cyane kandi umutwe urandya cyane.,Umuvuduko w'amaraso wanjye wazamutse cyane kandi umutwe urandya cyane.
"Mumbabarire, ndashaka kubabwira ikibazo mfite. Ndashaka kugirwa inama ku mazi yo kunywa. Abandi bana na bo bafite iki kibazo. Ndakeneye ubufasha vuba.",kinyarwanda,ROUTINE,preventive,kinyarwanda->kinyarwanda:ROUTINE:preventive,Ndashaka kugirwa inama ku mazi yo kunywa.,Ndashaka kugirwa inama ku mazi yo kunywa.
Ndashaka kukubwira ikibazo mfite. Umuturanyi wanjye nta miti ya SIDA afite kuva ejo bikarushaho nijoro. Ntegereze cyangwa nsuzumwe ubu?,kinyarwanda,URGENT,chronic_care,kinyarwanda->kinyarwanda:URGENT:chronic_care,{REL} nta miti ya SIDA afite.,Nta miti ya SIDA mfite.
"Nyabuneka, umukecuru afite gahunda yo gukingiza umwana kuva hashize icyumweru kandi sinshobora gusinzira. Ni imiti ki nafata?",kinyarwanda,ROUTINE,preventive,kinyarwanda->kinyarwanda:ROUTINE:preventive,{REL} afite gahunda yo gukingiza umwana.,Mfite gahunda yo gukingiza umwana.
Ndashaka kukubwira ikibazo mfite. Maze umunsi wose mbabara ngerageza kubyara ariko umwana ntarasohoka kuva mu cyumweru gishize bikarushaho nijoro. Naje mvuye kure.,kinyarwanda,CRITICAL,obstetric,kinyarwanda->kinyarwanda:CRITICAL:obstetric,Maze umunsi wose mbabara ngerageza kubyara ariko umwana ntarasohoka.,Maze umunsi wose mbabara ngerageza kubyara ariko umwana ntarasohoka.
Ndashaka kukubwira ikibazo mfite. Mfite igisebe ku kirenge kidakira kandi mfite diyabete kuva mu gitondo. Byatangiye gitunguranye. Nkora iki?,kinyarwanda,URGENT,chronic_care,kinyarwanda->kinyarwanda:URGENT:chronic_care,Mfite igisebe ku kirenge kidakira kandi mfite diyabete.,Mfite igisebe ku kirenge kidakira kandi mfite diyabete.
"Mfasha, ndashaka kugirwa inama ku mazi yo kunywa kuva mu gitondo. Byatangiye gitunguranye. Ni imiti ki nafata?",kinyarwanda,ROUTINE,preventive,kinyarwanda->kinyarwanda:ROUTINE:preventive,Ndashaka kugirwa inama ku mazi yo kunywa.,Ndashaka kugirwa inama ku mazi yo kunywa.
Ndashaka kukubwira ikibazo mfite. Mama ahumeka bimugora cyane kandi iminwa ye yahindutse ibara kuva ubu gitondo cya kare kandi ndahangayitse. Ntabasha kubona amafaranga yo kongera kuza kwa muganga.,kinyarwanda,CRITICAL,cardiac_respiratory,kinyarwanda->kinyarwanda:CRITICAL:cardiac_respiratory,{REL} ahumeka bimugora cyane kandi iminwa ye yahindutse ibara.,guhumeka birangora cyane kandi iminwa yanjye yahindutse ibara
"Ndakeneye ubufasha, mama arababara cyane mu nda kandi ububabare ntibuhagarara kuva ijoro ryashize. Abandi bana na bo bafite iki kibazo. Mfasha muganga.",kinyarwanda,URGENT,gastrointestinal,kinyarwanda->kinyarwanda:URGENT:gastrointestinal,{REL} arababara cyane mu nda kandi ububabare ntibuhagarara.,Inda irandya cyane kandi ububabare ntibuhagarara.
"Muganga, mama ari kubyara ariko umugozi w'umwana wabanje gusohoka kuva mu gitondo. Naje mvuye kure.",kinyarwanda,CRITICAL,obstetric,kinyarwanda->kinyarwanda:CRITICAL:obstetric,{REL} ari kubyara ariko umugozi w'umwana wabanje gusohoka.,Ndabyara ariko habanje gusohoka umugozi w'umwana.
"Nyabuneka, mfite ikibazo ku mutwe kandi kirimo guterwa n'urumuri kuva hashize icyumweru biragenda bikagaruka. Ndakeneye ubufasha vuba.",kinyarwanda,URGENT,neurological,kinyarwanda->kinyarwanda:URGENT:neurological,Mfite ikibazo ku mutwe kandi kirimo guterwa n'urumuri.,Mfite ikibazo ku mutwe kandi kirimo guterwa n'urumuri.
"Mfasha, papa afite impiswi zikomeye kandi yagize umwuma kuva ijoro ryashize kandi sinshobora gusinzira. Mfasha muganga.",kinyarwanda,CRITICAL,gastrointestinal,kinyarwanda->kinyarwanda:CRITICAL:gastrointestinal,{REL} afite impiswi zikomeye kandi yagize umwuma.,{REL} afite impiswi zikomeye kandi yagize umwuma.
"Ndakeneye ubufasha, umugore wanjye afite igisebe ku kirenge kidakira kandi afite diyabete kuva hashize iminsi ibiri kandi sinshobora gusinzira. Mfasha muganga.",kinyarwanda,URGENT,chronic_care,kinyarwanda->kinyarwanda:URGENT:chronic_care,{REL} afite igisebe ku kirenge kidakira kandi afite diyabete.,Mfite igisebe ku kirenge kidakira kandi mfite diyabete.
"Mfasha, umugabo wanjye yabyimbye ibirenge kandi ntashobora guhumeka neza iyo aragaramye kuva hashize iminsi itatu nta miti imfasha. Ni imiti ki nafata?",kinyarwanda,URGENT,chronic_care,kinyarwanda->kinyarwanda:URGENT:chronic_care,{REL} yabyimbye ibirenge kandi ntashobora guhumeka neza iyo aragaramye.,Nabyimbye ibirenge kandi sinshobora guhumeka neza iyo ndagaramye.
"Muraho, mu rugo hari umuntu urwaye igituntu kandi ndashaka kwisuzumisha kuva ijoro ryashize kandi nta miti mfite. Ese ibi birakomeye?",kinyarwanda,URGENT,preventive,kinyarwanda->kinyarwanda:URGENT:preventive,Mu rugo hari umuntu urwaye igituntu kandi ndashaka kwisuzumisha.,Mu rugo hari umuntu urwaye igituntu kandi ndashaka kwisuzumisha.
"Umwana wanjye afite ibimenyetso bya malariya, umuriro n'imbeho kuva ijoro ryashize bikarushaho nijoro. Ndakeneye ubufasha vuba.",kinyarwanda,URGENT,infectious_fever,kinyarwanda->kinyarwanda:URGENT:infectious_fever,"{REL} afite ibimenyetso bya malariya, umuriro n'imbeho.","Mfite ibimenyetso bya malariya, umuriro n'imbeho."
"Nyabuneka, maze umunsi wose mbabara ngerageza kubyara ariko umwana ntarasohoka kuva mu cyumweru gishize. Abandi bana na bo bafite iki kibazo.",kinyarwanda,CRITICAL,obstetric,kinyarwanda->kinyarwanda:CRITICAL:obstetric,Maze umunsi wose mbabara ngerageza kubyara ariko umwana ntarasohoka.,Maze umunsi wose mbabara ngerageza kubyara ariko umwana ntarasohoka.
"Muganga, umugabo wanjye afite gahunda yo gukingiza umwana kuva ejo kandi birushaho kuba bibi. Murakoze.",kinyarwanda,ROUTINE,preventive,kinyarwanda->kinyarwanda:ROUTINE:preventive,{REL} afite gahunda yo gukingiza umwana.,Mfite gahunda yo gukingiza umwana.
"Nzanye umwana wanjye, ndashaka kugirwa inama ku mazi yo kunywa kuva mu cyumweru gishize kandi nta miti mfite. Murakoze.",kinyarwanda,ROUTINE,preventive,kinyarwanda->kinyarwanda:ROUTINE:preventive,Ndashaka kugirwa inama ku mazi yo kunywa.,Ndashaka kugirwa inama ku mazi yo kunywa.
"Nyabuneka, umukecuru afite igisebe ku kirenge kidakira kandi afite diyabete biragenda bikagaruka. Naje mvuye kure.",kinyarwanda,URGENT,chronic_care,kinyarwanda->kinyarwanda:URGENT:chronic_care,{REL} afite igisebe ku kirenge kidakira kandi afite diyabete.,Mfite igisebe ku kirenge kidakira kandi mfite diyabete.
"Muganga, papa afite ibimenyetso bya malariya, umuriro n'imbeho kuva ejo. Abandi bana na bo bafite iki kibazo. Ntegereze cyangwa nsuzumwe ubu?",kinyarwanda,URGENT,infectious_fever,kinyarwanda->kinyarwanda:URGENT:infectious_fever,"{REL} afite ibimenyetso bya malariya, umuriro n'imbeho.","Mfite ibimenyetso bya malariya, umuriro n'imbeho."
Ndashaka kukubwira ikibazo mfite. Umuturanyi wanjye arababara cyane mu nda kandi ububabare ntibuhagarara kuva hashize iminsi itatu. Byatangiye gitunguranye. Mfasha muganga.,kinyarwanda,URGENT,gastrointestinal,kinyarwanda->kinyarwanda:URGENT:gastrointestinal,{REL} arababara cyane mu nda kandi ububabare ntibuhagarara.,Inda irandya cyane kandi ububabare ntibuhagarara.
"Nyabuneka, mu rugo hari umuntu urwaye igituntu kandi umugabo wanjye ashaka kwisuzumisha kuva mu gitondo bikarushaho nijoro. Ndakeneye ubufasha vuba.",kinyarwanda,URGENT,preventive,kinyarwanda->kinyarwanda:URGENT:preventive,Mu rugo hari umuntu urwaye igituntu kandi {REL} ashaka kwisuzumisha.,Mu rugo hari umuntu urwaye igituntu kandi ndashaka kwisuzumisha.
"Nzanye umwana wanjye, ndashaka kugirwa inama ku mazi yo kunywa kuva mu gitondo kandi sinshobora gusinzira. Ntabasha kubona amafaranga yo kongera kuza kwa muganga.",kinyarwanda,ROUTINE,preventive,kinyarwanda->kinyarwanda:ROUTINE:preventive,Ndashaka kugirwa inama ku mazi yo kunywa.,Ndashaka kugirwa inama ku mazi yo kunywa.
"Ndakeneye ubufasha, ndatwite kandi nagagaye kuva ubu gitondo cya kare bikarushaho nijoro. Ntabasha kubona amafaranga yo kongera kuza kwa muganga.",kinyarwanda,CRITICAL,obstetric,kinyarwanda->kinyarwanda:CRITICAL:obstetric,Ndatwite kandi nagagaye.,Ndatwite kandi nagagaye.
"Nyabuneka, maze umunsi wose mbabara ngerageza kubyara ariko umwana ntarasohoka kuva ejo. Abandi bana na bo bafite iki kibazo. Naje mvuye kure.",kinyarwanda,CRITICAL,obstetric,kinyarwanda->kinyarwanda:CRITICAL:obstetric,Maze umunsi wose mbabara ngerageza kubyara ariko umwana ntarasohoka.,Maze umunsi wose mbabara ngerageza kubyara ariko umwana ntarasohoka.
"Mumbabarire, ndashaka kubabwira ikibazo mfite. Maze umunsi wose mbabara ngerageza kubyara ariko umwana ntarasohoka kuva mu masaha abiri ashize",kinyarwanda,CRITICAL,obstetric,kinyarwanda->kinyarwanda:CRITICAL:obstetric,Maze umunsi wose mbabara ngerageza kubyara ariko umwana ntarasohoka.,Maze umunsi wose mbabara ngerageza kubyara ariko umwana ntarasohoka.
"Mfasha vuba, umukecuru ahumeka bimugora cyane kandi iminwa ye yahindutse ibara kuva hashize icyumweru biragenda bikagaruka. Naje mvuye kure.",kinyarwanda,CRITICAL,cardiac_respiratory,kinyarwanda->kinyarwanda:CRITICAL:cardiac_respiratory,{REL} ahumeka bimugora cyane kandi iminwa ye yahindutse ibara.,guhumeka birangora cyane kandi iminwa yanjye yahindutse ibara
"Muganga, mushiki wanjye afite gahunda yo gukingiza umwana kuva hashize iminsi itatu. Byatangiye gitunguranye. Ndakeneye ubufasha vuba.",kinyarwanda,ROUTINE,preventive,kinyarwanda->kinyarwanda:ROUTINE:preventive,{REL} afite gahunda yo gukingiza umwana.,Mfite gahunda yo gukingiza umwana.
"Ndakeneye ubufasha, mfite umuhaha kuva mu cyumweru gishize kandi nta miti mfite. Mfasha muganga.",kinyarwanda,URGENT,paediatric,kinyarwanda->kinyarwanda:URGENT:paediatric,Mfite umuhaha.,Mfite umuhaha.
"Muraho, umugore wanjye afite igisebe ku kirenge kidakira kandi afite diyabete kuva hashize iminsi ibiri. Abandi bana na bo bafite iki kibazo. Murakoze.",kinyarwanda,URGENT,chronic_care,kinyarwanda->kinyarwanda:URGENT:chronic_care,{REL} afite igisebe ku kirenge kidakira kandi afite diyabete.,Mfite igisebe ku kirenge kidakira kandi mfite diyabete.
"Mfasha vuba, mushiki wanjye afite igisebe ku kirenge kidakira kandi afite diyabete kuva ubu gitondo cya kare. Abandi bana na bo bafite iki kibazo. Naje mvuye kure.",kinyarwanda,URGENT,chronic_care,kinyarwanda->kinyarwanda:URGENT:chronic_care,{REL} afite igisebe ku kirenge kidakira kandi afite diyabete.,Mfite igisebe ku kirenge kidakira kandi mfite diyabete.
"Nyabuneka, mu rugo hari umuntu urwaye igituntu kandi ndashaka kwisuzumisha kuva mu cyumweru gishize nta miti imfasha. Nkora iki?",kinyarwanda,URGENT,preventive,kinyarwanda->kinyarwanda:URGENT:preventive,Mu rugo hari umuntu urwaye igituntu kandi ndashaka kwisuzumisha.,Mu rugo hari umuntu urwaye igituntu kandi ndashaka kwisuzumisha.
"Mfasha, iyo umwana wanjye ahumetse cyane, arumva mu gituza hamubabaza kuva hashize icyumweru bikarushaho nijoro. Ntabasha kubona amafaranga yo kongera kuza kwa muganga.",kinyarwanda,URGENT,cardiac_respiratory,kinyarwanda->kinyarwanda:URGENT:cardiac_respiratory,"Iyo {REL} ahumetse cyane, arumva mu gituza hamubabaza.","Iyo {REL} ahumetse cyane, arumva mu gituza hamubabaza."
"Ndakeneye ubufasha, mama ari kubyara ariko umugozi w'umwana wabanje gusohoka kuva ejo. Byatangiye gitunguranye. Nkora iki?",kinyarwanda,CRITICAL,obstetric,kinyarwanda->kinyarwanda:CRITICAL:obstetric,{REL} ari kubyara ariko umugozi w'umwana wabanje gusohoka.,Ndabyara ariko habanje gusohoka umugozi w'umwana.
"Ndakeneye ubufasha, mfite umuhaha kuva ubu gitondo cya kare kandi sinshobora gusinzira. Ndakeneye ubufasha vuba.",kinyarwanda,URGENT,paediatric,kinyarwanda->kinyarwanda:URGENT:paediatric,Mfite umuhaha.,Mfite umuhaha.
"Muganga, umugabo wanjye yabyimbye ibirenge kandi ntashobora guhumeka neza iyo aragaramye kuva hashize iminsi ibiri kandi ndahangayitse. Ntabasha kubona amafaranga yo kongera kuza kwa muganga.",kinyarwanda,URGENT,chronic_care,kinyarwanda->kinyarwanda:URGENT:chronic_care,{REL} yabyimbye ibirenge kandi ntashobora guhumeka neza iyo aragaramye.,Nabyimbye ibirenge kandi sinshobora guhumeka neza iyo ndagaramye.
Mfite igisebe ku kirenge kidakira kandi mfite diyabete kuva mu gitondo. Mfasha muganga.,kinyarwanda,URGENT,chronic_care,kinyarwanda->kinyarwanda:URGENT:chronic_care,Mfite igisebe ku kirenge kidakira kandi mfite diyabete.,Mfite igisebe ku kirenge kidakira kandi mfite diyabete.
Mama afite igisebe ku kirenge kidakira kandi afite diyabete kuva hashize iminsi itatu bikarushaho nijoro. Nkora iki?,kinyarwanda,URGENT,chronic_care,kinyarwanda->kinyarwanda:URGENT:chronic_care,{REL} afite igisebe ku kirenge kidakira kandi afite diyabete.,Mfite igisebe ku kirenge kidakira kandi mfite diyabete.
"Simbizi niba bikomeye ariko, mu rugo hari umuntu urwaye igituntu kandi umuturanyi wanjye ashaka kwisuzumisha kuva mu masaha abiri ashize kandi ndahangayitse. Mfasha muganga.",kinyarwanda,URGENT,preventive,kinyarwanda->kinyarwanda:URGENT:preventive,Mu rugo hari umuntu urwaye igituntu kandi {REL} ashaka kwisuzumisha.,Mu rugo hari umuntu urwaye igituntu kandi ndashaka kwisuzumisha.
"Muganga, mfite igisebe ku kirenge kidakira kandi mfite diyabete kuva ubu gitondo cya kare nta miti imfasha. Ni imiti ki nafata?",kinyarwanda,URGENT,chronic_care,kinyarwanda->kinyarwanda:URGENT:chronic_care,Mfite igisebe ku kirenge kidakira kandi mfite diyabete.,Mfite igisebe ku kirenge kidakira kandi mfite diyabete.
"Muganga, mu rugo hari umuntu urwaye igituntu kandi mama ashaka kwisuzumisha kuva hashize icyumweru kandi ndahangayitse. Ntabasha kubona amafaranga yo kongera kuza kwa muganga.",kinyarwanda,URGENT,preventive,kinyarwanda->kinyarwanda:URGENT:preventive,Mu rugo hari umuntu urwaye igituntu kandi {REL} ashaka kwisuzumisha.,Mu rugo hari umuntu urwaye igituntu kandi ndashaka kwisuzumisha.
"Muraho, mu rugo hari umuntu urwaye igituntu kandi umwana wanjye ashaka kwisuzumisha kuva ejo. Urakoze.",kinyarwanda,URGENT,preventive,kinyarwanda->kinyarwanda:URGENT:preventive,Mu rugo hari umuntu urwaye igituntu kandi {REL} ashaka kwisuzumisha.,Mu rugo hari umuntu urwaye igituntu kandi ndashaka kwisuzumisha.
"Ndakeneye ubufasha, papa ahumeka bimugora cyane kandi iminwa ye yahindutse ibara kuva ejo kandi sinshobora gusinzira. Ese ibi birakomeye?",kinyarwanda,CRITICAL,cardiac_respiratory,kinyarwanda->kinyarwanda:CRITICAL:cardiac_respiratory,{REL} ahumeka bimugora cyane kandi iminwa ye yahindutse ibara.,guhumeka birangora cyane kandi iminwa yanjye yahindutse ibara
"Nyabuneka, umugabo wanjye afite gahunda yo gukingiza umwana kuva mu cyumweru gishize bikarushaho nijoro. Urakoze.",kinyarwanda,ROUTINE,preventive,kinyarwanda->kinyarwanda:ROUTINE:preventive,{REL} afite gahunda yo gukingiza umwana.,Mfite gahunda yo gukingiza umwana.
"Nyabuneka, maze iminsi itatu ndwaye impiswi zikomeye kuva ejo. Naje mvuye kure.",kinyarwanda,URGENT,gastrointestinal,kinyarwanda->kinyarwanda:URGENT:gastrointestinal,maze iminsi itatu ndwaye impiswi zikomeye,maze iminsi itatu ndwaye impiswi zikomeye
"Mfasha, umugabo wanjye nta miti ya SIDA afite kuva mu masaha abiri ashize kandi sinshobora gusinzira. Ndakeneye ubufasha vuba.",kinyarwanda,URGENT,chronic_care,kinyarwanda->kinyarwanda:URGENT:chronic_care,{REL} nta miti ya SIDA afite.,Nta miti ya SIDA mfite.
"Nyabuneka, mu rugo hari umuntu urwaye igituntu kandi umukecuru ashaka kwisuzumisha kuva hashize icyumweru. Abandi bana na bo bafite iki kibazo. Nkora iki?",kinyarwanda,URGENT,preventive,kinyarwanda->kinyarwanda:URGENT:preventive,Mu rugo hari umuntu urwaye igituntu kandi {REL} ashaka kwisuzumisha.,Mu rugo hari umuntu urwaye igituntu kandi ndashaka kwisuzumisha.
"Mfasha vuba, mfite umuhaha kuva ubu gitondo cya kare. Byatangiye gitunguranye. Ntabasha kubona amafaranga yo kongera kuza kwa muganga.",kinyarwanda,URGENT,paediatric,kinyarwanda->kinyarwanda:URGENT:paediatric,Mfite umuhaha.,Mfite umuhaha.
"Mfasha vuba, umuvuduko w'amaraso wanjye wazamutse cyane kandi umutwe urandya cyane kuva ijoro ryashize biragenda bikagaruka. Murakoze.",kinyarwanda,URGENT,chronic_care,kinyarwanda->kinyarwanda:URGENT:chronic_care,Umuvuduko w'amaraso wanjye wazamutse cyane kandi umutwe urandya cyane.,Umuvuduko w'amaraso wanjye wazamutse cyane kandi umutwe urandya cyane.
"Mumbabarire, ndashaka kubabwira ikibazo mfite. Ndashaka kugirwa inama ku mazi yo kunywa kandi birushaho kuba bibi. Ntegereze cyangwa nsuzumwe ubu?",kinyarwanda,ROUTINE,preventive,kinyarwanda->kinyarwanda:ROUTINE:preventive,Ndashaka kugirwa inama ku mazi yo kunywa.,Ndashaka kugirwa inama ku mazi yo kunywa.
"Nyabuneka, papa afite igisebe ku kirenge kidakira kandi afite diyabete kuva hashize iminsi itatu kandi birushaho kuba bibi. Ni imiti ki nafata?",kinyarwanda,URGENT,chronic_care,kinyarwanda->kinyarwanda:URGENT:chronic_care,{REL} afite igisebe ku kirenge kidakira kandi afite diyabete.,Mfite igisebe ku kirenge kidakira kandi mfite diyabete.
"Nyabuneka, mfite igisebe ku kirenge kidakira kandi mfite diyabete kuva ubu gitondo cya kare biragenda bikagaruka. Nkora iki?",kinyarwanda,URGENT,chronic_care,kinyarwanda->kinyarwanda:URGENT:chronic_care,Mfite igisebe ku kirenge kidakira kandi mfite diyabete.,Mfite igisebe ku kirenge kidakira kandi mfite diyabete.
"Nzanye umwana wanjye, umugore wanjye afite ibimenyetso bya malariya, umuriro n'imbeho kuva mu cyumweru gishize. Mfasha muganga.",kinyarwanda,URGENT,infectious_fever,kinyarwanda->kinyarwanda:URGENT:infectious_fever,"{REL} afite ibimenyetso bya malariya, umuriro n'imbeho.","Mfite ibimenyetso bya malariya, umuriro n'imbeho."
"Simbizi niba bikomeye ariko, mama afite impiswi zikomeye kandi yagize umwuma kuva hashize iminsi ibiri bikarushaho nijoro. Ndakeneye ubufasha vuba.",kinyarwanda,CRITICAL,gastrointestinal,kinyarwanda->kinyarwanda:CRITICAL:gastrointestinal,{REL} afite impiswi zikomeye kandi yagize umwuma.,{REL} afite impiswi zikomeye kandi yagize umwuma.
"Nzanye umwana wanjye, mushiki wanjye afite impiswi zikomeye kandi yagize umwuma kuva ubu gitondo cya kare kandi sinshobora gusinzira. Ntabasha kubona amafaranga yo kongera kuza kwa muganga.",kinyarwanda,CRITICAL,gastrointestinal,kinyarwanda->kinyarwanda:CRITICAL:gastrointestinal,{REL} afite impiswi zikomeye kandi yagize umwuma.,{REL} afite impiswi zikomeye kandi yagize umwuma.
"Ndakeneye ubufasha, ndatwite kandi nagagaye kuva ejo kandi nta miti mfite. Ni imiti ki nafata?",kinyarwanda,CRITICAL,obstetric,kinyarwanda->kinyarwanda:CRITICAL:obstetric,Ndatwite kandi nagagaye.,Ndatwite kandi nagagaye.
"Mfasha, umugore wanjye afite gahunda yo gukingiza umwana kuva mu masaha abiri ashize nta miti imfasha. Nkora iki?",kinyarwanda,ROUTINE,preventive,kinyarwanda->kinyarwanda:ROUTINE:preventive,{REL} afite gahunda yo gukingiza umwana.,Mfite gahunda yo gukingiza umwana.
"Nzanye umwana wanjye, mushiki wanjye yabyimbye ibirenge kandi ntashobora guhumeka neza iyo aragaramye kuva mu masaha abiri ashize nta miti imfasha. Nkora iki?",kinyarwanda,URGENT,chronic_care,kinyarwanda->kinyarwanda:URGENT:chronic_care,{REL} yabyimbye ibirenge kandi ntashobora guhumeka neza iyo aragaramye.,Nabyimbye ibirenge kandi sinshobora guhumeka neza iyo ndagaramye.
"Simbizi niba bikomeye ariko, maze iminsi itatu ndwaye impiswi zikomeye kuva ijoro ryashize nta miti imfasha. Urakoze.",kinyarwanda,URGENT,gastrointestinal,kinyarwanda->kinyarwanda:URGENT:gastrointestinal,maze iminsi itatu ndwaye impiswi zikomeye,maze iminsi itatu ndwaye impiswi zikomeye
"Muganga, iyo umuturanyi wanjye ahumetse cyane, arumva mu gituza hamubabaza kuva mu masaha abiri ashize biragenda bikagaruka. Mfasha muganga.",kinyarwanda,URGENT,cardiac_respiratory,kinyarwanda->kinyarwanda:URGENT:cardiac_respiratory,"Iyo {REL} ahumetse cyane, arumva mu gituza hamubabaza.","Iyo {REL} ahumetse cyane, arumva mu gituza hamubabaza."
"Ndakeneye ubufasha, mu rugo hari umuntu urwaye igituntu kandi ndashaka kwisuzumisha kuva ubu gitondo cya kare kandi sinshobora gusinzira. Ntegereze cyangwa nsuzumwe ubu?",kinyarwanda,URGENT,preventive,kinyarwanda->kinyarwanda:URGENT:preventive,Mu rugo hari umuntu urwaye igituntu kandi ndashaka kwisuzumisha.,Mu rugo hari umuntu urwaye igituntu kandi ndashaka kwisuzumisha.
"Simbizi niba bikomeye ariko, ndashaka kugirwa inama ku mazi yo kunywa kuva mu gitondo nta miti imfasha. Murakoze.",kinyarwanda,ROUTINE,preventive,kinyarwanda->kinyarwanda:ROUTINE:preventive,Ndashaka kugirwa inama ku mazi yo kunywa.,Ndashaka kugirwa inama ku mazi yo kunywa.
"Mumbabarire, ndashaka kubabwira ikibazo mfite. Mushiki wanjye nta miti ya SIDA afite. Abandi bana na bo bafite iki kibazo.",kinyarwanda,URGENT,chronic_care,kinyarwanda->kinyarwanda:URGENT:chronic_care,{REL} nta miti ya SIDA afite.,Nta miti ya SIDA mfite.
"Nzanye umwana wanjye, umugore wanjye ahumeka bimugora cyane kandi iminwa ye yahindutse ibara kuva ijoro ryashize kandi birushaho kuba bibi. Nkora iki?",kinyarwanda,CRITICAL,cardiac_respiratory,kinyarwanda->kinyarwanda:CRITICAL:cardiac_respiratory,{REL} ahumeka bimugora cyane kandi iminwa ye yahindutse ibara.,guhumeka birangora cyane kandi iminwa yanjye yahindutse ibara
"Naje hano mbere, umuturanyi wanjye afite gahunda yo gukingiza umwana kuva mu cyumweru gishize biragenda bikagaruka. Ntegereze cyangwa nsuzumwe ubu?",kinyarwanda,ROUTINE,preventive,kinyarwanda->kinyarwanda:ROUTINE:preventive,{REL} afite gahunda yo gukingiza umwana.,Mfite gahunda yo gukingiza umwana.
"Muraho, mfite ikibazo ku mutwe kandi kirimo guterwa n'urumuri kuva mu gitondo. Abandi bana na bo bafite iki kibazo. Urakoze.",kinyarwanda,URGENT,neurological,kinyarwanda->kinyarwanda:URGENT:neurological,Mfite ikibazo ku mutwe kandi kirimo guterwa n'urumuri.,Mfite ikibazo ku mutwe kandi kirimo guterwa n'urumuri.
"Nyabuneka, maze umunsi wose mbabara ngerageza kubyara ariko umwana ntarasohoka kuva mu gitondo bikarushaho nijoro. Naje mvuye kure.",kinyarwanda,CRITICAL,obstetric,kinyarwanda->kinyarwanda:CRITICAL:obstetric,Maze umunsi wose mbabara ngerageza kubyara ariko umwana ntarasohoka.,Maze umunsi wose mbabara ngerageza kubyara ariko umwana ntarasohoka.
Mu rugo hari umuntu urwaye igituntu kandi ndashaka kwisuzumisha kuva ubu gitondo cya kare. Ni imiti ki nafata?,kinyarwanda,URGENT,preventive,kinyarwanda->kinyarwanda:URGENT:preventive,Mu rugo hari umuntu urwaye igituntu kandi ndashaka kwisuzumisha.,Mu rugo hari umuntu urwaye igituntu kandi ndashaka kwisuzumisha.
Mfite umuhaha kuva ejo. Ese ibi birakomeye?,kinyarwanda,URGENT,paediatric,kinyarwanda->kinyarwanda:URGENT:paediatric,Mfite umuhaha.,Mfite umuhaha.
"Muganga, mu rugo hari umuntu urwaye igituntu kandi umukecuru ashaka kwisuzumisha kuva ejo bikarushaho nijoro. Naje mvuye kure.",kinyarwanda,URGENT,preventive,kinyarwanda->kinyarwanda:URGENT:preventive,Mu rugo hari umuntu urwaye igituntu kandi {REL} ashaka kwisuzumisha.,Mu rugo hari umuntu urwaye igituntu kandi ndashaka kwisuzumisha.
"Nzanye umwana wanjye, ndatwite kandi nagagaye kuva mu cyumweru gishize biragenda bikagaruka. Ese ibi birakomeye?",kinyarwanda,CRITICAL,obstetric,kinyarwanda->kinyarwanda:CRITICAL:obstetric,Ndatwite kandi nagagaye.,Ndatwite kandi nagagaye.
Ndashaka kukubwira ikibazo mfite. Umugabo wanjye arababara cyane mu nda kandi ububabare ntibuhagarara kuva ejo. Abandi bana na bo bafite iki kibazo. Ni imiti ki nafata?,kinyarwanda,URGENT,gastrointestinal,kinyarwanda->kinyarwanda:URGENT:gastrointestinal,{REL} arababara cyane mu nda kandi ububabare ntibuhagarara.,Inda irandya cyane kandi ububabare ntibuhagarara.
"Muraho, umugabo wanjye afite impiswi zikomeye kandi yagize umwuma kuva mu cyumweru gishize bikarushaho nijoro. Ni imiti ki nafata?",kinyarwanda,CRITICAL,gastrointestinal,kinyarwanda->kinyarwanda:CRITICAL:gastrointestinal,{REL} afite impiswi zikomeye kandi yagize umwuma.,{REL} afite impiswi zikomeye kandi yagize umwuma.
"Mfasha vuba, umukecuru afite impiswi zikomeye kandi yagize umwuma kuva ejo. Byatangiye gitunguranye. Ndakeneye ubufasha vuba.",kinyarwanda,CRITICAL,gastrointestinal,kinyarwanda->kinyarwanda:CRITICAL:gastrointestinal,{REL} afite impiswi zikomeye kandi yagize umwuma.,{REL} afite impiswi zikomeye kandi yagize umwuma.
Ndashaka kukubwira ikibazo mfite. Umugore wanjye yabyimbye ibirenge kandi ntashobora guhumeka neza iyo aragaramye kuva mu cyumweru gishize bikarushaho nijoro. Ese ibi birakomeye?,kinyarwanda,URGENT,chronic_care,kinyarwanda->kinyarwanda:URGENT:chronic_care,{REL} yabyimbye ibirenge kandi ntashobora guhumeka neza iyo aragaramye.,Nabyimbye ibirenge kandi sinshobora guhumeka neza iyo ndagaramye.
"Muraho, mushiki wanjye ari kubyara ariko umugozi w'umwana wabanje gusohoka kuva mu cyumweru gishize kandi sinshobora gusinzira. Ese ibi birakomeye?",kinyarwanda,CRITICAL,obstetric,kinyarwanda->kinyarwanda:CRITICAL:obstetric,{REL} ari kubyara ariko umugozi w'umwana wabanje gusohoka.,Ndabyara ariko habanje gusohoka umugozi w'umwana.
"Nzanye umwana wanjye, umugore wanjye ari kubyara ariko umugozi w'umwana wabanje gusohoka kuva mu masaha abiri ashize kandi birushaho kuba bibi. Ni imiti ki nafata?",kinyarwanda,CRITICAL,obstetric,kinyarwanda->kinyarwanda:CRITICAL:obstetric,{REL} ari kubyara ariko umugozi w'umwana wabanje gusohoka.,Ndabyara ariko habanje gusohoka umugozi w'umwana.
"Mfasha, umuturanyi wanjye afite igisebe ku kirenge kidakira kandi afite diyabete kuva mu gitondo. Ese ibi birakomeye?",kinyarwanda,URGENT,chronic_care,kinyarwanda->kinyarwanda:URGENT:chronic_care,{REL} afite igisebe ku kirenge kidakira kandi afite diyabete.,Mfite igisebe ku kirenge kidakira kandi mfite diyabete.
"Ndakeneye ubufasha, mu rugo hari umuntu urwaye igituntu kandi ndashaka kwisuzumisha kuva mu gitondo. Ntabasha kubona amafaranga yo kongera kuza kwa muganga.",kinyarwanda,URGENT,preventive,kinyarwanda->kinyarwanda:URGENT:preventive,Mu rugo hari umuntu urwaye igituntu kandi ndashaka kwisuzumisha.,Mu rugo hari umuntu urwaye igituntu kandi ndashaka kwisuzumisha.
"Muraho, mfite ikibazo ku mutwe kandi kirimo guterwa n'urumuri kuva mu gitondo kandi sinshobora gusinzira. Ni imiti ki nafata?",kinyarwanda,URGENT,neurological,kinyarwanda->kinyarwanda:URGENT:neurological,Mfite ikibazo ku mutwe kandi kirimo guterwa n'urumuri.,Mfite ikibazo ku mutwe kandi kirimo guterwa n'urumuri.
"Iyo mushiki wanjye ahumetse cyane, arumva mu gituza hamubabaza kuva hashize iminsi ibiri kandi nta miti mfite. Ni imiti ki nafata?",kinyarwanda,URGENT,cardiac_respiratory,kinyarwanda->kinyarwanda:URGENT:cardiac_respiratory,"Iyo {REL} ahumetse cyane, arumva mu gituza hamubabaza.","Iyo {REL} ahumetse cyane, arumva mu gituza hamubabaza."
"Mfasha, umuturanyi wanjye afite impiswi zikomeye kandi yagize umwuma kandi birushaho kuba bibi. Naje mvuye kure.",kinyarwanda,CRITICAL,gastrointestinal,kinyarwanda->kinyarwanda:CRITICAL:gastrointestinal,{REL} afite impiswi zikomeye kandi yagize umwuma.,{REL} afite impiswi zikomeye kandi yagize umwuma.
"Nzanye umwana wanjye, ndashaka kugirwa inama ku mazi yo kunywa kuva ijoro ryashize. Ntabasha kubona amafaranga yo kongera kuza kwa muganga.",kinyarwanda,ROUTINE,preventive,kinyarwanda->kinyarwanda:ROUTINE:preventive,Ndashaka kugirwa inama ku mazi yo kunywa.,Ndashaka kugirwa inama ku mazi yo kunywa.
"Ndakeneye ubufasha, mu rugo hari umuntu urwaye igituntu kandi ndashaka kwisuzumisha kuva ubu gitondo cya kare kandi birushaho kuba bibi. Ese ibi birakomeye?",kinyarwanda,URGENT,preventive,kinyarwanda->kinyarwanda:URGENT:preventive,Mu rugo hari umuntu urwaye igituntu kandi ndashaka kwisuzumisha.,Mu rugo hari umuntu urwaye igituntu kandi ndashaka kwisuzumisha.
"Muraho, ndatwite kandi nagagaye kuva ejo. Ntegereze cyangwa nsuzumwe ubu?",kinyarwanda,CRITICAL,obstetric,kinyarwanda->kinyarwanda:CRITICAL:obstetric,Ndatwite kandi nagagaye.,Ndatwite kandi nagagaye.
"Naje hano mbere, mfite ikibazo ku mutwe kandi kirimo guterwa n'urumuri kuva mu masaha abiri ashize kandi nta miti mfite. Naje mvuye kure.",kinyarwanda,URGENT,neurological,kinyarwanda->kinyarwanda:URGENT:neurological,Mfite ikibazo ku mutwe kandi kirimo guterwa n'urumuri.,Mfite ikibazo ku mutwe kandi kirimo guterwa n'urumuri.
"Nyabuneka, ndatwite kandi nagagaye kuva hashize icyumweru nta miti imfasha. Ntegereze cyangwa nsuzumwe ubu?",kinyarwanda,CRITICAL,obstetric,kinyarwanda->kinyarwanda:CRITICAL:obstetric,Ndatwite kandi nagagaye.,Ndatwite kandi nagagaye.
"Mfasha vuba, ndatwite kandi nagagaye. Ni imiti ki nafata?",kinyarwanda,CRITICAL,obstetric,kinyarwanda->kinyarwanda:CRITICAL:obstetric,Ndatwite kandi nagagaye.,Ndatwite kandi nagagaye.
"Mfasha, umukecuru nta miti ya SIDA afite kuva ubu gitondo cya kare kandi nta miti mfite. Mfasha muganga.",kinyarwanda,URGENT,chronic_care,kinyarwanda->kinyarwanda:URGENT:chronic_care,{REL} nta miti ya SIDA afite.,Nta miti ya SIDA mfite.
"Mfasha, papa afite ibimenyetso bya malariya, umuriro n'imbeho kuva ubu gitondo cya kare kandi nta miti mfite. Ni imiti ki nafata?",kinyarwanda,URGENT,infectious_fever,kinyarwanda->kinyarwanda:URGENT:infectious_fever,"{REL} afite ibimenyetso bya malariya, umuriro n'imbeho.","Mfite ibimenyetso bya malariya, umuriro n'imbeho."
"Mumbabarire, ndashaka kubabwira ikibazo mfite. Papa afite gahunda yo gukingiza umwana kuva hashize iminsi ibiri. Abandi bana na bo bafite iki kibazo. Ese ibi birakomeye?",kinyarwanda,ROUTINE,preventive,kinyarwanda->kinyarwanda:ROUTINE:preventive,{REL} afite gahunda yo gukingiza umwana.,Mfite gahunda yo gukingiza umwana.
"Mfasha, umugore wanjye afite impiswi zikomeye kandi yagize umwuma kuva mu masaha abiri ashize. Abandi bana na bo bafite iki kibazo.",kinyarwanda,CRITICAL,gastrointestinal,kinyarwanda->kinyarwanda:CRITICAL:gastrointestinal,{REL} afite impiswi zikomeye kandi yagize umwuma.,{REL} afite impiswi zikomeye kandi yagize umwuma.
"Mumbabarire, ndashaka kubabwira ikibazo mfite. Ndashaka kugirwa inama ku mazi yo kunywa kuva mu gitondo kandi ndahangayitse. Ndakeneye ubufasha vuba.",kinyarwanda,ROUTINE,preventive,kinyarwanda->kinyarwanda:ROUTINE:preventive,Ndashaka kugirwa inama ku mazi yo kunywa.,Ndashaka kugirwa inama ku mazi yo kunywa.
"Ndakeneye ubufasha, maze iminsi itatu ndwaye impiswi zikomeye kuva ubu gitondo cya kare kandi ndahangayitse. Ntabasha kubona amafaranga yo kongera kuza kwa muganga.",kinyarwanda,URGENT,gastrointestinal,kinyarwanda->kinyarwanda:URGENT:gastrointestinal,maze iminsi itatu ndwaye impiswi zikomeye,maze iminsi itatu ndwaye impiswi zikomeye
"Mfasha, mushiki wanjye yabyimbye ibirenge kandi ntashobora guhumeka neza iyo aragaramye kuva hashize icyumweru nta miti imfasha. Naje mvuye kure.",kinyarwanda,URGENT,chronic_care,kinyarwanda->kinyarwanda:URGENT:chronic_care,{REL} yabyimbye ibirenge kandi ntashobora guhumeka neza iyo aragaramye.,Nabyimbye ibirenge kandi sinshobora guhumeka neza iyo ndagaramye.
"Mumbabarire, ndashaka kubabwira ikibazo mfite. Umwana wanjye afite ibimenyetso bya malariya, umuriro n'imbeho kuva mu masaha abiri ashize kandi ndahangayitse. Nkora iki?",kinyarwanda,URGENT,infectious_fever,kinyarwanda->kinyarwanda:URGENT:infectious_fever,"{REL} afite ibimenyetso bya malariya, umuriro n'imbeho.","Mfite ibimenyetso bya malariya, umuriro n'imbeho."
"Mfasha vuba, mushiki wanjye arababara cyane mu nda kandi ububabare ntibuhagarara kuva ijoro ryashize kandi nta miti mfite. Ntegereze cyangwa nsuzumwe ubu?",kinyarwanda,URGENT,gastrointestinal,kinyarwanda->kinyarwanda:URGENT:gastrointestinal,{REL} arababara cyane mu nda kandi ububabare ntibuhagarara.,Inda irandya cyane kandi ububabare ntibuhagarara.
"Simbizi niba bikomeye ariko, mfite umuhaha kandi nta miti mfite. Urakoze.",kinyarwanda,URGENT,paediatric,kinyarwanda->kinyarwanda:URGENT:paediatric,Mfite umuhaha.,Mfite umuhaha.
"Mfasha, mushiki wanjye afite igisebe ku kirenge kidakira kandi afite diyabete kuva hashize iminsi ibiri kandi birushaho kuba bibi. Naje mvuye kure.",kinyarwanda,URGENT,chronic_care,kinyarwanda->kinyarwanda:URGENT:chronic_care,{REL} afite igisebe ku kirenge kidakira kandi afite diyabete.,Mfite igisebe ku kirenge kidakira kandi mfite diyabete.
"Nzanye umwana wanjye, umugore wanjye afite igisebe ku kirenge kidakira kandi afite diyabete kandi sinshobora gusinzira",kinyarwanda,URGENT,chronic_care,kinyarwanda->kinyarwanda:URGENT:chronic_care,{REL} afite igisebe ku kirenge kidakira kandi afite diyabete.,Mfite igisebe ku kirenge kidakira kandi mfite diyabete.
"Simbizi niba bikomeye ariko, ndashaka kugirwa inama ku mazi yo kunywa kuva ijoro ryashize kandi ndahangayitse. Ese ibi birakomeye?",kinyarwanda,ROUTINE,preventive,kinyarwanda->kinyarwanda:ROUTINE:preventive,Ndashaka kugirwa inama ku mazi yo kunywa.,Ndashaka kugirwa inama ku mazi yo kunywa.
Umugabo wanjye nta miti ya SIDA afite kandi birushaho kuba bibi. Ni imiti ki nafata?,kinyarwanda,URGENT,chronic_care,kinyarwanda->kinyarwanda:URGENT:chronic_care,{REL} nta miti ya SIDA afite.,Nta miti ya SIDA mfite.
"Nzanye umwana wanjye, mama afite impiswi zikomeye kandi yagize umwuma kuva ejo nta miti imfasha. Ni imiti ki nafata?",kinyarwanda,CRITICAL,gastrointestinal,kinyarwanda->kinyarwanda:CRITICAL:gastrointestinal,{REL} afite impiswi zikomeye kandi yagize umwuma.,{REL} afite impiswi zikomeye kandi yagize umwuma.
"Mumbabarire, ndashaka kubabwira ikibazo mfite. Mfite igisebe ku kirenge kidakira kandi mfite diyabete kuva hashize iminsi ibiri kandi ndahangayitse. Urakoze.",kinyarwanda,URGENT,chronic_care,kinyarwanda->kinyarwanda:URGENT:chronic_care,Mfite igisebe ku kirenge kidakira kandi mfite diyabete.,Mfite igisebe ku kirenge kidakira kandi mfite diyabete.
"Mfasha vuba, maze iminsi itatu ndwaye impiswi zikomeye kuva hashize iminsi ibiri nta miti imfasha. Mfasha muganga.",kinyarwanda,URGENT,gastrointestinal,kinyarwanda->kinyarwanda:URGENT:gastrointestinal,maze iminsi itatu ndwaye impiswi zikomeye,maze iminsi itatu ndwaye impiswi zikomeye
"Nyabuneka, umukecuru yabyimbye ibirenge kandi ntashobora guhumeka neza iyo aragaramye kuva hashize icyumweru. Urakoze.",kinyarwanda,URGENT,chronic_care,kinyarwanda->kinyarwanda:URGENT:chronic_care,{REL} yabyimbye ibirenge kandi ntashobora guhumeka neza iyo aragaramye.,Nabyimbye ibirenge kandi sinshobora guhumeka neza iyo ndagaramye.
Ndashaka kukubwira ikibazo mfite. Umugabo wanjye afite impiswi zikomeye kandi yagize umwuma kuva mu gitondo kandi nta miti mfite. Ntabasha kubona amafaranga yo kongera kuza kwa muganga.,kinyarwanda,CRITICAL,gastrointestinal,kinyarwanda->kinyarwanda:CRITICAL:gastrointestinal,{REL} afite impiswi zikomeye kandi yagize umwuma.,{REL} afite impiswi zikomeye kandi yagize umwuma.
"Mfasha, mushiki wanjye afite igisebe ku kirenge kidakira kandi afite diyabete kuva mu cyumweru gishize kandi sinshobora gusinzira. Ntegereze cyangwa nsuzumwe ubu?",kinyarwanda,URGENT,chronic_care,kinyarwanda->kinyarwanda:URGENT:chronic_care,{REL} afite igisebe ku kirenge kidakira kandi afite diyabete.,Mfite igisebe ku kirenge kidakira kandi mfite diyabete.
"Ndashaka kukubwira ikibazo mfite. Mama afite ibimenyetso bya malariya, umuriro n'imbeho. Mfasha muganga.",kinyarwanda,URGENT,infectious_fever,kinyarwanda->kinyarwanda:URGENT:infectious_fever,"{REL} afite ibimenyetso bya malariya, umuriro n'imbeho.","Mfite ibimenyetso bya malariya, umuriro n'imbeho."
"Nyabuneka, umuturanyi wanjye afite gahunda yo gukingiza umwana kandi nta miti mfite",kinyarwanda,ROUTINE,preventive,kinyarwanda->kinyarwanda:ROUTINE:preventive,{REL} afite gahunda yo gukingiza umwana.,Mfite gahunda yo gukingiza umwana.
Ndashaka kukubwira ikibazo mfite. Umukecuru arababara cyane mu nda kandi ububabare ntibuhagarara kuva ijoro ryashize kandi sinshobora gusinzira,kinyarwanda,URGENT,gastrointestinal,kinyarwanda->kinyarwanda:URGENT:gastrointestinal,{REL} arababara cyane mu nda kandi ububabare ntibuhagarara.,Inda irandya cyane kandi ububabare ntibuhagarara.
"Nzanye umwana wanjye, maze umunsi wose mbabara ngerageza kubyara ariko umwana ntarasohoka kuva hashize icyumweru kandi nta miti mfite. Naje mvuye kure.",kinyarwanda,CRITICAL,obstetric,kinyarwanda->kinyarwanda:CRITICAL:obstetric,Maze umunsi wose mbabara ngerageza kubyara ariko umwana ntarasohoka.,Maze umunsi wose mbabara ngerageza kubyara ariko umwana ntarasohoka.
"Nzanye umwana wanjye, umukecuru ahumeka bimugora cyane kandi iminwa ye yahindutse ibara kandi sinshobora gusinzira. Ntabasha kubona amafaranga yo kongera kuza kwa muganga.",kinyarwanda,CRITICAL,cardiac_respiratory,kinyarwanda->kinyarwanda:CRITICAL:cardiac_respiratory,{REL} ahumeka bimugora cyane kandi iminwa ye yahindutse ibara.,guhumeka birangora cyane kandi iminwa yanjye yahindutse ibara
"Muganga, umwana wanjye yabyimbye ibirenge kandi ntashobora guhumeka neza iyo aragaramye kuva hashize icyumweru bikarushaho nijoro",kinyarwanda,URGENT,chronic_care,kinyarwanda->kinyarwanda:URGENT:chronic_care,{REL} yabyimbye ibirenge kandi ntashobora guhumeka neza iyo aragaramye.,Nabyimbye ibirenge kandi sinshobora guhumeka neza iyo ndagaramye.
"Simbizi niba bikomeye ariko, mu rugo hari umuntu urwaye igituntu kandi umugore wanjye ashaka kwisuzumisha kuva mu masaha abiri ashize kandi ndahangayitse. Ni imiti ki nafata?",kinyarwanda,URGENT,preventive,kinyarwanda->kinyarwanda:URGENT:preventive,Mu rugo hari umuntu urwaye igituntu kandi {REL} ashaka kwisuzumisha.,Mu rugo hari umuntu urwaye igituntu kandi ndashaka kwisuzumisha.
"Mfasha, umuvuduko w'amaraso wanjye wazamutse cyane kandi umutwe urandya cyane. Abandi bana na bo bafite iki kibazo. Ntabasha kubona amafaranga yo kongera kuza kwa muganga.",kinyarwanda,URGENT,chronic_care,kinyarwanda->kinyarwanda:URGENT:chronic_care,Umuvuduko w'amaraso wanjye wazamutse cyane kandi umutwe urandya cyane.,Umuvuduko w'amaraso wanjye wazamutse cyane kandi umutwe urandya cyane.
"Mfasha, ndatwite kandi nagagaye kuva mu cyumweru gishize bikarushaho nijoro. Ntabasha kubona amafaranga yo kongera kuza kwa muganga.",kinyarwanda,CRITICAL,obstetric,kinyarwanda->kinyarwanda:CRITICAL:obstetric,Ndatwite kandi nagagaye.,Ndatwite kandi nagagaye.
"Ndakeneye ubufasha, iyo umugabo wanjye ahumetse cyane, arumva mu gituza hamubabaza kuva hashize iminsi ibiri kandi ndahangayitse. Urakoze.",kinyarwanda,URGENT,cardiac_respiratory,kinyarwanda->kinyarwanda:URGENT:cardiac_respiratory,"Iyo {REL} ahumetse cyane, arumva mu gituza hamubabaza.","Iyo {REL} ahumetse cyane, arumva mu gituza hamubabaza."
"Muraho, papa nta miti ya SIDA afite kuva hashize icyumweru kandi sinshobora gusinzira. Nkora iki?",kinyarwanda,URGENT,chronic_care,kinyarwanda->kinyarwanda:URGENT:chronic_care,{REL} nta miti ya SIDA afite.,Nta miti ya SIDA mfite.
"Nzanye umwana wanjye, umugore wanjye ari kubyara ariko umugozi w'umwana wabanje gusohoka kuva ijoro ryashize. Ndakeneye ubufasha vuba.",kinyarwanda,CRITICAL,obstetric,kinyarwanda->kinyarwanda:CRITICAL:obstetric,{REL} ari kubyara ariko umugozi w'umwana wabanje gusohoka.,Ndabyara ariko habanje gusohoka umugozi w'umwana.
"Nyabuneka, mama afite gahunda yo gukingiza umwana kuva mu masaha abiri ashize. Abandi bana na bo bafite iki kibazo. Ndakeneye ubufasha vuba.",kinyarwanda,ROUTINE,preventive,kinyarwanda->kinyarwanda:ROUTINE:preventive,{REL} afite gahunda yo gukingiza umwana.,Mfite gahunda yo gukingiza umwana.
"Muganga, mama afite gahunda yo gukingiza umwana kuva mu cyumweru gishize. Byatangiye gitunguranye. Urakoze.",kinyarwanda,ROUTINE,preventive,kinyarwanda->kinyarwanda:ROUTINE:preventive,{REL} afite gahunda yo gukingiza umwana.,Mfite gahunda yo gukingiza umwana.
"Ndakeneye ubufasha, ndatwite kandi nagagaye kuva mu cyumweru gishize. Abandi bana na bo bafite iki kibazo. Ndakeneye ubufasha vuba.",kinyarwanda,CRITICAL,obstetric,kinyarwanda->kinyarwanda:CRITICAL:obstetric,Ndatwite kandi nagagaye.,Ndatwite kandi nagagaye.
"Muraho, umukecuru afite igisebe ku kirenge kidakira kandi afite diyabete kuva ijoro ryashize. Abandi bana na bo bafite iki kibazo. Ntabasha kubona amafaranga yo kongera kuza kwa muganga.",kinyarwanda,URGENT,chronic_care,kinyarwanda->kinyarwanda:URGENT:chronic_care,{REL} afite igisebe ku kirenge kidakira kandi afite diyabete.,Mfite igisebe ku kirenge kidakira kandi mfite diyabete.
"Muraho, iyo mama ahumetse cyane, arumva mu gituza hamubabaza kuva mu masaha abiri ashize. Ese ibi birakomeye?",kinyarwanda,URGENT,cardiac_respiratory,kinyarwanda->kinyarwanda:URGENT:cardiac_respiratory,"Iyo {REL} ahumetse cyane, arumva mu gituza hamubabaza.","Iyo {REL} ahumetse cyane, arumva mu gituza hamubabaza."
"Mfasha vuba, umuturanyi wanjye ari kubyara ariko umugozi w'umwana wabanje gusohoka kuva mu gitondo bikarushaho nijoro. Naje mvuye kure.",kinyarwanda,CRITICAL,obstetric,kinyarwanda->kinyarwanda:CRITICAL:obstetric,{REL} ari kubyara ariko umugozi w'umwana wabanje gusohoka.,Ndabyara ariko habanje gusohoka umugozi w'umwana.
"Mfasha vuba, mfite ikibazo ku mutwe kandi kirimo guterwa n'urumuri kuva ubu gitondo cya kare kandi birushaho kuba bibi. Ntegereze cyangwa nsuzumwe ubu?",kinyarwanda,URGENT,neurological,kinyarwanda->kinyarwanda:URGENT:neurological,Mfite ikibazo ku mutwe kandi kirimo guterwa n'urumuri.,Mfite ikibazo ku mutwe kandi kirimo guterwa n'urumuri.
Ndashaka kugirwa inama ku mazi yo kunywa kuva ejo kandi sinshobora gusinzira. Mfasha muganga.,kinyarwanda,ROUTINE,preventive,kinyarwanda->kinyarwanda:ROUTINE:preventive,Ndashaka kugirwa inama ku mazi yo kunywa.,Ndashaka kugirwa inama ku mazi yo kunywa.
"Mfasha vuba, mfite igisebe ku kirenge kidakira kandi mfite diyabete kuva hashize icyumweru. Byatangiye gitunguranye. Ntegereze cyangwa nsuzumwe ubu?",kinyarwanda,URGENT,chronic_care,kinyarwanda->kinyarwanda:URGENT:chronic_care,Mfite igisebe ku kirenge kidakira kandi mfite diyabete.,Mfite igisebe ku kirenge kidakira kandi mfite diyabete.
"Mumbabarire, ndashaka kubabwira ikibazo mfite. Maze iminsi itatu ndwaye impiswi zikomeye kuva ijoro ryashize kandi nta miti mfite",kinyarwanda,URGENT,gastrointestinal,kinyarwanda->kinyarwanda:URGENT:gastrointestinal,maze iminsi itatu ndwaye impiswi zikomeye,maze iminsi itatu ndwaye impiswi zikomeye
"Muganga, mfite umuhaha kuva ijoro ryashize kandi ndahangayitse. Urakoze.",kinyarwanda,URGENT,paediatric,kinyarwanda->kinyarwanda:URGENT:paediatric,Mfite umuhaha.,Mfite umuhaha.
"Simbizi niba bikomeye ariko, umugabo wanjye yabyimbye ibirenge kandi ntashobora guhumeka neza iyo aragaramye kuva ijoro ryashize. Abandi bana na bo bafite iki kibazo. Naje mvuye kure.",kinyarwanda,URGENT,chronic_care,kinyarwanda->kinyarwanda:URGENT:chronic_care,{REL} yabyimbye ibirenge kandi ntashobora guhumeka neza iyo aragaramye.,Nabyimbye ibirenge kandi sinshobora guhumeka neza iyo ndagaramye.
Ndashaka kukubwira ikibazo mfite. Mfite igisebe ku kirenge kidakira kandi mfite diyabete kuva ijoro ryashize. Byatangiye gitunguranye.,kinyarwanda,URGENT,chronic_care,kinyarwanda->kinyarwanda:URGENT:chronic_care,Mfite igisebe ku kirenge kidakira kandi mfite diyabete.,Mfite igisebe ku kirenge kidakira kandi mfite diyabete.
"Ndashaka kukubwira ikibazo mfite. Iyo umukecuru ahumetse cyane, arumva mu gituza hamubabaza nta miti imfasha. Ese ibi birakomeye?",kinyarwanda,URGENT,cardiac_respiratory,kinyarwanda->kinyarwanda:URGENT:cardiac_respiratory,"Iyo {REL} ahumetse cyane, arumva mu gituza hamubabaza.","Iyo {REL} ahumetse cyane, arumva mu gituza hamubabaza."
"Mfasha, maze iminsi itatu ndwaye impiswi zikomeye kuva ejo kandi ndahangayitse",kinyarwanda,URGENT,gastrointestinal,kinyarwanda->kinyarwanda:URGENT:gastrointestinal,maze iminsi itatu ndwaye impiswi zikomeye,maze iminsi itatu ndwaye impiswi zikomeye
"Mfasha vuba, iyo papa ahumetse cyane, arumva mu gituza hamubabaza kuva mu masaha abiri ashize kandi birushaho kuba bibi. Urakoze.",kinyarwanda,URGENT,cardiac_respiratory,kinyarwanda->kinyarwanda:URGENT:cardiac_respiratory,"Iyo {REL} ahumetse cyane, arumva mu gituza hamubabaza.","Iyo {REL} ahumetse cyane, arumva mu gituza hamubabaza."
"Nyabuneka, mushiki wanjye nta miti ya SIDA afite kuva ijoro ryashize biragenda bikagaruka. Nkora iki?",kinyarwanda,URGENT,chronic_care,kinyarwanda->kinyarwanda:URGENT:chronic_care,{REL} nta miti ya SIDA afite.,Nta miti ya SIDA mfite.
"Naje hano mbere, mu rugo hari umuntu urwaye igituntu kandi mama ashaka kwisuzumisha kuva hashize iminsi ibiri kandi ndahangayitse. Ese ibi birakomeye?",kinyarwanda,URGENT,preventive,kinyarwanda->kinyarwanda:URGENT:preventive,Mu rugo hari umuntu urwaye igituntu kandi {REL} ashaka kwisuzumisha.,Mu rugo hari umuntu urwaye igituntu kandi ndashaka kwisuzumisha.
Ndashaka kukubwira ikibazo mfite. Umugore wanjye ari kubyara ariko umugozi w'umwana wabanje gusohoka kuva ubu gitondo cya kare. Abandi bana na bo bafite iki kibazo. Ese ibi birakomeye?,kinyarwanda,CRITICAL,obstetric,kinyarwanda->kinyarwanda:CRITICAL:obstetric,{REL} ari kubyara ariko umugozi w'umwana wabanje gusohoka.,Ndabyara ariko habanje gusohoka umugozi w'umwana.
"Ndakeneye ubufasha, mama afite impiswi zikomeye kandi yagize umwuma kuva hashize iminsi ibiri nta miti imfasha. Ese ibi birakomeye?",kinyarwanda,CRITICAL,gastrointestinal,kinyarwanda->kinyarwanda:CRITICAL:gastrointestinal,{REL} afite impiswi zikomeye kandi yagize umwuma.,{REL} afite impiswi zikomeye kandi yagize umwuma.
"Simbizi niba bikomeye ariko, ndatwite kandi nagagaye kuva mu masaha abiri ashize. Naje mvuye kure.",kinyarwanda,CRITICAL,obstetric,kinyarwanda->kinyarwanda:CRITICAL:obstetric,Ndatwite kandi nagagaye.,Ndatwite kandi nagagaye.
Umuvuduko w'amaraso wanjye wazamutse cyane kandi umutwe urandya cyane kuva mu gitondo bikarushaho nijoro. Ese ibi birakomeye?,kinyarwanda,URGENT,chronic_care,kinyarwanda->kinyarwanda:URGENT:chronic_care,Umuvuduko w'amaraso wanjye wazamutse cyane kandi umutwe urandya cyane.,Umuvuduko w'amaraso wanjye wazamutse cyane kandi umutwe urandya cyane.
"Muganga, umukecuru afite igisebe ku kirenge kidakira kandi afite diyabete kandi nta miti mfite. Ese ibi birakomeye?",kinyarwanda,URGENT,chronic_care,kinyarwanda->kinyarwanda:URGENT:chronic_care,{REL} afite igisebe ku kirenge kidakira kandi afite diyabete.,Mfite igisebe ku kirenge kidakira kandi mfite diyabete.
"Ndakeneye ubufasha, mu rugo hari umuntu urwaye igituntu kandi ndashaka kwisuzumisha kuva mu cyumweru gishize. Byatangiye gitunguranye. Ntabasha kubona amafaranga yo kongera kuza kwa muganga.",kinyarwanda,URGENT,preventive,kinyarwanda->kinyarwanda:URGENT:preventive,Mu rugo hari umuntu urwaye igituntu kandi ndashaka kwisuzumisha.,Mu rugo hari umuntu urwaye igituntu kandi ndashaka kwisuzumisha.
"Simbizi niba bikomeye ariko, umugabo wanjye afite ibimenyetso bya malariya, umuriro n'imbeho kuva ijoro ryashize kandi birushaho kuba bibi. Ni imiti ki nafata?",kinyarwanda,URGENT,infectious_fever,kinyarwanda->kinyarwanda:URGENT:infectious_fever,"{REL} afite ibimenyetso bya malariya, umuriro n'imbeho.","Mfite ibimenyetso bya malariya, umuriro n'imbeho."
"Nzanye umwana wanjye, mama afite impiswi zikomeye kandi yagize umwuma kuva hashize icyumweru kandi ndahangayitse. Ndakeneye ubufasha vuba.",kinyarwanda,CRITICAL,gastrointestinal,kinyarwanda->kinyarwanda:CRITICAL:gastrointestinal,{REL} afite impiswi zikomeye kandi yagize umwuma.,{REL} afite impiswi zikomeye kandi yagize umwuma.
"Nzanye umwana wanjye, mushiki wanjye afite impiswi zikomeye kandi yagize umwuma kuva ubu gitondo cya kare kandi birushaho kuba bibi. Nkora iki?",kinyarwanda,CRITICAL,gastrointestinal,kinyarwanda->kinyarwanda:CRITICAL:gastrointestinal,{REL} afite impiswi zikomeye kandi yagize umwuma.,{REL} afite impiswi zikomeye kandi yagize umwuma.
"Mumbabarire, ndashaka kubabwira ikibazo mfite. Papa afite gahunda yo gukingiza umwana kuva ubu gitondo cya kare bikarushaho nijoro. Ese ibi birakomeye?",kinyarwanda,ROUTINE,preventive,kinyarwanda->kinyarwanda:ROUTINE:preventive,{REL} afite gahunda yo gukingiza umwana.,Mfite gahunda yo gukingiza umwana.
Mama afite impiswi zikomeye kandi yagize umwuma kuva ijoro ryashize. Mfasha muganga.,kinyarwanda,CRITICAL,gastrointestinal,kinyarwanda->kinyarwanda:CRITICAL:gastrointestinal,{REL} afite impiswi zikomeye kandi yagize umwuma.,{REL} afite impiswi zikomeye kandi yagize umwuma.
"Muganga, umugore wanjye afite igisebe ku kirenge kidakira kandi afite diyabete kuva hashize iminsi itatu. Abandi bana na bo bafite iki kibazo. Ntegereze cyangwa nsuzumwe ubu?",kinyarwanda,URGENT,chronic_care,kinyarwanda->kinyarwanda:URGENT:chronic_care,{REL} afite igisebe ku kirenge kidakira kandi afite diyabete.,Mfite igisebe ku kirenge kidakira kandi mfite diyabete.
"Mama afite ibimenyetso bya malariya, umuriro n'imbeho kuva mu gitondo bikarushaho nijoro",kinyarwanda,URGENT,infectious_fever,kinyarwanda->kinyarwanda:URGENT:infectious_fever,"{REL} afite ibimenyetso bya malariya, umuriro n'imbeho.","Mfite ibimenyetso bya malariya, umuriro n'imbeho."
"Nzanye umwana wanjye, umugore wanjye nta miti ya SIDA afite kuva ijoro ryashize kandi ndahangayitse. Urakoze.",kinyarwanda,URGENT,chronic_care,kinyarwanda->kinyarwanda:URGENT:chronic_care,{REL} nta miti ya SIDA afite.,Nta miti ya SIDA mfite.
"Simbizi niba bikomeye ariko, mushiki wanjye nta miti ya SIDA afite kuva ubu gitondo cya kare kandi ndahangayitse. Nkora iki?",kinyarwanda,URGENT,chronic_care,kinyarwanda->kinyarwanda:URGENT:chronic_care,{REL} nta miti ya SIDA afite.,Nta miti ya SIDA mfite.
"Ndakeneye ubufasha, umukecuru afite igisebe ku kirenge kidakira kandi afite diyabete nta miti imfasha",kinyarwanda,URGENT,chronic_care,kinyarwanda->kinyarwanda:URGENT:chronic_care,{REL} afite igisebe ku kirenge kidakira kandi afite diyabete.,Mfite igisebe ku kirenge kidakira kandi mfite diyabete.
"Mfasha vuba, iyo papa ahumetse cyane, arumva mu gituza hamubabaza kuva hashize iminsi ibiri kandi sinshobora gusinzira. Ese ibi birakomeye?",kinyarwanda,URGENT,cardiac_respiratory,kinyarwanda->kinyarwanda:URGENT:cardiac_respiratory,"Iyo {REL} ahumetse cyane, arumva mu gituza hamubabaza.","Iyo {REL} ahumetse cyane, arumva mu gituza hamubabaza."
"Mfasha vuba, umugore wanjye afite igisebe ku kirenge kidakira kandi afite diyabete kuva ijoro ryashize. Byatangiye gitunguranye. Nkora iki?",kinyarwanda,URGENT,chronic_care,kinyarwanda->kinyarwanda:URGENT:chronic_care,{REL} afite igisebe ku kirenge kidakira kandi afite diyabete.,Mfite igisebe ku kirenge kidakira kandi mfite diyabete.
"Nyabuneka, papa arababara cyane mu nda kandi ububabare ntibuhagarara kuva mu cyumweru gishize bikarushaho nijoro. Ntabasha kubona amafaranga yo kongera kuza kwa muganga.",kinyarwanda,URGENT,gastrointestinal,kinyarwanda->kinyarwanda:URGENT:gastrointestinal,{REL} arababara cyane mu nda kandi ububabare ntibuhagarara.,Inda irandya cyane kandi ububabare ntibuhagarara.
Ndashaka kukubwira ikibazo mfite. Mfite igisebe ku kirenge kidakira kandi mfite diyabete kuva mu cyumweru gishize. Nkora iki?,kinyarwanda,URGENT,chronic_care,kinyarwanda->kinyarwanda:URGENT:chronic_care,Mfite igisebe ku kirenge kidakira kandi mfite diyabete.,Mfite igisebe ku kirenge kidakira kandi mfite diyabete.
"Ndakeneye ubufasha, ndashaka kugirwa inama ku mazi yo kunywa biragenda bikagaruka. Mfasha muganga.",kinyarwanda,ROUTINE,preventive,kinyarwanda->kinyarwanda:ROUTINE:preventive,Ndashaka kugirwa inama ku mazi yo kunywa.,Ndashaka kugirwa inama ku mazi yo kunywa.
"Mfasha, maze umunsi wose mbabara ngerageza kubyara ariko umwana ntarasohoka kuva ejo nta miti imfasha. Ndakeneye ubufasha vuba.",kinyarwanda,CRITICAL,obstetric,kinyarwanda->kinyarwanda:CRITICAL:obstetric,Maze umunsi wose mbabara ngerageza kubyara ariko umwana ntarasohoka.,Maze umunsi wose mbabara ngerageza kubyara ariko umwana ntarasohoka.
"Mfasha vuba, umuturanyi wanjye afite gahunda yo gukingiza umwana kuva hashize iminsi ibiri kandi ndahangayitse. Ese ibi birakomeye?",kinyarwanda,ROUTINE,preventive,kinyarwanda->kinyarwanda:ROUTINE:preventive,{REL} afite gahunda yo gukingiza umwana.,Mfite gahunda yo gukingiza umwana.
"Muraho, maze umunsi wose mbabara ngerageza kubyara ariko umwana ntarasohoka kuva hashize icyumweru biragenda bikagaruka. Ntabasha kubona amafaranga yo kongera kuza kwa muganga.",kinyarwanda,CRITICAL,obstetric,kinyarwanda->kinyarwanda:CRITICAL:obstetric,Maze umunsi wose mbabara ngerageza kubyara ariko umwana ntarasohoka.,Maze umunsi wose mbabara ngerageza kubyara ariko umwana ntarasohoka.
"Muraho, mfite igisebe ku kirenge kidakira kandi mfite diyabete kuva ejo bikarushaho nijoro. Ntegereze cyangwa nsuzumwe ubu?",kinyarwanda,URGENT,chronic_care,kinyarwanda->kinyarwanda:URGENT:chronic_care,Mfite igisebe ku kirenge kidakira kandi mfite diyabete.,Mfite igisebe ku kirenge kidakira kandi mfite diyabete.
"Simbizi niba bikomeye ariko, iyo umwana wanjye ahumetse cyane, arumva mu gituza hamubabaza kuva mu gitondo kandi sinshobora gusinzira. Ese ibi birakomeye?",kinyarwanda,URGENT,cardiac_respiratory,kinyarwanda->kinyarwanda:URGENT:cardiac_respiratory,"Iyo {REL} ahumetse cyane, arumva mu gituza hamubabaza.","Iyo {REL} ahumetse cyane, arumva mu gituza hamubabaza."
"Nzanye umwana wanjye, umugore wanjye arababara cyane mu nda kandi ububabare ntibuhagarara kandi birushaho kuba bibi. Ndakeneye ubufasha vuba.",kinyarwanda,URGENT,gastrointestinal,kinyarwanda->kinyarwanda:URGENT:gastrointestinal,{REL} arababara cyane mu nda kandi ububabare ntibuhagarara.,Inda irandya cyane kandi ububabare ntibuhagarara.
"Nyabuneka, maze iminsi itatu ndwaye impiswi zikomeye kuva ubu gitondo cya kare. Byatangiye gitunguranye. Nkora iki?",kinyarwanda,URGENT,gastrointestinal,kinyarwanda->kinyarwanda:URGENT:gastrointestinal,maze iminsi itatu ndwaye impiswi zikomeye,maze iminsi itatu ndwaye impiswi zikomeye
"Muganga, umukecuru arababara cyane mu nda kandi ububabare ntibuhagarara kuva mu cyumweru gishize kandi birushaho kuba bibi. Nkora iki?",kinyarwanda,URGENT,gastrointestinal,kinyarwanda->kinyarwanda:URGENT:gastrointestinal,{REL} arababara cyane mu nda kandi ububabare ntibuhagarara.,Inda irandya cyane kandi ububabare ntibuhagarara.
Ndashaka kukubwira ikibazo mfite. Maze iminsi itatu ndwaye impiswi zikomeye kuva ejo kandi sinshobora gusinzira. Murakoze.,kinyarwanda,URGENT,gastrointestinal,kinyarwanda->kinyarwanda:URGENT:gastrointestinal,maze iminsi itatu ndwaye impiswi zikomeye,maze iminsi itatu ndwaye impiswi zikomeye
"Iyo umugore wanjye ahumetse cyane, arumva mu gituza hamubabaza kuva mu masaha abiri ashize kandi sinshobora gusinzira. Ese ibi birakomeye?",kinyarwanda,URGENT,cardiac_respiratory,kinyarwanda->kinyarwanda:URGENT:cardiac_respiratory,"Iyo {REL} ahumetse cyane, arumva mu gituza hamubabaza.","Iyo {REL} ahumetse cyane, arumva mu gituza hamubabaza."
"Muraho, papa afite gahunda yo gukingiza umwana kuva hashize icyumweru kandi sinshobora gusinzira. Ni imiti ki nafata?",kinyarwanda,ROUTINE,preventive,kinyarwanda->kinyarwanda:ROUTINE:preventive,{REL} afite gahunda yo gukingiza umwana.,Mfite gahunda yo gukingiza umwana.
"Ndashaka kukubwira ikibazo mfite. Iyo mama ahumetse cyane, arumva mu gituza hamubabaza bikarushaho nijoro",kinyarwanda,URGENT,cardiac_respiratory,kinyarwanda->kinyarwanda:URGENT:cardiac_respiratory,"Iyo {REL} ahumetse cyane, arumva mu gituza hamubabaza.","Iyo {REL} ahumetse cyane, arumva mu gituza hamubabaza."
"Nyabuneka, umukecuru afite igisebe ku kirenge kidakira kandi afite diyabete kuva ubu gitondo cya kare kandi birushaho kuba bibi. Ntabasha kubona amafaranga yo kongera kuza kwa muganga.",kinyarwanda,URGENT,chronic_care,kinyarwanda->kinyarwanda:URGENT:chronic_care,{REL} afite igisebe ku kirenge kidakira kandi afite diyabete.,Mfite igisebe ku kirenge kidakira kandi mfite diyabete.
"Ndakeneye ubufasha, umuvuduko w'amaraso wanjye wazamutse cyane kandi umutwe urandya cyane kuva mu masaha abiri ashize. Ntegereze cyangwa nsuzumwe ubu?",kinyarwanda,URGENT,chronic_care,kinyarwanda->kinyarwanda:URGENT:chronic_care,Umuvuduko w'amaraso wanjye wazamutse cyane kandi umutwe urandya cyane.,Umuvuduko w'amaraso wanjye wazamutse cyane kandi umutwe urandya cyane.
"Ndakeneye ubufasha, umukecuru nta miti ya SIDA afite kuva ubu gitondo cya kare kandi nta miti mfite. Nkora iki?",kinyarwanda,URGENT,chronic_care,kinyarwanda->kinyarwanda:URGENT:chronic_care,{REL} nta miti ya SIDA afite.,Nta miti ya SIDA mfite.
"Mumbabarire, ndashaka kubabwira ikibazo mfite. Umwana wanjye yabyimbye ibirenge kandi ntashobora guhumeka neza iyo aragaramye kandi ndahangayitse. Naje mvuye kure.",kinyarwanda,URGENT,chronic_care,kinyarwanda->kinyarwanda:URGENT:chronic_care,{REL} yabyimbye ibirenge kandi ntashobora guhumeka neza iyo aragaramye.,Nabyimbye ibirenge kandi sinshobora guhumeka neza iyo ndagaramye.
Mu rugo hari umuntu urwaye igituntu kandi ndashaka kwisuzumisha kuva mu masaha abiri ashize. Ntegereze cyangwa nsuzumwe ubu?,kinyarwanda,URGENT,preventive,kinyarwanda->kinyarwanda:URGENT:preventive,Mu rugo hari umuntu urwaye igituntu kandi ndashaka kwisuzumisha.,Mu rugo hari umuntu urwaye igituntu kandi ndashaka kwisuzumisha.
"Muganga, mushiki wanjye afite gahunda yo gukingiza umwana kuva hashize iminsi itatu kandi birushaho kuba bibi. Ndakeneye ubufasha vuba.",kinyarwanda,ROUTINE,preventive,kinyarwanda->kinyarwanda:ROUTINE:preventive,{REL} afite gahunda yo gukingiza umwana.,Mfite gahunda yo gukingiza umwana.
"Ndakeneye ubufasha, mfite igisebe ku kirenge kidakira kandi mfite diyabete kuva hashize icyumweru. Byatangiye gitunguranye.",kinyarwanda,URGENT,chronic_care,kinyarwanda->kinyarwanda:URGENT:chronic_care,Mfite igisebe ku kirenge kidakira kandi mfite diyabete.,Mfite igisebe ku kirenge kidakira kandi mfite diyabete.
"Muganga, mfite umuhaha kandi ndahangayitse. Mfasha muganga.",kinyarwanda,URGENT,paediatric,kinyarwanda->kinyarwanda:URGENT:paediatric,Mfite umuhaha.,Mfite umuhaha.
Ndashaka kukubwira ikibazo mfite. Maze umunsi wose mbabara ngerageza kubyara ariko umwana ntarasohoka kuva hashize icyumweru kandi ndahangayitse. Ese ibi birakomeye?,kinyarwanda,CRITICAL,obstetric,kinyarwanda->kinyarwanda:CRITICAL:obstetric,Maze umunsi wose mbabara ngerageza kubyara ariko umwana ntarasohoka.,Maze umunsi wose mbabara ngerageza kubyara ariko umwana ntarasohoka.
"Mfasha vuba, umukecuru afite impiswi zikomeye kandi yagize umwuma kuva ijoro ryashize biragenda bikagaruka. Naje mvuye kure.",kinyarwanda,CRITICAL,gastrointestinal,kinyarwanda->kinyarwanda:CRITICAL:gastrointestinal,{REL} afite impiswi zikomeye kandi yagize umwuma.,{REL} afite impiswi zikomeye kandi yagize umwuma.
"Nyabuneka, mama arababara cyane mu nda kandi ububabare ntibuhagarara kuva ubu gitondo cya kare kandi nta miti mfite. Ntabasha kubona amafaranga yo kongera kuza kwa muganga.",kinyarwanda,URGENT,gastrointestinal,kinyarwanda->kinyarwanda:URGENT:gastrointestinal,{REL} arababara cyane mu nda kandi ububabare ntibuhagarara.,Inda irandya cyane kandi ububabare ntibuhagarara.
"Mfasha, umuturanyi wanjye nta miti ya SIDA afite kuva hashize iminsi itatu nta miti imfasha. Ni imiti ki nafata?",kinyarwanda,URGENT,chronic_care,kinyarwanda->kinyarwanda:URGENT:chronic_care,{REL} nta miti ya SIDA afite.,Nta miti ya SIDA mfite.
"Nyabuneka, papa arababara cyane mu nda kandi ububabare ntibuhagarara kuva ijoro ryashize kandi nta miti mfite. Ni imiti ki nafata?",kinyarwanda,URGENT,gastrointestinal,kinyarwanda->kinyarwanda:URGENT:gastrointestinal,{REL} arababara cyane mu nda kandi ububabare ntibuhagarara.,Inda irandya cyane kandi ububabare ntibuhagarara.
Ndashaka kukubwira ikibazo mfite. Umugore wanjye ari kubyara ariko umugozi w'umwana wabanje gusohoka bikarushaho nijoro. Ntabasha kubona amafaranga yo kongera kuza kwa muganga.,kinyarwanda,CRITICAL,obstetric,kinyarwanda->kinyarwanda:CRITICAL:obstetric,{REL} ari kubyara ariko umugozi w'umwana wabanje gusohoka.,Ndabyara ariko habanje gusohoka umugozi w'umwana.
"Ndakeneye ubufasha, papa nta miti ya SIDA afite kuva hashize iminsi itatu. Byatangiye gitunguranye. Nkora iki?",kinyarwanda,URGENT,chronic_care,kinyarwanda->kinyarwanda:URGENT:chronic_care,{REL} nta miti ya SIDA afite.,Nta miti ya SIDA mfite.
"Muraho, maze iminsi itatu ndwaye impiswi zikomeye kuva hashize icyumweru. Ntegereze cyangwa nsuzumwe ubu?",kinyarwanda,URGENT,gastrointestinal,kinyarwanda->kinyarwanda:URGENT:gastrointestinal,maze iminsi itatu ndwaye impiswi zikomeye,maze iminsi itatu ndwaye impiswi zikomeye
"Nzanye umwana wanjye, umuturanyi wanjye ahumeka bimugora cyane kandi iminwa ye yahindutse ibara kuva hashize icyumweru kandi sinshobora gusinzira. Ntabasha kubona amafaranga yo kongera kuza kwa muganga.",kinyarwanda,CRITICAL,cardiac_respiratory,kinyarwanda->kinyarwanda:CRITICAL:cardiac_respiratory,{REL} ahumeka bimugora cyane kandi iminwa ye yahindutse ibara.,guhumeka birangora cyane kandi iminwa yanjye yahindutse ibara
"Nyabuneka, umuvuduko w'amaraso wanjye wazamutse cyane kandi umutwe urandya cyane kuva mu cyumweru gishize. Abandi bana na bo bafite iki kibazo.",kinyarwanda,URGENT,chronic_care,kinyarwanda->kinyarwanda:URGENT:chronic_care,Umuvuduko w'amaraso wanjye wazamutse cyane kandi umutwe urandya cyane.,Umuvuduko w'amaraso wanjye wazamutse cyane kandi umutwe urandya cyane.
"Mumbabarire, ndashaka kubabwira ikibazo mfite. Umugabo wanjye ahumeka bimugora cyane kandi iminwa ye yahindutse ibara kuva mu gitondo kandi birushaho kuba bibi",kinyarwanda,CRITICAL,cardiac_respiratory,kinyarwanda->kinyarwanda:CRITICAL:cardiac_respiratory,{REL} ahumeka bimugora cyane kandi iminwa ye yahindutse ibara.,guhumeka birangora cyane kandi iminwa yanjye yahindutse ibara
"Naje hano mbere, umugabo wanjye ahumeka bimugora cyane kandi iminwa ye yahindutse ibara biragenda bikagaruka. Naje mvuye kure.",kinyarwanda,CRITICAL,cardiac_respiratory,kinyarwanda->kinyarwanda:CRITICAL:cardiac_respiratory,{REL} ahumeka bimugora cyane kandi iminwa ye yahindutse ibara.,guhumeka birangora cyane kandi iminwa yanjye yahindutse ibara
"Mfasha, iyo mama ahumetse cyane, arumva mu gituza hamubabaza kuva mu gitondo biragenda bikagaruka. Nkora iki?",kinyarwanda,URGENT,cardiac_respiratory,kinyarwanda->kinyarwanda:URGENT:cardiac_respiratory,"Iyo {REL} ahumetse cyane, arumva mu gituza hamubabaza.","Iyo {REL} ahumetse cyane, arumva mu gituza hamubabaza."
"Mfasha, umwana wanjye ahumeka bimugora cyane kandi iminwa ye yahindutse ibara bikarushaho nijoro. Ndakeneye ubufasha vuba.",kinyarwanda,CRITICAL,cardiac_respiratory,kinyarwanda->kinyarwanda:CRITICAL:cardiac_respiratory,{REL} ahumeka bimugora cyane kandi iminwa ye yahindutse ibara.,guhumeka birangora cyane kandi iminwa yanjye yahindutse ibara
"Mumbabarire, ndashaka kubabwira ikibazo mfite. Mfite umuhaha kuva hashize iminsi ibiri. Abandi bana na bo bafite iki kibazo. Ndakeneye ubufasha vuba.",kinyarwanda,URGENT,paediatric,kinyarwanda->kinyarwanda:URGENT:paediatric,Mfite umuhaha.,Mfite umuhaha.
"Mfasha vuba, mfite umuhaha kuva hashize icyumweru kandi birushaho kuba bibi. Mfasha muganga.",kinyarwanda,URGENT,paediatric,kinyarwanda->kinyarwanda:URGENT:paediatric,Mfite umuhaha.,Mfite umuhaha.
Mu rugo hari umuntu urwaye igituntu kandi papa ashaka kwisuzumisha kuva ubu gitondo cya kare kandi birushaho kuba bibi. Mfasha muganga.,kinyarwanda,URGENT,preventive,kinyarwanda->kinyarwanda:URGENT:preventive,Mu rugo hari umuntu urwaye igituntu kandi {REL} ashaka kwisuzumisha.,Mu rugo hari umuntu urwaye igituntu kandi ndashaka kwisuzumisha.
"Nzanye umwana wanjye, papa yabyimbye ibirenge kandi ntashobora guhumeka neza iyo aragaramye bikarushaho nijoro. Ntegereze cyangwa nsuzumwe ubu?",kinyarwanda,URGENT,chronic_care,kinyarwanda->kinyarwanda:URGENT:chronic_care,{REL} yabyimbye ibirenge kandi ntashobora guhumeka neza iyo aragaramye.,Nabyimbye ibirenge kandi sinshobora guhumeka neza iyo ndagaramye.
"Muraho, umukecuru afite impiswi zikomeye kandi yagize umwuma kuva mu masaha abiri ashize kandi nta miti mfite. Ntabasha kubona amafaranga yo kongera kuza kwa muganga.",kinyarwanda,CRITICAL,gastrointestinal,kinyarwanda->kinyarwanda:CRITICAL:gastrointestinal,{REL} afite impiswi zikomeye kandi yagize umwuma.,{REL} afite impiswi zikomeye kandi yagize umwuma.
"Mfasha, mfite ikibazo ku mutwe kandi kirimo guterwa n'urumuri kuva ijoro ryashize. Urakoze.",kinyarwanda,URGENT,neurological,kinyarwanda->kinyarwanda:URGENT:neurological,Mfite ikibazo ku mutwe kandi kirimo guterwa n'urumuri.,Mfite ikibazo ku mutwe kandi kirimo guterwa n'urumuri.
"Mfasha, umugore wanjye afite ibimenyetso bya malariya, umuriro n'imbeho kuva ubu gitondo cya kare kandi nta miti mfite. Ni imiti ki nafata?",kinyarwanda,URGENT,infectious_fever,kinyarwanda->kinyarwanda:URGENT:infectious_fever,"{REL} afite ibimenyetso bya malariya, umuriro n'imbeho.","Mfite ibimenyetso bya malariya, umuriro n'imbeho."
"Naje hano mbere, maze iminsi itatu ndwaye impiswi zikomeye kuva hashize iminsi ibiri kandi nta miti mfite. Nkora iki?",kinyarwanda,URGENT,gastrointestinal,kinyarwanda->kinyarwanda:URGENT:gastrointestinal,maze iminsi itatu ndwaye impiswi zikomeye,maze iminsi itatu ndwaye impiswi zikomeye
"Naje hano mbere, mu rugo hari umuntu urwaye igituntu kandi ndashaka kwisuzumisha kuva ijoro ryashize nta miti imfasha. Murakoze.",kinyarwanda,URGENT,preventive,kinyarwanda->kinyarwanda:URGENT:preventive,Mu rugo hari umuntu urwaye igituntu kandi ndashaka kwisuzumisha.,Mu rugo hari umuntu urwaye igituntu kandi ndashaka kwisuzumisha.
Ndashaka kukubwira ikibazo mfite. Umuvuduko w'amaraso wanjye wazamutse cyane kandi umutwe urandya cyane kuva ijoro ryashize. Ntabasha kubona amafaranga yo kongera kuza kwa muganga.,kinyarwanda,URGENT,chronic_care,kinyarwanda->kinyarwanda:URGENT:chronic_care,Umuvuduko w'amaraso wanjye wazamutse cyane kandi umutwe urandya cyane.,Umuvuduko w'amaraso wanjye wazamutse cyane kandi umutwe urandya cyane.
"Simbizi niba bikomeye ariko, umuturanyi wanjye ari kubyara ariko umugozi w'umwana wabanje gusohoka kuva ijoro ryashize. Abandi bana na bo bafite iki kibazo. Ni imiti ki nafata?",kinyarwanda,CRITICAL,obstetric,kinyarwanda->kinyarwanda:CRITICAL:obstetric,{REL} ari kubyara ariko umugozi w'umwana wabanje gusohoka.,Ndabyara ariko habanje gusohoka umugozi w'umwana.
"Naje hano mbere, mfite igisebe ku kirenge kidakira kandi mfite diyabete kuva hashize iminsi itatu kandi ndahangayitse. Ndakeneye ubufasha vuba.",kinyarwanda,URGENT,chronic_care,kinyarwanda->kinyarwanda:URGENT:chronic_care,Mfite igisebe ku kirenge kidakira kandi mfite diyabete.,Mfite igisebe ku kirenge kidakira kandi mfite diyabete.
"Muraho, ndashaka kugirwa inama ku mazi yo kunywa kuva ijoro ryashize kandi sinshobora gusinzira. Nkora iki?",kinyarwanda,ROUTINE,preventive,kinyarwanda->kinyarwanda:ROUTINE:preventive,Ndashaka kugirwa inama ku mazi yo kunywa.,Ndashaka kugirwa inama ku mazi yo kunywa.
"Mfasha, mfite igisebe ku kirenge kidakira kandi mfite diyabete kuva ijoro ryashize",kinyarwanda,URGENT,chronic_care,kinyarwanda->kinyarwanda:URGENT:chronic_care,Mfite igisebe ku kirenge kidakira kandi mfite diyabete.,Mfite igisebe ku kirenge kidakira kandi mfite diyabete.
"Naje hano mbere, mama nta miti ya SIDA afite kuva mu gitondo. Byatangiye gitunguranye. Ntegereze cyangwa nsuzumwe ubu?",kinyarwanda,URGENT,chronic_care,kinyarwanda->kinyarwanda:URGENT:chronic_care,{REL} nta miti ya SIDA afite.,Nta miti ya SIDA mfite.
"Mumbabarire, ndashaka kubabwira ikibazo mfite. Iyo umuturanyi wanjye ahumetse cyane, arumva mu gituza hamubabaza kuva mu masaha abiri ashize kandi ndahangayitse. Urakoze.",kinyarwanda,URGENT,cardiac_respiratory,kinyarwanda->kinyarwanda:URGENT:cardiac_respiratory,"Iyo {REL} ahumetse cyane, arumva mu gituza hamubabaza.","Iyo {REL} ahumetse cyane, arumva mu gituza hamubabaza."
"Muganga, mfite umuhaha kuva ijoro ryashize kandi nta miti mfite. Ni imiti ki nafata?",kinyarwanda,URGENT,paediatric,kinyarwanda->kinyarwanda:URGENT:paediatric,Mfite umuhaha.,Mfite umuhaha.
"Naje hano mbere, umugore wanjye ari kubyara ariko umugozi w'umwana wabanje gusohoka kuva ubu gitondo cya kare kandi birushaho kuba bibi. Ntabasha kubona amafaranga yo kongera kuza kwa muganga.",kinyarwanda,CRITICAL,obstetric,kinyarwanda->kinyarwanda:CRITICAL:obstetric,{REL} ari kubyara ariko umugozi w'umwana wabanje gusohoka.,Ndabyara ariko habanje gusohoka umugozi w'umwana.
"Mfasha vuba, papa nta miti ya SIDA afite kuva mu cyumweru gishize kandi sinshobora gusinzira. Murakoze.",kinyarwanda,URGENT,chronic_care,kinyarwanda->kinyarwanda:URGENT:chronic_care,{REL} nta miti ya SIDA afite.,Nta miti ya SIDA mfite.
"Mumbabarire, ndashaka kubabwira ikibazo mfite. Mfite igisebe ku kirenge kidakira kandi mfite diyabete kuva hashize iminsi itatu kandi ndahangayitse",kinyarwanda,URGENT,chronic_care,kinyarwanda->kinyarwanda:URGENT:chronic_care,Mfite igisebe ku kirenge kidakira kandi mfite diyabete.,Mfite igisebe ku kirenge kidakira kandi mfite diyabete.
"Muraho, mushiki wanjye ari kubyara ariko umugozi w'umwana wabanje gusohoka kuva ubu gitondo cya kare kandi birushaho kuba bibi. Ndakeneye ubufasha vuba.",kinyarwanda,CRITICAL,obstetric,kinyarwanda->kinyarwanda:CRITICAL:obstetric,{REL} ari kubyara ariko umugozi w'umwana wabanje gusohoka.,Ndabyara ariko habanje gusohoka umugozi w'umwana.
"Simbizi niba bikomeye ariko, mu rugo hari umuntu urwaye igituntu kandi ndashaka kwisuzumisha kuva ubu gitondo cya kare kandi birushaho kuba bibi. Urakoze.",kinyarwanda,URGENT,preventive,kinyarwanda->kinyarwanda:URGENT:preventive,Mu rugo hari umuntu urwaye igituntu kandi ndashaka kwisuzumisha.,Mu rugo hari umuntu urwaye igituntu kandi ndashaka kwisuzumisha.
"Nyabuneka, umugabo wanjye afite impiswi zikomeye kandi yagize umwuma kuva hashize iminsi ibiri. Abandi bana na bo bafite iki kibazo. Ndakeneye ubufasha vuba.",kinyarwanda,CRITICAL,gastrointestinal,kinyarwanda->kinyarwanda:CRITICAL:gastrointestinal,{REL} afite impiswi zikomeye kandi yagize umwuma.,{REL} afite impiswi zikomeye kandi yagize umwuma.
"Muraho, mama ari kubyara ariko umugozi w'umwana wabanje gusohoka kuva ejo kandi sinshobora gusinzira. Nkora iki?",kinyarwanda,CRITICAL,obstetric,kinyarwanda->kinyarwanda:CRITICAL:obstetric,{REL} ari kubyara ariko umugozi w'umwana wabanje gusohoka.,Ndabyara ariko habanje gusohoka umugozi w'umwana.
Umugore wanjye ahumeka bimugora cyane kandi iminwa ye yahindutse ibara kuva mu cyumweru gishize. Abandi bana na bo bafite iki kibazo. Naje mvuye kure.,kinyarwanda,CRITICAL,cardiac_respiratory,kinyarwanda->kinyarwanda:CRITICAL:cardiac_respiratory,{REL} ahumeka bimugora cyane kandi iminwa ye yahindutse ibara.,guhumeka birangora cyane kandi iminwa yanjye yahindutse ibara
"Nyabuneka, umugabo wanjye arababara cyane mu nda kandi ububabare ntibuhagarara kuva mu masaha abiri ashize kandi birushaho kuba bibi. Mfasha muganga.",kinyarwanda,URGENT,gastrointestinal,kinyarwanda->kinyarwanda:URGENT:gastrointestinal,{REL} arababara cyane mu nda kandi ububabare ntibuhagarara.,Inda irandya cyane kandi ububabare ntibuhagarara.
"Ndakeneye ubufasha, mu rugo hari umuntu urwaye igituntu kandi ndashaka kwisuzumisha kuva hashize iminsi ibiri kandi sinshobora gusinzira. Ndakeneye ubufasha vuba.",kinyarwanda,URGENT,preventive,kinyarwanda->kinyarwanda:URGENT:preventive,Mu rugo hari umuntu urwaye igituntu kandi ndashaka kwisuzumisha.,Mu rugo hari umuntu urwaye igituntu kandi ndashaka kwisuzumisha.
"Nzanye umwana wanjye, mu rugo hari umuntu urwaye igituntu kandi ndashaka kwisuzumisha kuva ijoro ryashize kandi sinshobora gusinzira. Ntabasha kubona amafaranga yo kongera kuza kwa muganga.",kinyarwanda,URGENT,preventive,kinyarwanda->kinyarwanda:URGENT:preventive,Mu rugo hari umuntu urwaye igituntu kandi ndashaka kwisuzumisha.,Mu rugo hari umuntu urwaye igituntu kandi ndashaka kwisuzumisha.
"Mumbabarire, ndashaka kubabwira ikibazo mfite. Papa arababara cyane mu nda kandi ububabare ntibuhagarara kuva hashize iminsi itatu. Byatangiye gitunguranye.",kinyarwanda,URGENT,gastrointestinal,kinyarwanda->kinyarwanda:URGENT:gastrointestinal,{REL} arababara cyane mu nda kandi ububabare ntibuhagarara.,Inda irandya cyane kandi ububabare ntibuhagarara.
"Umukecuru afite ibimenyetso bya malariya, umuriro n'imbeho kuva hashize iminsi itatu kandi ndahangayitse. Ni imiti ki nafata?",kinyarwanda,URGENT,infectious_fever,kinyarwanda->kinyarwanda:URGENT:infectious_fever,"{REL} afite ibimenyetso bya malariya, umuriro n'imbeho.","Mfite ibimenyetso bya malariya, umuriro n'imbeho."
"Nzanye umwana wanjye, umugore wanjye afite igisebe ku kirenge kidakira kandi afite diyabete kuva ejo nta miti imfasha. Urakoze.",kinyarwanda,URGENT,chronic_care,kinyarwanda->kinyarwanda:URGENT:chronic_care,{REL} afite igisebe ku kirenge kidakira kandi afite diyabete.,Mfite igisebe ku kirenge kidakira kandi mfite diyabete.
"Naje hano mbere, mfite igisebe ku kirenge kidakira kandi mfite diyabete kuva ejo. Nkora iki?",kinyarwanda,URGENT,chronic_care,kinyarwanda->kinyarwanda:URGENT:chronic_care,Mfite igisebe ku kirenge kidakira kandi mfite diyabete.,Mfite igisebe ku kirenge kidakira kandi mfite diyabete.
"Nzanye umwana wanjye, umugore wanjye ari kubyara ariko umugozi w'umwana wabanje gusohoka kandi birushaho kuba bibi. Nkora iki?",kinyarwanda,CRITICAL,obstetric,kinyarwanda->kinyarwanda:CRITICAL:obstetric,{REL} ari kubyara ariko umugozi w'umwana wabanje gusohoka.,Ndabyara ariko habanje gusohoka umugozi w'umwana.
"Muraho, mfite umuhaha kuva hashize iminsi itatu kandi nta miti mfite",kinyarwanda,URGENT,paediatric,kinyarwanda->kinyarwanda:URGENT:paediatric,Mfite umuhaha.,Mfite umuhaha.
"Ndakeneye ubufasha, umugore wanjye ari kubyara ariko umugozi w'umwana wabanje gusohoka kuva ijoro ryashize. Byatangiye gitunguranye. Ni imiti ki nafata?",kinyarwanda,CRITICAL,obstetric,kinyarwanda->kinyarwanda:CRITICAL:obstetric,{REL} ari kubyara ariko umugozi w'umwana wabanje gusohoka.,Ndabyara ariko habanje gusohoka umugozi w'umwana.
Ndashaka kukubwira ikibazo mfite. Mfite igisebe ku kirenge kidakira kandi mfite diyabete kuva mu gitondo kandi ndahangayitse. Ntabasha kubona amafaranga yo kongera kuza kwa muganga.,kinyarwanda,URGENT,chronic_care,kinyarwanda->kinyarwanda:URGENT:chronic_care,Mfite igisebe ku kirenge kidakira kandi mfite diyabete.,Mfite igisebe ku kirenge kidakira kandi mfite diyabete.
"Nzanye umwana wanjye, maze umunsi wose mbabara ngerageza kubyara ariko umwana ntarasohoka kuva mu cyumweru gishize kandi sinshobora gusinzira. Mfasha muganga.",kinyarwanda,CRITICAL,obstetric,kinyarwanda->kinyarwanda:CRITICAL:obstetric,Maze umunsi wose mbabara ngerageza kubyara ariko umwana ntarasohoka.,Maze umunsi wose mbabara ngerageza kubyara ariko umwana ntarasohoka.
"Simbizi niba bikomeye ariko, mu rugo hari umuntu urwaye igituntu kandi mama ashaka kwisuzumisha kandi birushaho kuba bibi. Ntegereze cyangwa nsuzumwe ubu?",kinyarwanda,URGENT,preventive,kinyarwanda->kinyarwanda:URGENT:preventive,Mu rugo hari umuntu urwaye igituntu kandi {REL} ashaka kwisuzumisha.,Mu rugo hari umuntu urwaye igituntu kandi ndashaka kwisuzumisha.
"Mfasha vuba, umukecuru ahumeka bimugora cyane kandi iminwa ye yahindutse ibara kuva mu masaha abiri ashize biragenda bikagaruka. Nkora iki?",kinyarwanda,CRITICAL,cardiac_respiratory,kinyarwanda->kinyarwanda:CRITICAL:cardiac_respiratory,{REL} ahumeka bimugora cyane kandi iminwa ye yahindutse ibara.,guhumeka birangora cyane kandi iminwa yanjye yahindutse ibara
"Naje hano mbere, iyo umukecuru ahumetse cyane, arumva mu gituza hamubabaza biragenda bikagaruka. Murakoze.",kinyarwanda,URGENT,cardiac_respiratory,kinyarwanda->kinyarwanda:URGENT:cardiac_respiratory,"Iyo {REL} ahumetse cyane, arumva mu gituza hamubabaza.","Iyo {REL} ahumetse cyane, arumva mu gituza hamubabaza."
"Nzanye umwana wanjye, mushiki wanjye afite igisebe ku kirenge kidakira kandi afite diyabete kuva ejo. Abandi bana na bo bafite iki kibazo. Mfasha muganga.",kinyarwanda,URGENT,chronic_care,kinyarwanda->kinyarwanda:URGENT:chronic_care,{REL} afite igisebe ku kirenge kidakira kandi afite diyabete.,Mfite igisebe ku kirenge kidakira kandi mfite diyabete.
"Nyabuneka, mfite ikibazo ku mutwe kandi kirimo guterwa n'urumuri kuva hashize iminsi ibiri kandi birushaho kuba bibi. Urakoze.",kinyarwanda,URGENT,neurological,kinyarwanda->kinyarwanda:URGENT:neurological,Mfite ikibazo ku mutwe kandi kirimo guterwa n'urumuri.,Mfite ikibazo ku mutwe kandi kirimo guterwa n'urumuri.
"Ndashaka kukubwira ikibazo mfite. Iyo umuturanyi wanjye ahumetse cyane, arumva mu gituza hamubabaza kuva hashize icyumweru kandi nta miti mfite. Murakoze.",kinyarwanda,URGENT,cardiac_respiratory,kinyarwanda->kinyarwanda:URGENT:cardiac_respiratory,"Iyo {REL} ahumetse cyane, arumva mu gituza hamubabaza.","Iyo {REL} ahumetse cyane, arumva mu gituza hamubabaza."
"Muraho, mu rugo hari umuntu urwaye igituntu kandi umukecuru ashaka kwisuzumisha. Mfasha muganga.",kinyarwanda,URGENT,preventive,kinyarwanda->kinyarwanda:URGENT:preventive,Mu rugo hari umuntu urwaye igituntu kandi {REL} ashaka kwisuzumisha.,Mu rugo hari umuntu urwaye igituntu kandi ndashaka kwisuzumisha.
"Muganga, umugabo wanjye afite gahunda yo gukingiza umwana kuva ejo. Byatangiye gitunguranye. Mfasha muganga.",kinyarwanda,ROUTINE,preventive,kinyarwanda->kinyarwanda:ROUTINE:preventive,{REL} afite gahunda yo gukingiza umwana.,Mfite gahunda yo gukingiza umwana.
"Simbizi niba bikomeye ariko, umuturanyi wanjye afite impiswi zikomeye kandi yagize umwuma kuva hashize iminsi ibiri kandi birushaho kuba bibi. Ni imiti ki nafata?",kinyarwanda,CRITICAL,gastrointestinal,kinyarwanda->kinyarwanda:CRITICAL:gastrointestinal,{REL} afite impiswi zikomeye kandi yagize umwuma.,{REL} afite impiswi zikomeye kandi yagize umwuma.
Ndashaka kukubwira ikibazo mfite. Umugore wanjye afite igisebe ku kirenge kidakira kandi afite diyabete kuva mu gitondo kandi ndahangayitse. Mfasha muganga.,kinyarwanda,URGENT,chronic_care,kinyarwanda->kinyarwanda:URGENT:chronic_care,{REL} afite igisebe ku kirenge kidakira kandi afite diyabete.,Mfite igisebe ku kirenge kidakira kandi mfite diyabete.
"Ndakeneye ubufasha, umuvuduko w'amaraso wanjye wazamutse cyane kandi umutwe urandya cyane kuva hashize iminsi itatu. Abandi bana na bo bafite iki kibazo. Ni imiti ki nafata?",kinyarwanda,URGENT,chronic_care,kinyarwanda->kinyarwanda:URGENT:chronic_care,Umuvuduko w'amaraso wanjye wazamutse cyane kandi umutwe urandya cyane.,Umuvuduko w'amaraso wanjye wazamutse cyane kandi umutwe urandya cyane.
"Muganga, mu rugo hari umuntu urwaye igituntu kandi ndashaka kwisuzumisha kuva mu gitondo kandi nta miti mfite. Naje mvuye kure.",kinyarwanda,URGENT,preventive,kinyarwanda->kinyarwanda:URGENT:preventive,Mu rugo hari umuntu urwaye igituntu kandi ndashaka kwisuzumisha.,Mu rugo hari umuntu urwaye igituntu kandi ndashaka kwisuzumisha.
"Mumbabarire, ndashaka kubabwira ikibazo mfite. Umugore wanjye ahumeka bimugora cyane kandi iminwa ye yahindutse ibara kuva mu cyumweru gishize kandi birushaho kuba bibi",kinyarwanda,CRITICAL,cardiac_respiratory,kinyarwanda->kinyarwanda:CRITICAL:cardiac_respiratory,{REL} ahumeka bimugora cyane kandi iminwa ye yahindutse ibara.,guhumeka birangora cyane kandi iminwa yanjye yahindutse ibara
"Nyabuneka, mfite igisebe ku kirenge kidakira kandi mfite diyabete kuva hashize iminsi itatu biragenda bikagaruka. Ese ibi birakomeye?",kinyarwanda,URGENT,chronic_care,kinyarwanda->kinyarwanda:URGENT:chronic_care,Mfite igisebe ku kirenge kidakira kandi mfite diyabete.,Mfite igisebe ku kirenge kidakira kandi mfite diyabete.
"Simbizi niba bikomeye ariko, umuvuduko w'amaraso wanjye wazamutse cyane kandi umutwe urandya cyane kuva mu masaha abiri ashize biragenda bikagaruka",kinyarwanda,URGENT,chronic_care,kinyarwanda->kinyarwanda:URGENT:chronic_care,Umuvuduko w'amaraso wanjye wazamutse cyane kandi umutwe urandya cyane.,Umuvuduko w'amaraso wanjye wazamutse cyane kandi umutwe urandya cyane.
"Simbizi niba bikomeye ariko, umugore wanjye afite ibimenyetso bya malariya, umuriro n'imbeho. Abandi bana na bo bafite iki kibazo. Nkora iki?",kinyarwanda,URGENT,infectious_fever,kinyarwanda->kinyarwanda:URGENT:infectious_fever,"{REL} afite ibimenyetso bya malariya, umuriro n'imbeho.","Mfite ibimenyetso bya malariya, umuriro n'imbeho."
"Mumbabarire, ndashaka kubabwira ikibazo mfite. Umwana wanjye afite ibimenyetso bya malariya, umuriro n'imbeho kuva mu cyumweru gishize bikarushaho nijoro. Murakoze.",kinyarwanda,URGENT,infectious_fever,kinyarwanda->kinyarwanda:URGENT:infectious_fever,"{REL} afite ibimenyetso bya malariya, umuriro n'imbeho.","Mfite ibimenyetso bya malariya, umuriro n'imbeho."
"Simbizi niba bikomeye ariko, umugore wanjye yabyimbye ibirenge kandi ntashobora guhumeka neza iyo aragaramye kuva ejo nta miti imfasha. Ni imiti ki nafata?",kinyarwanda,URGENT,chronic_care,kinyarwanda->kinyarwanda:URGENT:chronic_care,{REL} yabyimbye ibirenge kandi ntashobora guhumeka neza iyo aragaramye.,Nabyimbye ibirenge kandi sinshobora guhumeka neza iyo ndagaramye.
"Mfasha, umwana wanjye afite impiswi zikomeye kandi yagize umwuma kuva hashize icyumweru nta miti imfasha. Ntegereze cyangwa nsuzumwe ubu?",kinyarwanda,CRITICAL,gastrointestinal,kinyarwanda->kinyarwanda:CRITICAL:gastrointestinal,{REL} afite impiswi zikomeye kandi yagize umwuma.,{REL} afite impiswi zikomeye kandi yagize umwuma.
"Mfasha vuba, papa yabyimbye ibirenge kandi ntashobora guhumeka neza iyo aragaramye kuva hashize iminsi ibiri kandi birushaho kuba bibi. Murakoze.",kinyarwanda,URGENT,chronic_care,kinyarwanda->kinyarwanda:URGENT:chronic_care,{REL} yabyimbye ibirenge kandi ntashobora guhumeka neza iyo aragaramye.,Nabyimbye ibirenge kandi sinshobora guhumeka neza iyo ndagaramye.
"Nyabuneka, umukecuru arababara cyane mu nda kandi ububabare ntibuhagarara kuva ejo kandi nta miti mfite. Ese ibi birakomeye?",kinyarwanda,URGENT,gastrointestinal,kinyarwanda->kinyarwanda:URGENT:gastrointestinal,{REL} arababara cyane mu nda kandi ububabare ntibuhagarara.,Inda irandya cyane kandi ububabare ntibuhagarara.
"Muganga, ndatwite kandi nagagaye kuva mu gitondo. Byatangiye gitunguranye. Naje mvuye kure.",kinyarwanda,CRITICAL,obstetric,kinyarwanda->kinyarwanda:CRITICAL:obstetric,Ndatwite kandi nagagaye.,Ndatwite kandi nagagaye.
"Simbizi niba bikomeye ariko, umuturanyi wanjye afite gahunda yo gukingiza umwana kuva mu gitondo. Abandi bana na bo bafite iki kibazo. Ntegereze cyangwa nsuzumwe ubu?",kinyarwanda,ROUTINE,preventive,kinyarwanda->kinyarwanda:ROUTINE:preventive,{REL} afite gahunda yo gukingiza umwana.,Mfite gahunda yo gukingiza umwana.
"Ndakeneye ubufasha, mama ahumeka bimugora cyane kandi iminwa ye yahindutse ibara kuva mu cyumweru gishize kandi sinshobora gusinzira. Mfasha muganga.",kinyarwanda,CRITICAL,cardiac_respiratory,kinyarwanda->kinyarwanda:CRITICAL:cardiac_respiratory,{REL} ahumeka bimugora cyane kandi iminwa ye yahindutse ibara.,guhumeka birangora cyane kandi iminwa yanjye yahindutse ibara
"Ndashaka kukubwira ikibazo mfite. Iyo umugabo wanjye ahumetse cyane, arumva mu gituza hamubabaza kuva ubu gitondo cya kare biragenda bikagaruka. Ntabasha kubona amafaranga yo kongera kuza kwa muganga.",kinyarwanda,URGENT,cardiac_respiratory,kinyarwanda->kinyarwanda:URGENT:cardiac_respiratory,"Iyo {REL} ahumetse cyane, arumva mu gituza hamubabaza.","Iyo {REL} ahumetse cyane, arumva mu gituza hamubabaza."
"Nyabuneka, mfite umuhaha kuva ijoro ryashize. Mfasha muganga.",kinyarwanda,URGENT,paediatric,kinyarwanda->kinyarwanda:URGENT:paediatric,Mfite umuhaha.,Mfite umuhaha.
"Simbizi niba bikomeye ariko, mfite umuhaha kuva ubu gitondo cya kare kandi ndahangayitse. Murakoze.",kinyarwanda,URGENT,paediatric,kinyarwanda->kinyarwanda:URGENT:paediatric,Mfite umuhaha.,Mfite umuhaha.
"Muganga, ndatwite kandi nagagaye kuva hashize icyumweru kandi nta miti mfite. Ndakeneye ubufasha vuba.",kinyarwanda,CRITICAL,obstetric,kinyarwanda->kinyarwanda:CRITICAL:obstetric,Ndatwite kandi nagagaye.,Ndatwite kandi nagagaye.
"Muganga, mfite umuhaha kuva hashize icyumweru. Abandi bana na bo bafite iki kibazo. Murakoze.",kinyarwanda,URGENT,paediatric,kinyarwanda->kinyarwanda:URGENT:paediatric,Mfite umuhaha.,Mfite umuhaha.
"Naje hano mbere, umugore wanjye afite igisebe ku kirenge kidakira kandi afite diyabete biragenda bikagaruka. Ntabasha kubona amafaranga yo kongera kuza kwa muganga.",kinyarwanda,URGENT,chronic_care,kinyarwanda->kinyarwanda:URGENT:chronic_care,{REL} afite igisebe ku kirenge kidakira kandi afite diyabete.,Mfite igisebe ku kirenge kidakira kandi mfite diyabete.
"Nzanye umwana wanjye, umugabo wanjye arababara cyane mu nda kandi ububabare ntibuhagarara kuva ejo. Byatangiye gitunguranye. Naje mvuye kure.",kinyarwanda,URGENT,gastrointestinal,kinyarwanda->kinyarwanda:URGENT:gastrointestinal,{REL} arababara cyane mu nda kandi ububabare ntibuhagarara.,Inda irandya cyane kandi ububabare ntibuhagarara.
"Nyabuneka, mfite umuhaha kuva mu masaha abiri ashize. Abandi bana na bo bafite iki kibazo. Naje mvuye kure.",kinyarwanda,URGENT,paediatric,kinyarwanda->kinyarwanda:URGENT:paediatric,Mfite umuhaha.,Mfite umuhaha.
"Muganga, umuvuduko w'amaraso wanjye wazamutse cyane kandi umutwe urandya cyane kuva mu gitondo kandi nta miti mfite. Ndakeneye ubufasha vuba.",kinyarwanda,URGENT,chronic_care,kinyarwanda->kinyarwanda:URGENT:chronic_care,Umuvuduko w'amaraso wanjye wazamutse cyane kandi umutwe urandya cyane.,Umuvuduko w'amaraso wanjye wazamutse cyane kandi umutwe urandya cyane.
"Naje hano mbere, umuvuduko w'amaraso wanjye wazamutse cyane kandi umutwe urandya cyane kuva mu masaha abiri ashize kandi birushaho kuba bibi. Naje mvuye kure.",kinyarwanda,URGENT,chronic_care,kinyarwanda->kinyarwanda:URGENT:chronic_care,Umuvuduko w'amaraso wanjye wazamutse cyane kandi umutwe urandya cyane.,Umuvuduko w'amaraso wanjye wazamutse cyane kandi umutwe urandya cyane.
"Muganga, mfite ikibazo ku mutwe kandi kirimo guterwa n'urumuri kuva mu masaha abiri ashize nta miti imfasha. Nkora iki?",kinyarwanda,URGENT,neurological,kinyarwanda->kinyarwanda:URGENT:neurological,Mfite ikibazo ku mutwe kandi kirimo guterwa n'urumuri.,Mfite ikibazo ku mutwe kandi kirimo guterwa n'urumuri.
"Simbizi niba bikomeye ariko, maze iminsi itatu ndwaye impiswi zikomeye kuva mu masaha abiri ashize bikarushaho nijoro. Naje mvuye kure.",kinyarwanda,URGENT,gastrointestinal,kinyarwanda->kinyarwanda:URGENT:gastrointestinal,maze iminsi itatu ndwaye impiswi zikomeye,maze iminsi itatu ndwaye impiswi zikomeye
"Mfasha, mu rugo hari umuntu urwaye igituntu kandi ndashaka kwisuzumisha kuva mu cyumweru gishize. Byatangiye gitunguranye. Ese ibi birakomeye?",kinyarwanda,URGENT,preventive,kinyarwanda->kinyarwanda:URGENT:preventive,Mu rugo hari umuntu urwaye igituntu kandi ndashaka kwisuzumisha.,Mu rugo hari umuntu urwaye igituntu kandi ndashaka kwisuzumisha.
"Nzanye umwana wanjye, mu rugo hari umuntu urwaye igituntu kandi umuturanyi wanjye ashaka kwisuzumisha kuva ubu gitondo cya kare kandi nta miti mfite. Naje mvuye kure.",kinyarwanda,URGENT,preventive,kinyarwanda->kinyarwanda:URGENT:preventive,Mu rugo hari umuntu urwaye igituntu kandi {REL} ashaka kwisuzumisha.,Mu rugo hari umuntu urwaye igituntu kandi ndashaka kwisuzumisha.
"Nyabuneka, umuvuduko w'amaraso wanjye wazamutse cyane kandi umutwe urandya cyane kuva mu cyumweru gishize kandi birushaho kuba bibi. Urakoze.",kinyarwanda,URGENT,chronic_care,kinyarwanda->kinyarwanda:URGENT:chronic_care,Umuvuduko w'amaraso wanjye wazamutse cyane kandi umutwe urandya cyane.,Umuvuduko w'amaraso wanjye wazamutse cyane kandi umutwe urandya cyane.
"Mfasha vuba, mama yabyimbye ibirenge kandi ntashobora guhumeka neza iyo aragaramye kuva ijoro ryashize. Byatangiye gitunguranye. Naje mvuye kure.",kinyarwanda,URGENT,chronic_care,kinyarwanda->kinyarwanda:URGENT:chronic_care,{REL} yabyimbye ibirenge kandi ntashobora guhumeka neza iyo aragaramye.,Nabyimbye ibirenge kandi sinshobora guhumeka neza iyo ndagaramye.
Maze umunsi wose mbabara ngerageza kubyara ariko umwana ntarasohoka kuva hashize icyumweru kandi ndahangayitse. Ntegereze cyangwa nsuzumwe ubu?,kinyarwanda,CRITICAL,obstetric,kinyarwanda->kinyarwanda:CRITICAL:obstetric,Maze umunsi wose mbabara ngerageza kubyara ariko umwana ntarasohoka.,Maze umunsi wose mbabara ngerageza kubyara ariko umwana ntarasohoka.
"Muganga, umuturanyi wanjye yabyimbye ibirenge kandi ntashobora guhumeka neza iyo aragaramye kandi ndahangayitse. Mfasha muganga.",kinyarwanda,URGENT,chronic_care,kinyarwanda->kinyarwanda:URGENT:chronic_care,{REL} yabyimbye ibirenge kandi ntashobora guhumeka neza iyo aragaramye.,Nabyimbye ibirenge kandi sinshobora guhumeka neza iyo ndagaramye.
"Mfasha vuba, mfite umuhaha kuva hashize icyumweru bikarushaho nijoro. Mfasha muganga.",kinyarwanda,URGENT,paediatric,kinyarwanda->kinyarwanda:URGENT:paediatric,Mfite umuhaha.,Mfite umuhaha.
"Simbizi niba bikomeye ariko, mu rugo hari umuntu urwaye igituntu kandi umwana wanjye ashaka kwisuzumisha kuva ejo biragenda bikagaruka. Murakoze.",kinyarwanda,URGENT,preventive,kinyarwanda->kinyarwanda:URGENT:preventive,Mu rugo hari umuntu urwaye igituntu kandi {REL} ashaka kwisuzumisha.,Mu rugo hari umuntu urwaye igituntu kandi ndashaka kwisuzumisha.
Ndashaka kukubwira ikibazo mfite. Maze iminsi itatu ndwaye impiswi zikomeye kuva mu masaha abiri ashize kandi ndahangayitse. Ni imiti ki nafata?,kinyarwanda,URGENT,gastrointestinal,kinyarwanda->kinyarwanda:URGENT:gastrointestinal,maze iminsi itatu ndwaye impiswi zikomeye,maze iminsi itatu ndwaye impiswi zikomeye
Ndashaka kukubwira ikibazo mfite. Mfite igisebe ku kirenge kidakira kandi mfite diyabete kandi birushaho kuba bibi. Ntabasha kubona amafaranga yo kongera kuza kwa muganga.,kinyarwanda,URGENT,chronic_care,kinyarwanda->kinyarwanda:URGENT:chronic_care,Mfite igisebe ku kirenge kidakira kandi mfite diyabete.,Mfite igisebe ku kirenge kidakira kandi mfite diyabete.
Umukecuru yabyimbye ibirenge kandi ntashobora guhumeka neza iyo aragaramye kuva mu cyumweru gishize bikarushaho nijoro. Naje mvuye kure.,kinyarwanda,URGENT,chronic_care,kinyarwanda->kinyarwanda:URGENT:chronic_care,{REL} yabyimbye ibirenge kandi ntashobora guhumeka neza iyo aragaramye.,Nabyimbye ibirenge kandi sinshobora guhumeka neza iyo ndagaramye.
"Simbizi niba bikomeye ariko, mfite umuhaha kuva mu cyumweru gishize. Byatangiye gitunguranye. Ese ibi birakomeye?",kinyarwanda,URGENT,paediatric,kinyarwanda->kinyarwanda:URGENT:paediatric,Mfite umuhaha.,Mfite umuhaha.
"Nzanye umwana wanjye, mushiki wanjye afite ibimenyetso bya malariya, umuriro n'imbeho kuva ijoro ryashize kandi sinshobora gusinzira. Naje mvuye kure.",kinyarwanda,URGENT,infectious_fever,kinyarwanda->kinyarwanda:URGENT:infectious_fever,"{REL} afite ibimenyetso bya malariya, umuriro n'imbeho.","Mfite ibimenyetso bya malariya, umuriro n'imbeho."
"Mfasha vuba, umwana wanjye afite ibimenyetso bya malariya, umuriro n'imbeho kuva ubu gitondo cya kare. Abandi bana na bo bafite iki kibazo. Ntabasha kubona amafaranga yo kongera kuza kwa muganga.",kinyarwanda,URGENT,infectious_fever,kinyarwanda->kinyarwanda:URGENT:infectious_fever,"{REL} afite ibimenyetso bya malariya, umuriro n'imbeho.","Mfite ibimenyetso bya malariya, umuriro n'imbeho."
"Mfasha vuba, mu rugo hari umuntu urwaye igituntu kandi umugabo wanjye ashaka kwisuzumisha kuva hashize icyumweru bikarushaho nijoro. Ntegereze cyangwa nsuzumwe ubu?",kinyarwanda,URGENT,preventive,kinyarwanda->kinyarwanda:URGENT:preventive,Mu rugo hari umuntu urwaye igituntu kandi {REL} ashaka kwisuzumisha.,Mu rugo hari umuntu urwaye igituntu kandi ndashaka kwisuzumisha.
"Naje hano mbere, umugabo wanjye yabyimbye ibirenge kandi ntashobora guhumeka neza iyo aragaramye kandi sinshobora gusinzira. Naje mvuye kure.",kinyarwanda,URGENT,chronic_care,kinyarwanda->kinyarwanda:URGENT:chronic_care,{REL} yabyimbye ibirenge kandi ntashobora guhumeka neza iyo aragaramye.,Nabyimbye ibirenge kandi sinshobora guhumeka neza iyo ndagaramye.
Umwana wanjye ahumeka bimugora cyane kandi iminwa ye yahindutse ibara kuva hashize iminsi itatu kandi birushaho kuba bibi. Ntegereze cyangwa nsuzumwe ubu?,kinyarwanda,CRITICAL,cardiac_respiratory,kinyarwanda->kinyarwanda:CRITICAL:cardiac_respiratory,{REL} ahumeka bimugora cyane kandi iminwa ye yahindutse ibara.,guhumeka birangora cyane kandi iminwa yanjye yahindutse ibara
Ndashaka kukubwira ikibazo mfite. Mu rugo hari umuntu urwaye igituntu kandi ndashaka kwisuzumisha. Naje mvuye kure.,kinyarwanda,URGENT,preventive,kinyarwanda->kinyarwanda:URGENT:preventive,Mu rugo hari umuntu urwaye igituntu kandi ndashaka kwisuzumisha.,Mu rugo hari umuntu urwaye igituntu kandi ndashaka kwisuzumisha.
"Muganga, mama yabyimbye ibirenge kandi ntashobora guhumeka neza iyo aragaramye kuva ijoro ryashize. Nkora iki?",kinyarwanda,URGENT,chronic_care,kinyarwanda->kinyarwanda:URGENT:chronic_care,{REL} yabyimbye ibirenge kandi ntashobora guhumeka neza iyo aragaramye.,Nabyimbye ibirenge kandi sinshobora guhumeka neza iyo ndagaramye.
Ndatwite kandi nagagaye kuva hashize icyumweru. Ndakeneye ubufasha vuba.,kinyarwanda,CRITICAL,obstetric,kinyarwanda->kinyarwanda:CRITICAL:obstetric,Ndatwite kandi nagagaye.,Ndatwite kandi nagagaye.
"Mfasha, ndatwite kandi nagagaye kuva hashize iminsi ibiri kandi sinshobora gusinzira. Ni imiti ki nafata?",kinyarwanda,CRITICAL,obstetric,kinyarwanda->kinyarwanda:CRITICAL:obstetric,Ndatwite kandi nagagaye.,Ndatwite kandi nagagaye.
"Ndakeneye ubufasha, maze iminsi itatu ndwaye impiswi zikomeye kuva mu cyumweru gishize kandi birushaho kuba bibi. Mfasha muganga.",kinyarwanda,URGENT,gastrointestinal,kinyarwanda->kinyarwanda:URGENT:gastrointestinal,maze iminsi itatu ndwaye impiswi zikomeye,maze iminsi itatu ndwaye impiswi zikomeye
"Nyabuneka, mfite umuhaha kuva ejo. Abandi bana na bo bafite iki kibazo. Nkora iki?",kinyarwanda,URGENT,paediatric,kinyarwanda->kinyarwanda:URGENT:paediatric,Mfite umuhaha.,Mfite umuhaha.
"Ndakeneye ubufasha, mu rugo hari umuntu urwaye igituntu kandi mushiki wanjye ashaka kwisuzumisha kuva ijoro ryashize kandi sinshobora gusinzira. Ntabasha kubona amafaranga yo kongera kuza kwa muganga.",kinyarwanda,URGENT,preventive,kinyarwanda->kinyarwanda:URGENT:preventive,Mu rugo hari umuntu urwaye igituntu kandi {REL} ashaka kwisuzumisha.,Mu rugo hari umuntu urwaye igituntu kandi ndashaka kwisuzumisha.
"Ndakeneye ubufasha, umuturanyi wanjye ahumeka bimugora cyane kandi iminwa ye yahindutse ibara kuva mu cyumweru gishize nta miti imfasha",kinyarwanda,CRITICAL,cardiac_respiratory,kinyarwanda->kinyarwanda:CRITICAL:cardiac_respiratory,{REL} ahumeka bimugora cyane kandi iminwa ye yahindutse ibara.,guhumeka birangora cyane kandi iminwa yanjye yahindutse ibara
Ndatwite kandi nagagaye kuva hashize iminsi itatu kandi sinshobora gusinzira. Ese ibi birakomeye?,kinyarwanda,CRITICAL,obstetric,kinyarwanda->kinyarwanda:CRITICAL:obstetric,Ndatwite kandi nagagaye.,Ndatwite kandi nagagaye.
"Nzanye umwana wanjye, mfite umuhaha kuva ijoro ryashize nta miti imfasha. Naje mvuye kure.",kinyarwanda,URGENT,paediatric,kinyarwanda->kinyarwanda:URGENT:paediatric,Mfite umuhaha.,Mfite umuhaha.
"Mfasha vuba, maze iminsi itatu ndwaye impiswi zikomeye kuva mu masaha abiri ashize kandi birushaho kuba bibi. Urakoze.",kinyarwanda,URGENT,gastrointestinal,kinyarwanda->kinyarwanda:URGENT:gastrointestinal,maze iminsi itatu ndwaye impiswi zikomeye,maze iminsi itatu ndwaye impiswi zikomeye
"Ndakeneye ubufasha, ndashaka kugirwa inama ku mazi yo kunywa. Nkora iki?",kinyarwanda,ROUTINE,preventive,kinyarwanda->kinyarwanda:ROUTINE:preventive,Ndashaka kugirwa inama ku mazi yo kunywa.,Ndashaka kugirwa inama ku mazi yo kunywa.
"Simbizi niba bikomeye ariko, maze umunsi wose mbabara ngerageza kubyara ariko umwana ntarasohoka kuva ijoro ryashize kandi ndahangayitse. Naje mvuye kure.",kinyarwanda,CRITICAL,obstetric,kinyarwanda->kinyarwanda:CRITICAL:obstetric,Maze umunsi wose mbabara ngerageza kubyara ariko umwana ntarasohoka.,Maze umunsi wose mbabara ngerageza kubyara ariko umwana ntarasohoka.
"Muganga, umuvuduko w'amaraso wanjye wazamutse cyane kandi umutwe urandya cyane kuva ijoro ryashize. Nkora iki?",kinyarwanda,URGENT,chronic_care,kinyarwanda->kinyarwanda:URGENT:chronic_care,Umuvuduko w'amaraso wanjye wazamutse cyane kandi umutwe urandya cyane.,Umuvuduko w'amaraso wanjye wazamutse cyane kandi umutwe urandya cyane.
"Mumbabarire, ndashaka kubabwira ikibazo mfite. Mu rugo hari umuntu urwaye igituntu kandi umuturanyi wanjye ashaka kwisuzumisha kuva ijoro ryashize kandi ndahangayitse. Ntabasha kubona amafaranga yo kongera kuza kwa muganga.",kinyarwanda,URGENT,preventive,kinyarwanda->kinyarwanda:URGENT:preventive,Mu rugo hari umuntu urwaye igituntu kandi {REL} ashaka kwisuzumisha.,Mu rugo hari umuntu urwaye igituntu kandi ndashaka kwisuzumisha.
"Muraho, umuturanyi wanjye afite ibimenyetso bya malariya, umuriro n'imbeho. Abandi bana na bo bafite iki kibazo. Naje mvuye kure.",kinyarwanda,URGENT,infectious_fever,kinyarwanda->kinyarwanda:URGENT:infectious_fever,"{REL} afite ibimenyetso bya malariya, umuriro n'imbeho.","Mfite ibimenyetso bya malariya, umuriro n'imbeho."
"Muganga, mfite igisebe ku kirenge kidakira kandi mfite diyabete kuva mu gitondo kandi ndahangayitse. Ndakeneye ubufasha vuba.",kinyarwanda,URGENT,chronic_care,kinyarwanda->kinyarwanda:URGENT:chronic_care,Mfite igisebe ku kirenge kidakira kandi mfite diyabete.,Mfite igisebe ku kirenge kidakira kandi mfite diyabete.
"Muraho, ndatwite kandi nagagaye kuva mu cyumweru gishize. Byatangiye gitunguranye. Ndakeneye ubufasha vuba.",kinyarwanda,CRITICAL,obstetric,kinyarwanda->kinyarwanda:CRITICAL:obstetric,Ndatwite kandi nagagaye.,Ndatwite kandi nagagaye.
"Nzanye umwana wanjye, mfite umuhaha kuva ubu gitondo cya kare biragenda bikagaruka",kinyarwanda,URGENT,paediatric,kinyarwanda->kinyarwanda:URGENT:paediatric,Mfite umuhaha.,Mfite umuhaha.
"Muraho, mu rugo hari umuntu urwaye igituntu kandi papa ashaka kwisuzumisha kuva ijoro ryashize biragenda bikagaruka. Nkora iki?",kinyarwanda,URGENT,preventive,kinyarwanda->kinyarwanda:URGENT:preventive,Mu rugo hari umuntu urwaye igituntu kandi {REL} ashaka kwisuzumisha.,Mu rugo hari umuntu urwaye igituntu kandi ndashaka kwisuzumisha.
Mfite umuhaha kuva hashize iminsi itatu. Byatangiye gitunguranye. Ntabasha kubona amafaranga yo kongera kuza kwa muganga.,kinyarwanda,URGENT,paediatric,kinyarwanda->kinyarwanda:URGENT:paediatric,Mfite umuhaha.,Mfite umuhaha.
"Naje hano mbere, mfite ikibazo ku mutwe kandi kirimo guterwa n'urumuri kuva hashize iminsi ibiri nta miti imfasha",kinyarwanda,URGENT,neurological,kinyarwanda->kinyarwanda:URGENT:neurological,Mfite ikibazo ku mutwe kandi kirimo guterwa n'urumuri.,Mfite ikibazo ku mutwe kandi kirimo guterwa n'urumuri.
"Ndakeneye ubufasha, mfite umuhaha kuva hashize iminsi itatu biragenda bikagaruka. Ni imiti ki nafata?",kinyarwanda,URGENT,paediatric,kinyarwanda->kinyarwanda:URGENT:paediatric,Mfite umuhaha.,Mfite umuhaha.
"Ndakeneye ubufasha, umuturanyi wanjye nta miti ya SIDA afite kandi ndahangayitse. Ese ibi birakomeye?",kinyarwanda,URGENT,chronic_care,kinyarwanda->kinyarwanda:URGENT:chronic_care,{REL} nta miti ya SIDA afite.,Nta miti ya SIDA mfite.
Ndashaka kukubwira ikibazo mfite. Maze umunsi wose mbabara ngerageza kubyara ariko umwana ntarasohoka kuva ijoro ryashize kandi birushaho kuba bibi. Ntegereze cyangwa nsuzumwe ubu?,kinyarwanda,CRITICAL,obstetric,kinyarwanda->kinyarwanda:CRITICAL:obstetric,Maze umunsi wose mbabara ngerageza kubyara ariko umwana ntarasohoka.,Maze umunsi wose mbabara ngerageza kubyara ariko umwana ntarasohoka.
"Nzanye umwana wanjye, ndatwite kandi nagagaye kuva ubu gitondo cya kare biragenda bikagaruka. Naje mvuye kure.",kinyarwanda,CRITICAL,obstetric,kinyarwanda->kinyarwanda:CRITICAL:obstetric,Ndatwite kandi nagagaye.,Ndatwite kandi nagagaye.
"Nzanye umwana wanjye, umugabo wanjye arababara cyane mu nda kandi ububabare ntibuhagarara kuva mu cyumweru gishize bikarushaho nijoro. Nkora iki?",kinyarwanda,URGENT,gastrointestinal,kinyarwanda->kinyarwanda:URGENT:gastrointestinal,{REL} arababara cyane mu nda kandi ububabare ntibuhagarara.,Inda irandya cyane kandi ububabare ntibuhagarara.
Mushiki wanjye nta miti ya SIDA afite kuva mu cyumweru gishize. Ntabasha kubona amafaranga yo kongera kuza kwa muganga.,kinyarwanda,URGENT,chronic_care,kinyarwanda->kinyarwanda:URGENT:chronic_care,{REL} nta miti ya SIDA afite.,Nta miti ya SIDA mfite.
"Mumbabarire, ndashaka kubabwira ikibazo mfite. Umuvuduko w'amaraso wanjye wazamutse cyane kandi umutwe urandya cyane kuva hashize icyumweru kandi birushaho kuba bibi. Ndakeneye ubufasha vuba.",kinyarwanda,URGENT,chronic_care,kinyarwanda->kinyarwanda:URGENT:chronic_care,Umuvuduko w'amaraso wanjye wazamutse cyane kandi umutwe urandya cyane.,Umuvuduko w'amaraso wanjye wazamutse cyane kandi umutwe urandya cyane.
"Mfasha vuba, mu rugo hari umuntu urwaye igituntu kandi umwana wanjye ashaka kwisuzumisha kuva mu cyumweru gishize kandi ndahangayitse. Ndakeneye ubufasha vuba.",kinyarwanda,URGENT,preventive,kinyarwanda->kinyarwanda:URGENT:preventive,Mu rugo hari umuntu urwaye igituntu kandi {REL} ashaka kwisuzumisha.,Mu rugo hari umuntu urwaye igituntu kandi ndashaka kwisuzumisha.
"Nzanye umwana wanjye, ndatwite kandi nagagaye kuva ubu gitondo cya kare nta miti imfasha",kinyarwanda,CRITICAL,obstetric,kinyarwanda->kinyarwanda:CRITICAL:obstetric,Ndatwite kandi nagagaye.,Ndatwite kandi nagagaye.
"Muraho, mama afite impiswi zikomeye kandi yagize umwuma kuva mu masaha abiri ashize. Byatangiye gitunguranye. Ntabasha kubona amafaranga yo kongera kuza kwa muganga.",kinyarwanda,CRITICAL,gastrointestinal,kinyarwanda->kinyarwanda:CRITICAL:gastrointestinal,{REL} afite impiswi zikomeye kandi yagize umwuma.,{REL} afite impiswi zikomeye kandi yagize umwuma.
"Muraho, mushiki wanjye ari kubyara ariko umugozi w'umwana wabanje gusohoka kuva hashize iminsi ibiri kandi birushaho kuba bibi. Ntabasha kubona amafaranga yo kongera kuza kwa muganga.",kinyarwanda,CRITICAL,obstetric,kinyarwanda->kinyarwanda:CRITICAL:obstetric,{REL} ari kubyara ariko umugozi w'umwana wabanje gusohoka.,Ndabyara ariko habanje gusohoka umugozi w'umwana.
"Muraho, mfite ikibazo ku mutwe kandi kirimo guterwa n'urumuri. Abandi bana na bo bafite iki kibazo. Urakoze.",kinyarwanda,URGENT,neurological,kinyarwanda->kinyarwanda:URGENT:neurological,Mfite ikibazo ku mutwe kandi kirimo guterwa n'urumuri.,Mfite ikibazo ku mutwe kandi kirimo guterwa n'urumuri.
"Simbizi niba bikomeye ariko, umukecuru nta miti ya SIDA afite kuva hashize iminsi ibiri kandi nta miti mfite. Nkora iki?",kinyarwanda,URGENT,chronic_care,kinyarwanda->kinyarwanda:URGENT:chronic_care,{REL} nta miti ya SIDA afite.,Nta miti ya SIDA mfite.
"Nyabuneka, ndatwite kandi nagagaye kuva ijoro ryashize. Abandi bana na bo bafite iki kibazo.",kinyarwanda,CRITICAL,obstetric,kinyarwanda->kinyarwanda:CRITICAL:obstetric,Ndatwite kandi nagagaye.,Ndatwite kandi nagagaye.
Umuturanyi wanjye afite impiswi zikomeye kandi yagize umwuma kuva hashize iminsi ibiri biragenda bikagaruka. Ndakeneye ubufasha vuba.,kinyarwanda,CRITICAL,gastrointestinal,kinyarwanda->kinyarwanda:CRITICAL:gastrointestinal,{REL} afite impiswi zikomeye kandi yagize umwuma.,{REL} afite impiswi zikomeye kandi yagize umwuma.
"Naje hano mbere, umwana wanjye yabyimbye ibirenge kandi ntashobora guhumeka neza iyo aragaramye kuva mu masaha abiri ashize. Abandi bana na bo bafite iki kibazo. Urakoze.",kinyarwanda,URGENT,chronic_care,kinyarwanda->kinyarwanda:URGENT:chronic_care,{REL} yabyimbye ibirenge kandi ntashobora guhumeka neza iyo aragaramye.,Nabyimbye ibirenge kandi sinshobora guhumeka neza iyo ndagaramye.
"Muganga, umukecuru afite impiswi zikomeye kandi yagize umwuma kuva mu masaha abiri ashize kandi ndahangayitse",kinyarwanda,CRITICAL,gastrointestinal,kinyarwanda->kinyarwanda:CRITICAL:gastrointestinal,{REL} afite impiswi zikomeye kandi yagize umwuma.,{REL} afite impiswi zikomeye kandi yagize umwuma.
"Mumbabarire, ndashaka kubabwira ikibazo mfite. Iyo mushiki wanjye ahumetse cyane, arumva mu gituza hamubabaza kuva hashize iminsi ibiri biragenda bikagaruka. Mfasha muganga.",kinyarwanda,URGENT,cardiac_respiratory,kinyarwanda->kinyarwanda:URGENT:cardiac_respiratory,"Iyo {REL} ahumetse cyane, arumva mu gituza hamubabaza.","Iyo {REL} ahumetse cyane, arumva mu gituza hamubabaza."
"Mfasha vuba, umuvuduko w'amaraso wanjye wazamutse cyane kandi umutwe urandya cyane kuva mu cyumweru gishize. Mfasha muganga.",kinyarwanda,URGENT,chronic_care,kinyarwanda->kinyarwanda:URGENT:chronic_care,Umuvuduko w'amaraso wanjye wazamutse cyane kandi umutwe urandya cyane.,Umuvuduko w'amaraso wanjye wazamutse cyane kandi umutwe urandya cyane.
Ndashaka kukubwira ikibazo mfite. Papa afite igisebe ku kirenge kidakira kandi afite diyabete kuva mu cyumweru gishize. Byatangiye gitunguranye.,kinyarwanda,URGENT,chronic_care,kinyarwanda->kinyarwanda:URGENT:chronic_care,{REL} afite igisebe ku kirenge kidakira kandi afite diyabete.,Mfite igisebe ku kirenge kidakira kandi mfite diyabete.
"Simbizi niba bikomeye ariko, iyo umugore wanjye ahumetse cyane, arumva mu gituza hamubabaza. Byatangiye gitunguranye. Ntegereze cyangwa nsuzumwe ubu?",kinyarwanda,URGENT,cardiac_respiratory,kinyarwanda->kinyarwanda:URGENT:cardiac_respiratory,"Iyo {REL} ahumetse cyane, arumva mu gituza hamubabaza.","Iyo {REL} ahumetse cyane, arumva mu gituza hamubabaza."
Ndashaka kukubwira ikibazo mfite. Ndatwite kandi nagagaye kuva mu masaha abiri ashize kandi sinshobora gusinzira,kinyarwanda,CRITICAL,obstetric,kinyarwanda->kinyarwanda:CRITICAL:obstetric,Ndatwite kandi nagagaye.,Ndatwite kandi nagagaye.
"Ndakeneye ubufasha, umuturanyi wanjye afite ibimenyetso bya malariya, umuriro n'imbeho kuva hashize icyumweru nta miti imfasha. Ntegereze cyangwa nsuzumwe ubu?",kinyarwanda,URGENT,infectious_fever,kinyarwanda->kinyarwanda:URGENT:infectious_fever,"{REL} afite ibimenyetso bya malariya, umuriro n'imbeho.","Mfite ibimenyetso bya malariya, umuriro n'imbeho."
"Mfasha, umuturanyi wanjye ahumeka bimugora cyane kandi iminwa ye yahindutse ibara kuva ejo kandi birushaho kuba bibi. Ntegereze cyangwa nsuzumwe ubu?",kinyarwanda,CRITICAL,cardiac_respiratory,kinyarwanda->kinyarwanda:CRITICAL:cardiac_respiratory,{REL} ahumeka bimugora cyane kandi iminwa ye yahindutse ibara.,guhumeka birangora cyane kandi iminwa yanjye yahindutse ibara
"Ndakeneye ubufasha, papa ahumeka bimugora cyane kandi iminwa ye yahindutse ibara kuva mu masaha abiri ashize kandi nta miti mfite. Naje mvuye kure.",kinyarwanda,CRITICAL,cardiac_respiratory,kinyarwanda->kinyarwanda:CRITICAL:cardiac_respiratory,{REL} ahumeka bimugora cyane kandi iminwa ye yahindutse ibara.,guhumeka birangora cyane kandi iminwa yanjye yahindutse ibara
"Muganga, maze umunsi wose mbabara ngerageza kubyara ariko umwana ntarasohoka kuva mu gitondo kandi nta miti mfite. Ndakeneye ubufasha vuba.",kinyarwanda,CRITICAL,obstetric,kinyarwanda->kinyarwanda:CRITICAL:obstetric,Maze umunsi wose mbabara ngerageza kubyara ariko umwana ntarasohoka.,Maze umunsi wose mbabara ngerageza kubyara ariko umwana ntarasohoka.
Umuturanyi wanjye afite igisebe ku kirenge kidakira kandi afite diyabete kuva ejo kandi sinshobora gusinzira. Ntegereze cyangwa nsuzumwe ubu?,kinyarwanda,URGENT,chronic_care,kinyarwanda->kinyarwanda:URGENT:chronic_care,{REL} afite igisebe ku kirenge kidakira kandi afite diyabete.,Mfite igisebe ku kirenge kidakira kandi mfite diyabete.
"Muganga, ndatwite kandi nagagaye kuva hashize iminsi ibiri kandi sinshobora gusinzira. Nkora iki?",kinyarwanda,CRITICAL,obstetric,kinyarwanda->kinyarwanda:CRITICAL:obstetric,Ndatwite kandi nagagaye.,Ndatwite kandi nagagaye.
"Simbizi niba bikomeye ariko, umwana wanjye afite impiswi zikomeye kandi yagize umwuma kuva mu cyumweru gishize. Abandi bana na bo bafite iki kibazo. Mfasha muganga.",kinyarwanda,CRITICAL,gastrointestinal,kinyarwanda->kinyarwanda:CRITICAL:gastrointestinal,{REL} afite impiswi zikomeye kandi yagize umwuma.,{REL} afite impiswi zikomeye kandi yagize umwuma.
"Simbizi niba bikomeye ariko, papa afite gahunda yo gukingiza umwana kuva hashize icyumweru kandi birushaho kuba bibi. Ntabasha kubona amafaranga yo kongera kuza kwa muganga.",kinyarwanda,ROUTINE,preventive,kinyarwanda->kinyarwanda:ROUTINE:preventive,{REL} afite gahunda yo gukingiza umwana.,Mfite gahunda yo gukingiza umwana.
"Muraho, mfite igisebe ku kirenge kidakira kandi mfite diyabete kuva mu cyumweru gishize kandi sinshobora gusinzira. Ntabasha kubona amafaranga yo kongera kuza kwa muganga.",kinyarwanda,URGENT,chronic_care,kinyarwanda->kinyarwanda:URGENT:chronic_care,Mfite igisebe ku kirenge kidakira kandi mfite diyabete.,Mfite igisebe ku kirenge kidakira kandi mfite diyabete.
Umuturanyi wanjye yabyimbye ibirenge kandi ntashobora guhumeka neza iyo aragaramye kuva ejo kandi birushaho kuba bibi. Urakoze.,kinyarwanda,URGENT,chronic_care,kinyarwanda->kinyarwanda:URGENT:chronic_care,{REL} yabyimbye ibirenge kandi ntashobora guhumeka neza iyo aragaramye.,Nabyimbye ibirenge kandi sinshobora guhumeka neza iyo ndagaramye.
Ndashaka kukubwira ikibazo mfite. Mushiki wanjye afite igisebe ku kirenge kidakira kandi afite diyabete kuva hashize icyumweru kandi birushaho kuba bibi. Ndakeneye ubufasha vuba.,kinyarwanda,URGENT,chronic_care,kinyarwanda->kinyarwanda:URGENT:chronic_care,{REL} afite igisebe ku kirenge kidakira kandi afite diyabete.,Mfite igisebe ku kirenge kidakira kandi mfite diyabete.
"Mfasha vuba, umwana wanjye nta miti ya SIDA afite kuva ubu gitondo cya kare. Byatangiye gitunguranye. Mfasha muganga.",kinyarwanda,URGENT,chronic_care,kinyarwanda->kinyarwanda:URGENT:chronic_care,{REL} nta miti ya SIDA afite.,Nta miti ya SIDA mfite.
"Nzanye umwana wanjye, umugore wanjye afite ibimenyetso bya malariya, umuriro n'imbeho kuva hashize iminsi itatu kandi ndahangayitse",kinyarwanda,URGENT,infectious_fever,kinyarwanda->kinyarwanda:URGENT:infectious_fever,"{REL} afite ibimenyetso bya malariya, umuriro n'imbeho.","Mfite ibimenyetso bya malariya, umuriro n'imbeho."
Ndashaka kukubwira ikibazo mfite. Papa yabyimbye ibirenge kandi ntashobora guhumeka neza iyo aragaramye kuva mu masaha abiri ashize. Byatangiye gitunguranye. Mfasha muganga.,kinyarwanda,URGENT,chronic_care,kinyarwanda->kinyarwanda:URGENT:chronic_care,{REL} yabyimbye ibirenge kandi ntashobora guhumeka neza iyo aragaramye.,Nabyimbye ibirenge kandi sinshobora guhumeka neza iyo ndagaramye.
Ndashaka kugirwa inama ku mazi yo kunywa kuva ubu gitondo cya kare kandi ndahangayitse. Ese ibi birakomeye?,kinyarwanda,ROUTINE,preventive,kinyarwanda->kinyarwanda:ROUTINE:preventive,Ndashaka kugirwa inama ku mazi yo kunywa.,Ndashaka kugirwa inama ku mazi yo kunywa.
"Muraho, papa afite gahunda yo gukingiza umwana kuva hashize icyumweru kandi ndahangayitse. Naje mvuye kure.",kinyarwanda,ROUTINE,preventive,kinyarwanda->kinyarwanda:ROUTINE:preventive,{REL} afite gahunda yo gukingiza umwana.,Mfite gahunda yo gukingiza umwana.
"Mumbabarire, ndashaka kubabwira ikibazo mfite. Umwana wanjye ahumeka bimugora cyane kandi iminwa ye yahindutse ibara kuva mu masaha abiri ashize. Byatangiye gitunguranye. Ntegereze cyangwa nsuzumwe ubu?",kinyarwanda,CRITICAL,cardiac_respiratory,kinyarwanda->kinyarwanda:CRITICAL:cardiac_respiratory,{REL} ahumeka bimugora cyane kandi iminwa ye yahindutse ibara.,guhumeka birangora cyane kandi iminwa yanjye yahindutse ibara
"Nyabuneka, mama afite igisebe ku kirenge kidakira kandi afite diyabete kuva mu cyumweru gishize bikarushaho nijoro. Ntegereze cyangwa nsuzumwe ubu?",kinyarwanda,URGENT,chronic_care,kinyarwanda->kinyarwanda:URGENT:chronic_care,{REL} afite igisebe ku kirenge kidakira kandi afite diyabete.,Mfite igisebe ku kirenge kidakira kandi mfite diyabete.
"Mumbabarire, ndashaka kubabwira ikibazo mfite. Umwana wanjye nta miti ya SIDA afite kuva mu masaha abiri ashize kandi ndahangayitse. Ntabasha kubona amafaranga yo kongera kuza kwa muganga.",kinyarwanda,URGENT,chronic_care,kinyarwanda->kinyarwanda:URGENT:chronic_care,{REL} nta miti ya SIDA afite.,Nta miti ya SIDA mfite.
"Mfasha, mama ahumeka bimugora cyane kandi iminwa ye yahindutse ibara kuva ijoro ryashize biragenda bikagaruka. Nkora iki?",kinyarwanda,CRITICAL,cardiac_respiratory,kinyarwanda->kinyarwanda:CRITICAL:cardiac_respiratory,{REL} ahumeka bimugora cyane kandi iminwa ye yahindutse ibara.,guhumeka birangora cyane kandi iminwa yanjye yahindutse ibara
"Simbizi niba bikomeye ariko, papa yabyimbye ibirenge kandi ntashobora guhumeka neza iyo aragaramye kuva mu cyumweru gishize kandi sinshobora gusinzira. Urakoze.",kinyarwanda,URGENT,chronic_care,kinyarwanda->kinyarwanda:URGENT:chronic_care,{REL} yabyimbye ibirenge kandi ntashobora guhumeka neza iyo aragaramye.,Nabyimbye ibirenge kandi sinshobora guhumeka neza iyo ndagaramye.
Ndashaka kukubwira ikibazo mfite. Ndashaka kugirwa inama ku mazi yo kunywa kuva ijoro ryashize. Byatangiye gitunguranye. Ese ibi birakomeye?,kinyarwanda,ROUTINE,preventive,kinyarwanda->kinyarwanda:ROUTINE:preventive,Ndashaka kugirwa inama ku mazi yo kunywa.,Ndashaka kugirwa inama ku mazi yo kunywa.
"Mumbabarire, ndashaka kubabwira ikibazo mfite. Mu rugo hari umuntu urwaye igituntu kandi umugabo wanjye ashaka kwisuzumisha kuva mu cyumweru gishize biragenda bikagaruka",kinyarwanda,URGENT,preventive,kinyarwanda->kinyarwanda:URGENT:preventive,Mu rugo hari umuntu urwaye igituntu kandi {REL} ashaka kwisuzumisha.,Mu rugo hari umuntu urwaye igituntu kandi ndashaka kwisuzumisha.
"Muraho, mushiki wanjye yabyimbye ibirenge kandi ntashobora guhumeka neza iyo aragaramye kuva mu masaha abiri ashize nta miti imfasha. Urakoze.",kinyarwanda,URGENT,chronic_care,kinyarwanda->kinyarwanda:URGENT:chronic_care,{REL} yabyimbye ibirenge kandi ntashobora guhumeka neza iyo aragaramye.,Nabyimbye ibirenge kandi sinshobora guhumeka neza iyo ndagaramye.
"Mfasha, umukecuru yabyimbye ibirenge kandi ntashobora guhumeka neza iyo aragaramye kuva hashize iminsi ibiri kandi ndahangayitse. Murakoze.",kinyarwanda,URGENT,chronic_care,kinyarwanda->kinyarwanda:URGENT:chronic_care,{REL} yabyimbye ibirenge kandi ntashobora guhumeka neza iyo aragaramye.,Nabyimbye ibirenge kandi sinshobora guhumeka neza iyo ndagaramye.
"Naje hano mbere, umuvuduko w'amaraso wanjye wazamutse cyane kandi umutwe urandya cyane kuva ijoro ryashize bikarushaho nijoro. Murakoze.",kinyarwanda,URGENT,chronic_care,kinyarwanda->kinyarwanda:URGENT:chronic_care,Umuvuduko w'amaraso wanjye wazamutse cyane kandi umutwe urandya cyane.,Umuvuduko w'amaraso wanjye wazamutse cyane kandi umutwe urandya cyane.
"Nzanye umwana wanjye, papa arababara cyane mu nda kandi ububabare ntibuhagarara kuva mu cyumweru gishize kandi ndahangayitse. Mfasha muganga.",kinyarwanda,URGENT,gastrointestinal,kinyarwanda->kinyarwanda:URGENT:gastrointestinal,{REL} arababara cyane mu nda kandi ububabare ntibuhagarara.,Inda irandya cyane kandi ububabare ntibuhagarara.
"Muraho, ndatwite kandi nagagaye kuva mu cyumweru gishize nta miti imfasha. Ntabasha kubona amafaranga yo kongera kuza kwa muganga.",kinyarwanda,CRITICAL,obstetric,kinyarwanda->kinyarwanda:CRITICAL:obstetric,Ndatwite kandi nagagaye.,Ndatwite kandi nagagaye.
Ndashaka kukubwira ikibazo mfite. Mushiki wanjye afite impiswi zikomeye kandi yagize umwuma kuva ejo kandi sinshobora gusinzira. Ese ibi birakomeye?,kinyarwanda,CRITICAL,gastrointestinal,kinyarwanda->kinyarwanda:CRITICAL:gastrointestinal,{REL} afite impiswi zikomeye kandi yagize umwuma.,{REL} afite impiswi zikomeye kandi yagize umwuma.
"Nzanye umwana wanjye, umuvuduko w'amaraso wanjye wazamutse cyane kandi umutwe urandya cyane kuva hashize iminsi ibiri biragenda bikagaruka. Urakoze.",kinyarwanda,URGENT,chronic_care,kinyarwanda->kinyarwanda:URGENT:chronic_care,Umuvuduko w'amaraso wanjye wazamutse cyane kandi umutwe urandya cyane.,Umuvuduko w'amaraso wanjye wazamutse cyane kandi umutwe urandya cyane.
"Ndakeneye ubufasha, maze iminsi itatu ndwaye impiswi zikomeye nta miti imfasha. Urakoze.",kinyarwanda,URGENT,gastrointestinal,kinyarwanda->kinyarwanda:URGENT:gastrointestinal,maze iminsi itatu ndwaye impiswi zikomeye,maze iminsi itatu ndwaye impiswi zikomeye
"Mfasha vuba, ndatwite kandi nagagaye kuva hashize iminsi ibiri kandi birushaho kuba bibi. Ntabasha kubona amafaranga yo kongera kuza kwa muganga.",kinyarwanda,CRITICAL,obstetric,kinyarwanda->kinyarwanda:CRITICAL:obstetric,Ndatwite kandi nagagaye.,Ndatwite kandi nagagaye.
"Ndakeneye ubufasha, mfite ikibazo ku mutwe kandi kirimo guterwa n'urumuri kuva mu gitondo. Byatangiye gitunguranye. Murakoze.",kinyarwanda,URGENT,neurological,kinyarwanda->kinyarwanda:URGENT:neurological,Mfite ikibazo ku mutwe kandi kirimo guterwa n'urumuri.,Mfite ikibazo ku mutwe kandi kirimo guterwa n'urumuri.
"Muganga, mama ari kubyara ariko umugozi w'umwana wabanje gusohoka kuva ejo kandi birushaho kuba bibi. Ni imiti ki nafata?",kinyarwanda,CRITICAL,obstetric,kinyarwanda->kinyarwanda:CRITICAL:obstetric,{REL} ari kubyara ariko umugozi w'umwana wabanje gusohoka.,Ndabyara ariko habanje gusohoka umugozi w'umwana.
"Ndakeneye ubufasha, iyo mama ahumetse cyane, arumva mu gituza hamubabaza kuva hashize iminsi itatu. Byatangiye gitunguranye. Ese ibi birakomeye?",kinyarwanda,URGENT,cardiac_respiratory,kinyarwanda->kinyarwanda:URGENT:cardiac_respiratory,"Iyo {REL} ahumetse cyane, arumva mu gituza hamubabaza.","Iyo {REL} ahumetse cyane, arumva mu gituza hamubabaza."
"Nyabuneka, umukecuru nta miti ya SIDA afite kuva hashize iminsi ibiri. Nkora iki?",kinyarwanda,URGENT,chronic_care,kinyarwanda->kinyarwanda:URGENT:chronic_care,{REL} nta miti ya SIDA afite.,Nta miti ya SIDA mfite.
"Nyabuneka, mushiki wanjye nta miti ya SIDA afite kuva mu masaha abiri ashize biragenda bikagaruka. Ntegereze cyangwa nsuzumwe ubu?",kinyarwanda,URGENT,chronic_care,kinyarwanda->kinyarwanda:URGENT:chronic_care,{REL} nta miti ya SIDA afite.,Nta miti ya SIDA mfite.
Ndashaka kukubwira ikibazo mfite. Umugore wanjye afite impiswi zikomeye kandi yagize umwuma kuva hashize iminsi ibiri kandi sinshobora gusinzira. Naje mvuye kure.,kinyarwanda,CRITICAL,gastrointestinal,kinyarwanda->kinyarwanda:CRITICAL:gastrointestinal,{REL} afite impiswi zikomeye kandi yagize umwuma.,{REL} afite impiswi zikomeye kandi yagize umwuma.
Papa ahumeka bimugora cyane kandi iminwa ye yahindutse ibara kuva ejo. Ese ibi birakomeye?,kinyarwanda,CRITICAL,cardiac_respiratory,kinyarwanda->kinyarwanda:CRITICAL:cardiac_respiratory,{REL} ahumeka bimugora cyane kandi iminwa ye yahindutse ibara.,guhumeka birangora cyane kandi iminwa yanjye yahindutse ibara
"Ndakeneye ubufasha, maze umunsi wose mbabara ngerageza kubyara ariko umwana ntarasohoka kuva hashize iminsi ibiri biragenda bikagaruka. Ese ibi birakomeye?",kinyarwanda,CRITICAL,obstetric,kinyarwanda->kinyarwanda:CRITICAL:obstetric,Maze umunsi wose mbabara ngerageza kubyara ariko umwana ntarasohoka.,Maze umunsi wose mbabara ngerageza kubyara ariko umwana ntarasohoka.
"Naje hano mbere, mfite umuhaha kuva mu cyumweru gishize. Ni imiti ki nafata?",kinyarwanda,URGENT,paediatric,kinyarwanda->kinyarwanda:URGENT:paediatric,Mfite umuhaha.,Mfite umuhaha.
"Naje hano mbere, mushiki wanjye arababara cyane mu nda kandi ububabare ntibuhagarara kuva hashize icyumweru. Abandi bana na bo bafite iki kibazo. Ese ibi birakomeye?",kinyarwanda,URGENT,gastrointestinal,kinyarwanda->kinyarwanda:URGENT:gastrointestinal,{REL} arababara cyane mu nda kandi ububabare ntibuhagarara.,Inda irandya cyane kandi ububabare ntibuhagarara.
"Mumbabarire, ndashaka kubabwira ikibazo mfite. Maze iminsi itatu ndwaye impiswi zikomeye kuva hashize iminsi ibiri kandi sinshobora gusinzira. Murakoze.",kinyarwanda,URGENT,gastrointestinal,kinyarwanda->kinyarwanda:URGENT:gastrointestinal,maze iminsi itatu ndwaye impiswi zikomeye,maze iminsi itatu ndwaye impiswi zikomeye
"Mfasha, umwana wanjye afite ibimenyetso bya malariya, umuriro n'imbeho kuva ejo kandi sinshobora gusinzira. Nkora iki?",kinyarwanda,URGENT,infectious_fever,kinyarwanda->kinyarwanda:URGENT:infectious_fever,"{REL} afite ibimenyetso bya malariya, umuriro n'imbeho.","Mfite ibimenyetso bya malariya, umuriro n'imbeho."
"Nzanye umwana wanjye, mfite igisebe ku kirenge kidakira kandi mfite diyabete kuva ubu gitondo cya kare biragenda bikagaruka. Urakoze.",kinyarwanda,URGENT,chronic_care,kinyarwanda->kinyarwanda:URGENT:chronic_care,Mfite igisebe ku kirenge kidakira kandi mfite diyabete.,Mfite igisebe ku kirenge kidakira kandi mfite diyabete.
"Mfasha, ndatwite kandi nagagaye kuva hashize icyumweru kandi sinshobora gusinzira. Naje mvuye kure.",kinyarwanda,CRITICAL,obstetric,kinyarwanda->kinyarwanda:CRITICAL:obstetric,Ndatwite kandi nagagaye.,Ndatwite kandi nagagaye.
"Muganga, umugore wanjye afite ibimenyetso bya malariya, umuriro n'imbeho kuva hashize iminsi itatu kandi nta miti mfite. Naje mvuye kure.",kinyarwanda,URGENT,infectious_fever,kinyarwanda->kinyarwanda:URGENT:infectious_fever,"{REL} afite ibimenyetso bya malariya, umuriro n'imbeho.","Mfite ibimenyetso bya malariya, umuriro n'imbeho."
"Ndakeneye ubufasha, papa ahumeka bimugora cyane kandi iminwa ye yahindutse ibara kuva ejo kandi sinshobora gusinzira",kinyarwanda,CRITICAL,cardiac_respiratory,kinyarwanda->kinyarwanda:CRITICAL:cardiac_respiratory,{REL} ahumeka bimugora cyane kandi iminwa ye yahindutse ibara.,guhumeka birangora cyane kandi iminwa yanjye yahindutse ibara
"Mfasha vuba, maze umunsi wose mbabara ngerageza kubyara ariko umwana ntarasohoka kuva hashize iminsi ibiri. Byatangiye gitunguranye. Ndakeneye ubufasha vuba.",kinyarwanda,CRITICAL,obstetric,kinyarwanda->kinyarwanda:CRITICAL:obstetric,Maze umunsi wose mbabara ngerageza kubyara ariko umwana ntarasohoka.,Maze umunsi wose mbabara ngerageza kubyara ariko umwana ntarasohoka.
"Muganga, umuturanyi wanjye afite igisebe ku kirenge kidakira kandi afite diyabete kuva hashize iminsi itatu kandi ndahangayitse. Urakoze.",kinyarwanda,URGENT,chronic_care,kinyarwanda->kinyarwanda:URGENT:chronic_care,{REL} afite igisebe ku kirenge kidakira kandi afite diyabete.,Mfite igisebe ku kirenge kidakira kandi mfite diyabete.
"Ndakeneye ubufasha, ndashaka kugirwa inama ku mazi yo kunywa kuva hashize iminsi ibiri. Abandi bana na bo bafite iki kibazo. Nkora iki?",kinyarwanda,ROUTINE,preventive,kinyarwanda->kinyarwanda:ROUTINE:preventive,Ndashaka kugirwa inama ku mazi yo kunywa.,Ndashaka kugirwa inama ku mazi yo kunywa.
Ndashaka kukubwira ikibazo mfite. Mushiki wanjye afite igisebe ku kirenge kidakira kandi afite diyabete kuva hashize iminsi itatu. Byatangiye gitunguranye. Ese ibi birakomeye?,kinyarwanda,URGENT,chronic_care,kinyarwanda->kinyarwanda:URGENT:chronic_care,{REL} afite igisebe ku kirenge kidakira kandi afite diyabete.,Mfite igisebe ku kirenge kidakira kandi mfite diyabete.
"Naje hano mbere, umuturanyi wanjye ahumeka bimugora cyane kandi iminwa ye yahindutse ibara kuva mu gitondo kandi nta miti mfite. Ese ibi birakomeye?",kinyarwanda,CRITICAL,cardiac_respiratory,kinyarwanda->kinyarwanda:CRITICAL:cardiac_respiratory,{REL} ahumeka bimugora cyane kandi iminwa ye yahindutse ibara.,guhumeka birangora cyane kandi iminwa yanjye yahindutse ibara
"Ndakeneye ubufasha, mama ari kubyara ariko umugozi w'umwana wabanje gusohoka kuva hashize icyumweru kandi sinshobora gusinzira. Ndakeneye ubufasha vuba.",kinyarwanda,CRITICAL,obstetric,kinyarwanda->kinyarwanda:CRITICAL:obstetric,{REL} ari kubyara ariko umugozi w'umwana wabanje gusohoka.,Ndabyara ariko habanje gusohoka umugozi w'umwana.
"Simbizi niba bikomeye ariko, maze iminsi itatu ndwaye impiswi zikomeye kuva ijoro ryashize bikarushaho nijoro. Urakoze.",kinyarwanda,URGENT,gastrointestinal,kinyarwanda->kinyarwanda:URGENT:gastrointestinal,maze iminsi itatu ndwaye impiswi zikomeye,maze iminsi itatu ndwaye impiswi zikomeye
"Nzanye umwana wanjye, mfite igisebe ku kirenge kidakira kandi mfite diyabete kuva hashize icyumweru biragenda bikagaruka. Ni imiti ki nafata?",kinyarwanda,URGENT,chronic_care,kinyarwanda->kinyarwanda:URGENT:chronic_care,Mfite igisebe ku kirenge kidakira kandi mfite diyabete.,Mfite igisebe ku kirenge kidakira kandi mfite diyabete.
"Muganga, papa afite ibimenyetso bya malariya, umuriro n'imbeho kuva ubu gitondo cya kare biragenda bikagaruka. Ese ibi birakomeye?",kinyarwanda,URGENT,infectious_fever,kinyarwanda->kinyarwanda:URGENT:infectious_fever,"{REL} afite ibimenyetso bya malariya, umuriro n'imbeho.","Mfite ibimenyetso bya malariya, umuriro n'imbeho."
"Mumbabarire, ndashaka kubabwira ikibazo mfite. Mushiki wanjye ari kubyara ariko umugozi w'umwana wabanje gusohoka kuva hashize iminsi itatu kandi nta miti mfite. Mfasha muganga.",kinyarwanda,CRITICAL,obstetric,kinyarwanda->kinyarwanda:CRITICAL:obstetric,{REL} ari kubyara ariko umugozi w'umwana wabanje gusohoka.,Ndabyara ariko habanje gusohoka umugozi w'umwana.
"Nyabuneka, mfite igisebe ku kirenge kidakira kandi mfite diyabete kuva hashize icyumweru kandi birushaho kuba bibi. Ntegereze cyangwa nsuzumwe ubu?",kinyarwanda,URGENT,chronic_care,kinyarwanda->kinyarwanda:URGENT:chronic_care,Mfite igisebe ku kirenge kidakira kandi mfite diyabete.,Mfite igisebe ku kirenge kidakira kandi mfite diyabete.
"Mfasha, mfite igisebe ku kirenge kidakira kandi mfite diyabete kuva ijoro ryashize kandi ndahangayitse. Ndakeneye ubufasha vuba.",kinyarwanda,URGENT,chronic_care,kinyarwanda->kinyarwanda:URGENT:chronic_care,Mfite igisebe ku kirenge kidakira kandi mfite diyabete.,Mfite igisebe ku kirenge kidakira kandi mfite diyabete.
"Ndakeneye ubufasha, maze umunsi wose mbabara ngerageza kubyara ariko umwana ntarasohoka nta miti imfasha. Ese ibi birakomeye?",kinyarwanda,CRITICAL,obstetric,kinyarwanda->kinyarwanda:CRITICAL:obstetric,Maze umunsi wose mbabara ngerageza kubyara ariko umwana ntarasohoka.,Maze umunsi wose mbabara ngerageza kubyara ariko umwana ntarasohoka.
"Muganga, mushiki wanjye nta miti ya SIDA afite kuva mu gitondo. Byatangiye gitunguranye. Nkora iki?",kinyarwanda,URGENT,chronic_care,kinyarwanda->kinyarwanda:URGENT:chronic_care,{REL} nta miti ya SIDA afite.,Nta miti ya SIDA mfite.
"Ndashaka kukubwira ikibazo mfite. Umwana wanjye afite ibimenyetso bya malariya, umuriro n'imbeho kuva ejo. Ndakeneye ubufasha vuba.",kinyarwanda,URGENT,infectious_fever,kinyarwanda->kinyarwanda:URGENT:infectious_fever,"{REL} afite ibimenyetso bya malariya, umuriro n'imbeho.","Mfite ibimenyetso bya malariya, umuriro n'imbeho."
"Naje hano mbere, iyo mushiki wanjye ahumetse cyane, arumva mu gituza hamubabaza kuva ubu gitondo cya kare kandi nta miti mfite. Ndakeneye ubufasha vuba.",kinyarwanda,URGENT,cardiac_respiratory,kinyarwanda->kinyarwanda:URGENT:cardiac_respiratory,"Iyo {REL} ahumetse cyane, arumva mu gituza hamubabaza.","Iyo {REL} ahumetse cyane, arumva mu gituza hamubabaza."
"Muganga, umugabo wanjye afite ibimenyetso bya malariya, umuriro n'imbeho kuva ubu gitondo cya kare biragenda bikagaruka. Murakoze.",kinyarwanda,URGENT,infectious_fever,kinyarwanda->kinyarwanda:URGENT:infectious_fever,"{REL} afite ibimenyetso bya malariya, umuriro n'imbeho.","Mfite ibimenyetso bya malariya, umuriro n'imbeho."
"Mfasha, umugabo wanjye afite gahunda yo gukingiza umwana kuva mu gitondo kandi birushaho kuba bibi. Murakoze.",kinyarwanda,ROUTINE,preventive,kinyarwanda->kinyarwanda:ROUTINE:preventive,{REL} afite gahunda yo gukingiza umwana.,Mfite gahunda yo gukingiza umwana.
"Mfasha, mu rugo hari umuntu urwaye igituntu kandi ndashaka kwisuzumisha bikarushaho nijoro. Ni imiti ki nafata?",kinyarwanda,URGENT,preventive,kinyarwanda->kinyarwanda:URGENT:preventive,Mu rugo hari umuntu urwaye igituntu kandi ndashaka kwisuzumisha.,Mu rugo hari umuntu urwaye igituntu kandi ndashaka kwisuzumisha.
Mushiki wanjye nta miti ya SIDA afite kuva hashize iminsi ibiri kandi birushaho kuba bibi. Nkora iki?,kinyarwanda,URGENT,chronic_care,kinyarwanda->kinyarwanda:URGENT:chronic_care,{REL} nta miti ya SIDA afite.,Nta miti ya SIDA mfite.
"Ndakeneye ubufasha, mu rugo hari umuntu urwaye igituntu kandi papa ashaka kwisuzumisha kuva mu gitondo. Nkora iki?",kinyarwanda,URGENT,preventive,kinyarwanda->kinyarwanda:URGENT:preventive,Mu rugo hari umuntu urwaye igituntu kandi {REL} ashaka kwisuzumisha.,Mu rugo hari umuntu urwaye igituntu kandi ndashaka kwisuzumisha.
Ndashaka kukubwira ikibazo mfite. Mu rugo hari umuntu urwaye igituntu kandi ndashaka kwisuzumisha kuva mu cyumweru gishize kandi ndahangayitse. Ese ibi birakomeye?,kinyarwanda,URGENT,preventive,kinyarwanda->kinyarwanda:URGENT:preventive,Mu rugo hari umuntu urwaye igituntu kandi ndashaka kwisuzumisha.,Mu rugo hari umuntu urwaye igituntu kandi ndashaka kwisuzumisha.
"Mfasha vuba, umugabo wanjye afite igisebe ku kirenge kidakira kandi afite diyabete kuva hashize icyumweru. Ndakeneye ubufasha vuba.",kinyarwanda,URGENT,chronic_care,kinyarwanda->kinyarwanda:URGENT:chronic_care,{REL} afite igisebe ku kirenge kidakira kandi afite diyabete.,Mfite igisebe ku kirenge kidakira kandi mfite diyabete.
"Simbizi niba bikomeye ariko, umugore wanjye afite igisebe ku kirenge kidakira kandi afite diyabete kuva mu masaha abiri ashize nta miti imfasha. Urakoze.",kinyarwanda,URGENT,chronic_care,kinyarwanda->kinyarwanda:URGENT:chronic_care,{REL} afite igisebe ku kirenge kidakira kandi afite diyabete.,Mfite igisebe ku kirenge kidakira kandi mfite diyabete.
"Mfasha, umukecuru afite igisebe ku kirenge kidakira kandi afite diyabete kandi birushaho kuba bibi",kinyarwanda,URGENT,chronic_care,kinyarwanda->kinyarwanda:URGENT:chronic_care,{REL} afite igisebe ku kirenge kidakira kandi afite diyabete.,Mfite igisebe ku kirenge kidakira kandi mfite diyabete.
"Mfasha, iyo umukecuru ahumetse cyane, arumva mu gituza hamubabaza biragenda bikagaruka. Murakoze.",kinyarwanda,URGENT,cardiac_respiratory,kinyarwanda->kinyarwanda:URGENT:cardiac_respiratory,"Iyo {REL} ahumetse cyane, arumva mu gituza hamubabaza.","Iyo {REL} ahumetse cyane, arumva mu gituza hamubabaza."
"Mfasha vuba, umwana wanjye yabyimbye ibirenge kandi ntashobora guhumeka neza iyo aragaramye kuva hashize iminsi itatu kandi nta miti mfite. Ni imiti ki nafata?",kinyarwanda,URGENT,chronic_care,kinyarwanda->kinyarwanda:URGENT:chronic_care,{REL} yabyimbye ibirenge kandi ntashobora guhumeka neza iyo aragaramye.,Nabyimbye ibirenge kandi sinshobora guhumeka neza iyo ndagaramye.
"Nyabuneka, maze umunsi wose mbabara ngerageza kubyara ariko umwana ntarasohoka kuva hashize iminsi itatu. Byatangiye gitunguranye. Ni imiti ki nafata?",kinyarwanda,CRITICAL,obstetric,kinyarwanda->kinyarwanda:CRITICAL:obstetric,Maze umunsi wose mbabara ngerageza kubyara ariko umwana ntarasohoka.,Maze umunsi wose mbabara ngerageza kubyara ariko umwana ntarasohoka.
"Mumbabarire, ndashaka kubabwira ikibazo mfite. Maze umunsi wose mbabara ngerageza kubyara ariko umwana ntarasohoka kuva ijoro ryashize kandi ndahangayitse. Mfasha muganga.",kinyarwanda,CRITICAL,obstetric,kinyarwanda->kinyarwanda:CRITICAL:obstetric,Maze umunsi wose mbabara ngerageza kubyara ariko umwana ntarasohoka.,Maze umunsi wose mbabara ngerageza kubyara ariko umwana ntarasohoka.
"Muraho, mu rugo hari umuntu urwaye igituntu kandi mushiki wanjye ashaka kwisuzumisha kuva ejo",kinyarwanda,URGENT,preventive,kinyarwanda->kinyarwanda:URGENT:preventive,Mu rugo hari umuntu urwaye igituntu kandi {REL} ashaka kwisuzumisha.,Mu rugo hari umuntu urwaye igituntu kandi ndashaka kwisuzumisha.
"Mumbabarire, ndashaka kubabwira ikibazo mfite. Maze iminsi itatu ndwaye impiswi zikomeye kuva ubu gitondo cya kare. Byatangiye gitunguranye. Ese ibi birakomeye?",kinyarwanda,URGENT,gastrointestinal,kinyarwanda->kinyarwanda:URGENT:gastrointestinal,maze iminsi itatu ndwaye impiswi zikomeye,maze iminsi itatu ndwaye impiswi zikomeye
"Simbizi niba bikomeye ariko, mushiki wanjye ahumeka bimugora cyane kandi iminwa ye yahindutse ibara kuva ubu gitondo cya kare. Byatangiye gitunguranye. Nkora iki?",kinyarwanda,CRITICAL,cardiac_respiratory,kinyarwanda->kinyarwanda:CRITICAL:cardiac_respiratory,{REL} ahumeka bimugora cyane kandi iminwa ye yahindutse ibara.,guhumeka birangora cyane kandi iminwa yanjye yahindutse ibara
Ndashaka kukubwira ikibazo mfite. Umuvuduko w'amaraso wanjye wazamutse cyane kandi umutwe urandya cyane kuva mu cyumweru gishize kandi sinshobora gusinzira. Nkora iki?,kinyarwanda,URGENT,chronic_care,kinyarwanda->kinyarwanda:URGENT:chronic_care,Umuvuduko w'amaraso wanjye wazamutse cyane kandi umutwe urandya cyane.,Umuvuduko w'amaraso wanjye wazamutse cyane kandi umutwe urandya cyane.
"Mumbabarire, ndashaka kubabwira ikibazo mfite. Mu rugo hari umuntu urwaye igituntu kandi umwana wanjye ashaka kwisuzumisha kuva mu masaha abiri ashize. Abandi bana na bo bafite iki kibazo. Naje mvuye kure.",kinyarwanda,URGENT,preventive,kinyarwanda->kinyarwanda:URGENT:preventive,Mu rugo hari umuntu urwaye igituntu kandi {REL} ashaka kwisuzumisha.,Mu rugo hari umuntu urwaye igituntu kandi ndashaka kwisuzumisha.
"Nzanye umwana wanjye, mfite igisebe ku kirenge kidakira kandi mfite diyabete kuva ijoro ryashize kandi birushaho kuba bibi",kinyarwanda,URGENT,chronic_care,kinyarwanda->kinyarwanda:URGENT:chronic_care,Mfite igisebe ku kirenge kidakira kandi mfite diyabete.,Mfite igisebe ku kirenge kidakira kandi mfite diyabete.
"Ndakeneye ubufasha, umuvuduko w'amaraso wanjye wazamutse cyane kandi umutwe urandya cyane kuva mu gitondo kandi ndahangayitse. Ntegereze cyangwa nsuzumwe ubu?",kinyarwanda,URGENT,chronic_care,kinyarwanda->kinyarwanda:URGENT:chronic_care,Umuvuduko w'amaraso wanjye wazamutse cyane kandi umutwe urandya cyane.,Umuvuduko w'amaraso wanjye wazamutse cyane kandi umutwe urandya cyane.
"Mumbabarire, ndashaka kubabwira ikibazo mfite. Maze iminsi itatu ndwaye impiswi zikomeye kuva ijoro ryashize nta miti imfasha. Nkora iki?",kinyarwanda,URGENT,gastrointestinal,kinyarwanda->kinyarwanda:URGENT:gastrointestinal,maze iminsi itatu ndwaye impiswi zikomeye,maze iminsi itatu ndwaye impiswi zikomeye
Ndashaka kukubwira ikibazo mfite. Maze iminsi itatu ndwaye impiswi zikomeye kuva mu cyumweru gishize. Abandi bana na bo bafite iki kibazo. Ese ibi birakomeye?,kinyarwanda,URGENT,gastrointestinal,kinyarwanda->kinyarwanda:URGENT:gastrointestinal,maze iminsi itatu ndwaye impiswi zikomeye,maze iminsi itatu ndwaye impiswi zikomeye
"Mfasha vuba, maze iminsi itatu ndwaye impiswi zikomeye kuva hashize iminsi ibiri biragenda bikagaruka. Murakoze.",kinyarwanda,URGENT,gastrointestinal,kinyarwanda->kinyarwanda:URGENT:gastrointestinal,maze iminsi itatu ndwaye impiswi zikomeye,maze iminsi itatu ndwaye impiswi zikomeye
"Muraho, umuvuduko w'amaraso wanjye wazamutse cyane kandi umutwe urandya cyane kuva ijoro ryashize biragenda bikagaruka. Nkora iki?",kinyarwanda,URGENT,chronic_care,kinyarwanda->kinyarwanda:URGENT:chronic_care,Umuvuduko w'amaraso wanjye wazamutse cyane kandi umutwe urandya cyane.,Umuvuduko w'amaraso wanjye wazamutse cyane kandi umutwe urandya cyane.
Ndashaka kukubwira ikibazo mfite. Maze umunsi wose mbabara ngerageza kubyara ariko umwana ntarasohoka kuva mu masaha abiri ashize kandi ndahangayitse. Ntegereze cyangwa nsuzumwe ubu?,kinyarwanda,CRITICAL,obstetric,kinyarwanda->kinyarwanda:CRITICAL:obstetric,Maze umunsi wose mbabara ngerageza kubyara ariko umwana ntarasohoka.,Maze umunsi wose mbabara ngerageza kubyara ariko umwana ntarasohoka.
"Mfasha vuba, ndashaka kugirwa inama ku mazi yo kunywa kuva ijoro ryashize. Byatangiye gitunguranye. Murakoze.",kinyarwanda,ROUTINE,preventive,kinyarwanda->kinyarwanda:ROUTINE:preventive,Ndashaka kugirwa inama ku mazi yo kunywa.,Ndashaka kugirwa inama ku mazi yo kunywa.
"Mfasha vuba, mfite ikibazo ku mutwe kandi kirimo guterwa n'urumuri kuva ejo. Abandi bana na bo bafite iki kibazo. Mfasha muganga.",kinyarwanda,URGENT,neurological,kinyarwanda->kinyarwanda:URGENT:neurological,Mfite ikibazo ku mutwe kandi kirimo guterwa n'urumuri.,Mfite ikibazo ku mutwe kandi kirimo guterwa n'urumuri.
"Muganga, mu rugo hari umuntu urwaye igituntu kandi ndashaka kwisuzumisha kuva mu masaha abiri ashize kandi birushaho kuba bibi. Ese ibi birakomeye?",kinyarwanda,URGENT,preventive,kinyarwanda->kinyarwanda:URGENT:preventive,Mu rugo hari umuntu urwaye igituntu kandi ndashaka kwisuzumisha.,Mu rugo hari umuntu urwaye igituntu kandi ndashaka kwisuzumisha.
"Muraho, iyo umwana wanjye ahumetse cyane, arumva mu gituza hamubabaza kuva ubu gitondo cya kare kandi nta miti mfite. Ntabasha kubona amafaranga yo kongera kuza kwa muganga.",kinyarwanda,URGENT,cardiac_respiratory,kinyarwanda->kinyarwanda:URGENT:cardiac_respiratory,"Iyo {REL} ahumetse cyane, arumva mu gituza hamubabaza.","Iyo {REL} ahumetse cyane, arumva mu gituza hamubabaza."
Ndashaka kukubwira ikibazo mfite. Mama yabyimbye ibirenge kandi ntashobora guhumeka neza iyo aragaramye kuva ubu gitondo cya kare kandi birushaho kuba bibi. Ni imiti ki nafata?,kinyarwanda,URGENT,chronic_care,kinyarwanda->kinyarwanda:URGENT:chronic_care,{REL} yabyimbye ibirenge kandi ntashobora guhumeka neza iyo aragaramye.,Nabyimbye ibirenge kandi sinshobora guhumeka neza iyo ndagaramye.
"Nyabuneka, mama nta miti ya SIDA afite kuva hashize iminsi itatu kandi birushaho kuba bibi. Ese ibi birakomeye?",kinyarwanda,URGENT,chronic_care,kinyarwanda->kinyarwanda:URGENT:chronic_care,{REL} nta miti ya SIDA afite.,Nta miti ya SIDA mfite.
"Mfasha vuba, mfite igisebe ku kirenge kidakira kandi mfite diyabete kuva mu cyumweru gishize bikarushaho nijoro. Ntabasha kubona amafaranga yo kongera kuza kwa muganga.",kinyarwanda,URGENT,chronic_care,kinyarwanda->kinyarwanda:URGENT:chronic_care,Mfite igisebe ku kirenge kidakira kandi mfite diyabete.,Mfite igisebe ku kirenge kidakira kandi mfite diyabete.
"Simbizi niba bikomeye ariko, mfite ikibazo ku mutwe kandi kirimo guterwa n'urumuri kuva mu masaha abiri ashize kandi birushaho kuba bibi. Urakoze.",kinyarwanda,URGENT,neurological,kinyarwanda->kinyarwanda:URGENT:neurological,Mfite ikibazo ku mutwe kandi kirimo guterwa n'urumuri.,Mfite ikibazo ku mutwe kandi kirimo guterwa n'urumuri.
"Muraho, ndashaka kugirwa inama ku mazi yo kunywa kuva mu cyumweru gishize kandi nta miti mfite. Ndakeneye ubufasha vuba.",kinyarwanda,ROUTINE,preventive,kinyarwanda->kinyarwanda:ROUTINE:preventive,Ndashaka kugirwa inama ku mazi yo kunywa.,Ndashaka kugirwa inama ku mazi yo kunywa.
"Nyabuneka, mushiki wanjye yabyimbye ibirenge kandi ntashobora guhumeka neza iyo aragaramye kuva ejo. Byatangiye gitunguranye. Mfasha muganga.",kinyarwanda,URGENT,chronic_care,kinyarwanda->kinyarwanda:URGENT:chronic_care,{REL} yabyimbye ibirenge kandi ntashobora guhumeka neza iyo aragaramye.,Nabyimbye ibirenge kandi sinshobora guhumeka neza iyo ndagaramye.
"Nyabuneka, mfite umuhaha kuva ubu gitondo cya kare nta miti imfasha. Naje mvuye kure.",kinyarwanda,URGENT,paediatric,kinyarwanda->kinyarwanda:URGENT:paediatric,Mfite umuhaha.,Mfite umuhaha.
"Muraho, umwana wanjye ahumeka bimugora cyane kandi iminwa ye yahindutse ibara kuva ijoro ryashize biragenda bikagaruka. Ni imiti ki nafata?",kinyarwanda,CRITICAL,cardiac_respiratory,kinyarwanda->kinyarwanda:CRITICAL:cardiac_respiratory,{REL} ahumeka bimugora cyane kandi iminwa ye yahindutse ibara.,guhumeka birangora cyane kandi iminwa yanjye yahindutse ibara
"Mfasha, maze umunsi wose mbabara ngerageza kubyara ariko umwana ntarasohoka kuva mu masaha abiri ashize biragenda bikagaruka. Mfasha muganga.",kinyarwanda,CRITICAL,obstetric,kinyarwanda->kinyarwanda:CRITICAL:obstetric,Maze umunsi wose mbabara ngerageza kubyara ariko umwana ntarasohoka.,Maze umunsi wose mbabara ngerageza kubyara ariko umwana ntarasohoka.
"Nyabuneka, umukecuru afite igisebe ku kirenge kidakira kandi afite diyabete kuva ijoro ryashize bikarushaho nijoro. Mfasha muganga.",kinyarwanda,URGENT,chronic_care,kinyarwanda->kinyarwanda:URGENT:chronic_care,{REL} afite igisebe ku kirenge kidakira kandi afite diyabete.,Mfite igisebe ku kirenge kidakira kandi mfite diyabete.
"Muganga, umuturanyi wanjye afite gahunda yo gukingiza umwana kuva hashize icyumweru kandi ndahangayitse. Ntegereze cyangwa nsuzumwe ubu?",kinyarwanda,ROUTINE,preventive,kinyarwanda->kinyarwanda:ROUTINE:preventive,{REL} afite gahunda yo gukingiza umwana.,Mfite gahunda yo gukingiza umwana.
"Mfasha vuba, umugabo wanjye yabyimbye ibirenge kandi ntashobora guhumeka neza iyo aragaramye kuva hashize iminsi ibiri kandi birushaho kuba bibi. Ese ibi birakomeye?",kinyarwanda,URGENT,chronic_care,kinyarwanda->kinyarwanda:URGENT:chronic_care,{REL} yabyimbye ibirenge kandi ntashobora guhumeka neza iyo aragaramye.,Nabyimbye ibirenge kandi sinshobora guhumeka neza iyo ndagaramye.
"Nzanye umwana wanjye, ndatwite kandi nagagaye kuva hashize icyumweru. Byatangiye gitunguranye. Ni imiti ki nafata?",kinyarwanda,CRITICAL,obstetric,kinyarwanda->kinyarwanda:CRITICAL:obstetric,Ndatwite kandi nagagaye.,Ndatwite kandi nagagaye.
"Mfasha vuba, umukecuru afite impiswi zikomeye kandi yagize umwuma kandi birushaho kuba bibi",kinyarwanda,CRITICAL,gastrointestinal,kinyarwanda->kinyarwanda:CRITICAL:gastrointestinal,{REL} afite impiswi zikomeye kandi yagize umwuma.,{REL} afite impiswi zikomeye kandi yagize umwuma.
"Mfasha, ndashaka kugirwa inama ku mazi yo kunywa kuva ejo nta miti imfasha. Ntabasha kubona amafaranga yo kongera kuza kwa muganga.",kinyarwanda,ROUTINE,preventive,kinyarwanda->kinyarwanda:ROUTINE:preventive,Ndashaka kugirwa inama ku mazi yo kunywa.,Ndashaka kugirwa inama ku mazi yo kunywa.
"Muraho, umugore wanjye afite impiswi zikomeye kandi yagize umwuma kuva hashize icyumweru bikarushaho nijoro. Ndakeneye ubufasha vuba.",kinyarwanda,CRITICAL,gastrointestinal,kinyarwanda->kinyarwanda:CRITICAL:gastrointestinal,{REL} afite impiswi zikomeye kandi yagize umwuma.,{REL} afite impiswi zikomeye kandi yagize umwuma.
Ndashaka kukubwira ikibazo mfite. Mushiki wanjye afite gahunda yo gukingiza umwana kuva mu masaha abiri ashize. Ntabasha kubona amafaranga yo kongera kuza kwa muganga.,kinyarwanda,ROUTINE,preventive,kinyarwanda->kinyarwanda:ROUTINE:preventive,{REL} afite gahunda yo gukingiza umwana.,Mfite gahunda yo gukingiza umwana.
"Nzanye umwana wanjye, mfite ikibazo ku mutwe kandi kirimo guterwa n'urumuri kuva mu gitondo biragenda bikagaruka. Ni imiti ki nafata?",kinyarwanda,URGENT,neurological,kinyarwanda->kinyarwanda:URGENT:neurological,Mfite ikibazo ku mutwe kandi kirimo guterwa n'urumuri.,Mfite ikibazo ku mutwe kandi kirimo guterwa n'urumuri.
Umuturanyi wanjye ahumeka bimugora cyane kandi iminwa ye yahindutse ibara kuva hashize iminsi itatu kandi birushaho kuba bibi. Mfasha muganga.,kinyarwanda,CRITICAL,cardiac_respiratory,kinyarwanda->kinyarwanda:CRITICAL:cardiac_respiratory,{REL} ahumeka bimugora cyane kandi iminwa ye yahindutse ibara.,guhumeka birangora cyane kandi iminwa yanjye yahindutse ibara
"Naje hano mbere, mushiki wanjye ahumeka bimugora cyane kandi iminwa ye yahindutse ibara kandi ndahangayitse. Naje mvuye kure.",kinyarwanda,CRITICAL,cardiac_respiratory,kinyarwanda->kinyarwanda:CRITICAL:cardiac_respiratory,{REL} ahumeka bimugora cyane kandi iminwa ye yahindutse ibara.,guhumeka birangora cyane kandi iminwa yanjye yahindutse ibara
"Nzanye umwana wanjye, mfite igisebe ku kirenge kidakira kandi mfite diyabete kuva ijoro ryashize nta miti imfasha. Ese ibi birakomeye?",kinyarwanda,URGENT,chronic_care,kinyarwanda->kinyarwanda:URGENT:chronic_care,Mfite igisebe ku kirenge kidakira kandi mfite diyabete.,Mfite igisebe ku kirenge kidakira kandi mfite diyabete.
"Naje hano mbere, umwana wanjye yabyimbye ibirenge kandi ntashobora guhumeka neza iyo aragaramye kuva ubu gitondo cya kare. Byatangiye gitunguranye. Ntegereze cyangwa nsuzumwe ubu?",kinyarwanda,URGENT,chronic_care,kinyarwanda->kinyarwanda:URGENT:chronic_care,{REL} yabyimbye ibirenge kandi ntashobora guhumeka neza iyo aragaramye.,Nabyimbye ibirenge kandi sinshobora guhumeka neza iyo ndagaramye.
"Nzanye umwana wanjye, ndatwite kandi nagagaye kuva mu cyumweru gishize. Nkora iki?",kinyarwanda,CRITICAL,obstetric,kinyarwanda->kinyarwanda:CRITICAL:obstetric,Ndatwite kandi nagagaye.,Ndatwite kandi nagagaye.
"Ndakeneye ubufasha, umukecuru arababara cyane mu nda kandi ububabare ntibuhagarara kuva hashize iminsi ibiri bikarushaho nijoro. Naje mvuye kure.",kinyarwanda,URGENT,gastrointestinal,kinyarwanda->kinyarwanda:URGENT:gastrointestinal,{REL} arababara cyane mu nda kandi ububabare ntibuhagarara.,Inda irandya cyane kandi ububabare ntibuhagarara.
"Muraho, umugore wanjye afite ibimenyetso bya malariya, umuriro n'imbeho kuva mu masaha abiri ashize kandi sinshobora gusinzira. Ndakeneye ubufasha vuba.",kinyarwanda,URGENT,infectious_fever,kinyarwanda->kinyarwanda:URGENT:infectious_fever,"{REL} afite ibimenyetso bya malariya, umuriro n'imbeho.","Mfite ibimenyetso bya malariya, umuriro n'imbeho."
"Mumbabarire, ndashaka kubabwira ikibazo mfite. Umuturanyi wanjye afite gahunda yo gukingiza umwana kuva hashize icyumweru kandi birushaho kuba bibi. Ntegereze cyangwa nsuzumwe ubu?",kinyarwanda,ROUTINE,preventive,kinyarwanda->kinyarwanda:ROUTINE:preventive,{REL} afite gahunda yo gukingiza umwana.,Mfite gahunda yo gukingiza umwana.
"Simbizi niba bikomeye ariko, ndashaka kugirwa inama ku mazi yo kunywa kuva mu cyumweru gishize biragenda bikagaruka. Nkora iki?",kinyarwanda,ROUTINE,preventive,kinyarwanda->kinyarwanda:ROUTINE:preventive,Ndashaka kugirwa inama ku mazi yo kunywa.,Ndashaka kugirwa inama ku mazi yo kunywa.
Mu rugo hari umuntu urwaye igituntu kandi umugore wanjye ashaka kwisuzumisha kuva hashize iminsi itatu. Ese ibi birakomeye?,kinyarwanda,URGENT,preventive,kinyarwanda->kinyarwanda:URGENT:preventive,Mu rugo hari umuntu urwaye igituntu kandi {REL} ashaka kwisuzumisha.,Mu rugo hari umuntu urwaye igituntu kandi ndashaka kwisuzumisha.
"Naje hano mbere, ndatwite kandi nagagaye nta miti imfasha. Naje mvuye kure.",kinyarwanda,CRITICAL,obstetric,kinyarwanda->kinyarwanda:CRITICAL:obstetric,Ndatwite kandi nagagaye.,Ndatwite kandi nagagaye.
"Nyabuneka, umuvuduko w'amaraso wanjye wazamutse cyane kandi umutwe urandya cyane kuva ubu gitondo cya kare. Byatangiye gitunguranye.",kinyarwanda,URGENT,chronic_care,kinyarwanda->kinyarwanda:URGENT:chronic_care,Umuvuduko w'amaraso wanjye wazamutse cyane kandi umutwe urandya cyane.,Umuvuduko w'amaraso wanjye wazamutse cyane kandi umutwe urandya cyane.
"Simbizi niba bikomeye ariko, maze umunsi wose mbabara ngerageza kubyara ariko umwana ntarasohoka kuva ijoro ryashize. Byatangiye gitunguranye. Naje mvuye kure.",kinyarwanda,CRITICAL,obstetric,kinyarwanda->kinyarwanda:CRITICAL:obstetric,Maze umunsi wose mbabara ngerageza kubyara ariko umwana ntarasohoka.,Maze umunsi wose mbabara ngerageza kubyara ariko umwana ntarasohoka.
"Naje hano mbere, ndatwite kandi nagagaye kuva ejo kandi birushaho kuba bibi. Ese ibi birakomeye?",kinyarwanda,CRITICAL,obstetric,kinyarwanda->kinyarwanda:CRITICAL:obstetric,Ndatwite kandi nagagaye.,Ndatwite kandi nagagaye.
Ndashaka kukubwira ikibazo mfite. Mu rugo hari umuntu urwaye igituntu kandi umukecuru ashaka kwisuzumisha kuva hashize iminsi itatu. Ntegereze cyangwa nsuzumwe ubu?,kinyarwanda,URGENT,preventive,kinyarwanda->kinyarwanda:URGENT:preventive,Mu rugo hari umuntu urwaye igituntu kandi {REL} ashaka kwisuzumisha.,Mu rugo hari umuntu urwaye igituntu kandi ndashaka kwisuzumisha.
"Nyabuneka, mfite umuhaha kuva mu cyumweru gishize. Abandi bana na bo bafite iki kibazo. Naje mvuye kure.",kinyarwanda,URGENT,paediatric,kinyarwanda->kinyarwanda:URGENT:paediatric,Mfite umuhaha.,Mfite umuhaha.
"Ndakeneye ubufasha, mfite umuhaha kuva hashize iminsi ibiri. Abandi bana na bo bafite iki kibazo. Ntegereze cyangwa nsuzumwe ubu?",kinyarwanda,URGENT,paediatric,kinyarwanda->kinyarwanda:URGENT:paediatric,Mfite umuhaha.,Mfite umuhaha.
"Mumbabarire, ndashaka kubabwira ikibazo mfite. Mfite igisebe ku kirenge kidakira kandi mfite diyabete kuva hashize icyumweru kandi birushaho kuba bibi. Mfasha muganga.",kinyarwanda,URGENT,chronic_care,kinyarwanda->kinyarwanda:URGENT:chronic_care,Mfite igisebe ku kirenge kidakira kandi mfite diyabete.,Mfite igisebe ku kirenge kidakira kandi mfite diyabete.
"Mfasha vuba, mfite ikibazo ku mutwe kandi kirimo guterwa n'urumuri. Byatangiye gitunguranye. Nkora iki?",kinyarwanda,URGENT,neurological,kinyarwanda->kinyarwanda:URGENT:neurological,Mfite ikibazo ku mutwe kandi kirimo guterwa n'urumuri.,Mfite ikibazo ku mutwe kandi kirimo guterwa n'urumuri.
"Naje hano mbere, umugore wanjye afite impiswi zikomeye kandi yagize umwuma kuva mu gitondo kandi birushaho kuba bibi. Nkora iki?",kinyarwanda,CRITICAL,gastrointestinal,kinyarwanda->kinyarwanda:CRITICAL:gastrointestinal,{REL} afite impiswi zikomeye kandi yagize umwuma.,{REL} afite impiswi zikomeye kandi yagize umwuma.
"Ndakeneye ubufasha, mu rugo hari umuntu urwaye igituntu kandi umugabo wanjye ashaka kwisuzumisha kuva hashize icyumweru. Ntegereze cyangwa nsuzumwe ubu?",kinyarwanda,URGENT,preventive,kinyarwanda->kinyarwanda:URGENT:preventive,Mu rugo hari umuntu urwaye igituntu kandi {REL} ashaka kwisuzumisha.,Mu rugo hari umuntu urwaye igituntu kandi ndashaka kwisuzumisha.
"Muraho, mu rugo hari umuntu urwaye igituntu kandi ndashaka kwisuzumisha kuva ijoro ryashize biragenda bikagaruka. Ntegereze cyangwa nsuzumwe ubu?",kinyarwanda,URGENT,preventive,kinyarwanda->kinyarwanda:URGENT:preventive,Mu rugo hari umuntu urwaye igituntu kandi ndashaka kwisuzumisha.,Mu rugo hari umuntu urwaye igituntu kandi ndashaka kwisuzumisha.
"Muganga, mu rugo hari umuntu urwaye igituntu kandi ndashaka kwisuzumisha kuva mu gitondo. Byatangiye gitunguranye. Nkora iki?",kinyarwanda,URGENT,preventive,kinyarwanda->kinyarwanda:URGENT:preventive,Mu rugo hari umuntu urwaye igituntu kandi ndashaka kwisuzumisha.,Mu rugo hari umuntu urwaye igituntu kandi ndashaka kwisuzumisha.
"Naje hano mbere, iyo umugabo wanjye ahumetse cyane, arumva mu gituza hamubabaza kuva mu gitondo nta miti imfasha. Ese ibi birakomeye?",kinyarwanda,URGENT,cardiac_respiratory,kinyarwanda->kinyarwanda:URGENT:cardiac_respiratory,"Iyo {REL} ahumetse cyane, arumva mu gituza hamubabaza.","Iyo {REL} ahumetse cyane, arumva mu gituza hamubabaza."
"Simbizi niba bikomeye ariko, ndatwite kandi nagagaye kuva ubu gitondo cya kare. Byatangiye gitunguranye. Ndakeneye ubufasha vuba.",kinyarwanda,CRITICAL,obstetric,kinyarwanda->kinyarwanda:CRITICAL:obstetric,Ndatwite kandi nagagaye.,Ndatwite kandi nagagaye.
"Mfasha, iyo mushiki wanjye ahumetse cyane, arumva mu gituza hamubabaza kuva hashize iminsi itatu. Ni imiti ki nafata?",kinyarwanda,URGENT,cardiac_respiratory,kinyarwanda->kinyarwanda:URGENT:cardiac_respiratory,"Iyo {REL} ahumetse cyane, arumva mu gituza hamubabaza.","Iyo {REL} ahumetse cyane, arumva mu gituza hamubabaza."
"Mfasha vuba, maze umunsi wose mbabara ngerageza kubyara ariko umwana ntarasohoka kuva hashize iminsi ibiri kandi birushaho kuba bibi. Ndakeneye ubufasha vuba.",kinyarwanda,CRITICAL,obstetric,kinyarwanda->kinyarwanda:CRITICAL:obstetric,Maze umunsi wose mbabara ngerageza kubyara ariko umwana ntarasohoka.,Maze umunsi wose mbabara ngerageza kubyara ariko umwana ntarasohoka.
"Mfasha, iyo umwana wanjye ahumetse cyane, arumva mu gituza hamubabaza kuva ubu gitondo cya kare biragenda bikagaruka. Nkora iki?",kinyarwanda,URGENT,cardiac_respiratory,kinyarwanda->kinyarwanda:URGENT:cardiac_respiratory,"Iyo {REL} ahumetse cyane, arumva mu gituza hamubabaza.","Iyo {REL} ahumetse cyane, arumva mu gituza hamubabaza."
Ndashaka kukubwira ikibazo mfite. Maze iminsi itatu ndwaye impiswi zikomeye kuva ejo kandi sinshobora gusinzira. Ntegereze cyangwa nsuzumwe ubu?,kinyarwanda,URGENT,gastrointestinal,kinyarwanda->kinyarwanda:URGENT:gastrointestinal,maze iminsi itatu ndwaye impiswi zikomeye,maze iminsi itatu ndwaye impiswi zikomeye
"Nyabuneka, umuturanyi wanjye yabyimbye ibirenge kandi ntashobora guhumeka neza iyo aragaramye kuva hashize icyumweru kandi birushaho kuba bibi. Nkora iki?",kinyarwanda,URGENT,chronic_care,kinyarwanda->kinyarwanda:URGENT:chronic_care,{REL} yabyimbye ibirenge kandi ntashobora guhumeka neza iyo aragaramye.,Nabyimbye ibirenge kandi sinshobora guhumeka neza iyo ndagaramye.
"Naje hano mbere, mu rugo hari umuntu urwaye igituntu kandi ndashaka kwisuzumisha kuva ijoro ryashize. Byatangiye gitunguranye. Naje mvuye kure.",kinyarwanda,URGENT,preventive,kinyarwanda->kinyarwanda:URGENT:preventive,Mu rugo hari umuntu urwaye igituntu kandi ndashaka kwisuzumisha.,Mu rugo hari umuntu urwaye igituntu kandi ndashaka kwisuzumisha.
"Muraho, mu rugo hari umuntu urwaye igituntu kandi ndashaka kwisuzumisha kuva ijoro ryashize. Abandi bana na bo bafite iki kibazo. Mfasha muganga.",kinyarwanda,URGENT,preventive,kinyarwanda->kinyarwanda:URGENT:preventive,Mu rugo hari umuntu urwaye igituntu kandi ndashaka kwisuzumisha.,Mu rugo hari umuntu urwaye igituntu kandi ndashaka kwisuzumisha.
"Muraho, iyo umugore wanjye ahumetse cyane, arumva mu gituza hamubabaza kuva hashize iminsi ibiri. Byatangiye gitunguranye. Naje mvuye kure.",kinyarwanda,URGENT,cardiac_respiratory,kinyarwanda->kinyarwanda:URGENT:cardiac_respiratory,"Iyo {REL} ahumetse cyane, arumva mu gituza hamubabaza.","Iyo {REL} ahumetse cyane, arumva mu gituza hamubabaza."
"Naje hano mbere, maze umunsi wose mbabara ngerageza kubyara ariko umwana ntarasohoka kuva hashize iminsi ibiri kandi nta miti mfite",kinyarwanda,CRITICAL,obstetric,kinyarwanda->kinyarwanda:CRITICAL:obstetric,Maze umunsi wose mbabara ngerageza kubyara ariko umwana ntarasohoka.,Maze umunsi wose mbabara ngerageza kubyara ariko umwana ntarasohoka.
Maze umunsi wose mbabara ngerageza kubyara ariko umwana ntarasohoka kuva mu gitondo bikarushaho nijoro. Mfasha muganga.,kinyarwanda,CRITICAL,obstetric,kinyarwanda->kinyarwanda:CRITICAL:obstetric,Maze umunsi wose mbabara ngerageza kubyara ariko umwana ntarasohoka.,Maze umunsi wose mbabara ngerageza kubyara ariko umwana ntarasohoka.
"Naje hano mbere, mushiki wanjye arababara cyane mu nda kandi ububabare ntibuhagarara kuva mu gitondo bikarushaho nijoro. Ese ibi birakomeye?",kinyarwanda,URGENT,gastrointestinal,kinyarwanda->kinyarwanda:URGENT:gastrointestinal,{REL} arababara cyane mu nda kandi ububabare ntibuhagarara.,Inda irandya cyane kandi ububabare ntibuhagarara.
"Muraho, mfite igisebe ku kirenge kidakira kandi mfite diyabete kandi sinshobora gusinzira. Urakoze.",kinyarwanda,URGENT,chronic_care,kinyarwanda->kinyarwanda:URGENT:chronic_care,Mfite igisebe ku kirenge kidakira kandi mfite diyabete.,Mfite igisebe ku kirenge kidakira kandi mfite diyabete.
"Muraho, ndashaka kugirwa inama ku mazi yo kunywa kuva hashize iminsi itatu. Byatangiye gitunguranye.",kinyarwanda,ROUTINE,preventive,kinyarwanda->kinyarwanda:ROUTINE:preventive,Ndashaka kugirwa inama ku mazi yo kunywa.,Ndashaka kugirwa inama ku mazi yo kunywa.
"Simbizi niba bikomeye ariko, umuturanyi wanjye arababara cyane mu nda kandi ububabare ntibuhagarara kuva hashize iminsi itatu bikarushaho nijoro. Urakoze.",kinyarwanda,URGENT,gastrointestinal,kinyarwanda->kinyarwanda:URGENT:gastrointestinal,{REL} arababara cyane mu nda kandi ububabare ntibuhagarara.,Inda irandya cyane kandi ububabare ntibuhagarara.
"Mumbabarire, ndashaka kubabwira ikibazo mfite. Mfite ikibazo ku mutwe kandi kirimo guterwa n'urumuri kuva mu gitondo. Abandi bana na bo bafite iki kibazo. Ntabasha kubona amafaranga yo kongera kuza kwa muganga.",kinyarwanda,URGENT,neurological,kinyarwanda->kinyarwanda:URGENT:neurological,Mfite ikibazo ku mutwe kandi kirimo guterwa n'urumuri.,Mfite ikibazo ku mutwe kandi kirimo guterwa n'urumuri.
"Mfasha vuba, ndashaka kugirwa inama ku mazi yo kunywa kuva mu cyumweru gishize kandi ndahangayitse. Urakoze.",kinyarwanda,ROUTINE,preventive,kinyarwanda->kinyarwanda:ROUTINE:preventive,Ndashaka kugirwa inama ku mazi yo kunywa.,Ndashaka kugirwa inama ku mazi yo kunywa.
"Nzanye umwana wanjye, umuvuduko w'amaraso wanjye wazamutse cyane kandi umutwe urandya cyane kuva ejo biragenda bikagaruka. Murakoze.",kinyarwanda,URGENT,chronic_care,kinyarwanda->kinyarwanda:URGENT:chronic_care,Umuvuduko w'amaraso wanjye wazamutse cyane kandi umutwe urandya cyane.,Umuvuduko w'amaraso wanjye wazamutse cyane kandi umutwe urandya cyane.
"Mumbabarire, ndashaka kubabwira ikibazo mfite. Mu rugo hari umuntu urwaye igituntu kandi ndashaka kwisuzumisha kuva ubu gitondo cya kare kandi sinshobora gusinzira. Ndakeneye ubufasha vuba.",kinyarwanda,URGENT,preventive,kinyarwanda->kinyarwanda:URGENT:preventive,Mu rugo hari umuntu urwaye igituntu kandi ndashaka kwisuzumisha.,Mu rugo hari umuntu urwaye igituntu kandi ndashaka kwisuzumisha.
Ndashaka kukubwira ikibazo mfite. Mu rugo hari umuntu urwaye igituntu kandi umugore wanjye ashaka kwisuzumisha kuva ijoro ryashize nta miti imfasha. Ni imiti ki nafata?,kinyarwanda,URGENT,preventive,kinyarwanda->kinyarwanda:URGENT:preventive,Mu rugo hari umuntu urwaye igituntu kandi {REL} ashaka kwisuzumisha.,Mu rugo hari umuntu urwaye igituntu kandi ndashaka kwisuzumisha.
"Muganga, maze iminsi itatu ndwaye impiswi zikomeye kuva mu cyumweru gishize biragenda bikagaruka. Mfasha muganga.",kinyarwanda,URGENT,gastrointestinal,kinyarwanda->kinyarwanda:URGENT:gastrointestinal,maze iminsi itatu ndwaye impiswi zikomeye,maze iminsi itatu ndwaye impiswi zikomeye
"Nzanye umwana wanjye, mama afite ibimenyetso bya malariya, umuriro n'imbeho kuva mu gitondo nta miti imfasha. Murakoze.",kinyarwanda,URGENT,infectious_fever,kinyarwanda->kinyarwanda:URGENT:infectious_fever,"{REL} afite ibimenyetso bya malariya, umuriro n'imbeho.","Mfite ibimenyetso bya malariya, umuriro n'imbeho."
"Naje hano mbere, ndashaka kugirwa inama ku mazi yo kunywa kuva hashize icyumweru kandi nta miti mfite. Ntabasha kubona amafaranga yo kongera kuza kwa muganga.",kinyarwanda,ROUTINE,preventive,kinyarwanda->kinyarwanda:ROUTINE:preventive,Ndashaka kugirwa inama ku mazi yo kunywa.,Ndashaka kugirwa inama ku mazi yo kunywa.
Ndashaka kukubwira ikibazo mfite. Mama nta miti ya SIDA afite kuva ubu gitondo cya kare kandi sinshobora gusinzira,kinyarwanda,URGENT,chronic_care,kinyarwanda->kinyarwanda:URGENT:chronic_care,{REL} nta miti ya SIDA afite.,Nta miti ya SIDA mfite.
"Nyabuneka, ndashaka kugirwa inama ku mazi yo kunywa kuva hashize iminsi itatu kandi nta miti mfite. Nkora iki?",kinyarwanda,ROUTINE,preventive,kinyarwanda->kinyarwanda:ROUTINE:preventive,Ndashaka kugirwa inama ku mazi yo kunywa.,Ndashaka kugirwa inama ku mazi yo kunywa.
Papa nta miti ya SIDA afite kuva hashize iminsi ibiri kandi ndahangayitse. Ese ibi birakomeye?,kinyarwanda,URGENT,chronic_care,kinyarwanda->kinyarwanda:URGENT:chronic_care,{REL} nta miti ya SIDA afite.,Nta miti ya SIDA mfite.
"Mfasha, mfite ikibazo ku mutwe kandi kirimo guterwa n'urumuri kuva hashize iminsi ibiri kandi ndahangayitse. Ni imiti ki nafata?",kinyarwanda,URGENT,neurological,kinyarwanda->kinyarwanda:URGENT:neurological,Mfite ikibazo ku mutwe kandi kirimo guterwa n'urumuri.,Mfite ikibazo ku mutwe kandi kirimo guterwa n'urumuri.
"Simbizi niba bikomeye ariko, umwana wanjye nta miti ya SIDA afite kuva mu gitondo kandi birushaho kuba bibi. Ese ibi birakomeye?",kinyarwanda,URGENT,chronic_care,kinyarwanda->kinyarwanda:URGENT:chronic_care,{REL} nta miti ya SIDA afite.,Nta miti ya SIDA mfite.
"Mumbabarire, ndashaka kubabwira ikibazo mfite. Mfite ikibazo ku mutwe kandi kirimo guterwa n'urumuri kandi nta miti mfite. Urakoze.",kinyarwanda,URGENT,neurological,kinyarwanda->kinyarwanda:URGENT:neurological,Mfite ikibazo ku mutwe kandi kirimo guterwa n'urumuri.,Mfite ikibazo ku mutwe kandi kirimo guterwa n'urumuri.
"Mfasha, mu rugo hari umuntu urwaye igituntu kandi mushiki wanjye ashaka kwisuzumisha kuva mu cyumweru gishize kandi birushaho kuba bibi. Ntegereze cyangwa nsuzumwe ubu?",kinyarwanda,URGENT,preventive,kinyarwanda->kinyarwanda:URGENT:preventive,Mu rugo hari umuntu urwaye igituntu kandi {REL} ashaka kwisuzumisha.,Mu rugo hari umuntu urwaye igituntu kandi ndashaka kwisuzumisha.
"Ndakeneye ubufasha, mfite ikibazo ku mutwe kandi kirimo guterwa n'urumuri kuva mu cyumweru gishize kandi sinshobora gusinzira. Ntegereze cyangwa nsuzumwe ubu?",kinyarwanda,URGENT,neurological,kinyarwanda->kinyarwanda:URGENT:neurological,Mfite ikibazo ku mutwe kandi kirimo guterwa n'urumuri.,Mfite ikibazo ku mutwe kandi kirimo guterwa n'urumuri.
"Nyabuneka, mu rugo hari umuntu urwaye igituntu kandi mama ashaka kwisuzumisha kuva hashize iminsi itatu kandi ndahangayitse. Murakoze.",kinyarwanda,URGENT,preventive,kinyarwanda->kinyarwanda:URGENT:preventive,Mu rugo hari umuntu urwaye igituntu kandi {REL} ashaka kwisuzumisha.,Mu rugo hari umuntu urwaye igituntu kandi ndashaka kwisuzumisha.
"Naje hano mbere, mama afite ibimenyetso bya malariya, umuriro n'imbeho kuva ijoro ryashize. Abandi bana na bo bafite iki kibazo. Ntegereze cyangwa nsuzumwe ubu?",kinyarwanda,URGENT,infectious_fever,kinyarwanda->kinyarwanda:URGENT:infectious_fever,"{REL} afite ibimenyetso bya malariya, umuriro n'imbeho.","Mfite ibimenyetso bya malariya, umuriro n'imbeho."
"Simbizi niba bikomeye ariko, mfite igisebe ku kirenge kidakira kandi mfite diyabete kuva hashize iminsi itatu kandi sinshobora gusinzira. Naje mvuye kure.",kinyarwanda,URGENT,chronic_care,kinyarwanda->kinyarwanda:URGENT:chronic_care,Mfite igisebe ku kirenge kidakira kandi mfite diyabete.,Mfite igisebe ku kirenge kidakira kandi mfite diyabete.
"Nyabuneka, umugabo wanjye afite gahunda yo gukingiza umwana kandi nta miti mfite. Mfasha muganga.",kinyarwanda,ROUTINE,preventive,kinyarwanda->kinyarwanda:ROUTINE:preventive,{REL} afite gahunda yo gukingiza umwana.,Mfite gahunda yo gukingiza umwana.
"Nzanye umwana wanjye, maze iminsi itatu ndwaye impiswi zikomeye kuva hashize iminsi ibiri biragenda bikagaruka. Urakoze.",kinyarwanda,URGENT,gastrointestinal,kinyarwanda->kinyarwanda:URGENT:gastrointestinal,maze iminsi itatu ndwaye impiswi zikomeye,maze iminsi itatu ndwaye impiswi zikomeye
Ndashaka kukubwira ikibazo mfite. Mushiki wanjye ari kubyara ariko umugozi w'umwana wabanje gusohoka kuva mu masaha abiri ashize. Ese ibi birakomeye?,kinyarwanda,CRITICAL,obstetric,kinyarwanda->kinyarwanda:CRITICAL:obstetric,{REL} ari kubyara ariko umugozi w'umwana wabanje gusohoka.,Ndabyara ariko habanje gusohoka umugozi w'umwana.
"Mfasha, umwana wanjye ahumeka bimugora cyane kandi iminwa ye yahindutse ibara kuva mu gitondo kandi sinshobora gusinzira. Ndakeneye ubufasha vuba.",kinyarwanda,CRITICAL,cardiac_respiratory,kinyarwanda->kinyarwanda:CRITICAL:cardiac_respiratory,{REL} ahumeka bimugora cyane kandi iminwa ye yahindutse ibara.,guhumeka birangora cyane kandi iminwa yanjye yahindutse ibara
"Nzanye umwana wanjye, ndashaka kugirwa inama ku mazi yo kunywa kuva ejo. Abandi bana na bo bafite iki kibazo.",kinyarwanda,ROUTINE,preventive,kinyarwanda->kinyarwanda:ROUTINE:preventive,Ndashaka kugirwa inama ku mazi yo kunywa.,Ndashaka kugirwa inama ku mazi yo kunywa.
"Mfasha, papa afite ibimenyetso bya malariya, umuriro n'imbeho kuva mu gitondo kandi nta miti mfite. Ndakeneye ubufasha vuba.",kinyarwanda,URGENT,infectious_fever,kinyarwanda->kinyarwanda:URGENT:infectious_fever,"{REL} afite ibimenyetso bya malariya, umuriro n'imbeho.","Mfite ibimenyetso bya malariya, umuriro n'imbeho."
Ndashaka kukubwira ikibazo mfite. Ndatwite kandi nagagaye. Ntabasha kubona amafaranga yo kongera kuza kwa muganga.,kinyarwanda,CRITICAL,obstetric,kinyarwanda->kinyarwanda:CRITICAL:obstetric,Ndatwite kandi nagagaye.,Ndatwite kandi nagagaye.
"Mumbabarire, ndashaka kubabwira ikibazo mfite. Ndashaka kugirwa inama ku mazi yo kunywa kuva ijoro ryashize kandi nta miti mfite. Ndakeneye ubufasha vuba.",kinyarwanda,ROUTINE,preventive,kinyarwanda->kinyarwanda:ROUTINE:preventive,Ndashaka kugirwa inama ku mazi yo kunywa.,Ndashaka kugirwa inama ku mazi yo kunywa.
"Simbizi niba bikomeye ariko, umuturanyi wanjye afite ibimenyetso bya malariya, umuriro n'imbeho kuva ijoro ryashize kandi sinshobora gusinzira. Ntegereze cyangwa nsuzumwe ubu?",kinyarwanda,URGENT,infectious_fever,kinyarwanda->kinyarwanda:URGENT:infectious_fever,"{REL} afite ibimenyetso bya malariya, umuriro n'imbeho.","Mfite ibimenyetso bya malariya, umuriro n'imbeho."
"Nyabuneka, umugabo wanjye afite igisebe ku kirenge kidakira kandi afite diyabete biragenda bikagaruka. Ni imiti ki nafata?",kinyarwanda,URGENT,chronic_care,kinyarwanda->kinyarwanda:URGENT:chronic_care,{REL} afite igisebe ku kirenge kidakira kandi afite diyabete.,Mfite igisebe ku kirenge kidakira kandi mfite diyabete.
"Muraho, mu rugo hari umuntu urwaye igituntu kandi umuturanyi wanjye ashaka kwisuzumisha kuva mu masaha abiri ashize. Byatangiye gitunguranye. Murakoze.",kinyarwanda,URGENT,preventive,kinyarwanda->kinyarwanda:URGENT:preventive,Mu rugo hari umuntu urwaye igituntu kandi {REL} ashaka kwisuzumisha.,Mu rugo hari umuntu urwaye igituntu kandi ndashaka kwisuzumisha.
"Nyabuneka, mu rugo hari umuntu urwaye igituntu kandi umugabo wanjye ashaka kwisuzumisha kuva ubu gitondo cya kare. Abandi bana na bo bafite iki kibazo. Ntegereze cyangwa nsuzumwe ubu?",kinyarwanda,URGENT,preventive,kinyarwanda->kinyarwanda:URGENT:preventive,Mu rugo hari umuntu urwaye igituntu kandi {REL} ashaka kwisuzumisha.,Mu rugo hari umuntu urwaye igituntu kandi ndashaka kwisuzumisha.
"Mumbabarire, ndashaka kubabwira ikibazo mfite. Umugore wanjye afite impiswi zikomeye kandi yagize umwuma kuva hashize iminsi itatu kandi ndahangayitse. Nkora iki?",kinyarwanda,CRITICAL,gastrointestinal,kinyarwanda->kinyarwanda:CRITICAL:gastrointestinal,{REL} afite impiswi zikomeye kandi yagize umwuma.,{REL} afite impiswi zikomeye kandi yagize umwuma.
"Ndakeneye ubufasha, umwana wanjye arababara cyane mu nda kandi ububabare ntibuhagarara kuva mu gitondo bikarushaho nijoro. Ni imiti ki nafata?",kinyarwanda,URGENT,gastrointestinal,kinyarwanda->kinyarwanda:URGENT:gastrointestinal,{REL} arababara cyane mu nda kandi ububabare ntibuhagarara.,Inda irandya cyane kandi ububabare ntibuhagarara.
"Muraho, ndatwite kandi nagagaye kuva hashize iminsi ibiri. Byatangiye gitunguranye.",kinyarwanda,CRITICAL,obstetric,kinyarwanda->kinyarwanda:CRITICAL:obstetric,Ndatwite kandi nagagaye.,Ndatwite kandi nagagaye.
"Simbizi niba bikomeye ariko, umuturanyi wanjye afite ibimenyetso bya malariya, umuriro n'imbeho kuva ubu gitondo cya kare kandi nta miti mfite. Murakoze.",kinyarwanda,URGENT,infectious_fever,kinyarwanda->kinyarwanda:URGENT:infectious_fever,"{REL} afite ibimenyetso bya malariya, umuriro n'imbeho.","Mfite ibimenyetso bya malariya, umuriro n'imbeho."
"Muganga, mu rugo hari umuntu urwaye igituntu kandi mushiki wanjye ashaka kwisuzumisha kuva hashize iminsi itatu biragenda bikagaruka. Nkora iki?",kinyarwanda,URGENT,preventive,kinyarwanda->kinyarwanda:URGENT:preventive,Mu rugo hari umuntu urwaye igituntu kandi {REL} ashaka kwisuzumisha.,Mu rugo hari umuntu urwaye igituntu kandi ndashaka kwisuzumisha.
Mama afite impiswi zikomeye kandi yagize umwuma kuva ejo biragenda bikagaruka. Mfasha muganga.,kinyarwanda,CRITICAL,gastrointestinal,kinyarwanda->kinyarwanda:CRITICAL:gastrointestinal,{REL} afite impiswi zikomeye kandi yagize umwuma.,{REL} afite impiswi zikomeye kandi yagize umwuma.
"Muganga, mfite umuhaha kandi birushaho kuba bibi. Mfasha muganga.",kinyarwanda,URGENT,paediatric,kinyarwanda->kinyarwanda:URGENT:paediatric,Mfite umuhaha.,Mfite umuhaha.
"Simbizi niba bikomeye ariko, mfite umuhaha kandi birushaho kuba bibi. Nkora iki?",kinyarwanda,URGENT,paediatric,kinyarwanda->kinyarwanda:URGENT:paediatric,Mfite umuhaha.,Mfite umuhaha.
"Muganga, mu rugo hari umuntu urwaye igituntu kandi umwana wanjye ashaka kwisuzumisha kuva hashize iminsi itatu. Byatangiye gitunguranye. Mfasha muganga.",kinyarwanda,URGENT,preventive,kinyarwanda->kinyarwanda:URGENT:preventive,Mu rugo hari umuntu urwaye igituntu kandi {REL} ashaka kwisuzumisha.,Mu rugo hari umuntu urwaye igituntu kandi ndashaka kwisuzumisha.
"Muganga, iyo umwana wanjye ahumetse cyane, arumva mu gituza hamubabaza kuva ijoro ryashize. Ni imiti ki nafata?",kinyarwanda,URGENT,cardiac_respiratory,kinyarwanda->kinyarwanda:URGENT:cardiac_respiratory,"Iyo {REL} ahumetse cyane, arumva mu gituza hamubabaza.","Iyo {REL} ahumetse cyane, arumva mu gituza hamubabaza."
"Muganga, mama afite gahunda yo gukingiza umwana kuva mu masaha abiri ashize kandi birushaho kuba bibi. Ntegereze cyangwa nsuzumwe ubu?",kinyarwanda,ROUTINE,preventive,kinyarwanda->kinyarwanda:ROUTINE:preventive,{REL} afite gahunda yo gukingiza umwana.,Mfite gahunda yo gukingiza umwana.
"Mfasha vuba, mfite ikibazo ku mutwe kandi kirimo guterwa n'urumuri kuva hashize iminsi ibiri kandi nta miti mfite. Ni imiti ki nafata?",kinyarwanda,URGENT,neurological,kinyarwanda->kinyarwanda:URGENT:neurological,Mfite ikibazo ku mutwe kandi kirimo guterwa n'urumuri.,Mfite ikibazo ku mutwe kandi kirimo guterwa n'urumuri.
Ndashaka kukubwira ikibazo mfite. Mu rugo hari umuntu urwaye igituntu kandi ndashaka kwisuzumisha kuva ubu gitondo cya kare. Ni imiti ki nafata?,kinyarwanda,URGENT,preventive,kinyarwanda->kinyarwanda:URGENT:preventive,Mu rugo hari umuntu urwaye igituntu kandi ndashaka kwisuzumisha.,Mu rugo hari umuntu urwaye igituntu kandi ndashaka kwisuzumisha.
Ndashaka kukubwira ikibazo mfite. Mfite igisebe ku kirenge kidakira kandi mfite diyabete kuva mu cyumweru gishize. Byatangiye gitunguranye. Ntegereze cyangwa nsuzumwe ubu?,kinyarwanda,URGENT,chronic_care,kinyarwanda->kinyarwanda:URGENT:chronic_care,Mfite igisebe ku kirenge kidakira kandi mfite diyabete.,Mfite igisebe ku kirenge kidakira kandi mfite diyabete.
"Ndakeneye ubufasha, umugabo wanjye afite ibimenyetso bya malariya, umuriro n'imbeho kuva hashize iminsi ibiri kandi birushaho kuba bibi. Nkora iki?",kinyarwanda,URGENT,infectious_fever,kinyarwanda->kinyarwanda:URGENT:infectious_fever,"{REL} afite ibimenyetso bya malariya, umuriro n'imbeho.","Mfite ibimenyetso bya malariya, umuriro n'imbeho."
"Nzanye umwana wanjye, mu rugo hari umuntu urwaye igituntu kandi umugabo wanjye ashaka kwisuzumisha kuva mu gitondo. Murakoze.",kinyarwanda,URGENT,preventive,kinyarwanda->kinyarwanda:URGENT:preventive,Mu rugo hari umuntu urwaye igituntu kandi {REL} ashaka kwisuzumisha.,Mu rugo hari umuntu urwaye igituntu kandi ndashaka kwisuzumisha.
Ndashaka kukubwira ikibazo mfite. Maze iminsi itatu ndwaye impiswi zikomeye kuva ejo. Byatangiye gitunguranye.,kinyarwanda,URGENT,gastrointestinal,kinyarwanda->kinyarwanda:URGENT:gastrointestinal,maze iminsi itatu ndwaye impiswi zikomeye,maze iminsi itatu ndwaye impiswi zikomeye
"Mfasha vuba, umuturanyi wanjye nta miti ya SIDA afite kuva ubu gitondo cya kare kandi sinshobora gusinzira. Naje mvuye kure.",kinyarwanda,URGENT,chronic_care,kinyarwanda->kinyarwanda:URGENT:chronic_care,{REL} nta miti ya SIDA afite.,Nta miti ya SIDA mfite.
"Muraho, mfite umuhaha kuva hashize iminsi itatu kandi ndahangayitse. Naje mvuye kure.",kinyarwanda,URGENT,paediatric,kinyarwanda->kinyarwanda:URGENT:paediatric,Mfite umuhaha.,Mfite umuhaha.
"Naje hano mbere, umugabo wanjye afite gahunda yo gukingiza umwana kandi birushaho kuba bibi. Murakoze.",kinyarwanda,ROUTINE,preventive,kinyarwanda->kinyarwanda:ROUTINE:preventive,{REL} afite gahunda yo gukingiza umwana.,Mfite gahunda yo gukingiza umwana.
"Mumbabarire, ndashaka kubabwira ikibazo mfite. Mfite ikibazo ku mutwe kandi kirimo guterwa n'urumuri kuva ubu gitondo cya kare nta miti imfasha",kinyarwanda,URGENT,neurological,kinyarwanda->kinyarwanda:URGENT:neurological,Mfite ikibazo ku mutwe kandi kirimo guterwa n'urumuri.,Mfite ikibazo ku mutwe kandi kirimo guterwa n'urumuri.
"Mfasha, umugabo wanjye yabyimbye ibirenge kandi ntashobora guhumeka neza iyo aragaramye kuva ejo biragenda bikagaruka. Ni imiti ki nafata?",kinyarwanda,URGENT,chronic_care,kinyarwanda->kinyarwanda:URGENT:chronic_care,{REL} yabyimbye ibirenge kandi ntashobora guhumeka neza iyo aragaramye.,Nabyimbye ibirenge kandi sinshobora guhumeka neza iyo ndagaramye.
"Mfasha vuba, ndatwite kandi nagagaye kuva ubu gitondo cya kare kandi ndahangayitse. Ese ibi birakomeye?",kinyarwanda,CRITICAL,obstetric,kinyarwanda->kinyarwanda:CRITICAL:obstetric,Ndatwite kandi nagagaye.,Ndatwite kandi nagagaye.
"Mumbabarire, ndashaka kubabwira ikibazo mfite. Iyo umwana wanjye ahumetse cyane, arumva mu gituza hamubabaza kuva ejo biragenda bikagaruka",kinyarwanda,URGENT,cardiac_respiratory,kinyarwanda->kinyarwanda:URGENT:cardiac_respiratory,"Iyo {REL} ahumetse cyane, arumva mu gituza hamubabaza.","Iyo {REL} ahumetse cyane, arumva mu gituza hamubabaza."
"Nyabuneka, mushiki wanjye ari kubyara ariko umugozi w'umwana wabanje gusohoka kuva ijoro ryashize. Ni imiti ki nafata?",kinyarwanda,CRITICAL,obstetric,kinyarwanda->kinyarwanda:CRITICAL:obstetric,{REL} ari kubyara ariko umugozi w'umwana wabanje gusohoka.,Ndabyara ariko habanje gusohoka umugozi w'umwana.
Mu rugo hari umuntu urwaye igituntu kandi umugore wanjye ashaka kwisuzumisha kuva ejo kandi sinshobora gusinzira. Naje mvuye kure.,kinyarwanda,URGENT,preventive,kinyarwanda->kinyarwanda:URGENT:preventive,Mu rugo hari umuntu urwaye igituntu kandi {REL} ashaka kwisuzumisha.,Mu rugo hari umuntu urwaye igituntu kandi ndashaka kwisuzumisha.
"Mfasha vuba, mushiki wanjye nta miti ya SIDA afite kuva mu masaha abiri ashize. Byatangiye gitunguranye. Naje mvuye kure.",kinyarwanda,URGENT,chronic_care,kinyarwanda->kinyarwanda:URGENT:chronic_care,{REL} nta miti ya SIDA afite.,Nta miti ya SIDA mfite.
"Simbizi niba bikomeye ariko, umugabo wanjye afite ibimenyetso bya malariya, umuriro n'imbeho kuva mu gitondo. Byatangiye gitunguranye. Mfasha muganga.",kinyarwanda,URGENT,infectious_fever,kinyarwanda->kinyarwanda:URGENT:infectious_fever,"{REL} afite ibimenyetso bya malariya, umuriro n'imbeho.","Mfite ibimenyetso bya malariya, umuriro n'imbeho."
"Mfasha vuba, umukecuru yabyimbye ibirenge kandi ntashobora guhumeka neza iyo aragaramye kuva mu gitondo kandi birushaho kuba bibi. Ni imiti ki nafata?",kinyarwanda,URGENT,chronic_care,kinyarwanda->kinyarwanda:URGENT:chronic_care,{REL} yabyimbye ibirenge kandi ntashobora guhumeka neza iyo aragaramye.,Nabyimbye ibirenge kandi sinshobora guhumeka neza iyo ndagaramye.
"Ndakeneye ubufasha, umuvuduko w'amaraso wanjye wazamutse cyane kandi umutwe urandya cyane kandi nta miti mfite. Ntabasha kubona amafaranga yo kongera kuza kwa muganga.",kinyarwanda,URGENT,chronic_care,kinyarwanda->kinyarwanda:URGENT:chronic_care,Umuvuduko w'amaraso wanjye wazamutse cyane kandi umutwe urandya cyane.,Umuvuduko w'amaraso wanjye wazamutse cyane kandi umutwe urandya cyane.
"Nzanye umwana wanjye, mu rugo hari umuntu urwaye igituntu kandi ndashaka kwisuzumisha kuva ijoro ryashize kandi birushaho kuba bibi. Mfasha muganga.",kinyarwanda,URGENT,preventive,kinyarwanda->kinyarwanda:URGENT:preventive,Mu rugo hari umuntu urwaye igituntu kandi ndashaka kwisuzumisha.,Mu rugo hari umuntu urwaye igituntu kandi ndashaka kwisuzumisha.
"Mfasha, mfite umuhaha kuva ubu gitondo cya kare kandi sinshobora gusinzira. Naje mvuye kure.",kinyarwanda,URGENT,paediatric,kinyarwanda->kinyarwanda:URGENT:paediatric,Mfite umuhaha.,Mfite umuhaha.
"Simbizi niba bikomeye ariko, ndashaka kugirwa inama ku mazi yo kunywa kuva ijoro ryashize biragenda bikagaruka. Ndakeneye ubufasha vuba.",kinyarwanda,ROUTINE,preventive,kinyarwanda->kinyarwanda:ROUTINE:preventive,Ndashaka kugirwa inama ku mazi yo kunywa.,Ndashaka kugirwa inama ku mazi yo kunywa.
"Umukecuru afite ibimenyetso bya malariya, umuriro n'imbeho kuva mu gitondo. Byatangiye gitunguranye. Ntabasha kubona amafaranga yo kongera kuza kwa muganga.",kinyarwanda,URGENT,infectious_fever,kinyarwanda->kinyarwanda:URGENT:infectious_fever,"{REL} afite ibimenyetso bya malariya, umuriro n'imbeho.","Mfite ibimenyetso bya malariya, umuriro n'imbeho."
Ndashaka kukubwira ikibazo mfite. Mama ari kubyara ariko umugozi w'umwana wabanje gusohoka kuva hashize iminsi itatu nta miti imfasha. Ese ibi birakomeye?,kinyarwanda,CRITICAL,obstetric,kinyarwanda->kinyarwanda:CRITICAL:obstetric,{REL} ari kubyara ariko umugozi w'umwana wabanje gusohoka.,Ndabyara ariko habanje gusohoka umugozi w'umwana.
"Simbizi niba bikomeye ariko, ndashaka kugirwa inama ku mazi yo kunywa kuva hashize iminsi ibiri biragenda bikagaruka. Ni imiti ki nafata?",kinyarwanda,ROUTINE,preventive,kinyarwanda->kinyarwanda:ROUTINE:preventive,Ndashaka kugirwa inama ku mazi yo kunywa.,Ndashaka kugirwa inama ku mazi yo kunywa.
"Naje hano mbere, mfite igisebe ku kirenge kidakira kandi mfite diyabete. Abandi bana na bo bafite iki kibazo. Ni imiti ki nafata?",kinyarwanda,URGENT,chronic_care,kinyarwanda->kinyarwanda:URGENT:chronic_care,Mfite igisebe ku kirenge kidakira kandi mfite diyabete.,Mfite igisebe ku kirenge kidakira kandi mfite diyabete.
"Muganga, umuvuduko w'amaraso wanjye wazamutse cyane kandi umutwe urandya cyane kuva hashize icyumweru bikarushaho nijoro. Ndakeneye ubufasha vuba.",kinyarwanda,URGENT,chronic_care,kinyarwanda->kinyarwanda:URGENT:chronic_care,Umuvuduko w'amaraso wanjye wazamutse cyane kandi umutwe urandya cyane.,Umuvuduko w'amaraso wanjye wazamutse cyane kandi umutwe urandya cyane.
"Naje hano mbere, mu rugo hari umuntu urwaye igituntu kandi umwana wanjye ashaka kwisuzumisha kuva mu masaha abiri ashize. Naje mvuye kure.",kinyarwanda,URGENT,preventive,kinyarwanda->kinyarwanda:URGENT:preventive,Mu rugo hari umuntu urwaye igituntu kandi {REL} ashaka kwisuzumisha.,Mu rugo hari umuntu urwaye igituntu kandi ndashaka kwisuzumisha.
"Muraho, mu rugo hari umuntu urwaye igituntu kandi ndashaka kwisuzumisha nta miti imfasha. Ese ibi birakomeye?",kinyarwanda,URGENT,preventive,kinyarwanda->kinyarwanda:URGENT:preventive,Mu rugo hari umuntu urwaye igituntu kandi ndashaka kwisuzumisha.,Mu rugo hari umuntu urwaye igituntu kandi ndashaka kwisuzumisha.
"Nyabuneka, mu rugo hari umuntu urwaye igituntu kandi ndashaka kwisuzumisha kuva ejo kandi birushaho kuba bibi. Nkora iki?",kinyarwanda,URGENT,preventive,kinyarwanda->kinyarwanda:URGENT:preventive,Mu rugo hari umuntu urwaye igituntu kandi ndashaka kwisuzumisha.,Mu rugo hari umuntu urwaye igituntu kandi ndashaka kwisuzumisha.
"Muraho, ndatwite kandi nagagaye kuva mu cyumweru gishize. Ntegereze cyangwa nsuzumwe ubu?",kinyarwanda,CRITICAL,obstetric,kinyarwanda->kinyarwanda:CRITICAL:obstetric,Ndatwite kandi nagagaye.,Ndatwite kandi nagagaye.
"Muraho, mfite igisebe ku kirenge kidakira kandi mfite diyabete kuva ubu gitondo cya kare kandi ndahangayitse",kinyarwanda,URGENT,chronic_care,kinyarwanda->kinyarwanda:URGENT:chronic_care,Mfite igisebe ku kirenge kidakira kandi mfite diyabete.,Mfite igisebe ku kirenge kidakira kandi mfite diyabete.
Umukecuru afite impiswi zikomeye kandi yagize umwuma kuva hashize iminsi itatu kandi sinshobora gusinzira. Naje mvuye kure.,kinyarwanda,CRITICAL,gastrointestinal,kinyarwanda->kinyarwanda:CRITICAL:gastrointestinal,{REL} afite impiswi zikomeye kandi yagize umwuma.,{REL} afite impiswi zikomeye kandi yagize umwuma.
"Mfasha vuba, umwana wanjye ahumeka bimugora cyane kandi iminwa ye yahindutse ibara kuva mu cyumweru gishize bikarushaho nijoro. Ese ibi birakomeye?",kinyarwanda,CRITICAL,cardiac_respiratory,kinyarwanda->kinyarwanda:CRITICAL:cardiac_respiratory,{REL} ahumeka bimugora cyane kandi iminwa ye yahindutse ibara.,guhumeka birangora cyane kandi iminwa yanjye yahindutse ibara
Ndashaka kukubwira ikibazo mfite. Umukecuru afite gahunda yo gukingiza umwana kuva mu masaha abiri ashize kandi nta miti mfite. Ndakeneye ubufasha vuba.,kinyarwanda,ROUTINE,preventive,kinyarwanda->kinyarwanda:ROUTINE:preventive,{REL} afite gahunda yo gukingiza umwana.,Mfite gahunda yo gukingiza umwana.
"Muganga, umuturanyi wanjye ahumeka bimugora cyane kandi iminwa ye yahindutse ibara kuva mu gitondo. Abandi bana na bo bafite iki kibazo. Ni imiti ki nafata?",kinyarwanda,CRITICAL,cardiac_respiratory,kinyarwanda->kinyarwanda:CRITICAL:cardiac_respiratory,{REL} ahumeka bimugora cyane kandi iminwa ye yahindutse ibara.,guhumeka birangora cyane kandi iminwa yanjye yahindutse ibara
"Simbizi niba bikomeye ariko, mfite umuhaha biragenda bikagaruka. Nkora iki?",kinyarwanda,URGENT,paediatric,kinyarwanda->kinyarwanda:URGENT:paediatric,Mfite umuhaha.,Mfite umuhaha.
Ndashaka kukubwira ikibazo mfite. Mu rugo hari umuntu urwaye igituntu kandi ndashaka kwisuzumisha kuva hashize iminsi itatu. Byatangiye gitunguranye. Ni imiti ki nafata?,kinyarwanda,URGENT,preventive,kinyarwanda->kinyarwanda:URGENT:preventive,Mu rugo hari umuntu urwaye igituntu kandi ndashaka kwisuzumisha.,Mu rugo hari umuntu urwaye igituntu kandi ndashaka kwisuzumisha.
Umuvuduko w'amaraso wanjye wazamutse cyane kandi umutwe urandya cyane kuva mu cyumweru gishize. Murakoze.,kinyarwanda,URGENT,chronic_care,kinyarwanda->kinyarwanda:URGENT:chronic_care,Umuvuduko w'amaraso wanjye wazamutse cyane kandi umutwe urandya cyane.,Umuvuduko w'amaraso wanjye wazamutse cyane kandi umutwe urandya cyane.
"Mfasha vuba, mu rugo hari umuntu urwaye igituntu kandi umugore wanjye ashaka kwisuzumisha kuva mu cyumweru gishize. Ntegereze cyangwa nsuzumwe ubu?",kinyarwanda,URGENT,preventive,kinyarwanda->kinyarwanda:URGENT:preventive,Mu rugo hari umuntu urwaye igituntu kandi {REL} ashaka kwisuzumisha.,Mu rugo hari umuntu urwaye igituntu kandi ndashaka kwisuzumisha.
"Mfasha, mfite ikibazo ku mutwe kandi kirimo guterwa n'urumuri kandi sinshobora gusinzira. Naje mvuye kure.",kinyarwanda,URGENT,neurological,kinyarwanda->kinyarwanda:URGENT:neurological,Mfite ikibazo ku mutwe kandi kirimo guterwa n'urumuri.,Mfite ikibazo ku mutwe kandi kirimo guterwa n'urumuri.
"Simbizi niba bikomeye ariko, umugabo wanjye ahumeka bimugora cyane kandi iminwa ye yahindutse ibara kuva ubu gitondo cya kare bikarushaho nijoro",kinyarwanda,CRITICAL,cardiac_respiratory,kinyarwanda->kinyarwanda:CRITICAL:cardiac_respiratory,{REL} ahumeka bimugora cyane kandi iminwa ye yahindutse ibara.,guhumeka birangora cyane kandi iminwa yanjye yahindutse ibara
"Mfasha, ndashaka kugirwa inama ku mazi yo kunywa kuva hashize iminsi ibiri nta miti imfasha. Ntabasha kubona amafaranga yo kongera kuza kwa muganga.",kinyarwanda,ROUTINE,preventive,kinyarwanda->kinyarwanda:ROUTINE:preventive,Ndashaka kugirwa inama ku mazi yo kunywa.,Ndashaka kugirwa inama ku mazi yo kunywa.
"Nyabuneka, mama ahumeka bimugora cyane kandi iminwa ye yahindutse ibara kuva hashize icyumweru biragenda bikagaruka. Ntegereze cyangwa nsuzumwe ubu?",kinyarwanda,CRITICAL,cardiac_respiratory,kinyarwanda->kinyarwanda:CRITICAL:cardiac_respiratory,{REL} ahumeka bimugora cyane kandi iminwa ye yahindutse ibara.,guhumeka birangora cyane kandi iminwa yanjye yahindutse ibara
"Naje hano mbere, ndatwite kandi nagagaye kuva ijoro ryashize kandi sinshobora gusinzira. Mfasha muganga.",kinyarwanda,CRITICAL,obstetric,kinyarwanda->kinyarwanda:CRITICAL:obstetric,Ndatwite kandi nagagaye.,Ndatwite kandi nagagaye.
"Ndakeneye ubufasha, ndatwite kandi nagagaye kuva ejo. Ntabasha kubona amafaranga yo kongera kuza kwa muganga.",kinyarwanda,CRITICAL,obstetric,kinyarwanda->kinyarwanda:CRITICAL:obstetric,Ndatwite kandi nagagaye.,Ndatwite kandi nagagaye.
"Naje hano mbere, papa afite gahunda yo gukingiza umwana kuva ubu gitondo cya kare kandi ndahangayitse. Murakoze.",kinyarwanda,ROUTINE,preventive,kinyarwanda->kinyarwanda:ROUTINE:preventive,{REL} afite gahunda yo gukingiza umwana.,Mfite gahunda yo gukingiza umwana.
"Simbizi niba bikomeye ariko, mu rugo hari umuntu urwaye igituntu kandi umukecuru ashaka kwisuzumisha kuva hashize icyumweru kandi nta miti mfite. Ni imiti ki nafata?",kinyarwanda,URGENT,preventive,kinyarwanda->kinyarwanda:URGENT:preventive,Mu rugo hari umuntu urwaye igituntu kandi {REL} ashaka kwisuzumisha.,Mu rugo hari umuntu urwaye igituntu kandi ndashaka kwisuzumisha.
"Naje hano mbere, umugabo wanjye nta miti ya SIDA afite kuva mu masaha abiri ashize. Byatangiye gitunguranye. Nkora iki?",kinyarwanda,URGENT,chronic_care,kinyarwanda->kinyarwanda:URGENT:chronic_care,{REL} nta miti ya SIDA afite.,Nta miti ya SIDA mfite.
"Naje hano mbere, iyo umwana wanjye ahumetse cyane, arumva mu gituza hamubabaza kuva hashize iminsi ibiri. Abandi bana na bo bafite iki kibazo. Ni imiti ki nafata?",kinyarwanda,URGENT,cardiac_respiratory,kinyarwanda->kinyarwanda:URGENT:cardiac_respiratory,"Iyo {REL} ahumetse cyane, arumva mu gituza hamubabaza.","Iyo {REL} ahumetse cyane, arumva mu gituza hamubabaza."
"Muraho, mfite igisebe ku kirenge kidakira kandi mfite diyabete kuva mu masaha abiri ashize. Byatangiye gitunguranye. Ndakeneye ubufasha vuba.",kinyarwanda,URGENT,chronic_care,kinyarwanda->kinyarwanda:URGENT:chronic_care,Mfite igisebe ku kirenge kidakira kandi mfite diyabete.,Mfite igisebe ku kirenge kidakira kandi mfite diyabete.
"Simbizi niba bikomeye ariko, umukecuru arababara cyane mu nda kandi ububabare ntibuhagarara kuva hashize icyumweru kandi nta miti mfite. Naje mvuye kure.",kinyarwanda,URGENT,gastrointestinal,kinyarwanda->kinyarwanda:URGENT:gastrointestinal,{REL} arababara cyane mu nda kandi ububabare ntibuhagarara.,Inda irandya cyane kandi ububabare ntibuhagarara.
"Mfasha, mfite igisebe ku kirenge kidakira kandi mfite diyabete kuva ubu gitondo cya kare. Abandi bana na bo bafite iki kibazo. Murakoze.",kinyarwanda,URGENT,chronic_care,kinyarwanda->kinyarwanda:URGENT:chronic_care,Mfite igisebe ku kirenge kidakira kandi mfite diyabete.,Mfite igisebe ku kirenge kidakira kandi mfite diyabete.
Umugore wanjye yabyimbye ibirenge kandi ntashobora guhumeka neza iyo aragaramye kuva mu masaha abiri ashize kandi sinshobora gusinzira. Murakoze.,kinyarwanda,URGENT,chronic_care,kinyarwanda->kinyarwanda:URGENT:chronic_care,{REL} yabyimbye ibirenge kandi ntashobora guhumeka neza iyo aragaramye.,Nabyimbye ibirenge kandi sinshobora guhumeka neza iyo ndagaramye.
"Mfasha, papa nta miti ya SIDA afite kuva mu gitondo biragenda bikagaruka. Murakoze.",kinyarwanda,URGENT,chronic_care,kinyarwanda->kinyarwanda:URGENT:chronic_care,{REL} nta miti ya SIDA afite.,Nta miti ya SIDA mfite.
Mfite ikibazo ku mutwe kandi kirimo guterwa n'urumuri kuva mu masaha abiri ashize,kinyarwanda,URGENT,neurological,kinyarwanda->kinyarwanda:URGENT:neurological,Mfite ikibazo ku mutwe kandi kirimo guterwa n'urumuri.,Mfite ikibazo ku mutwe kandi kirimo guterwa n'urumuri.
"Muganga, umuturanyi wanjye ari kubyara ariko umugozi w'umwana wabanje gusohoka kuva hashize iminsi ibiri",kinyarwanda,CRITICAL,obstetric,kinyarwanda->kinyarwanda:CRITICAL:obstetric,{REL} ari kubyara ariko umugozi w'umwana wabanje gusohoka.,Ndabyara ariko habanje gusohoka umugozi w'umwana.
"Mumbabarire, ndashaka kubabwira ikibazo mfite. Mama afite gahunda yo gukingiza umwana kuva hashize iminsi ibiri. Byatangiye gitunguranye. Ni imiti ki nafata?",kinyarwanda,ROUTINE,preventive,kinyarwanda->kinyarwanda:ROUTINE:preventive,{REL} afite gahunda yo gukingiza umwana.,Mfite gahunda yo gukingiza umwana.
"Mumbabarire, ndashaka kubabwira ikibazo mfite. Mu rugo hari umuntu urwaye igituntu kandi umugabo wanjye ashaka kwisuzumisha kuva ejo. Byatangiye gitunguranye. Urakoze.",kinyarwanda,URGENT,preventive,kinyarwanda->kinyarwanda:URGENT:preventive,Mu rugo hari umuntu urwaye igituntu kandi {REL} ashaka kwisuzumisha.,Mu rugo hari umuntu urwaye igituntu kandi ndashaka kwisuzumisha.
"Ndakeneye ubufasha, mu rugo hari umuntu urwaye igituntu kandi umugabo wanjye ashaka kwisuzumisha kuva hashize iminsi itatu kandi sinshobora gusinzira. Nkora iki?",kinyarwanda,URGENT,preventive,kinyarwanda->kinyarwanda:URGENT:preventive,Mu rugo hari umuntu urwaye igituntu kandi {REL} ashaka kwisuzumisha.,Mu rugo hari umuntu urwaye igituntu kandi ndashaka kwisuzumisha.
"Muganga, mushiki wanjye yabyimbye ibirenge kandi ntashobora guhumeka neza iyo aragaramye kuva mu masaha abiri ashize kandi birushaho kuba bibi. Urakoze.",kinyarwanda,URGENT,chronic_care,kinyarwanda->kinyarwanda:URGENT:chronic_care,{REL} yabyimbye ibirenge kandi ntashobora guhumeka neza iyo aragaramye.,Nabyimbye ibirenge kandi sinshobora guhumeka neza iyo ndagaramye.
"Muraho, mfite igisebe ku kirenge kidakira kandi mfite diyabete kandi sinshobora gusinzira. Ni imiti ki nafata?",kinyarwanda,URGENT,chronic_care,kinyarwanda->kinyarwanda:URGENT:chronic_care,Mfite igisebe ku kirenge kidakira kandi mfite diyabete.,Mfite igisebe ku kirenge kidakira kandi mfite diyabete.
"Mumbabarire, ndashaka kubabwira ikibazo mfite. Ndatwite kandi nagagaye kuva ijoro ryashize kandi ndahangayitse. Ntabasha kubona amafaranga yo kongera kuza kwa muganga.",kinyarwanda,CRITICAL,obstetric,kinyarwanda->kinyarwanda:CRITICAL:obstetric,Ndatwite kandi nagagaye.,Ndatwite kandi nagagaye.
"Muraho, ndashaka kugirwa inama ku mazi yo kunywa nta miti imfasha. Ese ibi birakomeye?",kinyarwanda,ROUTINE,preventive,kinyarwanda->kinyarwanda:ROUTINE:preventive,Ndashaka kugirwa inama ku mazi yo kunywa.,Ndashaka kugirwa inama ku mazi yo kunywa.
"Simbizi niba bikomeye ariko, umugabo wanjye ahumeka bimugora cyane kandi iminwa ye yahindutse ibara kuva mu masaha abiri ashize bikarushaho nijoro. Ntabasha kubona amafaranga yo kongera kuza kwa muganga.",kinyarwanda,CRITICAL,cardiac_respiratory,kinyarwanda->kinyarwanda:CRITICAL:cardiac_respiratory,{REL} ahumeka bimugora cyane kandi iminwa ye yahindutse ibara.,guhumeka birangora cyane kandi iminwa yanjye yahindutse ibara
"Mumbabarire, ndashaka kubabwira ikibazo mfite. Umuturanyi wanjye afite impiswi zikomeye kandi yagize umwuma kuva ejo biragenda bikagaruka. Ni imiti ki nafata?",kinyarwanda,CRITICAL,gastrointestinal,kinyarwanda->kinyarwanda:CRITICAL:gastrointestinal,{REL} afite impiswi zikomeye kandi yagize umwuma.,{REL} afite impiswi zikomeye kandi yagize umwuma.
Ndashaka kukubwira ikibazo mfite. Maze iminsi itatu ndwaye impiswi zikomeye kuva ejo. Abandi bana na bo bafite iki kibazo. Ni imiti ki nafata?,kinyarwanda,URGENT,gastrointestinal,kinyarwanda->kinyarwanda:URGENT:gastrointestinal,maze iminsi itatu ndwaye impiswi zikomeye,maze iminsi itatu ndwaye impiswi zikomeye
"Ndakeneye ubufasha, mfite ikibazo ku mutwe kandi kirimo guterwa n'urumuri kuva hashize iminsi itatu kandi sinshobora gusinzira. Ni imiti ki nafata?",kinyarwanda,URGENT,neurological,kinyarwanda->kinyarwanda:URGENT:neurological,Mfite ikibazo ku mutwe kandi kirimo guterwa n'urumuri.,Mfite ikibazo ku mutwe kandi kirimo guterwa n'urumuri.
Umugore wanjye ari kubyara ariko umugozi w'umwana wabanje gusohoka kuva ijoro ryashize kandi nta miti mfite. Ntabasha kubona amafaranga yo kongera kuza kwa muganga.,kinyarwanda,CRITICAL,obstetric,kinyarwanda->kinyarwanda:CRITICAL:obstetric,{REL} ari kubyara ariko umugozi w'umwana wabanje gusohoka.,Ndabyara ariko habanje gusohoka umugozi w'umwana.
"Naje hano mbere, mfite ikibazo ku mutwe kandi kirimo guterwa n'urumuri kuva ejo biragenda bikagaruka",kinyarwanda,URGENT,neurological,kinyarwanda->kinyarwanda:URGENT:neurological,Mfite ikibazo ku mutwe kandi kirimo guterwa n'urumuri.,Mfite ikibazo ku mutwe kandi kirimo guterwa n'urumuri.
"Mfasha, mfite igisebe ku kirenge kidakira kandi mfite diyabete kuva mu masaha abiri ashize kandi birushaho kuba bibi. Urakoze.",kinyarwanda,URGENT,chronic_care,kinyarwanda->kinyarwanda:URGENT:chronic_care,Mfite igisebe ku kirenge kidakira kandi mfite diyabete.,Mfite igisebe ku kirenge kidakira kandi mfite diyabete.
Mu rugo hari umuntu urwaye igituntu kandi papa ashaka kwisuzumisha kuva hashize iminsi ibiri. Byatangiye gitunguranye. Naje mvuye kure.,kinyarwanda,URGENT,preventive,kinyarwanda->kinyarwanda:URGENT:preventive,Mu rugo hari umuntu urwaye igituntu kandi {REL} ashaka kwisuzumisha.,Mu rugo hari umuntu urwaye igituntu kandi ndashaka kwisuzumisha.
"Nyabuneka, mushiki wanjye ari kubyara ariko umugozi w'umwana wabanje gusohoka kuva ijoro ryashize. Abandi bana na bo bafite iki kibazo.",kinyarwanda,CRITICAL,obstetric,kinyarwanda->kinyarwanda:CRITICAL:obstetric,{REL} ari kubyara ariko umugozi w'umwana wabanje gusohoka.,Ndabyara ariko habanje gusohoka umugozi w'umwana.
"Mfasha, umukecuru nta miti ya SIDA afite kuva hashize iminsi itatu kandi nta miti mfite. Naje mvuye kure.",kinyarwanda,URGENT,chronic_care,kinyarwanda->kinyarwanda:URGENT:chronic_care,{REL} nta miti ya SIDA afite.,Nta miti ya SIDA mfite.
"Ndakeneye ubufasha, umugore wanjye afite ibimenyetso bya malariya, umuriro n'imbeho kuva mu cyumweru gishize. Abandi bana na bo bafite iki kibazo. Murakoze.",kinyarwanda,URGENT,infectious_fever,kinyarwanda->kinyarwanda:URGENT:infectious_fever,"{REL} afite ibimenyetso bya malariya, umuriro n'imbeho.","Mfite ibimenyetso bya malariya, umuriro n'imbeho."
"Ndakeneye ubufasha, mu rugo hari umuntu urwaye igituntu kandi umwana wanjye ashaka kwisuzumisha kuva hashize icyumweru. Abandi bana na bo bafite iki kibazo. Ni imiti ki nafata?",kinyarwanda,URGENT,preventive,kinyarwanda->kinyarwanda:URGENT:preventive,Mu rugo hari umuntu urwaye igituntu kandi {REL} ashaka kwisuzumisha.,Mu rugo hari umuntu urwaye igituntu kandi ndashaka kwisuzumisha.
"Naje hano mbere, maze umunsi wose mbabara ngerageza kubyara ariko umwana ntarasohoka kuva mu cyumweru gishize biragenda bikagaruka. Mfasha muganga.",kinyarwanda,CRITICAL,obstetric,kinyarwanda->kinyarwanda:CRITICAL:obstetric,Maze umunsi wose mbabara ngerageza kubyara ariko umwana ntarasohoka.,Maze umunsi wose mbabara ngerageza kubyara ariko umwana ntarasohoka.
"Mumbabarire, ndashaka kubabwira ikibazo mfite. Mfite umuhaha kuva ejo",kinyarwanda,URGENT,paediatric,kinyarwanda->kinyarwanda:URGENT:paediatric,Mfite umuhaha.,Mfite umuhaha.
"Nyabuneka, umugabo wanjye nta miti ya SIDA afite kuva hashize iminsi itatu. Byatangiye gitunguranye.",kinyarwanda,URGENT,chronic_care,kinyarwanda->kinyarwanda:URGENT:chronic_care,{REL} nta miti ya SIDA afite.,Nta miti ya SIDA mfite.
"Mumbabarire, ndashaka kubabwira ikibazo mfite. Umwana wanjye yabyimbye ibirenge kandi ntashobora guhumeka neza iyo aragaramye kuva ijoro ryashize nta miti imfasha. Murakoze.",kinyarwanda,URGENT,chronic_care,kinyarwanda->kinyarwanda:URGENT:chronic_care,{REL} yabyimbye ibirenge kandi ntashobora guhumeka neza iyo aragaramye.,Nabyimbye ibirenge kandi sinshobora guhumeka neza iyo ndagaramye.
"Mfasha vuba, umugore wanjye afite igisebe ku kirenge kidakira kandi afite diyabete kandi nta miti mfite. Ntabasha kubona amafaranga yo kongera kuza kwa muganga.",kinyarwanda,URGENT,chronic_care,kinyarwanda->kinyarwanda:URGENT:chronic_care,{REL} afite igisebe ku kirenge kidakira kandi afite diyabete.,Mfite igisebe ku kirenge kidakira kandi mfite diyabete.
"Mumbabarire, ndashaka kubabwira ikibazo mfite. Umuturanyi wanjye afite ibimenyetso bya malariya, umuriro n'imbeho kuva mu gitondo biragenda bikagaruka. Ese ibi birakomeye?",kinyarwanda,URGENT,infectious_fever,kinyarwanda->kinyarwanda:URGENT:infectious_fever,"{REL} afite ibimenyetso bya malariya, umuriro n'imbeho.","Mfite ibimenyetso bya malariya, umuriro n'imbeho."
Umugore wanjye ari kubyara ariko umugozi w'umwana wabanje gusohoka kuva mu cyumweru gishize biragenda bikagaruka. Ntabasha kubona amafaranga yo kongera kuza kwa muganga.,kinyarwanda,CRITICAL,obstetric,kinyarwanda->kinyarwanda:CRITICAL:obstetric,{REL} ari kubyara ariko umugozi w'umwana wabanje gusohoka.,Ndabyara ariko habanje gusohoka umugozi w'umwana.
"Nzanye umwana wanjye, ndashaka kugirwa inama ku mazi yo kunywa kuva ejo. Byatangiye gitunguranye. Ntegereze cyangwa nsuzumwe ubu?",kinyarwanda,ROUTINE,preventive,kinyarwanda->kinyarwanda:ROUTINE:preventive,Ndashaka kugirwa inama ku mazi yo kunywa.,Ndashaka kugirwa inama ku mazi yo kunywa.
"Muganga, umuvuduko w'amaraso wanjye wazamutse cyane kandi umutwe urandya cyane kuva hashize iminsi itatu kandi ndahangayitse. Ntabasha kubona amafaranga yo kongera kuza kwa muganga.",kinyarwanda,URGENT,chronic_care,kinyarwanda->kinyarwanda:URGENT:chronic_care,Umuvuduko w'amaraso wanjye wazamutse cyane kandi umutwe urandya cyane.,Umuvuduko w'amaraso wanjye wazamutse cyane kandi umutwe urandya cyane.
"Muraho, umuturanyi wanjye yabyimbye ibirenge kandi ntashobora guhumeka neza iyo aragaramye kuva hashize iminsi itatu. Abandi bana na bo bafite iki kibazo. Ntabasha kubona amafaranga yo kongera kuza kwa muganga.",kinyarwanda,URGENT,chronic_care,kinyarwanda->kinyarwanda:URGENT:chronic_care,{REL} yabyimbye ibirenge kandi ntashobora guhumeka neza iyo aragaramye.,Nabyimbye ibirenge kandi sinshobora guhumeka neza iyo ndagaramye.
"Muganga, mama ari kubyara ariko umugozi w'umwana wabanje gusohoka kuva mu gitondo kandi sinshobora gusinzira. Naje mvuye kure.",kinyarwanda,CRITICAL,obstetric,kinyarwanda->kinyarwanda:CRITICAL:obstetric,{REL} ari kubyara ariko umugozi w'umwana wabanje gusohoka.,Ndabyara ariko habanje gusohoka umugozi w'umwana.
"Naje hano mbere, iyo mama ahumetse cyane, arumva mu gituza hamubabaza kuva mu gitondo kandi sinshobora gusinzira. Nkora iki?",kinyarwanda,URGENT,cardiac_respiratory,kinyarwanda->kinyarwanda:URGENT:cardiac_respiratory,"Iyo {REL} ahumetse cyane, arumva mu gituza hamubabaza.","Iyo {REL} ahumetse cyane, arumva mu gituza hamubabaza."
Umuturanyi wanjye arababara cyane mu nda kandi ububabare ntibuhagarara nta miti imfasha. Mfasha muganga.,kinyarwanda,URGENT,gastrointestinal,kinyarwanda->kinyarwanda:URGENT:gastrointestinal,{REL} arababara cyane mu nda kandi ububabare ntibuhagarara.,Inda irandya cyane kandi ububabare ntibuhagarara.
"Naje hano mbere, umugabo wanjye afite ibimenyetso bya malariya, umuriro n'imbeho kuva mu gitondo kandi nta miti mfite. Ntegereze cyangwa nsuzumwe ubu?",kinyarwanda,URGENT,infectious_fever,kinyarwanda->kinyarwanda:URGENT:infectious_fever,"{REL} afite ibimenyetso bya malariya, umuriro n'imbeho.","Mfite ibimenyetso bya malariya, umuriro n'imbeho."
"Simbizi niba bikomeye ariko, papa afite gahunda yo gukingiza umwana kuva hashize iminsi ibiri kandi ndahangayitse. Urakoze.",kinyarwanda,ROUTINE,preventive,kinyarwanda->kinyarwanda:ROUTINE:preventive,{REL} afite gahunda yo gukingiza umwana.,Mfite gahunda yo gukingiza umwana.
"Simbizi niba bikomeye ariko, mu rugo hari umuntu urwaye igituntu kandi ndashaka kwisuzumisha kuva hashize iminsi ibiri kandi ndahangayitse",kinyarwanda,URGENT,preventive,kinyarwanda->kinyarwanda:URGENT:preventive,Mu rugo hari umuntu urwaye igituntu kandi ndashaka kwisuzumisha.,Mu rugo hari umuntu urwaye igituntu kandi ndashaka kwisuzumisha.
"Nyabuneka, umugore wanjye afite gahunda yo gukingiza umwana kuva mu masaha abiri ashize. Byatangiye gitunguranye. Ntabasha kubona amafaranga yo kongera kuza kwa muganga.",kinyarwanda,ROUTINE,preventive,kinyarwanda->kinyarwanda:ROUTINE:preventive,{REL} afite gahunda yo gukingiza umwana.,Mfite gahunda yo gukingiza umwana.
"Nzanye umwana wanjye, mu rugo hari umuntu urwaye igituntu kandi ndashaka kwisuzumisha kuva hashize icyumweru bikarushaho nijoro. Ese ibi birakomeye?",kinyarwanda,URGENT,preventive,kinyarwanda->kinyarwanda:URGENT:preventive,Mu rugo hari umuntu urwaye igituntu kandi ndashaka kwisuzumisha.,Mu rugo hari umuntu urwaye igituntu kandi ndashaka kwisuzumisha.
"Muraho, ndatwite kandi nagagaye kuva hashize iminsi ibiri bikarushaho nijoro",kinyarwanda,CRITICAL,obstetric,kinyarwanda->kinyarwanda:CRITICAL:obstetric,Ndatwite kandi nagagaye.,Ndatwite kandi nagagaye.
"Ndakeneye ubufasha, umugabo wanjye afite gahunda yo gukingiza umwana kuva hashize icyumweru nta miti imfasha. Mfasha muganga.",kinyarwanda,ROUTINE,preventive,kinyarwanda->kinyarwanda:ROUTINE:preventive,{REL} afite gahunda yo gukingiza umwana.,Mfite gahunda yo gukingiza umwana.
"Ndakeneye ubufasha, umuturanyi wanjye afite gahunda yo gukingiza umwana kuva mu cyumweru gishize nta miti imfasha. Murakoze.",kinyarwanda,ROUTINE,preventive,kinyarwanda->kinyarwanda:ROUTINE:preventive,{REL} afite gahunda yo gukingiza umwana.,Mfite gahunda yo gukingiza umwana.
"Naje hano mbere, mfite igisebe ku kirenge kidakira kandi mfite diyabete kuva ubu gitondo cya kare. Abandi bana na bo bafite iki kibazo. Murakoze.",kinyarwanda,URGENT,chronic_care,kinyarwanda->kinyarwanda:URGENT:chronic_care,Mfite igisebe ku kirenge kidakira kandi mfite diyabete.,Mfite igisebe ku kirenge kidakira kandi mfite diyabete.
"Naje hano mbere, iyo mushiki wanjye ahumetse cyane, arumva mu gituza hamubabaza kuva hashize iminsi ibiri bikarushaho nijoro. Ntegereze cyangwa nsuzumwe ubu?",kinyarwanda,URGENT,cardiac_respiratory,kinyarwanda->kinyarwanda:URGENT:cardiac_respiratory,"Iyo {REL} ahumetse cyane, arumva mu gituza hamubabaza.","Iyo {REL} ahumetse cyane, arumva mu gituza hamubabaza."
"Simbizi niba bikomeye ariko, umuturanyi wanjye arababara cyane mu nda kandi ububabare ntibuhagarara kuva mu masaha abiri ashize. Byatangiye gitunguranye. Ntegereze cyangwa nsuzumwe ubu?",kinyarwanda,URGENT,gastrointestinal,kinyarwanda->kinyarwanda:URGENT:gastrointestinal,{REL} arababara cyane mu nda kandi ububabare ntibuhagarara.,Inda irandya cyane kandi ububabare ntibuhagarara.
"Simbizi niba bikomeye ariko, umugore wanjye ahumeka bimugora cyane kandi iminwa ye yahindutse ibara kuva ubu gitondo cya kare. Abandi bana na bo bafite iki kibazo. Ndakeneye ubufasha vuba.",kinyarwanda,CRITICAL,cardiac_respiratory,kinyarwanda->kinyarwanda:CRITICAL:cardiac_respiratory,{REL} ahumeka bimugora cyane kandi iminwa ye yahindutse ibara.,guhumeka birangora cyane kandi iminwa yanjye yahindutse ibara
Mu rugo hari umuntu urwaye igituntu kandi ndashaka kwisuzumisha kuva ijoro ryashize kandi sinshobora gusinzira. Mfasha muganga.,kinyarwanda,URGENT,preventive,kinyarwanda->kinyarwanda:URGENT:preventive,Mu rugo hari umuntu urwaye igituntu kandi ndashaka kwisuzumisha.,Mu rugo hari umuntu urwaye igituntu kandi ndashaka kwisuzumisha.
"Muganga, umukecuru afite ibimenyetso bya malariya, umuriro n'imbeho kuva ijoro ryashize biragenda bikagaruka. Ntegereze cyangwa nsuzumwe ubu?",kinyarwanda,URGENT,infectious_fever,kinyarwanda->kinyarwanda:URGENT:infectious_fever,"{REL} afite ibimenyetso bya malariya, umuriro n'imbeho.","Mfite ibimenyetso bya malariya, umuriro n'imbeho."
"Muraho, mu rugo hari umuntu urwaye igituntu kandi umukecuru ashaka kwisuzumisha kuva mu masaha abiri ashize bikarushaho nijoro. Ntegereze cyangwa nsuzumwe ubu?",kinyarwanda,URGENT,preventive,kinyarwanda->kinyarwanda:URGENT:preventive,Mu rugo hari umuntu urwaye igituntu kandi {REL} ashaka kwisuzumisha.,Mu rugo hari umuntu urwaye igituntu kandi ndashaka kwisuzumisha.
"Ndakeneye ubufasha, maze iminsi itatu ndwaye impiswi zikomeye kuva ijoro ryashize biragenda bikagaruka. Nkora iki?",kinyarwanda,URGENT,gastrointestinal,kinyarwanda->kinyarwanda:URGENT:gastrointestinal,maze iminsi itatu ndwaye impiswi zikomeye,maze iminsi itatu ndwaye impiswi zikomeye
"Simbizi niba bikomeye ariko, maze umunsi wose mbabara ngerageza kubyara ariko umwana ntarasohoka kuva ejo kandi ndahangayitse. Ese ibi birakomeye?",kinyarwanda,CRITICAL,obstetric,kinyarwanda->kinyarwanda:CRITICAL:obstetric,Maze umunsi wose mbabara ngerageza kubyara ariko umwana ntarasohoka.,Maze umunsi wose mbabara ngerageza kubyara ariko umwana ntarasohoka.
"Nyabuneka, umugore wanjye afite ibimenyetso bya malariya, umuriro n'imbeho kuva mu gitondo. Abandi bana na bo bafite iki kibazo. Ntegereze cyangwa nsuzumwe ubu?",kinyarwanda,URGENT,infectious_fever,kinyarwanda->kinyarwanda:URGENT:infectious_fever,"{REL} afite ibimenyetso bya malariya, umuriro n'imbeho.","Mfite ibimenyetso bya malariya, umuriro n'imbeho."
"Nyabuneka, umugore wanjye afite gahunda yo gukingiza umwana kuva mu masaha abiri ashize kandi birushaho kuba bibi. Mfasha muganga.",kinyarwanda,ROUTINE,preventive,kinyarwanda->kinyarwanda:ROUTINE:preventive,{REL} afite gahunda yo gukingiza umwana.,Mfite gahunda yo gukingiza umwana.
"Mfasha vuba, mushiki wanjye afite gahunda yo gukingiza umwana kuva ijoro ryashize biragenda bikagaruka. Mfasha muganga.",kinyarwanda,ROUTINE,preventive,kinyarwanda->kinyarwanda:ROUTINE:preventive,{REL} afite gahunda yo gukingiza umwana.,Mfite gahunda yo gukingiza umwana.
"Mfasha vuba, mushiki wanjye arababara cyane mu nda kandi ububabare ntibuhagarara kuva ejo. Byatangiye gitunguranye.",kinyarwanda,URGENT,gastrointestinal,kinyarwanda->kinyarwanda:URGENT:gastrointestinal,{REL} arababara cyane mu nda kandi ububabare ntibuhagarara.,Inda irandya cyane kandi ububabare ntibuhagarara.
"Nyabuneka, mu rugo hari umuntu urwaye igituntu kandi ndashaka kwisuzumisha kuva hashize icyumweru kandi nta miti mfite. Ese ibi birakomeye?",kinyarwanda,URGENT,preventive,kinyarwanda->kinyarwanda:URGENT:preventive,Mu rugo hari umuntu urwaye igituntu kandi ndashaka kwisuzumisha.,Mu rugo hari umuntu urwaye igituntu kandi ndashaka kwisuzumisha.
"Ndakeneye ubufasha, iyo papa ahumetse cyane, arumva mu gituza hamubabaza kuva hashize icyumweru kandi sinshobora gusinzira. Ni imiti ki nafata?",kinyarwanda,URGENT,cardiac_respiratory,kinyarwanda->kinyarwanda:URGENT:cardiac_respiratory,"Iyo {REL} ahumetse cyane, arumva mu gituza hamubabaza.","Iyo {REL} ahumetse cyane, arumva mu gituza hamubabaza."
"Ndakeneye ubufasha, iyo umwana wanjye ahumetse cyane, arumva mu gituza hamubabaza kuva mu cyumweru gishize bikarushaho nijoro. Ese ibi birakomeye?",kinyarwanda,URGENT,cardiac_respiratory,kinyarwanda->kinyarwanda:URGENT:cardiac_respiratory,"Iyo {REL} ahumetse cyane, arumva mu gituza hamubabaza.","Iyo {REL} ahumetse cyane, arumva mu gituza hamubabaza."
"Muganga, ndatwite kandi nagagaye bikarushaho nijoro. Nkora iki?",kinyarwanda,CRITICAL,obstetric,kinyarwanda->kinyarwanda:CRITICAL:obstetric,Ndatwite kandi nagagaye.,Ndatwite kandi nagagaye.
"Nyabuneka, umugore wanjye afite ibimenyetso bya malariya, umuriro n'imbeho kuva hashize icyumweru bikarushaho nijoro. Ndakeneye ubufasha vuba.",kinyarwanda,URGENT,infectious_fever,kinyarwanda->kinyarwanda:URGENT:infectious_fever,"{REL} afite ibimenyetso bya malariya, umuriro n'imbeho.","Mfite ibimenyetso bya malariya, umuriro n'imbeho."
"Nzanye umwana wanjye, mfite ikibazo ku mutwe kandi kirimo guterwa n'urumuri kuva ejo kandi ndahangayitse. Naje mvuye kure.",kinyarwanda,URGENT,neurological,kinyarwanda->kinyarwanda:URGENT:neurological,Mfite ikibazo ku mutwe kandi kirimo guterwa n'urumuri.,Mfite ikibazo ku mutwe kandi kirimo guterwa n'urumuri.
"Nyabuneka, mfite igisebe ku kirenge kidakira kandi mfite diyabete. Ndakeneye ubufasha vuba.",kinyarwanda,URGENT,chronic_care,kinyarwanda->kinyarwanda:URGENT:chronic_care,Mfite igisebe ku kirenge kidakira kandi mfite diyabete.,Mfite igisebe ku kirenge kidakira kandi mfite diyabete.
Mfite igisebe ku kirenge kidakira kandi mfite diyabete kuva hashize iminsi itatu kandi nta miti mfite,kinyarwanda,URGENT,chronic_care,kinyarwanda->kinyarwanda:URGENT:chronic_care,Mfite igisebe ku kirenge kidakira kandi mfite diyabete.,Mfite igisebe ku kirenge kidakira kandi mfite diyabete.
"Muraho, umuturanyi wanjye afite ibimenyetso bya malariya, umuriro n'imbeho kuva ubu gitondo cya kare kandi sinshobora gusinzira. Murakoze.",kinyarwanda,URGENT,infectious_fever,kinyarwanda->kinyarwanda:URGENT:infectious_fever,"{REL} afite ibimenyetso bya malariya, umuriro n'imbeho.","Mfite ibimenyetso bya malariya, umuriro n'imbeho."
"Muraho, mu rugo hari umuntu urwaye igituntu kandi ndashaka kwisuzumisha kuva mu gitondo kandi nta miti mfite. Ntegereze cyangwa nsuzumwe ubu?",kinyarwanda,URGENT,preventive,kinyarwanda->kinyarwanda:URGENT:preventive,Mu rugo hari umuntu urwaye igituntu kandi ndashaka kwisuzumisha.,Mu rugo hari umuntu urwaye igituntu kandi ndashaka kwisuzumisha.
"Mumbabarire, ndashaka kubabwira ikibazo mfite. Papa yabyimbye ibirenge kandi ntashobora guhumeka neza iyo aragaramye kuva mu gitondo nta miti imfasha. Ni imiti ki nafata?",kinyarwanda,URGENT,chronic_care,kinyarwanda->kinyarwanda:URGENT:chronic_care,{REL} yabyimbye ibirenge kandi ntashobora guhumeka neza iyo aragaramye.,Nabyimbye ibirenge kandi sinshobora guhumeka neza iyo ndagaramye.
"Muganga, mu rugo hari umuntu urwaye igituntu kandi ndashaka kwisuzumisha kuva hashize icyumweru. Byatangiye gitunguranye. Ntabasha kubona amafaranga yo kongera kuza kwa muganga.",kinyarwanda,URGENT,preventive,kinyarwanda->kinyarwanda:URGENT:preventive,Mu rugo hari umuntu urwaye igituntu kandi ndashaka kwisuzumisha.,Mu rugo hari umuntu urwaye igituntu kandi ndashaka kwisuzumisha.
"Mumbabarire, ndashaka kubabwira ikibazo mfite. Umuturanyi wanjye ari kubyara ariko umugozi w'umwana wabanje gusohoka kuva ejo kandi birushaho kuba bibi. Ntegereze cyangwa nsuzumwe ubu?",kinyarwanda,CRITICAL,obstetric,kinyarwanda->kinyarwanda:CRITICAL:obstetric,{REL} ari kubyara ariko umugozi w'umwana wabanje gusohoka.,Ndabyara ariko habanje gusohoka umugozi w'umwana.
"Muganga, umukecuru afite igisebe ku kirenge kidakira kandi afite diyabete kuva ijoro ryashize. Byatangiye gitunguranye. Ni imiti ki nafata?",kinyarwanda,URGENT,chronic_care,kinyarwanda->kinyarwanda:URGENT:chronic_care,{REL} afite igisebe ku kirenge kidakira kandi afite diyabete.,Mfite igisebe ku kirenge kidakira kandi mfite diyabete.
"Mumbabarire, ndashaka kubabwira ikibazo mfite. Umugabo wanjye ahumeka bimugora cyane kandi iminwa ye yahindutse ibara kuva mu cyumweru gishize. Byatangiye gitunguranye. Ese ibi birakomeye?",kinyarwanda,CRITICAL,cardiac_respiratory,kinyarwanda->kinyarwanda:CRITICAL:cardiac_respiratory,{REL} ahumeka bimugora cyane kandi iminwa ye yahindutse ibara.,guhumeka birangora cyane kandi iminwa yanjye yahindutse ibara
"Nzanye umwana wanjye, umuturanyi wanjye arababara cyane mu nda kandi ububabare ntibuhagarara kuva hashize iminsi itatu bikarushaho nijoro. Ni imiti ki nafata?",kinyarwanda,URGENT,gastrointestinal,kinyarwanda->kinyarwanda:URGENT:gastrointestinal,{REL} arababara cyane mu nda kandi ububabare ntibuhagarara.,Inda irandya cyane kandi ububabare ntibuhagarara.
"Mumbabarire, ndashaka kubabwira ikibazo mfite. Maze umunsi wose mbabara ngerageza kubyara ariko umwana ntarasohoka kuva mu gitondo nta miti imfasha. Ntabasha kubona amafaranga yo kongera kuza kwa muganga.",kinyarwanda,CRITICAL,obstetric,kinyarwanda->kinyarwanda:CRITICAL:obstetric,Maze umunsi wose mbabara ngerageza kubyara ariko umwana ntarasohoka.,Maze umunsi wose mbabara ngerageza kubyara ariko umwana ntarasohoka.
"Simbizi niba bikomeye ariko, mu rugo hari umuntu urwaye igituntu kandi mama ashaka kwisuzumisha kuva ejo kandi nta miti mfite. Mfasha muganga.",kinyarwanda,URGENT,preventive,kinyarwanda->kinyarwanda:URGENT:preventive,Mu rugo hari umuntu urwaye igituntu kandi {REL} ashaka kwisuzumisha.,Mu rugo hari umuntu urwaye igituntu kandi ndashaka kwisuzumisha.
"Mfasha, ndatwite kandi nagagaye kuva ejo kandi nta miti mfite. Ese ibi birakomeye?",kinyarwanda,CRITICAL,obstetric,kinyarwanda->kinyarwanda:CRITICAL:obstetric,Ndatwite kandi nagagaye.,Ndatwite kandi nagagaye.
Ndashaka kukubwira ikibazo mfite. Mama afite igisebe ku kirenge kidakira kandi afite diyabete kuva ejo nta miti imfasha,kinyarwanda,URGENT,chronic_care,kinyarwanda->kinyarwanda:URGENT:chronic_care,{REL} afite igisebe ku kirenge kidakira kandi afite diyabete.,Mfite igisebe ku kirenge kidakira kandi mfite diyabete.
"Nyabuneka, papa afite impiswi zikomeye kandi yagize umwuma kuva ejo biragenda bikagaruka. Naje mvuye kure.",kinyarwanda,CRITICAL,gastrointestinal,kinyarwanda->kinyarwanda:CRITICAL:gastrointestinal,{REL} afite impiswi zikomeye kandi yagize umwuma.,{REL} afite impiswi zikomeye kandi yagize umwuma.
"Mfasha, umukecuru afite ibimenyetso bya malariya, umuriro n'imbeho kuva mu gitondo biragenda bikagaruka. Ni imiti ki nafata?",kinyarwanda,URGENT,infectious_fever,kinyarwanda->kinyarwanda:URGENT:infectious_fever,"{REL} afite ibimenyetso bya malariya, umuriro n'imbeho.","Mfite ibimenyetso bya malariya, umuriro n'imbeho."
"Simbizi niba bikomeye ariko, umugabo wanjye afite gahunda yo gukingiza umwana kandi ndahangayitse. Murakoze.",kinyarwanda,ROUTINE,preventive,kinyarwanda->kinyarwanda:ROUTINE:preventive,{REL} afite gahunda yo gukingiza umwana.,Mfite gahunda yo gukingiza umwana.
"Muraho, mu rugo hari umuntu urwaye igituntu kandi ndashaka kwisuzumisha kuva hashize iminsi ibiri kandi nta miti mfite. Murakoze.",kinyarwanda,URGENT,preventive,kinyarwanda->kinyarwanda:URGENT:preventive,Mu rugo hari umuntu urwaye igituntu kandi ndashaka kwisuzumisha.,Mu rugo hari umuntu urwaye igituntu kandi ndashaka kwisuzumisha.
"Muraho, mu rugo hari umuntu urwaye igituntu kandi umuturanyi wanjye ashaka kwisuzumisha kuva ubu gitondo cya kare bikarushaho nijoro. Ni imiti ki nafata?",kinyarwanda,URGENT,preventive,kinyarwanda->kinyarwanda:URGENT:preventive,Mu rugo hari umuntu urwaye igituntu kandi {REL} ashaka kwisuzumisha.,Mu rugo hari umuntu urwaye igituntu kandi ndashaka kwisuzumisha.
"Naje hano mbere, mfite ikibazo ku mutwe kandi kirimo guterwa n'urumuri kuva mu cyumweru gishize kandi nta miti mfite. Murakoze.",kinyarwanda,URGENT,neurological,kinyarwanda->kinyarwanda:URGENT:neurological,Mfite ikibazo ku mutwe kandi kirimo guterwa n'urumuri.,Mfite ikibazo ku mutwe kandi kirimo guterwa n'urumuri.
"Simbizi niba bikomeye ariko, umugabo wanjye afite gahunda yo gukingiza umwana kandi ndahangayitse. Nkora iki?",kinyarwanda,ROUTINE,preventive,kinyarwanda->kinyarwanda:ROUTINE:preventive,{REL} afite gahunda yo gukingiza umwana.,Mfite gahunda yo gukingiza umwana.
"Iyo papa ahumetse cyane, arumva mu gituza hamubabaza kuva hashize iminsi ibiri kandi ndahangayitse. Ndakeneye ubufasha vuba.",kinyarwanda,URGENT,cardiac_respiratory,kinyarwanda->kinyarwanda:URGENT:cardiac_respiratory,"Iyo {REL} ahumetse cyane, arumva mu gituza hamubabaza.","Iyo {REL} ahumetse cyane, arumva mu gituza hamubabaza."
"Ndakeneye ubufasha, umuvuduko w'amaraso wanjye wazamutse cyane kandi umutwe urandya cyane kuva ijoro ryashize kandi nta miti mfite. Urakoze.",kinyarwanda,URGENT,chronic_care,kinyarwanda->kinyarwanda:URGENT:chronic_care,Umuvuduko w'amaraso wanjye wazamutse cyane kandi umutwe urandya cyane.,Umuvuduko w'amaraso wanjye wazamutse cyane kandi umutwe urandya cyane.
"Mfasha vuba, mfite igisebe ku kirenge kidakira kandi mfite diyabete kuva mu gitondo kandi ndahangayitse. Ese ibi birakomeye?",kinyarwanda,URGENT,chronic_care,kinyarwanda->kinyarwanda:URGENT:chronic_care,Mfite igisebe ku kirenge kidakira kandi mfite diyabete.,Mfite igisebe ku kirenge kidakira kandi mfite diyabete.
"Naje hano mbere, umuvuduko w'amaraso wanjye wazamutse cyane kandi umutwe urandya cyane kuva ijoro ryashize kandi ndahangayitse. Mfasha muganga.",kinyarwanda,URGENT,chronic_care,kinyarwanda->kinyarwanda:URGENT:chronic_care,Umuvuduko w'amaraso wanjye wazamutse cyane kandi umutwe urandya cyane.,Umuvuduko w'amaraso wanjye wazamutse cyane kandi umutwe urandya cyane.
Ndashaka kukubwira ikibazo mfite. Maze iminsi itatu ndwaye impiswi zikomeye kuva hashize iminsi ibiri biragenda bikagaruka. Ntabasha kubona amafaranga yo kongera kuza kwa muganga.,kinyarwanda,URGENT,gastrointestinal,kinyarwanda->kinyarwanda:URGENT:gastrointestinal,maze iminsi itatu ndwaye impiswi zikomeye,maze iminsi itatu ndwaye impiswi zikomeye
"Ndakeneye ubufasha, maze umunsi wose mbabara ngerageza kubyara ariko umwana ntarasohoka kuva mu masaha abiri ashize kandi ndahangayitse. Ntabasha kubona amafaranga yo kongera kuza kwa muganga.",kinyarwanda,CRITICAL,obstetric,kinyarwanda->kinyarwanda:CRITICAL:obstetric,Maze umunsi wose mbabara ngerageza kubyara ariko umwana ntarasohoka.,Maze umunsi wose mbabara ngerageza kubyara ariko umwana ntarasohoka.
"Mfasha, umukecuru afite ibimenyetso bya malariya, umuriro n'imbeho kuva hashize iminsi ibiri. Abandi bana na bo bafite iki kibazo. Naje mvuye kure.",kinyarwanda,URGENT,infectious_fever,kinyarwanda->kinyarwanda:URGENT:infectious_fever,"{REL} afite ibimenyetso bya malariya, umuriro n'imbeho.","Mfite ibimenyetso bya malariya, umuriro n'imbeho."
"Simbizi niba bikomeye ariko, umugabo wanjye arababara cyane mu nda kandi ububabare ntibuhagarara nta miti imfasha. Mfasha muganga.",kinyarwanda,URGENT,gastrointestinal,kinyarwanda->kinyarwanda:URGENT:gastrointestinal,{REL} arababara cyane mu nda kandi ububabare ntibuhagarara.,Inda irandya cyane kandi ububabare ntibuhagarara.
Ndashaka kukubwira ikibazo mfite. Umwana wanjye yabyimbye ibirenge kandi ntashobora guhumeka neza iyo aragaramye kuva mu cyumweru gishize. Mfasha muganga.,kinyarwanda,URGENT,chronic_care,kinyarwanda->kinyarwanda:URGENT:chronic_care,{REL} yabyimbye ibirenge kandi ntashobora guhumeka neza iyo aragaramye.,Nabyimbye ibirenge kandi sinshobora guhumeka neza iyo ndagaramye.
"Mumbabarire, ndashaka kubabwira ikibazo mfite. Mu rugo hari umuntu urwaye igituntu kandi ndashaka kwisuzumisha kuva mu gitondo kandi ndahangayitse",kinyarwanda,URGENT,preventive,kinyarwanda->kinyarwanda:URGENT:preventive,Mu rugo hari umuntu urwaye igituntu kandi ndashaka kwisuzumisha.,Mu rugo hari umuntu urwaye igituntu kandi ndashaka kwisuzumisha.
"Mumbabarire, ndashaka kubabwira ikibazo mfite. Mfite umuhaha kuva mu cyumweru gishize kandi birushaho kuba bibi. Mfasha muganga.",kinyarwanda,URGENT,paediatric,kinyarwanda->kinyarwanda:URGENT:paediatric,Mfite umuhaha.,Mfite umuhaha.
"Muraho, papa ahumeka bimugora cyane kandi iminwa ye yahindutse ibara kuva mu cyumweru gishize. Byatangiye gitunguranye. Ndakeneye ubufasha vuba.",kinyarwanda,CRITICAL,cardiac_respiratory,kinyarwanda->kinyarwanda:CRITICAL:cardiac_respiratory,{REL} ahumeka bimugora cyane kandi iminwa ye yahindutse ibara.,guhumeka birangora cyane kandi iminwa yanjye yahindutse ibara
"Mfasha, umwana wanjye ahumeka bimugora cyane kandi iminwa ye yahindutse ibara kuva mu gitondo kandi birushaho kuba bibi. Naje mvuye kure.",kinyarwanda,CRITICAL,cardiac_respiratory,kinyarwanda->kinyarwanda:CRITICAL:cardiac_respiratory,{REL} ahumeka bimugora cyane kandi iminwa ye yahindutse ibara.,guhumeka birangora cyane kandi iminwa yanjye yahindutse ibara
Ndashaka kukubwira ikibazo mfite. Mfite igisebe ku kirenge kidakira kandi mfite diyabete kuva mu gitondo biragenda bikagaruka. Ni imiti ki nafata?,kinyarwanda,URGENT,chronic_care,kinyarwanda->kinyarwanda:URGENT:chronic_care,Mfite igisebe ku kirenge kidakira kandi mfite diyabete.,Mfite igisebe ku kirenge kidakira kandi mfite diyabete.
"Nyabuneka, mfite igisebe ku kirenge kidakira kandi mfite diyabete kuva mu masaha abiri ashize kandi sinshobora gusinzira. Murakoze.",kinyarwanda,URGENT,chronic_care,kinyarwanda->kinyarwanda:URGENT:chronic_care,Mfite igisebe ku kirenge kidakira kandi mfite diyabete.,Mfite igisebe ku kirenge kidakira kandi mfite diyabete.
Umuturanyi wanjye yabyimbye ibirenge kandi ntashobora guhumeka neza iyo aragaramye kuva hashize iminsi itatu nta miti imfasha. Ndakeneye ubufasha vuba.,kinyarwanda,URGENT,chronic_care,kinyarwanda->kinyarwanda:URGENT:chronic_care,{REL} yabyimbye ibirenge kandi ntashobora guhumeka neza iyo aragaramye.,Nabyimbye ibirenge kandi sinshobora guhumeka neza iyo ndagaramye.
"Simbizi niba bikomeye ariko, maze iminsi itatu ndwaye impiswi zikomeye kuva ejo kandi nta miti mfite. Naje mvuye kure.",kinyarwanda,URGENT,gastrointestinal,kinyarwanda->kinyarwanda:URGENT:gastrointestinal,maze iminsi itatu ndwaye impiswi zikomeye,maze iminsi itatu ndwaye impiswi zikomeye
"Mfasha, mfite umuhaha kuva hashize icyumweru kandi birushaho kuba bibi. Naje mvuye kure.",kinyarwanda,URGENT,paediatric,kinyarwanda->kinyarwanda:URGENT:paediatric,Mfite umuhaha.,Mfite umuhaha.
"Nzanye umwana wanjye, mfite umuhaha. Abandi bana na bo bafite iki kibazo. Urakoze.",kinyarwanda,URGENT,paediatric,kinyarwanda->kinyarwanda:URGENT:paediatric,Mfite umuhaha.,Mfite umuhaha.
"Muganga, umugabo wanjye afite igisebe ku kirenge kidakira kandi afite diyabete kuva hashize iminsi itatu biragenda bikagaruka. Ni imiti ki nafata?",kinyarwanda,URGENT,chronic_care,kinyarwanda->kinyarwanda:URGENT:chronic_care,{REL} afite igisebe ku kirenge kidakira kandi afite diyabete.,Mfite igisebe ku kirenge kidakira kandi mfite diyabete.
"Naje hano mbere, umugore wanjye afite ibimenyetso bya malariya, umuriro n'imbeho kuva mu cyumweru gishize bikarushaho nijoro. Ese ibi birakomeye?",kinyarwanda,URGENT,infectious_fever,kinyarwanda->kinyarwanda:URGENT:infectious_fever,"{REL} afite ibimenyetso bya malariya, umuriro n'imbeho.","Mfite ibimenyetso bya malariya, umuriro n'imbeho."
"Ndakeneye ubufasha, mushiki wanjye yabyimbye ibirenge kandi ntashobora guhumeka neza iyo aragaramye kuva hashize iminsi itatu biragenda bikagaruka. Murakoze.",kinyarwanda,URGENT,chronic_care,kinyarwanda->kinyarwanda:URGENT:chronic_care,{REL} yabyimbye ibirenge kandi ntashobora guhumeka neza iyo aragaramye.,Nabyimbye ibirenge kandi sinshobora guhumeka neza iyo ndagaramye.
"Naje hano mbere, mama afite gahunda yo gukingiza umwana kandi nta miti mfite. Ndakeneye ubufasha vuba.",kinyarwanda,ROUTINE,preventive,kinyarwanda->kinyarwanda:ROUTINE:preventive,{REL} afite gahunda yo gukingiza umwana.,Mfite gahunda yo gukingiza umwana.
"Nyabuneka, umwana wanjye nta miti ya SIDA afite kuva mu cyumweru gishize kandi ndahangayitse. Mfasha muganga.",kinyarwanda,URGENT,chronic_care,kinyarwanda->kinyarwanda:URGENT:chronic_care,{REL} nta miti ya SIDA afite.,Nta miti ya SIDA mfite.
"Muraho, maze iminsi itatu ndwaye impiswi zikomeye kuva ubu gitondo cya kare. Byatangiye gitunguranye. Naje mvuye kure.",kinyarwanda,URGENT,gastrointestinal,kinyarwanda->kinyarwanda:URGENT:gastrointestinal,maze iminsi itatu ndwaye impiswi zikomeye,maze iminsi itatu ndwaye impiswi zikomeye
"Muganga, maze umunsi wose mbabara ngerageza kubyara ariko umwana ntarasohoka kuva hashize iminsi itatu. Abandi bana na bo bafite iki kibazo. Ndakeneye ubufasha vuba.",kinyarwanda,CRITICAL,obstetric,kinyarwanda->kinyarwanda:CRITICAL:obstetric,Maze umunsi wose mbabara ngerageza kubyara ariko umwana ntarasohoka.,Maze umunsi wose mbabara ngerageza kubyara ariko umwana ntarasohoka.
Ndashaka kukubwira ikibazo mfite. Umuvuduko w'amaraso wanjye wazamutse cyane kandi umutwe urandya cyane kuva mu gitondo nta miti imfasha. Murakoze.,kinyarwanda,URGENT,chronic_care,kinyarwanda->kinyarwanda:URGENT:chronic_care,Umuvuduko w'amaraso wanjye wazamutse cyane kandi umutwe urandya cyane.,Umuvuduko w'amaraso wanjye wazamutse cyane kandi umutwe urandya cyane.
"Mfasha, mushiki wanjye yabyimbye ibirenge kandi ntashobora guhumeka neza iyo aragaramye kuva ejo bikarushaho nijoro. Ni imiti ki nafata?",kinyarwanda,URGENT,chronic_care,kinyarwanda->kinyarwanda:URGENT:chronic_care,{REL} yabyimbye ibirenge kandi ntashobora guhumeka neza iyo aragaramye.,Nabyimbye ibirenge kandi sinshobora guhumeka neza iyo ndagaramye.
"Muganga, mu rugo hari umuntu urwaye igituntu kandi ndashaka kwisuzumisha kuva mu gitondo kandi nta miti mfite. Ntegereze cyangwa nsuzumwe ubu?",kinyarwanda,URGENT,preventive,kinyarwanda->kinyarwanda:URGENT:preventive,Mu rugo hari umuntu urwaye igituntu kandi ndashaka kwisuzumisha.,Mu rugo hari umuntu urwaye igituntu kandi ndashaka kwisuzumisha.
Ndashaka kukubwira ikibazo mfite. Ndashaka kugirwa inama ku mazi yo kunywa kuva hashize iminsi itatu biragenda bikagaruka. Naje mvuye kure.,kinyarwanda,ROUTINE,preventive,kinyarwanda->kinyarwanda:ROUTINE:preventive,Ndashaka kugirwa inama ku mazi yo kunywa.,Ndashaka kugirwa inama ku mazi yo kunywa.
"Mfasha, mushiki wanjye afite ibimenyetso bya malariya, umuriro n'imbeho kuva ejo",kinyarwanda,URGENT,infectious_fever,kinyarwanda->kinyarwanda:URGENT:infectious_fever,"{REL} afite ibimenyetso bya malariya, umuriro n'imbeho.","Mfite ibimenyetso bya malariya, umuriro n'imbeho."
"Mfasha vuba, ndashaka kugirwa inama ku mazi yo kunywa kuva hashize iminsi itatu bikarushaho nijoro. Nkora iki?",kinyarwanda,ROUTINE,preventive,kinyarwanda->kinyarwanda:ROUTINE:preventive,Ndashaka kugirwa inama ku mazi yo kunywa.,Ndashaka kugirwa inama ku mazi yo kunywa.
"Mfasha, umuvuduko w'amaraso wanjye wazamutse cyane kandi umutwe urandya cyane kuva ejo. Byatangiye gitunguranye. Naje mvuye kure.",kinyarwanda,URGENT,chronic_care,kinyarwanda->kinyarwanda:URGENT:chronic_care,Umuvuduko w'amaraso wanjye wazamutse cyane kandi umutwe urandya cyane.,Umuvuduko w'amaraso wanjye wazamutse cyane kandi umutwe urandya cyane.
"Simbizi niba bikomeye ariko, mushiki wanjye afite ibimenyetso bya malariya, umuriro n'imbeho. Ese ibi birakomeye?",kinyarwanda,URGENT,infectious_fever,kinyarwanda->kinyarwanda:URGENT:infectious_fever,"{REL} afite ibimenyetso bya malariya, umuriro n'imbeho.","Mfite ibimenyetso bya malariya, umuriro n'imbeho."
"Muganga, mushiki wanjye afite igisebe ku kirenge kidakira kandi afite diyabete kuva hashize iminsi ibiri kandi sinshobora gusinzira. Urakoze.",kinyarwanda,URGENT,chronic_care,kinyarwanda->kinyarwanda:URGENT:chronic_care,{REL} afite igisebe ku kirenge kidakira kandi afite diyabete.,Mfite igisebe ku kirenge kidakira kandi mfite diyabete.
"Ndashaka kukubwira ikibazo mfite. Mama afite ibimenyetso bya malariya, umuriro n'imbeho biragenda bikagaruka. Ni imiti ki nafata?",kinyarwanda,URGENT,infectious_fever,kinyarwanda->kinyarwanda:URGENT:infectious_fever,"{REL} afite ibimenyetso bya malariya, umuriro n'imbeho.","Mfite ibimenyetso bya malariya, umuriro n'imbeho."
"Simbizi niba bikomeye ariko, mfite umuhaha kuva ubu gitondo cya kare bikarushaho nijoro. Ese ibi birakomeye?",kinyarwanda,URGENT,paediatric,kinyarwanda->kinyarwanda:URGENT:paediatric,Mfite umuhaha.,Mfite umuhaha.
"Mfasha vuba, mama afite igisebe ku kirenge kidakira kandi afite diyabete kuva ejo biragenda bikagaruka. Ndakeneye ubufasha vuba.",kinyarwanda,URGENT,chronic_care,kinyarwanda->kinyarwanda:URGENT:chronic_care,{REL} afite igisebe ku kirenge kidakira kandi afite diyabete.,Mfite igisebe ku kirenge kidakira kandi mfite diyabete.
Mama afite gahunda yo gukingiza umwana kuva ejo kandi sinshobora gusinzira. Murakoze.,kinyarwanda,ROUTINE,preventive,kinyarwanda->kinyarwanda:ROUTINE:preventive,{REL} afite gahunda yo gukingiza umwana.,Mfite gahunda yo gukingiza umwana.
"Simbizi niba bikomeye ariko, mu rugo hari umuntu urwaye igituntu kandi ndashaka kwisuzumisha kandi birushaho kuba bibi. Naje mvuye kure.",kinyarwanda,URGENT,preventive,kinyarwanda->kinyarwanda:URGENT:preventive,Mu rugo hari umuntu urwaye igituntu kandi ndashaka kwisuzumisha.,Mu rugo hari umuntu urwaye igituntu kandi ndashaka kwisuzumisha.
"Mfasha, umugore wanjye afite igisebe ku kirenge kidakira kandi afite diyabete kuva mu masaha abiri ashize. Naje mvuye kure.",kinyarwanda,URGENT,chronic_care,kinyarwanda->kinyarwanda:URGENT:chronic_care,{REL} afite igisebe ku kirenge kidakira kandi afite diyabete.,Mfite igisebe ku kirenge kidakira kandi mfite diyabete.
"Simbizi niba bikomeye ariko, mfite ikibazo ku mutwe kandi kirimo guterwa n'urumuri kuva ejo kandi sinshobora gusinzira. Ni imiti ki nafata?",kinyarwanda,URGENT,neurological,kinyarwanda->kinyarwanda:URGENT:neurological,Mfite ikibazo ku mutwe kandi kirimo guterwa n'urumuri.,Mfite ikibazo ku mutwe kandi kirimo guterwa n'urumuri.
"Muganga, mfite ikibazo ku mutwe kandi kirimo guterwa n'urumuri kuva ejo kandi sinshobora gusinzira. Ese ibi birakomeye?",kinyarwanda,URGENT,neurological,kinyarwanda->kinyarwanda:URGENT:neurological,Mfite ikibazo ku mutwe kandi kirimo guterwa n'urumuri.,Mfite ikibazo ku mutwe kandi kirimo guterwa n'urumuri.
Mushiki wanjye ari kubyara ariko umugozi w'umwana wabanje gusohoka kuva hashize iminsi itatu bikarushaho nijoro. Nkora iki?,kinyarwanda,CRITICAL,obstetric,kinyarwanda->kinyarwanda:CRITICAL:obstetric,{REL} ari kubyara ariko umugozi w'umwana wabanje gusohoka.,Ndabyara ariko habanje gusohoka umugozi w'umwana.
Mfite ikibazo ku mutwe kandi kirimo guterwa n'urumuri kuva ubu gitondo cya kare. Byatangiye gitunguranye. Ese ibi birakomeye?,kinyarwanda,URGENT,neurological,kinyarwanda->kinyarwanda:URGENT:neurological,Mfite ikibazo ku mutwe kandi kirimo guterwa n'urumuri.,Mfite ikibazo ku mutwe kandi kirimo guterwa n'urumuri.
"Muraho, maze umunsi wose mbabara ngerageza kubyara ariko umwana ntarasohoka kuva mu gitondo. Abandi bana na bo bafite iki kibazo. Ntabasha kubona amafaranga yo kongera kuza kwa muganga.",kinyarwanda,CRITICAL,obstetric,kinyarwanda->kinyarwanda:CRITICAL:obstetric,Maze umunsi wose mbabara ngerageza kubyara ariko umwana ntarasohoka.,Maze umunsi wose mbabara ngerageza kubyara ariko umwana ntarasohoka.
"Muraho, ndashaka kugirwa inama ku mazi yo kunywa kuva ijoro ryashize bikarushaho nijoro. Ndakeneye ubufasha vuba.",kinyarwanda,ROUTINE,preventive,kinyarwanda->kinyarwanda:ROUTINE:preventive,Ndashaka kugirwa inama ku mazi yo kunywa.,Ndashaka kugirwa inama ku mazi yo kunywa.
"Muraho, mushiki wanjye afite gahunda yo gukingiza umwana kuva ejo",kinyarwanda,ROUTINE,preventive,kinyarwanda->kinyarwanda:ROUTINE:preventive,{REL} afite gahunda yo gukingiza umwana.,Mfite gahunda yo gukingiza umwana.
"Mfasha, iyo umugabo wanjye ahumetse cyane, arumva mu gituza hamubabaza kuva mu cyumweru gishize kandi birushaho kuba bibi. Murakoze.",kinyarwanda,URGENT,cardiac_respiratory,kinyarwanda->kinyarwanda:URGENT:cardiac_respiratory,"Iyo {REL} ahumetse cyane, arumva mu gituza hamubabaza.","Iyo {REL} ahumetse cyane, arumva mu gituza hamubabaza."
"Mfasha vuba, umuvuduko w'amaraso wanjye wazamutse cyane kandi umutwe urandya cyane kuva hashize icyumweru nta miti imfasha. Ni imiti ki nafata?",kinyarwanda,URGENT,chronic_care,kinyarwanda->kinyarwanda:URGENT:chronic_care,Umuvuduko w'amaraso wanjye wazamutse cyane kandi umutwe urandya cyane.,Umuvuduko w'amaraso wanjye wazamutse cyane kandi umutwe urandya cyane.
Maze iminsi itatu ndwaye impiswi zikomeye kuva ijoro ryashize. Ni imiti ki nafata?,kinyarwanda,URGENT,gastrointestinal,kinyarwanda->kinyarwanda:URGENT:gastrointestinal,maze iminsi itatu ndwaye impiswi zikomeye,maze iminsi itatu ndwaye impiswi zikomeye
"Muganga, mama ari kubyara ariko umugozi w'umwana wabanje gusohoka nta miti imfasha",kinyarwanda,CRITICAL,obstetric,kinyarwanda->kinyarwanda:CRITICAL:obstetric,{REL} ari kubyara ariko umugozi w'umwana wabanje gusohoka.,Ndabyara ariko habanje gusohoka umugozi w'umwana.
"Mfasha, umugore wanjye yabyimbye ibirenge kandi ntashobora guhumeka neza iyo aragaramye kuva hashize icyumweru bikarushaho nijoro. Nkora iki?",kinyarwanda,URGENT,chronic_care,kinyarwanda->kinyarwanda:URGENT:chronic_care,{REL} yabyimbye ibirenge kandi ntashobora guhumeka neza iyo aragaramye.,Nabyimbye ibirenge kandi sinshobora guhumeka neza iyo ndagaramye.
"Simbizi niba bikomeye ariko, mama afite ibimenyetso bya malariya, umuriro n'imbeho kuva mu masaha abiri ashize kandi ndahangayitse. Ni imiti ki nafata?",kinyarwanda,URGENT,infectious_fever,kinyarwanda->kinyarwanda:URGENT:infectious_fever,"{REL} afite ibimenyetso bya malariya, umuriro n'imbeho.","Mfite ibimenyetso bya malariya, umuriro n'imbeho."
"Mfasha vuba, umugabo wanjye ahumeka bimugora cyane kandi iminwa ye yahindutse ibara kuva mu masaha abiri ashize kandi ndahangayitse. Ntegereze cyangwa nsuzumwe ubu?",kinyarwanda,CRITICAL,cardiac_respiratory,kinyarwanda->kinyarwanda:CRITICAL:cardiac_respiratory,{REL} ahumeka bimugora cyane kandi iminwa ye yahindutse ibara.,guhumeka birangora cyane kandi iminwa yanjye yahindutse ibara
"Mfasha, mu rugo hari umuntu urwaye igituntu kandi umuturanyi wanjye ashaka kwisuzumisha kuva mu masaha abiri ashize kandi birushaho kuba bibi. Naje mvuye kure.",kinyarwanda,URGENT,preventive,kinyarwanda->kinyarwanda:URGENT:preventive,Mu rugo hari umuntu urwaye igituntu kandi {REL} ashaka kwisuzumisha.,Mu rugo hari umuntu urwaye igituntu kandi ndashaka kwisuzumisha.
"Ndakeneye ubufasha, umugore wanjye yabyimbye ibirenge kandi ntashobora guhumeka neza iyo aragaramye kuva ijoro ryashize kandi ndahangayitse. Urakoze.",kinyarwanda,URGENT,chronic_care,kinyarwanda->kinyarwanda:URGENT:chronic_care,{REL} yabyimbye ibirenge kandi ntashobora guhumeka neza iyo aragaramye.,Nabyimbye ibirenge kandi sinshobora guhumeka neza iyo ndagaramye.
"Nyabuneka, mfite igisebe ku kirenge kidakira kandi mfite diyabete kuva hashize icyumweru bikarushaho nijoro. Ni imiti ki nafata?",kinyarwanda,URGENT,chronic_care,kinyarwanda->kinyarwanda:URGENT:chronic_care,Mfite igisebe ku kirenge kidakira kandi mfite diyabete.,Mfite igisebe ku kirenge kidakira kandi mfite diyabete.
"Mfasha vuba, umuturanyi wanjye ari kubyara ariko umugozi w'umwana wabanje gusohoka kandi nta miti mfite",kinyarwanda,CRITICAL,obstetric,kinyarwanda->kinyarwanda:CRITICAL:obstetric,{REL} ari kubyara ariko umugozi w'umwana wabanje gusohoka.,Ndabyara ariko habanje gusohoka umugozi w'umwana.
"Simbizi niba bikomeye ariko, papa afite ibimenyetso bya malariya, umuriro n'imbeho kuva ejo. Ntegereze cyangwa nsuzumwe ubu?",kinyarwanda,URGENT,infectious_fever,kinyarwanda->kinyarwanda:URGENT:infectious_fever,"{REL} afite ibimenyetso bya malariya, umuriro n'imbeho.","Mfite ibimenyetso bya malariya, umuriro n'imbeho."
"Mfasha vuba, mfite umuhaha kuva ijoro ryashize kandi birushaho kuba bibi. Urakoze.",kinyarwanda,URGENT,paediatric,kinyarwanda->kinyarwanda:URGENT:paediatric,Mfite umuhaha.,Mfite umuhaha.
"Nzanye umwana wanjye, mushiki wanjye nta miti ya SIDA afite. Byatangiye gitunguranye. Murakoze.",kinyarwanda,URGENT,chronic_care,kinyarwanda->kinyarwanda:URGENT:chronic_care,{REL} nta miti ya SIDA afite.,Nta miti ya SIDA mfite.
"Nyabuneka, umugabo wanjye afite igisebe ku kirenge kidakira kandi afite diyabete kuva ijoro ryashize kandi birushaho kuba bibi. Ntegereze cyangwa nsuzumwe ubu?",kinyarwanda,URGENT,chronic_care,kinyarwanda->kinyarwanda:URGENT:chronic_care,{REL} afite igisebe ku kirenge kidakira kandi afite diyabete.,Mfite igisebe ku kirenge kidakira kandi mfite diyabete.
"Naje hano mbere, mu rugo hari umuntu urwaye igituntu kandi umukecuru ashaka kwisuzumisha kuva ejo. Abandi bana na bo bafite iki kibazo. Ndakeneye ubufasha vuba.",kinyarwanda,URGENT,preventive,kinyarwanda->kinyarwanda:URGENT:preventive,Mu rugo hari umuntu urwaye igituntu kandi {REL} ashaka kwisuzumisha.,Mu rugo hari umuntu urwaye igituntu kandi ndashaka kwisuzumisha.
"Mfasha vuba, ndatwite kandi nagagaye kuva ejo biragenda bikagaruka. Ndakeneye ubufasha vuba.",kinyarwanda,CRITICAL,obstetric,kinyarwanda->kinyarwanda:CRITICAL:obstetric,Ndatwite kandi nagagaye.,Ndatwite kandi nagagaye.
"Muganga, maze umunsi wose mbabara ngerageza kubyara ariko umwana ntarasohoka kuva mu gitondo biragenda bikagaruka. Nkora iki?",kinyarwanda,CRITICAL,obstetric,kinyarwanda->kinyarwanda:CRITICAL:obstetric,Maze umunsi wose mbabara ngerageza kubyara ariko umwana ntarasohoka.,Maze umunsi wose mbabara ngerageza kubyara ariko umwana ntarasohoka.
"Simbizi niba bikomeye ariko, mu rugo hari umuntu urwaye igituntu kandi umugore wanjye ashaka kwisuzumisha kuva ubu gitondo cya kare. Byatangiye gitunguranye. Mfasha muganga.",kinyarwanda,URGENT,preventive,kinyarwanda->kinyarwanda:URGENT:preventive,Mu rugo hari umuntu urwaye igituntu kandi {REL} ashaka kwisuzumisha.,Mu rugo hari umuntu urwaye igituntu kandi ndashaka kwisuzumisha.
"Iyo papa ahumetse cyane, arumva mu gituza hamubabaza kuva mu gitondo bikarushaho nijoro. Nkora iki?",kinyarwanda,URGENT,cardiac_respiratory,kinyarwanda->kinyarwanda:URGENT:cardiac_respiratory,"Iyo {REL} ahumetse cyane, arumva mu gituza hamubabaza.","Iyo {REL} ahumetse cyane, arumva mu gituza hamubabaza."
"Mfasha vuba, mama afite gahunda yo gukingiza umwana kuva mu cyumweru gishize. Byatangiye gitunguranye. Urakoze.",kinyarwanda,ROUTINE,preventive,kinyarwanda->kinyarwanda:ROUTINE:preventive,{REL} afite gahunda yo gukingiza umwana.,Mfite gahunda yo gukingiza umwana.
Ndashaka kukubwira ikibazo mfite. Maze iminsi itatu ndwaye impiswi zikomeye kuva ubu gitondo cya kare kandi sinshobora gusinzira. Ni imiti ki nafata?,kinyarwanda,URGENT,gastrointestinal,kinyarwanda->kinyarwanda:URGENT:gastrointestinal,maze iminsi itatu ndwaye impiswi zikomeye,maze iminsi itatu ndwaye impiswi zikomeye
"Nzanye umwana wanjye, mushiki wanjye afite gahunda yo gukingiza umwana kuva ejo nta miti imfasha. Ntegereze cyangwa nsuzumwe ubu?",kinyarwanda,ROUTINE,preventive,kinyarwanda->kinyarwanda:ROUTINE:preventive,{REL} afite gahunda yo gukingiza umwana.,Mfite gahunda yo gukingiza umwana.
"Muraho, umuturanyi wanjye yabyimbye ibirenge kandi ntashobora guhumeka neza iyo aragaramye kuva mu cyumweru gishize. Abandi bana na bo bafite iki kibazo. Mfasha muganga.",kinyarwanda,URGENT,chronic_care,kinyarwanda->kinyarwanda:URGENT:chronic_care,{REL} yabyimbye ibirenge kandi ntashobora guhumeka neza iyo aragaramye.,Nabyimbye ibirenge kandi sinshobora guhumeka neza iyo ndagaramye.
Mushiki wanjye afite gahunda yo gukingiza umwana kuva mu masaha abiri ashize nta miti imfasha. Ntabasha kubona amafaranga yo kongera kuza kwa muganga.,kinyarwanda,ROUTINE,preventive,kinyarwanda->kinyarwanda:ROUTINE:preventive,{REL} afite gahunda yo gukingiza umwana.,Mfite gahunda yo gukingiza umwana.
Mfite umuhaha kuva hashize iminsi ibiri. Byatangiye gitunguranye. Ntegereze cyangwa nsuzumwe ubu?,kinyarwanda,URGENT,paediatric,kinyarwanda->kinyarwanda:URGENT:paediatric,Mfite umuhaha.,Mfite umuhaha.
"Nzanye umwana wanjye, umugabo wanjye yabyimbye ibirenge kandi ntashobora guhumeka neza iyo aragaramye kuva ejo kandi birushaho kuba bibi. Mfasha muganga.",kinyarwanda,URGENT,chronic_care,kinyarwanda->kinyarwanda:URGENT:chronic_care,{REL} yabyimbye ibirenge kandi ntashobora guhumeka neza iyo aragaramye.,Nabyimbye ibirenge kandi sinshobora guhumeka neza iyo ndagaramye.
"Muraho, ndatwite kandi nagagaye kuva ijoro ryashize kandi sinshobora gusinzira. Nkora iki?",kinyarwanda,CRITICAL,obstetric,kinyarwanda->kinyarwanda:CRITICAL:obstetric,Ndatwite kandi nagagaye.,Ndatwite kandi nagagaye.
"Nyabuneka, ndashaka kugirwa inama ku mazi yo kunywa kandi nta miti mfite. Ntegereze cyangwa nsuzumwe ubu?",kinyarwanda,ROUTINE,preventive,kinyarwanda->kinyarwanda:ROUTINE:preventive,Ndashaka kugirwa inama ku mazi yo kunywa.,Ndashaka kugirwa inama ku mazi yo kunywa.
"Nzanye umwana wanjye, umuturanyi wanjye ari kubyara ariko umugozi w'umwana wabanje gusohoka kuva mu masaha abiri ashize kandi sinshobora gusinzira. Ntegereze cyangwa nsuzumwe ubu?",kinyarwanda,CRITICAL,obstetric,kinyarwanda->kinyarwanda:CRITICAL:obstetric,{REL} ari kubyara ariko umugozi w'umwana wabanje gusohoka.,Ndabyara ariko habanje gusohoka umugozi w'umwana.
"Muraho, papa afite impiswi zikomeye kandi yagize umwuma nta miti imfasha. Ntabasha kubona amafaranga yo kongera kuza kwa muganga.",kinyarwanda,CRITICAL,gastrointestinal,kinyarwanda->kinyarwanda:CRITICAL:gastrointestinal,{REL} afite impiswi zikomeye kandi yagize umwuma.,{REL} afite impiswi zikomeye kandi yagize umwuma.
"Mfasha, mama ari kubyara ariko umugozi w'umwana wabanje gusohoka kuva ubu gitondo cya kare kandi ndahangayitse. Ese ibi birakomeye?",kinyarwanda,CRITICAL,obstetric,kinyarwanda->kinyarwanda:CRITICAL:obstetric,{REL} ari kubyara ariko umugozi w'umwana wabanje gusohoka.,Ndabyara ariko habanje gusohoka umugozi w'umwana.
"Naje hano mbere, ndashaka kugirwa inama ku mazi yo kunywa kuva hashize icyumweru kandi ndahangayitse. Ndakeneye ubufasha vuba.",kinyarwanda,ROUTINE,preventive,kinyarwanda->kinyarwanda:ROUTINE:preventive,Ndashaka kugirwa inama ku mazi yo kunywa.,Ndashaka kugirwa inama ku mazi yo kunywa.
"Nyabuneka, mama ahumeka bimugora cyane kandi iminwa ye yahindutse ibara kuva hashize iminsi ibiri bikarushaho nijoro. Naje mvuye kure.",kinyarwanda,CRITICAL,cardiac_respiratory,kinyarwanda->kinyarwanda:CRITICAL:cardiac_respiratory,{REL} ahumeka bimugora cyane kandi iminwa ye yahindutse ibara.,guhumeka birangora cyane kandi iminwa yanjye yahindutse ibara
Mfite ikibazo ku mutwe kandi kirimo guterwa n'urumuri kuva mu masaha abiri ashize kandi sinshobora gusinzira. Ese ibi birakomeye?,kinyarwanda,URGENT,neurological,kinyarwanda->kinyarwanda:URGENT:neurological,Mfite ikibazo ku mutwe kandi kirimo guterwa n'urumuri.,Mfite ikibazo ku mutwe kandi kirimo guterwa n'urumuri.
"Simbizi niba bikomeye ariko, umukecuru nta miti ya SIDA afite kuva mu masaha abiri ashize. Byatangiye gitunguranye. Ni imiti ki nafata?",kinyarwanda,URGENT,chronic_care,kinyarwanda->kinyarwanda:URGENT:chronic_care,{REL} nta miti ya SIDA afite.,Nta miti ya SIDA mfite.
"Ndakeneye ubufasha, umuvuduko w'amaraso wanjye wazamutse cyane kandi umutwe urandya cyane kuva mu gitondo. Byatangiye gitunguranye. Murakoze.",kinyarwanda,URGENT,chronic_care,kinyarwanda->kinyarwanda:URGENT:chronic_care,Umuvuduko w'amaraso wanjye wazamutse cyane kandi umutwe urandya cyane.,Umuvuduko w'amaraso wanjye wazamutse cyane kandi umutwe urandya cyane.
Umugore wanjye ari kubyara ariko umugozi w'umwana wabanje gusohoka kuva mu masaha abiri ashize nta miti imfasha,kinyarwanda,CRITICAL,obstetric,kinyarwanda->kinyarwanda:CRITICAL:obstetric,{REL} ari kubyara ariko umugozi w'umwana wabanje gusohoka.,Ndabyara ariko habanje gusohoka umugozi w'umwana.
"Ndakeneye ubufasha, mushiki wanjye ari kubyara ariko umugozi w'umwana wabanje gusohoka. Ndakeneye ubufasha vuba.",kinyarwanda,CRITICAL,obstetric,kinyarwanda->kinyarwanda:CRITICAL:obstetric,{REL} ari kubyara ariko umugozi w'umwana wabanje gusohoka.,Ndabyara ariko habanje gusohoka umugozi w'umwana.
"Iyo umugabo wanjye ahumetse cyane, arumva mu gituza hamubabaza kuva hashize iminsi ibiri bikarushaho nijoro. Ese ibi birakomeye?",kinyarwanda,URGENT,cardiac_respiratory,kinyarwanda->kinyarwanda:URGENT:cardiac_respiratory,"Iyo {REL} ahumetse cyane, arumva mu gituza hamubabaza.","Iyo {REL} ahumetse cyane, arumva mu gituza hamubabaza."
"Mfasha, mfite igisebe ku kirenge kidakira kandi mfite diyabete kuva hashize iminsi itatu kandi ndahangayitse. Urakoze.",kinyarwanda,URGENT,chronic_care,kinyarwanda->kinyarwanda:URGENT:chronic_care,Mfite igisebe ku kirenge kidakira kandi mfite diyabete.,Mfite igisebe ku kirenge kidakira kandi mfite diyabete.
"Muraho, mfite umuhaha kuva mu gitondo bikarushaho nijoro",kinyarwanda,URGENT,paediatric,kinyarwanda->kinyarwanda:URGENT:paediatric,Mfite umuhaha.,Mfite umuhaha.
"Muganga, umuvuduko w'amaraso wanjye wazamutse cyane kandi umutwe urandya cyane kuva mu cyumweru gishize kandi sinshobora gusinzira. Ntabasha kubona amafaranga yo kongera kuza kwa muganga.",kinyarwanda,URGENT,chronic_care,kinyarwanda->kinyarwanda:URGENT:chronic_care,Umuvuduko w'amaraso wanjye wazamutse cyane kandi umutwe urandya cyane.,Umuvuduko w'amaraso wanjye wazamutse cyane kandi umutwe urandya cyane.
"Naje hano mbere, umuvuduko w'amaraso wanjye wazamutse cyane kandi umutwe urandya cyane kuva hashize iminsi itatu biragenda bikagaruka",kinyarwanda,URGENT,chronic_care,kinyarwanda->kinyarwanda:URGENT:chronic_care,Umuvuduko w'amaraso wanjye wazamutse cyane kandi umutwe urandya cyane.,Umuvuduko w'amaraso wanjye wazamutse cyane kandi umutwe urandya cyane.
"Nyabuneka, umuvuduko w'amaraso wanjye wazamutse cyane kandi umutwe urandya cyane kuva hashize icyumweru nta miti imfasha. Urakoze.",kinyarwanda,URGENT,chronic_care,kinyarwanda->kinyarwanda:URGENT:chronic_care,Umuvuduko w'amaraso wanjye wazamutse cyane kandi umutwe urandya cyane.,Umuvuduko w'amaraso wanjye wazamutse cyane kandi umutwe urandya cyane.
"Muganga, umwana wanjye nta miti ya SIDA afite kuva ijoro ryashize kandi sinshobora gusinzira. Naje mvuye kure.",kinyarwanda,URGENT,chronic_care,kinyarwanda->kinyarwanda:URGENT:chronic_care,{REL} nta miti ya SIDA afite.,Nta miti ya SIDA mfite.
"Muganga, ndashaka kugirwa inama ku mazi yo kunywa kuva ejo biragenda bikagaruka",kinyarwanda,ROUTINE,preventive,kinyarwanda->kinyarwanda:ROUTINE:preventive,Ndashaka kugirwa inama ku mazi yo kunywa.,Ndashaka kugirwa inama ku mazi yo kunywa.
"Mumbabarire, ndashaka kubabwira ikibazo mfite. Umugore wanjye ari kubyara ariko umugozi w'umwana wabanje gusohoka kuva hashize iminsi ibiri nta miti imfasha. Ndakeneye ubufasha vuba.",kinyarwanda,CRITICAL,obstetric,kinyarwanda->kinyarwanda:CRITICAL:obstetric,{REL} ari kubyara ariko umugozi w'umwana wabanje gusohoka.,Ndabyara ariko habanje gusohoka umugozi w'umwana.
"Mfasha, mfite igisebe ku kirenge kidakira kandi mfite diyabete kuva hashize iminsi ibiri biragenda bikagaruka. Naje mvuye kure.",kinyarwanda,URGENT,chronic_care,kinyarwanda->kinyarwanda:URGENT:chronic_care,Mfite igisebe ku kirenge kidakira kandi mfite diyabete.,Mfite igisebe ku kirenge kidakira kandi mfite diyabete.
"Simbizi niba bikomeye ariko, mushiki wanjye ahumeka bimugora cyane kandi iminwa ye yahindutse ibara kuva ijoro ryashize kandi ndahangayitse. Nkora iki?",kinyarwanda,CRITICAL,cardiac_respiratory,kinyarwanda->kinyarwanda:CRITICAL:cardiac_respiratory,{REL} ahumeka bimugora cyane kandi iminwa ye yahindutse ibara.,guhumeka birangora cyane kandi iminwa yanjye yahindutse ibara
"Mumbabarire, ndashaka kubabwira ikibazo mfite. Maze iminsi itatu ndwaye impiswi zikomeye kuva hashize iminsi ibiri kandi sinshobora gusinzira. Ese ibi birakomeye?",kinyarwanda,URGENT,gastrointestinal,kinyarwanda->kinyarwanda:URGENT:gastrointestinal,maze iminsi itatu ndwaye impiswi zikomeye,maze iminsi itatu ndwaye impiswi zikomeye
"Nyabuneka, mfite umuhaha kuva mu masaha abiri ashize kandi sinshobora gusinzira. Mfasha muganga.",kinyarwanda,URGENT,paediatric,kinyarwanda->kinyarwanda:URGENT:paediatric,Mfite umuhaha.,Mfite umuhaha.
Mu rugo hari umuntu urwaye igituntu kandi papa ashaka kwisuzumisha kandi birushaho kuba bibi. Ntabasha kubona amafaranga yo kongera kuza kwa muganga.,kinyarwanda,URGENT,preventive,kinyarwanda->kinyarwanda:URGENT:preventive,Mu rugo hari umuntu urwaye igituntu kandi {REL} ashaka kwisuzumisha.,Mu rugo hari umuntu urwaye igituntu kandi ndashaka kwisuzumisha.
"Simbizi niba bikomeye ariko, umuturanyi wanjye afite impiswi zikomeye kandi yagize umwuma kuva hashize icyumweru kandi sinshobora gusinzira. Nkora iki?",kinyarwanda,CRITICAL,gastrointestinal,kinyarwanda->kinyarwanda:CRITICAL:gastrointestinal,{REL} afite impiswi zikomeye kandi yagize umwuma.,{REL} afite impiswi zikomeye kandi yagize umwuma.
"Ndakeneye ubufasha, mu rugo hari umuntu urwaye igituntu kandi mama ashaka kwisuzumisha kuva hashize iminsi itatu kandi sinshobora gusinzira. Mfasha muganga.",kinyarwanda,URGENT,preventive,kinyarwanda->kinyarwanda:URGENT:preventive,Mu rugo hari umuntu urwaye igituntu kandi {REL} ashaka kwisuzumisha.,Mu rugo hari umuntu urwaye igituntu kandi ndashaka kwisuzumisha.
Mfite ikibazo ku mutwe kandi kirimo guterwa n'urumuri kuva hashize iminsi ibiri kandi nta miti mfite. Ntegereze cyangwa nsuzumwe ubu?,kinyarwanda,URGENT,neurological,kinyarwanda->kinyarwanda:URGENT:neurological,Mfite ikibazo ku mutwe kandi kirimo guterwa n'urumuri.,Mfite ikibazo ku mutwe kandi kirimo guterwa n'urumuri.
"Naje hano mbere, mfite umuhaha kuva ijoro ryashize kandi birushaho kuba bibi. Urakoze.",kinyarwanda,URGENT,paediatric,kinyarwanda->kinyarwanda:URGENT:paediatric,Mfite umuhaha.,Mfite umuhaha.
"Mfasha vuba, iyo umwana wanjye ahumetse cyane, arumva mu gituza hamubabaza kuva ejo. Abandi bana na bo bafite iki kibazo. Urakoze.",kinyarwanda,URGENT,cardiac_respiratory,kinyarwanda->kinyarwanda:URGENT:cardiac_respiratory,"Iyo {REL} ahumetse cyane, arumva mu gituza hamubabaza.","Iyo {REL} ahumetse cyane, arumva mu gituza hamubabaza."
"Nzanye umwana wanjye, ndashaka kugirwa inama ku mazi yo kunywa kuva mu cyumweru gishize kandi ndahangayitse. Ntegereze cyangwa nsuzumwe ubu?",kinyarwanda,ROUTINE,preventive,kinyarwanda->kinyarwanda:ROUTINE:preventive,Ndashaka kugirwa inama ku mazi yo kunywa.,Ndashaka kugirwa inama ku mazi yo kunywa.
Ndashaka kukubwira ikibazo mfite. Mfite ikibazo ku mutwe kandi kirimo guterwa n'urumuri kuva hashize iminsi ibiri. Byatangiye gitunguranye.,kinyarwanda,URGENT,neurological,kinyarwanda->kinyarwanda:URGENT:neurological,Mfite ikibazo ku mutwe kandi kirimo guterwa n'urumuri.,Mfite ikibazo ku mutwe kandi kirimo guterwa n'urumuri.
"Nzanye umwana wanjye, umuvuduko w'amaraso wanjye wazamutse cyane kandi umutwe urandya cyane biragenda bikagaruka. Ndakeneye ubufasha vuba.",kinyarwanda,URGENT,chronic_care,kinyarwanda->kinyarwanda:URGENT:chronic_care,Umuvuduko w'amaraso wanjye wazamutse cyane kandi umutwe urandya cyane.,Umuvuduko w'amaraso wanjye wazamutse cyane kandi umutwe urandya cyane.
"Muraho, ndashaka kugirwa inama ku mazi yo kunywa nta miti imfasha. Ntabasha kubona amafaranga yo kongera kuza kwa muganga.",kinyarwanda,ROUTINE,preventive,kinyarwanda->kinyarwanda:ROUTINE:preventive,Ndashaka kugirwa inama ku mazi yo kunywa.,Ndashaka kugirwa inama ku mazi yo kunywa.
"Muraho, umugore wanjye afite impiswi zikomeye kandi yagize umwuma kuva hashize iminsi itatu. Byatangiye gitunguranye. Nkora iki?",kinyarwanda,CRITICAL,gastrointestinal,kinyarwanda->kinyarwanda:CRITICAL:gastrointestinal,{REL} afite impiswi zikomeye kandi yagize umwuma.,{REL} afite impiswi zikomeye kandi yagize umwuma.
"Mumbabarire, ndashaka kubabwira ikibazo mfite. Papa ahumeka bimugora cyane kandi iminwa ye yahindutse ibara kuva mu masaha abiri ashize nta miti imfasha. Ntabasha kubona amafaranga yo kongera kuza kwa muganga.",kinyarwanda,CRITICAL,cardiac_respiratory,kinyarwanda->kinyarwanda:CRITICAL:cardiac_respiratory,{REL} ahumeka bimugora cyane kandi iminwa ye yahindutse ibara.,guhumeka birangora cyane kandi iminwa yanjye yahindutse ibara
"Mfasha vuba, ndatwite kandi nagagaye kuva hashize iminsi ibiri nta miti imfasha. Nkora iki?",kinyarwanda,CRITICAL,obstetric,kinyarwanda->kinyarwanda:CRITICAL:obstetric,Ndatwite kandi nagagaye.,Ndatwite kandi nagagaye.
"Muganga, umuvuduko w'amaraso wanjye wazamutse cyane kandi umutwe urandya cyane kuva hashize iminsi itatu biragenda bikagaruka. Ni imiti ki nafata?",kinyarwanda,URGENT,chronic_care,kinyarwanda->kinyarwanda:URGENT:chronic_care,Umuvuduko w'amaraso wanjye wazamutse cyane kandi umutwe urandya cyane.,Umuvuduko w'amaraso wanjye wazamutse cyane kandi umutwe urandya cyane.
"Mfasha, iyo umugore wanjye ahumetse cyane, arumva mu gituza hamubabaza kandi birushaho kuba bibi. Ndakeneye ubufasha vuba.",kinyarwanda,URGENT,cardiac_respiratory,kinyarwanda->kinyarwanda:URGENT:cardiac_respiratory,"Iyo {REL} ahumetse cyane, arumva mu gituza hamubabaza.","Iyo {REL} ahumetse cyane, arumva mu gituza hamubabaza."
"Muraho, ndatwite kandi nagagaye kuva mu masaha abiri ashize kandi ndahangayitse. Nkora iki?",kinyarwanda,CRITICAL,obstetric,kinyarwanda->kinyarwanda:CRITICAL:obstetric,Ndatwite kandi nagagaye.,Ndatwite kandi nagagaye.
"Simbizi niba bikomeye ariko, umugabo wanjye nta miti ya SIDA afite kuva hashize iminsi ibiri. Urakoze.",kinyarwanda,URGENT,chronic_care,kinyarwanda->kinyarwanda:URGENT:chronic_care,{REL} nta miti ya SIDA afite.,Nta miti ya SIDA mfite.
"Mfasha, umwana wanjye arababara cyane mu nda kandi ububabare ntibuhagarara kuva ubu gitondo cya kare kandi sinshobora gusinzira. Ese ibi birakomeye?",kinyarwanda,URGENT,gastrointestinal,kinyarwanda->kinyarwanda:URGENT:gastrointestinal,{REL} arababara cyane mu nda kandi ububabare ntibuhagarara.,Inda irandya cyane kandi ububabare ntibuhagarara.
"Ndakeneye ubufasha, umugabo wanjye nta miti ya SIDA afite kuva hashize iminsi ibiri nta miti imfasha. Ese ibi birakomeye?",kinyarwanda,URGENT,chronic_care,kinyarwanda->kinyarwanda:URGENT:chronic_care,{REL} nta miti ya SIDA afite.,Nta miti ya SIDA mfite.
