text,language,label,domain,family,phrase,phrase_group
"Mfasha, umwana wanjye afite ububabare bukabije mu nda kuva ubu gitondo cya kare biragenda bikagaruka. Urakoze.",kinyarwanda,URGENT,gastrointestinal,kinyarwanda->kinyarwanda:URGENT:gastrointestinal,{REL} afite ububabare bukabije mu nda.,Mfite ububabare bukabije mu nda.
"Simbizi niba bikomeye ariko, mfite ubushye bunini ku mubiri kuva mu masaha abiri ashize kandi birushaho kuba bibi. Naje mvuye kure.",kinyarwanda,CRITICAL,haemorrhage_trauma,kinyarwanda->kinyarwanda:CRITICAL:haemorrhage_trauma,Mfite ubushye bunini ku mubiri.,Mfite ubushye bunini ku mubiri.
"Muganga, mushiki wanjye afite igikomere ku mutwe nyuma yo kugwa kuva hashize iminsi ibiri kandi ndahangayitse. Nkora iki?",kinyarwanda,CRITICAL,haemorrhage_trauma,kinyarwanda->kinyarwanda:CRITICAL:haemorrhage_trauma,{REL} afite igikomere ku mutwe nyuma yo kugwa.,mfite igikomere ku mutwe nyuma yo kugwa
Mu rugo hari umuntu urwaye igituntu kandi ndashaka kwisuzumisha kuva ejo. Abandi bana na bo bafite iki kibazo. Mfasha muganga.,kinyarwanda,URGENT,preventive,kinyarwanda->kinyarwanda:URGENT:preventive,Mu rugo hari umuntu urwaye igituntu kandi ndashaka kwisuzumisha.,Mu rugo hari umuntu urwaye igituntu kandi ndashaka kwisuzumisha.
"Muraho, ndabyara ariko habanje gusohoka umugozi w'umwana kuva ubu gitondo cya kare. Ndakeneye ubufasha vuba.",kinyarwanda,CRITICAL,obstetric,kinyarwanda->kinyarwanda:CRITICAL:obstetric,Ndabyara ariko habanje gusohoka umugozi w'umwana.,Ndabyara ariko habanje gusohoka umugozi w'umwana.
"Mfasha, umukecuru ahumeka bimugora cyane kandi iminwa ye yahindutse ibara kuva hashize iminsi itatu bikarushaho nijoro. Naje mvuye kure.",kinyarwanda,CRITICAL,cardiac_respiratory,kinyarwanda->kinyarwanda:CRITICAL:cardiac_respiratory,{REL} ahumeka bimugora cyane kandi iminwa ye yahindutse ibara.,guhumeka birangora cyane kandi iminwa yanjye yahindutse ibara
"Muraho, umuturanyi wanjye arava amaraso menshi nyuma yo kubyara kuva ejo bikarushaho nijoro. Ntegereze cyangwa nsuzumwe ubu?",kinyarwanda,CRITICAL,obstetric,kinyarwanda->kinyarwanda:CRITICAL:obstetric,{REL} arava amaraso menshi nyuma yo kubyara.,ndava amaraso menshi nyuma yo kubyara
Ndashaka kukubwira ikibazo mfite. Ndaruka amaraso kuva ejo. Abandi bana na bo bafite iki kibazo. Ntabasha kubona amafaranga yo kongera kuza kwa muganga.,kinyarwanda,CRITICAL,gastrointestinal,kinyarwanda->kinyarwanda:CRITICAL:gastrointestinal,Ndaruka amaraso.,Ndaruka amaraso.
"Naje hano mbere, mu gituza harandya cyane kandi ububabare bukagera no ku kuboko kuva ijoro ryashize. Byatangiye gitunguranye. Ese ibi birakomeye?",kinyarwanda,CRITICAL,cardiac_respiratory,kinyarwanda->kinyarwanda:CRITICAL:cardiac_respiratory,mu gituza harandya cyane kandi ububabare bukagera no ku kuboko,mu gituza harandya cyane kandi ububabare bukagera no ku kuboko
"Muraho, mu gituza harandya cyane kandi ububabare bukagera no ku kuboko. Ndakeneye ubufasha vuba.",kinyarwanda,CRITICAL,cardiac_respiratory,kinyarwanda->kinyarwanda:CRITICAL:cardiac_respiratory,mu gituza harandya cyane kandi ububabare bukagera no ku kuboko,mu gituza harandya cyane kandi ububabare bukagera no ku kuboko
"Mumbabarire, ndashaka kubabwira ikibazo mfite. Umwana wanjye afite ubushye bunini ku mubiri kuva mu masaha abiri ashize nta miti imfasha. Ni imiti ki nafata?",kinyarwanda,CRITICAL,haemorrhage_trauma,kinyarwanda->kinyarwanda:CRITICAL:haemorrhage_trauma,{REL} afite ubushye bunini ku mubiri.,Mfite ubushye bunini ku mubiri.
"Muraho, umugabo wanjye afite igikomere cyanduye, kiratukura kandi kirimo amashyira kuva mu cyumweru gishize nta miti imfasha. Ntegereze cyangwa nsuzumwe ubu?",kinyarwanda,URGENT,haemorrhage_trauma,kinyarwanda->kinyarwanda:URGENT:haemorrhage_trauma,"{REL} afite igikomere cyanduye, kiratukura kandi kirimo amashyira.","mfite igikomere cyanduye, kiratukura kandi kirimo amashyira"
"Muganga, nyuma yo kubyara mfite umuriro kandi hari ibintu bisohoka bifite impumuro mbi kuva mu cyumweru gishize kandi nta miti mfite. Ntegereze cyangwa nsuzumwe ubu?",kinyarwanda,CRITICAL,obstetric,kinyarwanda->kinyarwanda:CRITICAL:obstetric,Nyuma yo kubyara mfite umuriro kandi hari ibintu bisohoka bifite impumuro mbi.,Nyuma yo kubyara mfite umuriro kandi hari ibintu bisohoka bifite impumuro mbi.
Amazuru arantemba gake kuva mu masaha abiri ashize kandi sinshobora gusinzira. Ntegereze cyangwa nsuzumwe ubu?,kinyarwanda,ROUTINE,infectious_fever,kinyarwanda->kinyarwanda:ROUTINE:infectious_fever,amazuru arantemba gake,amazuru arantemba gake
"Naje hano mbere, mu gituza harandya cyane kandi ububabare bukagera no ku kuboko kuva mu masaha abiri ashize. Naje mvuye kure.",kinyarwanda,CRITICAL,cardiac_respiratory,kinyarwanda->kinyarwanda:CRITICAL:cardiac_respiratory,mu gituza harandya cyane kandi ububabare bukagera no ku kuboko,mu gituza harandya cyane kandi ububabare bukagera no ku kuboko
"Nzanye umwana wanjye, ndashaka kujya kwa muganga kwisuzumisha diyabete. Byatangiye gitunguranye.",kinyarwanda,ROUTINE,chronic_care,kinyarwanda->kinyarwanda:ROUTINE:chronic_care,Ndashaka kujya kwa muganga kwisuzumisha diyabete.,Ndashaka kujya kwa muganga kwisuzumisha SIDA.
"Naje hano mbere, umuturanyi wanjye yataye ubwenge kandi ntasubiza kuva ijoro ryashize nta miti imfasha. Ni imiti ki nafata?",kinyarwanda,CRITICAL,neurological,kinyarwanda->kinyarwanda:CRITICAL:neurological,{REL} yataye ubwenge kandi ntasubiza.,{REL} yataye ubwenge kandi ntasubiza.
"Mfasha, nta miti y'igituntu mfite kuva hashize iminsi itatu kandi birushaho kuba bibi. Ese ibi birakomeye?",kinyarwanda,URGENT,chronic_care,kinyarwanda->kinyarwanda:URGENT:chronic_care,Nta miti y'igituntu mfite.,Nta miti y'igituntu mfite.
"Nyabuneka, umugore wanjye isukari yo mu maraso ye yazamutse cyane kuva ubu gitondo cya kare nta miti imfasha. Ntegereze cyangwa nsuzumwe ubu?",kinyarwanda,URGENT,chronic_care,kinyarwanda->kinyarwanda:URGENT:chronic_care,{REL} isukari yo mu maraso ye yazamutse cyane.,isukari yo mu maraso yanjye yazamutse cyane
Ndashaka kukubwira ikibazo mfite. Umugore wanjye afite impiswi zikomeye kandi yagize umwuma kuva ijoro ryashize biragenda bikagaruka. Nkora iki?,kinyarwanda,CRITICAL,gastrointestinal,kinyarwanda->kinyarwanda:CRITICAL:gastrointestinal,{REL} afite impiswi zikomeye kandi yagize umwuma.,{REL} afite impiswi zikomeye kandi yagize umwuma.
"Nyabuneka, umukecuru nta miti ya SIDA afite kandi birushaho kuba bibi. Urakoze.",kinyarwanda,URGENT,chronic_care,kinyarwanda->kinyarwanda:URGENT:chronic_care,{REL} nta miti ya SIDA afite.,Nta miti ya SIDA mfite.
"Mfasha, mfite gahunda yo kwisuzumisha buri mwaka kuva ubu gitondo cya kare. Byatangiye gitunguranye. Ndakeneye ubufasha vuba.",kinyarwanda,ROUTINE,preventive,kinyarwanda->kinyarwanda:ROUTINE:preventive,Mfite gahunda yo kwisuzumisha buri mwaka.,Mfite gahunda yo kwisuzumisha buri mwaka.
"Simbizi niba bikomeye ariko, ndatwite kandi mfite umuriro kuva mu gitondo biragenda bikagaruka. Mfasha muganga.",kinyarwanda,URGENT,obstetric,kinyarwanda->kinyarwanda:URGENT:obstetric,Ndatwite kandi mfite umuriro.,Ndatwite kandi mfite umuriro.
"Naje hano mbere, mfite umuriro mwinshi kandi ndakorora cyane kuva mu gitondo kandi ndahangayitse. Naje mvuye kure.",kinyarwanda,URGENT,infectious_fever,kinyarwanda->kinyarwanda:URGENT:infectious_fever,mfite umuriro mwinshi kandi ndakorora cyane,mfite umuriro mwinshi kandi ndakorora cyane
"Muraho, iyo umwana wanjye amaze kurya, yumva inda itameze neza kuva mu cyumweru gishize bikarushaho nijoro. Murakoze.",kinyarwanda,ROUTINE,gastrointestinal,kinyarwanda->kinyarwanda:ROUTINE:gastrointestinal,"Iyo {REL} amaze kurya, yumva inda itameze neza.","Iyo {REL} amaze kurya, yumva inda itameze neza."
"Mfasha vuba, papa afite impiswi zikomeye kandi yagize umwuma kuva hashize icyumweru kandi ndahangayitse. Mfasha muganga.",kinyarwanda,CRITICAL,gastrointestinal,kinyarwanda->kinyarwanda:CRITICAL:gastrointestinal,{REL} afite impiswi zikomeye kandi yagize umwuma.,{REL} afite impiswi zikomeye kandi yagize umwuma.
"Nyabuneka, papa arumva igituza kimuremereye cyane kandi ububabare bukagera no ku rwasaya cyangwa ku kuboko kandi nta miti mfite. Ntegereze cyangwa nsuzumwe ubu?",kinyarwanda,CRITICAL,cardiac_respiratory,kinyarwanda->kinyarwanda:CRITICAL:cardiac_respiratory,{REL} arumva igituza kimuremereye cyane kandi ububabare bukagera no ku rwasaya cyangwa ku kuboko.,{REL} arumva igituza kimuremereye cyane kandi ububabare bukagera no ku rwasaya cyangwa ku kuboko.
"Nyabuneka, mama ahumeka bimugora cyane ku buryo adashobora no kuvuga neza kuva hashize iminsi itatu kandi ndahangayitse. Ndakeneye ubufasha vuba.",kinyarwanda,CRITICAL,cardiac_respiratory,kinyarwanda->kinyarwanda:CRITICAL:cardiac_respiratory,{REL} ahumeka bimugora cyane ku buryo adashobora no kuvuga neza.,Guhumeka birangora cyane ku buryo ntabasha no kuvuga neza.
"Mfasha, mama afite umuriro mwinshi kandi yaragagaye kuva ijoro ryashize kandi nta miti mfite",kinyarwanda,CRITICAL,infectious_fever,kinyarwanda->kinyarwanda:CRITICAL:infectious_fever,{REL} afite umuriro mwinshi kandi yaragagaye.,Mfite umuriro mwinshi kandi nagagaye.
"Naje hano mbere, mfite igikomere ku mutwe nyuma yo kugwa kuva hashize iminsi itatu biragenda bikagaruka. Ntabasha kubona amafaranga yo kongera kuza kwa muganga.",kinyarwanda,CRITICAL,haemorrhage_trauma,kinyarwanda->kinyarwanda:CRITICAL:haemorrhage_trauma,mfite igikomere ku mutwe nyuma yo kugwa,mfite igikomere ku mutwe nyuma yo kugwa
"Naje hano mbere, mushiki wanjye amaze ibyumweru birenga bibiri arwaye impiswi kuva mu masaha abiri ashize kandi sinshobora gusinzira. Urakoze.",kinyarwanda,URGENT,gastrointestinal,kinyarwanda->kinyarwanda:URGENT:gastrointestinal,{REL} amaze ibyumweru birenga bibiri arwaye impiswi.,Maze ibyumweru birenga bibiri ndwaye impiswi.
"Naje hano mbere, umwana wanjye yataye ubwenge kandi ntasubiza kuva hashize icyumweru bikarushaho nijoro. Naje mvuye kure.",kinyarwanda,CRITICAL,neurological,kinyarwanda->kinyarwanda:CRITICAL:neurological,{REL} yataye ubwenge kandi ntasubiza.,{REL} yataye ubwenge kandi ntasubiza.
"Naje hano mbere, umwana wanjye afite umuriro woroheje umaze umunsi umwe, ariko nta kindi kibazo afite kuva ubu gitondo cya kare. Mfasha muganga.",kinyarwanda,ROUTINE,infectious_fever,kinyarwanda->kinyarwanda:ROUTINE:infectious_fever,"{REL} afite umuriro woroheje umaze umunsi umwe, ariko nta kindi kibazo afite.","mfite umuriro woroheje umaze umunsi umwe, ariko nta kindi kibazo mfite"
"Mfasha, maze ibyumweru birenga bibiri nkorora kandi natangiye no kunanuka kuva hashize iminsi itatu kandi ndahangayitse",kinyarwanda,URGENT,cardiac_respiratory,kinyarwanda->kinyarwanda:URGENT:cardiac_respiratory,Maze ibyumweru birenga bibiri nkorora kandi natangiye no kunanuka.,Maze ibyumweru birenga bibiri nkorora kandi natangiye no kunanuka.
"Mfasha, umugabo wanjye nta miti y'igituntu afite kuva hashize iminsi itatu kandi sinshobora gusinzira",kinyarwanda,URGENT,chronic_care,kinyarwanda->kinyarwanda:URGENT:chronic_care,{REL} nta miti y'igituntu afite.,Nta miti y'igituntu mfite.
"Mumbabarire, ndashaka kubabwira ikibazo mfite. Papa ashaka ko bapima ibiro by'umwana we kandi nta miti mfite. Naje mvuye kure.",kinyarwanda,ROUTINE,paediatric,kinyarwanda->kinyarwanda:ROUTINE:paediatric,{REL} ashaka ko bapima ibiro by'umwana we.,Ndashaka ko bapima ibiro by'umwana wanjye.
"Naje hano mbere, umuturanyi wanjye aratwite kandi afite umuriro kuva mu masaha abiri ashize biragenda bikagaruka. Ntabasha kubona amafaranga yo kongera kuza kwa muganga.",kinyarwanda,URGENT,obstetric,kinyarwanda->kinyarwanda:URGENT:obstetric,{REL} aratwite kandi afite umuriro.,Ndatwite kandi mfite umuriro.
"Simbizi niba bikomeye ariko, ndatwite kandi ndashaka kujya kwa muganga kwisuzumisha kuva mu cyumweru gishize. Urakoze.",kinyarwanda,ROUTINE,obstetric,kinyarwanda->kinyarwanda:ROUTINE:obstetric,Ndatwite kandi ndashaka kujya kwa muganga kwisuzumisha.,Ndatwite kandi ndashaka kujya kwa muganga kwisuzumisha.
"Mfasha vuba, umwana wanjye yagagaye kandi arimo guhinda umushyitsi kuva ejo nta miti imfasha",kinyarwanda,CRITICAL,neurological,kinyarwanda->kinyarwanda:CRITICAL:neurological,{REL} yagagaye kandi arimo guhinda umushyitsi.,{REL} yagagaye kandi arimo guhinda umushyitsi.
"Ndakeneye ubufasha, umugabo wanjye nta miti y'igituntu afite kuva ubu gitondo cya kare nta miti imfasha. Ese ibi birakomeye?",kinyarwanda,URGENT,chronic_care,kinyarwanda->kinyarwanda:URGENT:chronic_care,{REL} nta miti y'igituntu afite.,Nta miti y'igituntu mfite.
"Simbizi niba bikomeye ariko, mushiki wanjye afite ubushye bunini ku mubiri kuva hashize iminsi itatu nta miti imfasha. Ese ibi birakomeye?",kinyarwanda,CRITICAL,haemorrhage_trauma,kinyarwanda->kinyarwanda:CRITICAL:haemorrhage_trauma,{REL} afite ubushye bunini ku mubiri.,Mfite ubushye bunini ku mubiri.
"Muganga, ndumva naniwe ariko si cyane kuva hashize iminsi itatu kandi sinshobora gusinzira. Ntabasha kubona amafaranga yo kongera kuza kwa muganga.",kinyarwanda,ROUTINE,neurological,kinyarwanda->kinyarwanda:ROUTINE:neurological,ndumva naniwe ariko si cyane,ndumva naniwe ariko si cyane
"Ndashaka kukubwira ikibazo mfite. Umugabo wanjye afite ibimenyetso bya malariya, umuriro n'imbeho kuva mu gitondo biragenda bikagaruka. Urakoze.",kinyarwanda,URGENT,infectious_fever,kinyarwanda->kinyarwanda:URGENT:infectious_fever,"{REL} afite ibimenyetso bya malariya, umuriro n'imbeho.","Mfite ibimenyetso bya malariya, umuriro n'imbeho."
"Mfasha, mushiki wanjye amaze iminsi itatu arwaye impiswi zikomeye kuva hashize icyumweru. Abandi bana na bo bafite iki kibazo. Ntegereze cyangwa nsuzumwe ubu?",kinyarwanda,URGENT,gastrointestinal,kinyarwanda->kinyarwanda:URGENT:gastrointestinal,{REL} amaze iminsi itatu arwaye impiswi zikomeye.,maze iminsi itatu ndwaye impiswi zikomeye
"Mfasha vuba, mama ashaka kugirwa inama ku mazi yo kunywa kuva mu cyumweru gishize kandi sinshobora gusinzira. Naje mvuye kure.",kinyarwanda,ROUTINE,preventive,kinyarwanda->kinyarwanda:ROUTINE:preventive,{REL} ashaka kugirwa inama ku mazi yo kunywa.,Ndashaka kugirwa inama ku mazi yo kunywa.
"Mfasha vuba, umutima uratera cyane kandi nkumva umeze nk'aho uhagarara kuva mu cyumweru gishize kandi nta miti mfite. Ese ibi birakomeye?",kinyarwanda,CRITICAL,cardiac_respiratory,kinyarwanda->kinyarwanda:CRITICAL:cardiac_respiratory,umutima uratera cyane kandi nkumva umeze nk'aho uhagarara,umutima uratera cyane kandi nkumva umeze nk'aho uhagarara
"Mfasha vuba, ndashaka kujya kwa muganga kwisuzumisha diyabete kuva ijoro ryashize biragenda bikagaruka. Naje mvuye kure.",kinyarwanda,ROUTINE,chronic_care,kinyarwanda->kinyarwanda:ROUTINE:chronic_care,Ndashaka kujya kwa muganga kwisuzumisha diyabete.,Ndashaka kujya kwa muganga kwisuzumisha SIDA.
"Nyabuneka, ndashaka kujya kwa muganga kwisuzumisha SIDA kuva hashize iminsi ibiri biragenda bikagaruka. Ndakeneye ubufasha vuba.",kinyarwanda,ROUTINE,chronic_care,kinyarwanda->kinyarwanda:ROUTINE:chronic_care,Ndashaka kujya kwa muganga kwisuzumisha SIDA.,Ndashaka kujya kwa muganga kwisuzumisha SIDA.
Mfite impiswi zirimo amaraso bikarushaho nijoro. Ntabasha kubona amafaranga yo kongera kuza kwa muganga.,kinyarwanda,URGENT,gastrointestinal,kinyarwanda->kinyarwanda:URGENT:gastrointestinal,Mfite impiswi zirimo amaraso.,Mfite impiswi zirimo amaraso.
"Mfasha, umuturanyi wanjye iminwa ye yahindutse ubururu kuva hashize iminsi ibiri",kinyarwanda,CRITICAL,cardiac_respiratory,kinyarwanda->kinyarwanda:CRITICAL:cardiac_respiratory,{REL} iminwa ye yahindutse ubururu.,Iminwa yanjye yahindutse ubururu.
"Nyabuneka, maze umunsi wose mbabara ngerageza kubyara ariko umwana ntarasohoka kuva ubu gitondo cya kare nta miti imfasha. Ntegereze cyangwa nsuzumwe ubu?",kinyarwanda,CRITICAL,obstetric,kinyarwanda->kinyarwanda:CRITICAL:obstetric,Maze umunsi wose mbabara ngerageza kubyara ariko umwana ntarasohoka.,Maze umunsi wose mbabara ngerageza kubyara ariko umwana ntarasohoka.
"Muganga, umukecuru amaze ibyumweru birenga bibiri akorora kandi yatangiye no kunanuka kuva hashize icyumweru bikarushaho nijoro. Ese ibi birakomeye?",kinyarwanda,URGENT,cardiac_respiratory,kinyarwanda->kinyarwanda:URGENT:cardiac_respiratory,{REL} amaze ibyumweru birenga bibiri akorora kandi yatangiye no kunanuka.,Maze ibyumweru birenga bibiri nkorora kandi natangiye no kunanuka.
"Mfasha, isukari yo mu maraso yanjye yazamutse cyane kuva mu masaha abiri ashize. Ese ibi birakomeye?",kinyarwanda,URGENT,chronic_care,kinyarwanda->kinyarwanda:URGENT:chronic_care,isukari yo mu maraso yanjye yazamutse cyane,isukari yo mu maraso yanjye yazamutse cyane
"Mumbabarire, ndashaka kubabwira ikibazo mfite. Mfite umuriro mwinshi kandi ndakorora cyane kuva mu gitondo kandi nta miti mfite. Murakoze.",kinyarwanda,URGENT,infectious_fever,kinyarwanda->kinyarwanda:URGENT:infectious_fever,mfite umuriro mwinshi kandi ndakorora cyane,mfite umuriro mwinshi kandi ndakorora cyane
Ndashaka kukubwira ikibazo mfite. Umugore wanjye aratwite kandi yaragagaye kuva mu cyumweru gishize kandi ndahangayitse. Ni imiti ki nafata?,kinyarwanda,CRITICAL,obstetric,kinyarwanda->kinyarwanda:CRITICAL:obstetric,{REL} aratwite kandi yaragagaye.,Ndatwite kandi nagagaye.
"Mfasha, mfite umuriro mwinshi kandi ndakorora cyane. Byatangiye gitunguranye. Ese ibi birakomeye?",kinyarwanda,URGENT,infectious_fever,kinyarwanda->kinyarwanda:URGENT:infectious_fever,mfite umuriro mwinshi kandi ndakorora cyane,mfite umuriro mwinshi kandi ndakorora cyane
"Mumbabarire, ndashaka kubabwira ikibazo mfite. Amazi yamenetse ariko igihe cyo kubyara ntikiragera kuva mu cyumweru gishize biragenda bikagaruka. Naje mvuye kure.",kinyarwanda,URGENT,obstetric,kinyarwanda->kinyarwanda:URGENT:obstetric,Amazi yamenetse ariko igihe cyo kubyara ntikiragera.,Amazi yamenetse ariko igihe cyo kubyara ntikiragera.
"Nzanye umwana wanjye, umwana wanjye afite umuriro woroheje umaze umunsi umwe, ariko nta kindi kibazo afite kuva ejo biragenda bikagaruka",kinyarwanda,ROUTINE,infectious_fever,kinyarwanda->kinyarwanda:ROUTINE:infectious_fever,"{REL} afite umuriro woroheje umaze umunsi umwe, ariko nta kindi kibazo afite.","mfite umuriro woroheje umaze umunsi umwe, ariko nta kindi kibazo mfite"
"Mfasha vuba, ndashaka kujya kwa muganga kwisuzumisha SIDA kandi sinshobora gusinzira. Ndakeneye ubufasha vuba.",kinyarwanda,ROUTINE,chronic_care,kinyarwanda->kinyarwanda:ROUTINE:chronic_care,Ndashaka kujya kwa muganga kwisuzumisha SIDA.,Ndashaka kujya kwa muganga kwisuzumisha SIDA.
Ndashaka kukubwira ikibazo mfite. Umuturanyi wanjye amaze ibyumweru birenga bibiri arwaye impiswi kuva ejo,kinyarwanda,URGENT,gastrointestinal,kinyarwanda->kinyarwanda:URGENT:gastrointestinal,{REL} amaze ibyumweru birenga bibiri arwaye impiswi.,Maze ibyumweru birenga bibiri ndwaye impiswi.
Ndashaka kukubwira ikibazo mfite. Umuturanyi wanjye ahumeka bimugora cyane ku buryo adashobora no kuvuga neza kuva hashize icyumweru nta miti imfasha. Ni imiti ki nafata?,kinyarwanda,CRITICAL,cardiac_respiratory,kinyarwanda->kinyarwanda:CRITICAL:cardiac_respiratory,{REL} ahumeka bimugora cyane ku buryo adashobora no kuvuga neza.,Guhumeka birangora cyane ku buryo ntabasha no kuvuga neza.
"Ndakeneye ubufasha, umwana wanjye afite umuriro mwinshi kandi ntarya kuva ejo. Abandi bana na bo bafite iki kibazo. Urakoze.",kinyarwanda,URGENT,paediatric,kinyarwanda->kinyarwanda:URGENT:paediatric,{REL} afite umuriro mwinshi kandi ntarya.,{REL} afite umuriro mwinshi kandi ntarya.
"Simbizi niba bikomeye ariko, guhumeka birangora cyane ku buryo ntabasha no kuvuga neza kuva mu gitondo kandi ndahangayitse. Ntegereze cyangwa nsuzumwe ubu?",kinyarwanda,CRITICAL,cardiac_respiratory,kinyarwanda->kinyarwanda:CRITICAL:cardiac_respiratory,Guhumeka birangora cyane ku buryo ntabasha no kuvuga neza.,Guhumeka birangora cyane ku buryo ntabasha no kuvuga neza.
"Naje hano mbere, ndatwite kandi ndashaka kujya kwa muganga kwisuzumisha kuva ubu gitondo cya kare. Ese ibi birakomeye?",kinyarwanda,ROUTINE,obstetric,kinyarwanda->kinyarwanda:ROUTINE:obstetric,Ndatwite kandi ndashaka kujya kwa muganga kwisuzumisha.,Ndatwite kandi ndashaka kujya kwa muganga kwisuzumisha.
"Mfasha, umugore wanjye afite igikomere cyanduye, kiratukura kandi kirimo amashyira kuva ubu gitondo cya kare kandi ndahangayitse. Murakoze.",kinyarwanda,URGENT,haemorrhage_trauma,kinyarwanda->kinyarwanda:URGENT:haemorrhage_trauma,"{REL} afite igikomere cyanduye, kiratukura kandi kirimo amashyira.","mfite igikomere cyanduye, kiratukura kandi kirimo amashyira"
"Nyabuneka, mu gituza harandya cyane kandi ububabare bukagera no ku kuboko kuva mu masaha abiri ashize bikarushaho nijoro. Ntabasha kubona amafaranga yo kongera kuza kwa muganga.",kinyarwanda,CRITICAL,cardiac_respiratory,kinyarwanda->kinyarwanda:CRITICAL:cardiac_respiratory,mu gituza harandya cyane kandi ububabare bukagera no ku kuboko,mu gituza harandya cyane kandi ububabare bukagera no ku kuboko
"Mfasha, umuturanyi wanjye nta miti y'igituntu afite kuva ejo kandi nta miti mfite. Ndakeneye ubufasha vuba.",kinyarwanda,URGENT,chronic_care,kinyarwanda->kinyarwanda:URGENT:chronic_care,{REL} nta miti y'igituntu afite.,Nta miti y'igituntu mfite.
"Muganga, umwana wanjye arumva igituza kimuremereye cyane kandi ububabare bukagera no ku rwasaya cyangwa ku kuboko kuva ubu gitondo cya kare. Byatangiye gitunguranye. Mfasha muganga.",kinyarwanda,CRITICAL,cardiac_respiratory,kinyarwanda->kinyarwanda:CRITICAL:cardiac_respiratory,{REL} arumva igituza kimuremereye cyane kandi ububabare bukagera no ku rwasaya cyangwa ku kuboko.,{REL} arumva igituza kimuremereye cyane kandi ububabare bukagera no ku rwasaya cyangwa ku kuboko.
Maze umunsi wose mbabara ngerageza kubyara ariko umwana ntarasohoka nta miti imfasha. Mfasha muganga.,kinyarwanda,CRITICAL,obstetric,kinyarwanda->kinyarwanda:CRITICAL:obstetric,Maze umunsi wose mbabara ngerageza kubyara ariko umwana ntarasohoka.,Maze umunsi wose mbabara ngerageza kubyara ariko umwana ntarasohoka.
"Ndakeneye ubufasha, mfite igikomere gito kandi amaraso yarahagaze kuva mu masaha abiri ashize bikarushaho nijoro. Ese ibi birakomeye?",kinyarwanda,ROUTINE,haemorrhage_trauma,kinyarwanda->kinyarwanda:ROUTINE:haemorrhage_trauma,Mfite igikomere gito kandi amaraso yarahagaze.,Mfite igikomere gito kandi amaraso yarahagaze.
"Mfasha, mama afite ububabare bukabije mu nda kuva mu gitondo. Abandi bana na bo bafite iki kibazo. Mfasha muganga.",kinyarwanda,URGENT,gastrointestinal,kinyarwanda->kinyarwanda:URGENT:gastrointestinal,{REL} afite ububabare bukabije mu nda.,Mfite ububabare bukabije mu nda.
"Mfasha vuba, ndumva naniwe ariko si cyane biragenda bikagaruka",kinyarwanda,ROUTINE,neurological,kinyarwanda->kinyarwanda:ROUTINE:neurological,ndumva naniwe ariko si cyane,ndumva naniwe ariko si cyane
"Mfasha, umukecuru afite igikomere ku mutwe nyuma yo kugwa kuva ejo nta miti imfasha. Naje mvuye kure.",kinyarwanda,CRITICAL,haemorrhage_trauma,kinyarwanda->kinyarwanda:CRITICAL:haemorrhage_trauma,{REL} afite igikomere ku mutwe nyuma yo kugwa.,mfite igikomere ku mutwe nyuma yo kugwa
"Muganga, ndashaka imiti y'inzoka y'umwana wanjye kuva ijoro ryashize nta miti imfasha. Naje mvuye kure.",kinyarwanda,ROUTINE,preventive,kinyarwanda->kinyarwanda:ROUTINE:preventive,Ndashaka imiti y'inzoka y'umwana wanjye.,Ndashaka imiti y'inzoka y'umwana wanjye.
"Naje hano mbere, iyo mpumeka, numva igituza gifashe kandi mpumeka nkumva hari ijwi ridasanzwe kuva mu cyumweru gishize kandi sinshobora gusinzira. Naje mvuye kure.",kinyarwanda,URGENT,cardiac_respiratory,kinyarwanda->kinyarwanda:URGENT:cardiac_respiratory,"Iyo mpumeka, numva igituza gifashe kandi mpumeka nkumva hari ijwi ridasanzwe.","Iyo mpumeka, numva igituza gifashe kandi mpumeka nkumva hari ijwi ridasanzwe."
"Nzanye umwana wanjye, umuturanyi wanjye afite impiswi zikomeye kandi yagize umwuma kuva mu masaha abiri ashize biragenda bikagaruka. Nkora iki?",kinyarwanda,CRITICAL,gastrointestinal,kinyarwanda->kinyarwanda:CRITICAL:gastrointestinal,{REL} afite impiswi zikomeye kandi yagize umwuma.,{REL} afite impiswi zikomeye kandi yagize umwuma.
"Muganga, papa afite umuriro mwinshi kandi yaragagaye kuva ubu gitondo cya kare kandi ndahangayitse. Ntegereze cyangwa nsuzumwe ubu?",kinyarwanda,CRITICAL,infectious_fever,kinyarwanda->kinyarwanda:CRITICAL:infectious_fever,{REL} afite umuriro mwinshi kandi yaragagaye.,Mfite umuriro mwinshi kandi nagagaye.
"Naje hano mbere, isukari yo mu maraso yanjye yazamutse cyane kuva hashize icyumweru biragenda bikagaruka. Mfasha muganga.",kinyarwanda,URGENT,chronic_care,kinyarwanda->kinyarwanda:URGENT:chronic_care,isukari yo mu maraso yanjye yazamutse cyane,isukari yo mu maraso yanjye yazamutse cyane
"Mumbabarire, ndashaka kubabwira ikibazo mfite. Umugore wanjye afite ibimenyetso bya malariya, umuriro n'imbeho kuva hashize iminsi ibiri kandi sinshobora gusinzira",kinyarwanda,URGENT,infectious_fever,kinyarwanda->kinyarwanda:URGENT:infectious_fever,"{REL} afite ibimenyetso bya malariya, umuriro n'imbeho.","Mfite ibimenyetso bya malariya, umuriro n'imbeho."
"Mfasha, umugore wanjye arakomeza kuruka kandi ntashobora kurya kuva hashize icyumweru kandi nta miti mfite. Nkora iki?",kinyarwanda,URGENT,gastrointestinal,kinyarwanda->kinyarwanda:URGENT:gastrointestinal,{REL} arakomeza kuruka kandi ntashobora kurya.,ndakomeza kuruka kandi sinshobora kurya
"Mfasha vuba, mfite umwanda usa umukara kuva mu masaha abiri ashize kandi birushaho kuba bibi. Mfasha muganga.",kinyarwanda,CRITICAL,gastrointestinal,kinyarwanda->kinyarwanda:CRITICAL:gastrointestinal,Mfite umwanda usa umukara.,Mfite umwanda usa umukara.
"Muganga, nkorora gake ariko nta muriro mfite kuva ubu gitondo cya kare. Byatangiye gitunguranye. Urakoze.",kinyarwanda,ROUTINE,cardiac_respiratory,kinyarwanda->kinyarwanda:ROUTINE:cardiac_respiratory,Nkorora gake ariko nta muriro mfite.,Nkorora gake ariko nta muriro mfite.
"Simbizi niba bikomeye ariko, nyuma yo kubyara, mushiki wanjye afite umuriro kandi hari ibintu bisohoka bifite impumuro mbi kuva mu cyumweru gishize kandi sinshobora gusinzira. Mfasha muganga.",kinyarwanda,CRITICAL,obstetric,kinyarwanda->kinyarwanda:CRITICAL:obstetric,"Nyuma yo kubyara, {REL} afite umuriro kandi hari ibintu bisohoka bifite impumuro mbi.",Nyuma yo kubyara mfite umuriro kandi hari ibintu bisohoka bifite impumuro mbi.
"Mfasha, umwana wanjye ashaka ko bapima SIDA kuva ubu gitondo cya kare. Byatangiye gitunguranye. Ndakeneye ubufasha vuba.",kinyarwanda,ROUTINE,preventive,kinyarwanda->kinyarwanda:ROUTINE:preventive,{REL} ashaka ko bapima SIDA.,Ndashaka ko bapima SIDA.
Ndashaka kongererwa imiti mfata kuva mu gitondo kandi nta miti mfite. Ni imiti ki nafata?,kinyarwanda,ROUTINE,chronic_care,kinyarwanda->kinyarwanda:ROUTINE:chronic_care,ndashaka kongererwa imiti mfata,ndashaka kongererwa imiti mfata
Umugore wanjye amaze ibyumweru birenga bibiri akorora kandi yatangiye no kunanuka kuva ijoro ryashize bikarushaho nijoro. Ese ibi birakomeye?,kinyarwanda,URGENT,cardiac_respiratory,kinyarwanda->kinyarwanda:URGENT:cardiac_respiratory,{REL} amaze ibyumweru birenga bibiri akorora kandi yatangiye no kunanuka.,Maze ibyumweru birenga bibiri nkorora kandi natangiye no kunanuka.
"Ndakeneye ubufasha, umuturanyi wanjye amaze ibyumweru birenga bibiri arwaye impiswi kuva hashize iminsi itatu bikarushaho nijoro. Ese ibi birakomeye?",kinyarwanda,URGENT,gastrointestinal,kinyarwanda->kinyarwanda:URGENT:gastrointestinal,{REL} amaze ibyumweru birenga bibiri arwaye impiswi.,Maze ibyumweru birenga bibiri ndwaye impiswi.
"Muraho, mushiki wanjye yabyimbye ibirenge kandi ntashobora guhumeka neza iyo aragaramye kuva ijoro ryashize kandi birushaho kuba bibi. Murakoze.",kinyarwanda,URGENT,chronic_care,kinyarwanda->kinyarwanda:URGENT:chronic_care,{REL} yabyimbye ibirenge kandi ntashobora guhumeka neza iyo aragaramye.,Nabyimbye ibirenge kandi sinshobora guhumeka neza iyo ndagaramye.
"Mfasha, mushiki wanjye arumva igituza kimuremereye cyane kandi ububabare bukagera no ku rwasaya cyangwa ku kuboko.",kinyarwanda,CRITICAL,cardiac_respiratory,kinyarwanda->kinyarwanda:CRITICAL:cardiac_respiratory,{REL} arumva igituza kimuremereye cyane kandi ububabare bukagera no ku rwasaya cyangwa ku kuboko.,{REL} arumva igituza kimuremereye cyane kandi ububabare bukagera no ku rwasaya cyangwa ku kuboko.
"Nzanye umwana wanjye, mfite impiswi zirimo amaraso kuva ubu gitondo cya kare. Byatangiye gitunguranye. Ese ibi birakomeye?",kinyarwanda,URGENT,gastrointestinal,kinyarwanda->kinyarwanda:URGENT:gastrointestinal,Mfite impiswi zirimo amaraso.,Mfite impiswi zirimo amaraso.
"Simbizi niba bikomeye ariko, mama arakomeza kuruka kandi ntashobora kurya kuva ubu gitondo cya kare kandi ndahangayitse. Urakoze.",kinyarwanda,URGENT,gastrointestinal,kinyarwanda->kinyarwanda:URGENT:gastrointestinal,{REL} arakomeza kuruka kandi ntashobora kurya.,ndakomeza kuruka kandi sinshobora kurya
"Ndashaka kukubwira ikibazo mfite. Nyuma yo kubyara, umugore wanjye afite umuriro kandi hari ibintu bisohoka bifite impumuro mbi kuva hashize iminsi ibiri bikarushaho nijoro. Ntabasha kubona amafaranga yo kongera kuza kwa muganga.",kinyarwanda,CRITICAL,obstetric,kinyarwanda->kinyarwanda:CRITICAL:obstetric,"Nyuma yo kubyara, {REL} afite umuriro kandi hari ibintu bisohoka bifite impumuro mbi.",Nyuma yo kubyara mfite umuriro kandi hari ibintu bisohoka bifite impumuro mbi.
Ndashaka kukubwira ikibazo mfite. Ndatwite kandi nagagaye kuva hashize iminsi ibiri kandi sinshobora gusinzira. Ese ibi birakomeye?,kinyarwanda,CRITICAL,obstetric,kinyarwanda->kinyarwanda:CRITICAL:obstetric,Ndatwite kandi nagagaye.,Ndatwite kandi nagagaye.
Ndashaka kukubwira ikibazo mfite. Mfite umwanda usa umukara kuva hashize iminsi ibiri kandi ndahangayitse. Ntabasha kubona amafaranga yo kongera kuza kwa muganga.,kinyarwanda,CRITICAL,gastrointestinal,kinyarwanda->kinyarwanda:CRITICAL:gastrointestinal,Mfite umwanda usa umukara.,Mfite umwanda usa umukara.
Umuturanyi wanjye ari kuva amaraso menshi kandi ntahagarara kandi sinshobora gusinzira. Ntegereze cyangwa nsuzumwe ubu?,kinyarwanda,CRITICAL,haemorrhage_trauma,kinyarwanda->kinyarwanda:CRITICAL:haemorrhage_trauma,{REL} ari kuva amaraso menshi kandi ntahagarara.,ndi kuva amaraso menshi kandi ntahagarara
Ndashaka kukubwira ikibazo mfite. Umuturanyi wanjye ahumeka bimugora cyane ku buryo adashobora no kuvuga neza kuva hashize iminsi itatu. Byatangiye gitunguranye. Ese ibi birakomeye?,kinyarwanda,CRITICAL,cardiac_respiratory,kinyarwanda->kinyarwanda:CRITICAL:cardiac_respiratory,{REL} ahumeka bimugora cyane ku buryo adashobora no kuvuga neza.,Guhumeka birangora cyane ku buryo ntabasha no kuvuga neza.
"Mfasha, papa amaze ibyumweru birenga bibiri arwaye impiswi kuva ijoro ryashize kandi ndahangayitse. Ntegereze cyangwa nsuzumwe ubu?",kinyarwanda,URGENT,gastrointestinal,kinyarwanda->kinyarwanda:URGENT:gastrointestinal,{REL} amaze ibyumweru birenga bibiri arwaye impiswi.,Maze ibyumweru birenga bibiri ndwaye impiswi.
"Muraho, umwana wanjye afite igikomere gito kandi amaraso yarahagaze kuva mu cyumweru gishize biragenda bikagaruka. Ese ibi birakomeye?",kinyarwanda,ROUTINE,haemorrhage_trauma,kinyarwanda->kinyarwanda:ROUTINE:haemorrhage_trauma,{REL} afite igikomere gito kandi amaraso yarahagaze.,Mfite igikomere gito kandi amaraso yarahagaze.
"Nzanye umwana wanjye, mushiki wanjye yagagaye kandi arimo guhinda umushyitsi kuva mu masaha abiri ashize kandi sinshobora gusinzira. Nkora iki?",kinyarwanda,CRITICAL,neurological,kinyarwanda->kinyarwanda:CRITICAL:neurological,{REL} yagagaye kandi arimo guhinda umushyitsi.,{REL} yagagaye kandi arimo guhinda umushyitsi.
"Mumbabarire, ndashaka kubabwira ikibazo mfite. Papa nta miti y'igituntu afite kuva hashize iminsi itatu. Byatangiye gitunguranye. Nkora iki?",kinyarwanda,URGENT,chronic_care,kinyarwanda->kinyarwanda:URGENT:chronic_care,{REL} nta miti y'igituntu afite.,Nta miti y'igituntu mfite.
"Simbizi niba bikomeye ariko, mu gituza harandya cyane kandi ububabare bukagera no ku kuboko nta miti imfasha. Ntegereze cyangwa nsuzumwe ubu?",kinyarwanda,CRITICAL,cardiac_respiratory,kinyarwanda->kinyarwanda:CRITICAL:cardiac_respiratory,mu gituza harandya cyane kandi ububabare bukagera no ku kuboko,mu gituza harandya cyane kandi ububabare bukagera no ku kuboko
"Nyabuneka, mama nta miti ya SIDA afite kuva ejo biragenda bikagaruka. Naje mvuye kure.",kinyarwanda,URGENT,chronic_care,kinyarwanda->kinyarwanda:URGENT:chronic_care,{REL} nta miti ya SIDA afite.,Nta miti ya SIDA mfite.
"Muganga, ndashaka kongererwa imiti mfata kuva mu masaha abiri ashize kandi nta miti mfite. Nkora iki?",kinyarwanda,ROUTINE,chronic_care,kinyarwanda->kinyarwanda:ROUTINE:chronic_care,ndashaka kongererwa imiti mfata,ndashaka kongererwa imiti mfata
"Naje hano mbere, mama aratwite kandi yaragagaye kuva mu masaha abiri ashize kandi ndahangayitse. Ntegereze cyangwa nsuzumwe ubu?",kinyarwanda,CRITICAL,obstetric,kinyarwanda->kinyarwanda:CRITICAL:obstetric,{REL} aratwite kandi yaragagaye.,Ndatwite kandi nagagaye.
Ndashaka kukubwira ikibazo mfite. Ndatwite kandi ndashaka kujya kwa muganga kwisuzumisha kuva hashize iminsi ibiri kandi birushaho kuba bibi. Ndakeneye ubufasha vuba.,kinyarwanda,ROUTINE,obstetric,kinyarwanda->kinyarwanda:ROUTINE:obstetric,Ndatwite kandi ndashaka kujya kwa muganga kwisuzumisha.,Ndatwite kandi ndashaka kujya kwa muganga kwisuzumisha.
"Nyabuneka, ndatwite kandi nagagaye kuva mu gitondo kandi birushaho kuba bibi. Ntabasha kubona amafaranga yo kongera kuza kwa muganga.",kinyarwanda,CRITICAL,obstetric,kinyarwanda->kinyarwanda:CRITICAL:obstetric,Ndatwite kandi nagagaye.,Ndatwite kandi nagagaye.
"Nzanye umwana wanjye, amazuru arantemba gake kuva ejo bikarushaho nijoro. Naje mvuye kure.",kinyarwanda,ROUTINE,infectious_fever,kinyarwanda->kinyarwanda:ROUTINE:infectious_fever,amazuru arantemba gake,amazuru arantemba gake
Ndashaka kukubwira ikibazo mfite. Umwana wanjye akorora gake ariko nta muriro afite kuva ijoro ryashize. Byatangiye gitunguranye.,kinyarwanda,ROUTINE,cardiac_respiratory,kinyarwanda->kinyarwanda:ROUTINE:cardiac_respiratory,{REL} akorora gake ariko nta muriro afite.,Nkorora gake ariko nta muriro mfite.
Ndashaka kukubwira ikibazo mfite. Umutima uratera cyane kandi nkumva umeze nk'aho uhagarara kuva ejo. Byatangiye gitunguranye. Ntabasha kubona amafaranga yo kongera kuza kwa muganga.,kinyarwanda,CRITICAL,cardiac_respiratory,kinyarwanda->kinyarwanda:CRITICAL:cardiac_respiratory,umutima uratera cyane kandi nkumva umeze nk'aho uhagarara,umutima uratera cyane kandi nkumva umeze nk'aho uhagarara
Amazi yamenetse ariko igihe cyo kubyara ntikiragera kuva ijoro ryashize. Abandi bana na bo bafite iki kibazo. Nkora iki?,kinyarwanda,URGENT,obstetric,kinyarwanda->kinyarwanda:URGENT:obstetric,Amazi yamenetse ariko igihe cyo kubyara ntikiragera.,Amazi yamenetse ariko igihe cyo kubyara ntikiragera.
"Naje hano mbere, mama isukari yo mu maraso ye yazamutse cyane kuva mu gitondo. Naje mvuye kure.",kinyarwanda,URGENT,chronic_care,kinyarwanda->kinyarwanda:URGENT:chronic_care,{REL} isukari yo mu maraso ye yazamutse cyane.,isukari yo mu maraso yanjye yazamutse cyane
"Nyabuneka, umugabo wanjye afite impiswi zirimo amaraso kuva hashize icyumweru kandi nta miti mfite. Ntabasha kubona amafaranga yo kongera kuza kwa muganga.",kinyarwanda,URGENT,gastrointestinal,kinyarwanda->kinyarwanda:URGENT:gastrointestinal,{REL} afite impiswi zirimo amaraso.,Mfite impiswi zirimo amaraso.
"Nzanye umwana wanjye, mfite igikomere gito kandi amaraso yarahagaze kuva ejo kandi sinshobora gusinzira. Murakoze.",kinyarwanda,ROUTINE,haemorrhage_trauma,kinyarwanda->kinyarwanda:ROUTINE:haemorrhage_trauma,Mfite igikomere gito kandi amaraso yarahagaze.,Mfite igikomere gito kandi amaraso yarahagaze.
"Mfasha vuba, umwana wanjye akorora gake ariko nta muriro afite kuva ubu gitondo cya kare. Abandi bana na bo bafite iki kibazo. Urakoze.",kinyarwanda,ROUTINE,cardiac_respiratory,kinyarwanda->kinyarwanda:ROUTINE:cardiac_respiratory,{REL} akorora gake ariko nta muriro afite.,Nkorora gake ariko nta muriro mfite.
"Muraho, papa ashaka ko bapima ibiro by'umwana we kuva ejo kandi birushaho kuba bibi. Urakoze.",kinyarwanda,ROUTINE,paediatric,kinyarwanda->kinyarwanda:ROUTINE:paediatric,{REL} ashaka ko bapima ibiro by'umwana we.,Ndashaka ko bapima ibiro by'umwana wanjye.
"Muganga, umwana wanjye akorora gake ariko nta muriro afite kuva hashize iminsi itatu. Byatangiye gitunguranye. Ntabasha kubona amafaranga yo kongera kuza kwa muganga.",kinyarwanda,ROUTINE,cardiac_respiratory,kinyarwanda->kinyarwanda:ROUTINE:cardiac_respiratory,{REL} akorora gake ariko nta muriro afite.,Nkorora gake ariko nta muriro mfite.
Ndashaka kukubwira ikibazo mfite. Mushiki wanjye amaze umunsi wose ari mu bubabare bwo kubyara ariko umwana ntarasohoka kuva ubu gitondo cya kare kandi sinshobora gusinzira. Ndakeneye ubufasha vuba.,kinyarwanda,CRITICAL,obstetric,kinyarwanda->kinyarwanda:CRITICAL:obstetric,{REL} amaze umunsi wose ari mu bubabare bwo kubyara ariko umwana ntarasohoka.,Maze umunsi wose mbabara ngerageza kubyara ariko umwana ntarasohoka.
"Nyabuneka, umukecuru isukari yo mu maraso ye yazamutse cyane kuva mu gitondo. Ntabasha kubona amafaranga yo kongera kuza kwa muganga.",kinyarwanda,URGENT,chronic_care,kinyarwanda->kinyarwanda:URGENT:chronic_care,{REL} isukari yo mu maraso ye yazamutse cyane.,isukari yo mu maraso yanjye yazamutse cyane
"Naje hano mbere, umukecuru afite ibimenyetso bya malariya, umuriro n'imbeho kuva hashize iminsi ibiri. Abandi bana na bo bafite iki kibazo. Urakoze.",kinyarwanda,URGENT,infectious_fever,kinyarwanda->kinyarwanda:URGENT:infectious_fever,"{REL} afite ibimenyetso bya malariya, umuriro n'imbeho.","Mfite ibimenyetso bya malariya, umuriro n'imbeho."
"Ndakeneye ubufasha, umuturanyi wanjye afite ububabare bukabije mu nda kuva hashize icyumweru bikarushaho nijoro",kinyarwanda,URGENT,gastrointestinal,kinyarwanda->kinyarwanda:URGENT:gastrointestinal,{REL} afite ububabare bukabije mu nda.,Mfite ububabare bukabije mu nda.
Ndashaka kukubwira ikibazo mfite. Mama aratwite kandi yaragagaye kuva mu masaha abiri ashize kandi sinshobora gusinzira. Mfasha muganga.,kinyarwanda,CRITICAL,obstetric,kinyarwanda->kinyarwanda:CRITICAL:obstetric,{REL} aratwite kandi yaragagaye.,Ndatwite kandi nagagaye.
"Ndakeneye ubufasha, amazi yamenetse ariko igihe cyo kubyara ntikiragera kuva ubu gitondo cya kare kandi nta miti mfite. Urakoze.",kinyarwanda,URGENT,obstetric,kinyarwanda->kinyarwanda:URGENT:obstetric,Amazi yamenetse ariko igihe cyo kubyara ntikiragera.,Amazi yamenetse ariko igihe cyo kubyara ntikiragera.
"Naje hano mbere, umwana wanjye afite umuriro mwinshi kandi ntarya kuva ejo. Byatangiye gitunguranye.",kinyarwanda,URGENT,paediatric,kinyarwanda->kinyarwanda:URGENT:paediatric,{REL} afite umuriro mwinshi kandi ntarya.,{REL} afite umuriro mwinshi kandi ntarya.
Ndashaka kukubwira ikibazo mfite. Umugore wanjye aratwite kandi ashaka kwisuzumisha kwa muganga bwa mbere kuva mu gitondo. Abandi bana na bo bafite iki kibazo. Nkora iki?,kinyarwanda,ROUTINE,preventive,kinyarwanda->kinyarwanda:ROUTINE:preventive,{REL} aratwite kandi ashaka kwisuzumisha kwa muganga bwa mbere.,Ndatwite kandi ndashaka kwisuzumisha kwa muganga bwa mbere.
"Ndakeneye ubufasha, mfite igikomere ku mutwe nyuma yo kugwa kuva mu masaha abiri ashize bikarushaho nijoro. Nkora iki?",kinyarwanda,CRITICAL,haemorrhage_trauma,kinyarwanda->kinyarwanda:CRITICAL:haemorrhage_trauma,mfite igikomere ku mutwe nyuma yo kugwa,mfite igikomere ku mutwe nyuma yo kugwa
"Naje hano mbere, ndashaka imiti y'inzoka y'umwana wanjye kuva hashize iminsi itatu kandi birushaho kuba bibi. Ndakeneye ubufasha vuba.",kinyarwanda,ROUTINE,preventive,kinyarwanda->kinyarwanda:ROUTINE:preventive,Ndashaka imiti y'inzoka y'umwana wanjye.,Ndashaka imiti y'inzoka y'umwana wanjye.
"Muganga, umukecuru ari kuva amaraso menshi kandi ntahagarara kuva mu gitondo biragenda bikagaruka. Ndakeneye ubufasha vuba.",kinyarwanda,CRITICAL,haemorrhage_trauma,kinyarwanda->kinyarwanda:CRITICAL:haemorrhage_trauma,{REL} ari kuva amaraso menshi kandi ntahagarara.,ndi kuva amaraso menshi kandi ntahagarara
"Nzanye umwana wanjye, uruhande rumwe rw'umubiri we ntirukora kuva hashize iminsi itatu. Abandi bana na bo bafite iki kibazo. Ntabasha kubona amafaranga yo kongera kuza kwa muganga.",kinyarwanda,CRITICAL,neurological,kinyarwanda->kinyarwanda:CRITICAL:neurological,Uruhande rumwe rw'umubiri we ntirukora.,Uruhande rumwe rw'umubiri we ntirukora.
"Mfasha vuba, papa ashaka ko bapima SIDA. Byatangiye gitunguranye. Ntegereze cyangwa nsuzumwe ubu?",kinyarwanda,ROUTINE,preventive,kinyarwanda->kinyarwanda:ROUTINE:preventive,{REL} ashaka ko bapima SIDA.,Ndashaka ko bapima SIDA.
"Nzanye umwana wanjye, mama aratwite kandi afite umuriro kuva mu masaha abiri ashize kandi birushaho kuba bibi. Nkora iki?",kinyarwanda,URGENT,obstetric,kinyarwanda->kinyarwanda:URGENT:obstetric,{REL} aratwite kandi afite umuriro.,Ndatwite kandi mfite umuriro.
"Ndakeneye ubufasha, mushiki wanjye aratwite kandi yaragagaye kuva mu masaha abiri ashize biragenda bikagaruka. Mfasha muganga.",kinyarwanda,CRITICAL,obstetric,kinyarwanda->kinyarwanda:CRITICAL:obstetric,{REL} aratwite kandi yaragagaye.,Ndatwite kandi nagagaye.
"Mumbabarire, ndashaka kubabwira ikibazo mfite. Umugabo wanjye yagagaye kandi arimo guhinda umushyitsi kuva hashize icyumweru. Byatangiye gitunguranye.",kinyarwanda,CRITICAL,neurological,kinyarwanda->kinyarwanda:CRITICAL:neurological,{REL} yagagaye kandi arimo guhinda umushyitsi.,{REL} yagagaye kandi arimo guhinda umushyitsi.
"Muganga, ndatwite kandi mfite umuriro kuva ubu gitondo cya kare kandi nta miti mfite. Murakoze.",kinyarwanda,URGENT,obstetric,kinyarwanda->kinyarwanda:URGENT:obstetric,Ndatwite kandi mfite umuriro.,Ndatwite kandi mfite umuriro.
"Ndakeneye ubufasha, mama yabyimbye ibirenge kandi ntashobora guhumeka neza iyo aragaramye kuva mu cyumweru gishize kandi birushaho kuba bibi. Ntabasha kubona amafaranga yo kongera kuza kwa muganga.",kinyarwanda,URGENT,chronic_care,kinyarwanda->kinyarwanda:URGENT:chronic_care,{REL} yabyimbye ibirenge kandi ntashobora guhumeka neza iyo aragaramye.,Nabyimbye ibirenge kandi sinshobora guhumeka neza iyo ndagaramye.
"Mfasha vuba, ndatwite, umutwe urandya cyane kandi sinshobora kureba neza kuva ejo. Abandi bana na bo bafite iki kibazo. Naje mvuye kure.",kinyarwanda,CRITICAL,obstetric,kinyarwanda->kinyarwanda:CRITICAL:obstetric,"Ndatwite, umutwe urandya cyane kandi sinshobora kureba neza.","Ndatwite, umutwe urandya cyane kandi sinshobora kureba neza."
"Mumbabarire, ndashaka kubabwira ikibazo mfite. Umugore wanjye aratwite kandi afite umuriro kuva mu gitondo bikarushaho nijoro",kinyarwanda,URGENT,obstetric,kinyarwanda->kinyarwanda:URGENT:obstetric,{REL} aratwite kandi afite umuriro.,Ndatwite kandi mfite umuriro.
"Muraho, mama ashaka kugirwa inama ku mazi yo kunywa kandi nta miti mfite",kinyarwanda,ROUTINE,preventive,kinyarwanda->kinyarwanda:ROUTINE:preventive,{REL} ashaka kugirwa inama ku mazi yo kunywa.,Ndashaka kugirwa inama ku mazi yo kunywa.
"Muraho, mfite umuhaha kuva mu cyumweru gishize. Byatangiye gitunguranye. Nkora iki?",kinyarwanda,URGENT,paediatric,kinyarwanda->kinyarwanda:URGENT:paediatric,Mfite umuhaha.,Mfite umuhaha.
"Nzanye umwana wanjye, amazi yamenetse ariko igihe cyo kubyara ntikiragera biragenda bikagaruka. Ese ibi birakomeye?",kinyarwanda,URGENT,obstetric,kinyarwanda->kinyarwanda:URGENT:obstetric,Amazi yamenetse ariko igihe cyo kubyara ntikiragera.,Amazi yamenetse ariko igihe cyo kubyara ntikiragera.
"Naje hano mbere, umwana wanjye akorora gake ariko nta muriro afite kuva ijoro ryashize kandi ndahangayitse. Mfasha muganga.",kinyarwanda,ROUTINE,cardiac_respiratory,kinyarwanda->kinyarwanda:ROUTINE:cardiac_respiratory,{REL} akorora gake ariko nta muriro afite.,Nkorora gake ariko nta muriro mfite.
"Nzanye umwana wanjye, ndaruka cyane kandi numva mfite intege nke kuva ijoro ryashize kandi ndahangayitse. Ni imiti ki nafata?",kinyarwanda,URGENT,gastrointestinal,kinyarwanda->kinyarwanda:URGENT:gastrointestinal,ndaruka cyane kandi numva mfite intege nke,ndaruka cyane kandi numva mfite intege nke
Ndashaka kukubwira ikibazo mfite. Ndava amaraso menshi nyuma yo kubyara kuva ijoro ryashize biragenda bikagaruka,kinyarwanda,CRITICAL,obstetric,kinyarwanda->kinyarwanda:CRITICAL:obstetric,ndava amaraso menshi nyuma yo kubyara,ndava amaraso menshi nyuma yo kubyara
"Mfasha, umugabo wanjye afite impiswi zikomeye kandi yagize umwuma kuva mu gitondo. Abandi bana na bo bafite iki kibazo. Ntegereze cyangwa nsuzumwe ubu?",kinyarwanda,CRITICAL,gastrointestinal,kinyarwanda->kinyarwanda:CRITICAL:gastrointestinal,{REL} afite impiswi zikomeye kandi yagize umwuma.,{REL} afite impiswi zikomeye kandi yagize umwuma.
Ndashaka kukubwira ikibazo mfite. Umugabo wanjye afite igikomere ku mutwe nyuma yo kugwa kuva ijoro ryashize kandi birushaho kuba bibi. Ni imiti ki nafata?,kinyarwanda,CRITICAL,haemorrhage_trauma,kinyarwanda->kinyarwanda:CRITICAL:haemorrhage_trauma,{REL} afite igikomere ku mutwe nyuma yo kugwa.,mfite igikomere ku mutwe nyuma yo kugwa
"Naje hano mbere, mu rugo hari umuntu urwaye igituntu kandi ndashaka kwisuzumisha kuva ijoro ryashize biragenda bikagaruka. Ndakeneye ubufasha vuba.",kinyarwanda,URGENT,preventive,kinyarwanda->kinyarwanda:URGENT:preventive,Mu rugo hari umuntu urwaye igituntu kandi ndashaka kwisuzumisha.,Mu rugo hari umuntu urwaye igituntu kandi ndashaka kwisuzumisha.
"Muraho, mfite ubushye bunini ku mubiri kuva mu cyumweru gishize kandi sinshobora gusinzira. Mfasha muganga.",kinyarwanda,CRITICAL,haemorrhage_trauma,kinyarwanda->kinyarwanda:CRITICAL:haemorrhage_trauma,Mfite ubushye bunini ku mubiri.,Mfite ubushye bunini ku mubiri.
"Ndashaka kukubwira ikibazo mfite. Umwana wanjye afite umuriro woroheje umaze umunsi umwe, ariko nta kindi kibazo afite kuva hashize iminsi itatu. Byatangiye gitunguranye. Mfasha muganga.",kinyarwanda,ROUTINE,infectious_fever,kinyarwanda->kinyarwanda:ROUTINE:infectious_fever,"{REL} afite umuriro woroheje umaze umunsi umwe, ariko nta kindi kibazo afite.","mfite umuriro woroheje umaze umunsi umwe, ariko nta kindi kibazo mfite"
"Mumbabarire, ndashaka kubabwira ikibazo mfite. Umwana wanjye yabyimbye ibirenge kandi ntashobora guhumeka neza iyo aragaramye kuva hashize iminsi itatu bikarushaho nijoro. Ntabasha kubona amafaranga yo kongera kuza kwa muganga.",kinyarwanda,URGENT,chronic_care,kinyarwanda->kinyarwanda:URGENT:chronic_care,{REL} yabyimbye ibirenge kandi ntashobora guhumeka neza iyo aragaramye.,Nabyimbye ibirenge kandi sinshobora guhumeka neza iyo ndagaramye.
"Nzanye umwana wanjye, umuturanyi wanjye ashaka imiti y'inzoka y'umwana we kuva hashize icyumweru kandi nta miti mfite. Nkora iki?",kinyarwanda,ROUTINE,preventive,kinyarwanda->kinyarwanda:ROUTINE:preventive,{REL} ashaka imiti y'inzoka y'umwana we.,Ndashaka imiti y'inzoka y'umwana wanjye.
"Nzanye umwana wanjye, umwana wanjye afite umuriro mwinshi kandi ntarya kuva hashize iminsi itatu kandi sinshobora gusinzira",kinyarwanda,URGENT,paediatric,kinyarwanda->kinyarwanda:URGENT:paediatric,{REL} afite umuriro mwinshi kandi ntarya.,{REL} afite umuriro mwinshi kandi ntarya.
"Mfasha vuba, mfite igikomere gito kandi amaraso yarahagaze kuva ejo kandi sinshobora gusinzira. Ntabasha kubona amafaranga yo kongera kuza kwa muganga.",kinyarwanda,ROUTINE,haemorrhage_trauma,kinyarwanda->kinyarwanda:ROUTINE:haemorrhage_trauma,Mfite igikomere gito kandi amaraso yarahagaze.,Mfite igikomere gito kandi amaraso yarahagaze.
"Mfasha, umwana wanjye afite igikomere ku mutwe nyuma yo kugwa kuva hashize icyumweru kandi nta miti mfite. Ese ibi birakomeye?",kinyarwanda,CRITICAL,haemorrhage_trauma,kinyarwanda->kinyarwanda:CRITICAL:haemorrhage_trauma,{REL} afite igikomere ku mutwe nyuma yo kugwa.,mfite igikomere ku mutwe nyuma yo kugwa
"Naje hano mbere, nkorora gake ariko nta muriro mfite kuva hashize iminsi itatu. Byatangiye gitunguranye. Murakoze.",kinyarwanda,ROUTINE,cardiac_respiratory,kinyarwanda->kinyarwanda:ROUTINE:cardiac_respiratory,Nkorora gake ariko nta muriro mfite.,Nkorora gake ariko nta muriro mfite.
"Mumbabarire, ndashaka kubabwira ikibazo mfite. Ndatwite kandi ndashaka kujya kwa muganga kwisuzumisha kuva mu cyumweru gishize. Abandi bana na bo bafite iki kibazo. Ni imiti ki nafata?",kinyarwanda,ROUTINE,obstetric,kinyarwanda->kinyarwanda:ROUTINE:obstetric,Ndatwite kandi ndashaka kujya kwa muganga kwisuzumisha.,Ndatwite kandi ndashaka kujya kwa muganga kwisuzumisha.
"Ndakeneye ubufasha, mfite igikomere ku mutwe nyuma yo kugwa kuva ubu gitondo cya kare kandi sinshobora gusinzira. Nkora iki?",kinyarwanda,CRITICAL,haemorrhage_trauma,kinyarwanda->kinyarwanda:CRITICAL:haemorrhage_trauma,mfite igikomere ku mutwe nyuma yo kugwa,mfite igikomere ku mutwe nyuma yo kugwa
Mushiki wanjye arava amaraso menshi nyuma yo kubyara kuva ijoro ryashize kandi nta miti mfite,kinyarwanda,CRITICAL,obstetric,kinyarwanda->kinyarwanda:CRITICAL:obstetric,{REL} arava amaraso menshi nyuma yo kubyara.,ndava amaraso menshi nyuma yo kubyara
"Naje hano mbere, umwana wanjye akorora gake ariko nta muriro afite kuva hashize iminsi itatu. Abandi bana na bo bafite iki kibazo. Urakoze.",kinyarwanda,ROUTINE,cardiac_respiratory,kinyarwanda->kinyarwanda:ROUTINE:cardiac_respiratory,{REL} akorora gake ariko nta muriro afite.,Nkorora gake ariko nta muriro mfite.
Nkorora gake ariko nta muriro mfite kuva hashize iminsi ibiri. Byatangiye gitunguranye.,kinyarwanda,ROUTINE,cardiac_respiratory,kinyarwanda->kinyarwanda:ROUTINE:cardiac_respiratory,Nkorora gake ariko nta muriro mfite.,Nkorora gake ariko nta muriro mfite.
"Muganga, ndaruka cyane kandi numva mfite intege nke kuva hashize icyumweru kandi ndahangayitse. Naje mvuye kure.",kinyarwanda,URGENT,gastrointestinal,kinyarwanda->kinyarwanda:URGENT:gastrointestinal,ndaruka cyane kandi numva mfite intege nke,ndaruka cyane kandi numva mfite intege nke
"Umwana wanjye afite umuriro woroheje umaze umunsi umwe, ariko nta kindi kibazo afite kuva ubu gitondo cya kare. Byatangiye gitunguranye. Nkora iki?",kinyarwanda,ROUTINE,infectious_fever,kinyarwanda->kinyarwanda:ROUTINE:infectious_fever,"{REL} afite umuriro woroheje umaze umunsi umwe, ariko nta kindi kibazo afite.","mfite umuriro woroheje umaze umunsi umwe, ariko nta kindi kibazo mfite"
"Nzanye umwana wanjye, umwana wanjye afite umuhaha kuva mu gitondo kandi birushaho kuba bibi. Nkora iki?",kinyarwanda,URGENT,paediatric,kinyarwanda->kinyarwanda:URGENT:paediatric,{REL} afite umuhaha.,Mfite umuhaha.
"Ndakeneye ubufasha, umuturanyi wanjye arumva igituza kimuremereye cyane kandi ububabare bukagera no ku rwasaya cyangwa ku kuboko kuva ejo. Byatangiye gitunguranye. Ntegereze cyangwa nsuzumwe ubu?",kinyarwanda,CRITICAL,cardiac_respiratory,kinyarwanda->kinyarwanda:CRITICAL:cardiac_respiratory,{REL} arumva igituza kimuremereye cyane kandi ububabare bukagera no ku rwasaya cyangwa ku kuboko.,{REL} arumva igituza kimuremereye cyane kandi ububabare bukagera no ku rwasaya cyangwa ku kuboko.
"Ndakeneye ubufasha, umugabo wanjye afite ubushye bunini ku mubiri kuva hashize iminsi itatu bikarushaho nijoro. Naje mvuye kure.",kinyarwanda,CRITICAL,haemorrhage_trauma,kinyarwanda->kinyarwanda:CRITICAL:haemorrhage_trauma,{REL} afite ubushye bunini ku mubiri.,Mfite ubushye bunini ku mubiri.
"Ndakeneye ubufasha, nta miti y'igituntu mfite kuva ijoro ryashize kandi birushaho kuba bibi. Urakoze.",kinyarwanda,URGENT,chronic_care,kinyarwanda->kinyarwanda:URGENT:chronic_care,Nta miti y'igituntu mfite.,Nta miti y'igituntu mfite.
"Muraho, umugore wanjye afite ububabare bukabije mu nda kuva hashize iminsi ibiri. Abandi bana na bo bafite iki kibazo. Nkora iki?",kinyarwanda,URGENT,gastrointestinal,kinyarwanda->kinyarwanda:URGENT:gastrointestinal,{REL} afite ububabare bukabije mu nda.,Mfite ububabare bukabije mu nda.
"Mfasha vuba, ndumva naniwe ariko si cyane kuva mu cyumweru gishize. Murakoze.",kinyarwanda,ROUTINE,neurological,kinyarwanda->kinyarwanda:ROUTINE:neurological,ndumva naniwe ariko si cyane,ndumva naniwe ariko si cyane
"Mfasha, mfite ubushye bunini ku mubiri kuva mu cyumweru gishize biragenda bikagaruka. Ntabasha kubona amafaranga yo kongera kuza kwa muganga.",kinyarwanda,CRITICAL,haemorrhage_trauma,kinyarwanda->kinyarwanda:CRITICAL:haemorrhage_trauma,Mfite ubushye bunini ku mubiri.,Mfite ubushye bunini ku mubiri.
"Nzanye umwana wanjye, ndashaka kongererwa imiti mfata kuva ijoro ryashize bikarushaho nijoro. Ni imiti ki nafata?",kinyarwanda,ROUTINE,chronic_care,kinyarwanda->kinyarwanda:ROUTINE:chronic_care,ndashaka kongererwa imiti mfata,ndashaka kongererwa imiti mfata
"Muganga, mushiki wanjye amaze umunsi wose ari mu bubabare bwo kubyara ariko umwana ntarasohoka kuva ijoro ryashize bikarushaho nijoro. Ntegereze cyangwa nsuzumwe ubu?",kinyarwanda,CRITICAL,obstetric,kinyarwanda->kinyarwanda:CRITICAL:obstetric,{REL} amaze umunsi wose ari mu bubabare bwo kubyara ariko umwana ntarasohoka.,Maze umunsi wose mbabara ngerageza kubyara ariko umwana ntarasohoka.
"Naje hano mbere, umukecuru isukari yo mu maraso ye yazamutse cyane kuva ijoro ryashize biragenda bikagaruka. Naje mvuye kure.",kinyarwanda,URGENT,chronic_care,kinyarwanda->kinyarwanda:URGENT:chronic_care,{REL} isukari yo mu maraso ye yazamutse cyane.,isukari yo mu maraso yanjye yazamutse cyane
"Nyabuneka, iyo umwana wanjye amaze kurya, yumva inda itameze neza kuva mu gitondo bikarushaho nijoro. Ni imiti ki nafata?",kinyarwanda,ROUTINE,gastrointestinal,kinyarwanda->kinyarwanda:ROUTINE:gastrointestinal,"Iyo {REL} amaze kurya, yumva inda itameze neza.","Iyo {REL} amaze kurya, yumva inda itameze neza."
Umwana wanjye nta miti y'igituntu afite kuva mu masaha abiri ashize biragenda bikagaruka. Murakoze.,kinyarwanda,URGENT,chronic_care,kinyarwanda->kinyarwanda:URGENT:chronic_care,{REL} nta miti y'igituntu afite.,Nta miti y'igituntu mfite.
"Mfasha, umuturanyi wanjye aratwite kandi ashaka kwisuzumisha kwa muganga bwa mbere kuva ubu gitondo cya kare. Naje mvuye kure.",kinyarwanda,ROUTINE,preventive,kinyarwanda->kinyarwanda:ROUTINE:preventive,{REL} aratwite kandi ashaka kwisuzumisha kwa muganga bwa mbere.,Ndatwite kandi ndashaka kwisuzumisha kwa muganga bwa mbere.
"Nyabuneka, umuturanyi wanjye afite ibimenyetso bya malariya, umuriro n'imbeho kuva ejo. Byatangiye gitunguranye. Ni imiti ki nafata?",kinyarwanda,URGENT,infectious_fever,kinyarwanda->kinyarwanda:URGENT:infectious_fever,"{REL} afite ibimenyetso bya malariya, umuriro n'imbeho.","Mfite ibimenyetso bya malariya, umuriro n'imbeho."
"Mfasha vuba, maze umunsi wose mbabara ngerageza kubyara ariko umwana ntarasohoka kuva mu cyumweru gishize. Ni imiti ki nafata?",kinyarwanda,CRITICAL,obstetric,kinyarwanda->kinyarwanda:CRITICAL:obstetric,Maze umunsi wose mbabara ngerageza kubyara ariko umwana ntarasohoka.,Maze umunsi wose mbabara ngerageza kubyara ariko umwana ntarasohoka.
"Muganga, umwana wanjye afite impiswi zirimo amaraso kuva ubu gitondo cya kare kandi ndahangayitse. Mfasha muganga.",kinyarwanda,URGENT,gastrointestinal,kinyarwanda->kinyarwanda:URGENT:gastrointestinal,{REL} afite impiswi zirimo amaraso.,Mfite impiswi zirimo amaraso.
"Mfasha, papa arakomeza kuruka kandi ntashobora kurya kuva ubu gitondo cya kare biragenda bikagaruka. Ese ibi birakomeye?",kinyarwanda,URGENT,gastrointestinal,kinyarwanda->kinyarwanda:URGENT:gastrointestinal,{REL} arakomeza kuruka kandi ntashobora kurya.,ndakomeza kuruka kandi sinshobora kurya
"Mumbabarire, ndashaka kubabwira ikibazo mfite. Iyo mpumeka, numva igituza gifashe kandi mpumeka nkumva hari ijwi ridasanzwe kuva ijoro ryashize. Byatangiye gitunguranye. Mfasha muganga.",kinyarwanda,URGENT,cardiac_respiratory,kinyarwanda->kinyarwanda:URGENT:cardiac_respiratory,"Iyo mpumeka, numva igituza gifashe kandi mpumeka nkumva hari ijwi ridasanzwe.","Iyo mpumeka, numva igituza gifashe kandi mpumeka nkumva hari ijwi ridasanzwe."
Ndashaka kukubwira ikibazo mfite. Guhumeka birangora cyane ku buryo ntabasha no kuvuga neza kuva hashize iminsi ibiri. Mfasha muganga.,kinyarwanda,CRITICAL,cardiac_respiratory,kinyarwanda->kinyarwanda:CRITICAL:cardiac_respiratory,Guhumeka birangora cyane ku buryo ntabasha no kuvuga neza.,Guhumeka birangora cyane ku buryo ntabasha no kuvuga neza.
Umuturanyi wanjye ashaka imiti y'inzoka y'umwana we kuva hashize iminsi itatu bikarushaho nijoro. Ni imiti ki nafata?,kinyarwanda,ROUTINE,preventive,kinyarwanda->kinyarwanda:ROUTINE:preventive,{REL} ashaka imiti y'inzoka y'umwana we.,Ndashaka imiti y'inzoka y'umwana wanjye.
Mama yabyimbye ibirenge kandi ntashobora guhumeka neza iyo aragaramye kuva ijoro ryashize kandi ndahangayitse. Ntabasha kubona amafaranga yo kongera kuza kwa muganga.,kinyarwanda,URGENT,chronic_care,kinyarwanda->kinyarwanda:URGENT:chronic_care,{REL} yabyimbye ibirenge kandi ntashobora guhumeka neza iyo aragaramye.,Nabyimbye ibirenge kandi sinshobora guhumeka neza iyo ndagaramye.
"Muraho, mushiki wanjye iminwa ye yahindutse ubururu kuva hashize iminsi itatu bikarushaho nijoro. Ntegereze cyangwa nsuzumwe ubu?",kinyarwanda,CRITICAL,cardiac_respiratory,kinyarwanda->kinyarwanda:CRITICAL:cardiac_respiratory,{REL} iminwa ye yahindutse ubururu.,Iminwa yanjye yahindutse ubururu.
"Mfasha vuba, nkorora gake ariko nta muriro mfite kuva hashize iminsi ibiri kandi nta miti mfite. Ntabasha kubona amafaranga yo kongera kuza kwa muganga.",kinyarwanda,ROUTINE,cardiac_respiratory,kinyarwanda->kinyarwanda:ROUTINE:cardiac_respiratory,Nkorora gake ariko nta muriro mfite.,Nkorora gake ariko nta muriro mfite.
"Mfasha vuba, umwana wanjye ari kuva amaraso menshi kandi ntahagarara kuva ejo bikarushaho nijoro",kinyarwanda,CRITICAL,haemorrhage_trauma,kinyarwanda->kinyarwanda:CRITICAL:haemorrhage_trauma,{REL} ari kuva amaraso menshi kandi ntahagarara.,ndi kuva amaraso menshi kandi ntahagarara
"Mumbabarire, ndashaka kubabwira ikibazo mfite. Umugabo wanjye afite impiswi zikomeye kandi yagize umwuma kuva mu masaha abiri ashize. Byatangiye gitunguranye. Ntegereze cyangwa nsuzumwe ubu?",kinyarwanda,CRITICAL,gastrointestinal,kinyarwanda->kinyarwanda:CRITICAL:gastrointestinal,{REL} afite impiswi zikomeye kandi yagize umwuma.,{REL} afite impiswi zikomeye kandi yagize umwuma.
"Mfasha vuba, papa ntashobora kuvuga neza kandi umunwa we waragoramye kuva mu cyumweru gishize bikarushaho nijoro. Nkora iki?",kinyarwanda,CRITICAL,neurological,kinyarwanda->kinyarwanda:CRITICAL:neurological,{REL} ntashobora kuvuga neza kandi umunwa we waragoramye.,{REL} ntashobora kuvuga neza kandi umunwa we waragoramye.
"Nyabuneka, umwana wanjye afite umuriro mwinshi kandi ntarya kuva hashize iminsi ibiri biragenda bikagaruka. Nkora iki?",kinyarwanda,URGENT,paediatric,kinyarwanda->kinyarwanda:URGENT:paediatric,{REL} afite umuriro mwinshi kandi ntarya.,{REL} afite umuriro mwinshi kandi ntarya.
"Simbizi niba bikomeye ariko, umugore wanjye ntashobora kuvuga neza kandi umunwa we waragoramye biragenda bikagaruka. Ntabasha kubona amafaranga yo kongera kuza kwa muganga.",kinyarwanda,CRITICAL,neurological,kinyarwanda->kinyarwanda:CRITICAL:neurological,{REL} ntashobora kuvuga neza kandi umunwa we waragoramye.,{REL} ntashobora kuvuga neza kandi umunwa we waragoramye.
"Iyo mpumeka, numva igituza gifashe kandi mpumeka nkumva hari ijwi ridasanzwe kuva mu cyumweru gishize. Byatangiye gitunguranye. Urakoze.",kinyarwanda,URGENT,cardiac_respiratory,kinyarwanda->kinyarwanda:URGENT:cardiac_respiratory,"Iyo mpumeka, numva igituza gifashe kandi mpumeka nkumva hari ijwi ridasanzwe.","Iyo mpumeka, numva igituza gifashe kandi mpumeka nkumva hari ijwi ridasanzwe."
"Muraho, umuturanyi wanjye nta miti ya SIDA afite kuva hashize icyumweru kandi birushaho kuba bibi. Ndakeneye ubufasha vuba.",kinyarwanda,URGENT,chronic_care,kinyarwanda->kinyarwanda:URGENT:chronic_care,{REL} nta miti ya SIDA afite.,Nta miti ya SIDA mfite.
"Mfasha vuba, ndatwite kandi mfite umuriro kuva mu masaha abiri ashize nta miti imfasha. Ntegereze cyangwa nsuzumwe ubu?",kinyarwanda,URGENT,obstetric,kinyarwanda->kinyarwanda:URGENT:obstetric,Ndatwite kandi mfite umuriro.,Ndatwite kandi mfite umuriro.
"Nzanye umwana wanjye, mushiki wanjye yabyimbye ibirenge kandi ntashobora guhumeka neza iyo aragaramye. Byatangiye gitunguranye. Urakoze.",kinyarwanda,URGENT,chronic_care,kinyarwanda->kinyarwanda:URGENT:chronic_care,{REL} yabyimbye ibirenge kandi ntashobora guhumeka neza iyo aragaramye.,Nabyimbye ibirenge kandi sinshobora guhumeka neza iyo ndagaramye.
"Mfasha vuba, ndabyara ariko habanje gusohoka umugozi w'umwana kuva hashize iminsi itatu kandi sinshobora gusinzira. Naje mvuye kure.",kinyarwanda,CRITICAL,obstetric,kinyarwanda->kinyarwanda:CRITICAL:obstetric,Ndabyara ariko habanje gusohoka umugozi w'umwana.,Ndabyara ariko habanje gusohoka umugozi w'umwana.
"Nzanye umwana wanjye, papa araruka amaraso kuva hashize icyumweru kandi ndahangayitse. Ntabasha kubona amafaranga yo kongera kuza kwa muganga.",kinyarwanda,CRITICAL,gastrointestinal,kinyarwanda->kinyarwanda:CRITICAL:gastrointestinal,{REL} araruka amaraso.,Ndaruka amaraso.
Ndashaka kukubwira ikibazo mfite. Mama amaze ibyumweru birenga bibiri akorora kandi yatangiye no kunanuka kuva ijoro ryashize biragenda bikagaruka. Ni imiti ki nafata?,kinyarwanda,URGENT,cardiac_respiratory,kinyarwanda->kinyarwanda:URGENT:cardiac_respiratory,{REL} amaze ibyumweru birenga bibiri akorora kandi yatangiye no kunanuka.,Maze ibyumweru birenga bibiri nkorora kandi natangiye no kunanuka.
Mama afite impiswi zirimo amaraso kuva ubu gitondo cya kare kandi ndahangayitse. Murakoze.,kinyarwanda,URGENT,gastrointestinal,kinyarwanda->kinyarwanda:URGENT:gastrointestinal,{REL} afite impiswi zirimo amaraso.,Mfite impiswi zirimo amaraso.
"Nyabuneka, isukari yo mu maraso yanjye yazamutse cyane. Byatangiye gitunguranye. Ntabasha kubona amafaranga yo kongera kuza kwa muganga.",kinyarwanda,URGENT,chronic_care,kinyarwanda->kinyarwanda:URGENT:chronic_care,isukari yo mu maraso yanjye yazamutse cyane,isukari yo mu maraso yanjye yazamutse cyane
"Mfasha vuba, umwana wanjye iminwa ye yahindutse ubururu kuva hashize iminsi itatu kandi ndahangayitse",kinyarwanda,CRITICAL,cardiac_respiratory,kinyarwanda->kinyarwanda:CRITICAL:cardiac_respiratory,{REL} iminwa ye yahindutse ubururu.,Iminwa yanjye yahindutse ubururu.
"Naje hano mbere, ndashaka imiti y'inzoka y'umwana wanjye kuva ejo kandi nta miti mfite. Ni imiti ki nafata?",kinyarwanda,ROUTINE,preventive,kinyarwanda->kinyarwanda:ROUTINE:preventive,Ndashaka imiti y'inzoka y'umwana wanjye.,Ndashaka imiti y'inzoka y'umwana wanjye.
"Mfasha, mfite gahunda yo kwisuzumisha buri mwaka kuva ejo nta miti imfasha. Naje mvuye kure.",kinyarwanda,ROUTINE,preventive,kinyarwanda->kinyarwanda:ROUTINE:preventive,Mfite gahunda yo kwisuzumisha buri mwaka.,Mfite gahunda yo kwisuzumisha buri mwaka.
"Muganga, umwana wanjye afite umuriro woroheje umaze umunsi umwe, ariko nta kindi kibazo afite kuva hashize icyumweru. Urakoze.",kinyarwanda,ROUTINE,infectious_fever,kinyarwanda->kinyarwanda:ROUTINE:infectious_fever,"{REL} afite umuriro woroheje umaze umunsi umwe, ariko nta kindi kibazo afite.","mfite umuriro woroheje umaze umunsi umwe, ariko nta kindi kibazo mfite"
"Muganga, umugore wanjye amaze ibyumweru birenga bibiri akorora kandi yatangiye no kunanuka kuva ejo",kinyarwanda,URGENT,cardiac_respiratory,kinyarwanda->kinyarwanda:URGENT:cardiac_respiratory,{REL} amaze ibyumweru birenga bibiri akorora kandi yatangiye no kunanuka.,Maze ibyumweru birenga bibiri nkorora kandi natangiye no kunanuka.
"Nzanye umwana wanjye, umwana wanjye afite umuhaha kuva hashize iminsi ibiri biragenda bikagaruka. Ntegereze cyangwa nsuzumwe ubu?",kinyarwanda,URGENT,paediatric,kinyarwanda->kinyarwanda:URGENT:paediatric,{REL} afite umuhaha.,Mfite umuhaha.
"Nyabuneka, mama ahumeka bimugora cyane ku buryo adashobora no kuvuga neza kuva mu gitondo kandi sinshobora gusinzira. Nkora iki?",kinyarwanda,CRITICAL,cardiac_respiratory,kinyarwanda->kinyarwanda:CRITICAL:cardiac_respiratory,{REL} ahumeka bimugora cyane ku buryo adashobora no kuvuga neza.,Guhumeka birangora cyane ku buryo ntabasha no kuvuga neza.
"Ndakeneye ubufasha, mu rugo hari umuntu urwaye igituntu kandi ndashaka kwisuzumisha kuva hashize iminsi ibiri kandi ndahangayitse. Ntabasha kubona amafaranga yo kongera kuza kwa muganga.",kinyarwanda,URGENT,preventive,kinyarwanda->kinyarwanda:URGENT:preventive,Mu rugo hari umuntu urwaye igituntu kandi ndashaka kwisuzumisha.,Mu rugo hari umuntu urwaye igituntu kandi ndashaka kwisuzumisha.
Ndashaka kukubwira ikibazo mfite. Umuturanyi wanjye amaze ibyumweru birenga bibiri arwaye impiswi kuva mu cyumweru gishize. Abandi bana na bo bafite iki kibazo. Urakoze.,kinyarwanda,URGENT,gastrointestinal,kinyarwanda->kinyarwanda:URGENT:gastrointestinal,{REL} amaze ibyumweru birenga bibiri arwaye impiswi.,Maze ibyumweru birenga bibiri ndwaye impiswi.
"Mumbabarire, ndashaka kubabwira ikibazo mfite. Umwana wanjye afite ububabare bukabije mu nda kuva ejo biragenda bikagaruka. Mfasha muganga.",kinyarwanda,URGENT,gastrointestinal,kinyarwanda->kinyarwanda:URGENT:gastrointestinal,{REL} afite ububabare bukabije mu nda.,Mfite ububabare bukabije mu nda.
"Nyabuneka, nyuma yo kubyara mfite umuriro kandi hari ibintu bisohoka bifite impumuro mbi kuva mu masaha abiri ashize kandi birushaho kuba bibi",kinyarwanda,CRITICAL,obstetric,kinyarwanda->kinyarwanda:CRITICAL:obstetric,Nyuma yo kubyara mfite umuriro kandi hari ibintu bisohoka bifite impumuro mbi.,Nyuma yo kubyara mfite umuriro kandi hari ibintu bisohoka bifite impumuro mbi.
"Muraho, umwana wanjye afite umuhaha kuva ijoro ryashize. Byatangiye gitunguranye. Ndakeneye ubufasha vuba.",kinyarwanda,URGENT,paediatric,kinyarwanda->kinyarwanda:URGENT:paediatric,{REL} afite umuhaha.,Mfite umuhaha.
Guhumeka birangora cyane ku buryo ntabasha no kuvuga neza kuva ejo biragenda bikagaruka. Ni imiti ki nafata?,kinyarwanda,CRITICAL,cardiac_respiratory,kinyarwanda->kinyarwanda:CRITICAL:cardiac_respiratory,Guhumeka birangora cyane ku buryo ntabasha no kuvuga neza.,Guhumeka birangora cyane ku buryo ntabasha no kuvuga neza.
Ndashaka kukubwira ikibazo mfite. Maze ibyumweru birenga bibiri nkorora kandi natangiye no kunanuka kuva ijoro ryashize bikarushaho nijoro. Ntabasha kubona amafaranga yo kongera kuza kwa muganga.,kinyarwanda,URGENT,cardiac_respiratory,kinyarwanda->kinyarwanda:URGENT:cardiac_respiratory,Maze ibyumweru birenga bibiri nkorora kandi natangiye no kunanuka.,Maze ibyumweru birenga bibiri nkorora kandi natangiye no kunanuka.
"Mfasha vuba, umugore wanjye ashaka kugirwa inama ku mazi yo kunywa kuva ubu gitondo cya kare bikarushaho nijoro. Murakoze.",kinyarwanda,ROUTINE,preventive,kinyarwanda->kinyarwanda:ROUTINE:preventive,{REL} ashaka kugirwa inama ku mazi yo kunywa.,Ndashaka kugirwa inama ku mazi yo kunywa.
"Muraho, papa ari kuva amaraso menshi kandi ntahagarara kuva ijoro ryashize biragenda bikagaruka",kinyarwanda,CRITICAL,haemorrhage_trauma,kinyarwanda->kinyarwanda:CRITICAL:haemorrhage_trauma,{REL} ari kuva amaraso menshi kandi ntahagarara.,ndi kuva amaraso menshi kandi ntahagarara
"Muganga, mfite impiswi zirimo amaraso kuva hashize iminsi ibiri kandi nta miti mfite. Urakoze.",kinyarwanda,URGENT,gastrointestinal,kinyarwanda->kinyarwanda:URGENT:gastrointestinal,Mfite impiswi zirimo amaraso.,Mfite impiswi zirimo amaraso.
Ndashaka kukubwira ikibazo mfite. Umugore wanjye aratwite kandi ashaka kwisuzumisha kwa muganga bwa mbere kandi birushaho kuba bibi. Urakoze.,kinyarwanda,ROUTINE,preventive,kinyarwanda->kinyarwanda:ROUTINE:preventive,{REL} aratwite kandi ashaka kwisuzumisha kwa muganga bwa mbere.,Ndatwite kandi ndashaka kwisuzumisha kwa muganga bwa mbere.
"Nzanye umwana wanjye, umuturanyi wanjye afite impiswi zirimo amaraso kuva mu gitondo. Nkora iki?",kinyarwanda,URGENT,gastrointestinal,kinyarwanda->kinyarwanda:URGENT:gastrointestinal,{REL} afite impiswi zirimo amaraso.,Mfite impiswi zirimo amaraso.
"Muraho, isukari yo mu maraso yanjye yazamutse cyane biragenda bikagaruka. Naje mvuye kure.",kinyarwanda,URGENT,chronic_care,kinyarwanda->kinyarwanda:URGENT:chronic_care,isukari yo mu maraso yanjye yazamutse cyane,isukari yo mu maraso yanjye yazamutse cyane
"Mfasha, umugore wanjye araruka ibyo arya byose kandi ntashobora no kunywa kuva ubu gitondo cya kare bikarushaho nijoro. Mfasha muganga.",kinyarwanda,CRITICAL,gastrointestinal,kinyarwanda->kinyarwanda:CRITICAL:gastrointestinal,{REL} araruka ibyo arya byose kandi ntashobora no kunywa.,Ndaruka ibyo ndya byose kandi sinshobora no kunywa.
"Mumbabarire, ndashaka kubabwira ikibazo mfite. Umugore wanjye ashaka ko bapima SIDA kuva ejo nta miti imfasha. Nkora iki?",kinyarwanda,ROUTINE,preventive,kinyarwanda->kinyarwanda:ROUTINE:preventive,{REL} ashaka ko bapima SIDA.,Ndashaka ko bapima SIDA.
"Nzanye umwana wanjye, mfite ubushye bunini ku mubiri kuva ubu gitondo cya kare kandi sinshobora gusinzira. Mfasha muganga.",kinyarwanda,CRITICAL,haemorrhage_trauma,kinyarwanda->kinyarwanda:CRITICAL:haemorrhage_trauma,Mfite ubushye bunini ku mubiri.,Mfite ubushye bunini ku mubiri.
"Simbizi niba bikomeye ariko, mama afite impiswi zirimo amaraso kuva mu gitondo. Mfasha muganga.",kinyarwanda,URGENT,gastrointestinal,kinyarwanda->kinyarwanda:URGENT:gastrointestinal,{REL} afite impiswi zirimo amaraso.,Mfite impiswi zirimo amaraso.
"Mfasha, iyo umwana wanjye amaze kurya, yumva inda itameze neza kuva mu masaha abiri ashize kandi ndahangayitse. Ntegereze cyangwa nsuzumwe ubu?",kinyarwanda,ROUTINE,gastrointestinal,kinyarwanda->kinyarwanda:ROUTINE:gastrointestinal,"Iyo {REL} amaze kurya, yumva inda itameze neza.","Iyo {REL} amaze kurya, yumva inda itameze neza."
"Muganga, mfite gahunda yo kwisuzumisha buri mwaka kuva mu cyumweru gishize kandi birushaho kuba bibi. Ntabasha kubona amafaranga yo kongera kuza kwa muganga.",kinyarwanda,ROUTINE,preventive,kinyarwanda->kinyarwanda:ROUTINE:preventive,Mfite gahunda yo kwisuzumisha buri mwaka.,Mfite gahunda yo kwisuzumisha buri mwaka.
"Naje hano mbere, ndabyara ariko habanje gusohoka umugozi w'umwana kuva hashize icyumweru kandi birushaho kuba bibi. Naje mvuye kure.",kinyarwanda,CRITICAL,obstetric,kinyarwanda->kinyarwanda:CRITICAL:obstetric,Ndabyara ariko habanje gusohoka umugozi w'umwana.,Ndabyara ariko habanje gusohoka umugozi w'umwana.
"Mfasha vuba, umutima uratera cyane kandi nkumva umeze nk'aho uhagarara kuva hashize iminsi ibiri. Abandi bana na bo bafite iki kibazo. Ntabasha kubona amafaranga yo kongera kuza kwa muganga.",kinyarwanda,CRITICAL,cardiac_respiratory,kinyarwanda->kinyarwanda:CRITICAL:cardiac_respiratory,umutima uratera cyane kandi nkumva umeze nk'aho uhagarara,umutima uratera cyane kandi nkumva umeze nk'aho uhagarara
"Naje hano mbere, umuturanyi wanjye yagagaye kandi arimo guhinda umushyitsi kuva hashize icyumweru kandi ndahangayitse. Ntegereze cyangwa nsuzumwe ubu?",kinyarwanda,CRITICAL,neurological,kinyarwanda->kinyarwanda:CRITICAL:neurological,{REL} yagagaye kandi arimo guhinda umushyitsi.,{REL} yagagaye kandi arimo guhinda umushyitsi.
"Nzanye umwana wanjye, mama ashaka ko bapima SIDA kuva mu masaha abiri ashize. Abandi bana na bo bafite iki kibazo. Nkora iki?",kinyarwanda,ROUTINE,preventive,kinyarwanda->kinyarwanda:ROUTINE:preventive,{REL} ashaka ko bapima SIDA.,Ndashaka ko bapima SIDA.
"Nyabuneka, umuturanyi wanjye iminwa ye yahindutse ubururu kuva mu gitondo kandi birushaho kuba bibi. Ese ibi birakomeye?",kinyarwanda,CRITICAL,cardiac_respiratory,kinyarwanda->kinyarwanda:CRITICAL:cardiac_respiratory,{REL} iminwa ye yahindutse ubururu.,Iminwa yanjye yahindutse ubururu.
"Muraho, mfite igikomere ku mutwe nyuma yo kugwa kuva hashize icyumweru. Abandi bana na bo bafite iki kibazo. Ntegereze cyangwa nsuzumwe ubu?",kinyarwanda,CRITICAL,haemorrhage_trauma,kinyarwanda->kinyarwanda:CRITICAL:haemorrhage_trauma,mfite igikomere ku mutwe nyuma yo kugwa,mfite igikomere ku mutwe nyuma yo kugwa
"Mfasha, umwana wanjye afite igikomere gito kandi amaraso yarahagaze. Abandi bana na bo bafite iki kibazo. Ndakeneye ubufasha vuba.",kinyarwanda,ROUTINE,haemorrhage_trauma,kinyarwanda->kinyarwanda:ROUTINE:haemorrhage_trauma,{REL} afite igikomere gito kandi amaraso yarahagaze.,Mfite igikomere gito kandi amaraso yarahagaze.
"Naje hano mbere, umwana wanjye ashaka ko bapima SIDA. Abandi bana na bo bafite iki kibazo. Murakoze.",kinyarwanda,ROUTINE,preventive,kinyarwanda->kinyarwanda:ROUTINE:preventive,{REL} ashaka ko bapima SIDA.,Ndashaka ko bapima SIDA.
"Mfasha vuba, umugore wanjye afite umuriro mwinshi kandi yaragagaye kuva ubu gitondo cya kare. Byatangiye gitunguranye. Naje mvuye kure.",kinyarwanda,CRITICAL,infectious_fever,kinyarwanda->kinyarwanda:CRITICAL:infectious_fever,{REL} afite umuriro mwinshi kandi yaragagaye.,Mfite umuriro mwinshi kandi nagagaye.
"Muganga, nyuma yo kubyara, mushiki wanjye afite umuriro kandi hari ibintu bisohoka bifite impumuro mbi kuva ejo nta miti imfasha",kinyarwanda,CRITICAL,obstetric,kinyarwanda->kinyarwanda:CRITICAL:obstetric,"Nyuma yo kubyara, {REL} afite umuriro kandi hari ibintu bisohoka bifite impumuro mbi.",Nyuma yo kubyara mfite umuriro kandi hari ibintu bisohoka bifite impumuro mbi.
"Muganga, ndatwite kandi ndashaka kujya kwa muganga kwisuzumisha kuva hashize icyumweru kandi sinshobora gusinzira",kinyarwanda,ROUTINE,obstetric,kinyarwanda->kinyarwanda:ROUTINE:obstetric,Ndatwite kandi ndashaka kujya kwa muganga kwisuzumisha.,Ndatwite kandi ndashaka kujya kwa muganga kwisuzumisha.
"Nzanye umwana wanjye, umugore wanjye aratwite kandi afite umuriro kuva hashize iminsi itatu biragenda bikagaruka. Ntabasha kubona amafaranga yo kongera kuza kwa muganga.",kinyarwanda,URGENT,obstetric,kinyarwanda->kinyarwanda:URGENT:obstetric,{REL} aratwite kandi afite umuriro.,Ndatwite kandi mfite umuriro.
"Simbizi niba bikomeye ariko, umutima uratera cyane kandi nkumva umeze nk'aho uhagarara kuva mu cyumweru gishize biragenda bikagaruka. Ese ibi birakomeye?",kinyarwanda,CRITICAL,cardiac_respiratory,kinyarwanda->kinyarwanda:CRITICAL:cardiac_respiratory,umutima uratera cyane kandi nkumva umeze nk'aho uhagarara,umutima uratera cyane kandi nkumva umeze nk'aho uhagarara
"Naje hano mbere, umuturanyi wanjye afite impiswi zirimo amaraso. Ntabasha kubona amafaranga yo kongera kuza kwa muganga.",kinyarwanda,URGENT,gastrointestinal,kinyarwanda->kinyarwanda:URGENT:gastrointestinal,{REL} afite impiswi zirimo amaraso.,Mfite impiswi zirimo amaraso.
"Mumbabarire, ndashaka kubabwira ikibazo mfite. Umugabo wanjye afite igikomere ku mutwe nyuma yo kugwa kuva ejo kandi nta miti mfite. Ntegereze cyangwa nsuzumwe ubu?",kinyarwanda,CRITICAL,haemorrhage_trauma,kinyarwanda->kinyarwanda:CRITICAL:haemorrhage_trauma,{REL} afite igikomere ku mutwe nyuma yo kugwa.,mfite igikomere ku mutwe nyuma yo kugwa
"Mfasha, iyo umwana wanjye amaze kurya, yumva inda itameze neza kuva mu cyumweru gishize bikarushaho nijoro. Ntegereze cyangwa nsuzumwe ubu?",kinyarwanda,ROUTINE,gastrointestinal,kinyarwanda->kinyarwanda:ROUTINE:gastrointestinal,"Iyo {REL} amaze kurya, yumva inda itameze neza.","Iyo {REL} amaze kurya, yumva inda itameze neza."
"Muraho, mama afite umuriro mwinshi kandi yaragagaye kuva mu masaha abiri ashize kandi sinshobora gusinzira. Ntabasha kubona amafaranga yo kongera kuza kwa muganga.",kinyarwanda,CRITICAL,infectious_fever,kinyarwanda->kinyarwanda:CRITICAL:infectious_fever,{REL} afite umuriro mwinshi kandi yaragagaye.,Mfite umuriro mwinshi kandi nagagaye.
"Naje hano mbere, ndaruka amaraso kuva mu gitondo. Naje mvuye kure.",kinyarwanda,CRITICAL,gastrointestinal,kinyarwanda->kinyarwanda:CRITICAL:gastrointestinal,Ndaruka amaraso.,Ndaruka amaraso.
"Mumbabarire, ndashaka kubabwira ikibazo mfite. Nta miti y'igituntu mfite kuva hashize iminsi ibiri kandi ndahangayitse. Ntabasha kubona amafaranga yo kongera kuza kwa muganga.",kinyarwanda,URGENT,chronic_care,kinyarwanda->kinyarwanda:URGENT:chronic_care,Nta miti y'igituntu mfite.,Nta miti y'igituntu mfite.
"Simbizi niba bikomeye ariko, umuturanyi wanjye aratwite kandi ashaka kwisuzumisha kwa muganga bwa mbere kuva mu gitondo kandi ndahangayitse. Ni imiti ki nafata?",kinyarwanda,ROUTINE,preventive,kinyarwanda->kinyarwanda:ROUTINE:preventive,{REL} aratwite kandi ashaka kwisuzumisha kwa muganga bwa mbere.,Ndatwite kandi ndashaka kwisuzumisha kwa muganga bwa mbere.
"Muganga, mushiki wanjye arakomeza kuruka kandi ntashobora kurya kuva mu cyumweru gishize. Murakoze.",kinyarwanda,URGENT,gastrointestinal,kinyarwanda->kinyarwanda:URGENT:gastrointestinal,{REL} arakomeza kuruka kandi ntashobora kurya.,ndakomeza kuruka kandi sinshobora kurya
"Ndakeneye ubufasha, mfite igikomere gito kandi amaraso yarahagaze kuva hashize icyumweru biragenda bikagaruka",kinyarwanda,ROUTINE,haemorrhage_trauma,kinyarwanda->kinyarwanda:ROUTINE:haemorrhage_trauma,Mfite igikomere gito kandi amaraso yarahagaze.,Mfite igikomere gito kandi amaraso yarahagaze.
"Muraho, ndatwite kandi nagagaye kuva mu cyumweru gishize kandi sinshobora gusinzira. Mfasha muganga.",kinyarwanda,CRITICAL,obstetric,kinyarwanda->kinyarwanda:CRITICAL:obstetric,Ndatwite kandi nagagaye.,Ndatwite kandi nagagaye.
"Ndakeneye ubufasha, guhumeka birangora cyane ku buryo ntabasha no kuvuga neza kandi ndahangayitse. Ndakeneye ubufasha vuba.",kinyarwanda,CRITICAL,cardiac_respiratory,kinyarwanda->kinyarwanda:CRITICAL:cardiac_respiratory,Guhumeka birangora cyane ku buryo ntabasha no kuvuga neza.,Guhumeka birangora cyane ku buryo ntabasha no kuvuga neza.
"Simbizi niba bikomeye ariko, iyo mpumeka, numva igituza gifashe kandi mpumeka nkumva hari ijwi ridasanzwe kuva mu cyumweru gishize kandi sinshobora gusinzira. Mfasha muganga.",kinyarwanda,URGENT,cardiac_respiratory,kinyarwanda->kinyarwanda:URGENT:cardiac_respiratory,"Iyo mpumeka, numva igituza gifashe kandi mpumeka nkumva hari ijwi ridasanzwe.","Iyo mpumeka, numva igituza gifashe kandi mpumeka nkumva hari ijwi ridasanzwe."
Ndashaka kukubwira ikibazo mfite. Amazi yamenetse ariko igihe cyo kubyara ntikiragera kuva mu gitondo biragenda bikagaruka. Murakoze.,kinyarwanda,URGENT,obstetric,kinyarwanda->kinyarwanda:URGENT:obstetric,Amazi yamenetse ariko igihe cyo kubyara ntikiragera.,Amazi yamenetse ariko igihe cyo kubyara ntikiragera.
"Ndakeneye ubufasha, umukecuru arakomeza kuruka kandi ntashobora kurya kuva hashize iminsi itatu. Urakoze.",kinyarwanda,URGENT,gastrointestinal,kinyarwanda->kinyarwanda:URGENT:gastrointestinal,{REL} arakomeza kuruka kandi ntashobora kurya.,ndakomeza kuruka kandi sinshobora kurya
"Simbizi niba bikomeye ariko, ndabyara ariko habanje gusohoka umugozi w'umwana biragenda bikagaruka. Ntabasha kubona amafaranga yo kongera kuza kwa muganga.",kinyarwanda,CRITICAL,obstetric,kinyarwanda->kinyarwanda:CRITICAL:obstetric,Ndabyara ariko habanje gusohoka umugozi w'umwana.,Ndabyara ariko habanje gusohoka umugozi w'umwana.
"Mumbabarire, ndashaka kubabwira ikibazo mfite. Mama aratwite kandi afite umuriro kuva hashize iminsi ibiri nta miti imfasha. Murakoze.",kinyarwanda,URGENT,obstetric,kinyarwanda->kinyarwanda:URGENT:obstetric,{REL} aratwite kandi afite umuriro.,Ndatwite kandi mfite umuriro.
"Ndakeneye ubufasha, umuturanyi wanjye amaze ibyumweru birenga bibiri akorora kandi yatangiye no kunanuka kuva mu gitondo. Byatangiye gitunguranye. Naje mvuye kure.",kinyarwanda,URGENT,cardiac_respiratory,kinyarwanda->kinyarwanda:URGENT:cardiac_respiratory,{REL} amaze ibyumweru birenga bibiri akorora kandi yatangiye no kunanuka.,Maze ibyumweru birenga bibiri nkorora kandi natangiye no kunanuka.
"Naje hano mbere, umugabo wanjye ahumeka bimugora cyane kandi iminwa ye yahindutse ibara kuva ejo. Byatangiye gitunguranye. Naje mvuye kure.",kinyarwanda,CRITICAL,cardiac_respiratory,kinyarwanda->kinyarwanda:CRITICAL:cardiac_respiratory,{REL} ahumeka bimugora cyane kandi iminwa ye yahindutse ibara.,guhumeka birangora cyane kandi iminwa yanjye yahindutse ibara
"Mfasha, maze ibyumweru birenga bibiri nkorora kandi natangiye no kunanuka kuva mu cyumweru gishize. Abandi bana na bo bafite iki kibazo. Mfasha muganga.",kinyarwanda,URGENT,cardiac_respiratory,kinyarwanda->kinyarwanda:URGENT:cardiac_respiratory,Maze ibyumweru birenga bibiri nkorora kandi natangiye no kunanuka.,Maze ibyumweru birenga bibiri nkorora kandi natangiye no kunanuka.
"Ndakeneye ubufasha, mfite impiswi zirimo amaraso kuva hashize icyumweru. Byatangiye gitunguranye. Ese ibi birakomeye?",kinyarwanda,URGENT,gastrointestinal,kinyarwanda->kinyarwanda:URGENT:gastrointestinal,Mfite impiswi zirimo amaraso.,Mfite impiswi zirimo amaraso.
Ndashaka kukubwira ikibazo mfite. Umukecuru amaze iminsi itatu arwaye impiswi zikomeye kuva hashize icyumweru biragenda bikagaruka. Ndakeneye ubufasha vuba.,kinyarwanda,URGENT,gastrointestinal,kinyarwanda->kinyarwanda:URGENT:gastrointestinal,{REL} amaze iminsi itatu arwaye impiswi zikomeye.,maze iminsi itatu ndwaye impiswi zikomeye
"Muganga, umuturanyi wanjye aratwite kandi yaragagaye kuva mu gitondo. Abandi bana na bo bafite iki kibazo. Ndakeneye ubufasha vuba.",kinyarwanda,CRITICAL,obstetric,kinyarwanda->kinyarwanda:CRITICAL:obstetric,{REL} aratwite kandi yaragagaye.,Ndatwite kandi nagagaye.
"Muganga, ndashaka kujya kwa muganga kwisuzumisha SIDA kuva mu masaha abiri ashize biragenda bikagaruka. Nkora iki?",kinyarwanda,ROUTINE,chronic_care,kinyarwanda->kinyarwanda:ROUTINE:chronic_care,Ndashaka kujya kwa muganga kwisuzumisha SIDA.,Ndashaka kujya kwa muganga kwisuzumisha SIDA.
"Ndatwite, umutwe urandya cyane kandi sinshobora kureba neza kuva hashize iminsi ibiri biragenda bikagaruka",kinyarwanda,CRITICAL,obstetric,kinyarwanda->kinyarwanda:CRITICAL:obstetric,"Ndatwite, umutwe urandya cyane kandi sinshobora kureba neza.","Ndatwite, umutwe urandya cyane kandi sinshobora kureba neza."
"Ndakeneye ubufasha, iyo umwana wanjye amaze kurya, yumva inda itameze neza kandi sinshobora gusinzira. Murakoze.",kinyarwanda,ROUTINE,gastrointestinal,kinyarwanda->kinyarwanda:ROUTINE:gastrointestinal,"Iyo {REL} amaze kurya, yumva inda itameze neza.","Iyo {REL} amaze kurya, yumva inda itameze neza."
"Simbizi niba bikomeye ariko, umugabo wanjye yabyimbye ibirenge kandi ntashobora guhumeka neza iyo aragaramye kuva mu gitondo kandi ndahangayitse. Mfasha muganga.",kinyarwanda,URGENT,chronic_care,kinyarwanda->kinyarwanda:URGENT:chronic_care,{REL} yabyimbye ibirenge kandi ntashobora guhumeka neza iyo aragaramye.,Nabyimbye ibirenge kandi sinshobora guhumeka neza iyo ndagaramye.
"Naje hano mbere, nta miti y'igituntu mfite kuva ijoro ryashize nta miti imfasha. Ntegereze cyangwa nsuzumwe ubu?",kinyarwanda,URGENT,chronic_care,kinyarwanda->kinyarwanda:URGENT:chronic_care,Nta miti y'igituntu mfite.,Nta miti y'igituntu mfite.
"Mumbabarire, ndashaka kubabwira ikibazo mfite. Nta miti y'igituntu mfite kuva mu gitondo. Naje mvuye kure.",kinyarwanda,URGENT,chronic_care,kinyarwanda->kinyarwanda:URGENT:chronic_care,Nta miti y'igituntu mfite.,Nta miti y'igituntu mfite.
"Nzanye umwana wanjye, umwana wanjye akorora gake ariko nta muriro afite kuva hashize iminsi ibiri nta miti imfasha. Ndakeneye ubufasha vuba.",kinyarwanda,ROUTINE,cardiac_respiratory,kinyarwanda->kinyarwanda:ROUTINE:cardiac_respiratory,{REL} akorora gake ariko nta muriro afite.,Nkorora gake ariko nta muriro mfite.
Ndashaka kukubwira ikibazo mfite. Mfite ubushye bunini ku mubiri kandi ndahangayitse. Ndakeneye ubufasha vuba.,kinyarwanda,CRITICAL,haemorrhage_trauma,kinyarwanda->kinyarwanda:CRITICAL:haemorrhage_trauma,Mfite ubushye bunini ku mubiri.,Mfite ubushye bunini ku mubiri.
Ndashaka kukubwira ikibazo mfite. Papa amaze ibyumweru birenga bibiri arwaye impiswi kuva hashize iminsi itatu. Abandi bana na bo bafite iki kibazo. Murakoze.,kinyarwanda,URGENT,gastrointestinal,kinyarwanda->kinyarwanda:URGENT:gastrointestinal,{REL} amaze ibyumweru birenga bibiri arwaye impiswi.,Maze ibyumweru birenga bibiri ndwaye impiswi.
"Mumbabarire, ndashaka kubabwira ikibazo mfite. Umugore wanjye amaze iminsi itatu arwaye impiswi zikomeye kuva ijoro ryashize. Naje mvuye kure.",kinyarwanda,URGENT,gastrointestinal,kinyarwanda->kinyarwanda:URGENT:gastrointestinal,{REL} amaze iminsi itatu arwaye impiswi zikomeye.,maze iminsi itatu ndwaye impiswi zikomeye
"Nzanye umwana wanjye, umugore wanjye yagagaye kandi arimo guhinda umushyitsi kuva mu cyumweru gishize biragenda bikagaruka. Ni imiti ki nafata?",kinyarwanda,CRITICAL,neurological,kinyarwanda->kinyarwanda:CRITICAL:neurological,{REL} yagagaye kandi arimo guhinda umushyitsi.,{REL} yagagaye kandi arimo guhinda umushyitsi.
"Mfasha, umugore wanjye aratwite kandi ashaka kwisuzumisha kwa muganga bwa mbere kuva ejo. Abandi bana na bo bafite iki kibazo.",kinyarwanda,ROUTINE,preventive,kinyarwanda->kinyarwanda:ROUTINE:preventive,{REL} aratwite kandi ashaka kwisuzumisha kwa muganga bwa mbere.,Ndatwite kandi ndashaka kwisuzumisha kwa muganga bwa mbere.
"Muganga, mama afite igikomere cyanduye, kiratukura kandi kirimo amashyira kuva ejo kandi ndahangayitse",kinyarwanda,URGENT,haemorrhage_trauma,kinyarwanda->kinyarwanda:URGENT:haemorrhage_trauma,"{REL} afite igikomere cyanduye, kiratukura kandi kirimo amashyira.","mfite igikomere cyanduye, kiratukura kandi kirimo amashyira"
"Mfasha, ndatwite, umutwe urandya cyane kandi sinshobora kureba neza kuva ejo kandi ndahangayitse",kinyarwanda,CRITICAL,obstetric,kinyarwanda->kinyarwanda:CRITICAL:obstetric,"Ndatwite, umutwe urandya cyane kandi sinshobora kureba neza.","Ndatwite, umutwe urandya cyane kandi sinshobora kureba neza."
"Simbizi niba bikomeye ariko, umutima uratera cyane kandi nkumva umeze nk'aho uhagarara kuva hashize iminsi ibiri kandi nta miti mfite. Ni imiti ki nafata?",kinyarwanda,CRITICAL,cardiac_respiratory,kinyarwanda->kinyarwanda:CRITICAL:cardiac_respiratory,umutima uratera cyane kandi nkumva umeze nk'aho uhagarara,umutima uratera cyane kandi nkumva umeze nk'aho uhagarara
Umutima uratera cyane kandi nkumva umeze nk'aho uhagarara kuva mu cyumweru gishize kandi ndahangayitse,kinyarwanda,CRITICAL,cardiac_respiratory,kinyarwanda->kinyarwanda:CRITICAL:cardiac_respiratory,umutima uratera cyane kandi nkumva umeze nk'aho uhagarara,umutima uratera cyane kandi nkumva umeze nk'aho uhagarara
"Mfasha vuba, umuturanyi wanjye arava amaraso menshi nyuma yo kubyara. Byatangiye gitunguranye.",kinyarwanda,CRITICAL,obstetric,kinyarwanda->kinyarwanda:CRITICAL:obstetric,{REL} arava amaraso menshi nyuma yo kubyara.,ndava amaraso menshi nyuma yo kubyara
"Mumbabarire, ndashaka kubabwira ikibazo mfite. Mfite umuhaha. Naje mvuye kure.",kinyarwanda,URGENT,paediatric,kinyarwanda->kinyarwanda:URGENT:paediatric,Mfite umuhaha.,Mfite umuhaha.
"Simbizi niba bikomeye ariko, mushiki wanjye ahumeka bimugora cyane kandi iminwa ye yahindutse ibara kuva ejo biragenda bikagaruka. Ntabasha kubona amafaranga yo kongera kuza kwa muganga.",kinyarwanda,CRITICAL,cardiac_respiratory,kinyarwanda->kinyarwanda:CRITICAL:cardiac_respiratory,{REL} ahumeka bimugora cyane kandi iminwa ye yahindutse ibara.,guhumeka birangora cyane kandi iminwa yanjye yahindutse ibara
"Simbizi niba bikomeye ariko, mfite gahunda yo kwisuzumisha buri mwaka kuva mu gitondo kandi sinshobora gusinzira. Urakoze.",kinyarwanda,ROUTINE,preventive,kinyarwanda->kinyarwanda:ROUTINE:preventive,Mfite gahunda yo kwisuzumisha buri mwaka.,Mfite gahunda yo kwisuzumisha buri mwaka.
"Muraho, ndatwite, umutwe urandya cyane kandi sinshobora kureba neza kuva mu masaha abiri ashize bikarushaho nijoro. Mfasha muganga.",kinyarwanda,CRITICAL,obstetric,kinyarwanda->kinyarwanda:CRITICAL:obstetric,"Ndatwite, umutwe urandya cyane kandi sinshobora kureba neza.","Ndatwite, umutwe urandya cyane kandi sinshobora kureba neza."
"Mfasha, mfite igikomere gito kandi amaraso yarahagaze kuva hashize iminsi ibiri kandi nta miti mfite",kinyarwanda,ROUTINE,haemorrhage_trauma,kinyarwanda->kinyarwanda:ROUTINE:haemorrhage_trauma,Mfite igikomere gito kandi amaraso yarahagaze.,Mfite igikomere gito kandi amaraso yarahagaze.
"Muganga, mushiki wanjye arumva igituza kimuremereye cyane kandi ububabare bukagera no ku rwasaya cyangwa ku kuboko kuva hashize iminsi itatu kandi sinshobora gusinzira. Ese ibi birakomeye?",kinyarwanda,CRITICAL,cardiac_respiratory,kinyarwanda->kinyarwanda:CRITICAL:cardiac_respiratory,{REL} arumva igituza kimuremereye cyane kandi ububabare bukagera no ku rwasaya cyangwa ku kuboko.,{REL} arumva igituza kimuremereye cyane kandi ububabare bukagera no ku rwasaya cyangwa ku kuboko.
"Muganga, nta miti y'igituntu mfite kuva mu cyumweru gishize. Abandi bana na bo bafite iki kibazo. Naje mvuye kure.",kinyarwanda,URGENT,chronic_care,kinyarwanda->kinyarwanda:URGENT:chronic_care,Nta miti y'igituntu mfite.,Nta miti y'igituntu mfite.
Ndashaka kukubwira ikibazo mfite. Mu rugo hari umuntu urwaye igituntu kandi ndashaka kwisuzumisha kuva hashize iminsi ibiri kandi nta miti mfite. Naje mvuye kure.,kinyarwanda,URGENT,preventive,kinyarwanda->kinyarwanda:URGENT:preventive,Mu rugo hari umuntu urwaye igituntu kandi ndashaka kwisuzumisha.,Mu rugo hari umuntu urwaye igituntu kandi ndashaka kwisuzumisha.
"Nyabuneka, ndava amaraso menshi nyuma yo kubyara kuva hashize icyumweru kandi sinshobora gusinzira. Ni imiti ki nafata?",kinyarwanda,CRITICAL,obstetric,kinyarwanda->kinyarwanda:CRITICAL:obstetric,ndava amaraso menshi nyuma yo kubyara,ndava amaraso menshi nyuma yo kubyara
"Mfasha, umukecuru yagagaye kandi arimo guhinda umushyitsi kuva hashize iminsi itatu biragenda bikagaruka. Ndakeneye ubufasha vuba.",kinyarwanda,CRITICAL,neurological,kinyarwanda->kinyarwanda:CRITICAL:neurological,{REL} yagagaye kandi arimo guhinda umushyitsi.,{REL} yagagaye kandi arimo guhinda umushyitsi.
Papa arumva igituza kimuremereye cyane kandi ububabare bukagera no ku rwasaya cyangwa ku kuboko kuva ejo kandi birushaho kuba bibi. Ntegereze cyangwa nsuzumwe ubu?,kinyarwanda,CRITICAL,cardiac_respiratory,kinyarwanda->kinyarwanda:CRITICAL:cardiac_respiratory,{REL} arumva igituza kimuremereye cyane kandi ububabare bukagera no ku rwasaya cyangwa ku kuboko.,{REL} arumva igituza kimuremereye cyane kandi ububabare bukagera no ku rwasaya cyangwa ku kuboko.
"Muganga, umwana wanjye afite umuriro mwinshi kandi ntarya kuva hashize iminsi itatu. Abandi bana na bo bafite iki kibazo. Nkora iki?",kinyarwanda,URGENT,paediatric,kinyarwanda->kinyarwanda:URGENT:paediatric,{REL} afite umuriro mwinshi kandi ntarya.,{REL} afite umuriro mwinshi kandi ntarya.
Mama nta miti y'igituntu afite kuva ejo. Abandi bana na bo bafite iki kibazo. Murakoze.,kinyarwanda,URGENT,chronic_care,kinyarwanda->kinyarwanda:URGENT:chronic_care,{REL} nta miti y'igituntu afite.,Nta miti y'igituntu mfite.
"Nyabuneka, mu gituza harandya cyane kandi ububabare bukagera no ku kuboko kuva mu cyumweru gishize nta miti imfasha. Naje mvuye kure.",kinyarwanda,CRITICAL,cardiac_respiratory,kinyarwanda->kinyarwanda:CRITICAL:cardiac_respiratory,mu gituza harandya cyane kandi ububabare bukagera no ku kuboko,mu gituza harandya cyane kandi ububabare bukagera no ku kuboko
"Mumbabarire, ndashaka kubabwira ikibazo mfite. Mushiki wanjye arababara cyane mu gituza kandi ububabare bukagera no ku kuboko kuva mu masaha abiri ashize kandi nta miti mfite. Ni imiti ki nafata?",kinyarwanda,CRITICAL,cardiac_respiratory,kinyarwanda->kinyarwanda:CRITICAL:cardiac_respiratory,{REL} arababara cyane mu gituza kandi ububabare bukagera no ku kuboko.,mu gituza harandya cyane kandi ububabare bukagera no ku kuboko
"Mumbabarire, ndashaka kubabwira ikibazo mfite. Umugore wanjye iminwa ye yahindutse ubururu kuva mu gitondo biragenda bikagaruka. Nkora iki?",kinyarwanda,CRITICAL,cardiac_respiratory,kinyarwanda->kinyarwanda:CRITICAL:cardiac_respiratory,{REL} iminwa ye yahindutse ubururu.,Iminwa yanjye yahindutse ubururu.
"Nyabuneka, umukecuru yabyimbye ibirenge kandi ntashobora guhumeka neza iyo aragaramye kuva ijoro ryashize kandi birushaho kuba bibi. Ndakeneye ubufasha vuba.",kinyarwanda,URGENT,chronic_care,kinyarwanda->kinyarwanda:URGENT:chronic_care,{REL} yabyimbye ibirenge kandi ntashobora guhumeka neza iyo aragaramye.,Nabyimbye ibirenge kandi sinshobora guhumeka neza iyo ndagaramye.
Ndashaka kukubwira ikibazo mfite. Umukecuru nta miti ya SIDA afite kuva mu cyumweru gishize kandi sinshobora gusinzira. Murakoze.,kinyarwanda,URGENT,chronic_care,kinyarwanda->kinyarwanda:URGENT:chronic_care,{REL} nta miti ya SIDA afite.,Nta miti ya SIDA mfite.
"Mfasha vuba, ndatwite kandi ndashaka kujya kwa muganga kwisuzumisha kuva mu cyumweru gishize kandi nta miti mfite. Nkora iki?",kinyarwanda,ROUTINE,obstetric,kinyarwanda->kinyarwanda:ROUTINE:obstetric,Ndatwite kandi ndashaka kujya kwa muganga kwisuzumisha.,Ndatwite kandi ndashaka kujya kwa muganga kwisuzumisha.
"Ndakeneye ubufasha, mfite gahunda yo kwisuzumisha buri mwaka kuva ijoro ryashize. Byatangiye gitunguranye. Mfasha muganga.",kinyarwanda,ROUTINE,preventive,kinyarwanda->kinyarwanda:ROUTINE:preventive,Mfite gahunda yo kwisuzumisha buri mwaka.,Mfite gahunda yo kwisuzumisha buri mwaka.
"Nzanye umwana wanjye, mushiki wanjye arababara cyane mu gituza kandi ububabare bukagera no ku kuboko kuva mu masaha abiri ashize kandi nta miti mfite. Ndakeneye ubufasha vuba.",kinyarwanda,CRITICAL,cardiac_respiratory,kinyarwanda->kinyarwanda:CRITICAL:cardiac_respiratory,{REL} arababara cyane mu gituza kandi ububabare bukagera no ku kuboko.,mu gituza harandya cyane kandi ububabare bukagera no ku kuboko
"Ndakeneye ubufasha, mfite umuriro mwinshi kandi ndakorora cyane kuva hashize iminsi itatu biragenda bikagaruka. Mfasha muganga.",kinyarwanda,URGENT,infectious_fever,kinyarwanda->kinyarwanda:URGENT:infectious_fever,mfite umuriro mwinshi kandi ndakorora cyane,mfite umuriro mwinshi kandi ndakorora cyane
Umugore wanjye aratwite kandi afite umuriro kuva mu gitondo biragenda bikagaruka. Ndakeneye ubufasha vuba.,kinyarwanda,URGENT,obstetric,kinyarwanda->kinyarwanda:URGENT:obstetric,{REL} aratwite kandi afite umuriro.,Ndatwite kandi mfite umuriro.
"Ndakeneye ubufasha, nyuma yo kubyara mfite umuriro kandi hari ibintu bisohoka bifite impumuro mbi kuva ubu gitondo cya kare. Nkora iki?",kinyarwanda,CRITICAL,obstetric,kinyarwanda->kinyarwanda:CRITICAL:obstetric,Nyuma yo kubyara mfite umuriro kandi hari ibintu bisohoka bifite impumuro mbi.,Nyuma yo kubyara mfite umuriro kandi hari ibintu bisohoka bifite impumuro mbi.
"Ndakeneye ubufasha, umugabo wanjye ashaka ko bapima SIDA kuva mu cyumweru gishize kandi sinshobora gusinzira. Nkora iki?",kinyarwanda,ROUTINE,preventive,kinyarwanda->kinyarwanda:ROUTINE:preventive,{REL} ashaka ko bapima SIDA.,Ndashaka ko bapima SIDA.
"Ndakeneye ubufasha, umugabo wanjye ashaka kugirwa inama ku mazi yo kunywa kuva ubu gitondo cya kare kandi nta miti mfite. Ese ibi birakomeye?",kinyarwanda,ROUTINE,preventive,kinyarwanda->kinyarwanda:ROUTINE:preventive,{REL} ashaka kugirwa inama ku mazi yo kunywa.,Ndashaka kugirwa inama ku mazi yo kunywa.
"Nzanye umwana wanjye, umwana wanjye afite umuriro mwinshi kandi ntarya kuva hashize iminsi itatu kandi birushaho kuba bibi. Ni imiti ki nafata?",kinyarwanda,URGENT,paediatric,kinyarwanda->kinyarwanda:URGENT:paediatric,{REL} afite umuriro mwinshi kandi ntarya.,{REL} afite umuriro mwinshi kandi ntarya.
"Mfasha vuba, umwana wanjye afite igikomere gito kandi amaraso yarahagaze kuva ubu gitondo cya kare bikarushaho nijoro. Murakoze.",kinyarwanda,ROUTINE,haemorrhage_trauma,kinyarwanda->kinyarwanda:ROUTINE:haemorrhage_trauma,{REL} afite igikomere gito kandi amaraso yarahagaze.,Mfite igikomere gito kandi amaraso yarahagaze.
Mama ahumeka bimugora cyane kandi iminwa ye yahindutse ibara kuva ejo kandi sinshobora gusinzira. Ntegereze cyangwa nsuzumwe ubu?,kinyarwanda,CRITICAL,cardiac_respiratory,kinyarwanda->kinyarwanda:CRITICAL:cardiac_respiratory,{REL} ahumeka bimugora cyane kandi iminwa ye yahindutse ibara.,guhumeka birangora cyane kandi iminwa yanjye yahindutse ibara
Ndashaka kukubwira ikibazo mfite. Ndashaka imiti y'inzoka y'umwana wanjye kuva mu masaha abiri ashize nta miti imfasha. Ntegereze cyangwa nsuzumwe ubu?,kinyarwanda,ROUTINE,preventive,kinyarwanda->kinyarwanda:ROUTINE:preventive,Ndashaka imiti y'inzoka y'umwana wanjye.,Ndashaka imiti y'inzoka y'umwana wanjye.
"Mfasha vuba, umugabo wanjye afite igikomere cyanduye, kiratukura kandi kirimo amashyira bikarushaho nijoro",kinyarwanda,URGENT,haemorrhage_trauma,kinyarwanda->kinyarwanda:URGENT:haemorrhage_trauma,"{REL} afite igikomere cyanduye, kiratukura kandi kirimo amashyira.","mfite igikomere cyanduye, kiratukura kandi kirimo amashyira"
"Nyabuneka, umwana wanjye afite umuhaha kuva mu masaha abiri ashize. Byatangiye gitunguranye. Nkora iki?",kinyarwanda,URGENT,paediatric,kinyarwanda->kinyarwanda:URGENT:paediatric,{REL} afite umuhaha.,Mfite umuhaha.
"Naje hano mbere, nyuma yo kubyara, umugore wanjye afite umuriro kandi hari ibintu bisohoka bifite impumuro mbi kuva hashize icyumweru kandi nta miti mfite. Nkora iki?",kinyarwanda,CRITICAL,obstetric,kinyarwanda->kinyarwanda:CRITICAL:obstetric,"Nyuma yo kubyara, {REL} afite umuriro kandi hari ibintu bisohoka bifite impumuro mbi.",Nyuma yo kubyara mfite umuriro kandi hari ibintu bisohoka bifite impumuro mbi.
"Mfasha, umugabo wanjye amaze ibyumweru birenga bibiri akorora kandi yatangiye no kunanuka kuva hashize iminsi ibiri nta miti imfasha. Ntegereze cyangwa nsuzumwe ubu?",kinyarwanda,URGENT,cardiac_respiratory,kinyarwanda->kinyarwanda:URGENT:cardiac_respiratory,{REL} amaze ibyumweru birenga bibiri akorora kandi yatangiye no kunanuka.,Maze ibyumweru birenga bibiri nkorora kandi natangiye no kunanuka.
"Mfasha, umwana wanjye nta miti ya SIDA afite kuva ubu gitondo cya kare nta miti imfasha. Ni imiti ki nafata?",kinyarwanda,URGENT,chronic_care,kinyarwanda->kinyarwanda:URGENT:chronic_care,{REL} nta miti ya SIDA afite.,Nta miti ya SIDA mfite.
Uruhande rumwe rw'umubiri we ntirukora kuva hashize iminsi ibiri biragenda bikagaruka. Ndakeneye ubufasha vuba.,kinyarwanda,CRITICAL,neurological,kinyarwanda->kinyarwanda:CRITICAL:neurological,Uruhande rumwe rw'umubiri we ntirukora.,Uruhande rumwe rw'umubiri we ntirukora.
"Nyabuneka, umwana wanjye afite ububabare bukabije mu nda kuva ejo kandi ndahangayitse. Naje mvuye kure.",kinyarwanda,URGENT,gastrointestinal,kinyarwanda->kinyarwanda:URGENT:gastrointestinal,{REL} afite ububabare bukabije mu nda.,Mfite ububabare bukabije mu nda.
"Mumbabarire, ndashaka kubabwira ikibazo mfite. Papa amaze ibyumweru birenga bibiri arwaye impiswi biragenda bikagaruka. Naje mvuye kure.",kinyarwanda,URGENT,gastrointestinal,kinyarwanda->kinyarwanda:URGENT:gastrointestinal,{REL} amaze ibyumweru birenga bibiri arwaye impiswi.,Maze ibyumweru birenga bibiri ndwaye impiswi.
"Naje hano mbere, mama araruka amaraso nta miti imfasha. Mfasha muganga.",kinyarwanda,CRITICAL,gastrointestinal,kinyarwanda->kinyarwanda:CRITICAL:gastrointestinal,{REL} araruka amaraso.,Ndaruka amaraso.
"Mfasha, umuturanyi wanjye ashaka ko bapima ibiro by'umwana we kuva mu cyumweru gishize bikarushaho nijoro. Urakoze.",kinyarwanda,ROUTINE,paediatric,kinyarwanda->kinyarwanda:ROUTINE:paediatric,{REL} ashaka ko bapima ibiro by'umwana we.,Ndashaka ko bapima ibiro by'umwana wanjye.
Ndashaka kukubwira ikibazo mfite. Umugore wanjye arababara cyane mu gituza kandi ububabare bukagera no ku kuboko kuva mu masaha abiri ashize nta miti imfasha. Ni imiti ki nafata?,kinyarwanda,CRITICAL,cardiac_respiratory,kinyarwanda->kinyarwanda:CRITICAL:cardiac_respiratory,{REL} arababara cyane mu gituza kandi ububabare bukagera no ku kuboko.,mu gituza harandya cyane kandi ububabare bukagera no ku kuboko
"Mfasha, umugore wanjye isukari yo mu maraso ye yazamutse cyane kuva hashize icyumweru nta miti imfasha. Ndakeneye ubufasha vuba.",kinyarwanda,URGENT,chronic_care,kinyarwanda->kinyarwanda:URGENT:chronic_care,{REL} isukari yo mu maraso ye yazamutse cyane.,isukari yo mu maraso yanjye yazamutse cyane
"Ndakeneye ubufasha, mama afite impiswi zirimo amaraso kuva ubu gitondo cya kare. Abandi bana na bo bafite iki kibazo. Murakoze.",kinyarwanda,URGENT,gastrointestinal,kinyarwanda->kinyarwanda:URGENT:gastrointestinal,{REL} afite impiswi zirimo amaraso.,Mfite impiswi zirimo amaraso.
"Mfasha vuba, papa yabyimbye ibirenge kandi ntashobora guhumeka neza iyo aragaramye kuva mu gitondo biragenda bikagaruka. Ntegereze cyangwa nsuzumwe ubu?",kinyarwanda,URGENT,chronic_care,kinyarwanda->kinyarwanda:URGENT:chronic_care,{REL} yabyimbye ibirenge kandi ntashobora guhumeka neza iyo aragaramye.,Nabyimbye ibirenge kandi sinshobora guhumeka neza iyo ndagaramye.
"Mfasha, mfite umuriro mwinshi kandi ndakorora cyane kuva hashize iminsi ibiri. Byatangiye gitunguranye. Urakoze.",kinyarwanda,URGENT,infectious_fever,kinyarwanda->kinyarwanda:URGENT:infectious_fever,mfite umuriro mwinshi kandi ndakorora cyane,mfite umuriro mwinshi kandi ndakorora cyane
"Nyabuneka, ndatwite kandi mfite umuriro kuva mu gitondo biragenda bikagaruka. Nkora iki?",kinyarwanda,URGENT,obstetric,kinyarwanda->kinyarwanda:URGENT:obstetric,Ndatwite kandi mfite umuriro.,Ndatwite kandi mfite umuriro.
"Mfasha vuba, amazi yamenetse ariko igihe cyo kubyara ntikiragera kuva ubu gitondo cya kare. Abandi bana na bo bafite iki kibazo. Ntabasha kubona amafaranga yo kongera kuza kwa muganga.",kinyarwanda,URGENT,obstetric,kinyarwanda->kinyarwanda:URGENT:obstetric,Amazi yamenetse ariko igihe cyo kubyara ntikiragera.,Amazi yamenetse ariko igihe cyo kubyara ntikiragera.
"Ndakeneye ubufasha, umugore wanjye isukari yo mu maraso ye yazamutse cyane kuva hashize iminsi itatu kandi ndahangayitse. Nkora iki?",kinyarwanda,URGENT,chronic_care,kinyarwanda->kinyarwanda:URGENT:chronic_care,{REL} isukari yo mu maraso ye yazamutse cyane.,isukari yo mu maraso yanjye yazamutse cyane
Ndashaka kukubwira ikibazo mfite. Umugore wanjye afite impiswi zirimo amaraso kuva hashize icyumweru bikarushaho nijoro. Ndakeneye ubufasha vuba.,kinyarwanda,URGENT,gastrointestinal,kinyarwanda->kinyarwanda:URGENT:gastrointestinal,{REL} afite impiswi zirimo amaraso.,Mfite impiswi zirimo amaraso.
"Mfasha vuba, uruhande rumwe rw'umubiri we ntirukora kuva ejo kandi birushaho kuba bibi. Mfasha muganga.",kinyarwanda,CRITICAL,neurological,kinyarwanda->kinyarwanda:CRITICAL:neurological,Uruhande rumwe rw'umubiri we ntirukora.,Uruhande rumwe rw'umubiri we ntirukora.
"Muganga, mama afite impiswi zirimo amaraso kuva ijoro ryashize kandi sinshobora gusinzira. Ndakeneye ubufasha vuba.",kinyarwanda,URGENT,gastrointestinal,kinyarwanda->kinyarwanda:URGENT:gastrointestinal,{REL} afite impiswi zirimo amaraso.,Mfite impiswi zirimo amaraso.
"Ndakeneye ubufasha, ndashaka imiti y'inzoka y'umwana wanjye kuva ubu gitondo cya kare. Byatangiye gitunguranye. Ndakeneye ubufasha vuba.",kinyarwanda,ROUTINE,preventive,kinyarwanda->kinyarwanda:ROUTINE:preventive,Ndashaka imiti y'inzoka y'umwana wanjye.,Ndashaka imiti y'inzoka y'umwana wanjye.
"Nyabuneka, umwana wanjye afite umuriro woroheje umaze umunsi umwe, ariko nta kindi kibazo afite kuva mu masaha abiri ashize. Abandi bana na bo bafite iki kibazo. Ntegereze cyangwa nsuzumwe ubu?",kinyarwanda,ROUTINE,infectious_fever,kinyarwanda->kinyarwanda:ROUTINE:infectious_fever,"{REL} afite umuriro woroheje umaze umunsi umwe, ariko nta kindi kibazo afite.","mfite umuriro woroheje umaze umunsi umwe, ariko nta kindi kibazo mfite"
"Nzanye umwana wanjye, umwana wanjye afite umuriro mwinshi kandi yaragagaye kuva mu masaha abiri ashize kandi ndahangayitse",kinyarwanda,CRITICAL,infectious_fever,kinyarwanda->kinyarwanda:CRITICAL:infectious_fever,{REL} afite umuriro mwinshi kandi yaragagaye.,Mfite umuriro mwinshi kandi nagagaye.
"Muraho, nkorora gake ariko nta muriro mfite kuva mu gitondo nta miti imfasha",kinyarwanda,ROUTINE,cardiac_respiratory,kinyarwanda->kinyarwanda:ROUTINE:cardiac_respiratory,Nkorora gake ariko nta muriro mfite.,Nkorora gake ariko nta muriro mfite.
"Nzanye umwana wanjye, papa yabyimbye ibirenge kandi ntashobora guhumeka neza iyo aragaramye kuva mu gitondo kandi nta miti mfite. Nkora iki?",kinyarwanda,URGENT,chronic_care,kinyarwanda->kinyarwanda:URGENT:chronic_care,{REL} yabyimbye ibirenge kandi ntashobora guhumeka neza iyo aragaramye.,Nabyimbye ibirenge kandi sinshobora guhumeka neza iyo ndagaramye.
"Nyabuneka, papa arumva igituza kimuremereye cyane kandi ububabare bukagera no ku rwasaya cyangwa ku kuboko kuva mu masaha abiri ashize kandi nta miti mfite",kinyarwanda,CRITICAL,cardiac_respiratory,kinyarwanda->kinyarwanda:CRITICAL:cardiac_respiratory,{REL} arumva igituza kimuremereye cyane kandi ububabare bukagera no ku rwasaya cyangwa ku kuboko.,{REL} arumva igituza kimuremereye cyane kandi ububabare bukagera no ku rwasaya cyangwa ku kuboko.
"Muraho, umugore wanjye aratwite kandi ashaka kwisuzumisha kwa muganga bwa mbere bikarushaho nijoro. Murakoze.",kinyarwanda,ROUTINE,preventive,kinyarwanda->kinyarwanda:ROUTINE:preventive,{REL} aratwite kandi ashaka kwisuzumisha kwa muganga bwa mbere.,Ndatwite kandi ndashaka kwisuzumisha kwa muganga bwa mbere.
"Muraho, mfite impiswi zirimo amaraso kuva hashize iminsi itatu kandi birushaho kuba bibi",kinyarwanda,URGENT,gastrointestinal,kinyarwanda->kinyarwanda:URGENT:gastrointestinal,Mfite impiswi zirimo amaraso.,Mfite impiswi zirimo amaraso.
"Nzanye umwana wanjye, ndaruka cyane kandi numva mfite intege nke kuva hashize icyumweru nta miti imfasha. Naje mvuye kure.",kinyarwanda,URGENT,gastrointestinal,kinyarwanda->kinyarwanda:URGENT:gastrointestinal,ndaruka cyane kandi numva mfite intege nke,ndaruka cyane kandi numva mfite intege nke
"Mumbabarire, ndashaka kubabwira ikibazo mfite. Umuturanyi wanjye ahumeka bimugora cyane ku buryo adashobora no kuvuga neza kuva mu cyumweru gishize. Abandi bana na bo bafite iki kibazo. Ni imiti ki nafata?",kinyarwanda,CRITICAL,cardiac_respiratory,kinyarwanda->kinyarwanda:CRITICAL:cardiac_respiratory,{REL} ahumeka bimugora cyane ku buryo adashobora no kuvuga neza.,Guhumeka birangora cyane ku buryo ntabasha no kuvuga neza.
"Mfasha, umuturanyi wanjye afite igikomere cyanduye, kiratukura kandi kirimo amashyira kuva mu gitondo kandi birushaho kuba bibi. Urakoze.",kinyarwanda,URGENT,haemorrhage_trauma,kinyarwanda->kinyarwanda:URGENT:haemorrhage_trauma,"{REL} afite igikomere cyanduye, kiratukura kandi kirimo amashyira.","mfite igikomere cyanduye, kiratukura kandi kirimo amashyira"
Ndashaka kukubwira ikibazo mfite. Mfite umuriro mwinshi kandi ndakorora cyane kuva hashize iminsi itatu nta miti imfasha. Ni imiti ki nafata?,kinyarwanda,URGENT,infectious_fever,kinyarwanda->kinyarwanda:URGENT:infectious_fever,mfite umuriro mwinshi kandi ndakorora cyane,mfite umuriro mwinshi kandi ndakorora cyane
Ndashaka kukubwira ikibazo mfite. Papa afite ububabare bukabije mu nda kuva mu masaha abiri ashize bikarushaho nijoro. Naje mvuye kure.,kinyarwanda,URGENT,gastrointestinal,kinyarwanda->kinyarwanda:URGENT:gastrointestinal,{REL} afite ububabare bukabije mu nda.,Mfite ububabare bukabije mu nda.
"Nzanye umwana wanjye, nkorora gake ariko nta muriro mfite kuva mu gitondo biragenda bikagaruka. Ndakeneye ubufasha vuba.",kinyarwanda,ROUTINE,cardiac_respiratory,kinyarwanda->kinyarwanda:ROUTINE:cardiac_respiratory,Nkorora gake ariko nta muriro mfite.,Nkorora gake ariko nta muriro mfite.
"Muganga, isukari yo mu maraso yanjye yazamutse cyane kuva hashize icyumweru. Naje mvuye kure.",kinyarwanda,URGENT,chronic_care,kinyarwanda->kinyarwanda:URGENT:chronic_care,isukari yo mu maraso yanjye yazamutse cyane,isukari yo mu maraso yanjye yazamutse cyane
"Mfasha vuba, umugore wanjye arumva igituza kimuremereye cyane kandi ububabare bukagera no ku rwasaya cyangwa ku kuboko kuva hashize icyumweru. Mfasha muganga.",kinyarwanda,CRITICAL,cardiac_respiratory,kinyarwanda->kinyarwanda:CRITICAL:cardiac_respiratory,{REL} arumva igituza kimuremereye cyane kandi ububabare bukagera no ku rwasaya cyangwa ku kuboko.,{REL} arumva igituza kimuremereye cyane kandi ububabare bukagera no ku rwasaya cyangwa ku kuboko.
Ndashaka kukubwira ikibazo mfite. Iyo maze kurya numva mu nda ntameze neza kuva hashize iminsi itatu bikarushaho nijoro. Ni imiti ki nafata?,kinyarwanda,ROUTINE,gastrointestinal,kinyarwanda->kinyarwanda:ROUTINE:gastrointestinal,iyo maze kurya numva mu nda ntameze neza,"Iyo {REL} amaze kurya, yumva inda itameze neza."
"Ndakeneye ubufasha, mama afite ububabare bukabije mu nda kuva mu gitondo. Abandi bana na bo bafite iki kibazo.",kinyarwanda,URGENT,gastrointestinal,kinyarwanda->kinyarwanda:URGENT:gastrointestinal,{REL} afite ububabare bukabije mu nda.,Mfite ububabare bukabije mu nda.
Umugore wanjye yataye ubwenge kandi ntasubiza kuva hashize icyumweru kandi ndahangayitse. Ni imiti ki nafata?,kinyarwanda,CRITICAL,neurological,kinyarwanda->kinyarwanda:CRITICAL:neurological,{REL} yataye ubwenge kandi ntasubiza.,{REL} yataye ubwenge kandi ntasubiza.
"Nyabuneka, ndumva naniwe ariko si cyane kuva hashize icyumweru bikarushaho nijoro. Ntegereze cyangwa nsuzumwe ubu?",kinyarwanda,ROUTINE,neurological,kinyarwanda->kinyarwanda:ROUTINE:neurological,ndumva naniwe ariko si cyane,ndumva naniwe ariko si cyane
"Mfasha, ndabyara ariko habanje gusohoka umugozi w'umwana kuva hashize iminsi itatu kandi birushaho kuba bibi. Naje mvuye kure.",kinyarwanda,CRITICAL,obstetric,kinyarwanda->kinyarwanda:CRITICAL:obstetric,Ndabyara ariko habanje gusohoka umugozi w'umwana.,Ndabyara ariko habanje gusohoka umugozi w'umwana.
"Ndakeneye ubufasha, nyuma yo kubyara mfite umuriro kandi hari ibintu bisohoka bifite impumuro mbi kuva mu cyumweru gishize kandi birushaho kuba bibi. Naje mvuye kure.",kinyarwanda,CRITICAL,obstetric,kinyarwanda->kinyarwanda:CRITICAL:obstetric,Nyuma yo kubyara mfite umuriro kandi hari ibintu bisohoka bifite impumuro mbi.,Nyuma yo kubyara mfite umuriro kandi hari ibintu bisohoka bifite impumuro mbi.
"Mfasha vuba, umwana wanjye afite umuriro woroheje umaze umunsi umwe, ariko nta kindi kibazo afite kuva hashize iminsi ibiri. Abandi bana na bo bafite iki kibazo. Naje mvuye kure.",kinyarwanda,ROUTINE,infectious_fever,kinyarwanda->kinyarwanda:ROUTINE:infectious_fever,"{REL} afite umuriro woroheje umaze umunsi umwe, ariko nta kindi kibazo afite.","mfite umuriro woroheje umaze umunsi umwe, ariko nta kindi kibazo mfite"
"Mumbabarire, ndashaka kubabwira ikibazo mfite. Umugabo wanjye ari kuva amaraso menshi kandi ntahagarara kuva ubu gitondo cya kare kandi birushaho kuba bibi. Ntabasha kubona amafaranga yo kongera kuza kwa muganga.",kinyarwanda,CRITICAL,haemorrhage_trauma,kinyarwanda->kinyarwanda:CRITICAL:haemorrhage_trauma,{REL} ari kuva amaraso menshi kandi ntahagarara.,ndi kuva amaraso menshi kandi ntahagarara
"Nyabuneka, papa iminwa ye yahindutse ubururu kuva mu gitondo kandi birushaho kuba bibi. Mfasha muganga.",kinyarwanda,CRITICAL,cardiac_respiratory,kinyarwanda->kinyarwanda:CRITICAL:cardiac_respiratory,{REL} iminwa ye yahindutse ubururu.,Iminwa yanjye yahindutse ubururu.
"Umwana wanjye afite umuriro woroheje umaze umunsi umwe, ariko nta kindi kibazo afite kuva mu gitondo kandi nta miti mfite. Nkora iki?",kinyarwanda,ROUTINE,infectious_fever,kinyarwanda->kinyarwanda:ROUTINE:infectious_fever,"{REL} afite umuriro woroheje umaze umunsi umwe, ariko nta kindi kibazo afite.","mfite umuriro woroheje umaze umunsi umwe, ariko nta kindi kibazo mfite"
Umugore wanjye ahumeka bimugora cyane ku buryo adashobora no kuvuga neza kuva ijoro ryashize biragenda bikagaruka. Ni imiti ki nafata?,kinyarwanda,CRITICAL,cardiac_respiratory,kinyarwanda->kinyarwanda:CRITICAL:cardiac_respiratory,{REL} ahumeka bimugora cyane ku buryo adashobora no kuvuga neza.,Guhumeka birangora cyane ku buryo ntabasha no kuvuga neza.
Ndaruka amaraso kuva mu gitondo bikarushaho nijoro. Ndakeneye ubufasha vuba.,kinyarwanda,CRITICAL,gastrointestinal,kinyarwanda->kinyarwanda:CRITICAL:gastrointestinal,Ndaruka amaraso.,Ndaruka amaraso.
"Naje hano mbere, mushiki wanjye aratwite kandi ashaka kwisuzumisha kwa muganga bwa mbere kuva ijoro ryashize. Abandi bana na bo bafite iki kibazo. Ndakeneye ubufasha vuba.",kinyarwanda,ROUTINE,preventive,kinyarwanda->kinyarwanda:ROUTINE:preventive,{REL} aratwite kandi ashaka kwisuzumisha kwa muganga bwa mbere.,Ndatwite kandi ndashaka kwisuzumisha kwa muganga bwa mbere.
"Simbizi niba bikomeye ariko, mfite umuriro mwinshi kandi ndakorora cyane kuva hashize iminsi ibiri biragenda bikagaruka. Naje mvuye kure.",kinyarwanda,URGENT,infectious_fever,kinyarwanda->kinyarwanda:URGENT:infectious_fever,mfite umuriro mwinshi kandi ndakorora cyane,mfite umuriro mwinshi kandi ndakorora cyane
"Nyabuneka, umukecuru ashaka ko bapima ibiro by'umwana we kuva ubu gitondo cya kare kandi birushaho kuba bibi. Ntabasha kubona amafaranga yo kongera kuza kwa muganga.",kinyarwanda,ROUTINE,paediatric,kinyarwanda->kinyarwanda:ROUTINE:paediatric,{REL} ashaka ko bapima ibiro by'umwana we.,Ndashaka ko bapima ibiro by'umwana wanjye.
"Mfasha, mu rugo hari umuntu urwaye igituntu kandi ndashaka kwisuzumisha kuva ijoro ryashize nta miti imfasha. Urakoze.",kinyarwanda,URGENT,preventive,kinyarwanda->kinyarwanda:URGENT:preventive,Mu rugo hari umuntu urwaye igituntu kandi ndashaka kwisuzumisha.,Mu rugo hari umuntu urwaye igituntu kandi ndashaka kwisuzumisha.
"Nyabuneka, umugore wanjye ashaka kugirwa inama ku mazi yo kunywa kuva ubu gitondo cya kare. Nkora iki?",kinyarwanda,ROUTINE,preventive,kinyarwanda->kinyarwanda:ROUTINE:preventive,{REL} ashaka kugirwa inama ku mazi yo kunywa.,Ndashaka kugirwa inama ku mazi yo kunywa.
"Mfasha vuba, umugabo wanjye amaze ibyumweru birenga bibiri akorora kandi yatangiye no kunanuka kuva mu cyumweru gishize kandi birushaho kuba bibi. Mfasha muganga.",kinyarwanda,URGENT,cardiac_respiratory,kinyarwanda->kinyarwanda:URGENT:cardiac_respiratory,{REL} amaze ibyumweru birenga bibiri akorora kandi yatangiye no kunanuka.,Maze ibyumweru birenga bibiri nkorora kandi natangiye no kunanuka.
"Muganga, mfite umwanda usa umukara kuva mu masaha abiri ashize kandi nta miti mfite. Ndakeneye ubufasha vuba.",kinyarwanda,CRITICAL,gastrointestinal,kinyarwanda->kinyarwanda:CRITICAL:gastrointestinal,Mfite umwanda usa umukara.,Mfite umwanda usa umukara.
"Mfasha, mfite igikomere ku mutwe nyuma yo kugwa kuva ijoro ryashize. Abandi bana na bo bafite iki kibazo. Mfasha muganga.",kinyarwanda,CRITICAL,haemorrhage_trauma,kinyarwanda->kinyarwanda:CRITICAL:haemorrhage_trauma,mfite igikomere ku mutwe nyuma yo kugwa,mfite igikomere ku mutwe nyuma yo kugwa
"Muraho, iyo maze kurya numva mu nda ntameze neza kuva hashize iminsi itatu. Byatangiye gitunguranye.",kinyarwanda,ROUTINE,gastrointestinal,kinyarwanda->kinyarwanda:ROUTINE:gastrointestinal,iyo maze kurya numva mu nda ntameze neza,"Iyo {REL} amaze kurya, yumva inda itameze neza."
"Naje hano mbere, umugore wanjye araruka amaraso kuva mu masaha abiri ashize biragenda bikagaruka. Ni imiti ki nafata?",kinyarwanda,CRITICAL,gastrointestinal,kinyarwanda->kinyarwanda:CRITICAL:gastrointestinal,{REL} araruka amaraso.,Ndaruka amaraso.
"Naje hano mbere, ndashaka kujya kwa muganga kwisuzumisha SIDA kuva mu cyumweru gishize kandi ndahangayitse. Naje mvuye kure.",kinyarwanda,ROUTINE,chronic_care,kinyarwanda->kinyarwanda:ROUTINE:chronic_care,Ndashaka kujya kwa muganga kwisuzumisha SIDA.,Ndashaka kujya kwa muganga kwisuzumisha SIDA.
Umuturanyi wanjye arababara cyane mu gituza kandi ububabare bukagera no ku kuboko kuva mu masaha abiri ashize biragenda bikagaruka. Ni imiti ki nafata?,kinyarwanda,CRITICAL,cardiac_respiratory,kinyarwanda->kinyarwanda:CRITICAL:cardiac_respiratory,{REL} arababara cyane mu gituza kandi ububabare bukagera no ku kuboko.,mu gituza harandya cyane kandi ububabare bukagera no ku kuboko
"Naje hano mbere, umugore wanjye afite impiswi zikomeye kandi yagize umwuma kuva hashize iminsi itatu. Byatangiye gitunguranye. Ni imiti ki nafata?",kinyarwanda,CRITICAL,gastrointestinal,kinyarwanda->kinyarwanda:CRITICAL:gastrointestinal,{REL} afite impiswi zikomeye kandi yagize umwuma.,{REL} afite impiswi zikomeye kandi yagize umwuma.
"Naje hano mbere, mama aratwite kandi yaragagaye kuva hashize iminsi ibiri kandi nta miti mfite. Ni imiti ki nafata?",kinyarwanda,CRITICAL,obstetric,kinyarwanda->kinyarwanda:CRITICAL:obstetric,{REL} aratwite kandi yaragagaye.,Ndatwite kandi nagagaye.
"Nyabuneka, umuturanyi wanjye amaze iminsi itatu arwaye impiswi zikomeye kuva ejo biragenda bikagaruka. Ese ibi birakomeye?",kinyarwanda,URGENT,gastrointestinal,kinyarwanda->kinyarwanda:URGENT:gastrointestinal,{REL} amaze iminsi itatu arwaye impiswi zikomeye.,maze iminsi itatu ndwaye impiswi zikomeye
"Nyabuneka, mama amaze ibyumweru birenga bibiri arwaye impiswi biragenda bikagaruka. Naje mvuye kure.",kinyarwanda,URGENT,gastrointestinal,kinyarwanda->kinyarwanda:URGENT:gastrointestinal,{REL} amaze ibyumweru birenga bibiri arwaye impiswi.,Maze ibyumweru birenga bibiri ndwaye impiswi.
"Muraho, umugore wanjye arumva igituza kimuremereye cyane kandi ububabare bukagera no ku rwasaya cyangwa ku kuboko kuva hashize iminsi itatu nta miti imfasha. Naje mvuye kure.",kinyarwanda,CRITICAL,cardiac_respiratory,kinyarwanda->kinyarwanda:CRITICAL:cardiac_respiratory,{REL} arumva igituza kimuremereye cyane kandi ububabare bukagera no ku rwasaya cyangwa ku kuboko.,{REL} arumva igituza kimuremereye cyane kandi ububabare bukagera no ku rwasaya cyangwa ku kuboko.
"Muganga, umugore wanjye ashaka kugirwa inama ku mazi yo kunywa kuva hashize iminsi itatu kandi sinshobora gusinzira. Urakoze.",kinyarwanda,ROUTINE,preventive,kinyarwanda->kinyarwanda:ROUTINE:preventive,{REL} ashaka kugirwa inama ku mazi yo kunywa.,Ndashaka kugirwa inama ku mazi yo kunywa.
"Naje hano mbere, umwana wanjye afite umuriro woroheje umaze umunsi umwe, ariko nta kindi kibazo afite kuva hashize iminsi itatu kandi nta miti mfite. Mfasha muganga.",kinyarwanda,ROUTINE,infectious_fever,kinyarwanda->kinyarwanda:ROUTINE:infectious_fever,"{REL} afite umuriro woroheje umaze umunsi umwe, ariko nta kindi kibazo afite.","mfite umuriro woroheje umaze umunsi umwe, ariko nta kindi kibazo mfite"
"Ndakeneye ubufasha, umukecuru ashaka ko bapima ibiro by'umwana we kuva ejo biragenda bikagaruka. Murakoze.",kinyarwanda,ROUTINE,paediatric,kinyarwanda->kinyarwanda:ROUTINE:paediatric,{REL} ashaka ko bapima ibiro by'umwana we.,Ndashaka ko bapima ibiro by'umwana wanjye.
"Mumbabarire, ndashaka kubabwira ikibazo mfite. Nkorora gake ariko nta muriro mfite kuva ubu gitondo cya kare biragenda bikagaruka. Murakoze.",kinyarwanda,ROUTINE,cardiac_respiratory,kinyarwanda->kinyarwanda:ROUTINE:cardiac_respiratory,Nkorora gake ariko nta muriro mfite.,Nkorora gake ariko nta muriro mfite.
"Nyabuneka, mama nta miti ya SIDA afite kuva ejo nta miti imfasha. Ese ibi birakomeye?",kinyarwanda,URGENT,chronic_care,kinyarwanda->kinyarwanda:URGENT:chronic_care,{REL} nta miti ya SIDA afite.,Nta miti ya SIDA mfite.
"Ndakeneye ubufasha, nkorora gake ariko nta muriro mfite kuva ubu gitondo cya kare kandi nta miti mfite. Urakoze.",kinyarwanda,ROUTINE,cardiac_respiratory,kinyarwanda->kinyarwanda:ROUTINE:cardiac_respiratory,Nkorora gake ariko nta muriro mfite.,Nkorora gake ariko nta muriro mfite.
"Nzanye umwana wanjye, mfite ubushye bunini ku mubiri kuva hashize icyumweru nta miti imfasha. Ese ibi birakomeye?",kinyarwanda,CRITICAL,haemorrhage_trauma,kinyarwanda->kinyarwanda:CRITICAL:haemorrhage_trauma,Mfite ubushye bunini ku mubiri.,Mfite ubushye bunini ku mubiri.
"Simbizi niba bikomeye ariko, umukecuru araruka amaraso biragenda bikagaruka. Ntegereze cyangwa nsuzumwe ubu?",kinyarwanda,CRITICAL,gastrointestinal,kinyarwanda->kinyarwanda:CRITICAL:gastrointestinal,{REL} araruka amaraso.,Ndaruka amaraso.
"Mumbabarire, ndashaka kubabwira ikibazo mfite. Ndatwite kandi mfite umuriro kuva mu cyumweru gishize. Abandi bana na bo bafite iki kibazo. Ni imiti ki nafata?",kinyarwanda,URGENT,obstetric,kinyarwanda->kinyarwanda:URGENT:obstetric,Ndatwite kandi mfite umuriro.,Ndatwite kandi mfite umuriro.
"Mumbabarire, ndashaka kubabwira ikibazo mfite. Ndatwite, umutwe urandya cyane kandi sinshobora kureba neza kuva hashize iminsi ibiri. Byatangiye gitunguranye. Ntegereze cyangwa nsuzumwe ubu?",kinyarwanda,CRITICAL,obstetric,kinyarwanda->kinyarwanda:CRITICAL:obstetric,"Ndatwite, umutwe urandya cyane kandi sinshobora kureba neza.","Ndatwite, umutwe urandya cyane kandi sinshobora kureba neza."
"Nyabuneka, mushiki wanjye yabyimbye ibirenge kandi ntashobora guhumeka neza iyo aragaramye kuva mu cyumweru gishize kandi nta miti mfite. Nkora iki?",kinyarwanda,URGENT,chronic_care,kinyarwanda->kinyarwanda:URGENT:chronic_care,{REL} yabyimbye ibirenge kandi ntashobora guhumeka neza iyo aragaramye.,Nabyimbye ibirenge kandi sinshobora guhumeka neza iyo ndagaramye.
"Mfasha, mama amaze iminsi itatu arwaye impiswi zikomeye kuva ejo biragenda bikagaruka. Ntegereze cyangwa nsuzumwe ubu?",kinyarwanda,URGENT,gastrointestinal,kinyarwanda->kinyarwanda:URGENT:gastrointestinal,{REL} amaze iminsi itatu arwaye impiswi zikomeye.,maze iminsi itatu ndwaye impiswi zikomeye
"Simbizi niba bikomeye ariko, mama ahumeka bimugora cyane ku buryo adashobora no kuvuga neza nta miti imfasha. Naje mvuye kure.",kinyarwanda,CRITICAL,cardiac_respiratory,kinyarwanda->kinyarwanda:CRITICAL:cardiac_respiratory,{REL} ahumeka bimugora cyane ku buryo adashobora no kuvuga neza.,Guhumeka birangora cyane ku buryo ntabasha no kuvuga neza.
"Nyabuneka, ndashaka kujya kwa muganga kwisuzumisha diyabete kuva ijoro ryashize. Urakoze.",kinyarwanda,ROUTINE,chronic_care,kinyarwanda->kinyarwanda:ROUTINE:chronic_care,Ndashaka kujya kwa muganga kwisuzumisha diyabete.,Ndashaka kujya kwa muganga kwisuzumisha SIDA.
"Mumbabarire, ndashaka kubabwira ikibazo mfite. Isukari yo mu maraso yanjye yazamutse cyane kuva ijoro ryashize kandi birushaho kuba bibi. Murakoze.",kinyarwanda,URGENT,chronic_care,kinyarwanda->kinyarwanda:URGENT:chronic_care,isukari yo mu maraso yanjye yazamutse cyane,isukari yo mu maraso yanjye yazamutse cyane
"Muganga, mfite igikomere gito kandi amaraso yarahagaze kuva mu masaha abiri ashize. Abandi bana na bo bafite iki kibazo. Naje mvuye kure.",kinyarwanda,ROUTINE,haemorrhage_trauma,kinyarwanda->kinyarwanda:ROUTINE:haemorrhage_trauma,Mfite igikomere gito kandi amaraso yarahagaze.,Mfite igikomere gito kandi amaraso yarahagaze.
"Naje hano mbere, mu rugo hari umuntu urwaye igituntu kandi ndashaka kwisuzumisha kuva mu cyumweru gishize kandi sinshobora gusinzira. Murakoze.",kinyarwanda,URGENT,preventive,kinyarwanda->kinyarwanda:URGENT:preventive,Mu rugo hari umuntu urwaye igituntu kandi ndashaka kwisuzumisha.,Mu rugo hari umuntu urwaye igituntu kandi ndashaka kwisuzumisha.
"Ndakeneye ubufasha, nyuma yo kubyara, mama afite umuriro kandi hari ibintu bisohoka bifite impumuro mbi kuva ejo kandi sinshobora gusinzira. Ni imiti ki nafata?",kinyarwanda,CRITICAL,obstetric,kinyarwanda->kinyarwanda:CRITICAL:obstetric,"Nyuma yo kubyara, {REL} afite umuriro kandi hari ibintu bisohoka bifite impumuro mbi.",Nyuma yo kubyara mfite umuriro kandi hari ibintu bisohoka bifite impumuro mbi.
"Nzanye umwana wanjye, mfite umuhaha kuva mu masaha abiri ashize. Abandi bana na bo bafite iki kibazo. Nkora iki?",kinyarwanda,URGENT,paediatric,kinyarwanda->kinyarwanda:URGENT:paediatric,Mfite umuhaha.,Mfite umuhaha.
"Ndakeneye ubufasha, guhumeka birangora cyane ku buryo ntabasha no kuvuga neza kuva ubu gitondo cya kare. Ntegereze cyangwa nsuzumwe ubu?",kinyarwanda,CRITICAL,cardiac_respiratory,kinyarwanda->kinyarwanda:CRITICAL:cardiac_respiratory,Guhumeka birangora cyane ku buryo ntabasha no kuvuga neza.,Guhumeka birangora cyane ku buryo ntabasha no kuvuga neza.
Ndava amaraso menshi nyuma yo kubyara kuva mu masaha abiri ashize. Nkora iki?,kinyarwanda,CRITICAL,obstetric,kinyarwanda->kinyarwanda:CRITICAL:obstetric,ndava amaraso menshi nyuma yo kubyara,ndava amaraso menshi nyuma yo kubyara
"Mfasha, nta miti y'igituntu mfite kuva ejo kandi sinshobora gusinzira. Ese ibi birakomeye?",kinyarwanda,URGENT,chronic_care,kinyarwanda->kinyarwanda:URGENT:chronic_care,Nta miti y'igituntu mfite.,Nta miti y'igituntu mfite.
"Simbizi niba bikomeye ariko, mama ahumeka bimugora cyane kandi iminwa ye yahindutse ibara kuva ijoro ryashize biragenda bikagaruka",kinyarwanda,CRITICAL,cardiac_respiratory,kinyarwanda->kinyarwanda:CRITICAL:cardiac_respiratory,{REL} ahumeka bimugora cyane kandi iminwa ye yahindutse ibara.,guhumeka birangora cyane kandi iminwa yanjye yahindutse ibara
"Nyabuneka, mama araruka amaraso kuva hashize icyumweru kandi sinshobora gusinzira. Ndakeneye ubufasha vuba.",kinyarwanda,CRITICAL,gastrointestinal,kinyarwanda->kinyarwanda:CRITICAL:gastrointestinal,{REL} araruka amaraso.,Ndaruka amaraso.
"Mfasha vuba, mama aratwite kandi yaragagaye kuva ejo. Byatangiye gitunguranye. Ndakeneye ubufasha vuba.",kinyarwanda,CRITICAL,obstetric,kinyarwanda->kinyarwanda:CRITICAL:obstetric,{REL} aratwite kandi yaragagaye.,Ndatwite kandi nagagaye.
"Mumbabarire, ndashaka kubabwira ikibazo mfite. Nyuma yo kubyara mfite umuriro kandi hari ibintu bisohoka bifite impumuro mbi kuva hashize iminsi ibiri biragenda bikagaruka. Ntabasha kubona amafaranga yo kongera kuza kwa muganga.",kinyarwanda,CRITICAL,obstetric,kinyarwanda->kinyarwanda:CRITICAL:obstetric,Nyuma yo kubyara mfite umuriro kandi hari ibintu bisohoka bifite impumuro mbi.,Nyuma yo kubyara mfite umuriro kandi hari ibintu bisohoka bifite impumuro mbi.
"Mfasha, papa arumva igituza kimuremereye cyane kandi ububabare bukagera no ku rwasaya cyangwa ku kuboko kuva mu gitondo. Nkora iki?",kinyarwanda,CRITICAL,cardiac_respiratory,kinyarwanda->kinyarwanda:CRITICAL:cardiac_respiratory,{REL} arumva igituza kimuremereye cyane kandi ububabare bukagera no ku rwasaya cyangwa ku kuboko.,{REL} arumva igituza kimuremereye cyane kandi ububabare bukagera no ku rwasaya cyangwa ku kuboko.
"Naje hano mbere, ndaruka cyane kandi numva mfite intege nke kuva hashize icyumweru. Byatangiye gitunguranye. Ntabasha kubona amafaranga yo kongera kuza kwa muganga.",kinyarwanda,URGENT,gastrointestinal,kinyarwanda->kinyarwanda:URGENT:gastrointestinal,ndaruka cyane kandi numva mfite intege nke,ndaruka cyane kandi numva mfite intege nke
"Simbizi niba bikomeye ariko, umuturanyi wanjye afite ubushye bunini ku mubiri kuva mu masaha abiri ashize kandi ndahangayitse. Ntabasha kubona amafaranga yo kongera kuza kwa muganga.",kinyarwanda,CRITICAL,haemorrhage_trauma,kinyarwanda->kinyarwanda:CRITICAL:haemorrhage_trauma,{REL} afite ubushye bunini ku mubiri.,Mfite ubushye bunini ku mubiri.
Ndashaka kukubwira ikibazo mfite. Iyo maze kurya numva mu nda ntameze neza. Ntegereze cyangwa nsuzumwe ubu?,kinyarwanda,ROUTINE,gastrointestinal,kinyarwanda->kinyarwanda:ROUTINE:gastrointestinal,iyo maze kurya numva mu nda ntameze neza,"Iyo {REL} amaze kurya, yumva inda itameze neza."
"Umwana wanjye afite umuriro woroheje umaze umunsi umwe, ariko nta kindi kibazo afite kuva ubu gitondo cya kare bikarushaho nijoro",kinyarwanda,ROUTINE,infectious_fever,kinyarwanda->kinyarwanda:ROUTINE:infectious_fever,"{REL} afite umuriro woroheje umaze umunsi umwe, ariko nta kindi kibazo afite.","mfite umuriro woroheje umaze umunsi umwe, ariko nta kindi kibazo mfite"
"Mfasha, umukecuru ashaka inama ku biryo byo kugaburira umwana we kuva hashize icyumweru nta miti imfasha. Mfasha muganga.",kinyarwanda,ROUTINE,preventive,kinyarwanda->kinyarwanda:ROUTINE:preventive,{REL} ashaka inama ku biryo byo kugaburira umwana we.,Ndashaka inama ku biryo byo kugaburira umwana wanjye.
"Mfasha, mushiki wanjye ntashobora kuvuga neza kandi umunwa we waragoramye kuva mu cyumweru gishize kandi birushaho kuba bibi. Naje mvuye kure.",kinyarwanda,CRITICAL,neurological,kinyarwanda->kinyarwanda:CRITICAL:neurological,{REL} ntashobora kuvuga neza kandi umunwa we waragoramye.,{REL} ntashobora kuvuga neza kandi umunwa we waragoramye.
"Muraho, maze umunsi wose mbabara ngerageza kubyara ariko umwana ntarasohoka kuva mu masaha abiri ashize kandi nta miti mfite. Ntabasha kubona amafaranga yo kongera kuza kwa muganga.",kinyarwanda,CRITICAL,obstetric,kinyarwanda->kinyarwanda:CRITICAL:obstetric,Maze umunsi wose mbabara ngerageza kubyara ariko umwana ntarasohoka.,Maze umunsi wose mbabara ngerageza kubyara ariko umwana ntarasohoka.
Papa amaze ibyumweru birenga bibiri arwaye impiswi kuva mu gitondo nta miti imfasha. Ni imiti ki nafata?,kinyarwanda,URGENT,gastrointestinal,kinyarwanda->kinyarwanda:URGENT:gastrointestinal,{REL} amaze ibyumweru birenga bibiri arwaye impiswi.,Maze ibyumweru birenga bibiri ndwaye impiswi.
"Muraho, ndatwite kandi mfite umuriro kuva ubu gitondo cya kare. Naje mvuye kure.",kinyarwanda,URGENT,obstetric,kinyarwanda->kinyarwanda:URGENT:obstetric,Ndatwite kandi mfite umuriro.,Ndatwite kandi mfite umuriro.
Ndashaka kukubwira ikibazo mfite. Ndashaka kongererwa imiti mfata kuva hashize iminsi ibiri. Nkora iki?,kinyarwanda,ROUTINE,chronic_care,kinyarwanda->kinyarwanda:ROUTINE:chronic_care,ndashaka kongererwa imiti mfata,ndashaka kongererwa imiti mfata
"Simbizi niba bikomeye ariko, mama aratwite kandi ashaka kwisuzumisha kwa muganga bwa mbere kuva ubu gitondo cya kare kandi sinshobora gusinzira. Ese ibi birakomeye?",kinyarwanda,ROUTINE,preventive,kinyarwanda->kinyarwanda:ROUTINE:preventive,{REL} aratwite kandi ashaka kwisuzumisha kwa muganga bwa mbere.,Ndatwite kandi ndashaka kwisuzumisha kwa muganga bwa mbere.
"Nzanye umwana wanjye, maze ibyumweru birenga bibiri nkorora kandi natangiye no kunanuka kuva ubu gitondo cya kare biragenda bikagaruka. Ntegereze cyangwa nsuzumwe ubu?",kinyarwanda,URGENT,cardiac_respiratory,kinyarwanda->kinyarwanda:URGENT:cardiac_respiratory,Maze ibyumweru birenga bibiri nkorora kandi natangiye no kunanuka.,Maze ibyumweru birenga bibiri nkorora kandi natangiye no kunanuka.
Ndashaka kukubwira ikibazo mfite. Ndumva naniwe ariko si cyane kuva mu cyumweru gishize bikarushaho nijoro. Murakoze.,kinyarwanda,ROUTINE,neurological,kinyarwanda->kinyarwanda:ROUTINE:neurological,ndumva naniwe ariko si cyane,ndumva naniwe ariko si cyane
Mushiki wanjye ashaka ko bapima ibiro by'umwana we kuva mu cyumweru gishize. Ese ibi birakomeye?,kinyarwanda,ROUTINE,paediatric,kinyarwanda->kinyarwanda:ROUTINE:paediatric,{REL} ashaka ko bapima ibiro by'umwana we.,Ndashaka ko bapima ibiro by'umwana wanjye.
Ndashaka kongererwa imiti mfata kuva ijoro ryashize. Byatangiye gitunguranye. Urakoze.,kinyarwanda,ROUTINE,chronic_care,kinyarwanda->kinyarwanda:ROUTINE:chronic_care,ndashaka kongererwa imiti mfata,ndashaka kongererwa imiti mfata
Ndashaka kukubwira ikibazo mfite. Ndashaka kujya kwa muganga kwisuzumisha SIDA kuva ubu gitondo cya kare bikarushaho nijoro. Mfasha muganga.,kinyarwanda,ROUTINE,chronic_care,kinyarwanda->kinyarwanda:ROUTINE:chronic_care,Ndashaka kujya kwa muganga kwisuzumisha SIDA.,Ndashaka kujya kwa muganga kwisuzumisha SIDA.
"Nzanye umwana wanjye, umukecuru afite umuriro mwinshi kandi yaragagaye kuva hashize iminsi ibiri kandi ndahangayitse. Ntegereze cyangwa nsuzumwe ubu?",kinyarwanda,CRITICAL,infectious_fever,kinyarwanda->kinyarwanda:CRITICAL:infectious_fever,{REL} afite umuriro mwinshi kandi yaragagaye.,Mfite umuriro mwinshi kandi nagagaye.
"Simbizi niba bikomeye ariko, mfite umuhaha kuva hashize iminsi itatu kandi nta miti mfite. Ni imiti ki nafata?",kinyarwanda,URGENT,paediatric,kinyarwanda->kinyarwanda:URGENT:paediatric,Mfite umuhaha.,Mfite umuhaha.
Ndashaka kukubwira ikibazo mfite. Mfite igikomere ku mutwe nyuma yo kugwa kuva hashize iminsi ibiri. Abandi bana na bo bafite iki kibazo. Naje mvuye kure.,kinyarwanda,CRITICAL,haemorrhage_trauma,kinyarwanda->kinyarwanda:CRITICAL:haemorrhage_trauma,mfite igikomere ku mutwe nyuma yo kugwa,mfite igikomere ku mutwe nyuma yo kugwa
"Mumbabarire, ndashaka kubabwira ikibazo mfite. Umwana wanjye afite ibimenyetso bya malariya, umuriro n'imbeho bikarushaho nijoro. Ndakeneye ubufasha vuba.",kinyarwanda,URGENT,infectious_fever,kinyarwanda->kinyarwanda:URGENT:infectious_fever,"{REL} afite ibimenyetso bya malariya, umuriro n'imbeho.","Mfite ibimenyetso bya malariya, umuriro n'imbeho."
"Muganga, nyuma yo kubyara mfite umuriro kandi hari ibintu bisohoka bifite impumuro mbi kuva mu masaha abiri ashize. Byatangiye gitunguranye. Ni imiti ki nafata?",kinyarwanda,CRITICAL,obstetric,kinyarwanda->kinyarwanda:CRITICAL:obstetric,Nyuma yo kubyara mfite umuriro kandi hari ibintu bisohoka bifite impumuro mbi.,Nyuma yo kubyara mfite umuriro kandi hari ibintu bisohoka bifite impumuro mbi.
"Mfasha, papa ashaka ko bapima SIDA kuva mu masaha abiri ashize kandi birushaho kuba bibi. Naje mvuye kure.",kinyarwanda,ROUTINE,preventive,kinyarwanda->kinyarwanda:ROUTINE:preventive,{REL} ashaka ko bapima SIDA.,Ndashaka ko bapima SIDA.
"Muraho, mu rugo hari umuntu urwaye igituntu kandi ndashaka kwisuzumisha kuva mu cyumweru gishize kandi nta miti mfite. Ndakeneye ubufasha vuba.",kinyarwanda,URGENT,preventive,kinyarwanda->kinyarwanda:URGENT:preventive,Mu rugo hari umuntu urwaye igituntu kandi ndashaka kwisuzumisha.,Mu rugo hari umuntu urwaye igituntu kandi ndashaka kwisuzumisha.
"Nyabuneka, mushiki wanjye ashaka imiti y'inzoka y'umwana we kuva mu cyumweru gishize biragenda bikagaruka. Mfasha muganga.",kinyarwanda,ROUTINE,preventive,kinyarwanda->kinyarwanda:ROUTINE:preventive,{REL} ashaka imiti y'inzoka y'umwana we.,Ndashaka imiti y'inzoka y'umwana wanjye.
"Ndakeneye ubufasha, mama ashaka ko bapima ibiro by'umwana we kuva ejo bikarushaho nijoro. Nkora iki?",kinyarwanda,ROUTINE,paediatric,kinyarwanda->kinyarwanda:ROUTINE:paediatric,{REL} ashaka ko bapima ibiro by'umwana we.,Ndashaka ko bapima ibiro by'umwana wanjye.
"Simbizi niba bikomeye ariko, ndava amaraso menshi nyuma yo kubyara kandi nta miti mfite. Ntabasha kubona amafaranga yo kongera kuza kwa muganga.",kinyarwanda,CRITICAL,obstetric,kinyarwanda->kinyarwanda:CRITICAL:obstetric,ndava amaraso menshi nyuma yo kubyara,ndava amaraso menshi nyuma yo kubyara
"Mfasha vuba, iyo maze kurya numva mu nda ntameze neza kuva ejo nta miti imfasha. Nkora iki?",kinyarwanda,ROUTINE,gastrointestinal,kinyarwanda->kinyarwanda:ROUTINE:gastrointestinal,iyo maze kurya numva mu nda ntameze neza,"Iyo {REL} amaze kurya, yumva inda itameze neza."
"Mumbabarire, ndashaka kubabwira ikibazo mfite. Umuturanyi wanjye ashaka inama ku biryo byo kugaburira umwana we kandi ndahangayitse. Urakoze.",kinyarwanda,ROUTINE,preventive,kinyarwanda->kinyarwanda:ROUTINE:preventive,{REL} ashaka inama ku biryo byo kugaburira umwana we.,Ndashaka inama ku biryo byo kugaburira umwana wanjye.
"Nyabuneka, umwana wanjye afite igikomere gito kandi amaraso yarahagaze kuva mu gitondo kandi sinshobora gusinzira. Ni imiti ki nafata?",kinyarwanda,ROUTINE,haemorrhage_trauma,kinyarwanda->kinyarwanda:ROUTINE:haemorrhage_trauma,{REL} afite igikomere gito kandi amaraso yarahagaze.,Mfite igikomere gito kandi amaraso yarahagaze.
"Ndakeneye ubufasha, iyo umwana wanjye amaze kurya, yumva inda itameze neza kuva hashize icyumweru kandi birushaho kuba bibi. Naje mvuye kure.",kinyarwanda,ROUTINE,gastrointestinal,kinyarwanda->kinyarwanda:ROUTINE:gastrointestinal,"Iyo {REL} amaze kurya, yumva inda itameze neza.","Iyo {REL} amaze kurya, yumva inda itameze neza."
"Nzanye umwana wanjye, mama amaze ibyumweru birenga bibiri akorora kandi yatangiye no kunanuka kuva ijoro ryashize. Naje mvuye kure.",kinyarwanda,URGENT,cardiac_respiratory,kinyarwanda->kinyarwanda:URGENT:cardiac_respiratory,{REL} amaze ibyumweru birenga bibiri akorora kandi yatangiye no kunanuka.,Maze ibyumweru birenga bibiri nkorora kandi natangiye no kunanuka.
"Nyabuneka, papa afite ibimenyetso bya malariya, umuriro n'imbeho kuva mu masaha abiri ashize kandi sinshobora gusinzira. Naje mvuye kure.",kinyarwanda,URGENT,infectious_fever,kinyarwanda->kinyarwanda:URGENT:infectious_fever,"{REL} afite ibimenyetso bya malariya, umuriro n'imbeho.","Mfite ibimenyetso bya malariya, umuriro n'imbeho."
"Mfasha vuba, umugabo wanjye afite umuriro mwinshi kandi yaragagaye kuva ubu gitondo cya kare kandi sinshobora gusinzira. Ntegereze cyangwa nsuzumwe ubu?",kinyarwanda,CRITICAL,infectious_fever,kinyarwanda->kinyarwanda:CRITICAL:infectious_fever,{REL} afite umuriro mwinshi kandi yaragagaye.,Mfite umuriro mwinshi kandi nagagaye.
Mfite ubushye bunini ku mubiri kuva mu masaha abiri ashize kandi sinshobora gusinzira. Naje mvuye kure.,kinyarwanda,CRITICAL,haemorrhage_trauma,kinyarwanda->kinyarwanda:CRITICAL:haemorrhage_trauma,Mfite ubushye bunini ku mubiri.,Mfite ubushye bunini ku mubiri.
"Muganga, umugore wanjye yagagaye kandi arimo guhinda umushyitsi kuva hashize iminsi ibiri. Byatangiye gitunguranye. Ntabasha kubona amafaranga yo kongera kuza kwa muganga.",kinyarwanda,CRITICAL,neurological,kinyarwanda->kinyarwanda:CRITICAL:neurological,{REL} yagagaye kandi arimo guhinda umushyitsi.,{REL} yagagaye kandi arimo guhinda umushyitsi.
"Mumbabarire, ndashaka kubabwira ikibazo mfite. Umukecuru araruka ibyo arya byose kandi ntashobora no kunywa kuva ejo. Abandi bana na bo bafite iki kibazo. Ni imiti ki nafata?",kinyarwanda,CRITICAL,gastrointestinal,kinyarwanda->kinyarwanda:CRITICAL:gastrointestinal,{REL} araruka ibyo arya byose kandi ntashobora no kunywa.,Ndaruka ibyo ndya byose kandi sinshobora no kunywa.
"Muganga, ndashaka imiti y'inzoka y'umwana wanjye kuva mu masaha abiri ashize. Ese ibi birakomeye?",kinyarwanda,ROUTINE,preventive,kinyarwanda->kinyarwanda:ROUTINE:preventive,Ndashaka imiti y'inzoka y'umwana wanjye.,Ndashaka imiti y'inzoka y'umwana wanjye.
"Muraho, iyo mpumeka, numva igituza gifashe kandi mpumeka nkumva hari ijwi ridasanzwe. Abandi bana na bo bafite iki kibazo. Ese ibi birakomeye?",kinyarwanda,URGENT,cardiac_respiratory,kinyarwanda->kinyarwanda:URGENT:cardiac_respiratory,"Iyo mpumeka, numva igituza gifashe kandi mpumeka nkumva hari ijwi ridasanzwe.","Iyo mpumeka, numva igituza gifashe kandi mpumeka nkumva hari ijwi ridasanzwe."
Ndashaka kukubwira ikibazo mfite. Umugore wanjye afite umuriro mwinshi kandi yaragagaye kuva hashize iminsi ibiri biragenda bikagaruka. Mfasha muganga.,kinyarwanda,CRITICAL,infectious_fever,kinyarwanda->kinyarwanda:CRITICAL:infectious_fever,{REL} afite umuriro mwinshi kandi yaragagaye.,Mfite umuriro mwinshi kandi nagagaye.
"Simbizi niba bikomeye ariko, papa afite ubushye bunini ku mubiri kuva hashize iminsi itatu bikarushaho nijoro. Ntegereze cyangwa nsuzumwe ubu?",kinyarwanda,CRITICAL,haemorrhage_trauma,kinyarwanda->kinyarwanda:CRITICAL:haemorrhage_trauma,{REL} afite ubushye bunini ku mubiri.,Mfite ubushye bunini ku mubiri.
Umuturanyi wanjye arababara cyane mu gituza kandi ububabare bukagera no ku kuboko kuva ejo nta miti imfasha. Ndakeneye ubufasha vuba.,kinyarwanda,CRITICAL,cardiac_respiratory,kinyarwanda->kinyarwanda:CRITICAL:cardiac_respiratory,{REL} arababara cyane mu gituza kandi ububabare bukagera no ku kuboko.,mu gituza harandya cyane kandi ububabare bukagera no ku kuboko
"Mumbabarire, ndashaka kubabwira ikibazo mfite. Nkorora gake ariko nta muriro mfite kuva ejo biragenda bikagaruka. Urakoze.",kinyarwanda,ROUTINE,cardiac_respiratory,kinyarwanda->kinyarwanda:ROUTINE:cardiac_respiratory,Nkorora gake ariko nta muriro mfite.,Nkorora gake ariko nta muriro mfite.
"Ndakeneye ubufasha, mama aratwite kandi ashaka kwisuzumisha kwa muganga bwa mbere kuva hashize icyumweru bikarushaho nijoro. Nkora iki?",kinyarwanda,ROUTINE,preventive,kinyarwanda->kinyarwanda:ROUTINE:preventive,{REL} aratwite kandi ashaka kwisuzumisha kwa muganga bwa mbere.,Ndatwite kandi ndashaka kwisuzumisha kwa muganga bwa mbere.
"Mfasha vuba, ndashaka kujya kwa muganga kwisuzumisha diyabete kuva mu gitondo. Urakoze.",kinyarwanda,ROUTINE,chronic_care,kinyarwanda->kinyarwanda:ROUTINE:chronic_care,Ndashaka kujya kwa muganga kwisuzumisha diyabete.,Ndashaka kujya kwa muganga kwisuzumisha SIDA.
"Simbizi niba bikomeye ariko, ndaruka cyane kandi numva mfite intege nke kuva ijoro ryashize biragenda bikagaruka. Ndakeneye ubufasha vuba.",kinyarwanda,URGENT,gastrointestinal,kinyarwanda->kinyarwanda:URGENT:gastrointestinal,ndaruka cyane kandi numva mfite intege nke,ndaruka cyane kandi numva mfite intege nke
"Ndakeneye ubufasha, mama yataye ubwenge kandi ntasubiza kuva ubu gitondo cya kare kandi sinshobora gusinzira. Ese ibi birakomeye?",kinyarwanda,CRITICAL,neurological,kinyarwanda->kinyarwanda:CRITICAL:neurological,{REL} yataye ubwenge kandi ntasubiza.,{REL} yataye ubwenge kandi ntasubiza.
"Ndakeneye ubufasha, mfite umwanda usa umukara kuva ejo biragenda bikagaruka. Nkora iki?",kinyarwanda,CRITICAL,gastrointestinal,kinyarwanda->kinyarwanda:CRITICAL:gastrointestinal,Mfite umwanda usa umukara.,Mfite umwanda usa umukara.
"Muraho, mushiki wanjye amaze iminsi itatu arwaye impiswi zikomeye kuva mu gitondo. Abandi bana na bo bafite iki kibazo. Mfasha muganga.",kinyarwanda,URGENT,gastrointestinal,kinyarwanda->kinyarwanda:URGENT:gastrointestinal,{REL} amaze iminsi itatu arwaye impiswi zikomeye.,maze iminsi itatu ndwaye impiswi zikomeye
"Naje hano mbere, mama ashaka imiti y'inzoka y'umwana we kuva ubu gitondo cya kare kandi ndahangayitse. Nkora iki?",kinyarwanda,ROUTINE,preventive,kinyarwanda->kinyarwanda:ROUTINE:preventive,{REL} ashaka imiti y'inzoka y'umwana we.,Ndashaka imiti y'inzoka y'umwana wanjye.
"Nzanye umwana wanjye, umugore wanjye afite ububabare bukabije mu nda kuva hashize iminsi itatu nta miti imfasha. Ntegereze cyangwa nsuzumwe ubu?",kinyarwanda,URGENT,gastrointestinal,kinyarwanda->kinyarwanda:URGENT:gastrointestinal,{REL} afite ububabare bukabije mu nda.,Mfite ububabare bukabije mu nda.
"Nyabuneka, umwana wanjye afite igikomere gito kandi amaraso yarahagaze kuva ijoro ryashize. Byatangiye gitunguranye. Ntabasha kubona amafaranga yo kongera kuza kwa muganga.",kinyarwanda,ROUTINE,haemorrhage_trauma,kinyarwanda->kinyarwanda:ROUTINE:haemorrhage_trauma,{REL} afite igikomere gito kandi amaraso yarahagaze.,Mfite igikomere gito kandi amaraso yarahagaze.
"Muganga, ndashaka imiti y'inzoka y'umwana wanjye kuva hashize iminsi ibiri kandi birushaho kuba bibi. Urakoze.",kinyarwanda,ROUTINE,preventive,kinyarwanda->kinyarwanda:ROUTINE:preventive,Ndashaka imiti y'inzoka y'umwana wanjye.,Ndashaka imiti y'inzoka y'umwana wanjye.
"Ndakeneye ubufasha, nta miti y'igituntu mfite kuva ubu gitondo cya kare. Ntabasha kubona amafaranga yo kongera kuza kwa muganga.",kinyarwanda,URGENT,chronic_care,kinyarwanda->kinyarwanda:URGENT:chronic_care,Nta miti y'igituntu mfite.,Nta miti y'igituntu mfite.
Ndashaka kukubwira ikibazo mfite. Mfite umuriro mwinshi kandi ndakorora cyane kuva hashize iminsi ibiri kandi birushaho kuba bibi. Naje mvuye kure.,kinyarwanda,URGENT,infectious_fever,kinyarwanda->kinyarwanda:URGENT:infectious_fever,mfite umuriro mwinshi kandi ndakorora cyane,mfite umuriro mwinshi kandi ndakorora cyane
"Mfasha vuba, papa arumva igituza kimuremereye cyane kandi ububabare bukagera no ku rwasaya cyangwa ku kuboko kuva mu cyumweru gishize kandi birushaho kuba bibi. Nkora iki?",kinyarwanda,CRITICAL,cardiac_respiratory,kinyarwanda->kinyarwanda:CRITICAL:cardiac_respiratory,{REL} arumva igituza kimuremereye cyane kandi ububabare bukagera no ku rwasaya cyangwa ku kuboko.,{REL} arumva igituza kimuremereye cyane kandi ububabare bukagera no ku rwasaya cyangwa ku kuboko.
"Simbizi niba bikomeye ariko, mama nta miti y'igituntu afite kuva mu masaha abiri ashize kandi birushaho kuba bibi. Ntabasha kubona amafaranga yo kongera kuza kwa muganga.",kinyarwanda,URGENT,chronic_care,kinyarwanda->kinyarwanda:URGENT:chronic_care,{REL} nta miti y'igituntu afite.,Nta miti y'igituntu mfite.
"Nyabuneka, mfite igikomere ku mutwe nyuma yo kugwa kuva hashize icyumweru kandi sinshobora gusinzira. Mfasha muganga.",kinyarwanda,CRITICAL,haemorrhage_trauma,kinyarwanda->kinyarwanda:CRITICAL:haemorrhage_trauma,mfite igikomere ku mutwe nyuma yo kugwa,mfite igikomere ku mutwe nyuma yo kugwa
"Nyabuneka, uruhande rumwe rw'umubiri we ntirukora kuva hashize iminsi ibiri bikarushaho nijoro. Ndakeneye ubufasha vuba.",kinyarwanda,CRITICAL,neurological,kinyarwanda->kinyarwanda:CRITICAL:neurological,Uruhande rumwe rw'umubiri we ntirukora.,Uruhande rumwe rw'umubiri we ntirukora.
"Nzanye umwana wanjye, nyuma yo kubyara, mama afite umuriro kandi hari ibintu bisohoka bifite impumuro mbi kuva mu masaha abiri ashize kandi ndahangayitse. Naje mvuye kure.",kinyarwanda,CRITICAL,obstetric,kinyarwanda->kinyarwanda:CRITICAL:obstetric,"Nyuma yo kubyara, {REL} afite umuriro kandi hari ibintu bisohoka bifite impumuro mbi.",Nyuma yo kubyara mfite umuriro kandi hari ibintu bisohoka bifite impumuro mbi.
Umugore wanjye ashaka kugirwa inama ku mazi yo kunywa kuva hashize iminsi itatu. Ni imiti ki nafata?,kinyarwanda,ROUTINE,preventive,kinyarwanda->kinyarwanda:ROUTINE:preventive,{REL} ashaka kugirwa inama ku mazi yo kunywa.,Ndashaka kugirwa inama ku mazi yo kunywa.
"Mumbabarire, ndashaka kubabwira ikibazo mfite. Mfite umuriro mwinshi kandi ndakorora cyane kuva ejo kandi sinshobora gusinzira. Ni imiti ki nafata?",kinyarwanda,URGENT,infectious_fever,kinyarwanda->kinyarwanda:URGENT:infectious_fever,mfite umuriro mwinshi kandi ndakorora cyane,mfite umuriro mwinshi kandi ndakorora cyane
"Muganga, umugabo wanjye afite igikomere ku mutwe nyuma yo kugwa biragenda bikagaruka. Naje mvuye kure.",kinyarwanda,CRITICAL,haemorrhage_trauma,kinyarwanda->kinyarwanda:CRITICAL:haemorrhage_trauma,{REL} afite igikomere ku mutwe nyuma yo kugwa.,mfite igikomere ku mutwe nyuma yo kugwa
"Ndakeneye ubufasha, ndatwite, umutwe urandya cyane kandi sinshobora kureba neza kuva mu gitondo kandi sinshobora gusinzira. Mfasha muganga.",kinyarwanda,CRITICAL,obstetric,kinyarwanda->kinyarwanda:CRITICAL:obstetric,"Ndatwite, umutwe urandya cyane kandi sinshobora kureba neza.","Ndatwite, umutwe urandya cyane kandi sinshobora kureba neza."
"Muganga, ndashaka kujya kwa muganga kwisuzumisha diyabete kuva mu cyumweru gishize. Urakoze.",kinyarwanda,ROUTINE,chronic_care,kinyarwanda->kinyarwanda:ROUTINE:chronic_care,Ndashaka kujya kwa muganga kwisuzumisha diyabete.,Ndashaka kujya kwa muganga kwisuzumisha SIDA.
"Mfasha vuba, mama afite umuriro mwinshi kandi yaragagaye kuva hashize iminsi itatu bikarushaho nijoro. Ese ibi birakomeye?",kinyarwanda,CRITICAL,infectious_fever,kinyarwanda->kinyarwanda:CRITICAL:infectious_fever,{REL} afite umuriro mwinshi kandi yaragagaye.,Mfite umuriro mwinshi kandi nagagaye.
"Nzanye umwana wanjye, ndashaka kujya kwa muganga kwisuzumisha diyabete kuva mu cyumweru gishize kandi ndahangayitse. Naje mvuye kure.",kinyarwanda,ROUTINE,chronic_care,kinyarwanda->kinyarwanda:ROUTINE:chronic_care,Ndashaka kujya kwa muganga kwisuzumisha diyabete.,Ndashaka kujya kwa muganga kwisuzumisha SIDA.
Ndashaka kukubwira ikibazo mfite. Umwana wanjye afite umuriro mwinshi kandi ntarya kuva mu masaha abiri ashize. Byatangiye gitunguranye. Ese ibi birakomeye?,kinyarwanda,URGENT,paediatric,kinyarwanda->kinyarwanda:URGENT:paediatric,{REL} afite umuriro mwinshi kandi ntarya.,{REL} afite umuriro mwinshi kandi ntarya.
"Nyabuneka, guhumeka birangora cyane ku buryo ntabasha no kuvuga neza kuva hashize icyumweru nta miti imfasha. Ndakeneye ubufasha vuba.",kinyarwanda,CRITICAL,cardiac_respiratory,kinyarwanda->kinyarwanda:CRITICAL:cardiac_respiratory,Guhumeka birangora cyane ku buryo ntabasha no kuvuga neza.,Guhumeka birangora cyane ku buryo ntabasha no kuvuga neza.
"Naje hano mbere, mama aratwite kandi yaragagaye kuva ejo. Naje mvuye kure.",kinyarwanda,CRITICAL,obstetric,kinyarwanda->kinyarwanda:CRITICAL:obstetric,{REL} aratwite kandi yaragagaye.,Ndatwite kandi nagagaye.
"Naje hano mbere, mfite gahunda yo kwisuzumisha buri mwaka kuva mu masaha abiri ashize kandi ndahangayitse. Ntabasha kubona amafaranga yo kongera kuza kwa muganga.",kinyarwanda,ROUTINE,preventive,kinyarwanda->kinyarwanda:ROUTINE:preventive,Mfite gahunda yo kwisuzumisha buri mwaka.,Mfite gahunda yo kwisuzumisha buri mwaka.
"Nzanye umwana wanjye, mushiki wanjye ashaka inama ku biryo byo kugaburira umwana we kuva hashize iminsi itatu kandi ndahangayitse. Murakoze.",kinyarwanda,ROUTINE,preventive,kinyarwanda->kinyarwanda:ROUTINE:preventive,{REL} ashaka inama ku biryo byo kugaburira umwana we.,Ndashaka inama ku biryo byo kugaburira umwana wanjye.
Papa ashaka ko bapima SIDA kuva mu masaha abiri ashize kandi ndahangayitse,kinyarwanda,ROUTINE,preventive,kinyarwanda->kinyarwanda:ROUTINE:preventive,{REL} ashaka ko bapima SIDA.,Ndashaka ko bapima SIDA.
Papa ari kuva amaraso menshi kandi ntahagarara kuva hashize icyumweru. Mfasha muganga.,kinyarwanda,CRITICAL,haemorrhage_trauma,kinyarwanda->kinyarwanda:CRITICAL:haemorrhage_trauma,{REL} ari kuva amaraso menshi kandi ntahagarara.,ndi kuva amaraso menshi kandi ntahagarara
"Mfasha vuba, papa nta miti ya SIDA afite kuva mu gitondo. Byatangiye gitunguranye. Ese ibi birakomeye?",kinyarwanda,URGENT,chronic_care,kinyarwanda->kinyarwanda:URGENT:chronic_care,{REL} nta miti ya SIDA afite.,Nta miti ya SIDA mfite.
"Muganga, iyo umwana wanjye amaze kurya, yumva inda itameze neza kuva hashize iminsi ibiri. Abandi bana na bo bafite iki kibazo. Ndakeneye ubufasha vuba.",kinyarwanda,ROUTINE,gastrointestinal,kinyarwanda->kinyarwanda:ROUTINE:gastrointestinal,"Iyo {REL} amaze kurya, yumva inda itameze neza.","Iyo {REL} amaze kurya, yumva inda itameze neza."
Mushiki wanjye amaze iminsi itatu arwaye impiswi zikomeye kuva hashize iminsi ibiri. Byatangiye gitunguranye. Urakoze.,kinyarwanda,URGENT,gastrointestinal,kinyarwanda->kinyarwanda:URGENT:gastrointestinal,{REL} amaze iminsi itatu arwaye impiswi zikomeye.,maze iminsi itatu ndwaye impiswi zikomeye
"Muganga, maze umunsi wose mbabara ngerageza kubyara ariko umwana ntarasohoka kuva hashize iminsi itatu nta miti imfasha",kinyarwanda,CRITICAL,obstetric,kinyarwanda->kinyarwanda:CRITICAL:obstetric,Maze umunsi wose mbabara ngerageza kubyara ariko umwana ntarasohoka.,Maze umunsi wose mbabara ngerageza kubyara ariko umwana ntarasohoka.
"Muganga, umwana wanjye akorora gake ariko nta muriro afite kuva ubu gitondo cya kare. Abandi bana na bo bafite iki kibazo. Nkora iki?",kinyarwanda,ROUTINE,cardiac_respiratory,kinyarwanda->kinyarwanda:ROUTINE:cardiac_respiratory,{REL} akorora gake ariko nta muriro afite.,Nkorora gake ariko nta muriro mfite.
"Simbizi niba bikomeye ariko, ndashaka kujya kwa muganga kwisuzumisha SIDA kuva ubu gitondo cya kare nta miti imfasha. Mfasha muganga.",kinyarwanda,ROUTINE,chronic_care,kinyarwanda->kinyarwanda:ROUTINE:chronic_care,Ndashaka kujya kwa muganga kwisuzumisha SIDA.,Ndashaka kujya kwa muganga kwisuzumisha SIDA.
Ndashaka kukubwira ikibazo mfite. Umwana wanjye nta miti ya SIDA afite kuva mu masaha abiri ashize. Abandi bana na bo bafite iki kibazo. Ntegereze cyangwa nsuzumwe ubu?,kinyarwanda,URGENT,chronic_care,kinyarwanda->kinyarwanda:URGENT:chronic_care,{REL} nta miti ya SIDA afite.,Nta miti ya SIDA mfite.
Isukari yo mu maraso yanjye yazamutse cyane kuva mu gitondo bikarushaho nijoro. Ntegereze cyangwa nsuzumwe ubu?,kinyarwanda,URGENT,chronic_care,kinyarwanda->kinyarwanda:URGENT:chronic_care,isukari yo mu maraso yanjye yazamutse cyane,isukari yo mu maraso yanjye yazamutse cyane
"Mfasha vuba, umugabo wanjye yataye ubwenge kandi ntasubiza kuva mu masaha abiri ashize biragenda bikagaruka. Ntegereze cyangwa nsuzumwe ubu?",kinyarwanda,CRITICAL,neurological,kinyarwanda->kinyarwanda:CRITICAL:neurological,{REL} yataye ubwenge kandi ntasubiza.,{REL} yataye ubwenge kandi ntasubiza.
"Naje hano mbere, mushiki wanjye aratwite kandi yaragagaye kuva ijoro ryashize biragenda bikagaruka",kinyarwanda,CRITICAL,obstetric,kinyarwanda->kinyarwanda:CRITICAL:obstetric,{REL} aratwite kandi yaragagaye.,Ndatwite kandi nagagaye.
"Simbizi niba bikomeye ariko, mushiki wanjye isukari yo mu maraso ye yazamutse cyane kuva hashize icyumweru kandi birushaho kuba bibi. Ese ibi birakomeye?",kinyarwanda,URGENT,chronic_care,kinyarwanda->kinyarwanda:URGENT:chronic_care,{REL} isukari yo mu maraso ye yazamutse cyane.,isukari yo mu maraso yanjye yazamutse cyane
"Simbizi niba bikomeye ariko, umuturanyi wanjye aratwite kandi afite umuriro kuva hashize iminsi ibiri. Naje mvuye kure.",kinyarwanda,URGENT,obstetric,kinyarwanda->kinyarwanda:URGENT:obstetric,{REL} aratwite kandi afite umuriro.,Ndatwite kandi mfite umuriro.
"Mumbabarire, ndashaka kubabwira ikibazo mfite. Iyo mpumeka, numva igituza gifashe kandi mpumeka nkumva hari ijwi ridasanzwe kuva mu masaha abiri ashize kandi ndahangayitse",kinyarwanda,URGENT,cardiac_respiratory,kinyarwanda->kinyarwanda:URGENT:cardiac_respiratory,"Iyo mpumeka, numva igituza gifashe kandi mpumeka nkumva hari ijwi ridasanzwe.","Iyo mpumeka, numva igituza gifashe kandi mpumeka nkumva hari ijwi ridasanzwe."
"Simbizi niba bikomeye ariko, mfite impiswi zirimo amaraso kuva hashize iminsi itatu. Urakoze.",kinyarwanda,URGENT,gastrointestinal,kinyarwanda->kinyarwanda:URGENT:gastrointestinal,Mfite impiswi zirimo amaraso.,Mfite impiswi zirimo amaraso.
"Nyabuneka, umwana wanjye akorora gake ariko nta muriro afite kuva ejo nta miti imfasha. Ndakeneye ubufasha vuba.",kinyarwanda,ROUTINE,cardiac_respiratory,kinyarwanda->kinyarwanda:ROUTINE:cardiac_respiratory,{REL} akorora gake ariko nta muriro afite.,Nkorora gake ariko nta muriro mfite.
"Muganga, mfite impiswi zirimo amaraso kuva hashize icyumweru kandi birushaho kuba bibi. Naje mvuye kure.",kinyarwanda,URGENT,gastrointestinal,kinyarwanda->kinyarwanda:URGENT:gastrointestinal,Mfite impiswi zirimo amaraso.,Mfite impiswi zirimo amaraso.
"Muraho, ndaruka cyane kandi numva mfite intege nke kuva ubu gitondo cya kare kandi sinshobora gusinzira. Murakoze.",kinyarwanda,URGENT,gastrointestinal,kinyarwanda->kinyarwanda:URGENT:gastrointestinal,ndaruka cyane kandi numva mfite intege nke,ndaruka cyane kandi numva mfite intege nke
"Ndakeneye ubufasha, ndabyara ariko habanje gusohoka umugozi w'umwana kuva hashize iminsi ibiri. Byatangiye gitunguranye.",kinyarwanda,CRITICAL,obstetric,kinyarwanda->kinyarwanda:CRITICAL:obstetric,Ndabyara ariko habanje gusohoka umugozi w'umwana.,Ndabyara ariko habanje gusohoka umugozi w'umwana.
"Mumbabarire, ndashaka kubabwira ikibazo mfite. Ndashaka kujya kwa muganga kwisuzumisha SIDA kuva ejo kandi nta miti mfite. Naje mvuye kure.",kinyarwanda,ROUTINE,chronic_care,kinyarwanda->kinyarwanda:ROUTINE:chronic_care,Ndashaka kujya kwa muganga kwisuzumisha SIDA.,Ndashaka kujya kwa muganga kwisuzumisha SIDA.
Ndashaka kukubwira ikibazo mfite. Mushiki wanjye arakomeza kuruka kandi ntashobora kurya kuva hashize iminsi ibiri kandi ndahangayitse. Ntegereze cyangwa nsuzumwe ubu?,kinyarwanda,URGENT,gastrointestinal,kinyarwanda->kinyarwanda:URGENT:gastrointestinal,{REL} arakomeza kuruka kandi ntashobora kurya.,ndakomeza kuruka kandi sinshobora kurya
Ndashaka kukubwira ikibazo mfite. Umugore wanjye aratwite kandi ashaka kwisuzumisha kwa muganga bwa mbere kuva hashize icyumweru biragenda bikagaruka. Ni imiti ki nafata?,kinyarwanda,ROUTINE,preventive,kinyarwanda->kinyarwanda:ROUTINE:preventive,{REL} aratwite kandi ashaka kwisuzumisha kwa muganga bwa mbere.,Ndatwite kandi ndashaka kwisuzumisha kwa muganga bwa mbere.
"Mfasha vuba, umutima uratera cyane kandi nkumva umeze nk'aho uhagarara kuva hashize icyumweru kandi sinshobora gusinzira. Naje mvuye kure.",kinyarwanda,CRITICAL,cardiac_respiratory,kinyarwanda->kinyarwanda:CRITICAL:cardiac_respiratory,umutima uratera cyane kandi nkumva umeze nk'aho uhagarara,umutima uratera cyane kandi nkumva umeze nk'aho uhagarara
"Nyabuneka, uruhande rumwe rw'umubiri we ntirukora kuva mu gitondo bikarushaho nijoro. Ni imiti ki nafata?",kinyarwanda,CRITICAL,neurological,kinyarwanda->kinyarwanda:CRITICAL:neurological,Uruhande rumwe rw'umubiri we ntirukora.,Uruhande rumwe rw'umubiri we ntirukora.
"Nzanye umwana wanjye, umugabo wanjye arakomeza kuruka kandi ntashobora kurya bikarushaho nijoro. Murakoze.",kinyarwanda,URGENT,gastrointestinal,kinyarwanda->kinyarwanda:URGENT:gastrointestinal,{REL} arakomeza kuruka kandi ntashobora kurya.,ndakomeza kuruka kandi sinshobora kurya
Ndumva naniwe ariko si cyane kuva mu cyumweru gishize kandi ndahangayitse. Ese ibi birakomeye?,kinyarwanda,ROUTINE,neurological,kinyarwanda->kinyarwanda:ROUTINE:neurological,ndumva naniwe ariko si cyane,ndumva naniwe ariko si cyane
"Mfasha vuba, umugore wanjye arumva igituza kimuremereye cyane kandi ububabare bukagera no ku rwasaya cyangwa ku kuboko kuva hashize iminsi itatu kandi ndahangayitse. Nkora iki?",kinyarwanda,CRITICAL,cardiac_respiratory,kinyarwanda->kinyarwanda:CRITICAL:cardiac_respiratory,{REL} arumva igituza kimuremereye cyane kandi ububabare bukagera no ku rwasaya cyangwa ku kuboko.,{REL} arumva igituza kimuremereye cyane kandi ububabare bukagera no ku rwasaya cyangwa ku kuboko.
Ndashaka kukubwira ikibazo mfite. Papa isukari yo mu maraso ye yazamutse cyane kuva hashize iminsi ibiri kandi ndahangayitse. Murakoze.,kinyarwanda,URGENT,chronic_care,kinyarwanda->kinyarwanda:URGENT:chronic_care,{REL} isukari yo mu maraso ye yazamutse cyane.,isukari yo mu maraso yanjye yazamutse cyane
"Mfasha vuba, ndatwite kandi mfite umuriro kuva mu cyumweru gishize kandi nta miti mfite",kinyarwanda,URGENT,obstetric,kinyarwanda->kinyarwanda:URGENT:obstetric,Ndatwite kandi mfite umuriro.,Ndatwite kandi mfite umuriro.
"Muganga, umwana wanjye afite umuriro mwinshi kandi ntarya kuva ubu gitondo cya kare biragenda bikagaruka. Ntabasha kubona amafaranga yo kongera kuza kwa muganga.",kinyarwanda,URGENT,paediatric,kinyarwanda->kinyarwanda:URGENT:paediatric,{REL} afite umuriro mwinshi kandi ntarya.,{REL} afite umuriro mwinshi kandi ntarya.
"Muganga, mfite gahunda yo kwisuzumisha buri mwaka kuva ejo biragenda bikagaruka. Ntabasha kubona amafaranga yo kongera kuza kwa muganga.",kinyarwanda,ROUTINE,preventive,kinyarwanda->kinyarwanda:ROUTINE:preventive,Mfite gahunda yo kwisuzumisha buri mwaka.,Mfite gahunda yo kwisuzumisha buri mwaka.
"Nzanye umwana wanjye, mfite gahunda yo kwisuzumisha buri mwaka kuva ubu gitondo cya kare. Byatangiye gitunguranye. Ni imiti ki nafata?",kinyarwanda,ROUTINE,preventive,kinyarwanda->kinyarwanda:ROUTINE:preventive,Mfite gahunda yo kwisuzumisha buri mwaka.,Mfite gahunda yo kwisuzumisha buri mwaka.
"Nzanye umwana wanjye, umuturanyi wanjye aratwite kandi ashaka kwisuzumisha kwa muganga bwa mbere bikarushaho nijoro. Naje mvuye kure.",kinyarwanda,ROUTINE,preventive,kinyarwanda->kinyarwanda:ROUTINE:preventive,{REL} aratwite kandi ashaka kwisuzumisha kwa muganga bwa mbere.,Ndatwite kandi ndashaka kwisuzumisha kwa muganga bwa mbere.
"Mfasha, ndatwite kandi mfite umuriro kuva hashize iminsi ibiri kandi nta miti mfite. Nkora iki?",kinyarwanda,URGENT,obstetric,kinyarwanda->kinyarwanda:URGENT:obstetric,Ndatwite kandi mfite umuriro.,Ndatwite kandi mfite umuriro.
"Naje hano mbere, umugore wanjye arava amaraso menshi nyuma yo kubyara kuva ijoro ryashize. Abandi bana na bo bafite iki kibazo. Nkora iki?",kinyarwanda,CRITICAL,obstetric,kinyarwanda->kinyarwanda:CRITICAL:obstetric,{REL} arava amaraso menshi nyuma yo kubyara.,ndava amaraso menshi nyuma yo kubyara
Mushiki wanjye aratwite kandi afite umuriro kuva ijoro ryashize kandi birushaho kuba bibi. Naje mvuye kure.,kinyarwanda,URGENT,obstetric,kinyarwanda->kinyarwanda:URGENT:obstetric,{REL} aratwite kandi afite umuriro.,Ndatwite kandi mfite umuriro.
"Naje hano mbere, ndaruka amaraso kandi nta miti mfite. Ese ibi birakomeye?",kinyarwanda,CRITICAL,gastrointestinal,kinyarwanda->kinyarwanda:CRITICAL:gastrointestinal,Ndaruka amaraso.,Ndaruka amaraso.
"Mfasha, mfite umuriro mwinshi kandi ndakorora cyane bikarushaho nijoro. Mfasha muganga.",kinyarwanda,URGENT,infectious_fever,kinyarwanda->kinyarwanda:URGENT:infectious_fever,mfite umuriro mwinshi kandi ndakorora cyane,mfite umuriro mwinshi kandi ndakorora cyane
"Muraho, nkorora gake ariko nta muriro mfite kuva hashize iminsi itatu bikarushaho nijoro",kinyarwanda,ROUTINE,cardiac_respiratory,kinyarwanda->kinyarwanda:ROUTINE:cardiac_respiratory,Nkorora gake ariko nta muriro mfite.,Nkorora gake ariko nta muriro mfite.
"Naje hano mbere, ndaruka amaraso kuva ubu gitondo cya kare. Abandi bana na bo bafite iki kibazo.",kinyarwanda,CRITICAL,gastrointestinal,kinyarwanda->kinyarwanda:CRITICAL:gastrointestinal,Ndaruka amaraso.,Ndaruka amaraso.
"Nzanye umwana wanjye, ndashaka imiti y'inzoka y'umwana wanjye kuva ejo. Abandi bana na bo bafite iki kibazo. Ni imiti ki nafata?",kinyarwanda,ROUTINE,preventive,kinyarwanda->kinyarwanda:ROUTINE:preventive,Ndashaka imiti y'inzoka y'umwana wanjye.,Ndashaka imiti y'inzoka y'umwana wanjye.
"Mumbabarire, ndashaka kubabwira ikibazo mfite. Umugabo wanjye arumva igituza kimuremereye cyane kandi ububabare bukagera no ku rwasaya cyangwa ku kuboko kuva mu gitondo nta miti imfasha. Ntabasha kubona amafaranga yo kongera kuza kwa muganga.",kinyarwanda,CRITICAL,cardiac_respiratory,kinyarwanda->kinyarwanda:CRITICAL:cardiac_respiratory,{REL} arumva igituza kimuremereye cyane kandi ububabare bukagera no ku rwasaya cyangwa ku kuboko.,{REL} arumva igituza kimuremereye cyane kandi ububabare bukagera no ku rwasaya cyangwa ku kuboko.
Ndashaka kukubwira ikibazo mfite. Amazuru arantemba gake kuva mu gitondo kandi sinshobora gusinzira. Naje mvuye kure.,kinyarwanda,ROUTINE,infectious_fever,kinyarwanda->kinyarwanda:ROUTINE:infectious_fever,amazuru arantemba gake,amazuru arantemba gake
Maze umunsi wose mbabara ngerageza kubyara ariko umwana ntarasohoka kuva hashize iminsi ibiri. Byatangiye gitunguranye. Ni imiti ki nafata?,kinyarwanda,CRITICAL,obstetric,kinyarwanda->kinyarwanda:CRITICAL:obstetric,Maze umunsi wose mbabara ngerageza kubyara ariko umwana ntarasohoka.,Maze umunsi wose mbabara ngerageza kubyara ariko umwana ntarasohoka.
"Muganga, ndashaka kongererwa imiti mfata kuva ijoro ryashize kandi birushaho kuba bibi. Ntegereze cyangwa nsuzumwe ubu?",kinyarwanda,ROUTINE,chronic_care,kinyarwanda->kinyarwanda:ROUTINE:chronic_care,ndashaka kongererwa imiti mfata,ndashaka kongererwa imiti mfata
"Muganga, guhumeka birangora cyane ku buryo ntabasha no kuvuga neza kuva ubu gitondo cya kare kandi nta miti mfite. Ntegereze cyangwa nsuzumwe ubu?",kinyarwanda,CRITICAL,cardiac_respiratory,kinyarwanda->kinyarwanda:CRITICAL:cardiac_respiratory,Guhumeka birangora cyane ku buryo ntabasha no kuvuga neza.,Guhumeka birangora cyane ku buryo ntabasha no kuvuga neza.
"Ndakeneye ubufasha, mfite igikomere ku mutwe nyuma yo kugwa biragenda bikagaruka. Ntegereze cyangwa nsuzumwe ubu?",kinyarwanda,CRITICAL,haemorrhage_trauma,kinyarwanda->kinyarwanda:CRITICAL:haemorrhage_trauma,mfite igikomere ku mutwe nyuma yo kugwa,mfite igikomere ku mutwe nyuma yo kugwa
"Nyabuneka, mama iminwa ye yahindutse ubururu kuva hashize iminsi itatu kandi nta miti mfite. Ntegereze cyangwa nsuzumwe ubu?",kinyarwanda,CRITICAL,cardiac_respiratory,kinyarwanda->kinyarwanda:CRITICAL:cardiac_respiratory,{REL} iminwa ye yahindutse ubururu.,Iminwa yanjye yahindutse ubururu.
"Nyabuneka, nyuma yo kubyara, mama afite umuriro kandi hari ibintu bisohoka bifite impumuro mbi kuva hashize iminsi itatu bikarushaho nijoro. Ese ibi birakomeye?",kinyarwanda,CRITICAL,obstetric,kinyarwanda->kinyarwanda:CRITICAL:obstetric,"Nyuma yo kubyara, {REL} afite umuriro kandi hari ibintu bisohoka bifite impumuro mbi.",Nyuma yo kubyara mfite umuriro kandi hari ibintu bisohoka bifite impumuro mbi.
"Nyabuneka, umugore wanjye aratwite kandi ashaka kwisuzumisha kwa muganga bwa mbere kuva hashize icyumweru biragenda bikagaruka. Ndakeneye ubufasha vuba.",kinyarwanda,ROUTINE,preventive,kinyarwanda->kinyarwanda:ROUTINE:preventive,{REL} aratwite kandi ashaka kwisuzumisha kwa muganga bwa mbere.,Ndatwite kandi ndashaka kwisuzumisha kwa muganga bwa mbere.
"Nzanye umwana wanjye, mushiki wanjye amaze iminsi itatu arwaye impiswi zikomeye kuva ejo bikarushaho nijoro. Ndakeneye ubufasha vuba.",kinyarwanda,URGENT,gastrointestinal,kinyarwanda->kinyarwanda:URGENT:gastrointestinal,{REL} amaze iminsi itatu arwaye impiswi zikomeye.,maze iminsi itatu ndwaye impiswi zikomeye
"Ndakeneye ubufasha, umugabo wanjye afite igikomere ku mutwe nyuma yo kugwa kuva mu masaha abiri ashize. Byatangiye gitunguranye. Ntabasha kubona amafaranga yo kongera kuza kwa muganga.",kinyarwanda,CRITICAL,haemorrhage_trauma,kinyarwanda->kinyarwanda:CRITICAL:haemorrhage_trauma,{REL} afite igikomere ku mutwe nyuma yo kugwa.,mfite igikomere ku mutwe nyuma yo kugwa
"Simbizi niba bikomeye ariko, umuturanyi wanjye afite ibimenyetso bya malariya, umuriro n'imbeho kuva hashize iminsi ibiri. Abandi bana na bo bafite iki kibazo. Ntegereze cyangwa nsuzumwe ubu?",kinyarwanda,URGENT,infectious_fever,kinyarwanda->kinyarwanda:URGENT:infectious_fever,"{REL} afite ibimenyetso bya malariya, umuriro n'imbeho.","Mfite ibimenyetso bya malariya, umuriro n'imbeho."
"Mfasha, umuturanyi wanjye amaze ibyumweru birenga bibiri akorora kandi yatangiye no kunanuka kuva mu cyumweru gishize biragenda bikagaruka. Ni imiti ki nafata?",kinyarwanda,URGENT,cardiac_respiratory,kinyarwanda->kinyarwanda:URGENT:cardiac_respiratory,{REL} amaze ibyumweru birenga bibiri akorora kandi yatangiye no kunanuka.,Maze ibyumweru birenga bibiri nkorora kandi natangiye no kunanuka.
"Mfasha, ndatwite, umutwe urandya cyane kandi sinshobora kureba neza kuva mu gitondo. Abandi bana na bo bafite iki kibazo. Mfasha muganga.",kinyarwanda,CRITICAL,obstetric,kinyarwanda->kinyarwanda:CRITICAL:obstetric,"Ndatwite, umutwe urandya cyane kandi sinshobora kureba neza.","Ndatwite, umutwe urandya cyane kandi sinshobora kureba neza."
"Muraho, mushiki wanjye yagagaye kandi arimo guhinda umushyitsi kuva mu gitondo. Byatangiye gitunguranye. Ntegereze cyangwa nsuzumwe ubu?",kinyarwanda,CRITICAL,neurological,kinyarwanda->kinyarwanda:CRITICAL:neurological,{REL} yagagaye kandi arimo guhinda umushyitsi.,{REL} yagagaye kandi arimo guhinda umushyitsi.
"Mfasha, uruhande rumwe rw'umubiri we ntirukora kuva hashize iminsi itatu. Abandi bana na bo bafite iki kibazo. Naje mvuye kure.",kinyarwanda,CRITICAL,neurological,kinyarwanda->kinyarwanda:CRITICAL:neurological,Uruhande rumwe rw'umubiri we ntirukora.,Uruhande rumwe rw'umubiri we ntirukora.
"Mfasha vuba, papa ashaka inama ku biryo byo kugaburira umwana we kuva mu gitondo nta miti imfasha. Murakoze.",kinyarwanda,ROUTINE,preventive,kinyarwanda->kinyarwanda:ROUTINE:preventive,{REL} ashaka inama ku biryo byo kugaburira umwana we.,Ndashaka inama ku biryo byo kugaburira umwana wanjye.
Ndashaka kukubwira ikibazo mfite. Mu rugo hari umuntu urwaye igituntu kandi ndashaka kwisuzumisha kuva hashize iminsi itatu kandi sinshobora gusinzira. Ese ibi birakomeye?,kinyarwanda,URGENT,preventive,kinyarwanda->kinyarwanda:URGENT:preventive,Mu rugo hari umuntu urwaye igituntu kandi ndashaka kwisuzumisha.,Mu rugo hari umuntu urwaye igituntu kandi ndashaka kwisuzumisha.
"Mfasha vuba, umuturanyi wanjye aratwite kandi afite umuriro kuva ejo nta miti imfasha. Murakoze.",kinyarwanda,URGENT,obstetric,kinyarwanda->kinyarwanda:URGENT:obstetric,{REL} aratwite kandi afite umuriro.,Ndatwite kandi mfite umuriro.
"Nzanye umwana wanjye, umutima uratera cyane kandi nkumva umeze nk'aho uhagarara kuva mu cyumweru gishize. Byatangiye gitunguranye. Ndakeneye ubufasha vuba.",kinyarwanda,CRITICAL,cardiac_respiratory,kinyarwanda->kinyarwanda:CRITICAL:cardiac_respiratory,umutima uratera cyane kandi nkumva umeze nk'aho uhagarara,umutima uratera cyane kandi nkumva umeze nk'aho uhagarara
"Muraho, nta miti y'igituntu mfite kandi sinshobora gusinzira. Urakoze.",kinyarwanda,URGENT,chronic_care,kinyarwanda->kinyarwanda:URGENT:chronic_care,Nta miti y'igituntu mfite.,Nta miti y'igituntu mfite.
"Mumbabarire, ndashaka kubabwira ikibazo mfite. Umwana wanjye afite igikomere gito kandi amaraso yarahagaze kuva hashize icyumweru kandi ndahangayitse. Naje mvuye kure.",kinyarwanda,ROUTINE,haemorrhage_trauma,kinyarwanda->kinyarwanda:ROUTINE:haemorrhage_trauma,{REL} afite igikomere gito kandi amaraso yarahagaze.,Mfite igikomere gito kandi amaraso yarahagaze.
"Nzanye umwana wanjye, mama arava amaraso menshi nyuma yo kubyara kuva mu masaha abiri ashize kandi nta miti mfite. Nkora iki?",kinyarwanda,CRITICAL,obstetric,kinyarwanda->kinyarwanda:CRITICAL:obstetric,{REL} arava amaraso menshi nyuma yo kubyara.,ndava amaraso menshi nyuma yo kubyara
"Muganga, mfite umuriro mwinshi kandi ndakorora cyane kuva hashize icyumweru bikarushaho nijoro. Mfasha muganga.",kinyarwanda,URGENT,infectious_fever,kinyarwanda->kinyarwanda:URGENT:infectious_fever,mfite umuriro mwinshi kandi ndakorora cyane,mfite umuriro mwinshi kandi ndakorora cyane
"Mumbabarire, ndashaka kubabwira ikibazo mfite. Umukecuru iminwa ye yahindutse ubururu kuva hashize icyumweru kandi sinshobora gusinzira",kinyarwanda,CRITICAL,cardiac_respiratory,kinyarwanda->kinyarwanda:CRITICAL:cardiac_respiratory,{REL} iminwa ye yahindutse ubururu.,Iminwa yanjye yahindutse ubururu.
"Naje hano mbere, mfite ubushye bunini ku mubiri kuva ubu gitondo cya kare kandi sinshobora gusinzira. Naje mvuye kure.",kinyarwanda,CRITICAL,haemorrhage_trauma,kinyarwanda->kinyarwanda:CRITICAL:haemorrhage_trauma,Mfite ubushye bunini ku mubiri.,Mfite ubushye bunini ku mubiri.
"Simbizi niba bikomeye ariko, umuturanyi wanjye iminwa ye yahindutse ubururu kuva mu cyumweru gishize kandi sinshobora gusinzira",kinyarwanda,CRITICAL,cardiac_respiratory,kinyarwanda->kinyarwanda:CRITICAL:cardiac_respiratory,{REL} iminwa ye yahindutse ubururu.,Iminwa yanjye yahindutse ubururu.
"Ndakeneye ubufasha, nkorora gake ariko nta muriro mfite kuva ijoro ryashize. Ni imiti ki nafata?",kinyarwanda,ROUTINE,cardiac_respiratory,kinyarwanda->kinyarwanda:ROUTINE:cardiac_respiratory,Nkorora gake ariko nta muriro mfite.,Nkorora gake ariko nta muriro mfite.
"Mfasha vuba, umuturanyi wanjye aratwite kandi yaragagaye kuva hashize iminsi ibiri bikarushaho nijoro",kinyarwanda,CRITICAL,obstetric,kinyarwanda->kinyarwanda:CRITICAL:obstetric,{REL} aratwite kandi yaragagaye.,Ndatwite kandi nagagaye.
"Ndakeneye ubufasha, umukecuru nta miti y'igituntu afite. Byatangiye gitunguranye. Urakoze.",kinyarwanda,URGENT,chronic_care,kinyarwanda->kinyarwanda:URGENT:chronic_care,{REL} nta miti y'igituntu afite.,Nta miti y'igituntu mfite.
"Mfasha, mushiki wanjye arakomeza kuruka kandi ntashobora kurya kuva mu gitondo. Byatangiye gitunguranye. Ndakeneye ubufasha vuba.",kinyarwanda,URGENT,gastrointestinal,kinyarwanda->kinyarwanda:URGENT:gastrointestinal,{REL} arakomeza kuruka kandi ntashobora kurya.,ndakomeza kuruka kandi sinshobora kurya
"Simbizi niba bikomeye ariko, mu rugo hari umuntu urwaye igituntu kandi ndashaka kwisuzumisha kuva hashize icyumweru biragenda bikagaruka. Nkora iki?",kinyarwanda,URGENT,preventive,kinyarwanda->kinyarwanda:URGENT:preventive,Mu rugo hari umuntu urwaye igituntu kandi ndashaka kwisuzumisha.,Mu rugo hari umuntu urwaye igituntu kandi ndashaka kwisuzumisha.
"Nzanye umwana wanjye, mama ashaka kugirwa inama ku mazi yo kunywa kuva mu gitondo. Byatangiye gitunguranye. Murakoze.",kinyarwanda,ROUTINE,preventive,kinyarwanda->kinyarwanda:ROUTINE:preventive,{REL} ashaka kugirwa inama ku mazi yo kunywa.,Ndashaka kugirwa inama ku mazi yo kunywa.
Ndashaka kukubwira ikibazo mfite. Mfite igikomere ku mutwe nyuma yo kugwa kuva hashize iminsi ibiri nta miti imfasha,kinyarwanda,CRITICAL,haemorrhage_trauma,kinyarwanda->kinyarwanda:CRITICAL:haemorrhage_trauma,mfite igikomere ku mutwe nyuma yo kugwa,mfite igikomere ku mutwe nyuma yo kugwa
"Nyabuneka, ndava amaraso menshi nyuma yo kubyara kuva hashize iminsi ibiri biragenda bikagaruka. Ntabasha kubona amafaranga yo kongera kuza kwa muganga.",kinyarwanda,CRITICAL,obstetric,kinyarwanda->kinyarwanda:CRITICAL:obstetric,ndava amaraso menshi nyuma yo kubyara,ndava amaraso menshi nyuma yo kubyara
"Muganga, umuturanyi wanjye afite ububabare bukabije mu nda kuva mu masaha abiri ashize kandi ndahangayitse. Ntegereze cyangwa nsuzumwe ubu?",kinyarwanda,URGENT,gastrointestinal,kinyarwanda->kinyarwanda:URGENT:gastrointestinal,{REL} afite ububabare bukabije mu nda.,Mfite ububabare bukabije mu nda.
"Mfasha vuba, mushiki wanjye ashaka ko bapima SIDA kuva hashize iminsi ibiri nta miti imfasha. Ni imiti ki nafata?",kinyarwanda,ROUTINE,preventive,kinyarwanda->kinyarwanda:ROUTINE:preventive,{REL} ashaka ko bapima SIDA.,Ndashaka ko bapima SIDA.
"Muraho, umuturanyi wanjye arava amaraso menshi nyuma yo kubyara kuva mu masaha abiri ashize. Byatangiye gitunguranye. Ntabasha kubona amafaranga yo kongera kuza kwa muganga.",kinyarwanda,CRITICAL,obstetric,kinyarwanda->kinyarwanda:CRITICAL:obstetric,{REL} arava amaraso menshi nyuma yo kubyara.,ndava amaraso menshi nyuma yo kubyara
"Nzanye umwana wanjye, ndashaka kongererwa imiti mfata kuva mu cyumweru gishize nta miti imfasha. Ntabasha kubona amafaranga yo kongera kuza kwa muganga.",kinyarwanda,ROUTINE,chronic_care,kinyarwanda->kinyarwanda:ROUTINE:chronic_care,ndashaka kongererwa imiti mfata,ndashaka kongererwa imiti mfata
"Mfasha, nkorora gake ariko nta muriro mfite kuva ubu gitondo cya kare nta miti imfasha. Ntabasha kubona amafaranga yo kongera kuza kwa muganga.",kinyarwanda,ROUTINE,cardiac_respiratory,kinyarwanda->kinyarwanda:ROUTINE:cardiac_respiratory,Nkorora gake ariko nta muriro mfite.,Nkorora gake ariko nta muriro mfite.
Ndashaka kukubwira ikibazo mfite. Amazuru arantemba gake kuva ijoro ryashize bikarushaho nijoro. Nkora iki?,kinyarwanda,ROUTINE,infectious_fever,kinyarwanda->kinyarwanda:ROUTINE:infectious_fever,amazuru arantemba gake,amazuru arantemba gake
"Simbizi niba bikomeye ariko, umukecuru araruka ibyo arya byose kandi ntashobora no kunywa kuva mu gitondo nta miti imfasha. Ntegereze cyangwa nsuzumwe ubu?",kinyarwanda,CRITICAL,gastrointestinal,kinyarwanda->kinyarwanda:CRITICAL:gastrointestinal,{REL} araruka ibyo arya byose kandi ntashobora no kunywa.,Ndaruka ibyo ndya byose kandi sinshobora no kunywa.
Mfite igikomere ku mutwe nyuma yo kugwa kuva mu masaha abiri ashize kandi sinshobora gusinzira. Naje mvuye kure.,kinyarwanda,CRITICAL,haemorrhage_trauma,kinyarwanda->kinyarwanda:CRITICAL:haemorrhage_trauma,mfite igikomere ku mutwe nyuma yo kugwa,mfite igikomere ku mutwe nyuma yo kugwa
"Nyabuneka, ndashaka kongererwa imiti mfata. Ntegereze cyangwa nsuzumwe ubu?",kinyarwanda,ROUTINE,chronic_care,kinyarwanda->kinyarwanda:ROUTINE:chronic_care,ndashaka kongererwa imiti mfata,ndashaka kongererwa imiti mfata
"Muganga, ndatwite kandi mfite umuriro kuva mu gitondo bikarushaho nijoro. Ese ibi birakomeye?",kinyarwanda,URGENT,obstetric,kinyarwanda->kinyarwanda:URGENT:obstetric,Ndatwite kandi mfite umuriro.,Ndatwite kandi mfite umuriro.
"Ndakeneye ubufasha, nyuma yo kubyara, umuturanyi wanjye afite umuriro kandi hari ibintu bisohoka bifite impumuro mbi kuva hashize iminsi itatu kandi birushaho kuba bibi. Ntabasha kubona amafaranga yo kongera kuza kwa muganga.",kinyarwanda,CRITICAL,obstetric,kinyarwanda->kinyarwanda:CRITICAL:obstetric,"Nyuma yo kubyara, {REL} afite umuriro kandi hari ibintu bisohoka bifite impumuro mbi.",Nyuma yo kubyara mfite umuriro kandi hari ibintu bisohoka bifite impumuro mbi.
"Mumbabarire, ndashaka kubabwira ikibazo mfite. Ndava amaraso menshi nyuma yo kubyara kuva hashize iminsi ibiri kandi birushaho kuba bibi. Naje mvuye kure.",kinyarwanda,CRITICAL,obstetric,kinyarwanda->kinyarwanda:CRITICAL:obstetric,ndava amaraso menshi nyuma yo kubyara,ndava amaraso menshi nyuma yo kubyara
"Muganga, mama isukari yo mu maraso ye yazamutse cyane kuva mu gitondo nta miti imfasha. Ntegereze cyangwa nsuzumwe ubu?",kinyarwanda,URGENT,chronic_care,kinyarwanda->kinyarwanda:URGENT:chronic_care,{REL} isukari yo mu maraso ye yazamutse cyane.,isukari yo mu maraso yanjye yazamutse cyane
"Mfasha vuba, uruhande rumwe rw'umubiri we ntirukora kuva hashize iminsi ibiri. Ndakeneye ubufasha vuba.",kinyarwanda,CRITICAL,neurological,kinyarwanda->kinyarwanda:CRITICAL:neurological,Uruhande rumwe rw'umubiri we ntirukora.,Uruhande rumwe rw'umubiri we ntirukora.
"Simbizi niba bikomeye ariko, mama ashaka ko bapima ibiro by'umwana we kuva ijoro ryashize. Byatangiye gitunguranye. Ndakeneye ubufasha vuba.",kinyarwanda,ROUTINE,paediatric,kinyarwanda->kinyarwanda:ROUTINE:paediatric,{REL} ashaka ko bapima ibiro by'umwana we.,Ndashaka ko bapima ibiro by'umwana wanjye.
"Mfasha vuba, mama nta miti ya SIDA afite kandi ndahangayitse. Mfasha muganga.",kinyarwanda,URGENT,chronic_care,kinyarwanda->kinyarwanda:URGENT:chronic_care,{REL} nta miti ya SIDA afite.,Nta miti ya SIDA mfite.
"Nzanye umwana wanjye, umukecuru ari kuva amaraso menshi kandi ntahagarara kuva hashize iminsi ibiri biragenda bikagaruka. Ni imiti ki nafata?",kinyarwanda,CRITICAL,haemorrhage_trauma,kinyarwanda->kinyarwanda:CRITICAL:haemorrhage_trauma,{REL} ari kuva amaraso menshi kandi ntahagarara.,ndi kuva amaraso menshi kandi ntahagarara
"Muganga, umukecuru nta miti y'igituntu afite. Abandi bana na bo bafite iki kibazo. Ntegereze cyangwa nsuzumwe ubu?",kinyarwanda,URGENT,chronic_care,kinyarwanda->kinyarwanda:URGENT:chronic_care,{REL} nta miti y'igituntu afite.,Nta miti y'igituntu mfite.
"Nzanye umwana wanjye, nyuma yo kubyara mfite umuriro kandi hari ibintu bisohoka bifite impumuro mbi kuva mu cyumweru gishize. Naje mvuye kure.",kinyarwanda,CRITICAL,obstetric,kinyarwanda->kinyarwanda:CRITICAL:obstetric,Nyuma yo kubyara mfite umuriro kandi hari ibintu bisohoka bifite impumuro mbi.,Nyuma yo kubyara mfite umuriro kandi hari ibintu bisohoka bifite impumuro mbi.
"Ndakeneye ubufasha, iyo umwana wanjye amaze kurya, yumva inda itameze neza kuva mu gitondo kandi nta miti mfite. Ni imiti ki nafata?",kinyarwanda,ROUTINE,gastrointestinal,kinyarwanda->kinyarwanda:ROUTINE:gastrointestinal,"Iyo {REL} amaze kurya, yumva inda itameze neza.","Iyo {REL} amaze kurya, yumva inda itameze neza."
"Nyabuneka, mama ashaka kugirwa inama ku mazi yo kunywa kuva ijoro ryashize biragenda bikagaruka. Mfasha muganga.",kinyarwanda,ROUTINE,preventive,kinyarwanda->kinyarwanda:ROUTINE:preventive,{REL} ashaka kugirwa inama ku mazi yo kunywa.,Ndashaka kugirwa inama ku mazi yo kunywa.
"Muganga, umwana wanjye ari kuva amaraso menshi kandi ntahagarara kuva mu gitondo. Abandi bana na bo bafite iki kibazo. Ndakeneye ubufasha vuba.",kinyarwanda,CRITICAL,haemorrhage_trauma,kinyarwanda->kinyarwanda:CRITICAL:haemorrhage_trauma,{REL} ari kuva amaraso menshi kandi ntahagarara.,ndi kuva amaraso menshi kandi ntahagarara
"Mfasha vuba, amazi yamenetse ariko igihe cyo kubyara ntikiragera kandi sinshobora gusinzira. Naje mvuye kure.",kinyarwanda,URGENT,obstetric,kinyarwanda->kinyarwanda:URGENT:obstetric,Amazi yamenetse ariko igihe cyo kubyara ntikiragera.,Amazi yamenetse ariko igihe cyo kubyara ntikiragera.
"Nyabuneka, mushiki wanjye ashaka ko bapima SIDA biragenda bikagaruka. Ntabasha kubona amafaranga yo kongera kuza kwa muganga.",kinyarwanda,ROUTINE,preventive,kinyarwanda->kinyarwanda:ROUTINE:preventive,{REL} ashaka ko bapima SIDA.,Ndashaka ko bapima SIDA.
"Nyabuneka, umugore wanjye afite igikomere cyanduye, kiratukura kandi kirimo amashyira. Abandi bana na bo bafite iki kibazo. Ntabasha kubona amafaranga yo kongera kuza kwa muganga.",kinyarwanda,URGENT,haemorrhage_trauma,kinyarwanda->kinyarwanda:URGENT:haemorrhage_trauma,"{REL} afite igikomere cyanduye, kiratukura kandi kirimo amashyira.","mfite igikomere cyanduye, kiratukura kandi kirimo amashyira"
"Ndakeneye ubufasha, nyuma yo kubyara mfite umuriro kandi hari ibintu bisohoka bifite impumuro mbi kuva hashize icyumweru. Abandi bana na bo bafite iki kibazo. Ndakeneye ubufasha vuba.",kinyarwanda,CRITICAL,obstetric,kinyarwanda->kinyarwanda:CRITICAL:obstetric,Nyuma yo kubyara mfite umuriro kandi hari ibintu bisohoka bifite impumuro mbi.,Nyuma yo kubyara mfite umuriro kandi hari ibintu bisohoka bifite impumuro mbi.
"Ndakeneye ubufasha, amazi yamenetse ariko igihe cyo kubyara ntikiragera kuva ejo bikarushaho nijoro",kinyarwanda,URGENT,obstetric,kinyarwanda->kinyarwanda:URGENT:obstetric,Amazi yamenetse ariko igihe cyo kubyara ntikiragera.,Amazi yamenetse ariko igihe cyo kubyara ntikiragera.
"Iyo umwana wanjye amaze kurya, yumva inda itameze neza kuva ubu gitondo cya kare bikarushaho nijoro. Nkora iki?",kinyarwanda,ROUTINE,gastrointestinal,kinyarwanda->kinyarwanda:ROUTINE:gastrointestinal,"Iyo {REL} amaze kurya, yumva inda itameze neza.","Iyo {REL} amaze kurya, yumva inda itameze neza."
"Naje hano mbere, umugore wanjye ashaka kugirwa inama ku mazi yo kunywa kuva mu gitondo. Ntegereze cyangwa nsuzumwe ubu?",kinyarwanda,ROUTINE,preventive,kinyarwanda->kinyarwanda:ROUTINE:preventive,{REL} ashaka kugirwa inama ku mazi yo kunywa.,Ndashaka kugirwa inama ku mazi yo kunywa.
"Mfasha, mfite igikomere ku mutwe nyuma yo kugwa kuva hashize iminsi itatu kandi ndahangayitse. Ntabasha kubona amafaranga yo kongera kuza kwa muganga.",kinyarwanda,CRITICAL,haemorrhage_trauma,kinyarwanda->kinyarwanda:CRITICAL:haemorrhage_trauma,mfite igikomere ku mutwe nyuma yo kugwa,mfite igikomere ku mutwe nyuma yo kugwa
"Muraho, ndumva naniwe ariko si cyane kuva hashize iminsi itatu kandi ndahangayitse. Murakoze.",kinyarwanda,ROUTINE,neurological,kinyarwanda->kinyarwanda:ROUTINE:neurological,ndumva naniwe ariko si cyane,ndumva naniwe ariko si cyane
Ndashaka kukubwira ikibazo mfite. Amazi yamenetse ariko igihe cyo kubyara ntikiragera kuva ubu gitondo cya kare. Byatangiye gitunguranye. Mfasha muganga.,kinyarwanda,URGENT,obstetric,kinyarwanda->kinyarwanda:URGENT:obstetric,Amazi yamenetse ariko igihe cyo kubyara ntikiragera.,Amazi yamenetse ariko igihe cyo kubyara ntikiragera.
"Nzanye umwana wanjye, iyo mpumeka, numva igituza gifashe kandi mpumeka nkumva hari ijwi ridasanzwe kuva hashize iminsi itatu. Byatangiye gitunguranye. Nkora iki?",kinyarwanda,URGENT,cardiac_respiratory,kinyarwanda->kinyarwanda:URGENT:cardiac_respiratory,"Iyo mpumeka, numva igituza gifashe kandi mpumeka nkumva hari ijwi ridasanzwe.","Iyo mpumeka, numva igituza gifashe kandi mpumeka nkumva hari ijwi ridasanzwe."
Mu rugo hari umuntu urwaye igituntu kandi ndashaka kwisuzumisha kuva ijoro ryashize biragenda bikagaruka. Ese ibi birakomeye?,kinyarwanda,URGENT,preventive,kinyarwanda->kinyarwanda:URGENT:preventive,Mu rugo hari umuntu urwaye igituntu kandi ndashaka kwisuzumisha.,Mu rugo hari umuntu urwaye igituntu kandi ndashaka kwisuzumisha.
Papa araruka ibyo arya byose kandi ntashobora no kunywa kuva hashize icyumweru. Byatangiye gitunguranye. Ese ibi birakomeye?,kinyarwanda,CRITICAL,gastrointestinal,kinyarwanda->kinyarwanda:CRITICAL:gastrointestinal,{REL} araruka ibyo arya byose kandi ntashobora no kunywa.,Ndaruka ibyo ndya byose kandi sinshobora no kunywa.
Ndashaka kukubwira ikibazo mfite. Umwana wanjye afite umuriro mwinshi kandi ntarya kuva hashize iminsi itatu kandi nta miti mfite. Ni imiti ki nafata?,kinyarwanda,URGENT,paediatric,kinyarwanda->kinyarwanda:URGENT:paediatric,{REL} afite umuriro mwinshi kandi ntarya.,{REL} afite umuriro mwinshi kandi ntarya.
Mama ashaka ko bapima SIDA kuva mu masaha abiri ashize. Abandi bana na bo bafite iki kibazo. Naje mvuye kure.,kinyarwanda,ROUTINE,preventive,kinyarwanda->kinyarwanda:ROUTINE:preventive,{REL} ashaka ko bapima SIDA.,Ndashaka ko bapima SIDA.
"Naje hano mbere, ndaruka amaraso kuva ejo bikarushaho nijoro",kinyarwanda,CRITICAL,gastrointestinal,kinyarwanda->kinyarwanda:CRITICAL:gastrointestinal,Ndaruka amaraso.,Ndaruka amaraso.
Ndashaka kukubwira ikibazo mfite. Papa araruka amaraso nta miti imfasha. Naje mvuye kure.,kinyarwanda,CRITICAL,gastrointestinal,kinyarwanda->kinyarwanda:CRITICAL:gastrointestinal,{REL} araruka amaraso.,Ndaruka amaraso.
"Mfasha vuba, mama ari kuva amaraso menshi kandi ntahagarara nta miti imfasha. Nkora iki?",kinyarwanda,CRITICAL,haemorrhage_trauma,kinyarwanda->kinyarwanda:CRITICAL:haemorrhage_trauma,{REL} ari kuva amaraso menshi kandi ntahagarara.,ndi kuva amaraso menshi kandi ntahagarara
"Naje hano mbere, umwana wanjye afite umuhaha kuva mu cyumweru gishize bikarushaho nijoro. Ese ibi birakomeye?",kinyarwanda,URGENT,paediatric,kinyarwanda->kinyarwanda:URGENT:paediatric,{REL} afite umuhaha.,Mfite umuhaha.
"Muraho, papa afite umuriro mwinshi kandi yaragagaye kuva mu cyumweru gishize kandi nta miti mfite. Ndakeneye ubufasha vuba.",kinyarwanda,CRITICAL,infectious_fever,kinyarwanda->kinyarwanda:CRITICAL:infectious_fever,{REL} afite umuriro mwinshi kandi yaragagaye.,Mfite umuriro mwinshi kandi nagagaye.
"Muganga, mama aratwite kandi afite umuriro kuva ejo kandi birushaho kuba bibi",kinyarwanda,URGENT,obstetric,kinyarwanda->kinyarwanda:URGENT:obstetric,{REL} aratwite kandi afite umuriro.,Ndatwite kandi mfite umuriro.
"Muraho, mama yabyimbye ibirenge kandi ntashobora guhumeka neza iyo aragaramye kuva hashize iminsi itatu. Abandi bana na bo bafite iki kibazo. Ni imiti ki nafata?",kinyarwanda,URGENT,chronic_care,kinyarwanda->kinyarwanda:URGENT:chronic_care,{REL} yabyimbye ibirenge kandi ntashobora guhumeka neza iyo aragaramye.,Nabyimbye ibirenge kandi sinshobora guhumeka neza iyo ndagaramye.
"Nyabuneka, papa ashaka ko bapima ibiro by'umwana we kuva mu cyumweru gishize kandi ndahangayitse. Ntabasha kubona amafaranga yo kongera kuza kwa muganga.",kinyarwanda,ROUTINE,paediatric,kinyarwanda->kinyarwanda:ROUTINE:paediatric,{REL} ashaka ko bapima ibiro by'umwana we.,Ndashaka ko bapima ibiro by'umwana wanjye.
Mfite umwanda usa umukara kuva ijoro ryashize biragenda bikagaruka. Ese ibi birakomeye?,kinyarwanda,CRITICAL,gastrointestinal,kinyarwanda->kinyarwanda:CRITICAL:gastrointestinal,Mfite umwanda usa umukara.,Mfite umwanda usa umukara.
"Ndakeneye ubufasha, umugabo wanjye yabyimbye ibirenge kandi ntashobora guhumeka neza iyo aragaramye kuva mu masaha abiri ashize biragenda bikagaruka. Ese ibi birakomeye?",kinyarwanda,URGENT,chronic_care,kinyarwanda->kinyarwanda:URGENT:chronic_care,{REL} yabyimbye ibirenge kandi ntashobora guhumeka neza iyo aragaramye.,Nabyimbye ibirenge kandi sinshobora guhumeka neza iyo ndagaramye.
"Mumbabarire, ndashaka kubabwira ikibazo mfite. Ndatwite, umutwe urandya cyane kandi sinshobora kureba neza kuva ijoro ryashize. Abandi bana na bo bafite iki kibazo. Nkora iki?",kinyarwanda,CRITICAL,obstetric,kinyarwanda->kinyarwanda:CRITICAL:obstetric,"Ndatwite, umutwe urandya cyane kandi sinshobora kureba neza.","Ndatwite, umutwe urandya cyane kandi sinshobora kureba neza."
"Ndakeneye ubufasha, maze ibyumweru birenga bibiri nkorora kandi natangiye no kunanuka kuva ijoro ryashize nta miti imfasha. Ntegereze cyangwa nsuzumwe ubu?",kinyarwanda,URGENT,cardiac_respiratory,kinyarwanda->kinyarwanda:URGENT:cardiac_respiratory,Maze ibyumweru birenga bibiri nkorora kandi natangiye no kunanuka.,Maze ibyumweru birenga bibiri nkorora kandi natangiye no kunanuka.
"Nyabuneka, umwana wanjye afite ububabare bukabije mu nda kuva mu cyumweru gishize nta miti imfasha. Ntegereze cyangwa nsuzumwe ubu?",kinyarwanda,URGENT,gastrointestinal,kinyarwanda->kinyarwanda:URGENT:gastrointestinal,{REL} afite ububabare bukabije mu nda.,Mfite ububabare bukabije mu nda.
Ndashaka kukubwira ikibazo mfite. Mushiki wanjye nta miti ya SIDA afite kuva hashize iminsi ibiri,kinyarwanda,URGENT,chronic_care,kinyarwanda->kinyarwanda:URGENT:chronic_care,{REL} nta miti ya SIDA afite.,Nta miti ya SIDA mfite.
"Mfasha vuba, nkorora gake ariko nta muriro mfite kuva ijoro ryashize biragenda bikagaruka",kinyarwanda,ROUTINE,cardiac_respiratory,kinyarwanda->kinyarwanda:ROUTINE:cardiac_respiratory,Nkorora gake ariko nta muriro mfite.,Nkorora gake ariko nta muriro mfite.
"Simbizi niba bikomeye ariko, amazuru arantemba gake kuva ubu gitondo cya kare. Byatangiye gitunguranye. Mfasha muganga.",kinyarwanda,ROUTINE,infectious_fever,kinyarwanda->kinyarwanda:ROUTINE:infectious_fever,amazuru arantemba gake,amazuru arantemba gake
"Muraho, mfite gahunda yo kwisuzumisha buri mwaka kuva hashize iminsi itatu bikarushaho nijoro. Mfasha muganga.",kinyarwanda,ROUTINE,preventive,kinyarwanda->kinyarwanda:ROUTINE:preventive,Mfite gahunda yo kwisuzumisha buri mwaka.,Mfite gahunda yo kwisuzumisha buri mwaka.
"Muganga, amazi yamenetse ariko igihe cyo kubyara ntikiragera kuva ubu gitondo cya kare kandi birushaho kuba bibi",kinyarwanda,URGENT,obstetric,kinyarwanda->kinyarwanda:URGENT:obstetric,Amazi yamenetse ariko igihe cyo kubyara ntikiragera.,Amazi yamenetse ariko igihe cyo kubyara ntikiragera.
"Muraho, papa araruka amaraso kuva hashize iminsi ibiri kandi ndahangayitse. Mfasha muganga.",kinyarwanda,CRITICAL,gastrointestinal,kinyarwanda->kinyarwanda:CRITICAL:gastrointestinal,{REL} araruka amaraso.,Ndaruka amaraso.
"Mfasha vuba, mama amaze ibyumweru birenga bibiri arwaye impiswi kuva ijoro ryashize biragenda bikagaruka. Ntabasha kubona amafaranga yo kongera kuza kwa muganga.",kinyarwanda,URGENT,gastrointestinal,kinyarwanda->kinyarwanda:URGENT:gastrointestinal,{REL} amaze ibyumweru birenga bibiri arwaye impiswi.,Maze ibyumweru birenga bibiri ndwaye impiswi.
"Naje hano mbere, umuturanyi wanjye amaze ibyumweru birenga bibiri arwaye impiswi kuva mu cyumweru gishize kandi sinshobora gusinzira. Ni imiti ki nafata?",kinyarwanda,URGENT,gastrointestinal,kinyarwanda->kinyarwanda:URGENT:gastrointestinal,{REL} amaze ibyumweru birenga bibiri arwaye impiswi.,Maze ibyumweru birenga bibiri ndwaye impiswi.
"Naje hano mbere, nyuma yo kubyara mfite umuriro kandi hari ibintu bisohoka bifite impumuro mbi kuva mu gitondo bikarushaho nijoro. Ese ibi birakomeye?",kinyarwanda,CRITICAL,obstetric,kinyarwanda->kinyarwanda:CRITICAL:obstetric,Nyuma yo kubyara mfite umuriro kandi hari ibintu bisohoka bifite impumuro mbi.,Nyuma yo kubyara mfite umuriro kandi hari ibintu bisohoka bifite impumuro mbi.
"Ndakeneye ubufasha, mfite igikomere gito kandi amaraso yarahagaze kuva hashize iminsi ibiri. Abandi bana na bo bafite iki kibazo. Murakoze.",kinyarwanda,ROUTINE,haemorrhage_trauma,kinyarwanda->kinyarwanda:ROUTINE:haemorrhage_trauma,Mfite igikomere gito kandi amaraso yarahagaze.,Mfite igikomere gito kandi amaraso yarahagaze.
"Mfasha, iyo maze kurya numva mu nda ntameze neza kuva mu gitondo. Abandi bana na bo bafite iki kibazo. Murakoze.",kinyarwanda,ROUTINE,gastrointestinal,kinyarwanda->kinyarwanda:ROUTINE:gastrointestinal,iyo maze kurya numva mu nda ntameze neza,"Iyo {REL} amaze kurya, yumva inda itameze neza."
"Ndakeneye ubufasha, umukecuru yabyimbye ibirenge kandi ntashobora guhumeka neza iyo aragaramye kuva mu gitondo biragenda bikagaruka. Naje mvuye kure.",kinyarwanda,URGENT,chronic_care,kinyarwanda->kinyarwanda:URGENT:chronic_care,{REL} yabyimbye ibirenge kandi ntashobora guhumeka neza iyo aragaramye.,Nabyimbye ibirenge kandi sinshobora guhumeka neza iyo ndagaramye.
"Nzanye umwana wanjye, umugabo wanjye yagagaye kandi arimo guhinda umushyitsi kuva hashize iminsi ibiri kandi sinshobora gusinzira. Ndakeneye ubufasha vuba.",kinyarwanda,CRITICAL,neurological,kinyarwanda->kinyarwanda:CRITICAL:neurological,{REL} yagagaye kandi arimo guhinda umushyitsi.,{REL} yagagaye kandi arimo guhinda umushyitsi.
"Mfasha, umwana wanjye isukari yo mu maraso ye yazamutse cyane kuva hashize iminsi itatu kandi ndahangayitse. Ndakeneye ubufasha vuba.",kinyarwanda,URGENT,chronic_care,kinyarwanda->kinyarwanda:URGENT:chronic_care,{REL} isukari yo mu maraso ye yazamutse cyane.,isukari yo mu maraso yanjye yazamutse cyane
"Mfasha, amazi yamenetse ariko igihe cyo kubyara ntikiragera kuva hashize icyumweru kandi sinshobora gusinzira. Ntegereze cyangwa nsuzumwe ubu?",kinyarwanda,URGENT,obstetric,kinyarwanda->kinyarwanda:URGENT:obstetric,Amazi yamenetse ariko igihe cyo kubyara ntikiragera.,Amazi yamenetse ariko igihe cyo kubyara ntikiragera.
"Simbizi niba bikomeye ariko, umuturanyi wanjye iminwa ye yahindutse ubururu kuva ubu gitondo cya kare biragenda bikagaruka. Mfasha muganga.",kinyarwanda,CRITICAL,cardiac_respiratory,kinyarwanda->kinyarwanda:CRITICAL:cardiac_respiratory,{REL} iminwa ye yahindutse ubururu.,Iminwa yanjye yahindutse ubururu.
"Simbizi niba bikomeye ariko, mfite umuriro mwinshi kandi ndakorora cyane kuva ejo kandi birushaho kuba bibi. Ni imiti ki nafata?",kinyarwanda,URGENT,infectious_fever,kinyarwanda->kinyarwanda:URGENT:infectious_fever,mfite umuriro mwinshi kandi ndakorora cyane,mfite umuriro mwinshi kandi ndakorora cyane
"Mfasha, mama amaze umunsi wose ari mu bubabare bwo kubyara ariko umwana ntarasohoka kuva hashize icyumweru bikarushaho nijoro. Mfasha muganga.",kinyarwanda,CRITICAL,obstetric,kinyarwanda->kinyarwanda:CRITICAL:obstetric,{REL} amaze umunsi wose ari mu bubabare bwo kubyara ariko umwana ntarasohoka.,Maze umunsi wose mbabara ngerageza kubyara ariko umwana ntarasohoka.
"Mumbabarire, ndashaka kubabwira ikibazo mfite. Ndashaka kujya kwa muganga kwisuzumisha diyabete kuva hashize iminsi itatu. Abandi bana na bo bafite iki kibazo. Ntegereze cyangwa nsuzumwe ubu?",kinyarwanda,ROUTINE,chronic_care,kinyarwanda->kinyarwanda:ROUTINE:chronic_care,Ndashaka kujya kwa muganga kwisuzumisha diyabete.,Ndashaka kujya kwa muganga kwisuzumisha SIDA.
Umuturanyi wanjye ahumeka bimugora cyane kandi iminwa ye yahindutse ibara kuva mu masaha abiri ashize kandi sinshobora gusinzira. Nkora iki?,kinyarwanda,CRITICAL,cardiac_respiratory,kinyarwanda->kinyarwanda:CRITICAL:cardiac_respiratory,{REL} ahumeka bimugora cyane kandi iminwa ye yahindutse ibara.,guhumeka birangora cyane kandi iminwa yanjye yahindutse ibara
"Mumbabarire, ndashaka kubabwira ikibazo mfite. Iyo mpumeka, numva igituza gifashe kandi mpumeka nkumva hari ijwi ridasanzwe kuva ijoro ryashize biragenda bikagaruka",kinyarwanda,URGENT,cardiac_respiratory,kinyarwanda->kinyarwanda:URGENT:cardiac_respiratory,"Iyo mpumeka, numva igituza gifashe kandi mpumeka nkumva hari ijwi ridasanzwe.","Iyo mpumeka, numva igituza gifashe kandi mpumeka nkumva hari ijwi ridasanzwe."
"Muraho, umugabo wanjye afite impiswi zikomeye kandi yagize umwuma kuva hashize icyumweru. Abandi bana na bo bafite iki kibazo. Ntabasha kubona amafaranga yo kongera kuza kwa muganga.",kinyarwanda,CRITICAL,gastrointestinal,kinyarwanda->kinyarwanda:CRITICAL:gastrointestinal,{REL} afite impiswi zikomeye kandi yagize umwuma.,{REL} afite impiswi zikomeye kandi yagize umwuma.
"Mfasha vuba, maze umunsi wose mbabara ngerageza kubyara ariko umwana ntarasohoka kuva hashize iminsi itatu. Abandi bana na bo bafite iki kibazo. Mfasha muganga.",kinyarwanda,CRITICAL,obstetric,kinyarwanda->kinyarwanda:CRITICAL:obstetric,Maze umunsi wose mbabara ngerageza kubyara ariko umwana ntarasohoka.,Maze umunsi wose mbabara ngerageza kubyara ariko umwana ntarasohoka.
"Naje hano mbere, ndatwite kandi nagagaye kuva mu gitondo bikarushaho nijoro. Naje mvuye kure.",kinyarwanda,CRITICAL,obstetric,kinyarwanda->kinyarwanda:CRITICAL:obstetric,Ndatwite kandi nagagaye.,Ndatwite kandi nagagaye.
"Mumbabarire, ndashaka kubabwira ikibazo mfite. Umukecuru ahumeka bimugora cyane kandi iminwa ye yahindutse ibara bikarushaho nijoro. Ni imiti ki nafata?",kinyarwanda,CRITICAL,cardiac_respiratory,kinyarwanda->kinyarwanda:CRITICAL:cardiac_respiratory,{REL} ahumeka bimugora cyane kandi iminwa ye yahindutse ibara.,guhumeka birangora cyane kandi iminwa yanjye yahindutse ibara
"Mfasha vuba, umuturanyi wanjye araruka ibyo arya byose kandi ntashobora no kunywa kuva ubu gitondo cya kare nta miti imfasha. Nkora iki?",kinyarwanda,CRITICAL,gastrointestinal,kinyarwanda->kinyarwanda:CRITICAL:gastrointestinal,{REL} araruka ibyo arya byose kandi ntashobora no kunywa.,Ndaruka ibyo ndya byose kandi sinshobora no kunywa.
"Ndakeneye ubufasha, mfite ubushye bunini ku mubiri kuva mu masaha abiri ashize. Abandi bana na bo bafite iki kibazo. Mfasha muganga.",kinyarwanda,CRITICAL,haemorrhage_trauma,kinyarwanda->kinyarwanda:CRITICAL:haemorrhage_trauma,Mfite ubushye bunini ku mubiri.,Mfite ubushye bunini ku mubiri.
"Mumbabarire, ndashaka kubabwira ikibazo mfite. Papa afite impiswi zikomeye kandi yagize umwuma kuva ubu gitondo cya kare kandi nta miti mfite",kinyarwanda,CRITICAL,gastrointestinal,kinyarwanda->kinyarwanda:CRITICAL:gastrointestinal,{REL} afite impiswi zikomeye kandi yagize umwuma.,{REL} afite impiswi zikomeye kandi yagize umwuma.
"Muraho, ndashaka imiti y'inzoka y'umwana wanjye kuva ijoro ryashize. Mfasha muganga.",kinyarwanda,ROUTINE,preventive,kinyarwanda->kinyarwanda:ROUTINE:preventive,Ndashaka imiti y'inzoka y'umwana wanjye.,Ndashaka imiti y'inzoka y'umwana wanjye.
"Naje hano mbere, ndashaka imiti y'inzoka y'umwana wanjye kuva ubu gitondo cya kare. Byatangiye gitunguranye. Ni imiti ki nafata?",kinyarwanda,ROUTINE,preventive,kinyarwanda->kinyarwanda:ROUTINE:preventive,Ndashaka imiti y'inzoka y'umwana wanjye.,Ndashaka imiti y'inzoka y'umwana wanjye.
"Naje hano mbere, papa afite impiswi zikomeye kandi yagize umwuma kuva hashize icyumweru kandi birushaho kuba bibi. Ntabasha kubona amafaranga yo kongera kuza kwa muganga.",kinyarwanda,CRITICAL,gastrointestinal,kinyarwanda->kinyarwanda:CRITICAL:gastrointestinal,{REL} afite impiswi zikomeye kandi yagize umwuma.,{REL} afite impiswi zikomeye kandi yagize umwuma.
"Naje hano mbere, papa afite igikomere cyanduye, kiratukura kandi kirimo amashyira kuva hashize icyumweru kandi sinshobora gusinzira. Urakoze.",kinyarwanda,URGENT,haemorrhage_trauma,kinyarwanda->kinyarwanda:URGENT:haemorrhage_trauma,"{REL} afite igikomere cyanduye, kiratukura kandi kirimo amashyira.","mfite igikomere cyanduye, kiratukura kandi kirimo amashyira"
"Mfasha vuba, umugore wanjye arababara cyane mu gituza kandi ububabare bukagera no ku kuboko kuva ijoro ryashize kandi sinshobora gusinzira. Ntabasha kubona amafaranga yo kongera kuza kwa muganga.",kinyarwanda,CRITICAL,cardiac_respiratory,kinyarwanda->kinyarwanda:CRITICAL:cardiac_respiratory,{REL} arababara cyane mu gituza kandi ububabare bukagera no ku kuboko.,mu gituza harandya cyane kandi ububabare bukagera no ku kuboko
"Mumbabarire, ndashaka kubabwira ikibazo mfite. Amazuru arantemba gake kuva hashize icyumweru. Naje mvuye kure.",kinyarwanda,ROUTINE,infectious_fever,kinyarwanda->kinyarwanda:ROUTINE:infectious_fever,amazuru arantemba gake,amazuru arantemba gake
"Muraho, ndaruka amaraso kuva hashize icyumweru nta miti imfasha. Mfasha muganga.",kinyarwanda,CRITICAL,gastrointestinal,kinyarwanda->kinyarwanda:CRITICAL:gastrointestinal,Ndaruka amaraso.,Ndaruka amaraso.
"Mfasha, mushiki wanjye arababara cyane mu gituza kandi ububabare bukagera no ku kuboko kandi nta miti mfite. Ntabasha kubona amafaranga yo kongera kuza kwa muganga.",kinyarwanda,CRITICAL,cardiac_respiratory,kinyarwanda->kinyarwanda:CRITICAL:cardiac_respiratory,{REL} arababara cyane mu gituza kandi ububabare bukagera no ku kuboko.,mu gituza harandya cyane kandi ububabare bukagera no ku kuboko
"Mfasha vuba, nyuma yo kubyara, mushiki wanjye afite umuriro kandi hari ibintu bisohoka bifite impumuro mbi kuva hashize icyumweru nta miti imfasha. Ni imiti ki nafata?",kinyarwanda,CRITICAL,obstetric,kinyarwanda->kinyarwanda:CRITICAL:obstetric,"Nyuma yo kubyara, {REL} afite umuriro kandi hari ibintu bisohoka bifite impumuro mbi.",Nyuma yo kubyara mfite umuriro kandi hari ibintu bisohoka bifite impumuro mbi.
"Mfasha, papa ashaka inama ku biryo byo kugaburira umwana we kuva mu masaha abiri ashize. Abandi bana na bo bafite iki kibazo. Ni imiti ki nafata?",kinyarwanda,ROUTINE,preventive,kinyarwanda->kinyarwanda:ROUTINE:preventive,{REL} ashaka inama ku biryo byo kugaburira umwana we.,Ndashaka inama ku biryo byo kugaburira umwana wanjye.
"Mumbabarire, ndashaka kubabwira ikibazo mfite. Nyuma yo kubyara mfite umuriro kandi hari ibintu bisohoka bifite impumuro mbi kuva ubu gitondo cya kare kandi nta miti mfite. Nkora iki?",kinyarwanda,CRITICAL,obstetric,kinyarwanda->kinyarwanda:CRITICAL:obstetric,Nyuma yo kubyara mfite umuriro kandi hari ibintu bisohoka bifite impumuro mbi.,Nyuma yo kubyara mfite umuriro kandi hari ibintu bisohoka bifite impumuro mbi.
Umukecuru araruka amaraso kuva mu masaha abiri ashize bikarushaho nijoro. Ndakeneye ubufasha vuba.,kinyarwanda,CRITICAL,gastrointestinal,kinyarwanda->kinyarwanda:CRITICAL:gastrointestinal,{REL} araruka amaraso.,Ndaruka amaraso.
Mushiki wanjye afite ubushye bunini ku mubiri kuva mu masaha abiri ashize nta miti imfasha. Nkora iki?,kinyarwanda,CRITICAL,haemorrhage_trauma,kinyarwanda->kinyarwanda:CRITICAL:haemorrhage_trauma,{REL} afite ubushye bunini ku mubiri.,Mfite ubushye bunini ku mubiri.
"Ndakeneye ubufasha, umwana wanjye afite umuriro woroheje umaze umunsi umwe, ariko nta kindi kibazo afite kuva ejo kandi nta miti mfite",kinyarwanda,ROUTINE,infectious_fever,kinyarwanda->kinyarwanda:ROUTINE:infectious_fever,"{REL} afite umuriro woroheje umaze umunsi umwe, ariko nta kindi kibazo afite.","mfite umuriro woroheje umaze umunsi umwe, ariko nta kindi kibazo mfite"
"Nyabuneka, mama aratwite kandi ashaka kwisuzumisha kwa muganga bwa mbere kuva ejo. Mfasha muganga.",kinyarwanda,ROUTINE,preventive,kinyarwanda->kinyarwanda:ROUTINE:preventive,{REL} aratwite kandi ashaka kwisuzumisha kwa muganga bwa mbere.,Ndatwite kandi ndashaka kwisuzumisha kwa muganga bwa mbere.
"Simbizi niba bikomeye ariko, umuturanyi wanjye ashaka ko bapima ibiro by'umwana we bikarushaho nijoro. Mfasha muganga.",kinyarwanda,ROUTINE,paediatric,kinyarwanda->kinyarwanda:ROUTINE:paediatric,{REL} ashaka ko bapima ibiro by'umwana we.,Ndashaka ko bapima ibiro by'umwana wanjye.
"Nzanye umwana wanjye, mushiki wanjye arumva igituza kimuremereye cyane kandi ububabare bukagera no ku rwasaya cyangwa ku kuboko kuva ijoro ryashize kandi sinshobora gusinzira. Naje mvuye kure.",kinyarwanda,CRITICAL,cardiac_respiratory,kinyarwanda->kinyarwanda:CRITICAL:cardiac_respiratory,{REL} arumva igituza kimuremereye cyane kandi ububabare bukagera no ku rwasaya cyangwa ku kuboko.,{REL} arumva igituza kimuremereye cyane kandi ububabare bukagera no ku rwasaya cyangwa ku kuboko.
"Mfasha vuba, amazi yamenetse ariko igihe cyo kubyara ntikiragera kuva ijoro ryashize. Byatangiye gitunguranye. Ndakeneye ubufasha vuba.",kinyarwanda,URGENT,obstetric,kinyarwanda->kinyarwanda:URGENT:obstetric,Amazi yamenetse ariko igihe cyo kubyara ntikiragera.,Amazi yamenetse ariko igihe cyo kubyara ntikiragera.
"Nyabuneka, mushiki wanjye ashaka kugirwa inama ku mazi yo kunywa kuva mu masaha abiri ashize kandi birushaho kuba bibi. Murakoze.",kinyarwanda,ROUTINE,preventive,kinyarwanda->kinyarwanda:ROUTINE:preventive,{REL} ashaka kugirwa inama ku mazi yo kunywa.,Ndashaka kugirwa inama ku mazi yo kunywa.
"Mumbabarire, ndashaka kubabwira ikibazo mfite. Mfite ubushye bunini ku mubiri kuva mu cyumweru gishize kandi birushaho kuba bibi. Naje mvuye kure.",kinyarwanda,CRITICAL,haemorrhage_trauma,kinyarwanda->kinyarwanda:CRITICAL:haemorrhage_trauma,Mfite ubushye bunini ku mubiri.,Mfite ubushye bunini ku mubiri.
"Naje hano mbere, nyuma yo kubyara, umuturanyi wanjye afite umuriro kandi hari ibintu bisohoka bifite impumuro mbi kuva hashize icyumweru. Nkora iki?",kinyarwanda,CRITICAL,obstetric,kinyarwanda->kinyarwanda:CRITICAL:obstetric,"Nyuma yo kubyara, {REL} afite umuriro kandi hari ibintu bisohoka bifite impumuro mbi.",Nyuma yo kubyara mfite umuriro kandi hari ibintu bisohoka bifite impumuro mbi.
"Nzanye umwana wanjye, umwana wanjye afite umuriro mwinshi kandi ntarya kuva hashize iminsi ibiri. Ntegereze cyangwa nsuzumwe ubu?",kinyarwanda,URGENT,paediatric,kinyarwanda->kinyarwanda:URGENT:paediatric,{REL} afite umuriro mwinshi kandi ntarya.,{REL} afite umuriro mwinshi kandi ntarya.
"Ndakeneye ubufasha, umutima uratera cyane kandi nkumva umeze nk'aho uhagarara kuva hashize iminsi ibiri kandi ndahangayitse. Mfasha muganga.",kinyarwanda,CRITICAL,cardiac_respiratory,kinyarwanda->kinyarwanda:CRITICAL:cardiac_respiratory,umutima uratera cyane kandi nkumva umeze nk'aho uhagarara,umutima uratera cyane kandi nkumva umeze nk'aho uhagarara
"Mfasha vuba, iyo mpumeka, numva igituza gifashe kandi mpumeka nkumva hari ijwi ridasanzwe kuva mu gitondo kandi ndahangayitse. Mfasha muganga.",kinyarwanda,URGENT,cardiac_respiratory,kinyarwanda->kinyarwanda:URGENT:cardiac_respiratory,"Iyo mpumeka, numva igituza gifashe kandi mpumeka nkumva hari ijwi ridasanzwe.","Iyo mpumeka, numva igituza gifashe kandi mpumeka nkumva hari ijwi ridasanzwe."
"Naje hano mbere, papa ashaka imiti y'inzoka y'umwana we kuva mu masaha abiri ashize. Byatangiye gitunguranye. Naje mvuye kure.",kinyarwanda,ROUTINE,preventive,kinyarwanda->kinyarwanda:ROUTINE:preventive,{REL} ashaka imiti y'inzoka y'umwana we.,Ndashaka imiti y'inzoka y'umwana wanjye.
"Naje hano mbere, mushiki wanjye afite ibimenyetso bya malariya, umuriro n'imbeho kuva hashize iminsi ibiri kandi ndahangayitse. Urakoze.",kinyarwanda,URGENT,infectious_fever,kinyarwanda->kinyarwanda:URGENT:infectious_fever,"{REL} afite ibimenyetso bya malariya, umuriro n'imbeho.","Mfite ibimenyetso bya malariya, umuriro n'imbeho."
"Nzanye umwana wanjye, mfite umwanda usa umukara kuva hashize icyumweru bikarushaho nijoro. Ese ibi birakomeye?",kinyarwanda,CRITICAL,gastrointestinal,kinyarwanda->kinyarwanda:CRITICAL:gastrointestinal,Mfite umwanda usa umukara.,Mfite umwanda usa umukara.
"Mfasha vuba, maze umunsi wose mbabara ngerageza kubyara ariko umwana ntarasohoka kuva hashize icyumweru kandi ndahangayitse. Mfasha muganga.",kinyarwanda,CRITICAL,obstetric,kinyarwanda->kinyarwanda:CRITICAL:obstetric,Maze umunsi wose mbabara ngerageza kubyara ariko umwana ntarasohoka.,Maze umunsi wose mbabara ngerageza kubyara ariko umwana ntarasohoka.
"Nyabuneka, umugore wanjye ashaka ko bapima SIDA. Abandi bana na bo bafite iki kibazo. Urakoze.",kinyarwanda,ROUTINE,preventive,kinyarwanda->kinyarwanda:ROUTINE:preventive,{REL} ashaka ko bapima SIDA.,Ndashaka ko bapima SIDA.
"Mumbabarire, ndashaka kubabwira ikibazo mfite. Umugore wanjye ashaka inama ku biryo byo kugaburira umwana we kuva hashize icyumweru kandi nta miti mfite. Mfasha muganga.",kinyarwanda,ROUTINE,preventive,kinyarwanda->kinyarwanda:ROUTINE:preventive,{REL} ashaka inama ku biryo byo kugaburira umwana we.,Ndashaka inama ku biryo byo kugaburira umwana wanjye.
"Nzanye umwana wanjye, umwana wanjye afite umuhaha kuva mu masaha abiri ashize. Abandi bana na bo bafite iki kibazo. Ndakeneye ubufasha vuba.",kinyarwanda,URGENT,paediatric,kinyarwanda->kinyarwanda:URGENT:paediatric,{REL} afite umuhaha.,Mfite umuhaha.
Ndumva naniwe ariko si cyane kuva mu gitondo kandi sinshobora gusinzira. Ndakeneye ubufasha vuba.,kinyarwanda,ROUTINE,neurological,kinyarwanda->kinyarwanda:ROUTINE:neurological,ndumva naniwe ariko si cyane,ndumva naniwe ariko si cyane
"Mfasha, amazi yamenetse ariko igihe cyo kubyara ntikiragera kuva hashize iminsi itatu. Abandi bana na bo bafite iki kibazo. Ni imiti ki nafata?",kinyarwanda,URGENT,obstetric,kinyarwanda->kinyarwanda:URGENT:obstetric,Amazi yamenetse ariko igihe cyo kubyara ntikiragera.,Amazi yamenetse ariko igihe cyo kubyara ntikiragera.
Umwana wanjye iminwa ye yahindutse ubururu kuva ubu gitondo cya kare biragenda bikagaruka. Naje mvuye kure.,kinyarwanda,CRITICAL,cardiac_respiratory,kinyarwanda->kinyarwanda:CRITICAL:cardiac_respiratory,{REL} iminwa ye yahindutse ubururu.,Iminwa yanjye yahindutse ubururu.
"Mfasha, ndatwite kandi ndashaka kujya kwa muganga kwisuzumisha. Abandi bana na bo bafite iki kibazo. Naje mvuye kure.",kinyarwanda,ROUTINE,obstetric,kinyarwanda->kinyarwanda:ROUTINE:obstetric,Ndatwite kandi ndashaka kujya kwa muganga kwisuzumisha.,Ndatwite kandi ndashaka kujya kwa muganga kwisuzumisha.
"Mfasha, iyo maze kurya numva mu nda ntameze neza kuva ubu gitondo cya kare biragenda bikagaruka. Urakoze.",kinyarwanda,ROUTINE,gastrointestinal,kinyarwanda->kinyarwanda:ROUTINE:gastrointestinal,iyo maze kurya numva mu nda ntameze neza,"Iyo {REL} amaze kurya, yumva inda itameze neza."
"Simbizi niba bikomeye ariko, umugore wanjye amaze ibyumweru birenga bibiri akorora kandi yatangiye no kunanuka kandi sinshobora gusinzira. Naje mvuye kure.",kinyarwanda,URGENT,cardiac_respiratory,kinyarwanda->kinyarwanda:URGENT:cardiac_respiratory,{REL} amaze ibyumweru birenga bibiri akorora kandi yatangiye no kunanuka.,Maze ibyumweru birenga bibiri nkorora kandi natangiye no kunanuka.
"Mfasha, ndashaka kujya kwa muganga kwisuzumisha diyabete kuva mu masaha abiri ashize kandi birushaho kuba bibi. Ni imiti ki nafata?",kinyarwanda,ROUTINE,chronic_care,kinyarwanda->kinyarwanda:ROUTINE:chronic_care,Ndashaka kujya kwa muganga kwisuzumisha diyabete.,Ndashaka kujya kwa muganga kwisuzumisha SIDA.
"Mumbabarire, ndashaka kubabwira ikibazo mfite. Umwana wanjye iminwa ye yahindutse ubururu kuva ijoro ryashize biragenda bikagaruka",kinyarwanda,CRITICAL,cardiac_respiratory,kinyarwanda->kinyarwanda:CRITICAL:cardiac_respiratory,{REL} iminwa ye yahindutse ubururu.,Iminwa yanjye yahindutse ubururu.
"Naje hano mbere, umwana wanjye araruka amaraso kuva mu masaha abiri ashize biragenda bikagaruka. Mfasha muganga.",kinyarwanda,CRITICAL,gastrointestinal,kinyarwanda->kinyarwanda:CRITICAL:gastrointestinal,{REL} araruka amaraso.,Ndaruka amaraso.
"Muraho, mu gituza harandya cyane kandi ububabare bukagera no ku kuboko kuva ejo. Ntabasha kubona amafaranga yo kongera kuza kwa muganga.",kinyarwanda,CRITICAL,cardiac_respiratory,kinyarwanda->kinyarwanda:CRITICAL:cardiac_respiratory,mu gituza harandya cyane kandi ububabare bukagera no ku kuboko,mu gituza harandya cyane kandi ububabare bukagera no ku kuboko
"Mfasha vuba, ndaruka cyane kandi numva mfite intege nke kuva mu gitondo. Byatangiye gitunguranye.",kinyarwanda,URGENT,gastrointestinal,kinyarwanda->kinyarwanda:URGENT:gastrointestinal,ndaruka cyane kandi numva mfite intege nke,ndaruka cyane kandi numva mfite intege nke
"Muraho, mfite umwanda usa umukara kuva mu cyumweru gishize. Ntabasha kubona amafaranga yo kongera kuza kwa muganga.",kinyarwanda,CRITICAL,gastrointestinal,kinyarwanda->kinyarwanda:CRITICAL:gastrointestinal,Mfite umwanda usa umukara.,Mfite umwanda usa umukara.
"Muganga, umukecuru afite umuriro mwinshi kandi yaragagaye kandi ndahangayitse",kinyarwanda,CRITICAL,infectious_fever,kinyarwanda->kinyarwanda:CRITICAL:infectious_fever,{REL} afite umuriro mwinshi kandi yaragagaye.,Mfite umuriro mwinshi kandi nagagaye.
"Ndakeneye ubufasha, iyo maze kurya numva mu nda ntameze neza kuva mu masaha abiri ashize bikarushaho nijoro. Ese ibi birakomeye?",kinyarwanda,ROUTINE,gastrointestinal,kinyarwanda->kinyarwanda:ROUTINE:gastrointestinal,iyo maze kurya numva mu nda ntameze neza,"Iyo {REL} amaze kurya, yumva inda itameze neza."
"Mumbabarire, ndashaka kubabwira ikibazo mfite. Umugabo wanjye ashaka kugirwa inama ku mazi yo kunywa kuva ijoro ryashize kandi birushaho kuba bibi. Mfasha muganga.",kinyarwanda,ROUTINE,preventive,kinyarwanda->kinyarwanda:ROUTINE:preventive,{REL} ashaka kugirwa inama ku mazi yo kunywa.,Ndashaka kugirwa inama ku mazi yo kunywa.
"Muganga, ndatwite kandi nagagaye kuva ubu gitondo cya kare kandi sinshobora gusinzira. Naje mvuye kure.",kinyarwanda,CRITICAL,obstetric,kinyarwanda->kinyarwanda:CRITICAL:obstetric,Ndatwite kandi nagagaye.,Ndatwite kandi nagagaye.
"Mfasha, mama isukari yo mu maraso ye yazamutse cyane kuva hashize icyumweru kandi ndahangayitse. Urakoze.",kinyarwanda,URGENT,chronic_care,kinyarwanda->kinyarwanda:URGENT:chronic_care,{REL} isukari yo mu maraso ye yazamutse cyane.,isukari yo mu maraso yanjye yazamutse cyane
"Nyabuneka, umugabo wanjye iminwa ye yahindutse ubururu kuva ubu gitondo cya kare kandi birushaho kuba bibi. Ntabasha kubona amafaranga yo kongera kuza kwa muganga.",kinyarwanda,CRITICAL,cardiac_respiratory,kinyarwanda->kinyarwanda:CRITICAL:cardiac_respiratory,{REL} iminwa ye yahindutse ubururu.,Iminwa yanjye yahindutse ubururu.
Ndashaka kukubwira ikibazo mfite. Ndatwite kandi mfite umuriro kuva ejo nta miti imfasha. Ntabasha kubona amafaranga yo kongera kuza kwa muganga.,kinyarwanda,URGENT,obstetric,kinyarwanda->kinyarwanda:URGENT:obstetric,Ndatwite kandi mfite umuriro.,Ndatwite kandi mfite umuriro.
Ndashaka kukubwira ikibazo mfite. Mushiki wanjye araruka ibyo arya byose kandi ntashobora no kunywa kandi birushaho kuba bibi. Ndakeneye ubufasha vuba.,kinyarwanda,CRITICAL,gastrointestinal,kinyarwanda->kinyarwanda:CRITICAL:gastrointestinal,{REL} araruka ibyo arya byose kandi ntashobora no kunywa.,Ndaruka ibyo ndya byose kandi sinshobora no kunywa.
"Muraho, umukecuru ashaka ko bapima ibiro by'umwana we kuva hashize icyumweru. Abandi bana na bo bafite iki kibazo. Ndakeneye ubufasha vuba.",kinyarwanda,ROUTINE,paediatric,kinyarwanda->kinyarwanda:ROUTINE:paediatric,{REL} ashaka ko bapima ibiro by'umwana we.,Ndashaka ko bapima ibiro by'umwana wanjye.
"Nyabuneka, mfite igikomere gito kandi amaraso yarahagaze kuva hashize iminsi itatu. Ni imiti ki nafata?",kinyarwanda,ROUTINE,haemorrhage_trauma,kinyarwanda->kinyarwanda:ROUTINE:haemorrhage_trauma,Mfite igikomere gito kandi amaraso yarahagaze.,Mfite igikomere gito kandi amaraso yarahagaze.
"Mumbabarire, ndashaka kubabwira ikibazo mfite. Nyuma yo kubyara, mushiki wanjye afite umuriro kandi hari ibintu bisohoka bifite impumuro mbi kuva mu masaha abiri ashize kandi birushaho kuba bibi. Ntabasha kubona amafaranga yo kongera kuza kwa muganga.",kinyarwanda,CRITICAL,obstetric,kinyarwanda->kinyarwanda:CRITICAL:obstetric,"Nyuma yo kubyara, {REL} afite umuriro kandi hari ibintu bisohoka bifite impumuro mbi.",Nyuma yo kubyara mfite umuriro kandi hari ibintu bisohoka bifite impumuro mbi.
"Simbizi niba bikomeye ariko, umugore wanjye amaze umunsi wose ari mu bubabare bwo kubyara ariko umwana ntarasohoka kuva hashize iminsi ibiri bikarushaho nijoro. Ntabasha kubona amafaranga yo kongera kuza kwa muganga.",kinyarwanda,CRITICAL,obstetric,kinyarwanda->kinyarwanda:CRITICAL:obstetric,{REL} amaze umunsi wose ari mu bubabare bwo kubyara ariko umwana ntarasohoka.,Maze umunsi wose mbabara ngerageza kubyara ariko umwana ntarasohoka.
"Muraho, mama iminwa ye yahindutse ubururu kuva hashize iminsi ibiri kandi ndahangayitse. Ntabasha kubona amafaranga yo kongera kuza kwa muganga.",kinyarwanda,CRITICAL,cardiac_respiratory,kinyarwanda->kinyarwanda:CRITICAL:cardiac_respiratory,{REL} iminwa ye yahindutse ubururu.,Iminwa yanjye yahindutse ubururu.
"Ndakeneye ubufasha, umwana wanjye ahumeka bimugora cyane ku buryo adashobora no kuvuga neza kuva mu gitondo kandi birushaho kuba bibi. Ese ibi birakomeye?",kinyarwanda,CRITICAL,cardiac_respiratory,kinyarwanda->kinyarwanda:CRITICAL:cardiac_respiratory,{REL} ahumeka bimugora cyane ku buryo adashobora no kuvuga neza.,Guhumeka birangora cyane ku buryo ntabasha no kuvuga neza.
Mfite umwanda usa umukara kuva hashize icyumweru. Byatangiye gitunguranye. Mfasha muganga.,kinyarwanda,CRITICAL,gastrointestinal,kinyarwanda->kinyarwanda:CRITICAL:gastrointestinal,Mfite umwanda usa umukara.,Mfite umwanda usa umukara.
Papa afite igikomere ku mutwe nyuma yo kugwa kuva hashize iminsi itatu kandi sinshobora gusinzira. Ndakeneye ubufasha vuba.,kinyarwanda,CRITICAL,haemorrhage_trauma,kinyarwanda->kinyarwanda:CRITICAL:haemorrhage_trauma,{REL} afite igikomere ku mutwe nyuma yo kugwa.,mfite igikomere ku mutwe nyuma yo kugwa
"Muraho, umugabo wanjye afite impiswi zirimo amaraso kuva mu cyumweru gishize bikarushaho nijoro. Ese ibi birakomeye?",kinyarwanda,URGENT,gastrointestinal,kinyarwanda->kinyarwanda:URGENT:gastrointestinal,{REL} afite impiswi zirimo amaraso.,Mfite impiswi zirimo amaraso.
"Simbizi niba bikomeye ariko, ndatwite kandi mfite umuriro kuva hashize icyumweru nta miti imfasha. Ntegereze cyangwa nsuzumwe ubu?",kinyarwanda,URGENT,obstetric,kinyarwanda->kinyarwanda:URGENT:obstetric,Ndatwite kandi mfite umuriro.,Ndatwite kandi mfite umuriro.
"Nzanye umwana wanjye, mfite umuhaha. Byatangiye gitunguranye. Urakoze.",kinyarwanda,URGENT,paediatric,kinyarwanda->kinyarwanda:URGENT:paediatric,Mfite umuhaha.,Mfite umuhaha.
Ndashaka kukubwira ikibazo mfite. Amazi yamenetse ariko igihe cyo kubyara ntikiragera kuva hashize icyumweru kandi birushaho kuba bibi. Ni imiti ki nafata?,kinyarwanda,URGENT,obstetric,kinyarwanda->kinyarwanda:URGENT:obstetric,Amazi yamenetse ariko igihe cyo kubyara ntikiragera.,Amazi yamenetse ariko igihe cyo kubyara ntikiragera.
"Naje hano mbere, amazi yamenetse ariko igihe cyo kubyara ntikiragera kuva mu masaha abiri ashize bikarushaho nijoro. Murakoze.",kinyarwanda,URGENT,obstetric,kinyarwanda->kinyarwanda:URGENT:obstetric,Amazi yamenetse ariko igihe cyo kubyara ntikiragera.,Amazi yamenetse ariko igihe cyo kubyara ntikiragera.
"Mfasha, iyo maze kurya numva mu nda ntameze neza. Byatangiye gitunguranye. Ese ibi birakomeye?",kinyarwanda,ROUTINE,gastrointestinal,kinyarwanda->kinyarwanda:ROUTINE:gastrointestinal,iyo maze kurya numva mu nda ntameze neza,"Iyo {REL} amaze kurya, yumva inda itameze neza."
"Nzanye umwana wanjye, umugore wanjye arava amaraso menshi nyuma yo kubyara kuva mu masaha abiri ashize bikarushaho nijoro. Ndakeneye ubufasha vuba.",kinyarwanda,CRITICAL,obstetric,kinyarwanda->kinyarwanda:CRITICAL:obstetric,{REL} arava amaraso menshi nyuma yo kubyara.,ndava amaraso menshi nyuma yo kubyara
"Nyabuneka, mushiki wanjye afite ubushye bunini ku mubiri kuva hashize iminsi ibiri nta miti imfasha. Ese ibi birakomeye?",kinyarwanda,CRITICAL,haemorrhage_trauma,kinyarwanda->kinyarwanda:CRITICAL:haemorrhage_trauma,{REL} afite ubushye bunini ku mubiri.,Mfite ubushye bunini ku mubiri.
"Simbizi niba bikomeye ariko, papa afite impiswi zirimo amaraso kuva hashize icyumweru kandi birushaho kuba bibi. Ndakeneye ubufasha vuba.",kinyarwanda,URGENT,gastrointestinal,kinyarwanda->kinyarwanda:URGENT:gastrointestinal,{REL} afite impiswi zirimo amaraso.,Mfite impiswi zirimo amaraso.
"Naje hano mbere, umwana wanjye ashaka ko bapima SIDA kuva mu masaha abiri ashize. Mfasha muganga.",kinyarwanda,ROUTINE,preventive,kinyarwanda->kinyarwanda:ROUTINE:preventive,{REL} ashaka ko bapima SIDA.,Ndashaka ko bapima SIDA.
"Mfasha vuba, umuturanyi wanjye arababara cyane mu gituza kandi ububabare bukagera no ku kuboko kuva hashize iminsi ibiri. Byatangiye gitunguranye. Naje mvuye kure.",kinyarwanda,CRITICAL,cardiac_respiratory,kinyarwanda->kinyarwanda:CRITICAL:cardiac_respiratory,{REL} arababara cyane mu gituza kandi ububabare bukagera no ku kuboko.,mu gituza harandya cyane kandi ububabare bukagera no ku kuboko
"Nyabuneka, umwana wanjye afite igikomere cyanduye, kiratukura kandi kirimo amashyira kuva mu gitondo biragenda bikagaruka. Nkora iki?",kinyarwanda,URGENT,haemorrhage_trauma,kinyarwanda->kinyarwanda:URGENT:haemorrhage_trauma,"{REL} afite igikomere cyanduye, kiratukura kandi kirimo amashyira.","mfite igikomere cyanduye, kiratukura kandi kirimo amashyira"
"Ndakeneye ubufasha, mfite umuriro mwinshi kandi ndakorora cyane kuva mu cyumweru gishize biragenda bikagaruka. Urakoze.",kinyarwanda,URGENT,infectious_fever,kinyarwanda->kinyarwanda:URGENT:infectious_fever,mfite umuriro mwinshi kandi ndakorora cyane,mfite umuriro mwinshi kandi ndakorora cyane
"Muraho, ndabyara ariko habanje gusohoka umugozi w'umwana. Byatangiye gitunguranye.",kinyarwanda,CRITICAL,obstetric,kinyarwanda->kinyarwanda:CRITICAL:obstetric,Ndabyara ariko habanje gusohoka umugozi w'umwana.,Ndabyara ariko habanje gusohoka umugozi w'umwana.
"Nzanye umwana wanjye, ndava amaraso menshi nyuma yo kubyara kuva ejo kandi nta miti mfite. Nkora iki?",kinyarwanda,CRITICAL,obstetric,kinyarwanda->kinyarwanda:CRITICAL:obstetric,ndava amaraso menshi nyuma yo kubyara,ndava amaraso menshi nyuma yo kubyara
"Muganga, mfite igikomere gito kandi amaraso yarahagaze kuva mu cyumweru gishize. Abandi bana na bo bafite iki kibazo. Urakoze.",kinyarwanda,ROUTINE,haemorrhage_trauma,kinyarwanda->kinyarwanda:ROUTINE:haemorrhage_trauma,Mfite igikomere gito kandi amaraso yarahagaze.,Mfite igikomere gito kandi amaraso yarahagaze.
"Mfasha vuba, umwana wanjye araruka ibyo arya byose kandi ntashobora no kunywa kuva mu cyumweru gishize bikarushaho nijoro. Ntegereze cyangwa nsuzumwe ubu?",kinyarwanda,CRITICAL,gastrointestinal,kinyarwanda->kinyarwanda:CRITICAL:gastrointestinal,{REL} araruka ibyo arya byose kandi ntashobora no kunywa.,Ndaruka ibyo ndya byose kandi sinshobora no kunywa.
"Mfasha, mama afite igikomere ku mutwe nyuma yo kugwa. Byatangiye gitunguranye. Ese ibi birakomeye?",kinyarwanda,CRITICAL,haemorrhage_trauma,kinyarwanda->kinyarwanda:CRITICAL:haemorrhage_trauma,{REL} afite igikomere ku mutwe nyuma yo kugwa.,mfite igikomere ku mutwe nyuma yo kugwa
"Nyabuneka, ndashaka kongererwa imiti mfata kuva hashize iminsi ibiri. Mfasha muganga.",kinyarwanda,ROUTINE,chronic_care,kinyarwanda->kinyarwanda:ROUTINE:chronic_care,ndashaka kongererwa imiti mfata,ndashaka kongererwa imiti mfata
"Naje hano mbere, ndatwite kandi nagagaye kuva hashize iminsi itatu. Ndakeneye ubufasha vuba.",kinyarwanda,CRITICAL,obstetric,kinyarwanda->kinyarwanda:CRITICAL:obstetric,Ndatwite kandi nagagaye.,Ndatwite kandi nagagaye.
"Mfasha, umwana wanjye afite umuhaha kuva ijoro ryashize kandi birushaho kuba bibi. Ni imiti ki nafata?",kinyarwanda,URGENT,paediatric,kinyarwanda->kinyarwanda:URGENT:paediatric,{REL} afite umuhaha.,Mfite umuhaha.
"Ndakeneye ubufasha, umuturanyi wanjye yabyimbye ibirenge kandi ntashobora guhumeka neza iyo aragaramye kuva hashize iminsi itatu. Byatangiye gitunguranye. Naje mvuye kure.",kinyarwanda,URGENT,chronic_care,kinyarwanda->kinyarwanda:URGENT:chronic_care,{REL} yabyimbye ibirenge kandi ntashobora guhumeka neza iyo aragaramye.,Nabyimbye ibirenge kandi sinshobora guhumeka neza iyo ndagaramye.
"Nzanye umwana wanjye, umugabo wanjye afite impiswi zirimo amaraso kuva hashize iminsi itatu. Byatangiye gitunguranye. Naje mvuye kure.",kinyarwanda,URGENT,gastrointestinal,kinyarwanda->kinyarwanda:URGENT:gastrointestinal,{REL} afite impiswi zirimo amaraso.,Mfite impiswi zirimo amaraso.
"Nyabuneka, umugabo wanjye ashaka ko bapima ibiro by'umwana we kuva hashize iminsi itatu biragenda bikagaruka. Ntabasha kubona amafaranga yo kongera kuza kwa muganga.",kinyarwanda,ROUTINE,paediatric,kinyarwanda->kinyarwanda:ROUTINE:paediatric,{REL} ashaka ko bapima ibiro by'umwana we.,Ndashaka ko bapima ibiro by'umwana wanjye.
"Ndakeneye ubufasha, isukari yo mu maraso yanjye yazamutse cyane kuva mu gitondo kandi ndahangayitse. Naje mvuye kure.",kinyarwanda,URGENT,chronic_care,kinyarwanda->kinyarwanda:URGENT:chronic_care,isukari yo mu maraso yanjye yazamutse cyane,isukari yo mu maraso yanjye yazamutse cyane
"Simbizi niba bikomeye ariko, ndashaka imiti y'inzoka y'umwana wanjye kuva mu masaha abiri ashize. Naje mvuye kure.",kinyarwanda,ROUTINE,preventive,kinyarwanda->kinyarwanda:ROUTINE:preventive,Ndashaka imiti y'inzoka y'umwana wanjye.,Ndashaka imiti y'inzoka y'umwana wanjye.
Ndashaka kukubwira ikibazo mfite. Umukecuru amaze iminsi itatu arwaye impiswi zikomeye kuva ubu gitondo cya kare biragenda bikagaruka. Ntabasha kubona amafaranga yo kongera kuza kwa muganga.,kinyarwanda,URGENT,gastrointestinal,kinyarwanda->kinyarwanda:URGENT:gastrointestinal,{REL} amaze iminsi itatu arwaye impiswi zikomeye.,maze iminsi itatu ndwaye impiswi zikomeye
"Simbizi niba bikomeye ariko, iyo umwana wanjye amaze kurya, yumva inda itameze neza kuva hashize icyumweru. Abandi bana na bo bafite iki kibazo. Ntegereze cyangwa nsuzumwe ubu?",kinyarwanda,ROUTINE,gastrointestinal,kinyarwanda->kinyarwanda:ROUTINE:gastrointestinal,"Iyo {REL} amaze kurya, yumva inda itameze neza.","Iyo {REL} amaze kurya, yumva inda itameze neza."
"Muraho, iyo umwana wanjye amaze kurya, yumva inda itameze neza kuva mu cyumweru gishize biragenda bikagaruka. Ndakeneye ubufasha vuba.",kinyarwanda,ROUTINE,gastrointestinal,kinyarwanda->kinyarwanda:ROUTINE:gastrointestinal,"Iyo {REL} amaze kurya, yumva inda itameze neza.","Iyo {REL} amaze kurya, yumva inda itameze neza."
"Simbizi niba bikomeye ariko, mushiki wanjye ntashobora kuvuga neza kandi umunwa we waragoramye kuva hashize iminsi itatu. Byatangiye gitunguranye. Ese ibi birakomeye?",kinyarwanda,CRITICAL,neurological,kinyarwanda->kinyarwanda:CRITICAL:neurological,{REL} ntashobora kuvuga neza kandi umunwa we waragoramye.,{REL} ntashobora kuvuga neza kandi umunwa we waragoramye.
"Naje hano mbere, iyo maze kurya numva mu nda ntameze neza kuva mu cyumweru gishize. Abandi bana na bo bafite iki kibazo. Ntegereze cyangwa nsuzumwe ubu?",kinyarwanda,ROUTINE,gastrointestinal,kinyarwanda->kinyarwanda:ROUTINE:gastrointestinal,iyo maze kurya numva mu nda ntameze neza,"Iyo {REL} amaze kurya, yumva inda itameze neza."
"Muganga, isukari yo mu maraso yanjye yazamutse cyane kuva mu gitondo nta miti imfasha",kinyarwanda,URGENT,chronic_care,kinyarwanda->kinyarwanda:URGENT:chronic_care,isukari yo mu maraso yanjye yazamutse cyane,isukari yo mu maraso yanjye yazamutse cyane
Amazi yamenetse ariko igihe cyo kubyara ntikiragera kuva ejo nta miti imfasha. Urakoze.,kinyarwanda,URGENT,obstetric,kinyarwanda->kinyarwanda:URGENT:obstetric,Amazi yamenetse ariko igihe cyo kubyara ntikiragera.,Amazi yamenetse ariko igihe cyo kubyara ntikiragera.
"Mfasha, umugore wanjye araruka ibyo arya byose kandi ntashobora no kunywa kuva hashize iminsi ibiri. Byatangiye gitunguranye.",kinyarwanda,CRITICAL,gastrointestinal,kinyarwanda->kinyarwanda:CRITICAL:gastrointestinal,{REL} araruka ibyo arya byose kandi ntashobora no kunywa.,Ndaruka ibyo ndya byose kandi sinshobora no kunywa.
"Mfasha vuba, umugabo wanjye ashaka ko bapima SIDA kuva mu gitondo kandi ndahangayitse. Ni imiti ki nafata?",kinyarwanda,ROUTINE,preventive,kinyarwanda->kinyarwanda:ROUTINE:preventive,{REL} ashaka ko bapima SIDA.,Ndashaka ko bapima SIDA.
"Iyo mpumeka, numva igituza gifashe kandi mpumeka nkumva hari ijwi ridasanzwe kuva mu cyumweru gishize biragenda bikagaruka. Ni imiti ki nafata?",kinyarwanda,URGENT,cardiac_respiratory,kinyarwanda->kinyarwanda:URGENT:cardiac_respiratory,"Iyo mpumeka, numva igituza gifashe kandi mpumeka nkumva hari ijwi ridasanzwe.","Iyo mpumeka, numva igituza gifashe kandi mpumeka nkumva hari ijwi ridasanzwe."
Mfite impiswi zirimo amaraso biragenda bikagaruka. Ni imiti ki nafata?,kinyarwanda,URGENT,gastrointestinal,kinyarwanda->kinyarwanda:URGENT:gastrointestinal,Mfite impiswi zirimo amaraso.,Mfite impiswi zirimo amaraso.
"Simbizi niba bikomeye ariko, umukecuru afite ubushye bunini ku mubiri kuva mu masaha abiri ashize kandi birushaho kuba bibi. Ntegereze cyangwa nsuzumwe ubu?",kinyarwanda,CRITICAL,haemorrhage_trauma,kinyarwanda->kinyarwanda:CRITICAL:haemorrhage_trauma,{REL} afite ubushye bunini ku mubiri.,Mfite ubushye bunini ku mubiri.
"Muganga, mushiki wanjye ashaka inama ku biryo byo kugaburira umwana we kuva mu masaha abiri ashize kandi nta miti mfite",kinyarwanda,ROUTINE,preventive,kinyarwanda->kinyarwanda:ROUTINE:preventive,{REL} ashaka inama ku biryo byo kugaburira umwana we.,Ndashaka inama ku biryo byo kugaburira umwana wanjye.
"Mumbabarire, ndashaka kubabwira ikibazo mfite. Mfite impiswi zirimo amaraso kuva mu masaha abiri ashize bikarushaho nijoro",kinyarwanda,URGENT,gastrointestinal,kinyarwanda->kinyarwanda:URGENT:gastrointestinal,Mfite impiswi zirimo amaraso.,Mfite impiswi zirimo amaraso.
"Muraho, ndashaka kujya kwa muganga kwisuzumisha diyabete kuva mu cyumweru gishize biragenda bikagaruka. Ndakeneye ubufasha vuba.",kinyarwanda,ROUTINE,chronic_care,kinyarwanda->kinyarwanda:ROUTINE:chronic_care,Ndashaka kujya kwa muganga kwisuzumisha diyabete.,Ndashaka kujya kwa muganga kwisuzumisha SIDA.
"Naje hano mbere, umwana wanjye akorora gake ariko nta muriro afite kuva ubu gitondo cya kare kandi birushaho kuba bibi",kinyarwanda,ROUTINE,cardiac_respiratory,kinyarwanda->kinyarwanda:ROUTINE:cardiac_respiratory,{REL} akorora gake ariko nta muriro afite.,Nkorora gake ariko nta muriro mfite.
"Muraho, umwana wanjye afite umuriro mwinshi kandi yaragagaye kuva mu masaha abiri ashize. Abandi bana na bo bafite iki kibazo. Ese ibi birakomeye?",kinyarwanda,CRITICAL,infectious_fever,kinyarwanda->kinyarwanda:CRITICAL:infectious_fever,{REL} afite umuriro mwinshi kandi yaragagaye.,Mfite umuriro mwinshi kandi nagagaye.
Ndashaka kukubwira ikibazo mfite. Umwana wanjye amaze ibyumweru birenga bibiri arwaye impiswi kuva hashize iminsi itatu kandi nta miti mfite. Mfasha muganga.,kinyarwanda,URGENT,gastrointestinal,kinyarwanda->kinyarwanda:URGENT:gastrointestinal,{REL} amaze ibyumweru birenga bibiri arwaye impiswi.,Maze ibyumweru birenga bibiri ndwaye impiswi.
"Muraho, mfite impiswi zirimo amaraso kuva hashize iminsi itatu. Abandi bana na bo bafite iki kibazo.",kinyarwanda,URGENT,gastrointestinal,kinyarwanda->kinyarwanda:URGENT:gastrointestinal,Mfite impiswi zirimo amaraso.,Mfite impiswi zirimo amaraso.
"Ndakeneye ubufasha, papa amaze ibyumweru birenga bibiri akorora kandi yatangiye no kunanuka kuva mu cyumweru gishize. Byatangiye gitunguranye.",kinyarwanda,URGENT,cardiac_respiratory,kinyarwanda->kinyarwanda:URGENT:cardiac_respiratory,{REL} amaze ibyumweru birenga bibiri akorora kandi yatangiye no kunanuka.,Maze ibyumweru birenga bibiri nkorora kandi natangiye no kunanuka.
Mama aratwite kandi ashaka kwisuzumisha kwa muganga bwa mbere nta miti imfasha. Naje mvuye kure.,kinyarwanda,ROUTINE,preventive,kinyarwanda->kinyarwanda:ROUTINE:preventive,{REL} aratwite kandi ashaka kwisuzumisha kwa muganga bwa mbere.,Ndatwite kandi ndashaka kwisuzumisha kwa muganga bwa mbere.
"Mfasha, maze umunsi wose mbabara ngerageza kubyara ariko umwana ntarasohoka kuva ubu gitondo cya kare. Byatangiye gitunguranye. Naje mvuye kure.",kinyarwanda,CRITICAL,obstetric,kinyarwanda->kinyarwanda:CRITICAL:obstetric,Maze umunsi wose mbabara ngerageza kubyara ariko umwana ntarasohoka.,Maze umunsi wose mbabara ngerageza kubyara ariko umwana ntarasohoka.
"Mfasha, nta miti y'igituntu mfite kuva ejo kandi ndahangayitse. Naje mvuye kure.",kinyarwanda,URGENT,chronic_care,kinyarwanda->kinyarwanda:URGENT:chronic_care,Nta miti y'igituntu mfite.,Nta miti y'igituntu mfite.
Umwana wanjye arababara cyane mu gituza kandi ububabare bukagera no ku kuboko kuva hashize iminsi itatu. Byatangiye gitunguranye. Nkora iki?,kinyarwanda,CRITICAL,cardiac_respiratory,kinyarwanda->kinyarwanda:CRITICAL:cardiac_respiratory,{REL} arababara cyane mu gituza kandi ububabare bukagera no ku kuboko.,mu gituza harandya cyane kandi ububabare bukagera no ku kuboko
"Mfasha vuba, ndashaka kongererwa imiti mfata kuva hashize iminsi itatu. Byatangiye gitunguranye. Urakoze.",kinyarwanda,ROUTINE,chronic_care,kinyarwanda->kinyarwanda:ROUTINE:chronic_care,ndashaka kongererwa imiti mfata,ndashaka kongererwa imiti mfata
"Muraho, papa amaze ibyumweru birenga bibiri akorora kandi yatangiye no kunanuka kuva mu masaha abiri ashize biragenda bikagaruka. Ntegereze cyangwa nsuzumwe ubu?",kinyarwanda,URGENT,cardiac_respiratory,kinyarwanda->kinyarwanda:URGENT:cardiac_respiratory,{REL} amaze ibyumweru birenga bibiri akorora kandi yatangiye no kunanuka.,Maze ibyumweru birenga bibiri nkorora kandi natangiye no kunanuka.
"Ndakeneye ubufasha, ndashaka imiti y'inzoka y'umwana wanjye kuva hashize iminsi ibiri. Mfasha muganga.",kinyarwanda,ROUTINE,preventive,kinyarwanda->kinyarwanda:ROUTINE:preventive,Ndashaka imiti y'inzoka y'umwana wanjye.,Ndashaka imiti y'inzoka y'umwana wanjye.
"Nzanye umwana wanjye, umutima uratera cyane kandi nkumva umeze nk'aho uhagarara kuva ejo biragenda bikagaruka. Naje mvuye kure.",kinyarwanda,CRITICAL,cardiac_respiratory,kinyarwanda->kinyarwanda:CRITICAL:cardiac_respiratory,umutima uratera cyane kandi nkumva umeze nk'aho uhagarara,umutima uratera cyane kandi nkumva umeze nk'aho uhagarara
"Nzanye umwana wanjye, uruhande rumwe rw'umubiri we ntirukora kuva hashize iminsi ibiri kandi ndahangayitse. Mfasha muganga.",kinyarwanda,CRITICAL,neurological,kinyarwanda->kinyarwanda:CRITICAL:neurological,Uruhande rumwe rw'umubiri we ntirukora.,Uruhande rumwe rw'umubiri we ntirukora.
"Mfasha vuba, mama afite igikomere cyanduye, kiratukura kandi kirimo amashyira kuva mu cyumweru gishize kandi sinshobora gusinzira. Ese ibi birakomeye?",kinyarwanda,URGENT,haemorrhage_trauma,kinyarwanda->kinyarwanda:URGENT:haemorrhage_trauma,"{REL} afite igikomere cyanduye, kiratukura kandi kirimo amashyira.","mfite igikomere cyanduye, kiratukura kandi kirimo amashyira"
"Naje hano mbere, umutima uratera cyane kandi nkumva umeze nk'aho uhagarara nta miti imfasha",kinyarwanda,CRITICAL,cardiac_respiratory,kinyarwanda->kinyarwanda:CRITICAL:cardiac_respiratory,umutima uratera cyane kandi nkumva umeze nk'aho uhagarara,umutima uratera cyane kandi nkumva umeze nk'aho uhagarara
"Nyabuneka, ndaruka cyane kandi numva mfite intege nke kuva mu masaha abiri ashize nta miti imfasha. Ndakeneye ubufasha vuba.",kinyarwanda,URGENT,gastrointestinal,kinyarwanda->kinyarwanda:URGENT:gastrointestinal,ndaruka cyane kandi numva mfite intege nke,ndaruka cyane kandi numva mfite intege nke
"Simbizi niba bikomeye ariko, umwana wanjye afite igikomere gito kandi amaraso yarahagaze biragenda bikagaruka. Murakoze.",kinyarwanda,ROUTINE,haemorrhage_trauma,kinyarwanda->kinyarwanda:ROUTINE:haemorrhage_trauma,{REL} afite igikomere gito kandi amaraso yarahagaze.,Mfite igikomere gito kandi amaraso yarahagaze.
Mushiki wanjye ahumeka bimugora cyane kandi iminwa ye yahindutse ibara kuva ijoro ryashize. Abandi bana na bo bafite iki kibazo. Ni imiti ki nafata?,kinyarwanda,CRITICAL,cardiac_respiratory,kinyarwanda->kinyarwanda:CRITICAL:cardiac_respiratory,{REL} ahumeka bimugora cyane kandi iminwa ye yahindutse ibara.,guhumeka birangora cyane kandi iminwa yanjye yahindutse ibara
"Ndakeneye ubufasha, mushiki wanjye ahumeka bimugora cyane kandi iminwa ye yahindutse ibara kuva mu masaha abiri ashize. Byatangiye gitunguranye. Ntegereze cyangwa nsuzumwe ubu?",kinyarwanda,CRITICAL,cardiac_respiratory,kinyarwanda->kinyarwanda:CRITICAL:cardiac_respiratory,{REL} ahumeka bimugora cyane kandi iminwa ye yahindutse ibara.,guhumeka birangora cyane kandi iminwa yanjye yahindutse ibara
"Simbizi niba bikomeye ariko, nkorora gake ariko nta muriro mfite kuva mu cyumweru gishize bikarushaho nijoro. Urakoze.",kinyarwanda,ROUTINE,cardiac_respiratory,kinyarwanda->kinyarwanda:ROUTINE:cardiac_respiratory,Nkorora gake ariko nta muriro mfite.,Nkorora gake ariko nta muriro mfite.
"Ndakeneye ubufasha, umuturanyi wanjye yagagaye kandi arimo guhinda umushyitsi kuva hashize icyumweru biragenda bikagaruka. Ese ibi birakomeye?",kinyarwanda,CRITICAL,neurological,kinyarwanda->kinyarwanda:CRITICAL:neurological,{REL} yagagaye kandi arimo guhinda umushyitsi.,{REL} yagagaye kandi arimo guhinda umushyitsi.
Mama yataye ubwenge kandi ntasubiza kuva mu masaha abiri ashize kandi sinshobora gusinzira. Ntegereze cyangwa nsuzumwe ubu?,kinyarwanda,CRITICAL,neurological,kinyarwanda->kinyarwanda:CRITICAL:neurological,{REL} yataye ubwenge kandi ntasubiza.,{REL} yataye ubwenge kandi ntasubiza.
"Mfasha vuba, umwana wanjye afite ibimenyetso bya malariya, umuriro n'imbeho kuva hashize icyumweru kandi sinshobora gusinzira. Ni imiti ki nafata?",kinyarwanda,URGENT,infectious_fever,kinyarwanda->kinyarwanda:URGENT:infectious_fever,"{REL} afite ibimenyetso bya malariya, umuriro n'imbeho.","Mfite ibimenyetso bya malariya, umuriro n'imbeho."
"Muraho, nyuma yo kubyara, mama afite umuriro kandi hari ibintu bisohoka bifite impumuro mbi kuva ejo kandi ndahangayitse. Ese ibi birakomeye?",kinyarwanda,CRITICAL,obstetric,kinyarwanda->kinyarwanda:CRITICAL:obstetric,"Nyuma yo kubyara, {REL} afite umuriro kandi hari ibintu bisohoka bifite impumuro mbi.",Nyuma yo kubyara mfite umuriro kandi hari ibintu bisohoka bifite impumuro mbi.
"Nzanye umwana wanjye, mama aratwite kandi yaragagaye kuva mu cyumweru gishize kandi nta miti mfite. Naje mvuye kure.",kinyarwanda,CRITICAL,obstetric,kinyarwanda->kinyarwanda:CRITICAL:obstetric,{REL} aratwite kandi yaragagaye.,Ndatwite kandi nagagaye.
"Mfasha vuba, umugabo wanjye yataye ubwenge kandi ntasubiza kuva hashize iminsi itatu kandi birushaho kuba bibi. Naje mvuye kure.",kinyarwanda,CRITICAL,neurological,kinyarwanda->kinyarwanda:CRITICAL:neurological,{REL} yataye ubwenge kandi ntasubiza.,{REL} yataye ubwenge kandi ntasubiza.
"Mfasha vuba, mama aratwite kandi ashaka kwisuzumisha kwa muganga bwa mbere kuva hashize iminsi ibiri kandi ndahangayitse. Mfasha muganga.",kinyarwanda,ROUTINE,preventive,kinyarwanda->kinyarwanda:ROUTINE:preventive,{REL} aratwite kandi ashaka kwisuzumisha kwa muganga bwa mbere.,Ndatwite kandi ndashaka kwisuzumisha kwa muganga bwa mbere.
Umwana wanjye afite umuhaha kuva mu cyumweru gishize bikarushaho nijoro. Nkora iki?,kinyarwanda,URGENT,paediatric,kinyarwanda->kinyarwanda:URGENT:paediatric,{REL} afite umuhaha.,Mfite umuhaha.
"Mfasha, umuturanyi wanjye aratwite kandi ashaka kwisuzumisha kwa muganga bwa mbere kandi birushaho kuba bibi. Mfasha muganga.",kinyarwanda,ROUTINE,preventive,kinyarwanda->kinyarwanda:ROUTINE:preventive,{REL} aratwite kandi ashaka kwisuzumisha kwa muganga bwa mbere.,Ndatwite kandi ndashaka kwisuzumisha kwa muganga bwa mbere.
"Mfasha, iyo mpumeka, numva igituza gifashe kandi mpumeka nkumva hari ijwi ridasanzwe kuva mu masaha abiri ashize. Abandi bana na bo bafite iki kibazo. Mfasha muganga.",kinyarwanda,URGENT,cardiac_respiratory,kinyarwanda->kinyarwanda:URGENT:cardiac_respiratory,"Iyo mpumeka, numva igituza gifashe kandi mpumeka nkumva hari ijwi ridasanzwe.","Iyo mpumeka, numva igituza gifashe kandi mpumeka nkumva hari ijwi ridasanzwe."
"Mfasha, mfite igikomere gito kandi amaraso yarahagaze kuva mu gitondo kandi sinshobora gusinzira. Nkora iki?",kinyarwanda,ROUTINE,haemorrhage_trauma,kinyarwanda->kinyarwanda:ROUTINE:haemorrhage_trauma,Mfite igikomere gito kandi amaraso yarahagaze.,Mfite igikomere gito kandi amaraso yarahagaze.
"Muganga, papa yagagaye kandi arimo guhinda umushyitsi kuva ijoro ryashize nta miti imfasha. Nkora iki?",kinyarwanda,CRITICAL,neurological,kinyarwanda->kinyarwanda:CRITICAL:neurological,{REL} yagagaye kandi arimo guhinda umushyitsi.,{REL} yagagaye kandi arimo guhinda umushyitsi.
"Mfasha, mfite ubushye bunini ku mubiri kuva hashize iminsi itatu nta miti imfasha. Ntegereze cyangwa nsuzumwe ubu?",kinyarwanda,CRITICAL,haemorrhage_trauma,kinyarwanda->kinyarwanda:CRITICAL:haemorrhage_trauma,Mfite ubushye bunini ku mubiri.,Mfite ubushye bunini ku mubiri.
"Naje hano mbere, mushiki wanjye afite igikomere ku mutwe nyuma yo kugwa kuva ijoro ryashize kandi nta miti mfite. Ndakeneye ubufasha vuba.",kinyarwanda,CRITICAL,haemorrhage_trauma,kinyarwanda->kinyarwanda:CRITICAL:haemorrhage_trauma,{REL} afite igikomere ku mutwe nyuma yo kugwa.,mfite igikomere ku mutwe nyuma yo kugwa
"Mfasha vuba, ndatwite kandi ndashaka kujya kwa muganga kwisuzumisha kuva ubu gitondo cya kare kandi birushaho kuba bibi. Mfasha muganga.",kinyarwanda,ROUTINE,obstetric,kinyarwanda->kinyarwanda:ROUTINE:obstetric,Ndatwite kandi ndashaka kujya kwa muganga kwisuzumisha.,Ndatwite kandi ndashaka kujya kwa muganga kwisuzumisha.
"Nzanye umwana wanjye, umwana wanjye arumva igituza kimuremereye cyane kandi ububabare bukagera no ku rwasaya cyangwa ku kuboko kuva ijoro ryashize. Byatangiye gitunguranye.",kinyarwanda,CRITICAL,cardiac_respiratory,kinyarwanda->kinyarwanda:CRITICAL:cardiac_respiratory,{REL} arumva igituza kimuremereye cyane kandi ububabare bukagera no ku rwasaya cyangwa ku kuboko.,{REL} arumva igituza kimuremereye cyane kandi ububabare bukagera no ku rwasaya cyangwa ku kuboko.
"Muraho, ndaruka cyane kandi numva mfite intege nke kuva mu cyumweru gishize biragenda bikagaruka. Mfasha muganga.",kinyarwanda,URGENT,gastrointestinal,kinyarwanda->kinyarwanda:URGENT:gastrointestinal,ndaruka cyane kandi numva mfite intege nke,ndaruka cyane kandi numva mfite intege nke
Umugore wanjye ashaka ko bapima SIDA kuva mu gitondo kandi nta miti mfite. Nkora iki?,kinyarwanda,ROUTINE,preventive,kinyarwanda->kinyarwanda:ROUTINE:preventive,{REL} ashaka ko bapima SIDA.,Ndashaka ko bapima SIDA.
Papa nta miti ya SIDA afite kuva hashize iminsi itatu kandi birushaho kuba bibi. Ntegereze cyangwa nsuzumwe ubu?,kinyarwanda,URGENT,chronic_care,kinyarwanda->kinyarwanda:URGENT:chronic_care,{REL} nta miti ya SIDA afite.,Nta miti ya SIDA mfite.
"Nzanye umwana wanjye, mushiki wanjye yataye ubwenge kandi ntasubiza biragenda bikagaruka. Ni imiti ki nafata?",kinyarwanda,CRITICAL,neurological,kinyarwanda->kinyarwanda:CRITICAL:neurological,{REL} yataye ubwenge kandi ntasubiza.,{REL} yataye ubwenge kandi ntasubiza.
"Nzanye umwana wanjye, umwana wanjye akorora gake ariko nta muriro afite kuva mu cyumweru gishize kandi sinshobora gusinzira. Ndakeneye ubufasha vuba.",kinyarwanda,ROUTINE,cardiac_respiratory,kinyarwanda->kinyarwanda:ROUTINE:cardiac_respiratory,{REL} akorora gake ariko nta muriro afite.,Nkorora gake ariko nta muriro mfite.
"Muraho, umugabo wanjye ahumeka bimugora cyane ku buryo adashobora no kuvuga neza kuva mu gitondo kandi birushaho kuba bibi. Ese ibi birakomeye?",kinyarwanda,CRITICAL,cardiac_respiratory,kinyarwanda->kinyarwanda:CRITICAL:cardiac_respiratory,{REL} ahumeka bimugora cyane ku buryo adashobora no kuvuga neza.,Guhumeka birangora cyane ku buryo ntabasha no kuvuga neza.
Mfite igikomere ku mutwe nyuma yo kugwa kuva ejo kandi birushaho kuba bibi. Ntegereze cyangwa nsuzumwe ubu?,kinyarwanda,CRITICAL,haemorrhage_trauma,kinyarwanda->kinyarwanda:CRITICAL:haemorrhage_trauma,mfite igikomere ku mutwe nyuma yo kugwa,mfite igikomere ku mutwe nyuma yo kugwa
"Mumbabarire, ndashaka kubabwira ikibazo mfite. Umukecuru ahumeka bimugora cyane ku buryo adashobora no kuvuga neza kuva mu cyumweru gishize nta miti imfasha. Ntegereze cyangwa nsuzumwe ubu?",kinyarwanda,CRITICAL,cardiac_respiratory,kinyarwanda->kinyarwanda:CRITICAL:cardiac_respiratory,{REL} ahumeka bimugora cyane ku buryo adashobora no kuvuga neza.,Guhumeka birangora cyane ku buryo ntabasha no kuvuga neza.
"Mfasha, guhumeka birangora cyane ku buryo ntabasha no kuvuga neza kuva hashize iminsi ibiri bikarushaho nijoro. Ni imiti ki nafata?",kinyarwanda,CRITICAL,cardiac_respiratory,kinyarwanda->kinyarwanda:CRITICAL:cardiac_respiratory,Guhumeka birangora cyane ku buryo ntabasha no kuvuga neza.,Guhumeka birangora cyane ku buryo ntabasha no kuvuga neza.
"Muraho, isukari yo mu maraso yanjye yazamutse cyane kuva hashize icyumweru. Ntabasha kubona amafaranga yo kongera kuza kwa muganga.",kinyarwanda,URGENT,chronic_care,kinyarwanda->kinyarwanda:URGENT:chronic_care,isukari yo mu maraso yanjye yazamutse cyane,isukari yo mu maraso yanjye yazamutse cyane
"Ndakeneye ubufasha, umuturanyi wanjye ari kuva amaraso menshi kandi ntahagarara kuva mu cyumweru gishize biragenda bikagaruka. Ni imiti ki nafata?",kinyarwanda,CRITICAL,haemorrhage_trauma,kinyarwanda->kinyarwanda:CRITICAL:haemorrhage_trauma,{REL} ari kuva amaraso menshi kandi ntahagarara.,ndi kuva amaraso menshi kandi ntahagarara
"Naje hano mbere, ndava amaraso menshi nyuma yo kubyara kuva ijoro ryashize kandi birushaho kuba bibi. Ntegereze cyangwa nsuzumwe ubu?",kinyarwanda,CRITICAL,obstetric,kinyarwanda->kinyarwanda:CRITICAL:obstetric,ndava amaraso menshi nyuma yo kubyara,ndava amaraso menshi nyuma yo kubyara
"Mumbabarire, ndashaka kubabwira ikibazo mfite. Isukari yo mu maraso yanjye yazamutse cyane kuva mu gitondo biragenda bikagaruka",kinyarwanda,URGENT,chronic_care,kinyarwanda->kinyarwanda:URGENT:chronic_care,isukari yo mu maraso yanjye yazamutse cyane,isukari yo mu maraso yanjye yazamutse cyane
"Mumbabarire, ndashaka kubabwira ikibazo mfite. Mfite igikomere ku mutwe nyuma yo kugwa kuva mu masaha abiri ashize",kinyarwanda,CRITICAL,haemorrhage_trauma,kinyarwanda->kinyarwanda:CRITICAL:haemorrhage_trauma,mfite igikomere ku mutwe nyuma yo kugwa,mfite igikomere ku mutwe nyuma yo kugwa
"Nyabuneka, iyo umwana wanjye amaze kurya, yumva inda itameze neza kuva hashize iminsi itatu. Ntegereze cyangwa nsuzumwe ubu?",kinyarwanda,ROUTINE,gastrointestinal,kinyarwanda->kinyarwanda:ROUTINE:gastrointestinal,"Iyo {REL} amaze kurya, yumva inda itameze neza.","Iyo {REL} amaze kurya, yumva inda itameze neza."
"Muraho, umuturanyi wanjye arumva igituza kimuremereye cyane kandi ububabare bukagera no ku rwasaya cyangwa ku kuboko kuva hashize icyumweru kandi ndahangayitse. Ndakeneye ubufasha vuba.",kinyarwanda,CRITICAL,cardiac_respiratory,kinyarwanda->kinyarwanda:CRITICAL:cardiac_respiratory,{REL} arumva igituza kimuremereye cyane kandi ububabare bukagera no ku rwasaya cyangwa ku kuboko.,{REL} arumva igituza kimuremereye cyane kandi ububabare bukagera no ku rwasaya cyangwa ku kuboko.
Ndashaka kukubwira ikibazo mfite. Umugabo wanjye ashaka kugirwa inama ku mazi yo kunywa kuva ejo. Abandi bana na bo bafite iki kibazo. Urakoze.,kinyarwanda,ROUTINE,preventive,kinyarwanda->kinyarwanda:ROUTINE:preventive,{REL} ashaka kugirwa inama ku mazi yo kunywa.,Ndashaka kugirwa inama ku mazi yo kunywa.
"Mfasha, umukecuru arakomeza kuruka kandi ntashobora kurya kuva mu gitondo biragenda bikagaruka. Murakoze.",kinyarwanda,URGENT,gastrointestinal,kinyarwanda->kinyarwanda:URGENT:gastrointestinal,{REL} arakomeza kuruka kandi ntashobora kurya.,ndakomeza kuruka kandi sinshobora kurya
"Nyabuneka, ndabyara ariko habanje gusohoka umugozi w'umwana kuva mu gitondo kandi birushaho kuba bibi. Naje mvuye kure.",kinyarwanda,CRITICAL,obstetric,kinyarwanda->kinyarwanda:CRITICAL:obstetric,Ndabyara ariko habanje gusohoka umugozi w'umwana.,Ndabyara ariko habanje gusohoka umugozi w'umwana.
"Mfasha, ndava amaraso menshi nyuma yo kubyara kuva hashize iminsi ibiri kandi sinshobora gusinzira. Ndakeneye ubufasha vuba.",kinyarwanda,CRITICAL,obstetric,kinyarwanda->kinyarwanda:CRITICAL:obstetric,ndava amaraso menshi nyuma yo kubyara,ndava amaraso menshi nyuma yo kubyara
"Simbizi niba bikomeye ariko, umukecuru nta miti y'igituntu afite kuva ijoro ryashize. Ntegereze cyangwa nsuzumwe ubu?",kinyarwanda,URGENT,chronic_care,kinyarwanda->kinyarwanda:URGENT:chronic_care,{REL} nta miti y'igituntu afite.,Nta miti y'igituntu mfite.
"Nzanye umwana wanjye, nyuma yo kubyara mfite umuriro kandi hari ibintu bisohoka bifite impumuro mbi kuva mu gitondo kandi sinshobora gusinzira. Ese ibi birakomeye?",kinyarwanda,CRITICAL,obstetric,kinyarwanda->kinyarwanda:CRITICAL:obstetric,Nyuma yo kubyara mfite umuriro kandi hari ibintu bisohoka bifite impumuro mbi.,Nyuma yo kubyara mfite umuriro kandi hari ibintu bisohoka bifite impumuro mbi.
"Naje hano mbere, ndatwite kandi mfite umuriro kuva hashize icyumweru kandi birushaho kuba bibi. Mfasha muganga.",kinyarwanda,URGENT,obstetric,kinyarwanda->kinyarwanda:URGENT:obstetric,Ndatwite kandi mfite umuriro.,Ndatwite kandi mfite umuriro.
"Muraho, nyuma yo kubyara, umuturanyi wanjye afite umuriro kandi hari ibintu bisohoka bifite impumuro mbi kandi birushaho kuba bibi. Ese ibi birakomeye?",kinyarwanda,CRITICAL,obstetric,kinyarwanda->kinyarwanda:CRITICAL:obstetric,"Nyuma yo kubyara, {REL} afite umuriro kandi hari ibintu bisohoka bifite impumuro mbi.",Nyuma yo kubyara mfite umuriro kandi hari ibintu bisohoka bifite impumuro mbi.
"Muraho, umugore wanjye iminwa ye yahindutse ubururu kuva ijoro ryashize nta miti imfasha. Ese ibi birakomeye?",kinyarwanda,CRITICAL,cardiac_respiratory,kinyarwanda->kinyarwanda:CRITICAL:cardiac_respiratory,{REL} iminwa ye yahindutse ubururu.,Iminwa yanjye yahindutse ubururu.
"Simbizi niba bikomeye ariko, umwana wanjye afite igikomere gito kandi amaraso yarahagaze kandi sinshobora gusinzira. Urakoze.",kinyarwanda,ROUTINE,haemorrhage_trauma,kinyarwanda->kinyarwanda:ROUTINE:haemorrhage_trauma,{REL} afite igikomere gito kandi amaraso yarahagaze.,Mfite igikomere gito kandi amaraso yarahagaze.
Ndashaka kukubwira ikibazo mfite. Umukecuru yabyimbye ibirenge kandi ntashobora guhumeka neza iyo aragaramye kuva ejo kandi nta miti mfite. Murakoze.,kinyarwanda,URGENT,chronic_care,kinyarwanda->kinyarwanda:URGENT:chronic_care,{REL} yabyimbye ibirenge kandi ntashobora guhumeka neza iyo aragaramye.,Nabyimbye ibirenge kandi sinshobora guhumeka neza iyo ndagaramye.
"Mfasha vuba, maze umunsi wose mbabara ngerageza kubyara ariko umwana ntarasohoka kuva mu cyumweru gishize kandi nta miti mfite. Ntegereze cyangwa nsuzumwe ubu?",kinyarwanda,CRITICAL,obstetric,kinyarwanda->kinyarwanda:CRITICAL:obstetric,Maze umunsi wose mbabara ngerageza kubyara ariko umwana ntarasohoka.,Maze umunsi wose mbabara ngerageza kubyara ariko umwana ntarasohoka.
"Nzanye umwana wanjye, mushiki wanjye afite ububabare bukabije mu nda kuva mu cyumweru gishize kandi sinshobora gusinzira. Murakoze.",kinyarwanda,URGENT,gastrointestinal,kinyarwanda->kinyarwanda:URGENT:gastrointestinal,{REL} afite ububabare bukabije mu nda.,Mfite ububabare bukabije mu nda.
Umukecuru yataye ubwenge kandi ntasubiza kandi birushaho kuba bibi,kinyarwanda,CRITICAL,neurological,kinyarwanda->kinyarwanda:CRITICAL:neurological,{REL} yataye ubwenge kandi ntasubiza.,{REL} yataye ubwenge kandi ntasubiza.
Ndashaka kukubwira ikibazo mfite. Umugore wanjye nta miti ya SIDA afite. Abandi bana na bo bafite iki kibazo. Ntabasha kubona amafaranga yo kongera kuza kwa muganga.,kinyarwanda,URGENT,chronic_care,kinyarwanda->kinyarwanda:URGENT:chronic_care,{REL} nta miti ya SIDA afite.,Nta miti ya SIDA mfite.
"Naje hano mbere, mfite ubushye bunini ku mubiri kuva mu gitondo kandi sinshobora gusinzira. Naje mvuye kure.",kinyarwanda,CRITICAL,haemorrhage_trauma,kinyarwanda->kinyarwanda:CRITICAL:haemorrhage_trauma,Mfite ubushye bunini ku mubiri.,Mfite ubushye bunini ku mubiri.
Mfite impiswi zirimo amaraso kuva hashize iminsi ibiri nta miti imfasha. Ndakeneye ubufasha vuba.,kinyarwanda,URGENT,gastrointestinal,kinyarwanda->kinyarwanda:URGENT:gastrointestinal,Mfite impiswi zirimo amaraso.,Mfite impiswi zirimo amaraso.
"Ndatwite, umutwe urandya cyane kandi sinshobora kureba neza kuva mu cyumweru gishize kandi birushaho kuba bibi",kinyarwanda,CRITICAL,obstetric,kinyarwanda->kinyarwanda:CRITICAL:obstetric,"Ndatwite, umutwe urandya cyane kandi sinshobora kureba neza.","Ndatwite, umutwe urandya cyane kandi sinshobora kureba neza."
"Nzanye umwana wanjye, uruhande rumwe rw'umubiri we ntirukora kuva hashize icyumweru. Ndakeneye ubufasha vuba.",kinyarwanda,CRITICAL,neurological,kinyarwanda->kinyarwanda:CRITICAL:neurological,Uruhande rumwe rw'umubiri we ntirukora.,Uruhande rumwe rw'umubiri we ntirukora.
"Ndatwite, umutwe urandya cyane kandi sinshobora kureba neza kuva mu gitondo kandi ndahangayitse. Ndakeneye ubufasha vuba.",kinyarwanda,CRITICAL,obstetric,kinyarwanda->kinyarwanda:CRITICAL:obstetric,"Ndatwite, umutwe urandya cyane kandi sinshobora kureba neza.","Ndatwite, umutwe urandya cyane kandi sinshobora kureba neza."
Umugabo wanjye nta miti ya SIDA afite kuva ejo kandi birushaho kuba bibi. Murakoze.,kinyarwanda,URGENT,chronic_care,kinyarwanda->kinyarwanda:URGENT:chronic_care,{REL} nta miti ya SIDA afite.,Nta miti ya SIDA mfite.
"Mumbabarire, ndashaka kubabwira ikibazo mfite. Umuturanyi wanjye afite impiswi zikomeye kandi yagize umwuma kuva hashize icyumweru. Ndakeneye ubufasha vuba.",kinyarwanda,CRITICAL,gastrointestinal,kinyarwanda->kinyarwanda:CRITICAL:gastrointestinal,{REL} afite impiswi zikomeye kandi yagize umwuma.,{REL} afite impiswi zikomeye kandi yagize umwuma.
"Simbizi niba bikomeye ariko, mfite gahunda yo kwisuzumisha buri mwaka kuva hashize icyumweru. Abandi bana na bo bafite iki kibazo. Nkora iki?",kinyarwanda,ROUTINE,preventive,kinyarwanda->kinyarwanda:ROUTINE:preventive,Mfite gahunda yo kwisuzumisha buri mwaka.,Mfite gahunda yo kwisuzumisha buri mwaka.
"Ndakeneye ubufasha, umuturanyi wanjye aratwite kandi yaragagaye kuva ubu gitondo cya kare. Byatangiye gitunguranye. Ni imiti ki nafata?",kinyarwanda,CRITICAL,obstetric,kinyarwanda->kinyarwanda:CRITICAL:obstetric,{REL} aratwite kandi yaragagaye.,Ndatwite kandi nagagaye.
"Simbizi niba bikomeye ariko, mfite umuhaha kuva mu gitondo kandi nta miti mfite. Ni imiti ki nafata?",kinyarwanda,URGENT,paediatric,kinyarwanda->kinyarwanda:URGENT:paediatric,Mfite umuhaha.,Mfite umuhaha.
"Simbizi niba bikomeye ariko, umukecuru ahumeka bimugora cyane ku buryo adashobora no kuvuga neza kuva hashize iminsi itatu kandi ndahangayitse. Mfasha muganga.",kinyarwanda,CRITICAL,cardiac_respiratory,kinyarwanda->kinyarwanda:CRITICAL:cardiac_respiratory,{REL} ahumeka bimugora cyane ku buryo adashobora no kuvuga neza.,Guhumeka birangora cyane ku buryo ntabasha no kuvuga neza.
"Mfasha, umugabo wanjye ashaka imiti y'inzoka y'umwana we kuva mu masaha abiri ashize nta miti imfasha. Ndakeneye ubufasha vuba.",kinyarwanda,ROUTINE,preventive,kinyarwanda->kinyarwanda:ROUTINE:preventive,{REL} ashaka imiti y'inzoka y'umwana we.,Ndashaka imiti y'inzoka y'umwana wanjye.
"Nzanye umwana wanjye, umuturanyi wanjye aratwite kandi ashaka kwisuzumisha kwa muganga bwa mbere kuva ijoro ryashize kandi ndahangayitse. Ntabasha kubona amafaranga yo kongera kuza kwa muganga.",kinyarwanda,ROUTINE,preventive,kinyarwanda->kinyarwanda:ROUTINE:preventive,{REL} aratwite kandi ashaka kwisuzumisha kwa muganga bwa mbere.,Ndatwite kandi ndashaka kwisuzumisha kwa muganga bwa mbere.
"Ndakeneye ubufasha, umugore wanjye ahumeka bimugora cyane kandi iminwa ye yahindutse ibara kuva mu masaha abiri ashize kandi birushaho kuba bibi",kinyarwanda,CRITICAL,cardiac_respiratory,kinyarwanda->kinyarwanda:CRITICAL:cardiac_respiratory,{REL} ahumeka bimugora cyane kandi iminwa ye yahindutse ibara.,guhumeka birangora cyane kandi iminwa yanjye yahindutse ibara
"Nyabuneka, ndashaka imiti y'inzoka y'umwana wanjye kuva hashize iminsi itatu. Abandi bana na bo bafite iki kibazo. Ntabasha kubona amafaranga yo kongera kuza kwa muganga.",kinyarwanda,ROUTINE,preventive,kinyarwanda->kinyarwanda:ROUTINE:preventive,Ndashaka imiti y'inzoka y'umwana wanjye.,Ndashaka imiti y'inzoka y'umwana wanjye.
Ndashaka kukubwira ikibazo mfite. Mushiki wanjye ahumeka bimugora cyane ku buryo adashobora no kuvuga neza kuva hashize iminsi ibiri. Abandi bana na bo bafite iki kibazo. Naje mvuye kure.,kinyarwanda,CRITICAL,cardiac_respiratory,kinyarwanda->kinyarwanda:CRITICAL:cardiac_respiratory,{REL} ahumeka bimugora cyane ku buryo adashobora no kuvuga neza.,Guhumeka birangora cyane ku buryo ntabasha no kuvuga neza.
"Muganga, umwana wanjye afite igikomere gito kandi amaraso yarahagaze kuva mu masaha abiri ashize. Byatangiye gitunguranye. Urakoze.",kinyarwanda,ROUTINE,haemorrhage_trauma,kinyarwanda->kinyarwanda:ROUTINE:haemorrhage_trauma,{REL} afite igikomere gito kandi amaraso yarahagaze.,Mfite igikomere gito kandi amaraso yarahagaze.
Ndashaka kukubwira ikibazo mfite. Isukari yo mu maraso yanjye yazamutse cyane kuva hashize iminsi ibiri nta miti imfasha. Nkora iki?,kinyarwanda,URGENT,chronic_care,kinyarwanda->kinyarwanda:URGENT:chronic_care,isukari yo mu maraso yanjye yazamutse cyane,isukari yo mu maraso yanjye yazamutse cyane
"Ndakeneye ubufasha, mama amaze iminsi itatu arwaye impiswi zikomeye kuva ejo biragenda bikagaruka. Mfasha muganga.",kinyarwanda,URGENT,gastrointestinal,kinyarwanda->kinyarwanda:URGENT:gastrointestinal,{REL} amaze iminsi itatu arwaye impiswi zikomeye.,maze iminsi itatu ndwaye impiswi zikomeye
"Nzanye umwana wanjye, umwana wanjye afite igikomere cyanduye, kiratukura kandi kirimo amashyira kuva hashize icyumweru biragenda bikagaruka. Ntegereze cyangwa nsuzumwe ubu?",kinyarwanda,URGENT,haemorrhage_trauma,kinyarwanda->kinyarwanda:URGENT:haemorrhage_trauma,"{REL} afite igikomere cyanduye, kiratukura kandi kirimo amashyira.","mfite igikomere cyanduye, kiratukura kandi kirimo amashyira"
"Ndakeneye ubufasha, ndatwite kandi mfite umuriro bikarushaho nijoro. Urakoze.",kinyarwanda,URGENT,obstetric,kinyarwanda->kinyarwanda:URGENT:obstetric,Ndatwite kandi mfite umuriro.,Ndatwite kandi mfite umuriro.
Ndashaka kukubwira ikibazo mfite. Mushiki wanjye ahumeka bimugora cyane ku buryo adashobora no kuvuga neza kuva hashize iminsi itatu. Ndakeneye ubufasha vuba.,kinyarwanda,CRITICAL,cardiac_respiratory,kinyarwanda->kinyarwanda:CRITICAL:cardiac_respiratory,{REL} ahumeka bimugora cyane ku buryo adashobora no kuvuga neza.,Guhumeka birangora cyane ku buryo ntabasha no kuvuga neza.
"Mfasha, umugore wanjye amaze ibyumweru birenga bibiri akorora kandi yatangiye no kunanuka kuva mu gitondo kandi sinshobora gusinzira. Murakoze.",kinyarwanda,URGENT,cardiac_respiratory,kinyarwanda->kinyarwanda:URGENT:cardiac_respiratory,{REL} amaze ibyumweru birenga bibiri akorora kandi yatangiye no kunanuka.,Maze ibyumweru birenga bibiri nkorora kandi natangiye no kunanuka.
"Muraho, ndashaka kujya kwa muganga kwisuzumisha SIDA kuva hashize iminsi ibiri. Abandi bana na bo bafite iki kibazo. Nkora iki?",kinyarwanda,ROUTINE,chronic_care,kinyarwanda->kinyarwanda:ROUTINE:chronic_care,Ndashaka kujya kwa muganga kwisuzumisha SIDA.,Ndashaka kujya kwa muganga kwisuzumisha SIDA.
"Nyabuneka, mushiki wanjye araruka ibyo arya byose kandi ntashobora no kunywa kuva mu cyumweru gishize kandi nta miti mfite. Nkora iki?",kinyarwanda,CRITICAL,gastrointestinal,kinyarwanda->kinyarwanda:CRITICAL:gastrointestinal,{REL} araruka ibyo arya byose kandi ntashobora no kunywa.,Ndaruka ibyo ndya byose kandi sinshobora no kunywa.
"Muganga, umuturanyi wanjye amaze umunsi wose ari mu bubabare bwo kubyara ariko umwana ntarasohoka kuva ejo. Abandi bana na bo bafite iki kibazo. Ni imiti ki nafata?",kinyarwanda,CRITICAL,obstetric,kinyarwanda->kinyarwanda:CRITICAL:obstetric,{REL} amaze umunsi wose ari mu bubabare bwo kubyara ariko umwana ntarasohoka.,Maze umunsi wose mbabara ngerageza kubyara ariko umwana ntarasohoka.
"Mfasha, ndabyara ariko habanje gusohoka umugozi w'umwana kuva hashize iminsi itatu kandi sinshobora gusinzira. Ese ibi birakomeye?",kinyarwanda,CRITICAL,obstetric,kinyarwanda->kinyarwanda:CRITICAL:obstetric,Ndabyara ariko habanje gusohoka umugozi w'umwana.,Ndabyara ariko habanje gusohoka umugozi w'umwana.
"Muganga, amazuru arantemba gake kuva mu masaha abiri ashize. Byatangiye gitunguranye. Naje mvuye kure.",kinyarwanda,ROUTINE,infectious_fever,kinyarwanda->kinyarwanda:ROUTINE:infectious_fever,amazuru arantemba gake,amazuru arantemba gake
"Nyabuneka, mama arakomeza kuruka kandi ntashobora kurya kuva hashize iminsi itatu kandi sinshobora gusinzira. Nkora iki?",kinyarwanda,URGENT,gastrointestinal,kinyarwanda->kinyarwanda:URGENT:gastrointestinal,{REL} arakomeza kuruka kandi ntashobora kurya.,ndakomeza kuruka kandi sinshobora kurya
"Simbizi niba bikomeye ariko, umukecuru amaze ibyumweru birenga bibiri arwaye impiswi. Byatangiye gitunguranye. Ntabasha kubona amafaranga yo kongera kuza kwa muganga.",kinyarwanda,URGENT,gastrointestinal,kinyarwanda->kinyarwanda:URGENT:gastrointestinal,{REL} amaze ibyumweru birenga bibiri arwaye impiswi.,Maze ibyumweru birenga bibiri ndwaye impiswi.
"Mfasha vuba, iyo mpumeka, numva igituza gifashe kandi mpumeka nkumva hari ijwi ridasanzwe kuva hashize icyumweru. Byatangiye gitunguranye. Mfasha muganga.",kinyarwanda,URGENT,cardiac_respiratory,kinyarwanda->kinyarwanda:URGENT:cardiac_respiratory,"Iyo mpumeka, numva igituza gifashe kandi mpumeka nkumva hari ijwi ridasanzwe.","Iyo mpumeka, numva igituza gifashe kandi mpumeka nkumva hari ijwi ridasanzwe."
Ndashaka kukubwira ikibazo mfite. Umwana wanjye ahumeka bimugora cyane ku buryo adashobora no kuvuga neza kuva ejo kandi nta miti mfite. Nkora iki?,kinyarwanda,CRITICAL,cardiac_respiratory,kinyarwanda->kinyarwanda:CRITICAL:cardiac_respiratory,{REL} ahumeka bimugora cyane ku buryo adashobora no kuvuga neza.,Guhumeka birangora cyane ku buryo ntabasha no kuvuga neza.
"Muganga, umugore wanjye afite igikomere ku mutwe nyuma yo kugwa kuva ubu gitondo cya kare. Ndakeneye ubufasha vuba.",kinyarwanda,CRITICAL,haemorrhage_trauma,kinyarwanda->kinyarwanda:CRITICAL:haemorrhage_trauma,{REL} afite igikomere ku mutwe nyuma yo kugwa.,mfite igikomere ku mutwe nyuma yo kugwa
"Muganga, umukecuru ashaka ko bapima ibiro by'umwana we kuva ubu gitondo cya kare. Mfasha muganga.",kinyarwanda,ROUTINE,paediatric,kinyarwanda->kinyarwanda:ROUTINE:paediatric,{REL} ashaka ko bapima ibiro by'umwana we.,Ndashaka ko bapima ibiro by'umwana wanjye.
"Nzanye umwana wanjye, mushiki wanjye aratwite kandi ashaka kwisuzumisha kwa muganga bwa mbere kandi sinshobora gusinzira. Naje mvuye kure.",kinyarwanda,ROUTINE,preventive,kinyarwanda->kinyarwanda:ROUTINE:preventive,{REL} aratwite kandi ashaka kwisuzumisha kwa muganga bwa mbere.,Ndatwite kandi ndashaka kwisuzumisha kwa muganga bwa mbere.
"Mfasha, iyo umwana wanjye amaze kurya, yumva inda itameze neza kuva ubu gitondo cya kare kandi sinshobora gusinzira. Urakoze.",kinyarwanda,ROUTINE,gastrointestinal,kinyarwanda->kinyarwanda:ROUTINE:gastrointestinal,"Iyo {REL} amaze kurya, yumva inda itameze neza.","Iyo {REL} amaze kurya, yumva inda itameze neza."
"Mumbabarire, ndashaka kubabwira ikibazo mfite. Maze umunsi wose mbabara ngerageza kubyara ariko umwana ntarasohoka kuva ijoro ryashize kandi ndahangayitse. Mfasha muganga.",kinyarwanda,CRITICAL,obstetric,kinyarwanda->kinyarwanda:CRITICAL:obstetric,Maze umunsi wose mbabara ngerageza kubyara ariko umwana ntarasohoka.,Maze umunsi wose mbabara ngerageza kubyara ariko umwana ntarasohoka.
"Mfasha, mu rugo hari umuntu urwaye igituntu kandi ndashaka kwisuzumisha kuva mu masaha abiri ashize biragenda bikagaruka. Mfasha muganga.",kinyarwanda,URGENT,preventive,kinyarwanda->kinyarwanda:URGENT:preventive,Mu rugo hari umuntu urwaye igituntu kandi ndashaka kwisuzumisha.,Mu rugo hari umuntu urwaye igituntu kandi ndashaka kwisuzumisha.
"Nyabuneka, ndatwite kandi mfite umuriro kuva hashize iminsi itatu. Byatangiye gitunguranye. Naje mvuye kure.",kinyarwanda,URGENT,obstetric,kinyarwanda->kinyarwanda:URGENT:obstetric,Ndatwite kandi mfite umuriro.,Ndatwite kandi mfite umuriro.
"Nyabuneka, umwana wanjye yataye ubwenge kandi ntasubiza kandi birushaho kuba bibi. Ni imiti ki nafata?",kinyarwanda,CRITICAL,neurological,kinyarwanda->kinyarwanda:CRITICAL:neurological,{REL} yataye ubwenge kandi ntasubiza.,{REL} yataye ubwenge kandi ntasubiza.
"Ndakeneye ubufasha, amazi yamenetse ariko igihe cyo kubyara ntikiragera bikarushaho nijoro. Mfasha muganga.",kinyarwanda,URGENT,obstetric,kinyarwanda->kinyarwanda:URGENT:obstetric,Amazi yamenetse ariko igihe cyo kubyara ntikiragera.,Amazi yamenetse ariko igihe cyo kubyara ntikiragera.
"Muraho, umugore wanjye amaze umunsi wose ari mu bubabare bwo kubyara ariko umwana ntarasohoka kandi sinshobora gusinzira. Ntabasha kubona amafaranga yo kongera kuza kwa muganga.",kinyarwanda,CRITICAL,obstetric,kinyarwanda->kinyarwanda:CRITICAL:obstetric,{REL} amaze umunsi wose ari mu bubabare bwo kubyara ariko umwana ntarasohoka.,Maze umunsi wose mbabara ngerageza kubyara ariko umwana ntarasohoka.
"Simbizi niba bikomeye ariko, mama afite ububabare bukabije mu nda. Byatangiye gitunguranye. Naje mvuye kure.",kinyarwanda,URGENT,gastrointestinal,kinyarwanda->kinyarwanda:URGENT:gastrointestinal,{REL} afite ububabare bukabije mu nda.,Mfite ububabare bukabije mu nda.
"Mumbabarire, ndashaka kubabwira ikibazo mfite. Papa amaze iminsi itatu arwaye impiswi zikomeye kuva ejo. Abandi bana na bo bafite iki kibazo. Murakoze.",kinyarwanda,URGENT,gastrointestinal,kinyarwanda->kinyarwanda:URGENT:gastrointestinal,{REL} amaze iminsi itatu arwaye impiswi zikomeye.,maze iminsi itatu ndwaye impiswi zikomeye
"Nzanye umwana wanjye, umwana wanjye akorora gake ariko nta muriro afite kuva mu gitondo. Abandi bana na bo bafite iki kibazo. Murakoze.",kinyarwanda,ROUTINE,cardiac_respiratory,kinyarwanda->kinyarwanda:ROUTINE:cardiac_respiratory,{REL} akorora gake ariko nta muriro afite.,Nkorora gake ariko nta muriro mfite.
"Ndakeneye ubufasha, ndatwite, umutwe urandya cyane kandi sinshobora kureba neza kuva hashize iminsi itatu nta miti imfasha. Ni imiti ki nafata?",kinyarwanda,CRITICAL,obstetric,kinyarwanda->kinyarwanda:CRITICAL:obstetric,"Ndatwite, umutwe urandya cyane kandi sinshobora kureba neza.","Ndatwite, umutwe urandya cyane kandi sinshobora kureba neza."
"Mfasha vuba, umwana wanjye yagagaye kandi arimo guhinda umushyitsi kuva hashize icyumweru. Abandi bana na bo bafite iki kibazo. Mfasha muganga.",kinyarwanda,CRITICAL,neurological,kinyarwanda->kinyarwanda:CRITICAL:neurological,{REL} yagagaye kandi arimo guhinda umushyitsi.,{REL} yagagaye kandi arimo guhinda umushyitsi.
Umuturanyi wanjye afite ububabare bukabije mu nda kuva hashize iminsi ibiri kandi birushaho kuba bibi. Mfasha muganga.,kinyarwanda,URGENT,gastrointestinal,kinyarwanda->kinyarwanda:URGENT:gastrointestinal,{REL} afite ububabare bukabije mu nda.,Mfite ububabare bukabije mu nda.
Papa araruka amaraso kuva mu cyumweru gishize kandi birushaho kuba bibi. Ntabasha kubona amafaranga yo kongera kuza kwa muganga.,kinyarwanda,CRITICAL,gastrointestinal,kinyarwanda->kinyarwanda:CRITICAL:gastrointestinal,{REL} araruka amaraso.,Ndaruka amaraso.
"Mfasha vuba, papa afite ububabare bukabije mu nda kuva hashize iminsi ibiri. Byatangiye gitunguranye. Ni imiti ki nafata?",kinyarwanda,URGENT,gastrointestinal,kinyarwanda->kinyarwanda:URGENT:gastrointestinal,{REL} afite ububabare bukabije mu nda.,Mfite ububabare bukabije mu nda.
Ndashaka kukubwira ikibazo mfite. Umugore wanjye ashaka imiti y'inzoka y'umwana we kandi sinshobora gusinzira,kinyarwanda,ROUTINE,preventive,kinyarwanda->kinyarwanda:ROUTINE:preventive,{REL} ashaka imiti y'inzoka y'umwana we.,Ndashaka imiti y'inzoka y'umwana wanjye.
"Simbizi niba bikomeye ariko, ndashaka kongererwa imiti mfata kuva mu masaha abiri ashize biragenda bikagaruka. Ndakeneye ubufasha vuba.",kinyarwanda,ROUTINE,chronic_care,kinyarwanda->kinyarwanda:ROUTINE:chronic_care,ndashaka kongererwa imiti mfata,ndashaka kongererwa imiti mfata
"Nyabuneka, mfite impiswi zirimo amaraso kuva hashize icyumweru kandi ndahangayitse. Mfasha muganga.",kinyarwanda,URGENT,gastrointestinal,kinyarwanda->kinyarwanda:URGENT:gastrointestinal,Mfite impiswi zirimo amaraso.,Mfite impiswi zirimo amaraso.
"Mfasha, ndashaka kujya kwa muganga kwisuzumisha SIDA kuva ijoro ryashize. Abandi bana na bo bafite iki kibazo. Ni imiti ki nafata?",kinyarwanda,ROUTINE,chronic_care,kinyarwanda->kinyarwanda:ROUTINE:chronic_care,Ndashaka kujya kwa muganga kwisuzumisha SIDA.,Ndashaka kujya kwa muganga kwisuzumisha SIDA.
"Muganga, ndatwite, umutwe urandya cyane kandi sinshobora kureba neza kuva mu masaha abiri ashize biragenda bikagaruka. Ntabasha kubona amafaranga yo kongera kuza kwa muganga.",kinyarwanda,CRITICAL,obstetric,kinyarwanda->kinyarwanda:CRITICAL:obstetric,"Ndatwite, umutwe urandya cyane kandi sinshobora kureba neza.","Ndatwite, umutwe urandya cyane kandi sinshobora kureba neza."
"Ndakeneye ubufasha, ndashaka kujya kwa muganga kwisuzumisha SIDA kuva mu cyumweru gishize kandi nta miti mfite. Ntegereze cyangwa nsuzumwe ubu?",kinyarwanda,ROUTINE,chronic_care,kinyarwanda->kinyarwanda:ROUTINE:chronic_care,Ndashaka kujya kwa muganga kwisuzumisha SIDA.,Ndashaka kujya kwa muganga kwisuzumisha SIDA.
"Muraho, umukecuru ashaka inama ku biryo byo kugaburira umwana we kuva ijoro ryashize nta miti imfasha. Ni imiti ki nafata?",kinyarwanda,ROUTINE,preventive,kinyarwanda->kinyarwanda:ROUTINE:preventive,{REL} ashaka inama ku biryo byo kugaburira umwana we.,Ndashaka inama ku biryo byo kugaburira umwana wanjye.
"Naje hano mbere, mfite igikomere ku mutwe nyuma yo kugwa biragenda bikagaruka. Mfasha muganga.",kinyarwanda,CRITICAL,haemorrhage_trauma,kinyarwanda->kinyarwanda:CRITICAL:haemorrhage_trauma,mfite igikomere ku mutwe nyuma yo kugwa,mfite igikomere ku mutwe nyuma yo kugwa
"Nyabuneka, ndava amaraso menshi nyuma yo kubyara kuva mu masaha abiri ashize nta miti imfasha. Ese ibi birakomeye?",kinyarwanda,CRITICAL,obstetric,kinyarwanda->kinyarwanda:CRITICAL:obstetric,ndava amaraso menshi nyuma yo kubyara,ndava amaraso menshi nyuma yo kubyara
"Muganga, umuturanyi wanjye aratwite kandi yaragagaye kuva ubu gitondo cya kare. Nkora iki?",kinyarwanda,CRITICAL,obstetric,kinyarwanda->kinyarwanda:CRITICAL:obstetric,{REL} aratwite kandi yaragagaye.,Ndatwite kandi nagagaye.
"Muraho, ndashaka kujya kwa muganga kwisuzumisha SIDA kandi ndahangayitse. Urakoze.",kinyarwanda,ROUTINE,chronic_care,kinyarwanda->kinyarwanda:ROUTINE:chronic_care,Ndashaka kujya kwa muganga kwisuzumisha SIDA.,Ndashaka kujya kwa muganga kwisuzumisha SIDA.
"Nyabuneka, mama isukari yo mu maraso ye yazamutse cyane kuva mu gitondo nta miti imfasha. Ndakeneye ubufasha vuba.",kinyarwanda,URGENT,chronic_care,kinyarwanda->kinyarwanda:URGENT:chronic_care,{REL} isukari yo mu maraso ye yazamutse cyane.,isukari yo mu maraso yanjye yazamutse cyane
Mushiki wanjye ahumeka bimugora cyane ku buryo adashobora no kuvuga neza kuva hashize iminsi ibiri. Ese ibi birakomeye?,kinyarwanda,CRITICAL,cardiac_respiratory,kinyarwanda->kinyarwanda:CRITICAL:cardiac_respiratory,{REL} ahumeka bimugora cyane ku buryo adashobora no kuvuga neza.,Guhumeka birangora cyane ku buryo ntabasha no kuvuga neza.
"Ndakeneye ubufasha, umwana wanjye akorora gake ariko nta muriro afite kuva hashize icyumweru. Urakoze.",kinyarwanda,ROUTINE,cardiac_respiratory,kinyarwanda->kinyarwanda:ROUTINE:cardiac_respiratory,{REL} akorora gake ariko nta muriro afite.,Nkorora gake ariko nta muriro mfite.
"Simbizi niba bikomeye ariko, umukecuru ashaka imiti y'inzoka y'umwana we kuva hashize iminsi itatu bikarushaho nijoro. Urakoze.",kinyarwanda,ROUTINE,preventive,kinyarwanda->kinyarwanda:ROUTINE:preventive,{REL} ashaka imiti y'inzoka y'umwana we.,Ndashaka imiti y'inzoka y'umwana wanjye.
"Mumbabarire, ndashaka kubabwira ikibazo mfite. Umwana wanjye afite igikomere gito kandi amaraso yarahagaze kuva mu gitondo nta miti imfasha. Nkora iki?",kinyarwanda,ROUTINE,haemorrhage_trauma,kinyarwanda->kinyarwanda:ROUTINE:haemorrhage_trauma,{REL} afite igikomere gito kandi amaraso yarahagaze.,Mfite igikomere gito kandi amaraso yarahagaze.
"Ndakeneye ubufasha, umwana wanjye ntashobora kuvuga neza kandi umunwa we waragoramye kuva hashize iminsi itatu kandi sinshobora gusinzira. Ntabasha kubona amafaranga yo kongera kuza kwa muganga.",kinyarwanda,CRITICAL,neurological,kinyarwanda->kinyarwanda:CRITICAL:neurological,{REL} ntashobora kuvuga neza kandi umunwa we waragoramye.,{REL} ntashobora kuvuga neza kandi umunwa we waragoramye.
"Mfasha, mfite ubushye bunini ku mubiri kuva ijoro ryashize",kinyarwanda,CRITICAL,haemorrhage_trauma,kinyarwanda->kinyarwanda:CRITICAL:haemorrhage_trauma,Mfite ubushye bunini ku mubiri.,Mfite ubushye bunini ku mubiri.
"Mfasha vuba, amazuru arantemba gake kuva hashize iminsi ibiri nta miti imfasha. Naje mvuye kure.",kinyarwanda,ROUTINE,infectious_fever,kinyarwanda->kinyarwanda:ROUTINE:infectious_fever,amazuru arantemba gake,amazuru arantemba gake
Ndashaka kukubwira ikibazo mfite. Mfite igikomere ku mutwe nyuma yo kugwa kuva hashize iminsi itatu nta miti imfasha. Nkora iki?,kinyarwanda,CRITICAL,haemorrhage_trauma,kinyarwanda->kinyarwanda:CRITICAL:haemorrhage_trauma,mfite igikomere ku mutwe nyuma yo kugwa,mfite igikomere ku mutwe nyuma yo kugwa
"Muraho, maze umunsi wose mbabara ngerageza kubyara ariko umwana ntarasohoka kuva hashize icyumweru kandi nta miti mfite. Ntabasha kubona amafaranga yo kongera kuza kwa muganga.",kinyarwanda,CRITICAL,obstetric,kinyarwanda->kinyarwanda:CRITICAL:obstetric,Maze umunsi wose mbabara ngerageza kubyara ariko umwana ntarasohoka.,Maze umunsi wose mbabara ngerageza kubyara ariko umwana ntarasohoka.
"Mfasha, amazuru arantemba gake kuva mu cyumweru gishize. Byatangiye gitunguranye. Ntegereze cyangwa nsuzumwe ubu?",kinyarwanda,ROUTINE,infectious_fever,kinyarwanda->kinyarwanda:ROUTINE:infectious_fever,amazuru arantemba gake,amazuru arantemba gake
Ndashaka kukubwira ikibazo mfite. Mu rugo hari umuntu urwaye igituntu kandi ndashaka kwisuzumisha kandi ndahangayitse. Ese ibi birakomeye?,kinyarwanda,URGENT,preventive,kinyarwanda->kinyarwanda:URGENT:preventive,Mu rugo hari umuntu urwaye igituntu kandi ndashaka kwisuzumisha.,Mu rugo hari umuntu urwaye igituntu kandi ndashaka kwisuzumisha.
Ndashaka imiti y'inzoka y'umwana wanjye kuva ubu gitondo cya kare. Byatangiye gitunguranye. Naje mvuye kure.,kinyarwanda,ROUTINE,preventive,kinyarwanda->kinyarwanda:ROUTINE:preventive,Ndashaka imiti y'inzoka y'umwana wanjye.,Ndashaka imiti y'inzoka y'umwana wanjye.
"Ndakeneye ubufasha, umugabo wanjye amaze iminsi itatu arwaye impiswi zikomeye kandi ndahangayitse. Ntabasha kubona amafaranga yo kongera kuza kwa muganga.",kinyarwanda,URGENT,gastrointestinal,kinyarwanda->kinyarwanda:URGENT:gastrointestinal,{REL} amaze iminsi itatu arwaye impiswi zikomeye.,maze iminsi itatu ndwaye impiswi zikomeye
"Muganga, mfite umuriro mwinshi kandi ndakorora cyane kuva ejo kandi sinshobora gusinzira. Ni imiti ki nafata?",kinyarwanda,URGENT,infectious_fever,kinyarwanda->kinyarwanda:URGENT:infectious_fever,mfite umuriro mwinshi kandi ndakorora cyane,mfite umuriro mwinshi kandi ndakorora cyane
"Nzanye umwana wanjye, ndatwite, umutwe urandya cyane kandi sinshobora kureba neza kuva ubu gitondo cya kare kandi birushaho kuba bibi. Ni imiti ki nafata?",kinyarwanda,CRITICAL,obstetric,kinyarwanda->kinyarwanda:CRITICAL:obstetric,"Ndatwite, umutwe urandya cyane kandi sinshobora kureba neza.","Ndatwite, umutwe urandya cyane kandi sinshobora kureba neza."
"Muraho, umwana wanjye afite umuriro mwinshi kandi ntarya kuva mu gitondo kandi ndahangayitse",kinyarwanda,URGENT,paediatric,kinyarwanda->kinyarwanda:URGENT:paediatric,{REL} afite umuriro mwinshi kandi ntarya.,{REL} afite umuriro mwinshi kandi ntarya.
"Ndakeneye ubufasha, mfite umwanda usa umukara kuva mu masaha abiri ashize kandi nta miti mfite. Mfasha muganga.",kinyarwanda,CRITICAL,gastrointestinal,kinyarwanda->kinyarwanda:CRITICAL:gastrointestinal,Mfite umwanda usa umukara.,Mfite umwanda usa umukara.
"Ndakeneye ubufasha, nyuma yo kubyara mfite umuriro kandi hari ibintu bisohoka bifite impumuro mbi nta miti imfasha. Ntegereze cyangwa nsuzumwe ubu?",kinyarwanda,CRITICAL,obstetric,kinyarwanda->kinyarwanda:CRITICAL:obstetric,Nyuma yo kubyara mfite umuriro kandi hari ibintu bisohoka bifite impumuro mbi.,Nyuma yo kubyara mfite umuriro kandi hari ibintu bisohoka bifite impumuro mbi.
"Naje hano mbere, ndaruka cyane kandi numva mfite intege nke kuva ubu gitondo cya kare bikarushaho nijoro. Ese ibi birakomeye?",kinyarwanda,URGENT,gastrointestinal,kinyarwanda->kinyarwanda:URGENT:gastrointestinal,ndaruka cyane kandi numva mfite intege nke,ndaruka cyane kandi numva mfite intege nke
"Ndakeneye ubufasha, umugabo wanjye ashaka ko bapima SIDA kuva hashize icyumweru kandi birushaho kuba bibi. Urakoze.",kinyarwanda,ROUTINE,preventive,kinyarwanda->kinyarwanda:ROUTINE:preventive,{REL} ashaka ko bapima SIDA.,Ndashaka ko bapima SIDA.
"Ndakeneye ubufasha, nkorora gake ariko nta muriro mfite kuva hashize icyumweru nta miti imfasha. Nkora iki?",kinyarwanda,ROUTINE,cardiac_respiratory,kinyarwanda->kinyarwanda:ROUTINE:cardiac_respiratory,Nkorora gake ariko nta muriro mfite.,Nkorora gake ariko nta muriro mfite.
"Mfasha vuba, iyo mpumeka, numva igituza gifashe kandi mpumeka nkumva hari ijwi ridasanzwe kuva mu masaha abiri ashize bikarushaho nijoro. Ese ibi birakomeye?",kinyarwanda,URGENT,cardiac_respiratory,kinyarwanda->kinyarwanda:URGENT:cardiac_respiratory,"Iyo mpumeka, numva igituza gifashe kandi mpumeka nkumva hari ijwi ridasanzwe.","Iyo mpumeka, numva igituza gifashe kandi mpumeka nkumva hari ijwi ridasanzwe."
"Naje hano mbere, mama ari kuva amaraso menshi kandi ntahagarara kuva hashize icyumweru kandi nta miti mfite. Ntegereze cyangwa nsuzumwe ubu?",kinyarwanda,CRITICAL,haemorrhage_trauma,kinyarwanda->kinyarwanda:CRITICAL:haemorrhage_trauma,{REL} ari kuva amaraso menshi kandi ntahagarara.,ndi kuva amaraso menshi kandi ntahagarara
"Ndakeneye ubufasha, ndumva naniwe ariko si cyane kuva ijoro ryashize. Mfasha muganga.",kinyarwanda,ROUTINE,neurological,kinyarwanda->kinyarwanda:ROUTINE:neurological,ndumva naniwe ariko si cyane,ndumva naniwe ariko si cyane
"Nyabuneka, guhumeka birangora cyane ku buryo ntabasha no kuvuga neza kuva mu gitondo kandi sinshobora gusinzira. Ntabasha kubona amafaranga yo kongera kuza kwa muganga.",kinyarwanda,CRITICAL,cardiac_respiratory,kinyarwanda->kinyarwanda:CRITICAL:cardiac_respiratory,Guhumeka birangora cyane ku buryo ntabasha no kuvuga neza.,Guhumeka birangora cyane ku buryo ntabasha no kuvuga neza.
"Naje hano mbere, umuturanyi wanjye amaze ibyumweru birenga bibiri akorora kandi yatangiye no kunanuka kuva mu masaha abiri ashize. Ese ibi birakomeye?",kinyarwanda,URGENT,cardiac_respiratory,kinyarwanda->kinyarwanda:URGENT:cardiac_respiratory,{REL} amaze ibyumweru birenga bibiri akorora kandi yatangiye no kunanuka.,Maze ibyumweru birenga bibiri nkorora kandi natangiye no kunanuka.
"Ndakeneye ubufasha, mfite umwanda usa umukara kuva ubu gitondo cya kare kandi nta miti mfite. Ni imiti ki nafata?",kinyarwanda,CRITICAL,gastrointestinal,kinyarwanda->kinyarwanda:CRITICAL:gastrointestinal,Mfite umwanda usa umukara.,Mfite umwanda usa umukara.
"Simbizi niba bikomeye ariko, mfite ubushye bunini ku mubiri kuva mu masaha abiri ashize biragenda bikagaruka. Nkora iki?",kinyarwanda,CRITICAL,haemorrhage_trauma,kinyarwanda->kinyarwanda:CRITICAL:haemorrhage_trauma,Mfite ubushye bunini ku mubiri.,Mfite ubushye bunini ku mubiri.
"Nzanye umwana wanjye, papa afite impiswi zirimo amaraso kuva hashize iminsi itatu nta miti imfasha. Urakoze.",kinyarwanda,URGENT,gastrointestinal,kinyarwanda->kinyarwanda:URGENT:gastrointestinal,{REL} afite impiswi zirimo amaraso.,Mfite impiswi zirimo amaraso.
"Mfasha, mfite ubushye bunini ku mubiri kuva ijoro ryashize. Abandi bana na bo bafite iki kibazo.",kinyarwanda,CRITICAL,haemorrhage_trauma,kinyarwanda->kinyarwanda:CRITICAL:haemorrhage_trauma,Mfite ubushye bunini ku mubiri.,Mfite ubushye bunini ku mubiri.
"Muganga, mama aratwite kandi yaragagaye kuva hashize iminsi ibiri kandi nta miti mfite. Naje mvuye kure.",kinyarwanda,CRITICAL,obstetric,kinyarwanda->kinyarwanda:CRITICAL:obstetric,{REL} aratwite kandi yaragagaye.,Ndatwite kandi nagagaye.
"Muganga, umugabo wanjye afite ibimenyetso bya malariya, umuriro n'imbeho kuva mu cyumweru gishize kandi birushaho kuba bibi. Ndakeneye ubufasha vuba.",kinyarwanda,URGENT,infectious_fever,kinyarwanda->kinyarwanda:URGENT:infectious_fever,"{REL} afite ibimenyetso bya malariya, umuriro n'imbeho.","Mfite ibimenyetso bya malariya, umuriro n'imbeho."
Mama araruka ibyo arya byose kandi ntashobora no kunywa kandi nta miti mfite. Nkora iki?,kinyarwanda,CRITICAL,gastrointestinal,kinyarwanda->kinyarwanda:CRITICAL:gastrointestinal,{REL} araruka ibyo arya byose kandi ntashobora no kunywa.,Ndaruka ibyo ndya byose kandi sinshobora no kunywa.
Ndashaka kukubwira ikibazo mfite. Umuturanyi wanjye amaze iminsi itatu arwaye impiswi zikomeye kuva hashize icyumweru biragenda bikagaruka. Nkora iki?,kinyarwanda,URGENT,gastrointestinal,kinyarwanda->kinyarwanda:URGENT:gastrointestinal,{REL} amaze iminsi itatu arwaye impiswi zikomeye.,maze iminsi itatu ndwaye impiswi zikomeye
"Nyabuneka, umwana wanjye akorora gake ariko nta muriro afite kuva ijoro ryashize nta miti imfasha. Ndakeneye ubufasha vuba.",kinyarwanda,ROUTINE,cardiac_respiratory,kinyarwanda->kinyarwanda:ROUTINE:cardiac_respiratory,{REL} akorora gake ariko nta muriro afite.,Nkorora gake ariko nta muriro mfite.
"Nzanye umwana wanjye, ndatwite kandi mfite umuriro kuva ijoro ryashize bikarushaho nijoro. Ni imiti ki nafata?",kinyarwanda,URGENT,obstetric,kinyarwanda->kinyarwanda:URGENT:obstetric,Ndatwite kandi mfite umuriro.,Ndatwite kandi mfite umuriro.
"Mumbabarire, ndashaka kubabwira ikibazo mfite. Mushiki wanjye amaze iminsi itatu arwaye impiswi zikomeye kuva hashize iminsi itatu bikarushaho nijoro. Mfasha muganga.",kinyarwanda,URGENT,gastrointestinal,kinyarwanda->kinyarwanda:URGENT:gastrointestinal,{REL} amaze iminsi itatu arwaye impiswi zikomeye.,maze iminsi itatu ndwaye impiswi zikomeye
"Muganga, guhumeka birangora cyane ku buryo ntabasha no kuvuga neza kuva hashize iminsi ibiri",kinyarwanda,CRITICAL,cardiac_respiratory,kinyarwanda->kinyarwanda:CRITICAL:cardiac_respiratory,Guhumeka birangora cyane ku buryo ntabasha no kuvuga neza.,Guhumeka birangora cyane ku buryo ntabasha no kuvuga neza.
"Ndashaka kukubwira ikibazo mfite. Iyo umwana wanjye amaze kurya, yumva inda itameze neza kuva hashize iminsi itatu. Byatangiye gitunguranye. Ese ibi birakomeye?",kinyarwanda,ROUTINE,gastrointestinal,kinyarwanda->kinyarwanda:ROUTINE:gastrointestinal,"Iyo {REL} amaze kurya, yumva inda itameze neza.","Iyo {REL} amaze kurya, yumva inda itameze neza."
"Muganga, mfite umuhaha kuva hashize iminsi ibiri bikarushaho nijoro. Mfasha muganga.",kinyarwanda,URGENT,paediatric,kinyarwanda->kinyarwanda:URGENT:paediatric,Mfite umuhaha.,Mfite umuhaha.
"Simbizi niba bikomeye ariko, mfite igikomere ku mutwe nyuma yo kugwa kuva mu masaha abiri ashize nta miti imfasha. Nkora iki?",kinyarwanda,CRITICAL,haemorrhage_trauma,kinyarwanda->kinyarwanda:CRITICAL:haemorrhage_trauma,mfite igikomere ku mutwe nyuma yo kugwa,mfite igikomere ku mutwe nyuma yo kugwa
"Mfasha, mama afite impiswi zirimo amaraso kuva ubu gitondo cya kare kandi sinshobora gusinzira. Mfasha muganga.",kinyarwanda,URGENT,gastrointestinal,kinyarwanda->kinyarwanda:URGENT:gastrointestinal,{REL} afite impiswi zirimo amaraso.,Mfite impiswi zirimo amaraso.
"Mfasha, mushiki wanjye aratwite kandi ashaka kwisuzumisha kwa muganga bwa mbere kuva ubu gitondo cya kare biragenda bikagaruka. Mfasha muganga.",kinyarwanda,ROUTINE,preventive,kinyarwanda->kinyarwanda:ROUTINE:preventive,{REL} aratwite kandi ashaka kwisuzumisha kwa muganga bwa mbere.,Ndatwite kandi ndashaka kwisuzumisha kwa muganga bwa mbere.
"Mfasha vuba, mfite ubushye bunini ku mubiri kuva hashize iminsi ibiri kandi ndahangayitse. Ntabasha kubona amafaranga yo kongera kuza kwa muganga.",kinyarwanda,CRITICAL,haemorrhage_trauma,kinyarwanda->kinyarwanda:CRITICAL:haemorrhage_trauma,Mfite ubushye bunini ku mubiri.,Mfite ubushye bunini ku mubiri.
"Mumbabarire, ndashaka kubabwira ikibazo mfite. Mushiki wanjye afite igikomere cyanduye, kiratukura kandi kirimo amashyira kuva ubu gitondo cya kare biragenda bikagaruka. Naje mvuye kure.",kinyarwanda,URGENT,haemorrhage_trauma,kinyarwanda->kinyarwanda:URGENT:haemorrhage_trauma,"{REL} afite igikomere cyanduye, kiratukura kandi kirimo amashyira.","mfite igikomere cyanduye, kiratukura kandi kirimo amashyira"
Ndashaka kukubwira ikibazo mfite. Mfite impiswi zirimo amaraso kuva mu gitondo bikarushaho nijoro. Ese ibi birakomeye?,kinyarwanda,URGENT,gastrointestinal,kinyarwanda->kinyarwanda:URGENT:gastrointestinal,Mfite impiswi zirimo amaraso.,Mfite impiswi zirimo amaraso.
"Naje hano mbere, isukari yo mu maraso yanjye yazamutse cyane kuva mu gitondo nta miti imfasha. Nkora iki?",kinyarwanda,URGENT,chronic_care,kinyarwanda->kinyarwanda:URGENT:chronic_care,isukari yo mu maraso yanjye yazamutse cyane,isukari yo mu maraso yanjye yazamutse cyane
"Mfasha, mushiki wanjye ashaka inama ku biryo byo kugaburira umwana we kuva ejo kandi birushaho kuba bibi. Mfasha muganga.",kinyarwanda,ROUTINE,preventive,kinyarwanda->kinyarwanda:ROUTINE:preventive,{REL} ashaka inama ku biryo byo kugaburira umwana we.,Ndashaka inama ku biryo byo kugaburira umwana wanjye.
"Nyabuneka, umutima uratera cyane kandi nkumva umeze nk'aho uhagarara kuva mu gitondo kandi ndahangayitse. Naje mvuye kure.",kinyarwanda,CRITICAL,cardiac_respiratory,kinyarwanda->kinyarwanda:CRITICAL:cardiac_respiratory,umutima uratera cyane kandi nkumva umeze nk'aho uhagarara,umutima uratera cyane kandi nkumva umeze nk'aho uhagarara
"Simbizi niba bikomeye ariko, umugore wanjye araruka amaraso kuva ijoro ryashize kandi ndahangayitse. Nkora iki?",kinyarwanda,CRITICAL,gastrointestinal,kinyarwanda->kinyarwanda:CRITICAL:gastrointestinal,{REL} araruka amaraso.,Ndaruka amaraso.
Umuturanyi wanjye ahumeka bimugora cyane ku buryo adashobora no kuvuga neza kuva ubu gitondo cya kare kandi birushaho kuba bibi. Ni imiti ki nafata?,kinyarwanda,CRITICAL,cardiac_respiratory,kinyarwanda->kinyarwanda:CRITICAL:cardiac_respiratory,{REL} ahumeka bimugora cyane ku buryo adashobora no kuvuga neza.,Guhumeka birangora cyane ku buryo ntabasha no kuvuga neza.
"Ndashaka kukubwira ikibazo mfite. Umwana wanjye afite ibimenyetso bya malariya, umuriro n'imbeho kuva hashize icyumweru. Byatangiye gitunguranye. Urakoze.",kinyarwanda,URGENT,infectious_fever,kinyarwanda->kinyarwanda:URGENT:infectious_fever,"{REL} afite ibimenyetso bya malariya, umuriro n'imbeho.","Mfite ibimenyetso bya malariya, umuriro n'imbeho."
"Nyabuneka, ndashaka imiti y'inzoka y'umwana wanjye kuva mu cyumweru gishize nta miti imfasha. Nkora iki?",kinyarwanda,ROUTINE,preventive,kinyarwanda->kinyarwanda:ROUTINE:preventive,Ndashaka imiti y'inzoka y'umwana wanjye.,Ndashaka imiti y'inzoka y'umwana wanjye.
"Nzanye umwana wanjye, mama aratwite kandi afite umuriro kuva mu gitondo kandi sinshobora gusinzira",kinyarwanda,URGENT,obstetric,kinyarwanda->kinyarwanda:URGENT:obstetric,{REL} aratwite kandi afite umuriro.,Ndatwite kandi mfite umuriro.
"Ndakeneye ubufasha, umwana wanjye akorora gake ariko nta muriro afite kuva mu gitondo kandi sinshobora gusinzira. Urakoze.",kinyarwanda,ROUTINE,cardiac_respiratory,kinyarwanda->kinyarwanda:ROUTINE:cardiac_respiratory,{REL} akorora gake ariko nta muriro afite.,Nkorora gake ariko nta muriro mfite.
"Mumbabarire, ndashaka kubabwira ikibazo mfite. Umukecuru ahumeka bimugora cyane ku buryo adashobora no kuvuga neza kuva ijoro ryashize kandi sinshobora gusinzira. Ndakeneye ubufasha vuba.",kinyarwanda,CRITICAL,cardiac_respiratory,kinyarwanda->kinyarwanda:CRITICAL:cardiac_respiratory,{REL} ahumeka bimugora cyane ku buryo adashobora no kuvuga neza.,Guhumeka birangora cyane ku buryo ntabasha no kuvuga neza.
"Mumbabarire, ndashaka kubabwira ikibazo mfite. Ndumva naniwe ariko si cyane kuva hashize iminsi ibiri kandi sinshobora gusinzira. Ni imiti ki nafata?",kinyarwanda,ROUTINE,neurological,kinyarwanda->kinyarwanda:ROUTINE:neurological,ndumva naniwe ariko si cyane,ndumva naniwe ariko si cyane
"Nzanye umwana wanjye, mama ashaka ko bapima SIDA kuva ubu gitondo cya kare kandi ndahangayitse. Nkora iki?",kinyarwanda,ROUTINE,preventive,kinyarwanda->kinyarwanda:ROUTINE:preventive,{REL} ashaka ko bapima SIDA.,Ndashaka ko bapima SIDA.
Ndashaka kukubwira ikibazo mfite. Ndashaka imiti y'inzoka y'umwana wanjye kuva hashize iminsi itatu. Urakoze.,kinyarwanda,ROUTINE,preventive,kinyarwanda->kinyarwanda:ROUTINE:preventive,Ndashaka imiti y'inzoka y'umwana wanjye.,Ndashaka imiti y'inzoka y'umwana wanjye.
"Simbizi niba bikomeye ariko, mfite umuriro mwinshi kandi ndakorora cyane kuva ubu gitondo cya kare kandi sinshobora gusinzira. Naje mvuye kure.",kinyarwanda,URGENT,infectious_fever,kinyarwanda->kinyarwanda:URGENT:infectious_fever,mfite umuriro mwinshi kandi ndakorora cyane,mfite umuriro mwinshi kandi ndakorora cyane
"Mfasha vuba, mfite impiswi zirimo amaraso kuva hashize iminsi ibiri kandi nta miti mfite. Nkora iki?",kinyarwanda,URGENT,gastrointestinal,kinyarwanda->kinyarwanda:URGENT:gastrointestinal,Mfite impiswi zirimo amaraso.,Mfite impiswi zirimo amaraso.
"Muraho, umugore wanjye arava amaraso menshi nyuma yo kubyara kuva mu gitondo. Abandi bana na bo bafite iki kibazo. Ndakeneye ubufasha vuba.",kinyarwanda,CRITICAL,obstetric,kinyarwanda->kinyarwanda:CRITICAL:obstetric,{REL} arava amaraso menshi nyuma yo kubyara.,ndava amaraso menshi nyuma yo kubyara
Ndashaka kukubwira ikibazo mfite. Guhumeka birangora cyane ku buryo ntabasha no kuvuga neza kuva hashize iminsi ibiri nta miti imfasha. Ni imiti ki nafata?,kinyarwanda,CRITICAL,cardiac_respiratory,kinyarwanda->kinyarwanda:CRITICAL:cardiac_respiratory,Guhumeka birangora cyane ku buryo ntabasha no kuvuga neza.,Guhumeka birangora cyane ku buryo ntabasha no kuvuga neza.
"Simbizi niba bikomeye ariko, mu rugo hari umuntu urwaye igituntu kandi ndashaka kwisuzumisha kuva hashize icyumweru. Abandi bana na bo bafite iki kibazo. Ni imiti ki nafata?",kinyarwanda,URGENT,preventive,kinyarwanda->kinyarwanda:URGENT:preventive,Mu rugo hari umuntu urwaye igituntu kandi ndashaka kwisuzumisha.,Mu rugo hari umuntu urwaye igituntu kandi ndashaka kwisuzumisha.
"Nyabuneka, ndaruka cyane kandi numva mfite intege nke kuva mu masaha abiri ashize kandi nta miti mfite. Ntegereze cyangwa nsuzumwe ubu?",kinyarwanda,URGENT,gastrointestinal,kinyarwanda->kinyarwanda:URGENT:gastrointestinal,ndaruka cyane kandi numva mfite intege nke,ndaruka cyane kandi numva mfite intege nke
"Ndashaka kukubwira ikibazo mfite. Umwana wanjye afite umuriro woroheje umaze umunsi umwe, ariko nta kindi kibazo afite kuva hashize icyumweru. Byatangiye gitunguranye. Ni imiti ki nafata?",kinyarwanda,ROUTINE,infectious_fever,kinyarwanda->kinyarwanda:ROUTINE:infectious_fever,"{REL} afite umuriro woroheje umaze umunsi umwe, ariko nta kindi kibazo afite.","mfite umuriro woroheje umaze umunsi umwe, ariko nta kindi kibazo mfite"
"Muganga, mama afite ububabare bukabije mu nda kuva mu masaha abiri ashize. Abandi bana na bo bafite iki kibazo. Ni imiti ki nafata?",kinyarwanda,URGENT,gastrointestinal,kinyarwanda->kinyarwanda:URGENT:gastrointestinal,{REL} afite ububabare bukabije mu nda.,Mfite ububabare bukabije mu nda.
"Mfasha, mama amaze umunsi wose ari mu bubabare bwo kubyara ariko umwana ntarasohoka kuva mu cyumweru gishize kandi ndahangayitse. Nkora iki?",kinyarwanda,CRITICAL,obstetric,kinyarwanda->kinyarwanda:CRITICAL:obstetric,{REL} amaze umunsi wose ari mu bubabare bwo kubyara ariko umwana ntarasohoka.,Maze umunsi wose mbabara ngerageza kubyara ariko umwana ntarasohoka.
"Muraho, nta miti y'igituntu mfite kuva hashize iminsi ibiri. Nkora iki?",kinyarwanda,URGENT,chronic_care,kinyarwanda->kinyarwanda:URGENT:chronic_care,Nta miti y'igituntu mfite.,Nta miti y'igituntu mfite.
Guhumeka birangora cyane ku buryo ntabasha no kuvuga neza kuva mu gitondo. Byatangiye gitunguranye. Mfasha muganga.,kinyarwanda,CRITICAL,cardiac_respiratory,kinyarwanda->kinyarwanda:CRITICAL:cardiac_respiratory,Guhumeka birangora cyane ku buryo ntabasha no kuvuga neza.,Guhumeka birangora cyane ku buryo ntabasha no kuvuga neza.
"Mumbabarire, ndashaka kubabwira ikibazo mfite. Mfite umuriro mwinshi kandi ndakorora cyane kuva hashize iminsi itatu kandi nta miti mfite. Ni imiti ki nafata?",kinyarwanda,URGENT,infectious_fever,kinyarwanda->kinyarwanda:URGENT:infectious_fever,mfite umuriro mwinshi kandi ndakorora cyane,mfite umuriro mwinshi kandi ndakorora cyane
"Mfasha, mu rugo hari umuntu urwaye igituntu kandi ndashaka kwisuzumisha kuva mu cyumweru gishize. Byatangiye gitunguranye. Ndakeneye ubufasha vuba.",kinyarwanda,URGENT,preventive,kinyarwanda->kinyarwanda:URGENT:preventive,Mu rugo hari umuntu urwaye igituntu kandi ndashaka kwisuzumisha.,Mu rugo hari umuntu urwaye igituntu kandi ndashaka kwisuzumisha.
"Nyabuneka, mu gituza harandya cyane kandi ububabare bukagera no ku kuboko kuva ijoro ryashize. Byatangiye gitunguranye. Naje mvuye kure.",kinyarwanda,CRITICAL,cardiac_respiratory,kinyarwanda->kinyarwanda:CRITICAL:cardiac_respiratory,mu gituza harandya cyane kandi ububabare bukagera no ku kuboko,mu gituza harandya cyane kandi ububabare bukagera no ku kuboko
"Mfasha, umwana wanjye afite umuriro mwinshi kandi ntarya kuva mu cyumweru gishize. Byatangiye gitunguranye.",kinyarwanda,URGENT,paediatric,kinyarwanda->kinyarwanda:URGENT:paediatric,{REL} afite umuriro mwinshi kandi ntarya.,{REL} afite umuriro mwinshi kandi ntarya.
"Mumbabarire, ndashaka kubabwira ikibazo mfite. Umuturanyi wanjye arakomeza kuruka kandi ntashobora kurya kuva ubu gitondo cya kare kandi ndahangayitse. Ntabasha kubona amafaranga yo kongera kuza kwa muganga.",kinyarwanda,URGENT,gastrointestinal,kinyarwanda->kinyarwanda:URGENT:gastrointestinal,{REL} arakomeza kuruka kandi ntashobora kurya.,ndakomeza kuruka kandi sinshobora kurya
Ndashaka kukubwira ikibazo mfite. Ndashaka kujya kwa muganga kwisuzumisha diyabete. Ndakeneye ubufasha vuba.,kinyarwanda,ROUTINE,chronic_care,kinyarwanda->kinyarwanda:ROUTINE:chronic_care,Ndashaka kujya kwa muganga kwisuzumisha diyabete.,Ndashaka kujya kwa muganga kwisuzumisha SIDA.
"Simbizi niba bikomeye ariko, umwana wanjye afite ibimenyetso bya malariya, umuriro n'imbeho kuva hashize iminsi ibiri biragenda bikagaruka. Nkora iki?",kinyarwanda,URGENT,infectious_fever,kinyarwanda->kinyarwanda:URGENT:infectious_fever,"{REL} afite ibimenyetso bya malariya, umuriro n'imbeho.","Mfite ibimenyetso bya malariya, umuriro n'imbeho."
"Muraho, mfite umwanda usa umukara kuva ubu gitondo cya kare biragenda bikagaruka. Ni imiti ki nafata?",kinyarwanda,CRITICAL,gastrointestinal,kinyarwanda->kinyarwanda:CRITICAL:gastrointestinal,Mfite umwanda usa umukara.,Mfite umwanda usa umukara.
"Muganga, mfite igikomere gito kandi amaraso yarahagaze kuva mu masaha abiri ashize. Byatangiye gitunguranye. Ntegereze cyangwa nsuzumwe ubu?",kinyarwanda,ROUTINE,haemorrhage_trauma,kinyarwanda->kinyarwanda:ROUTINE:haemorrhage_trauma,Mfite igikomere gito kandi amaraso yarahagaze.,Mfite igikomere gito kandi amaraso yarahagaze.
"Mfasha vuba, mfite gahunda yo kwisuzumisha buri mwaka kuva mu cyumweru gishize kandi nta miti mfite. Ese ibi birakomeye?",kinyarwanda,ROUTINE,preventive,kinyarwanda->kinyarwanda:ROUTINE:preventive,Mfite gahunda yo kwisuzumisha buri mwaka.,Mfite gahunda yo kwisuzumisha buri mwaka.
"Naje hano mbere, amazi yamenetse ariko igihe cyo kubyara ntikiragera kuva mu cyumweru gishize kandi birushaho kuba bibi. Ndakeneye ubufasha vuba.",kinyarwanda,URGENT,obstetric,kinyarwanda->kinyarwanda:URGENT:obstetric,Amazi yamenetse ariko igihe cyo kubyara ntikiragera.,Amazi yamenetse ariko igihe cyo kubyara ntikiragera.
"Mumbabarire, ndashaka kubabwira ikibazo mfite. Umukecuru afite ubushye bunini ku mubiri kuva mu cyumweru gishize kandi ndahangayitse",kinyarwanda,CRITICAL,haemorrhage_trauma,kinyarwanda->kinyarwanda:CRITICAL:haemorrhage_trauma,{REL} afite ubushye bunini ku mubiri.,Mfite ubushye bunini ku mubiri.
"Muganga, ndatwite, umutwe urandya cyane kandi sinshobora kureba neza kuva ubu gitondo cya kare. Byatangiye gitunguranye. Mfasha muganga.",kinyarwanda,CRITICAL,obstetric,kinyarwanda->kinyarwanda:CRITICAL:obstetric,"Ndatwite, umutwe urandya cyane kandi sinshobora kureba neza.","Ndatwite, umutwe urandya cyane kandi sinshobora kureba neza."
"Mfasha, umwana wanjye afite ibimenyetso bya malariya, umuriro n'imbeho bikarushaho nijoro. Nkora iki?",kinyarwanda,URGENT,infectious_fever,kinyarwanda->kinyarwanda:URGENT:infectious_fever,"{REL} afite ibimenyetso bya malariya, umuriro n'imbeho.","Mfite ibimenyetso bya malariya, umuriro n'imbeho."
"Nzanye umwana wanjye, ndaruka cyane kandi numva mfite intege nke kuva hashize iminsi ibiri. Abandi bana na bo bafite iki kibazo. Naje mvuye kure.",kinyarwanda,URGENT,gastrointestinal,kinyarwanda->kinyarwanda:URGENT:gastrointestinal,ndaruka cyane kandi numva mfite intege nke,ndaruka cyane kandi numva mfite intege nke
"Mfasha vuba, mfite igikomere gito kandi amaraso yarahagaze kuva ubu gitondo cya kare nta miti imfasha. Naje mvuye kure.",kinyarwanda,ROUTINE,haemorrhage_trauma,kinyarwanda->kinyarwanda:ROUTINE:haemorrhage_trauma,Mfite igikomere gito kandi amaraso yarahagaze.,Mfite igikomere gito kandi amaraso yarahagaze.
"Mumbabarire, ndashaka kubabwira ikibazo mfite. Mama amaze ibyumweru birenga bibiri akorora kandi yatangiye no kunanuka kuva mu masaha abiri ashize nta miti imfasha. Ese ibi birakomeye?",kinyarwanda,URGENT,cardiac_respiratory,kinyarwanda->kinyarwanda:URGENT:cardiac_respiratory,{REL} amaze ibyumweru birenga bibiri akorora kandi yatangiye no kunanuka.,Maze ibyumweru birenga bibiri nkorora kandi natangiye no kunanuka.
"Iyo mpumeka, numva igituza gifashe kandi mpumeka nkumva hari ijwi ridasanzwe kuva mu cyumweru gishize bikarushaho nijoro. Naje mvuye kure.",kinyarwanda,URGENT,cardiac_respiratory,kinyarwanda->kinyarwanda:URGENT:cardiac_respiratory,"Iyo mpumeka, numva igituza gifashe kandi mpumeka nkumva hari ijwi ridasanzwe.","Iyo mpumeka, numva igituza gifashe kandi mpumeka nkumva hari ijwi ridasanzwe."
"Naje hano mbere, guhumeka birangora cyane ku buryo ntabasha no kuvuga neza kuva mu masaha abiri ashize. Byatangiye gitunguranye. Naje mvuye kure.",kinyarwanda,CRITICAL,cardiac_respiratory,kinyarwanda->kinyarwanda:CRITICAL:cardiac_respiratory,Guhumeka birangora cyane ku buryo ntabasha no kuvuga neza.,Guhumeka birangora cyane ku buryo ntabasha no kuvuga neza.
Umukecuru ahumeka bimugora cyane ku buryo adashobora no kuvuga neza nta miti imfasha,kinyarwanda,CRITICAL,cardiac_respiratory,kinyarwanda->kinyarwanda:CRITICAL:cardiac_respiratory,{REL} ahumeka bimugora cyane ku buryo adashobora no kuvuga neza.,Guhumeka birangora cyane ku buryo ntabasha no kuvuga neza.
"Naje hano mbere, umugabo wanjye arababara cyane mu gituza kandi ububabare bukagera no ku kuboko kuva ejo bikarushaho nijoro. Ese ibi birakomeye?",kinyarwanda,CRITICAL,cardiac_respiratory,kinyarwanda->kinyarwanda:CRITICAL:cardiac_respiratory,{REL} arababara cyane mu gituza kandi ububabare bukagera no ku kuboko.,mu gituza harandya cyane kandi ububabare bukagera no ku kuboko
"Naje hano mbere, umugabo wanjye afite impiswi zikomeye kandi yagize umwuma kuva hashize iminsi ibiri kandi birushaho kuba bibi. Ese ibi birakomeye?",kinyarwanda,CRITICAL,gastrointestinal,kinyarwanda->kinyarwanda:CRITICAL:gastrointestinal,{REL} afite impiswi zikomeye kandi yagize umwuma.,{REL} afite impiswi zikomeye kandi yagize umwuma.
"Muganga, umugore wanjye afite igikomere cyanduye, kiratukura kandi kirimo amashyira kuva mu masaha abiri ashize bikarushaho nijoro. Ntegereze cyangwa nsuzumwe ubu?",kinyarwanda,URGENT,haemorrhage_trauma,kinyarwanda->kinyarwanda:URGENT:haemorrhage_trauma,"{REL} afite igikomere cyanduye, kiratukura kandi kirimo amashyira.","mfite igikomere cyanduye, kiratukura kandi kirimo amashyira"
"Nyabuneka, nyuma yo kubyara, umugore wanjye afite umuriro kandi hari ibintu bisohoka bifite impumuro mbi kuva hashize icyumweru. Abandi bana na bo bafite iki kibazo. Mfasha muganga.",kinyarwanda,CRITICAL,obstetric,kinyarwanda->kinyarwanda:CRITICAL:obstetric,"Nyuma yo kubyara, {REL} afite umuriro kandi hari ibintu bisohoka bifite impumuro mbi.",Nyuma yo kubyara mfite umuriro kandi hari ibintu bisohoka bifite impumuro mbi.
"Mfasha, umuturanyi wanjye afite umuriro mwinshi kandi yaragagaye kuva hashize iminsi itatu biragenda bikagaruka. Nkora iki?",kinyarwanda,CRITICAL,infectious_fever,kinyarwanda->kinyarwanda:CRITICAL:infectious_fever,{REL} afite umuriro mwinshi kandi yaragagaye.,Mfite umuriro mwinshi kandi nagagaye.
Ndashaka kukubwira ikibazo mfite. Papa arababara cyane mu gituza kandi ububabare bukagera no ku kuboko kandi birushaho kuba bibi. Ni imiti ki nafata?,kinyarwanda,CRITICAL,cardiac_respiratory,kinyarwanda->kinyarwanda:CRITICAL:cardiac_respiratory,{REL} arababara cyane mu gituza kandi ububabare bukagera no ku kuboko.,mu gituza harandya cyane kandi ububabare bukagera no ku kuboko
"Mfasha, umuturanyi wanjye amaze iminsi itatu arwaye impiswi zikomeye kuva hashize iminsi ibiri. Ni imiti ki nafata?",kinyarwanda,URGENT,gastrointestinal,kinyarwanda->kinyarwanda:URGENT:gastrointestinal,{REL} amaze iminsi itatu arwaye impiswi zikomeye.,maze iminsi itatu ndwaye impiswi zikomeye
"Ndakeneye ubufasha, mfite umuriro mwinshi kandi ndakorora cyane kuva hashize icyumweru biragenda bikagaruka. Ntegereze cyangwa nsuzumwe ubu?",kinyarwanda,URGENT,infectious_fever,kinyarwanda->kinyarwanda:URGENT:infectious_fever,mfite umuriro mwinshi kandi ndakorora cyane,mfite umuriro mwinshi kandi ndakorora cyane
"Muraho, umuturanyi wanjye aratwite kandi afite umuriro kuva hashize icyumweru nta miti imfasha. Ndakeneye ubufasha vuba.",kinyarwanda,URGENT,obstetric,kinyarwanda->kinyarwanda:URGENT:obstetric,{REL} aratwite kandi afite umuriro.,Ndatwite kandi mfite umuriro.
"Nyabuneka, mama aratwite kandi yaragagaye kandi nta miti mfite. Ndakeneye ubufasha vuba.",kinyarwanda,CRITICAL,obstetric,kinyarwanda->kinyarwanda:CRITICAL:obstetric,{REL} aratwite kandi yaragagaye.,Ndatwite kandi nagagaye.
"Naje hano mbere, umuturanyi wanjye aratwite kandi afite umuriro kuva ijoro ryashize. Nkora iki?",kinyarwanda,URGENT,obstetric,kinyarwanda->kinyarwanda:URGENT:obstetric,{REL} aratwite kandi afite umuriro.,Ndatwite kandi mfite umuriro.
"Ndakeneye ubufasha, umugore wanjye arava amaraso menshi nyuma yo kubyara kuva hashize iminsi ibiri kandi sinshobora gusinzira. Ese ibi birakomeye?",kinyarwanda,CRITICAL,obstetric,kinyarwanda->kinyarwanda:CRITICAL:obstetric,{REL} arava amaraso menshi nyuma yo kubyara.,ndava amaraso menshi nyuma yo kubyara
"Nyabuneka, papa ari kuva amaraso menshi kandi ntahagarara kuva ijoro ryashize kandi sinshobora gusinzira. Nkora iki?",kinyarwanda,CRITICAL,haemorrhage_trauma,kinyarwanda->kinyarwanda:CRITICAL:haemorrhage_trauma,{REL} ari kuva amaraso menshi kandi ntahagarara.,ndi kuva amaraso menshi kandi ntahagarara
"Nzanye umwana wanjye, umuturanyi wanjye aratwite kandi afite umuriro kuva ijoro ryashize kandi birushaho kuba bibi. Naje mvuye kure.",kinyarwanda,URGENT,obstetric,kinyarwanda->kinyarwanda:URGENT:obstetric,{REL} aratwite kandi afite umuriro.,Ndatwite kandi mfite umuriro.
"Muraho, ndatwite, umutwe urandya cyane kandi sinshobora kureba neza kuva mu cyumweru gishize nta miti imfasha. Naje mvuye kure.",kinyarwanda,CRITICAL,obstetric,kinyarwanda->kinyarwanda:CRITICAL:obstetric,"Ndatwite, umutwe urandya cyane kandi sinshobora kureba neza.","Ndatwite, umutwe urandya cyane kandi sinshobora kureba neza."
"Mfasha vuba, nyuma yo kubyara, umuturanyi wanjye afite umuriro kandi hari ibintu bisohoka bifite impumuro mbi kuva mu masaha abiri ashize nta miti imfasha. Ni imiti ki nafata?",kinyarwanda,CRITICAL,obstetric,kinyarwanda->kinyarwanda:CRITICAL:obstetric,"Nyuma yo kubyara, {REL} afite umuriro kandi hari ibintu bisohoka bifite impumuro mbi.",Nyuma yo kubyara mfite umuriro kandi hari ibintu bisohoka bifite impumuro mbi.
"Mfasha, mama amaze umunsi wose ari mu bubabare bwo kubyara ariko umwana ntarasohoka kuva mu masaha abiri ashize. Byatangiye gitunguranye. Ndakeneye ubufasha vuba.",kinyarwanda,CRITICAL,obstetric,kinyarwanda->kinyarwanda:CRITICAL:obstetric,{REL} amaze umunsi wose ari mu bubabare bwo kubyara ariko umwana ntarasohoka.,Maze umunsi wose mbabara ngerageza kubyara ariko umwana ntarasohoka.
"Ndashaka kukubwira ikibazo mfite. Iyo mpumeka, numva igituza gifashe kandi mpumeka nkumva hari ijwi ridasanzwe kuva mu masaha abiri ashize kandi nta miti mfite. Mfasha muganga.",kinyarwanda,URGENT,cardiac_respiratory,kinyarwanda->kinyarwanda:URGENT:cardiac_respiratory,"Iyo mpumeka, numva igituza gifashe kandi mpumeka nkumva hari ijwi ridasanzwe.","Iyo mpumeka, numva igituza gifashe kandi mpumeka nkumva hari ijwi ridasanzwe."
"Muraho, maze umunsi wose mbabara ngerageza kubyara ariko umwana ntarasohoka kandi nta miti mfite",kinyarwanda,CRITICAL,obstetric,kinyarwanda->kinyarwanda:CRITICAL:obstetric,Maze umunsi wose mbabara ngerageza kubyara ariko umwana ntarasohoka.,Maze umunsi wose mbabara ngerageza kubyara ariko umwana ntarasohoka.
"Nyabuneka, mfite igikomere ku mutwe nyuma yo kugwa kuva ejo kandi birushaho kuba bibi. Ntegereze cyangwa nsuzumwe ubu?",kinyarwanda,CRITICAL,haemorrhage_trauma,kinyarwanda->kinyarwanda:CRITICAL:haemorrhage_trauma,mfite igikomere ku mutwe nyuma yo kugwa,mfite igikomere ku mutwe nyuma yo kugwa
"Nyabuneka, ndaruka amaraso kuva hashize icyumweru. Byatangiye gitunguranye. Ntegereze cyangwa nsuzumwe ubu?",kinyarwanda,CRITICAL,gastrointestinal,kinyarwanda->kinyarwanda:CRITICAL:gastrointestinal,Ndaruka amaraso.,Ndaruka amaraso.
"Naje hano mbere, umwana wanjye iminwa ye yahindutse ubururu. Byatangiye gitunguranye. Ntegereze cyangwa nsuzumwe ubu?",kinyarwanda,CRITICAL,cardiac_respiratory,kinyarwanda->kinyarwanda:CRITICAL:cardiac_respiratory,{REL} iminwa ye yahindutse ubururu.,Iminwa yanjye yahindutse ubururu.
"Mfasha, ndatwite kandi mfite umuriro kuva ubu gitondo cya kare nta miti imfasha. Mfasha muganga.",kinyarwanda,URGENT,obstetric,kinyarwanda->kinyarwanda:URGENT:obstetric,Ndatwite kandi mfite umuriro.,Ndatwite kandi mfite umuriro.
"Muganga, umugore wanjye yagagaye kandi arimo guhinda umushyitsi kuva ejo biragenda bikagaruka",kinyarwanda,CRITICAL,neurological,kinyarwanda->kinyarwanda:CRITICAL:neurological,{REL} yagagaye kandi arimo guhinda umushyitsi.,{REL} yagagaye kandi arimo guhinda umushyitsi.
"Ndakeneye ubufasha, umugore wanjye aratwite kandi afite umuriro kuva mu gitondo nta miti imfasha. Ni imiti ki nafata?",kinyarwanda,URGENT,obstetric,kinyarwanda->kinyarwanda:URGENT:obstetric,{REL} aratwite kandi afite umuriro.,Ndatwite kandi mfite umuriro.
"Ndakeneye ubufasha, umuturanyi wanjye yataye ubwenge kandi ntasubiza kuva ubu gitondo cya kare nta miti imfasha. Ni imiti ki nafata?",kinyarwanda,CRITICAL,neurological,kinyarwanda->kinyarwanda:CRITICAL:neurological,{REL} yataye ubwenge kandi ntasubiza.,{REL} yataye ubwenge kandi ntasubiza.
Ndashaka kukubwira ikibazo mfite. Ndashaka kujya kwa muganga kwisuzumisha SIDA kandi ndahangayitse,kinyarwanda,ROUTINE,chronic_care,kinyarwanda->kinyarwanda:ROUTINE:chronic_care,Ndashaka kujya kwa muganga kwisuzumisha SIDA.,Ndashaka kujya kwa muganga kwisuzumisha SIDA.
"Ndakeneye ubufasha, papa ashaka ko bapima ibiro by'umwana we kuva mu masaha abiri ashize. Ntabasha kubona amafaranga yo kongera kuza kwa muganga.",kinyarwanda,ROUTINE,paediatric,kinyarwanda->kinyarwanda:ROUTINE:paediatric,{REL} ashaka ko bapima ibiro by'umwana we.,Ndashaka ko bapima ibiro by'umwana wanjye.
"Naje hano mbere, ndaruka cyane kandi numva mfite intege nke kuva ubu gitondo cya kare bikarushaho nijoro",kinyarwanda,URGENT,gastrointestinal,kinyarwanda->kinyarwanda:URGENT:gastrointestinal,ndaruka cyane kandi numva mfite intege nke,ndaruka cyane kandi numva mfite intege nke
"Muganga, ndatwite kandi ndashaka kujya kwa muganga kwisuzumisha kuva hashize icyumweru. Byatangiye gitunguranye. Nkora iki?",kinyarwanda,ROUTINE,obstetric,kinyarwanda->kinyarwanda:ROUTINE:obstetric,Ndatwite kandi ndashaka kujya kwa muganga kwisuzumisha.,Ndatwite kandi ndashaka kujya kwa muganga kwisuzumisha.
"Naje hano mbere, mfite igikomere ku mutwe nyuma yo kugwa bikarushaho nijoro. Mfasha muganga.",kinyarwanda,CRITICAL,haemorrhage_trauma,kinyarwanda->kinyarwanda:CRITICAL:haemorrhage_trauma,mfite igikomere ku mutwe nyuma yo kugwa,mfite igikomere ku mutwe nyuma yo kugwa
"Mumbabarire, ndashaka kubabwira ikibazo mfite. Mama arava amaraso menshi nyuma yo kubyara kuva hashize iminsi ibiri. Byatangiye gitunguranye. Ndakeneye ubufasha vuba.",kinyarwanda,CRITICAL,obstetric,kinyarwanda->kinyarwanda:CRITICAL:obstetric,{REL} arava amaraso menshi nyuma yo kubyara.,ndava amaraso menshi nyuma yo kubyara
Ndashaka kukubwira ikibazo mfite. Mama ashaka kugirwa inama ku mazi yo kunywa bikarushaho nijoro. Nkora iki?,kinyarwanda,ROUTINE,preventive,kinyarwanda->kinyarwanda:ROUTINE:preventive,{REL} ashaka kugirwa inama ku mazi yo kunywa.,Ndashaka kugirwa inama ku mazi yo kunywa.
"Muganga, umugore wanjye afite ububabare bukabije mu nda kuva ubu gitondo cya kare bikarushaho nijoro. Urakoze.",kinyarwanda,URGENT,gastrointestinal,kinyarwanda->kinyarwanda:URGENT:gastrointestinal,{REL} afite ububabare bukabije mu nda.,Mfite ububabare bukabije mu nda.
"Nyabuneka, umuturanyi wanjye amaze umunsi wose ari mu bubabare bwo kubyara ariko umwana ntarasohoka kuva hashize iminsi itatu kandi birushaho kuba bibi. Mfasha muganga.",kinyarwanda,CRITICAL,obstetric,kinyarwanda->kinyarwanda:CRITICAL:obstetric,{REL} amaze umunsi wose ari mu bubabare bwo kubyara ariko umwana ntarasohoka.,Maze umunsi wose mbabara ngerageza kubyara ariko umwana ntarasohoka.
Ndashaka kukubwira ikibazo mfite. Papa ashaka kugirwa inama ku mazi yo kunywa kuva mu masaha abiri ashize kandi birushaho kuba bibi. Ntegereze cyangwa nsuzumwe ubu?,kinyarwanda,ROUTINE,preventive,kinyarwanda->kinyarwanda:ROUTINE:preventive,{REL} ashaka kugirwa inama ku mazi yo kunywa.,Ndashaka kugirwa inama ku mazi yo kunywa.
"Muganga, ndashaka kongererwa imiti mfata kuva hashize iminsi itatu kandi ndahangayitse. Naje mvuye kure.",kinyarwanda,ROUTINE,chronic_care,kinyarwanda->kinyarwanda:ROUTINE:chronic_care,ndashaka kongererwa imiti mfata,ndashaka kongererwa imiti mfata
"Nzanye umwana wanjye, mfite igikomere ku mutwe nyuma yo kugwa kandi sinshobora gusinzira. Naje mvuye kure.",kinyarwanda,CRITICAL,haemorrhage_trauma,kinyarwanda->kinyarwanda:CRITICAL:haemorrhage_trauma,mfite igikomere ku mutwe nyuma yo kugwa,mfite igikomere ku mutwe nyuma yo kugwa
"Muganga, umugore wanjye araruka ibyo arya byose kandi ntashobora no kunywa kuva hashize iminsi ibiri kandi nta miti mfite",kinyarwanda,CRITICAL,gastrointestinal,kinyarwanda->kinyarwanda:CRITICAL:gastrointestinal,{REL} araruka ibyo arya byose kandi ntashobora no kunywa.,Ndaruka ibyo ndya byose kandi sinshobora no kunywa.
"Muraho, ndatwite kandi nagagaye kuva hashize icyumweru kandi ndahangayitse",kinyarwanda,CRITICAL,obstetric,kinyarwanda->kinyarwanda:CRITICAL:obstetric,Ndatwite kandi nagagaye.,Ndatwite kandi nagagaye.
"Ndakeneye ubufasha, mfite umwanda usa umukara kuva ejo. Abandi bana na bo bafite iki kibazo. Ntegereze cyangwa nsuzumwe ubu?",kinyarwanda,CRITICAL,gastrointestinal,kinyarwanda->kinyarwanda:CRITICAL:gastrointestinal,Mfite umwanda usa umukara.,Mfite umwanda usa umukara.
"Ndakeneye ubufasha, uruhande rumwe rw'umubiri we ntirukora kuva hashize iminsi itatu nta miti imfasha. Ntabasha kubona amafaranga yo kongera kuza kwa muganga.",kinyarwanda,CRITICAL,neurological,kinyarwanda->kinyarwanda:CRITICAL:neurological,Uruhande rumwe rw'umubiri we ntirukora.,Uruhande rumwe rw'umubiri we ntirukora.
"Naje hano mbere, mama ahumeka bimugora cyane ku buryo adashobora no kuvuga neza. Ndakeneye ubufasha vuba.",kinyarwanda,CRITICAL,cardiac_respiratory,kinyarwanda->kinyarwanda:CRITICAL:cardiac_respiratory,{REL} ahumeka bimugora cyane ku buryo adashobora no kuvuga neza.,Guhumeka birangora cyane ku buryo ntabasha no kuvuga neza.
"Ndakeneye ubufasha, umutima uratera cyane kandi nkumva umeze nk'aho uhagarara kuva hashize iminsi itatu kandi nta miti mfite. Naje mvuye kure.",kinyarwanda,CRITICAL,cardiac_respiratory,kinyarwanda->kinyarwanda:CRITICAL:cardiac_respiratory,umutima uratera cyane kandi nkumva umeze nk'aho uhagarara,umutima uratera cyane kandi nkumva umeze nk'aho uhagarara
"Naje hano mbere, umukecuru nta miti y'igituntu afite kuva hashize iminsi ibiri biragenda bikagaruka. Naje mvuye kure.",kinyarwanda,URGENT,chronic_care,kinyarwanda->kinyarwanda:URGENT:chronic_care,{REL} nta miti y'igituntu afite.,Nta miti y'igituntu mfite.
"Mumbabarire, ndashaka kubabwira ikibazo mfite. Mama yataye ubwenge kandi ntasubiza kuva hashize iminsi itatu bikarushaho nijoro. Mfasha muganga.",kinyarwanda,CRITICAL,neurological,kinyarwanda->kinyarwanda:CRITICAL:neurological,{REL} yataye ubwenge kandi ntasubiza.,{REL} yataye ubwenge kandi ntasubiza.
"Muraho, mfite igikomere ku mutwe nyuma yo kugwa biragenda bikagaruka. Nkora iki?",kinyarwanda,CRITICAL,haemorrhage_trauma,kinyarwanda->kinyarwanda:CRITICAL:haemorrhage_trauma,mfite igikomere ku mutwe nyuma yo kugwa,mfite igikomere ku mutwe nyuma yo kugwa
"Muraho, umugabo wanjye ahumeka bimugora cyane kandi iminwa ye yahindutse ibara kuva mu cyumweru gishize biragenda bikagaruka. Ni imiti ki nafata?",kinyarwanda,CRITICAL,cardiac_respiratory,kinyarwanda->kinyarwanda:CRITICAL:cardiac_respiratory,{REL} ahumeka bimugora cyane kandi iminwa ye yahindutse ibara.,guhumeka birangora cyane kandi iminwa yanjye yahindutse ibara
"Nzanye umwana wanjye, mushiki wanjye amaze umunsi wose ari mu bubabare bwo kubyara ariko umwana ntarasohoka kuva ijoro ryashize bikarushaho nijoro",kinyarwanda,CRITICAL,obstetric,kinyarwanda->kinyarwanda:CRITICAL:obstetric,{REL} amaze umunsi wose ari mu bubabare bwo kubyara ariko umwana ntarasohoka.,Maze umunsi wose mbabara ngerageza kubyara ariko umwana ntarasohoka.
"Ndakeneye ubufasha, umugabo wanjye nta miti y'igituntu afite kuva ubu gitondo cya kare bikarushaho nijoro",kinyarwanda,URGENT,chronic_care,kinyarwanda->kinyarwanda:URGENT:chronic_care,{REL} nta miti y'igituntu afite.,Nta miti y'igituntu mfite.
"Nyabuneka, ndashaka imiti y'inzoka y'umwana wanjye kuva hashize icyumweru kandi sinshobora gusinzira. Ni imiti ki nafata?",kinyarwanda,ROUTINE,preventive,kinyarwanda->kinyarwanda:ROUTINE:preventive,Ndashaka imiti y'inzoka y'umwana wanjye.,Ndashaka imiti y'inzoka y'umwana wanjye.
"Nzanye umwana wanjye, umugore wanjye amaze umunsi wose ari mu bubabare bwo kubyara ariko umwana ntarasohoka kuva hashize iminsi itatu kandi ndahangayitse. Ese ibi birakomeye?",kinyarwanda,CRITICAL,obstetric,kinyarwanda->kinyarwanda:CRITICAL:obstetric,{REL} amaze umunsi wose ari mu bubabare bwo kubyara ariko umwana ntarasohoka.,Maze umunsi wose mbabara ngerageza kubyara ariko umwana ntarasohoka.
"Muganga, umugabo wanjye afite umuriro mwinshi kandi yaragagaye kuva ejo. Abandi bana na bo bafite iki kibazo. Mfasha muganga.",kinyarwanda,CRITICAL,infectious_fever,kinyarwanda->kinyarwanda:CRITICAL:infectious_fever,{REL} afite umuriro mwinshi kandi yaragagaye.,Mfite umuriro mwinshi kandi nagagaye.
"Ndakeneye ubufasha, mfite igikomere gito kandi amaraso yarahagaze kuva ubu gitondo cya kare kandi ndahangayitse. Ese ibi birakomeye?",kinyarwanda,ROUTINE,haemorrhage_trauma,kinyarwanda->kinyarwanda:ROUTINE:haemorrhage_trauma,Mfite igikomere gito kandi amaraso yarahagaze.,Mfite igikomere gito kandi amaraso yarahagaze.
"Mumbabarire, ndashaka kubabwira ikibazo mfite. Mfite igikomere gito kandi amaraso yarahagaze kuva ejo. Byatangiye gitunguranye.",kinyarwanda,ROUTINE,haemorrhage_trauma,kinyarwanda->kinyarwanda:ROUTINE:haemorrhage_trauma,Mfite igikomere gito kandi amaraso yarahagaze.,Mfite igikomere gito kandi amaraso yarahagaze.
"Muganga, umugabo wanjye araruka ibyo arya byose kandi ntashobora no kunywa kuva ejo. Byatangiye gitunguranye. Ntabasha kubona amafaranga yo kongera kuza kwa muganga.",kinyarwanda,CRITICAL,gastrointestinal,kinyarwanda->kinyarwanda:CRITICAL:gastrointestinal,{REL} araruka ibyo arya byose kandi ntashobora no kunywa.,Ndaruka ibyo ndya byose kandi sinshobora no kunywa.
"Mfasha, nta miti y'igituntu mfite kuva ubu gitondo cya kare. Abandi bana na bo bafite iki kibazo.",kinyarwanda,URGENT,chronic_care,kinyarwanda->kinyarwanda:URGENT:chronic_care,Nta miti y'igituntu mfite.,Nta miti y'igituntu mfite.
"Ndakeneye ubufasha, umukecuru arakomeza kuruka kandi ntashobora kurya kuva hashize icyumweru kandi ndahangayitse. Urakoze.",kinyarwanda,URGENT,gastrointestinal,kinyarwanda->kinyarwanda:URGENT:gastrointestinal,{REL} arakomeza kuruka kandi ntashobora kurya.,ndakomeza kuruka kandi sinshobora kurya
"Mumbabarire, ndashaka kubabwira ikibazo mfite. Umugabo wanjye yataye ubwenge kandi ntasubiza. Abandi bana na bo bafite iki kibazo. Ese ibi birakomeye?",kinyarwanda,CRITICAL,neurological,kinyarwanda->kinyarwanda:CRITICAL:neurological,{REL} yataye ubwenge kandi ntasubiza.,{REL} yataye ubwenge kandi ntasubiza.
"Nyabuneka, umuturanyi wanjye amaze umunsi wose ari mu bubabare bwo kubyara ariko umwana ntarasohoka kuva ejo nta miti imfasha. Ndakeneye ubufasha vuba.",kinyarwanda,CRITICAL,obstetric,kinyarwanda->kinyarwanda:CRITICAL:obstetric,{REL} amaze umunsi wose ari mu bubabare bwo kubyara ariko umwana ntarasohoka.,Maze umunsi wose mbabara ngerageza kubyara ariko umwana ntarasohoka.
"Muraho, umutima uratera cyane kandi nkumva umeze nk'aho uhagarara kandi birushaho kuba bibi. Ntegereze cyangwa nsuzumwe ubu?",kinyarwanda,CRITICAL,cardiac_respiratory,kinyarwanda->kinyarwanda:CRITICAL:cardiac_respiratory,umutima uratera cyane kandi nkumva umeze nk'aho uhagarara,umutima uratera cyane kandi nkumva umeze nk'aho uhagarara
"Nyabuneka, ndatwite kandi nagagaye kuva hashize iminsi itatu kandi sinshobora gusinzira. Ntabasha kubona amafaranga yo kongera kuza kwa muganga.",kinyarwanda,CRITICAL,obstetric,kinyarwanda->kinyarwanda:CRITICAL:obstetric,Ndatwite kandi nagagaye.,Ndatwite kandi nagagaye.
"Simbizi niba bikomeye ariko, iyo maze kurya numva mu nda ntameze neza kuva ubu gitondo cya kare",kinyarwanda,ROUTINE,gastrointestinal,kinyarwanda->kinyarwanda:ROUTINE:gastrointestinal,iyo maze kurya numva mu nda ntameze neza,"Iyo {REL} amaze kurya, yumva inda itameze neza."
"Mumbabarire, ndashaka kubabwira ikibazo mfite. Umugabo wanjye afite igikomere ku mutwe nyuma yo kugwa kuva hashize icyumweru kandi birushaho kuba bibi. Mfasha muganga.",kinyarwanda,CRITICAL,haemorrhage_trauma,kinyarwanda->kinyarwanda:CRITICAL:haemorrhage_trauma,{REL} afite igikomere ku mutwe nyuma yo kugwa.,mfite igikomere ku mutwe nyuma yo kugwa
"Mfasha, isukari yo mu maraso yanjye yazamutse cyane kuva hashize icyumweru. Byatangiye gitunguranye.",kinyarwanda,URGENT,chronic_care,kinyarwanda->kinyarwanda:URGENT:chronic_care,isukari yo mu maraso yanjye yazamutse cyane,isukari yo mu maraso yanjye yazamutse cyane
Ndashaka kukubwira ikibazo mfite. Ndashaka kujya kwa muganga kwisuzumisha diyabete kuva ubu gitondo cya kare bikarushaho nijoro. Ntabasha kubona amafaranga yo kongera kuza kwa muganga.,kinyarwanda,ROUTINE,chronic_care,kinyarwanda->kinyarwanda:ROUTINE:chronic_care,Ndashaka kujya kwa muganga kwisuzumisha diyabete.,Ndashaka kujya kwa muganga kwisuzumisha SIDA.
"Simbizi niba bikomeye ariko, mama ashaka ko bapima ibiro by'umwana we kuva mu gitondo. Ntegereze cyangwa nsuzumwe ubu?",kinyarwanda,ROUTINE,paediatric,kinyarwanda->kinyarwanda:ROUTINE:paediatric,{REL} ashaka ko bapima ibiro by'umwana we.,Ndashaka ko bapima ibiro by'umwana wanjye.
"Mfasha vuba, ndaruka amaraso kuva ejo nta miti imfasha. Nkora iki?",kinyarwanda,CRITICAL,gastrointestinal,kinyarwanda->kinyarwanda:CRITICAL:gastrointestinal,Ndaruka amaraso.,Ndaruka amaraso.
"Muganga, amazi yamenetse ariko igihe cyo kubyara ntikiragera kuva mu cyumweru gishize kandi sinshobora gusinzira. Ni imiti ki nafata?",kinyarwanda,URGENT,obstetric,kinyarwanda->kinyarwanda:URGENT:obstetric,Amazi yamenetse ariko igihe cyo kubyara ntikiragera.,Amazi yamenetse ariko igihe cyo kubyara ntikiragera.
Ndashaka kukubwira ikibazo mfite. Mfite umwanda usa umukara kuva mu gitondo. Abandi bana na bo bafite iki kibazo. Ntegereze cyangwa nsuzumwe ubu?,kinyarwanda,CRITICAL,gastrointestinal,kinyarwanda->kinyarwanda:CRITICAL:gastrointestinal,Mfite umwanda usa umukara.,Mfite umwanda usa umukara.
"Ndakeneye ubufasha, umuturanyi wanjye ashaka inama ku biryo byo kugaburira umwana we kuva ejo kandi birushaho kuba bibi. Ni imiti ki nafata?",kinyarwanda,ROUTINE,preventive,kinyarwanda->kinyarwanda:ROUTINE:preventive,{REL} ashaka inama ku biryo byo kugaburira umwana we.,Ndashaka inama ku biryo byo kugaburira umwana wanjye.
"Muganga, nkorora gake ariko nta muriro mfite kuva ejo. Abandi bana na bo bafite iki kibazo. Nkora iki?",kinyarwanda,ROUTINE,cardiac_respiratory,kinyarwanda->kinyarwanda:ROUTINE:cardiac_respiratory,Nkorora gake ariko nta muriro mfite.,Nkorora gake ariko nta muriro mfite.
"Ndashaka kukubwira ikibazo mfite. Iyo umwana wanjye amaze kurya, yumva inda itameze neza kuva hashize iminsi itatu kandi birushaho kuba bibi. Ntabasha kubona amafaranga yo kongera kuza kwa muganga.",kinyarwanda,ROUTINE,gastrointestinal,kinyarwanda->kinyarwanda:ROUTINE:gastrointestinal,"Iyo {REL} amaze kurya, yumva inda itameze neza.","Iyo {REL} amaze kurya, yumva inda itameze neza."
"Nzanye umwana wanjye, umuturanyi wanjye amaze ibyumweru birenga bibiri akorora kandi yatangiye no kunanuka kuva hashize iminsi ibiri nta miti imfasha. Urakoze.",kinyarwanda,URGENT,cardiac_respiratory,kinyarwanda->kinyarwanda:URGENT:cardiac_respiratory,{REL} amaze ibyumweru birenga bibiri akorora kandi yatangiye no kunanuka.,Maze ibyumweru birenga bibiri nkorora kandi natangiye no kunanuka.
"Nyabuneka, papa nta miti y'igituntu afite kuva ejo kandi birushaho kuba bibi. Nkora iki?",kinyarwanda,URGENT,chronic_care,kinyarwanda->kinyarwanda:URGENT:chronic_care,{REL} nta miti y'igituntu afite.,Nta miti y'igituntu mfite.
"Simbizi niba bikomeye ariko, umutima uratera cyane kandi nkumva umeze nk'aho uhagarara kuva hashize iminsi itatu kandi nta miti mfite. Naje mvuye kure.",kinyarwanda,CRITICAL,cardiac_respiratory,kinyarwanda->kinyarwanda:CRITICAL:cardiac_respiratory,umutima uratera cyane kandi nkumva umeze nk'aho uhagarara,umutima uratera cyane kandi nkumva umeze nk'aho uhagarara
"Muganga, mfite umwanda usa umukara kuva hashize icyumweru biragenda bikagaruka. Ndakeneye ubufasha vuba.",kinyarwanda,CRITICAL,gastrointestinal,kinyarwanda->kinyarwanda:CRITICAL:gastrointestinal,Mfite umwanda usa umukara.,Mfite umwanda usa umukara.
"Nyabuneka, mfite impiswi zirimo amaraso kuva mu gitondo. Ntabasha kubona amafaranga yo kongera kuza kwa muganga.",kinyarwanda,URGENT,gastrointestinal,kinyarwanda->kinyarwanda:URGENT:gastrointestinal,Mfite impiswi zirimo amaraso.,Mfite impiswi zirimo amaraso.
"Muganga, mama afite igikomere cyanduye, kiratukura kandi kirimo amashyira kuva ejo. Abandi bana na bo bafite iki kibazo. Ntabasha kubona amafaranga yo kongera kuza kwa muganga.",kinyarwanda,URGENT,haemorrhage_trauma,kinyarwanda->kinyarwanda:URGENT:haemorrhage_trauma,"{REL} afite igikomere cyanduye, kiratukura kandi kirimo amashyira.","mfite igikomere cyanduye, kiratukura kandi kirimo amashyira"
Ndaruka amaraso. Naje mvuye kure.,kinyarwanda,CRITICAL,gastrointestinal,kinyarwanda->kinyarwanda:CRITICAL:gastrointestinal,Ndaruka amaraso.,Ndaruka amaraso.
"Mfasha vuba, mushiki wanjye araruka amaraso.",kinyarwanda,CRITICAL,gastrointestinal,kinyarwanda->kinyarwanda:CRITICAL:gastrointestinal,{REL} araruka amaraso.,Ndaruka amaraso.
"Muraho, umugore wanjye yabyimbye ibirenge kandi ntashobora guhumeka neza iyo aragaramye kuva mu cyumweru gishize kandi sinshobora gusinzira. Ntabasha kubona amafaranga yo kongera kuza kwa muganga.",kinyarwanda,URGENT,chronic_care,kinyarwanda->kinyarwanda:URGENT:chronic_care,{REL} yabyimbye ibirenge kandi ntashobora guhumeka neza iyo aragaramye.,Nabyimbye ibirenge kandi sinshobora guhumeka neza iyo ndagaramye.
"Muganga, ndava amaraso menshi nyuma yo kubyara kuva hashize iminsi itatu kandi sinshobora gusinzira. Ni imiti ki nafata?",kinyarwanda,CRITICAL,obstetric,kinyarwanda->kinyarwanda:CRITICAL:obstetric,ndava amaraso menshi nyuma yo kubyara,ndava amaraso menshi nyuma yo kubyara
"Simbizi niba bikomeye ariko, umwana wanjye akorora gake ariko nta muriro afite kuva hashize icyumweru bikarushaho nijoro. Ese ibi birakomeye?",kinyarwanda,ROUTINE,cardiac_respiratory,kinyarwanda->kinyarwanda:ROUTINE:cardiac_respiratory,{REL} akorora gake ariko nta muriro afite.,Nkorora gake ariko nta muriro mfite.
Umwana wanjye akorora gake ariko nta muriro afite kuva hashize iminsi ibiri. Abandi bana na bo bafite iki kibazo. Naje mvuye kure.,kinyarwanda,ROUTINE,cardiac_respiratory,kinyarwanda->kinyarwanda:ROUTINE:cardiac_respiratory,{REL} akorora gake ariko nta muriro afite.,Nkorora gake ariko nta muriro mfite.
"Muraho, maze ibyumweru birenga bibiri nkorora kandi natangiye no kunanuka kuva ejo. Abandi bana na bo bafite iki kibazo. Ntabasha kubona amafaranga yo kongera kuza kwa muganga.",kinyarwanda,URGENT,cardiac_respiratory,kinyarwanda->kinyarwanda:URGENT:cardiac_respiratory,Maze ibyumweru birenga bibiri nkorora kandi natangiye no kunanuka.,Maze ibyumweru birenga bibiri nkorora kandi natangiye no kunanuka.
"Muganga, maze ibyumweru birenga bibiri nkorora kandi natangiye no kunanuka kuva ejo kandi ndahangayitse. Ndakeneye ubufasha vuba.",kinyarwanda,URGENT,cardiac_respiratory,kinyarwanda->kinyarwanda:URGENT:cardiac_respiratory,Maze ibyumweru birenga bibiri nkorora kandi natangiye no kunanuka.,Maze ibyumweru birenga bibiri nkorora kandi natangiye no kunanuka.
"Mumbabarire, ndashaka kubabwira ikibazo mfite. Mfite ubushye bunini ku mubiri kuva mu masaha abiri ashize nta miti imfasha. Ndakeneye ubufasha vuba.",kinyarwanda,CRITICAL,haemorrhage_trauma,kinyarwanda->kinyarwanda:CRITICAL:haemorrhage_trauma,Mfite ubushye bunini ku mubiri.,Mfite ubushye bunini ku mubiri.
"Muraho, papa ashaka imiti y'inzoka y'umwana we kuva hashize iminsi ibiri. Nkora iki?",kinyarwanda,ROUTINE,preventive,kinyarwanda->kinyarwanda:ROUTINE:preventive,{REL} ashaka imiti y'inzoka y'umwana we.,Ndashaka imiti y'inzoka y'umwana wanjye.
Ndashaka kukubwira ikibazo mfite. Umukecuru afite ubushye bunini ku mubiri bikarushaho nijoro. Ntabasha kubona amafaranga yo kongera kuza kwa muganga.,kinyarwanda,CRITICAL,haemorrhage_trauma,kinyarwanda->kinyarwanda:CRITICAL:haemorrhage_trauma,{REL} afite ubushye bunini ku mubiri.,Mfite ubushye bunini ku mubiri.
"Naje hano mbere, umugore wanjye nta miti ya SIDA afite kuva mu masaha abiri ashize. Byatangiye gitunguranye. Naje mvuye kure.",kinyarwanda,URGENT,chronic_care,kinyarwanda->kinyarwanda:URGENT:chronic_care,{REL} nta miti ya SIDA afite.,Nta miti ya SIDA mfite.
Ndashaka kongererwa imiti mfata kuva ijoro ryashize bikarushaho nijoro. Ntabasha kubona amafaranga yo kongera kuza kwa muganga.,kinyarwanda,ROUTINE,chronic_care,kinyarwanda->kinyarwanda:ROUTINE:chronic_care,ndashaka kongererwa imiti mfata,ndashaka kongererwa imiti mfata
"Mfasha, amazuru arantemba gake kandi nta miti mfite. Murakoze.",kinyarwanda,ROUTINE,infectious_fever,kinyarwanda->kinyarwanda:ROUTINE:infectious_fever,amazuru arantemba gake,amazuru arantemba gake
"Mumbabarire, ndashaka kubabwira ikibazo mfite. Mama arava amaraso menshi nyuma yo kubyara kuva hashize iminsi ibiri bikarushaho nijoro",kinyarwanda,CRITICAL,obstetric,kinyarwanda->kinyarwanda:CRITICAL:obstetric,{REL} arava amaraso menshi nyuma yo kubyara.,ndava amaraso menshi nyuma yo kubyara
"Nzanye umwana wanjye, umugabo wanjye arababara cyane mu gituza kandi ububabare bukagera no ku kuboko kuva ejo nta miti imfasha. Nkora iki?",kinyarwanda,CRITICAL,cardiac_respiratory,kinyarwanda->kinyarwanda:CRITICAL:cardiac_respiratory,{REL} arababara cyane mu gituza kandi ububabare bukagera no ku kuboko.,mu gituza harandya cyane kandi ububabare bukagera no ku kuboko
"Mumbabarire, ndashaka kubabwira ikibazo mfite. Ndatwite kandi nagagaye kuva ubu gitondo cya kare kandi birushaho kuba bibi",kinyarwanda,CRITICAL,obstetric,kinyarwanda->kinyarwanda:CRITICAL:obstetric,Ndatwite kandi nagagaye.,Ndatwite kandi nagagaye.
"Simbizi niba bikomeye ariko, umwana wanjye afite impiswi zirimo amaraso kuva mu gitondo kandi ndahangayitse. Murakoze.",kinyarwanda,URGENT,gastrointestinal,kinyarwanda->kinyarwanda:URGENT:gastrointestinal,{REL} afite impiswi zirimo amaraso.,Mfite impiswi zirimo amaraso.
"Ndakeneye ubufasha, ndatwite kandi ndashaka kujya kwa muganga kwisuzumisha kuva hashize iminsi itatu kandi ndahangayitse. Ntabasha kubona amafaranga yo kongera kuza kwa muganga.",kinyarwanda,ROUTINE,obstetric,kinyarwanda->kinyarwanda:ROUTINE:obstetric,Ndatwite kandi ndashaka kujya kwa muganga kwisuzumisha.,Ndatwite kandi ndashaka kujya kwa muganga kwisuzumisha.
"Muganga, mfite ubushye bunini ku mubiri kuva ejo kandi sinshobora gusinzira",kinyarwanda,CRITICAL,haemorrhage_trauma,kinyarwanda->kinyarwanda:CRITICAL:haemorrhage_trauma,Mfite ubushye bunini ku mubiri.,Mfite ubushye bunini ku mubiri.
"Mfasha vuba, umukecuru yataye ubwenge kandi ntasubiza kuva hashize iminsi ibiri. Byatangiye gitunguranye. Ntegereze cyangwa nsuzumwe ubu?",kinyarwanda,CRITICAL,neurological,kinyarwanda->kinyarwanda:CRITICAL:neurological,{REL} yataye ubwenge kandi ntasubiza.,{REL} yataye ubwenge kandi ntasubiza.
"Nyabuneka, mushiki wanjye yabyimbye ibirenge kandi ntashobora guhumeka neza iyo aragaramye kuva mu gitondo biragenda bikagaruka. Mfasha muganga.",kinyarwanda,URGENT,chronic_care,kinyarwanda->kinyarwanda:URGENT:chronic_care,{REL} yabyimbye ibirenge kandi ntashobora guhumeka neza iyo aragaramye.,Nabyimbye ibirenge kandi sinshobora guhumeka neza iyo ndagaramye.
"Mfasha, mama isukari yo mu maraso ye yazamutse cyane kuva mu masaha abiri ashize kandi sinshobora gusinzira. Naje mvuye kure.",kinyarwanda,URGENT,chronic_care,kinyarwanda->kinyarwanda:URGENT:chronic_care,{REL} isukari yo mu maraso ye yazamutse cyane.,isukari yo mu maraso yanjye yazamutse cyane
"Mfasha vuba, ndaruka amaraso kuva hashize iminsi ibiri kandi birushaho kuba bibi. Ndakeneye ubufasha vuba.",kinyarwanda,CRITICAL,gastrointestinal,kinyarwanda->kinyarwanda:CRITICAL:gastrointestinal,Ndaruka amaraso.,Ndaruka amaraso.
Ndashaka kukubwira ikibazo mfite. Nyuma yo kubyara mfite umuriro kandi hari ibintu bisohoka bifite impumuro mbi kuva hashize iminsi ibiri nta miti imfasha. Ese ibi birakomeye?,kinyarwanda,CRITICAL,obstetric,kinyarwanda->kinyarwanda:CRITICAL:obstetric,Nyuma yo kubyara mfite umuriro kandi hari ibintu bisohoka bifite impumuro mbi.,Nyuma yo kubyara mfite umuriro kandi hari ibintu bisohoka bifite impumuro mbi.
Ndava amaraso menshi nyuma yo kubyara kuva ijoro ryashize. Abandi bana na bo bafite iki kibazo. Ntegereze cyangwa nsuzumwe ubu?,kinyarwanda,CRITICAL,obstetric,kinyarwanda->kinyarwanda:CRITICAL:obstetric,ndava amaraso menshi nyuma yo kubyara,ndava amaraso menshi nyuma yo kubyara
"Mumbabarire, ndashaka kubabwira ikibazo mfite. Umukecuru amaze ibyumweru birenga bibiri akorora kandi yatangiye no kunanuka kuva ijoro ryashize kandi sinshobora gusinzira",kinyarwanda,URGENT,cardiac_respiratory,kinyarwanda->kinyarwanda:URGENT:cardiac_respiratory,{REL} amaze ibyumweru birenga bibiri akorora kandi yatangiye no kunanuka.,Maze ibyumweru birenga bibiri nkorora kandi natangiye no kunanuka.
"Simbizi niba bikomeye ariko, umugore wanjye ashaka inama ku biryo byo kugaburira umwana we kuva mu masaha abiri ashize kandi nta miti mfite. Ese ibi birakomeye?",kinyarwanda,ROUTINE,preventive,kinyarwanda->kinyarwanda:ROUTINE:preventive,{REL} ashaka inama ku biryo byo kugaburira umwana we.,Ndashaka inama ku biryo byo kugaburira umwana wanjye.
"Naje hano mbere, iyo umwana wanjye amaze kurya, yumva inda itameze neza kuva ijoro ryashize bikarushaho nijoro. Ntegereze cyangwa nsuzumwe ubu?",kinyarwanda,ROUTINE,gastrointestinal,kinyarwanda->kinyarwanda:ROUTINE:gastrointestinal,"Iyo {REL} amaze kurya, yumva inda itameze neza.","Iyo {REL} amaze kurya, yumva inda itameze neza."
"Mfasha, ndatwite kandi ndashaka kujya kwa muganga kwisuzumisha kuva mu cyumweru gishize kandi ndahangayitse. Murakoze.",kinyarwanda,ROUTINE,obstetric,kinyarwanda->kinyarwanda:ROUTINE:obstetric,Ndatwite kandi ndashaka kujya kwa muganga kwisuzumisha.,Ndatwite kandi ndashaka kujya kwa muganga kwisuzumisha.
"Simbizi niba bikomeye ariko, papa ashaka imiti y'inzoka y'umwana we kuva mu gitondo kandi nta miti mfite. Ese ibi birakomeye?",kinyarwanda,ROUTINE,preventive,kinyarwanda->kinyarwanda:ROUTINE:preventive,{REL} ashaka imiti y'inzoka y'umwana we.,Ndashaka imiti y'inzoka y'umwana wanjye.
"Mfasha vuba, ndashaka kujya kwa muganga kwisuzumisha diyabete kuva ijoro ryashize kandi sinshobora gusinzira. Murakoze.",kinyarwanda,ROUTINE,chronic_care,kinyarwanda->kinyarwanda:ROUTINE:chronic_care,Ndashaka kujya kwa muganga kwisuzumisha diyabete.,Ndashaka kujya kwa muganga kwisuzumisha SIDA.
"Simbizi niba bikomeye ariko, mfite umuhaha kuva mu cyumweru gishize. Nkora iki?",kinyarwanda,URGENT,paediatric,kinyarwanda->kinyarwanda:URGENT:paediatric,Mfite umuhaha.,Mfite umuhaha.
Ndashaka kukubwira ikibazo mfite. Ndashaka kujya kwa muganga kwisuzumisha SIDA kuva ejo kandi nta miti mfite,kinyarwanda,ROUTINE,chronic_care,kinyarwanda->kinyarwanda:ROUTINE:chronic_care,Ndashaka kujya kwa muganga kwisuzumisha SIDA.,Ndashaka kujya kwa muganga kwisuzumisha SIDA.
"Simbizi niba bikomeye ariko, umwana wanjye afite umuriro woroheje umaze umunsi umwe, ariko nta kindi kibazo afite kuva mu cyumweru gishize biragenda bikagaruka. Ese ibi birakomeye?",kinyarwanda,ROUTINE,infectious_fever,kinyarwanda->kinyarwanda:ROUTINE:infectious_fever,"{REL} afite umuriro woroheje umaze umunsi umwe, ariko nta kindi kibazo afite.","mfite umuriro woroheje umaze umunsi umwe, ariko nta kindi kibazo mfite"
"Naje hano mbere, papa afite ubushye bunini ku mubiri kuva mu gitondo kandi ndahangayitse. Naje mvuye kure.",kinyarwanda,CRITICAL,haemorrhage_trauma,kinyarwanda->kinyarwanda:CRITICAL:haemorrhage_trauma,{REL} afite ubushye bunini ku mubiri.,Mfite ubushye bunini ku mubiri.
"Muganga, umugore wanjye aratwite kandi afite umuriro kuva ubu gitondo cya kare kandi birushaho kuba bibi. Ese ibi birakomeye?",kinyarwanda,URGENT,obstetric,kinyarwanda->kinyarwanda:URGENT:obstetric,{REL} aratwite kandi afite umuriro.,Ndatwite kandi mfite umuriro.
Ndava amaraso menshi nyuma yo kubyara bikarushaho nijoro. Ntabasha kubona amafaranga yo kongera kuza kwa muganga.,kinyarwanda,CRITICAL,obstetric,kinyarwanda->kinyarwanda:CRITICAL:obstetric,ndava amaraso menshi nyuma yo kubyara,ndava amaraso menshi nyuma yo kubyara
"Mumbabarire, ndashaka kubabwira ikibazo mfite. Umugore wanjye nta miti ya SIDA afite kuva ijoro ryashize biragenda bikagaruka. Ntabasha kubona amafaranga yo kongera kuza kwa muganga.",kinyarwanda,URGENT,chronic_care,kinyarwanda->kinyarwanda:URGENT:chronic_care,{REL} nta miti ya SIDA afite.,Nta miti ya SIDA mfite.
Mama yagagaye kandi arimo guhinda umushyitsi kuva ejo kandi birushaho kuba bibi. Ndakeneye ubufasha vuba.,kinyarwanda,CRITICAL,neurological,kinyarwanda->kinyarwanda:CRITICAL:neurological,{REL} yagagaye kandi arimo guhinda umushyitsi.,{REL} yagagaye kandi arimo guhinda umushyitsi.
"Naje hano mbere, iyo maze kurya numva mu nda ntameze neza kuva mu cyumweru gishize kandi nta miti mfite. Naje mvuye kure.",kinyarwanda,ROUTINE,gastrointestinal,kinyarwanda->kinyarwanda:ROUTINE:gastrointestinal,iyo maze kurya numva mu nda ntameze neza,"Iyo {REL} amaze kurya, yumva inda itameze neza."
"Mfasha vuba, umuturanyi wanjye aratwite kandi afite umuriro kandi nta miti mfite. Ndakeneye ubufasha vuba.",kinyarwanda,URGENT,obstetric,kinyarwanda->kinyarwanda:URGENT:obstetric,{REL} aratwite kandi afite umuriro.,Ndatwite kandi mfite umuriro.
"Simbizi niba bikomeye ariko, mfite gahunda yo kwisuzumisha buri mwaka kuva ejo kandi birushaho kuba bibi. Urakoze.",kinyarwanda,ROUTINE,preventive,kinyarwanda->kinyarwanda:ROUTINE:preventive,Mfite gahunda yo kwisuzumisha buri mwaka.,Mfite gahunda yo kwisuzumisha buri mwaka.
"Naje hano mbere, amazuru arantemba gake kuva hashize iminsi ibiri nta miti imfasha. Mfasha muganga.",kinyarwanda,ROUTINE,infectious_fever,kinyarwanda->kinyarwanda:ROUTINE:infectious_fever,amazuru arantemba gake,amazuru arantemba gake
Ndashaka kukubwira ikibazo mfite. Umuturanyi wanjye iminwa ye yahindutse ubururu kuva hashize icyumweru. Abandi bana na bo bafite iki kibazo. Naje mvuye kure.,kinyarwanda,CRITICAL,cardiac_respiratory,kinyarwanda->kinyarwanda:CRITICAL:cardiac_respiratory,{REL} iminwa ye yahindutse ubururu.,Iminwa yanjye yahindutse ubururu.
"Mfasha, ndatwite, umutwe urandya cyane kandi sinshobora kureba neza kuva mu gitondo kandi sinshobora gusinzira. Naje mvuye kure.",kinyarwanda,CRITICAL,obstetric,kinyarwanda->kinyarwanda:CRITICAL:obstetric,"Ndatwite, umutwe urandya cyane kandi sinshobora kureba neza.","Ndatwite, umutwe urandya cyane kandi sinshobora kureba neza."
"Ndakeneye ubufasha, umugore wanjye afite impiswi zikomeye kandi yagize umwuma kuva hashize iminsi itatu kandi birushaho kuba bibi. Ntegereze cyangwa nsuzumwe ubu?",kinyarwanda,CRITICAL,gastrointestinal,kinyarwanda->kinyarwanda:CRITICAL:gastrointestinal,{REL} afite impiswi zikomeye kandi yagize umwuma.,{REL} afite impiswi zikomeye kandi yagize umwuma.
"Muganga, umukecuru ahumeka bimugora cyane ku buryo adashobora no kuvuga neza kuva mu cyumweru gishize. Mfasha muganga.",kinyarwanda,CRITICAL,cardiac_respiratory,kinyarwanda->kinyarwanda:CRITICAL:cardiac_respiratory,{REL} ahumeka bimugora cyane ku buryo adashobora no kuvuga neza.,Guhumeka birangora cyane ku buryo ntabasha no kuvuga neza.
"Ndakeneye ubufasha, mfite ubushye bunini ku mubiri kuva hashize iminsi itatu kandi birushaho kuba bibi. Ntegereze cyangwa nsuzumwe ubu?",kinyarwanda,CRITICAL,haemorrhage_trauma,kinyarwanda->kinyarwanda:CRITICAL:haemorrhage_trauma,Mfite ubushye bunini ku mubiri.,Mfite ubushye bunini ku mubiri.
"Mumbabarire, ndashaka kubabwira ikibazo mfite. Iyo umwana wanjye amaze kurya, yumva inda itameze neza kuva ejo kandi sinshobora gusinzira. Ni imiti ki nafata?",kinyarwanda,ROUTINE,gastrointestinal,kinyarwanda->kinyarwanda:ROUTINE:gastrointestinal,"Iyo {REL} amaze kurya, yumva inda itameze neza.","Iyo {REL} amaze kurya, yumva inda itameze neza."
Ndashaka kukubwira ikibazo mfite. Umugabo wanjye ahumeka bimugora cyane kandi iminwa ye yahindutse ibara kuva ijoro ryashize. Abandi bana na bo bafite iki kibazo. Ndakeneye ubufasha vuba.,kinyarwanda,CRITICAL,cardiac_respiratory,kinyarwanda->kinyarwanda:CRITICAL:cardiac_respiratory,{REL} ahumeka bimugora cyane kandi iminwa ye yahindutse ibara.,guhumeka birangora cyane kandi iminwa yanjye yahindutse ibara
"Ndakeneye ubufasha, nkorora gake ariko nta muriro mfite kuva mu cyumweru gishize nta miti imfasha. Nkora iki?",kinyarwanda,ROUTINE,cardiac_respiratory,kinyarwanda->kinyarwanda:ROUTINE:cardiac_respiratory,Nkorora gake ariko nta muriro mfite.,Nkorora gake ariko nta muriro mfite.
"Mumbabarire, ndashaka kubabwira ikibazo mfite. Umuturanyi wanjye afite ubushye bunini ku mubiri kuva hashize icyumweru. Ntegereze cyangwa nsuzumwe ubu?",kinyarwanda,CRITICAL,haemorrhage_trauma,kinyarwanda->kinyarwanda:CRITICAL:haemorrhage_trauma,{REL} afite ubushye bunini ku mubiri.,Mfite ubushye bunini ku mubiri.
"Naje hano mbere, mushiki wanjye arakomeza kuruka kandi ntashobora kurya kuva mu cyumweru gishize kandi nta miti mfite. Urakoze.",kinyarwanda,URGENT,gastrointestinal,kinyarwanda->kinyarwanda:URGENT:gastrointestinal,{REL} arakomeza kuruka kandi ntashobora kurya.,ndakomeza kuruka kandi sinshobora kurya
"Mfasha vuba, ndatwite kandi nagagaye kuva ijoro ryashize kandi birushaho kuba bibi. Nkora iki?",kinyarwanda,CRITICAL,obstetric,kinyarwanda->kinyarwanda:CRITICAL:obstetric,Ndatwite kandi nagagaye.,Ndatwite kandi nagagaye.
"Nzanye umwana wanjye, iyo maze kurya numva mu nda ntameze neza kuva mu cyumweru gishize kandi sinshobora gusinzira. Murakoze.",kinyarwanda,ROUTINE,gastrointestinal,kinyarwanda->kinyarwanda:ROUTINE:gastrointestinal,iyo maze kurya numva mu nda ntameze neza,"Iyo {REL} amaze kurya, yumva inda itameze neza."
"Simbizi niba bikomeye ariko, umugabo wanjye ari kuva amaraso menshi kandi ntahagarara kuva mu gitondo. Byatangiye gitunguranye. Mfasha muganga.",kinyarwanda,CRITICAL,haemorrhage_trauma,kinyarwanda->kinyarwanda:CRITICAL:haemorrhage_trauma,{REL} ari kuva amaraso menshi kandi ntahagarara.,ndi kuva amaraso menshi kandi ntahagarara
Ndashaka kujya kwa muganga kwisuzumisha diyabete kandi nta miti mfite. Ese ibi birakomeye?,kinyarwanda,ROUTINE,chronic_care,kinyarwanda->kinyarwanda:ROUTINE:chronic_care,Ndashaka kujya kwa muganga kwisuzumisha diyabete.,Ndashaka kujya kwa muganga kwisuzumisha SIDA.
"Nyabuneka, ndabyara ariko habanje gusohoka umugozi w'umwana kuva ejo. Byatangiye gitunguranye. Ntabasha kubona amafaranga yo kongera kuza kwa muganga.",kinyarwanda,CRITICAL,obstetric,kinyarwanda->kinyarwanda:CRITICAL:obstetric,Ndabyara ariko habanje gusohoka umugozi w'umwana.,Ndabyara ariko habanje gusohoka umugozi w'umwana.
"Muganga, nyuma yo kubyara, mushiki wanjye afite umuriro kandi hari ibintu bisohoka bifite impumuro mbi kuva mu gitondo kandi nta miti mfite. Ntabasha kubona amafaranga yo kongera kuza kwa muganga.",kinyarwanda,CRITICAL,obstetric,kinyarwanda->kinyarwanda:CRITICAL:obstetric,"Nyuma yo kubyara, {REL} afite umuriro kandi hari ibintu bisohoka bifite impumuro mbi.",Nyuma yo kubyara mfite umuriro kandi hari ibintu bisohoka bifite impumuro mbi.
"Ndashaka kukubwira ikibazo mfite. Nyuma yo kubyara, umuturanyi wanjye afite umuriro kandi hari ibintu bisohoka bifite impumuro mbi kuva hashize iminsi ibiri kandi birushaho kuba bibi. Nkora iki?",kinyarwanda,CRITICAL,obstetric,kinyarwanda->kinyarwanda:CRITICAL:obstetric,"Nyuma yo kubyara, {REL} afite umuriro kandi hari ibintu bisohoka bifite impumuro mbi.",Nyuma yo kubyara mfite umuriro kandi hari ibintu bisohoka bifite impumuro mbi.
"Muganga, mu gituza harandya cyane kandi ububabare bukagera no ku kuboko kuva mu gitondo nta miti imfasha. Mfasha muganga.",kinyarwanda,CRITICAL,cardiac_respiratory,kinyarwanda->kinyarwanda:CRITICAL:cardiac_respiratory,mu gituza harandya cyane kandi ububabare bukagera no ku kuboko,mu gituza harandya cyane kandi ububabare bukagera no ku kuboko
"Nyabuneka, mama arababara cyane mu gituza kandi ububabare bukagera no ku kuboko kuva ijoro ryashize kandi ndahangayitse. Naje mvuye kure.",kinyarwanda,CRITICAL,cardiac_respiratory,kinyarwanda->kinyarwanda:CRITICAL:cardiac_respiratory,{REL} arababara cyane mu gituza kandi ububabare bukagera no ku kuboko.,mu gituza harandya cyane kandi ububabare bukagera no ku kuboko
"Nyabuneka, mfite impiswi zirimo amaraso kuva ejo kandi birushaho kuba bibi. Ese ibi birakomeye?",kinyarwanda,URGENT,gastrointestinal,kinyarwanda->kinyarwanda:URGENT:gastrointestinal,Mfite impiswi zirimo amaraso.,Mfite impiswi zirimo amaraso.
"Mfasha vuba, nyuma yo kubyara, umuturanyi wanjye afite umuriro kandi hari ibintu bisohoka bifite impumuro mbi kuva hashize iminsi itatu. Byatangiye gitunguranye. Naje mvuye kure.",kinyarwanda,CRITICAL,obstetric,kinyarwanda->kinyarwanda:CRITICAL:obstetric,"Nyuma yo kubyara, {REL} afite umuriro kandi hari ibintu bisohoka bifite impumuro mbi.",Nyuma yo kubyara mfite umuriro kandi hari ibintu bisohoka bifite impumuro mbi.
"Muraho, ndashaka kujya kwa muganga kwisuzumisha diyabete kuva mu masaha abiri ashize. Ntabasha kubona amafaranga yo kongera kuza kwa muganga.",kinyarwanda,ROUTINE,chronic_care,kinyarwanda->kinyarwanda:ROUTINE:chronic_care,Ndashaka kujya kwa muganga kwisuzumisha diyabete.,Ndashaka kujya kwa muganga kwisuzumisha SIDA.
Ndashaka kukubwira ikibazo mfite. Papa yataye ubwenge kandi ntasubiza kuva hashize icyumweru bikarushaho nijoro. Ese ibi birakomeye?,kinyarwanda,CRITICAL,neurological,kinyarwanda->kinyarwanda:CRITICAL:neurological,{REL} yataye ubwenge kandi ntasubiza.,{REL} yataye ubwenge kandi ntasubiza.
"Mumbabarire, ndashaka kubabwira ikibazo mfite. Mama ashaka imiti y'inzoka y'umwana we kuva hashize iminsi ibiri. Abandi bana na bo bafite iki kibazo.",kinyarwanda,ROUTINE,preventive,kinyarwanda->kinyarwanda:ROUTINE:preventive,{REL} ashaka imiti y'inzoka y'umwana we.,Ndashaka imiti y'inzoka y'umwana wanjye.
"Muraho, umugabo wanjye ntashobora kuvuga neza kandi umunwa we waragoramye kuva hashize iminsi itatu",kinyarwanda,CRITICAL,neurological,kinyarwanda->kinyarwanda:CRITICAL:neurological,{REL} ntashobora kuvuga neza kandi umunwa we waragoramye.,{REL} ntashobora kuvuga neza kandi umunwa we waragoramye.
"Muraho, mama yagagaye kandi arimo guhinda umushyitsi kuva mu gitondo kandi sinshobora gusinzira. Ntegereze cyangwa nsuzumwe ubu?",kinyarwanda,CRITICAL,neurological,kinyarwanda->kinyarwanda:CRITICAL:neurological,{REL} yagagaye kandi arimo guhinda umushyitsi.,{REL} yagagaye kandi arimo guhinda umushyitsi.
"Mfasha vuba, ndava amaraso menshi nyuma yo kubyara kuva mu cyumweru gishize bikarushaho nijoro. Mfasha muganga.",kinyarwanda,CRITICAL,obstetric,kinyarwanda->kinyarwanda:CRITICAL:obstetric,ndava amaraso menshi nyuma yo kubyara,ndava amaraso menshi nyuma yo kubyara
"Muganga, amazuru arantemba gake kuva mu masaha abiri ashize nta miti imfasha. Nkora iki?",kinyarwanda,ROUTINE,infectious_fever,kinyarwanda->kinyarwanda:ROUTINE:infectious_fever,amazuru arantemba gake,amazuru arantemba gake
"Ndakeneye ubufasha, maze ibyumweru birenga bibiri nkorora kandi natangiye no kunanuka kuva mu masaha abiri ashize kandi nta miti mfite. Nkora iki?",kinyarwanda,URGENT,cardiac_respiratory,kinyarwanda->kinyarwanda:URGENT:cardiac_respiratory,Maze ibyumweru birenga bibiri nkorora kandi natangiye no kunanuka.,Maze ibyumweru birenga bibiri nkorora kandi natangiye no kunanuka.
"Mfasha, mfite gahunda yo kwisuzumisha buri mwaka kuva hashize icyumweru. Byatangiye gitunguranye. Ndakeneye ubufasha vuba.",kinyarwanda,ROUTINE,preventive,kinyarwanda->kinyarwanda:ROUTINE:preventive,Mfite gahunda yo kwisuzumisha buri mwaka.,Mfite gahunda yo kwisuzumisha buri mwaka.
"Ndashaka kukubwira ikibazo mfite. Ndatwite, umutwe urandya cyane kandi sinshobora kureba neza kuva mu cyumweru gishize kandi nta miti mfite. Naje mvuye kure.",kinyarwanda,CRITICAL,obstetric,kinyarwanda->kinyarwanda:CRITICAL:obstetric,"Ndatwite, umutwe urandya cyane kandi sinshobora kureba neza.","Ndatwite, umutwe urandya cyane kandi sinshobora kureba neza."
Mfite umwanda usa umukara kuva ubu gitondo cya kare. Byatangiye gitunguranye. Ese ibi birakomeye?,kinyarwanda,CRITICAL,gastrointestinal,kinyarwanda->kinyarwanda:CRITICAL:gastrointestinal,Mfite umwanda usa umukara.,Mfite umwanda usa umukara.
"Nzanye umwana wanjye, ndashaka kongererwa imiti mfata kuva hashize iminsi ibiri kandi sinshobora gusinzira. Ntegereze cyangwa nsuzumwe ubu?",kinyarwanda,ROUTINE,chronic_care,kinyarwanda->kinyarwanda:ROUTINE:chronic_care,ndashaka kongererwa imiti mfata,ndashaka kongererwa imiti mfata
"Mumbabarire, ndashaka kubabwira ikibazo mfite. Umwana wanjye arakomeza kuruka kandi ntashobora kurya kuva mu gitondo kandi ndahangayitse. Ndakeneye ubufasha vuba.",kinyarwanda,URGENT,gastrointestinal,kinyarwanda->kinyarwanda:URGENT:gastrointestinal,{REL} arakomeza kuruka kandi ntashobora kurya.,ndakomeza kuruka kandi sinshobora kurya
"Ndakeneye ubufasha, mushiki wanjye aratwite kandi yaragagaye kuva hashize iminsi ibiri bikarushaho nijoro. Mfasha muganga.",kinyarwanda,CRITICAL,obstetric,kinyarwanda->kinyarwanda:CRITICAL:obstetric,{REL} aratwite kandi yaragagaye.,Ndatwite kandi nagagaye.
"Nyabuneka, mushiki wanjye nta miti y'igituntu afite kuva mu gitondo bikarushaho nijoro. Urakoze.",kinyarwanda,URGENT,chronic_care,kinyarwanda->kinyarwanda:URGENT:chronic_care,{REL} nta miti y'igituntu afite.,Nta miti y'igituntu mfite.
"Nyabuneka, mama ahumeka bimugora cyane ku buryo adashobora no kuvuga neza kuva hashize iminsi itatu kandi sinshobora gusinzira. Naje mvuye kure.",kinyarwanda,CRITICAL,cardiac_respiratory,kinyarwanda->kinyarwanda:CRITICAL:cardiac_respiratory,{REL} ahumeka bimugora cyane ku buryo adashobora no kuvuga neza.,Guhumeka birangora cyane ku buryo ntabasha no kuvuga neza.
"Iyo mpumeka, numva igituza gifashe kandi mpumeka nkumva hari ijwi ridasanzwe kuva ijoro ryashize kandi sinshobora gusinzira. Mfasha muganga.",kinyarwanda,URGENT,cardiac_respiratory,kinyarwanda->kinyarwanda:URGENT:cardiac_respiratory,"Iyo mpumeka, numva igituza gifashe kandi mpumeka nkumva hari ijwi ridasanzwe.","Iyo mpumeka, numva igituza gifashe kandi mpumeka nkumva hari ijwi ridasanzwe."
"Simbizi niba bikomeye ariko, umugabo wanjye afite ubushye bunini ku mubiri kuva ijoro ryashize. Byatangiye gitunguranye. Ntegereze cyangwa nsuzumwe ubu?",kinyarwanda,CRITICAL,haemorrhage_trauma,kinyarwanda->kinyarwanda:CRITICAL:haemorrhage_trauma,{REL} afite ubushye bunini ku mubiri.,Mfite ubushye bunini ku mubiri.
Ndashaka kukubwira ikibazo mfite. Mfite igikomere gito kandi amaraso yarahagaze kuva hashize icyumweru. Mfasha muganga.,kinyarwanda,ROUTINE,haemorrhage_trauma,kinyarwanda->kinyarwanda:ROUTINE:haemorrhage_trauma,Mfite igikomere gito kandi amaraso yarahagaze.,Mfite igikomere gito kandi amaraso yarahagaze.
"Ndakeneye ubufasha, ndaruka cyane kandi numva mfite intege nke kuva hashize iminsi itatu kandi nta miti mfite. Ntegereze cyangwa nsuzumwe ubu?",kinyarwanda,URGENT,gastrointestinal,kinyarwanda->kinyarwanda:URGENT:gastrointestinal,ndaruka cyane kandi numva mfite intege nke,ndaruka cyane kandi numva mfite intege nke
"Mumbabarire, ndashaka kubabwira ikibazo mfite. Mushiki wanjye arava amaraso menshi nyuma yo kubyara kuva ijoro ryashize kandi sinshobora gusinzira. Ntabasha kubona amafaranga yo kongera kuza kwa muganga.",kinyarwanda,CRITICAL,obstetric,kinyarwanda->kinyarwanda:CRITICAL:obstetric,{REL} arava amaraso menshi nyuma yo kubyara.,ndava amaraso menshi nyuma yo kubyara
Mfite impiswi zirimo amaraso kuva mu cyumweru gishize. Abandi bana na bo bafite iki kibazo. Mfasha muganga.,kinyarwanda,URGENT,gastrointestinal,kinyarwanda->kinyarwanda:URGENT:gastrointestinal,Mfite impiswi zirimo amaraso.,Mfite impiswi zirimo amaraso.
"Mfasha vuba, umugore wanjye aratwite kandi afite umuriro kuva hashize iminsi itatu biragenda bikagaruka. Ntabasha kubona amafaranga yo kongera kuza kwa muganga.",kinyarwanda,URGENT,obstetric,kinyarwanda->kinyarwanda:URGENT:obstetric,{REL} aratwite kandi afite umuriro.,Ndatwite kandi mfite umuriro.
"Nyabuneka, mfite umuhaha kuva ejo. Abandi bana na bo bafite iki kibazo. Ntabasha kubona amafaranga yo kongera kuza kwa muganga.",kinyarwanda,URGENT,paediatric,kinyarwanda->kinyarwanda:URGENT:paediatric,Mfite umuhaha.,Mfite umuhaha.
"Naje hano mbere, nta miti y'igituntu mfite kuva mu cyumweru gishize bikarushaho nijoro. Ni imiti ki nafata?",kinyarwanda,URGENT,chronic_care,kinyarwanda->kinyarwanda:URGENT:chronic_care,Nta miti y'igituntu mfite.,Nta miti y'igituntu mfite.
"Ndakeneye ubufasha, umuturanyi wanjye isukari yo mu maraso ye yazamutse cyane kuva hashize iminsi itatu kandi sinshobora gusinzira. Ese ibi birakomeye?",kinyarwanda,URGENT,chronic_care,kinyarwanda->kinyarwanda:URGENT:chronic_care,{REL} isukari yo mu maraso ye yazamutse cyane.,isukari yo mu maraso yanjye yazamutse cyane
"Nyabuneka, umugabo wanjye araruka amaraso kuva mu cyumweru gishize. Ntabasha kubona amafaranga yo kongera kuza kwa muganga.",kinyarwanda,CRITICAL,gastrointestinal,kinyarwanda->kinyarwanda:CRITICAL:gastrointestinal,{REL} araruka amaraso.,Ndaruka amaraso.
Ndashaka kukubwira ikibazo mfite. Ndabyara ariko habanje gusohoka umugozi w'umwana kuva hashize iminsi ibiri. Ntegereze cyangwa nsuzumwe ubu?,kinyarwanda,CRITICAL,obstetric,kinyarwanda->kinyarwanda:CRITICAL:obstetric,Ndabyara ariko habanje gusohoka umugozi w'umwana.,Ndabyara ariko habanje gusohoka umugozi w'umwana.
"Mumbabarire, ndashaka kubabwira ikibazo mfite. Mfite gahunda yo kwisuzumisha buri mwaka kuva ijoro ryashize nta miti imfasha",kinyarwanda,ROUTINE,preventive,kinyarwanda->kinyarwanda:ROUTINE:preventive,Mfite gahunda yo kwisuzumisha buri mwaka.,Mfite gahunda yo kwisuzumisha buri mwaka.
"Mfasha, umugore wanjye ashaka ko bapima SIDA kuva hashize icyumweru nta miti imfasha. Mfasha muganga.",kinyarwanda,ROUTINE,preventive,kinyarwanda->kinyarwanda:ROUTINE:preventive,{REL} ashaka ko bapima SIDA.,Ndashaka ko bapima SIDA.
Ndashaka kukubwira ikibazo mfite. Maze umunsi wose mbabara ngerageza kubyara ariko umwana ntarasohoka kuva ubu gitondo cya kare kandi nta miti mfite. Mfasha muganga.,kinyarwanda,CRITICAL,obstetric,kinyarwanda->kinyarwanda:CRITICAL:obstetric,Maze umunsi wose mbabara ngerageza kubyara ariko umwana ntarasohoka.,Maze umunsi wose mbabara ngerageza kubyara ariko umwana ntarasohoka.
"Mfasha, umukecuru araruka amaraso kuva mu cyumweru gishize biragenda bikagaruka. Nkora iki?",kinyarwanda,CRITICAL,gastrointestinal,kinyarwanda->kinyarwanda:CRITICAL:gastrointestinal,{REL} araruka amaraso.,Ndaruka amaraso.
"Mfasha vuba, ndava amaraso menshi nyuma yo kubyara kuva ejo kandi nta miti mfite. Naje mvuye kure.",kinyarwanda,CRITICAL,obstetric,kinyarwanda->kinyarwanda:CRITICAL:obstetric,ndava amaraso menshi nyuma yo kubyara,ndava amaraso menshi nyuma yo kubyara
"Simbizi niba bikomeye ariko, mu gituza harandya cyane kandi ububabare bukagera no ku kuboko kuva ubu gitondo cya kare bikarushaho nijoro. Ndakeneye ubufasha vuba.",kinyarwanda,CRITICAL,cardiac_respiratory,kinyarwanda->kinyarwanda:CRITICAL:cardiac_respiratory,mu gituza harandya cyane kandi ububabare bukagera no ku kuboko,mu gituza harandya cyane kandi ububabare bukagera no ku kuboko
Ndashaka kukubwira ikibazo mfite. Umukecuru nta miti y'igituntu afite kuva ubu gitondo cya kare kandi sinshobora gusinzira. Murakoze.,kinyarwanda,URGENT,chronic_care,kinyarwanda->kinyarwanda:URGENT:chronic_care,{REL} nta miti y'igituntu afite.,Nta miti y'igituntu mfite.
"Simbizi niba bikomeye ariko, mama ashaka ko bapima SIDA kandi sinshobora gusinzira. Mfasha muganga.",kinyarwanda,ROUTINE,preventive,kinyarwanda->kinyarwanda:ROUTINE:preventive,{REL} ashaka ko bapima SIDA.,Ndashaka ko bapima SIDA.
"Ndakeneye ubufasha, mama yabyimbye ibirenge kandi ntashobora guhumeka neza iyo aragaramye kuva hashize icyumweru kandi birushaho kuba bibi",kinyarwanda,URGENT,chronic_care,kinyarwanda->kinyarwanda:URGENT:chronic_care,{REL} yabyimbye ibirenge kandi ntashobora guhumeka neza iyo aragaramye.,Nabyimbye ibirenge kandi sinshobora guhumeka neza iyo ndagaramye.
Mama isukari yo mu maraso ye yazamutse cyane kuva ubu gitondo cya kare kandi nta miti mfite. Ese ibi birakomeye?,kinyarwanda,URGENT,chronic_care,kinyarwanda->kinyarwanda:URGENT:chronic_care,{REL} isukari yo mu maraso ye yazamutse cyane.,isukari yo mu maraso yanjye yazamutse cyane
Guhumeka birangora cyane ku buryo ntabasha no kuvuga neza kuva hashize icyumweru nta miti imfasha. Nkora iki?,kinyarwanda,CRITICAL,cardiac_respiratory,kinyarwanda->kinyarwanda:CRITICAL:cardiac_respiratory,Guhumeka birangora cyane ku buryo ntabasha no kuvuga neza.,Guhumeka birangora cyane ku buryo ntabasha no kuvuga neza.
"Ndakeneye ubufasha, amazuru arantemba gake kuva hashize iminsi itatu. Byatangiye gitunguranye. Ntegereze cyangwa nsuzumwe ubu?",kinyarwanda,ROUTINE,infectious_fever,kinyarwanda->kinyarwanda:ROUTINE:infectious_fever,amazuru arantemba gake,amazuru arantemba gake
Ndashaka kukubwira ikibazo mfite. Umugabo wanjye nta miti ya SIDA afite kuva mu masaha abiri ashize. Abandi bana na bo bafite iki kibazo. Naje mvuye kure.,kinyarwanda,URGENT,chronic_care,kinyarwanda->kinyarwanda:URGENT:chronic_care,{REL} nta miti ya SIDA afite.,Nta miti ya SIDA mfite.
"Ndakeneye ubufasha, mama ahumeka bimugora cyane ku buryo adashobora no kuvuga neza kandi ndahangayitse. Ese ibi birakomeye?",kinyarwanda,CRITICAL,cardiac_respiratory,kinyarwanda->kinyarwanda:CRITICAL:cardiac_respiratory,{REL} ahumeka bimugora cyane ku buryo adashobora no kuvuga neza.,Guhumeka birangora cyane ku buryo ntabasha no kuvuga neza.
"Mfasha vuba, mfite umuriro mwinshi kandi ndakorora cyane kuva ejo nta miti imfasha. Ntabasha kubona amafaranga yo kongera kuza kwa muganga.",kinyarwanda,URGENT,infectious_fever,kinyarwanda->kinyarwanda:URGENT:infectious_fever,mfite umuriro mwinshi kandi ndakorora cyane,mfite umuriro mwinshi kandi ndakorora cyane
"Mfasha vuba, mfite ubushye bunini ku mubiri kuva ubu gitondo cya kare biragenda bikagaruka. Naje mvuye kure.",kinyarwanda,CRITICAL,haemorrhage_trauma,kinyarwanda->kinyarwanda:CRITICAL:haemorrhage_trauma,Mfite ubushye bunini ku mubiri.,Mfite ubushye bunini ku mubiri.
"Mumbabarire, ndashaka kubabwira ikibazo mfite. Umwana wanjye ntashobora kuvuga neza kandi umunwa we waragoramye kuva hashize iminsi ibiri kandi ndahangayitse. Mfasha muganga.",kinyarwanda,CRITICAL,neurological,kinyarwanda->kinyarwanda:CRITICAL:neurological,{REL} ntashobora kuvuga neza kandi umunwa we waragoramye.,{REL} ntashobora kuvuga neza kandi umunwa we waragoramye.
Umugabo wanjye yagagaye kandi arimo guhinda umushyitsi kuva hashize iminsi ibiri bikarushaho nijoro. Ni imiti ki nafata?,kinyarwanda,CRITICAL,neurological,kinyarwanda->kinyarwanda:CRITICAL:neurological,{REL} yagagaye kandi arimo guhinda umushyitsi.,{REL} yagagaye kandi arimo guhinda umushyitsi.
"Simbizi niba bikomeye ariko, umuturanyi wanjye amaze iminsi itatu arwaye impiswi zikomeye kuva ejo. Murakoze.",kinyarwanda,URGENT,gastrointestinal,kinyarwanda->kinyarwanda:URGENT:gastrointestinal,{REL} amaze iminsi itatu arwaye impiswi zikomeye.,maze iminsi itatu ndwaye impiswi zikomeye
"Nyabuneka, ndatwite kandi ndashaka kujya kwa muganga kwisuzumisha kuva mu masaha abiri ashize bikarushaho nijoro",kinyarwanda,ROUTINE,obstetric,kinyarwanda->kinyarwanda:ROUTINE:obstetric,Ndatwite kandi ndashaka kujya kwa muganga kwisuzumisha.,Ndatwite kandi ndashaka kujya kwa muganga kwisuzumisha.
"Naje hano mbere, ndatwite kandi nagagaye kuva hashize icyumweru kandi ndahangayitse. Ese ibi birakomeye?",kinyarwanda,CRITICAL,obstetric,kinyarwanda->kinyarwanda:CRITICAL:obstetric,Ndatwite kandi nagagaye.,Ndatwite kandi nagagaye.
"Simbizi niba bikomeye ariko, maze ibyumweru birenga bibiri nkorora kandi natangiye no kunanuka kuva ijoro ryashize kandi birushaho kuba bibi. Ni imiti ki nafata?",kinyarwanda,URGENT,cardiac_respiratory,kinyarwanda->kinyarwanda:URGENT:cardiac_respiratory,Maze ibyumweru birenga bibiri nkorora kandi natangiye no kunanuka.,Maze ibyumweru birenga bibiri nkorora kandi natangiye no kunanuka.
Umwana wanjye afite ubushye bunini ku mubiri kuva hashize iminsi itatu kandi birushaho kuba bibi. Ese ibi birakomeye?,kinyarwanda,CRITICAL,haemorrhage_trauma,kinyarwanda->kinyarwanda:CRITICAL:haemorrhage_trauma,{REL} afite ubushye bunini ku mubiri.,Mfite ubushye bunini ku mubiri.
"Ndakeneye ubufasha, umukecuru afite ubushye bunini ku mubiri bikarushaho nijoro. Ese ibi birakomeye?",kinyarwanda,CRITICAL,haemorrhage_trauma,kinyarwanda->kinyarwanda:CRITICAL:haemorrhage_trauma,{REL} afite ubushye bunini ku mubiri.,Mfite ubushye bunini ku mubiri.
"Mumbabarire, ndashaka kubabwira ikibazo mfite. Umuturanyi wanjye amaze umunsi wose ari mu bubabare bwo kubyara ariko umwana ntarasohoka kuva mu gitondo kandi sinshobora gusinzira. Nkora iki?",kinyarwanda,CRITICAL,obstetric,kinyarwanda->kinyarwanda:CRITICAL:obstetric,{REL} amaze umunsi wose ari mu bubabare bwo kubyara ariko umwana ntarasohoka.,Maze umunsi wose mbabara ngerageza kubyara ariko umwana ntarasohoka.
"Muganga, nyuma yo kubyara mfite umuriro kandi hari ibintu bisohoka bifite impumuro mbi kuva mu masaha abiri ashize biragenda bikagaruka. Ntegereze cyangwa nsuzumwe ubu?",kinyarwanda,CRITICAL,obstetric,kinyarwanda->kinyarwanda:CRITICAL:obstetric,Nyuma yo kubyara mfite umuriro kandi hari ibintu bisohoka bifite impumuro mbi.,Nyuma yo kubyara mfite umuriro kandi hari ibintu bisohoka bifite impumuro mbi.
"Simbizi niba bikomeye ariko, umugore wanjye ashaka inama ku biryo byo kugaburira umwana we kuva mu masaha abiri ashize kandi nta miti mfite. Naje mvuye kure.",kinyarwanda,ROUTINE,preventive,kinyarwanda->kinyarwanda:ROUTINE:preventive,{REL} ashaka inama ku biryo byo kugaburira umwana we.,Ndashaka inama ku biryo byo kugaburira umwana wanjye.
"Simbizi niba bikomeye ariko, ndatwite kandi ndashaka kujya kwa muganga kwisuzumisha kuva mu gitondo kandi sinshobora gusinzira. Ntabasha kubona amafaranga yo kongera kuza kwa muganga.",kinyarwanda,ROUTINE,obstetric,kinyarwanda->kinyarwanda:ROUTINE:obstetric,Ndatwite kandi ndashaka kujya kwa muganga kwisuzumisha.,Ndatwite kandi ndashaka kujya kwa muganga kwisuzumisha.
"Naje hano mbere, nyuma yo kubyara, umugore wanjye afite umuriro kandi hari ibintu bisohoka bifite impumuro mbi kuva ijoro ryashize biragenda bikagaruka",kinyarwanda,CRITICAL,obstetric,kinyarwanda->kinyarwanda:CRITICAL:obstetric,"Nyuma yo kubyara, {REL} afite umuriro kandi hari ibintu bisohoka bifite impumuro mbi.",Nyuma yo kubyara mfite umuriro kandi hari ibintu bisohoka bifite impumuro mbi.
"Mfasha vuba, isukari yo mu maraso yanjye yazamutse cyane kuva ubu gitondo cya kare kandi ndahangayitse. Murakoze.",kinyarwanda,URGENT,chronic_care,kinyarwanda->kinyarwanda:URGENT:chronic_care,isukari yo mu maraso yanjye yazamutse cyane,isukari yo mu maraso yanjye yazamutse cyane
"Naje hano mbere, umukecuru nta miti y'igituntu afite kuva hashize icyumweru nta miti imfasha. Ntabasha kubona amafaranga yo kongera kuza kwa muganga.",kinyarwanda,URGENT,chronic_care,kinyarwanda->kinyarwanda:URGENT:chronic_care,{REL} nta miti y'igituntu afite.,Nta miti y'igituntu mfite.
"Mfasha vuba, ndabyara ariko habanje gusohoka umugozi w'umwana kuva mu cyumweru gishize kandi sinshobora gusinzira. Ni imiti ki nafata?",kinyarwanda,CRITICAL,obstetric,kinyarwanda->kinyarwanda:CRITICAL:obstetric,Ndabyara ariko habanje gusohoka umugozi w'umwana.,Ndabyara ariko habanje gusohoka umugozi w'umwana.
"Ndakeneye ubufasha, umwana wanjye afite igikomere cyanduye, kiratukura kandi kirimo amashyira kuva hashize iminsi ibiri nta miti imfasha. Ndakeneye ubufasha vuba.",kinyarwanda,URGENT,haemorrhage_trauma,kinyarwanda->kinyarwanda:URGENT:haemorrhage_trauma,"{REL} afite igikomere cyanduye, kiratukura kandi kirimo amashyira.","mfite igikomere cyanduye, kiratukura kandi kirimo amashyira"
"Mumbabarire, ndashaka kubabwira ikibazo mfite. Papa ntashobora kuvuga neza kandi umunwa we waragoramye kuva ejo kandi ndahangayitse. Ni imiti ki nafata?",kinyarwanda,CRITICAL,neurological,kinyarwanda->kinyarwanda:CRITICAL:neurological,{REL} ntashobora kuvuga neza kandi umunwa we waragoramye.,{REL} ntashobora kuvuga neza kandi umunwa we waragoramye.
"Mfasha vuba, umuturanyi wanjye arava amaraso menshi nyuma yo kubyara kuva mu gitondo kandi nta miti mfite",kinyarwanda,CRITICAL,obstetric,kinyarwanda->kinyarwanda:CRITICAL:obstetric,{REL} arava amaraso menshi nyuma yo kubyara.,ndava amaraso menshi nyuma yo kubyara
"Naje hano mbere, mama nta miti y'igituntu afite kuva ubu gitondo cya kare kandi ndahangayitse. Ntabasha kubona amafaranga yo kongera kuza kwa muganga.",kinyarwanda,URGENT,chronic_care,kinyarwanda->kinyarwanda:URGENT:chronic_care,{REL} nta miti y'igituntu afite.,Nta miti y'igituntu mfite.
"Muganga, mu gituza harandya cyane kandi ububabare bukagera no ku kuboko kandi sinshobora gusinzira. Naje mvuye kure.",kinyarwanda,CRITICAL,cardiac_respiratory,kinyarwanda->kinyarwanda:CRITICAL:cardiac_respiratory,mu gituza harandya cyane kandi ububabare bukagera no ku kuboko,mu gituza harandya cyane kandi ububabare bukagera no ku kuboko
"Muganga, umuturanyi wanjye araruka ibyo arya byose kandi ntashobora no kunywa kuva hashize icyumweru bikarushaho nijoro. Ntabasha kubona amafaranga yo kongera kuza kwa muganga.",kinyarwanda,CRITICAL,gastrointestinal,kinyarwanda->kinyarwanda:CRITICAL:gastrointestinal,{REL} araruka ibyo arya byose kandi ntashobora no kunywa.,Ndaruka ibyo ndya byose kandi sinshobora no kunywa.
"Nyabuneka, umugabo wanjye ashaka ko bapima ibiro by'umwana we kuva mu masaha abiri ashize kandi sinshobora gusinzira. Urakoze.",kinyarwanda,ROUTINE,paediatric,kinyarwanda->kinyarwanda:ROUTINE:paediatric,{REL} ashaka ko bapima ibiro by'umwana we.,Ndashaka ko bapima ibiro by'umwana wanjye.
"Nyabuneka, papa ashaka inama ku biryo byo kugaburira umwana we kuva mu gitondo kandi birushaho kuba bibi. Urakoze.",kinyarwanda,ROUTINE,preventive,kinyarwanda->kinyarwanda:ROUTINE:preventive,{REL} ashaka inama ku biryo byo kugaburira umwana we.,Ndashaka inama ku biryo byo kugaburira umwana wanjye.
"Nzanye umwana wanjye, mfite ubushye bunini ku mubiri kuva ijoro ryashize. Abandi bana na bo bafite iki kibazo. Naje mvuye kure.",kinyarwanda,CRITICAL,haemorrhage_trauma,kinyarwanda->kinyarwanda:CRITICAL:haemorrhage_trauma,Mfite ubushye bunini ku mubiri.,Mfite ubushye bunini ku mubiri.
"Naje hano mbere, ndabyara ariko habanje gusohoka umugozi w'umwana kuva hashize icyumweru kandi nta miti mfite. Naje mvuye kure.",kinyarwanda,CRITICAL,obstetric,kinyarwanda->kinyarwanda:CRITICAL:obstetric,Ndabyara ariko habanje gusohoka umugozi w'umwana.,Ndabyara ariko habanje gusohoka umugozi w'umwana.
Ndashaka kukubwira ikibazo mfite. Papa yabyimbye ibirenge kandi ntashobora guhumeka neza iyo aragaramye kuva ejo bikarushaho nijoro. Urakoze.,kinyarwanda,URGENT,chronic_care,kinyarwanda->kinyarwanda:URGENT:chronic_care,{REL} yabyimbye ibirenge kandi ntashobora guhumeka neza iyo aragaramye.,Nabyimbye ibirenge kandi sinshobora guhumeka neza iyo ndagaramye.
"Ndakeneye ubufasha, mu rugo hari umuntu urwaye igituntu kandi ndashaka kwisuzumisha kuva ejo. Byatangiye gitunguranye. Ese ibi birakomeye?",kinyarwanda,URGENT,preventive,kinyarwanda->kinyarwanda:URGENT:preventive,Mu rugo hari umuntu urwaye igituntu kandi ndashaka kwisuzumisha.,Mu rugo hari umuntu urwaye igituntu kandi ndashaka kwisuzumisha.
"Muganga, umugore wanjye aratwite kandi yaragagaye kuva mu gitondo kandi ndahangayitse. Ntabasha kubona amafaranga yo kongera kuza kwa muganga.",kinyarwanda,CRITICAL,obstetric,kinyarwanda->kinyarwanda:CRITICAL:obstetric,{REL} aratwite kandi yaragagaye.,Ndatwite kandi nagagaye.
"Simbizi niba bikomeye ariko, mfite gahunda yo kwisuzumisha buri mwaka kuva mu gitondo kandi ndahangayitse. Ntegereze cyangwa nsuzumwe ubu?",kinyarwanda,ROUTINE,preventive,kinyarwanda->kinyarwanda:ROUTINE:preventive,Mfite gahunda yo kwisuzumisha buri mwaka.,Mfite gahunda yo kwisuzumisha buri mwaka.
"Simbizi niba bikomeye ariko, ndabyara ariko habanje gusohoka umugozi w'umwana. Byatangiye gitunguranye. Mfasha muganga.",kinyarwanda,CRITICAL,obstetric,kinyarwanda->kinyarwanda:CRITICAL:obstetric,Ndabyara ariko habanje gusohoka umugozi w'umwana.,Ndabyara ariko habanje gusohoka umugozi w'umwana.
"Naje hano mbere, mushiki wanjye arava amaraso menshi nyuma yo kubyara kuva ijoro ryashize kandi nta miti mfite. Ni imiti ki nafata?",kinyarwanda,CRITICAL,obstetric,kinyarwanda->kinyarwanda:CRITICAL:obstetric,{REL} arava amaraso menshi nyuma yo kubyara.,ndava amaraso menshi nyuma yo kubyara
"Mfasha vuba, ndatwite, umutwe urandya cyane kandi sinshobora kureba neza kuva mu gitondo. Ndakeneye ubufasha vuba.",kinyarwanda,CRITICAL,obstetric,kinyarwanda->kinyarwanda:CRITICAL:obstetric,"Ndatwite, umutwe urandya cyane kandi sinshobora kureba neza.","Ndatwite, umutwe urandya cyane kandi sinshobora kureba neza."
"Mumbabarire, ndashaka kubabwira ikibazo mfite. Amazi yamenetse ariko igihe cyo kubyara ntikiragera kuva mu cyumweru gishize bikarushaho nijoro. Murakoze.",kinyarwanda,URGENT,obstetric,kinyarwanda->kinyarwanda:URGENT:obstetric,Amazi yamenetse ariko igihe cyo kubyara ntikiragera.,Amazi yamenetse ariko igihe cyo kubyara ntikiragera.
Umwana wanjye afite umuriro mwinshi kandi ntarya kuva hashize iminsi ibiri. Abandi bana na bo bafite iki kibazo. Ndakeneye ubufasha vuba.,kinyarwanda,URGENT,paediatric,kinyarwanda->kinyarwanda:URGENT:paediatric,{REL} afite umuriro mwinshi kandi ntarya.,{REL} afite umuriro mwinshi kandi ntarya.
"Mumbabarire, ndashaka kubabwira ikibazo mfite. Mfite gahunda yo kwisuzumisha buri mwaka kuva mu gitondo. Byatangiye gitunguranye. Ni imiti ki nafata?",kinyarwanda,ROUTINE,preventive,kinyarwanda->kinyarwanda:ROUTINE:preventive,Mfite gahunda yo kwisuzumisha buri mwaka.,Mfite gahunda yo kwisuzumisha buri mwaka.
"Mfasha vuba, ndashaka kujya kwa muganga kwisuzumisha SIDA kuva hashize iminsi ibiri kandi sinshobora gusinzira",kinyarwanda,ROUTINE,chronic_care,kinyarwanda->kinyarwanda:ROUTINE:chronic_care,Ndashaka kujya kwa muganga kwisuzumisha SIDA.,Ndashaka kujya kwa muganga kwisuzumisha SIDA.
"Naje hano mbere, ndaruka amaraso kuva hashize iminsi itatu biragenda bikagaruka. Nkora iki?",kinyarwanda,CRITICAL,gastrointestinal,kinyarwanda->kinyarwanda:CRITICAL:gastrointestinal,Ndaruka amaraso.,Ndaruka amaraso.
Isukari yo mu maraso yanjye yazamutse cyane kuva mu cyumweru gishize kandi sinshobora gusinzira. Urakoze.,kinyarwanda,URGENT,chronic_care,kinyarwanda->kinyarwanda:URGENT:chronic_care,isukari yo mu maraso yanjye yazamutse cyane,isukari yo mu maraso yanjye yazamutse cyane
"Nzanye umwana wanjye, ndaruka cyane kandi numva mfite intege nke kuva mu gitondo kandi ndahangayitse. Ntabasha kubona amafaranga yo kongera kuza kwa muganga.",kinyarwanda,URGENT,gastrointestinal,kinyarwanda->kinyarwanda:URGENT:gastrointestinal,ndaruka cyane kandi numva mfite intege nke,ndaruka cyane kandi numva mfite intege nke
"Muganga, umugabo wanjye isukari yo mu maraso ye yazamutse cyane kuva hashize iminsi ibiri nta miti imfasha. Ndakeneye ubufasha vuba.",kinyarwanda,URGENT,chronic_care,kinyarwanda->kinyarwanda:URGENT:chronic_care,{REL} isukari yo mu maraso ye yazamutse cyane.,isukari yo mu maraso yanjye yazamutse cyane
"Simbizi niba bikomeye ariko, umwana wanjye afite umuhaha kuva ijoro ryashize bikarushaho nijoro. Murakoze.",kinyarwanda,URGENT,paediatric,kinyarwanda->kinyarwanda:URGENT:paediatric,{REL} afite umuhaha.,Mfite umuhaha.
"Naje hano mbere, umwana wanjye ashaka kugirwa inama ku mazi yo kunywa kuva ejo kandi birushaho kuba bibi. Ntegereze cyangwa nsuzumwe ubu?",kinyarwanda,ROUTINE,preventive,kinyarwanda->kinyarwanda:ROUTINE:preventive,{REL} ashaka kugirwa inama ku mazi yo kunywa.,Ndashaka kugirwa inama ku mazi yo kunywa.
"Ndashaka kukubwira ikibazo mfite. Papa afite ibimenyetso bya malariya, umuriro n'imbeho kuva mu gitondo kandi birushaho kuba bibi. Ese ibi birakomeye?",kinyarwanda,URGENT,infectious_fever,kinyarwanda->kinyarwanda:URGENT:infectious_fever,"{REL} afite ibimenyetso bya malariya, umuriro n'imbeho.","Mfite ibimenyetso bya malariya, umuriro n'imbeho."
"Muraho, ndaruka amaraso kuva mu cyumweru gishize bikarushaho nijoro. Nkora iki?",kinyarwanda,CRITICAL,gastrointestinal,kinyarwanda->kinyarwanda:CRITICAL:gastrointestinal,Ndaruka amaraso.,Ndaruka amaraso.
"Naje hano mbere, umuturanyi wanjye aratwite kandi ashaka kwisuzumisha kwa muganga bwa mbere kuva ijoro ryashize kandi sinshobora gusinzira. Ni imiti ki nafata?",kinyarwanda,ROUTINE,preventive,kinyarwanda->kinyarwanda:ROUTINE:preventive,{REL} aratwite kandi ashaka kwisuzumisha kwa muganga bwa mbere.,Ndatwite kandi ndashaka kwisuzumisha kwa muganga bwa mbere.
"Ndakeneye ubufasha, ndaruka amaraso kuva hashize icyumweru biragenda bikagaruka. Ni imiti ki nafata?",kinyarwanda,CRITICAL,gastrointestinal,kinyarwanda->kinyarwanda:CRITICAL:gastrointestinal,Ndaruka amaraso.,Ndaruka amaraso.
"Nyabuneka, umugore wanjye amaze iminsi itatu arwaye impiswi zikomeye kuva mu cyumweru gishize. Byatangiye gitunguranye. Murakoze.",kinyarwanda,URGENT,gastrointestinal,kinyarwanda->kinyarwanda:URGENT:gastrointestinal,{REL} amaze iminsi itatu arwaye impiswi zikomeye.,maze iminsi itatu ndwaye impiswi zikomeye
"Nzanye umwana wanjye, ndashaka kujya kwa muganga kwisuzumisha diyabete kuva hashize iminsi itatu. Urakoze.",kinyarwanda,ROUTINE,chronic_care,kinyarwanda->kinyarwanda:ROUTINE:chronic_care,Ndashaka kujya kwa muganga kwisuzumisha diyabete.,Ndashaka kujya kwa muganga kwisuzumisha SIDA.
"Nyabuneka, amazuru arantemba gake kuva ijoro ryashize kandi sinshobora gusinzira. Ni imiti ki nafata?",kinyarwanda,ROUTINE,infectious_fever,kinyarwanda->kinyarwanda:ROUTINE:infectious_fever,amazuru arantemba gake,amazuru arantemba gake
"Muganga, umuturanyi wanjye nta miti y'igituntu afite kuva mu gitondo. Byatangiye gitunguranye. Nkora iki?",kinyarwanda,URGENT,chronic_care,kinyarwanda->kinyarwanda:URGENT:chronic_care,{REL} nta miti y'igituntu afite.,Nta miti y'igituntu mfite.
"Naje hano mbere, amazi yamenetse ariko igihe cyo kubyara ntikiragera kuva mu cyumweru gishize. Abandi bana na bo bafite iki kibazo. Murakoze.",kinyarwanda,URGENT,obstetric,kinyarwanda->kinyarwanda:URGENT:obstetric,Amazi yamenetse ariko igihe cyo kubyara ntikiragera.,Amazi yamenetse ariko igihe cyo kubyara ntikiragera.
"Nzanye umwana wanjye, umuturanyi wanjye afite ububabare bukabije mu nda bikarushaho nijoro. Ntegereze cyangwa nsuzumwe ubu?",kinyarwanda,URGENT,gastrointestinal,kinyarwanda->kinyarwanda:URGENT:gastrointestinal,{REL} afite ububabare bukabije mu nda.,Mfite ububabare bukabije mu nda.
"Nzanye umwana wanjye, umugore wanjye aratwite kandi afite umuriro kuva hashize iminsi itatu nta miti imfasha. Ntabasha kubona amafaranga yo kongera kuza kwa muganga.",kinyarwanda,URGENT,obstetric,kinyarwanda->kinyarwanda:URGENT:obstetric,{REL} aratwite kandi afite umuriro.,Ndatwite kandi mfite umuriro.
Ndashaka kukubwira ikibazo mfite. Mfite impiswi zirimo amaraso kuva mu gitondo kandi ndahangayitse. Ntabasha kubona amafaranga yo kongera kuza kwa muganga.,kinyarwanda,URGENT,gastrointestinal,kinyarwanda->kinyarwanda:URGENT:gastrointestinal,Mfite impiswi zirimo amaraso.,Mfite impiswi zirimo amaraso.
"Ndakeneye ubufasha, papa ashaka imiti y'inzoka y'umwana we kuva mu gitondo bikarushaho nijoro. Ntegereze cyangwa nsuzumwe ubu?",kinyarwanda,ROUTINE,preventive,kinyarwanda->kinyarwanda:ROUTINE:preventive,{REL} ashaka imiti y'inzoka y'umwana we.,Ndashaka imiti y'inzoka y'umwana wanjye.
Ndumva naniwe ariko si cyane kuva hashize iminsi itatu biragenda bikagaruka. Ndakeneye ubufasha vuba.,kinyarwanda,ROUTINE,neurological,kinyarwanda->kinyarwanda:ROUTINE:neurological,ndumva naniwe ariko si cyane,ndumva naniwe ariko si cyane
"Nzanye umwana wanjye, amazuru arantemba gake kuva mu gitondo. Abandi bana na bo bafite iki kibazo. Ntabasha kubona amafaranga yo kongera kuza kwa muganga.",kinyarwanda,ROUTINE,infectious_fever,kinyarwanda->kinyarwanda:ROUTINE:infectious_fever,amazuru arantemba gake,amazuru arantemba gake
Mfite impiswi zirimo amaraso kuva hashize iminsi itatu. Ntegereze cyangwa nsuzumwe ubu?,kinyarwanda,URGENT,gastrointestinal,kinyarwanda->kinyarwanda:URGENT:gastrointestinal,Mfite impiswi zirimo amaraso.,Mfite impiswi zirimo amaraso.
"Muraho, iyo maze kurya numva mu nda ntameze neza kuva ubu gitondo cya kare kandi sinshobora gusinzira. Murakoze.",kinyarwanda,ROUTINE,gastrointestinal,kinyarwanda->kinyarwanda:ROUTINE:gastrointestinal,iyo maze kurya numva mu nda ntameze neza,"Iyo {REL} amaze kurya, yumva inda itameze neza."
"Naje hano mbere, ndatwite kandi mfite umuriro kuva hashize icyumweru biragenda bikagaruka. Ntegereze cyangwa nsuzumwe ubu?",kinyarwanda,URGENT,obstetric,kinyarwanda->kinyarwanda:URGENT:obstetric,Ndatwite kandi mfite umuriro.,Ndatwite kandi mfite umuriro.
Ndashaka kukubwira ikibazo mfite. Umuturanyi wanjye amaze umunsi wose ari mu bubabare bwo kubyara ariko umwana ntarasohoka kuva ejo biragenda bikagaruka. Ndakeneye ubufasha vuba.,kinyarwanda,CRITICAL,obstetric,kinyarwanda->kinyarwanda:CRITICAL:obstetric,{REL} amaze umunsi wose ari mu bubabare bwo kubyara ariko umwana ntarasohoka.,Maze umunsi wose mbabara ngerageza kubyara ariko umwana ntarasohoka.
"Mfasha, umugore wanjye amaze iminsi itatu arwaye impiswi zikomeye kuva ijoro ryashize kandi nta miti mfite. Mfasha muganga.",kinyarwanda,URGENT,gastrointestinal,kinyarwanda->kinyarwanda:URGENT:gastrointestinal,{REL} amaze iminsi itatu arwaye impiswi zikomeye.,maze iminsi itatu ndwaye impiswi zikomeye
Guhumeka birangora cyane ku buryo ntabasha no kuvuga neza kuva mu cyumweru gishize kandi sinshobora gusinzira. Ntabasha kubona amafaranga yo kongera kuza kwa muganga.,kinyarwanda,CRITICAL,cardiac_respiratory,kinyarwanda->kinyarwanda:CRITICAL:cardiac_respiratory,Guhumeka birangora cyane ku buryo ntabasha no kuvuga neza.,Guhumeka birangora cyane ku buryo ntabasha no kuvuga neza.
"Mfasha vuba, papa ashaka imiti y'inzoka y'umwana we kuva ubu gitondo cya kare nta miti imfasha. Murakoze.",kinyarwanda,ROUTINE,preventive,kinyarwanda->kinyarwanda:ROUTINE:preventive,{REL} ashaka imiti y'inzoka y'umwana we.,Ndashaka imiti y'inzoka y'umwana wanjye.
"Mfasha, mushiki wanjye amaze umunsi wose ari mu bubabare bwo kubyara ariko umwana ntarasohoka kuva hashize iminsi itatu kandi ndahangayitse",kinyarwanda,CRITICAL,obstetric,kinyarwanda->kinyarwanda:CRITICAL:obstetric,{REL} amaze umunsi wose ari mu bubabare bwo kubyara ariko umwana ntarasohoka.,Maze umunsi wose mbabara ngerageza kubyara ariko umwana ntarasohoka.
"Muraho, umwana wanjye afite umuhaha kuva ijoro ryashize. Abandi bana na bo bafite iki kibazo. Ese ibi birakomeye?",kinyarwanda,URGENT,paediatric,kinyarwanda->kinyarwanda:URGENT:paediatric,{REL} afite umuhaha.,Mfite umuhaha.
"Mumbabarire, ndashaka kubabwira ikibazo mfite. Umugore wanjye amaze iminsi itatu arwaye impiswi zikomeye kuva hashize icyumweru. Ni imiti ki nafata?",kinyarwanda,URGENT,gastrointestinal,kinyarwanda->kinyarwanda:URGENT:gastrointestinal,{REL} amaze iminsi itatu arwaye impiswi zikomeye.,maze iminsi itatu ndwaye impiswi zikomeye
"Mumbabarire, ndashaka kubabwira ikibazo mfite. Mama ashaka imiti y'inzoka y'umwana we kuva mu masaha abiri ashize kandi nta miti mfite. Ni imiti ki nafata?",kinyarwanda,ROUTINE,preventive,kinyarwanda->kinyarwanda:ROUTINE:preventive,{REL} ashaka imiti y'inzoka y'umwana we.,Ndashaka imiti y'inzoka y'umwana wanjye.
"Ndakeneye ubufasha, amazuru arantemba gake kuva mu masaha abiri ashize. Byatangiye gitunguranye. Nkora iki?",kinyarwanda,ROUTINE,infectious_fever,kinyarwanda->kinyarwanda:ROUTINE:infectious_fever,amazuru arantemba gake,amazuru arantemba gake
"Nyabuneka, guhumeka birangora cyane ku buryo ntabasha no kuvuga neza kandi nta miti mfite. Ntegereze cyangwa nsuzumwe ubu?",kinyarwanda,CRITICAL,cardiac_respiratory,kinyarwanda->kinyarwanda:CRITICAL:cardiac_respiratory,Guhumeka birangora cyane ku buryo ntabasha no kuvuga neza.,Guhumeka birangora cyane ku buryo ntabasha no kuvuga neza.
"Mfasha vuba, papa afite umuriro mwinshi kandi yaragagaye kuva ejo biragenda bikagaruka. Ntegereze cyangwa nsuzumwe ubu?",kinyarwanda,CRITICAL,infectious_fever,kinyarwanda->kinyarwanda:CRITICAL:infectious_fever,{REL} afite umuriro mwinshi kandi yaragagaye.,Mfite umuriro mwinshi kandi nagagaye.
"Mfasha vuba, mama afite igikomere ku mutwe nyuma yo kugwa kuva ijoro ryashize biragenda bikagaruka. Ese ibi birakomeye?",kinyarwanda,CRITICAL,haemorrhage_trauma,kinyarwanda->kinyarwanda:CRITICAL:haemorrhage_trauma,{REL} afite igikomere ku mutwe nyuma yo kugwa.,mfite igikomere ku mutwe nyuma yo kugwa
"Mumbabarire, ndashaka kubabwira ikibazo mfite. Papa ashaka inama ku biryo byo kugaburira umwana we kuva mu masaha abiri ashize biragenda bikagaruka",kinyarwanda,ROUTINE,preventive,kinyarwanda->kinyarwanda:ROUTINE:preventive,{REL} ashaka inama ku biryo byo kugaburira umwana we.,Ndashaka inama ku biryo byo kugaburira umwana wanjye.
"Nyabuneka, mfite umuhaha kuva ijoro ryashize. Mfasha muganga.",kinyarwanda,URGENT,paediatric,kinyarwanda->kinyarwanda:URGENT:paediatric,Mfite umuhaha.,Mfite umuhaha.
"Naje hano mbere, papa arakomeza kuruka kandi ntashobora kurya. Byatangiye gitunguranye. Nkora iki?",kinyarwanda,URGENT,gastrointestinal,kinyarwanda->kinyarwanda:URGENT:gastrointestinal,{REL} arakomeza kuruka kandi ntashobora kurya.,ndakomeza kuruka kandi sinshobora kurya
"Simbizi niba bikomeye ariko, mfite umuhaha kuva hashize icyumweru. Byatangiye gitunguranye. Ntabasha kubona amafaranga yo kongera kuza kwa muganga.",kinyarwanda,URGENT,paediatric,kinyarwanda->kinyarwanda:URGENT:paediatric,Mfite umuhaha.,Mfite umuhaha.
"Nyabuneka, umutima uratera cyane kandi nkumva umeze nk'aho uhagarara kuva ubu gitondo cya kare kandi birushaho kuba bibi. Ntegereze cyangwa nsuzumwe ubu?",kinyarwanda,CRITICAL,cardiac_respiratory,kinyarwanda->kinyarwanda:CRITICAL:cardiac_respiratory,umutima uratera cyane kandi nkumva umeze nk'aho uhagarara,umutima uratera cyane kandi nkumva umeze nk'aho uhagarara
"Mfasha vuba, maze umunsi wose mbabara ngerageza kubyara ariko umwana ntarasohoka kuva hashize iminsi itatu kandi sinshobora gusinzira. Nkora iki?",kinyarwanda,CRITICAL,obstetric,kinyarwanda->kinyarwanda:CRITICAL:obstetric,Maze umunsi wose mbabara ngerageza kubyara ariko umwana ntarasohoka.,Maze umunsi wose mbabara ngerageza kubyara ariko umwana ntarasohoka.
"Nzanye umwana wanjye, amazi yamenetse ariko igihe cyo kubyara ntikiragera kuva ijoro ryashize kandi sinshobora gusinzira. Naje mvuye kure.",kinyarwanda,URGENT,obstetric,kinyarwanda->kinyarwanda:URGENT:obstetric,Amazi yamenetse ariko igihe cyo kubyara ntikiragera.,Amazi yamenetse ariko igihe cyo kubyara ntikiragera.
"Ndakeneye ubufasha, umuturanyi wanjye ntashobora kuvuga neza kandi umunwa we waragoramye kuva ubu gitondo cya kare kandi sinshobora gusinzira",kinyarwanda,CRITICAL,neurological,kinyarwanda->kinyarwanda:CRITICAL:neurological,{REL} ntashobora kuvuga neza kandi umunwa we waragoramye.,{REL} ntashobora kuvuga neza kandi umunwa we waragoramye.
"Muganga, ndatwite, umutwe urandya cyane kandi sinshobora kureba neza kuva hashize iminsi ibiri. Abandi bana na bo bafite iki kibazo. Nkora iki?",kinyarwanda,CRITICAL,obstetric,kinyarwanda->kinyarwanda:CRITICAL:obstetric,"Ndatwite, umutwe urandya cyane kandi sinshobora kureba neza.","Ndatwite, umutwe urandya cyane kandi sinshobora kureba neza."
"Ndakeneye ubufasha, umugore wanjye aratwite kandi yaragagaye kuva mu gitondo bikarushaho nijoro. Ese ibi birakomeye?",kinyarwanda,CRITICAL,obstetric,kinyarwanda->kinyarwanda:CRITICAL:obstetric,{REL} aratwite kandi yaragagaye.,Ndatwite kandi nagagaye.
"Nzanye umwana wanjye, mfite impiswi zirimo amaraso kuva mu cyumweru gishize biragenda bikagaruka. Urakoze.",kinyarwanda,URGENT,gastrointestinal,kinyarwanda->kinyarwanda:URGENT:gastrointestinal,Mfite impiswi zirimo amaraso.,Mfite impiswi zirimo amaraso.
"Naje hano mbere, umwana wanjye isukari yo mu maraso ye yazamutse cyane kuva ejo nta miti imfasha. Ntegereze cyangwa nsuzumwe ubu?",kinyarwanda,URGENT,chronic_care,kinyarwanda->kinyarwanda:URGENT:chronic_care,{REL} isukari yo mu maraso ye yazamutse cyane.,isukari yo mu maraso yanjye yazamutse cyane
"Naje hano mbere, umugore wanjye ahumeka bimugora cyane ku buryo adashobora no kuvuga neza kuva hashize iminsi itatu nta miti imfasha",kinyarwanda,CRITICAL,cardiac_respiratory,kinyarwanda->kinyarwanda:CRITICAL:cardiac_respiratory,{REL} ahumeka bimugora cyane ku buryo adashobora no kuvuga neza.,Guhumeka birangora cyane ku buryo ntabasha no kuvuga neza.
"Nzanye umwana wanjye, umwana wanjye afite igikomere gito kandi amaraso yarahagaze kuva ijoro ryashize kandi ndahangayitse. Ni imiti ki nafata?",kinyarwanda,ROUTINE,haemorrhage_trauma,kinyarwanda->kinyarwanda:ROUTINE:haemorrhage_trauma,{REL} afite igikomere gito kandi amaraso yarahagaze.,Mfite igikomere gito kandi amaraso yarahagaze.
"Muraho, umukecuru araruka ibyo arya byose kandi ntashobora no kunywa kuva ubu gitondo cya kare. Byatangiye gitunguranye. Ni imiti ki nafata?",kinyarwanda,CRITICAL,gastrointestinal,kinyarwanda->kinyarwanda:CRITICAL:gastrointestinal,{REL} araruka ibyo arya byose kandi ntashobora no kunywa.,Ndaruka ibyo ndya byose kandi sinshobora no kunywa.
Ndashaka kukubwira ikibazo mfite. Mushiki wanjye nta miti ya SIDA afite kuva ijoro ryashize kandi sinshobora gusinzira. Ndakeneye ubufasha vuba.,kinyarwanda,URGENT,chronic_care,kinyarwanda->kinyarwanda:URGENT:chronic_care,{REL} nta miti ya SIDA afite.,Nta miti ya SIDA mfite.
"Muganga, mu rugo hari umuntu urwaye igituntu kandi ndashaka kwisuzumisha kuva mu gitondo kandi nta miti mfite. Ntegereze cyangwa nsuzumwe ubu?",kinyarwanda,URGENT,preventive,kinyarwanda->kinyarwanda:URGENT:preventive,Mu rugo hari umuntu urwaye igituntu kandi ndashaka kwisuzumisha.,Mu rugo hari umuntu urwaye igituntu kandi ndashaka kwisuzumisha.
"Mfasha, mfite igikomere ku mutwe nyuma yo kugwa kuva mu masaha abiri ashize. Abandi bana na bo bafite iki kibazo. Nkora iki?",kinyarwanda,CRITICAL,haemorrhage_trauma,kinyarwanda->kinyarwanda:CRITICAL:haemorrhage_trauma,mfite igikomere ku mutwe nyuma yo kugwa,mfite igikomere ku mutwe nyuma yo kugwa
"Muraho, ndumva naniwe ariko si cyane kandi birushaho kuba bibi. Ntabasha kubona amafaranga yo kongera kuza kwa muganga.",kinyarwanda,ROUTINE,neurological,kinyarwanda->kinyarwanda:ROUTINE:neurological,ndumva naniwe ariko si cyane,ndumva naniwe ariko si cyane
"Mumbabarire, ndashaka kubabwira ikibazo mfite. Umugabo wanjye afite igikomere cyanduye, kiratukura kandi kirimo amashyira kuva ejo. Abandi bana na bo bafite iki kibazo. Nkora iki?",kinyarwanda,URGENT,haemorrhage_trauma,kinyarwanda->kinyarwanda:URGENT:haemorrhage_trauma,"{REL} afite igikomere cyanduye, kiratukura kandi kirimo amashyira.","mfite igikomere cyanduye, kiratukura kandi kirimo amashyira"
"Muganga, iyo mpumeka, numva igituza gifashe kandi mpumeka nkumva hari ijwi ridasanzwe kuva ubu gitondo cya kare. Byatangiye gitunguranye. Mfasha muganga.",kinyarwanda,URGENT,cardiac_respiratory,kinyarwanda->kinyarwanda:URGENT:cardiac_respiratory,"Iyo mpumeka, numva igituza gifashe kandi mpumeka nkumva hari ijwi ridasanzwe.","Iyo mpumeka, numva igituza gifashe kandi mpumeka nkumva hari ijwi ridasanzwe."
"Mfasha, iyo maze kurya numva mu nda ntameze neza kuva ijoro ryashize kandi birushaho kuba bibi. Nkora iki?",kinyarwanda,ROUTINE,gastrointestinal,kinyarwanda->kinyarwanda:ROUTINE:gastrointestinal,iyo maze kurya numva mu nda ntameze neza,"Iyo {REL} amaze kurya, yumva inda itameze neza."
"Nyabuneka, mfite umuhaha bikarushaho nijoro. Ese ibi birakomeye?",kinyarwanda,URGENT,paediatric,kinyarwanda->kinyarwanda:URGENT:paediatric,Mfite umuhaha.,Mfite umuhaha.
"Simbizi niba bikomeye ariko, ndatwite kandi ndashaka kujya kwa muganga kwisuzumisha kuva hashize iminsi ibiri. Mfasha muganga.",kinyarwanda,ROUTINE,obstetric,kinyarwanda->kinyarwanda:ROUTINE:obstetric,Ndatwite kandi ndashaka kujya kwa muganga kwisuzumisha.,Ndatwite kandi ndashaka kujya kwa muganga kwisuzumisha.
"Muraho, umugore wanjye ashaka ko bapima SIDA kuva mu cyumweru gishize biragenda bikagaruka. Ndakeneye ubufasha vuba.",kinyarwanda,ROUTINE,preventive,kinyarwanda->kinyarwanda:ROUTINE:preventive,{REL} ashaka ko bapima SIDA.,Ndashaka ko bapima SIDA.
"Nyabuneka, umuturanyi wanjye ntashobora kuvuga neza kandi umunwa we waragoramye kuva hashize icyumweru bikarushaho nijoro. Ndakeneye ubufasha vuba.",kinyarwanda,CRITICAL,neurological,kinyarwanda->kinyarwanda:CRITICAL:neurological,{REL} ntashobora kuvuga neza kandi umunwa we waragoramye.,{REL} ntashobora kuvuga neza kandi umunwa we waragoramye.
"Mfasha vuba, iyo umwana wanjye amaze kurya, yumva inda itameze neza kuva ubu gitondo cya kare kandi birushaho kuba bibi. Ese ibi birakomeye?",kinyarwanda,ROUTINE,gastrointestinal,kinyarwanda->kinyarwanda:ROUTINE:gastrointestinal,"Iyo {REL} amaze kurya, yumva inda itameze neza.","Iyo {REL} amaze kurya, yumva inda itameze neza."
Mama arava amaraso menshi nyuma yo kubyara kuva mu cyumweru gishize. Ni imiti ki nafata?,kinyarwanda,CRITICAL,obstetric,kinyarwanda->kinyarwanda:CRITICAL:obstetric,{REL} arava amaraso menshi nyuma yo kubyara.,ndava amaraso menshi nyuma yo kubyara
"Nyabuneka, umuturanyi wanjye amaze ibyumweru birenga bibiri arwaye impiswi kuva mu gitondo kandi ndahangayitse. Urakoze.",kinyarwanda,URGENT,gastrointestinal,kinyarwanda->kinyarwanda:URGENT:gastrointestinal,{REL} amaze ibyumweru birenga bibiri arwaye impiswi.,Maze ibyumweru birenga bibiri ndwaye impiswi.
"Mumbabarire, ndashaka kubabwira ikibazo mfite. Mama arumva igituza kimuremereye cyane kandi ububabare bukagera no ku rwasaya cyangwa ku kuboko kuva hashize iminsi ibiri biragenda bikagaruka. Ese ibi birakomeye?",kinyarwanda,CRITICAL,cardiac_respiratory,kinyarwanda->kinyarwanda:CRITICAL:cardiac_respiratory,{REL} arumva igituza kimuremereye cyane kandi ububabare bukagera no ku rwasaya cyangwa ku kuboko.,{REL} arumva igituza kimuremereye cyane kandi ububabare bukagera no ku rwasaya cyangwa ku kuboko.
Papa afite ubushye bunini ku mubiri kuva hashize icyumweru. Abandi bana na bo bafite iki kibazo. Nkora iki?,kinyarwanda,CRITICAL,haemorrhage_trauma,kinyarwanda->kinyarwanda:CRITICAL:haemorrhage_trauma,{REL} afite ubushye bunini ku mubiri.,Mfite ubushye bunini ku mubiri.
"Muraho, umugore wanjye ntashobora kuvuga neza kandi umunwa we waragoramye kuva mu cyumweru gishize biragenda bikagaruka. Naje mvuye kure.",kinyarwanda,CRITICAL,neurological,kinyarwanda->kinyarwanda:CRITICAL:neurological,{REL} ntashobora kuvuga neza kandi umunwa we waragoramye.,{REL} ntashobora kuvuga neza kandi umunwa we waragoramye.
Ndashaka kukubwira ikibazo mfite. Umukecuru afite impiswi zirimo amaraso kuva ejo bikarushaho nijoro. Murakoze.,kinyarwanda,URGENT,gastrointestinal,kinyarwanda->kinyarwanda:URGENT:gastrointestinal,{REL} afite impiswi zirimo amaraso.,Mfite impiswi zirimo amaraso.
Ndashaka kukubwira ikibazo mfite. Ndashaka imiti y'inzoka y'umwana wanjye kuva hashize icyumweru kandi ndahangayitse. Ndakeneye ubufasha vuba.,kinyarwanda,ROUTINE,preventive,kinyarwanda->kinyarwanda:ROUTINE:preventive,Ndashaka imiti y'inzoka y'umwana wanjye.,Ndashaka imiti y'inzoka y'umwana wanjye.
"Naje hano mbere, mu gituza harandya cyane kandi ububabare bukagera no ku kuboko kuva hashize iminsi itatu. Abandi bana na bo bafite iki kibazo.",kinyarwanda,CRITICAL,cardiac_respiratory,kinyarwanda->kinyarwanda:CRITICAL:cardiac_respiratory,mu gituza harandya cyane kandi ububabare bukagera no ku kuboko,mu gituza harandya cyane kandi ububabare bukagera no ku kuboko
"Mfasha vuba, umwana wanjye akorora gake ariko nta muriro afite kuva hashize iminsi ibiri kandi nta miti mfite. Murakoze.",kinyarwanda,ROUTINE,cardiac_respiratory,kinyarwanda->kinyarwanda:ROUTINE:cardiac_respiratory,{REL} akorora gake ariko nta muriro afite.,Nkorora gake ariko nta muriro mfite.
"Simbizi niba bikomeye ariko, mama aratwite kandi afite umuriro kuva ijoro ryashize kandi sinshobora gusinzira. Ese ibi birakomeye?",kinyarwanda,URGENT,obstetric,kinyarwanda->kinyarwanda:URGENT:obstetric,{REL} aratwite kandi afite umuriro.,Ndatwite kandi mfite umuriro.
"Nyabuneka, ndatwite kandi nagagaye kuva ubu gitondo cya kare bikarushaho nijoro. Mfasha muganga.",kinyarwanda,CRITICAL,obstetric,kinyarwanda->kinyarwanda:CRITICAL:obstetric,Ndatwite kandi nagagaye.,Ndatwite kandi nagagaye.
"Mfasha vuba, umuturanyi wanjye aratwite kandi ashaka kwisuzumisha kwa muganga bwa mbere kuva hashize icyumweru. Byatangiye gitunguranye.",kinyarwanda,ROUTINE,preventive,kinyarwanda->kinyarwanda:ROUTINE:preventive,{REL} aratwite kandi ashaka kwisuzumisha kwa muganga bwa mbere.,Ndatwite kandi ndashaka kwisuzumisha kwa muganga bwa mbere.
"Simbizi niba bikomeye ariko, ndashaka kujya kwa muganga kwisuzumisha diyabete kuva mu cyumweru gishize. Ntabasha kubona amafaranga yo kongera kuza kwa muganga.",kinyarwanda,ROUTINE,chronic_care,kinyarwanda->kinyarwanda:ROUTINE:chronic_care,Ndashaka kujya kwa muganga kwisuzumisha diyabete.,Ndashaka kujya kwa muganga kwisuzumisha SIDA.
"Nyabuneka, ndashaka kujya kwa muganga kwisuzumisha diyabete kuva ubu gitondo cya kare bikarushaho nijoro. Mfasha muganga.",kinyarwanda,ROUTINE,chronic_care,kinyarwanda->kinyarwanda:ROUTINE:chronic_care,Ndashaka kujya kwa muganga kwisuzumisha diyabete.,Ndashaka kujya kwa muganga kwisuzumisha SIDA.
"Nzanye umwana wanjye, umugabo wanjye isukari yo mu maraso ye yazamutse cyane kuva mu gitondo. Abandi bana na bo bafite iki kibazo. Ndakeneye ubufasha vuba.",kinyarwanda,URGENT,chronic_care,kinyarwanda->kinyarwanda:URGENT:chronic_care,{REL} isukari yo mu maraso ye yazamutse cyane.,isukari yo mu maraso yanjye yazamutse cyane
"Naje hano mbere, umugore wanjye aratwite kandi afite umuriro kuva ejo biragenda bikagaruka. Ntabasha kubona amafaranga yo kongera kuza kwa muganga.",kinyarwanda,URGENT,obstetric,kinyarwanda->kinyarwanda:URGENT:obstetric,{REL} aratwite kandi afite umuriro.,Ndatwite kandi mfite umuriro.
"Muraho, umwana wanjye afite impiswi zikomeye kandi yagize umwuma kuva hashize iminsi ibiri kandi nta miti mfite. Ntabasha kubona amafaranga yo kongera kuza kwa muganga.",kinyarwanda,CRITICAL,gastrointestinal,kinyarwanda->kinyarwanda:CRITICAL:gastrointestinal,{REL} afite impiswi zikomeye kandi yagize umwuma.,{REL} afite impiswi zikomeye kandi yagize umwuma.
"Nyabuneka, umwana wanjye afite igikomere gito kandi amaraso yarahagaze kuva hashize iminsi ibiri kandi ndahangayitse. Ni imiti ki nafata?",kinyarwanda,ROUTINE,haemorrhage_trauma,kinyarwanda->kinyarwanda:ROUTINE:haemorrhage_trauma,{REL} afite igikomere gito kandi amaraso yarahagaze.,Mfite igikomere gito kandi amaraso yarahagaze.
Ndashaka kukubwira ikibazo mfite. Umugore wanjye afite igikomere ku mutwe nyuma yo kugwa kuva mu masaha abiri ashize biragenda bikagaruka. Ntegereze cyangwa nsuzumwe ubu?,kinyarwanda,CRITICAL,haemorrhage_trauma,kinyarwanda->kinyarwanda:CRITICAL:haemorrhage_trauma,{REL} afite igikomere ku mutwe nyuma yo kugwa.,mfite igikomere ku mutwe nyuma yo kugwa
"Muraho, iyo mpumeka, numva igituza gifashe kandi mpumeka nkumva hari ijwi ridasanzwe kuva ijoro ryashize. Abandi bana na bo bafite iki kibazo. Mfasha muganga.",kinyarwanda,URGENT,cardiac_respiratory,kinyarwanda->kinyarwanda:URGENT:cardiac_respiratory,"Iyo mpumeka, numva igituza gifashe kandi mpumeka nkumva hari ijwi ridasanzwe.","Iyo mpumeka, numva igituza gifashe kandi mpumeka nkumva hari ijwi ridasanzwe."
"Mumbabarire, ndashaka kubabwira ikibazo mfite. Mfite umuhaha kuva mu cyumweru gishize kandi birushaho kuba bibi. Mfasha muganga.",kinyarwanda,URGENT,paediatric,kinyarwanda->kinyarwanda:URGENT:paediatric,Mfite umuhaha.,Mfite umuhaha.
Umwana wanjye ashaka ko bapima SIDA kuva ijoro ryashize. Byatangiye gitunguranye. Murakoze.,kinyarwanda,ROUTINE,preventive,kinyarwanda->kinyarwanda:ROUTINE:preventive,{REL} ashaka ko bapima SIDA.,Ndashaka ko bapima SIDA.
"Naje hano mbere, umugore wanjye ahumeka bimugora cyane kandi iminwa ye yahindutse ibara kuva ejo bikarushaho nijoro. Naje mvuye kure.",kinyarwanda,CRITICAL,cardiac_respiratory,kinyarwanda->kinyarwanda:CRITICAL:cardiac_respiratory,{REL} ahumeka bimugora cyane kandi iminwa ye yahindutse ibara.,guhumeka birangora cyane kandi iminwa yanjye yahindutse ibara
"Nzanye umwana wanjye, mfite umwanda usa umukara kuva ubu gitondo cya kare. Naje mvuye kure.",kinyarwanda,CRITICAL,gastrointestinal,kinyarwanda->kinyarwanda:CRITICAL:gastrointestinal,Mfite umwanda usa umukara.,Mfite umwanda usa umukara.
"Muganga, ndashaka kujya kwa muganga kwisuzumisha diyabete kuva ejo biragenda bikagaruka. Nkora iki?",kinyarwanda,ROUTINE,chronic_care,kinyarwanda->kinyarwanda:ROUTINE:chronic_care,Ndashaka kujya kwa muganga kwisuzumisha diyabete.,Ndashaka kujya kwa muganga kwisuzumisha SIDA.
"Nzanye umwana wanjye, isukari yo mu maraso yanjye yazamutse cyane kuva hashize iminsi ibiri kandi sinshobora gusinzira. Ni imiti ki nafata?",kinyarwanda,URGENT,chronic_care,kinyarwanda->kinyarwanda:URGENT:chronic_care,isukari yo mu maraso yanjye yazamutse cyane,isukari yo mu maraso yanjye yazamutse cyane
"Nzanye umwana wanjye, ndatwite kandi mfite umuriro kuva hashize icyumweru kandi birushaho kuba bibi. Ndakeneye ubufasha vuba.",kinyarwanda,URGENT,obstetric,kinyarwanda->kinyarwanda:URGENT:obstetric,Ndatwite kandi mfite umuriro.,Ndatwite kandi mfite umuriro.
"Mumbabarire, ndashaka kubabwira ikibazo mfite. Papa afite umuriro mwinshi kandi yaragagaye kuva ejo bikarushaho nijoro. Nkora iki?",kinyarwanda,CRITICAL,infectious_fever,kinyarwanda->kinyarwanda:CRITICAL:infectious_fever,{REL} afite umuriro mwinshi kandi yaragagaye.,Mfite umuriro mwinshi kandi nagagaye.
Umugore wanjye ashaka ko bapima ibiro by'umwana we kuva ejo kandi sinshobora gusinzira. Urakoze.,kinyarwanda,ROUTINE,paediatric,kinyarwanda->kinyarwanda:ROUTINE:paediatric,{REL} ashaka ko bapima ibiro by'umwana we.,Ndashaka ko bapima ibiro by'umwana wanjye.
"Muraho, ndatwite, umutwe urandya cyane kandi sinshobora kureba neza kuva mu gitondo. Abandi bana na bo bafite iki kibazo. Ntegereze cyangwa nsuzumwe ubu?",kinyarwanda,CRITICAL,obstetric,kinyarwanda->kinyarwanda:CRITICAL:obstetric,"Ndatwite, umutwe urandya cyane kandi sinshobora kureba neza.","Ndatwite, umutwe urandya cyane kandi sinshobora kureba neza."
Umugabo wanjye afite igikomere ku mutwe nyuma yo kugwa kuva ubu gitondo cya kare bikarushaho nijoro. Ese ibi birakomeye?,kinyarwanda,CRITICAL,haemorrhage_trauma,kinyarwanda->kinyarwanda:CRITICAL:haemorrhage_trauma,{REL} afite igikomere ku mutwe nyuma yo kugwa.,mfite igikomere ku mutwe nyuma yo kugwa
"Nzanye umwana wanjye, uruhande rumwe rw'umubiri we ntirukora kuva mu cyumweru gishize biragenda bikagaruka. Nkora iki?",kinyarwanda,CRITICAL,neurological,kinyarwanda->kinyarwanda:CRITICAL:neurological,Uruhande rumwe rw'umubiri we ntirukora.,Uruhande rumwe rw'umubiri we ntirukora.
Mu rugo hari umuntu urwaye igituntu kandi ndashaka kwisuzumisha kuva hashize iminsi itatu kandi sinshobora gusinzira. Ni imiti ki nafata?,kinyarwanda,URGENT,preventive,kinyarwanda->kinyarwanda:URGENT:preventive,Mu rugo hari umuntu urwaye igituntu kandi ndashaka kwisuzumisha.,Mu rugo hari umuntu urwaye igituntu kandi ndashaka kwisuzumisha.
"Nyabuneka, papa yabyimbye ibirenge kandi ntashobora guhumeka neza iyo aragaramye kuva ubu gitondo cya kare kandi birushaho kuba bibi. Mfasha muganga.",kinyarwanda,URGENT,chronic_care,kinyarwanda->kinyarwanda:URGENT:chronic_care,{REL} yabyimbye ibirenge kandi ntashobora guhumeka neza iyo aragaramye.,Nabyimbye ibirenge kandi sinshobora guhumeka neza iyo ndagaramye.
"Nzanye umwana wanjye, guhumeka birangora cyane ku buryo ntabasha no kuvuga neza kuva ijoro ryashize nta miti imfasha. Mfasha muganga.",kinyarwanda,CRITICAL,cardiac_respiratory,kinyarwanda->kinyarwanda:CRITICAL:cardiac_respiratory,Guhumeka birangora cyane ku buryo ntabasha no kuvuga neza.,Guhumeka birangora cyane ku buryo ntabasha no kuvuga neza.
"Ndakeneye ubufasha, ndatwite kandi mfite umuriro kuva mu gitondo. Ni imiti ki nafata?",kinyarwanda,URGENT,obstetric,kinyarwanda->kinyarwanda:URGENT:obstetric,Ndatwite kandi mfite umuriro.,Ndatwite kandi mfite umuriro.
"Mumbabarire, ndashaka kubabwira ikibazo mfite. Umuturanyi wanjye aratwite kandi ashaka kwisuzumisha kwa muganga bwa mbere kuva ubu gitondo cya kare bikarushaho nijoro. Naje mvuye kure.",kinyarwanda,ROUTINE,preventive,kinyarwanda->kinyarwanda:ROUTINE:preventive,{REL} aratwite kandi ashaka kwisuzumisha kwa muganga bwa mbere.,Ndatwite kandi ndashaka kwisuzumisha kwa muganga bwa mbere.
"Mfasha, umugore wanjye afite ubushye bunini ku mubiri kuva ubu gitondo cya kare biragenda bikagaruka",kinyarwanda,CRITICAL,haemorrhage_trauma,kinyarwanda->kinyarwanda:CRITICAL:haemorrhage_trauma,{REL} afite ubushye bunini ku mubiri.,Mfite ubushye bunini ku mubiri.
"Mfasha, umugore wanjye afite umuriro mwinshi kandi yaragagaye kuva mu masaha abiri ashize kandi birushaho kuba bibi",kinyarwanda,CRITICAL,infectious_fever,kinyarwanda->kinyarwanda:CRITICAL:infectious_fever,{REL} afite umuriro mwinshi kandi yaragagaye.,Mfite umuriro mwinshi kandi nagagaye.
"Naje hano mbere, mu gituza harandya cyane kandi ububabare bukagera no ku kuboko kandi sinshobora gusinzira. Ntegereze cyangwa nsuzumwe ubu?",kinyarwanda,CRITICAL,cardiac_respiratory,kinyarwanda->kinyarwanda:CRITICAL:cardiac_respiratory,mu gituza harandya cyane kandi ububabare bukagera no ku kuboko,mu gituza harandya cyane kandi ububabare bukagera no ku kuboko
"Simbizi niba bikomeye ariko, umugore wanjye ahumeka bimugora cyane kandi iminwa ye yahindutse ibara kuva hashize iminsi ibiri. Byatangiye gitunguranye. Ndakeneye ubufasha vuba.",kinyarwanda,CRITICAL,cardiac_respiratory,kinyarwanda->kinyarwanda:CRITICAL:cardiac_respiratory,{REL} ahumeka bimugora cyane kandi iminwa ye yahindutse ibara.,guhumeka birangora cyane kandi iminwa yanjye yahindutse ibara
"Nyabuneka, umugabo wanjye iminwa ye yahindutse ubururu kuva ejo bikarushaho nijoro. Ese ibi birakomeye?",kinyarwanda,CRITICAL,cardiac_respiratory,kinyarwanda->kinyarwanda:CRITICAL:cardiac_respiratory,{REL} iminwa ye yahindutse ubururu.,Iminwa yanjye yahindutse ubururu.
"Muraho, mfite impiswi zirimo amaraso kuva mu masaha abiri ashize kandi sinshobora gusinzira. Naje mvuye kure.",kinyarwanda,URGENT,gastrointestinal,kinyarwanda->kinyarwanda:URGENT:gastrointestinal,Mfite impiswi zirimo amaraso.,Mfite impiswi zirimo amaraso.
"Ndakeneye ubufasha, ndabyara ariko habanje gusohoka umugozi w'umwana kuva hashize icyumweru kandi sinshobora gusinzira. Ni imiti ki nafata?",kinyarwanda,CRITICAL,obstetric,kinyarwanda->kinyarwanda:CRITICAL:obstetric,Ndabyara ariko habanje gusohoka umugozi w'umwana.,Ndabyara ariko habanje gusohoka umugozi w'umwana.
"Ndakeneye ubufasha, umwana wanjye afite umuriro mwinshi kandi ntarya kuva ubu gitondo cya kare kandi ndahangayitse. Murakoze.",kinyarwanda,URGENT,paediatric,kinyarwanda->kinyarwanda:URGENT:paediatric,{REL} afite umuriro mwinshi kandi ntarya.,{REL} afite umuriro mwinshi kandi ntarya.
"Mfasha vuba, mu rugo hari umuntu urwaye igituntu kandi ndashaka kwisuzumisha kuva hashize icyumweru kandi birushaho kuba bibi. Ntabasha kubona amafaranga yo kongera kuza kwa muganga.",kinyarwanda,URGENT,preventive,kinyarwanda->kinyarwanda:URGENT:preventive,Mu rugo hari umuntu urwaye igituntu kandi ndashaka kwisuzumisha.,Mu rugo hari umuntu urwaye igituntu kandi ndashaka kwisuzumisha.
"Nyabuneka, umugabo wanjye afite ubushye bunini ku mubiri kuva mu gitondo. Byatangiye gitunguranye. Ntegereze cyangwa nsuzumwe ubu?",kinyarwanda,CRITICAL,haemorrhage_trauma,kinyarwanda->kinyarwanda:CRITICAL:haemorrhage_trauma,{REL} afite ubushye bunini ku mubiri.,Mfite ubushye bunini ku mubiri.
"Mumbabarire, ndashaka kubabwira ikibazo mfite. Umwana wanjye akorora gake ariko nta muriro afite kuva hashize icyumweru biragenda bikagaruka. Nkora iki?",kinyarwanda,ROUTINE,cardiac_respiratory,kinyarwanda->kinyarwanda:ROUTINE:cardiac_respiratory,{REL} akorora gake ariko nta muriro afite.,Nkorora gake ariko nta muriro mfite.
"Simbizi niba bikomeye ariko, mu rugo hari umuntu urwaye igituntu kandi ndashaka kwisuzumisha kuva mu masaha abiri ashize. Abandi bana na bo bafite iki kibazo. Ntegereze cyangwa nsuzumwe ubu?",kinyarwanda,URGENT,preventive,kinyarwanda->kinyarwanda:URGENT:preventive,Mu rugo hari umuntu urwaye igituntu kandi ndashaka kwisuzumisha.,Mu rugo hari umuntu urwaye igituntu kandi ndashaka kwisuzumisha.
"Naje hano mbere, umwana wanjye afite ububabare bukabije mu nda biragenda bikagaruka. Ni imiti ki nafata?",kinyarwanda,URGENT,gastrointestinal,kinyarwanda->kinyarwanda:URGENT:gastrointestinal,{REL} afite ububabare bukabije mu nda.,Mfite ububabare bukabije mu nda.
"Mumbabarire, ndashaka kubabwira ikibazo mfite. Mu gituza harandya cyane kandi ububabare bukagera no ku kuboko kuva ejo biragenda bikagaruka. Ntabasha kubona amafaranga yo kongera kuza kwa muganga.",kinyarwanda,CRITICAL,cardiac_respiratory,kinyarwanda->kinyarwanda:CRITICAL:cardiac_respiratory,mu gituza harandya cyane kandi ububabare bukagera no ku kuboko,mu gituza harandya cyane kandi ububabare bukagera no ku kuboko
"Muraho, umukecuru arababara cyane mu gituza kandi ububabare bukagera no ku kuboko kuva mu cyumweru gishize kandi ndahangayitse. Ese ibi birakomeye?",kinyarwanda,CRITICAL,cardiac_respiratory,kinyarwanda->kinyarwanda:CRITICAL:cardiac_respiratory,{REL} arababara cyane mu gituza kandi ububabare bukagera no ku kuboko.,mu gituza harandya cyane kandi ububabare bukagera no ku kuboko
"Muganga, isukari yo mu maraso yanjye yazamutse cyane kuva ubu gitondo cya kare kandi ndahangayitse. Urakoze.",kinyarwanda,URGENT,chronic_care,kinyarwanda->kinyarwanda:URGENT:chronic_care,isukari yo mu maraso yanjye yazamutse cyane,isukari yo mu maraso yanjye yazamutse cyane
"Muganga, umuturanyi wanjye ashaka imiti y'inzoka y'umwana we kuva hashize iminsi ibiri kandi birushaho kuba bibi. Nkora iki?",kinyarwanda,ROUTINE,preventive,kinyarwanda->kinyarwanda:ROUTINE:preventive,{REL} ashaka imiti y'inzoka y'umwana we.,Ndashaka imiti y'inzoka y'umwana wanjye.
"Muraho, umugabo wanjye afite ibimenyetso bya malariya, umuriro n'imbeho kuva hashize icyumweru kandi birushaho kuba bibi. Ese ibi birakomeye?",kinyarwanda,URGENT,infectious_fever,kinyarwanda->kinyarwanda:URGENT:infectious_fever,"{REL} afite ibimenyetso bya malariya, umuriro n'imbeho.","Mfite ibimenyetso bya malariya, umuriro n'imbeho."
"Mfasha vuba, mfite impiswi zirimo amaraso kuva ejo kandi ndahangayitse. Mfasha muganga.",kinyarwanda,URGENT,gastrointestinal,kinyarwanda->kinyarwanda:URGENT:gastrointestinal,Mfite impiswi zirimo amaraso.,Mfite impiswi zirimo amaraso.
"Naje hano mbere, uruhande rumwe rw'umubiri we ntirukora kuva hashize iminsi itatu nta miti imfasha. Ni imiti ki nafata?",kinyarwanda,CRITICAL,neurological,kinyarwanda->kinyarwanda:CRITICAL:neurological,Uruhande rumwe rw'umubiri we ntirukora.,Uruhande rumwe rw'umubiri we ntirukora.
"Mfasha vuba, nyuma yo kubyara mfite umuriro kandi hari ibintu bisohoka bifite impumuro mbi kuva ejo bikarushaho nijoro. Ese ibi birakomeye?",kinyarwanda,CRITICAL,obstetric,kinyarwanda->kinyarwanda:CRITICAL:obstetric,Nyuma yo kubyara mfite umuriro kandi hari ibintu bisohoka bifite impumuro mbi.,Nyuma yo kubyara mfite umuriro kandi hari ibintu bisohoka bifite impumuro mbi.
"Nyabuneka, mushiki wanjye arava amaraso menshi nyuma yo kubyara kuva hashize iminsi ibiri biragenda bikagaruka. Naje mvuye kure.",kinyarwanda,CRITICAL,obstetric,kinyarwanda->kinyarwanda:CRITICAL:obstetric,{REL} arava amaraso menshi nyuma yo kubyara.,ndava amaraso menshi nyuma yo kubyara
"Naje hano mbere, isukari yo mu maraso yanjye yazamutse cyane bikarushaho nijoro. Ntegereze cyangwa nsuzumwe ubu?",kinyarwanda,URGENT,chronic_care,kinyarwanda->kinyarwanda:URGENT:chronic_care,isukari yo mu maraso yanjye yazamutse cyane,isukari yo mu maraso yanjye yazamutse cyane
"Naje hano mbere, umugore wanjye ashaka ko bapima SIDA kandi nta miti mfite. Mfasha muganga.",kinyarwanda,ROUTINE,preventive,kinyarwanda->kinyarwanda:ROUTINE:preventive,{REL} ashaka ko bapima SIDA.,Ndashaka ko bapima SIDA.
"Mfasha, iyo umwana wanjye amaze kurya, yumva inda itameze neza kuva mu gitondo kandi birushaho kuba bibi. Ntegereze cyangwa nsuzumwe ubu?",kinyarwanda,ROUTINE,gastrointestinal,kinyarwanda->kinyarwanda:ROUTINE:gastrointestinal,"Iyo {REL} amaze kurya, yumva inda itameze neza.","Iyo {REL} amaze kurya, yumva inda itameze neza."
"Nyabuneka, mama ahumeka bimugora cyane kandi iminwa ye yahindutse ibara kuva ijoro ryashize kandi sinshobora gusinzira",kinyarwanda,CRITICAL,cardiac_respiratory,kinyarwanda->kinyarwanda:CRITICAL:cardiac_respiratory,{REL} ahumeka bimugora cyane kandi iminwa ye yahindutse ibara.,guhumeka birangora cyane kandi iminwa yanjye yahindutse ibara
"Muraho, mushiki wanjye aratwite kandi yaragagaye kuva mu cyumweru gishize bikarushaho nijoro. Nkora iki?",kinyarwanda,CRITICAL,obstetric,kinyarwanda->kinyarwanda:CRITICAL:obstetric,{REL} aratwite kandi yaragagaye.,Ndatwite kandi nagagaye.
"Mfasha vuba, maze ibyumweru birenga bibiri nkorora kandi natangiye no kunanuka kuva mu masaha abiri ashize kandi ndahangayitse. Urakoze.",kinyarwanda,URGENT,cardiac_respiratory,kinyarwanda->kinyarwanda:URGENT:cardiac_respiratory,Maze ibyumweru birenga bibiri nkorora kandi natangiye no kunanuka.,Maze ibyumweru birenga bibiri nkorora kandi natangiye no kunanuka.
"Muraho, mama ashaka imiti y'inzoka y'umwana we kuva ejo kandi sinshobora gusinzira. Mfasha muganga.",kinyarwanda,ROUTINE,preventive,kinyarwanda->kinyarwanda:ROUTINE:preventive,{REL} ashaka imiti y'inzoka y'umwana we.,Ndashaka imiti y'inzoka y'umwana wanjye.
"Nzanye umwana wanjye, umuturanyi wanjye amaze ibyumweru birenga bibiri akorora kandi yatangiye no kunanuka kuva hashize iminsi itatu. Ndakeneye ubufasha vuba.",kinyarwanda,URGENT,cardiac_respiratory,kinyarwanda->kinyarwanda:URGENT:cardiac_respiratory,{REL} amaze ibyumweru birenga bibiri akorora kandi yatangiye no kunanuka.,Maze ibyumweru birenga bibiri nkorora kandi natangiye no kunanuka.
"Mfasha, mushiki wanjye amaze umunsi wose ari mu bubabare bwo kubyara ariko umwana ntarasohoka kuva hashize icyumweru. Nkora iki?",kinyarwanda,CRITICAL,obstetric,kinyarwanda->kinyarwanda:CRITICAL:obstetric,{REL} amaze umunsi wose ari mu bubabare bwo kubyara ariko umwana ntarasohoka.,Maze umunsi wose mbabara ngerageza kubyara ariko umwana ntarasohoka.
Ndashaka kukubwira ikibazo mfite. Mfite umwanda usa umukara kuva mu cyumweru gishize nta miti imfasha. Nkora iki?,kinyarwanda,CRITICAL,gastrointestinal,kinyarwanda->kinyarwanda:CRITICAL:gastrointestinal,Mfite umwanda usa umukara.,Mfite umwanda usa umukara.
"Mfasha vuba, mfite impiswi zirimo amaraso kuva mu masaha abiri ashize kandi ndahangayitse. Mfasha muganga.",kinyarwanda,URGENT,gastrointestinal,kinyarwanda->kinyarwanda:URGENT:gastrointestinal,Mfite impiswi zirimo amaraso.,Mfite impiswi zirimo amaraso.
"Simbizi niba bikomeye ariko, guhumeka birangora cyane ku buryo ntabasha no kuvuga neza kuva mu masaha abiri ashize kandi sinshobora gusinzira. Ndakeneye ubufasha vuba.",kinyarwanda,CRITICAL,cardiac_respiratory,kinyarwanda->kinyarwanda:CRITICAL:cardiac_respiratory,Guhumeka birangora cyane ku buryo ntabasha no kuvuga neza.,Guhumeka birangora cyane ku buryo ntabasha no kuvuga neza.
Mfite igikomere gito kandi amaraso yarahagaze biragenda bikagaruka. Ndakeneye ubufasha vuba.,kinyarwanda,ROUTINE,haemorrhage_trauma,kinyarwanda->kinyarwanda:ROUTINE:haemorrhage_trauma,Mfite igikomere gito kandi amaraso yarahagaze.,Mfite igikomere gito kandi amaraso yarahagaze.
"Nzanye umwana wanjye, ndashaka kongererwa imiti mfata kuva ubu gitondo cya kare nta miti imfasha. Ese ibi birakomeye?",kinyarwanda,ROUTINE,chronic_care,kinyarwanda->kinyarwanda:ROUTINE:chronic_care,ndashaka kongererwa imiti mfata,ndashaka kongererwa imiti mfata
Mu rugo hari umuntu urwaye igituntu kandi ndashaka kwisuzumisha. Byatangiye gitunguranye. Murakoze.,kinyarwanda,URGENT,preventive,kinyarwanda->kinyarwanda:URGENT:preventive,Mu rugo hari umuntu urwaye igituntu kandi ndashaka kwisuzumisha.,Mu rugo hari umuntu urwaye igituntu kandi ndashaka kwisuzumisha.
Umugabo wanjye araruka ibyo arya byose kandi ntashobora no kunywa kuva ubu gitondo cya kare. Ni imiti ki nafata?,kinyarwanda,CRITICAL,gastrointestinal,kinyarwanda->kinyarwanda:CRITICAL:gastrointestinal,{REL} araruka ibyo arya byose kandi ntashobora no kunywa.,Ndaruka ibyo ndya byose kandi sinshobora no kunywa.
"Mfasha vuba, ndava amaraso menshi nyuma yo kubyara kuva hashize iminsi itatu. Byatangiye gitunguranye. Ntegereze cyangwa nsuzumwe ubu?",kinyarwanda,CRITICAL,obstetric,kinyarwanda->kinyarwanda:CRITICAL:obstetric,ndava amaraso menshi nyuma yo kubyara,ndava amaraso menshi nyuma yo kubyara
"Mfasha, mushiki wanjye araruka ibyo arya byose kandi ntashobora no kunywa kuva ubu gitondo cya kare kandi birushaho kuba bibi. Ese ibi birakomeye?",kinyarwanda,CRITICAL,gastrointestinal,kinyarwanda->kinyarwanda:CRITICAL:gastrointestinal,{REL} araruka ibyo arya byose kandi ntashobora no kunywa.,Ndaruka ibyo ndya byose kandi sinshobora no kunywa.
"Muraho, umwana wanjye afite igikomere gito kandi amaraso yarahagaze kuva hashize icyumweru kandi ndahangayitse. Naje mvuye kure.",kinyarwanda,ROUTINE,haemorrhage_trauma,kinyarwanda->kinyarwanda:ROUTINE:haemorrhage_trauma,{REL} afite igikomere gito kandi amaraso yarahagaze.,Mfite igikomere gito kandi amaraso yarahagaze.
"Ndakeneye ubufasha, umugabo wanjye ashaka inama ku biryo byo kugaburira umwana we kuva ubu gitondo cya kare kandi sinshobora gusinzira. Urakoze.",kinyarwanda,ROUTINE,preventive,kinyarwanda->kinyarwanda:ROUTINE:preventive,{REL} ashaka inama ku biryo byo kugaburira umwana we.,Ndashaka inama ku biryo byo kugaburira umwana wanjye.
"Muganga, umwana wanjye afite ibimenyetso bya malariya, umuriro n'imbeho kuva hashize iminsi ibiri biragenda bikagaruka. Ni imiti ki nafata?",kinyarwanda,URGENT,infectious_fever,kinyarwanda->kinyarwanda:URGENT:infectious_fever,"{REL} afite ibimenyetso bya malariya, umuriro n'imbeho.","Mfite ibimenyetso bya malariya, umuriro n'imbeho."
"Simbizi niba bikomeye ariko, mfite ubushye bunini ku mubiri kuva ejo kandi ndahangayitse. Ntabasha kubona amafaranga yo kongera kuza kwa muganga.",kinyarwanda,CRITICAL,haemorrhage_trauma,kinyarwanda->kinyarwanda:CRITICAL:haemorrhage_trauma,Mfite ubushye bunini ku mubiri.,Mfite ubushye bunini ku mubiri.
"Muraho, mfite impiswi zirimo amaraso kuva mu cyumweru gishize kandi birushaho kuba bibi. Ese ibi birakomeye?",kinyarwanda,URGENT,gastrointestinal,kinyarwanda->kinyarwanda:URGENT:gastrointestinal,Mfite impiswi zirimo amaraso.,Mfite impiswi zirimo amaraso.
"Mumbabarire, ndashaka kubabwira ikibazo mfite. Umugore wanjye ari kuva amaraso menshi kandi ntahagarara kuva mu gitondo kandi birushaho kuba bibi. Ndakeneye ubufasha vuba.",kinyarwanda,CRITICAL,haemorrhage_trauma,kinyarwanda->kinyarwanda:CRITICAL:haemorrhage_trauma,{REL} ari kuva amaraso menshi kandi ntahagarara.,ndi kuva amaraso menshi kandi ntahagarara
"Mumbabarire, ndashaka kubabwira ikibazo mfite. Nta miti y'igituntu mfite kuva ejo biragenda bikagaruka. Ndakeneye ubufasha vuba.",kinyarwanda,URGENT,chronic_care,kinyarwanda->kinyarwanda:URGENT:chronic_care,Nta miti y'igituntu mfite.,Nta miti y'igituntu mfite.
"Muganga, mama amaze iminsi itatu arwaye impiswi zikomeye kuva hashize iminsi itatu kandi ndahangayitse. Nkora iki?",kinyarwanda,URGENT,gastrointestinal,kinyarwanda->kinyarwanda:URGENT:gastrointestinal,{REL} amaze iminsi itatu arwaye impiswi zikomeye.,maze iminsi itatu ndwaye impiswi zikomeye
Papa ntashobora kuvuga neza kandi umunwa we waragoramye kuva ijoro ryashize kandi birushaho kuba bibi. Mfasha muganga.,kinyarwanda,CRITICAL,neurological,kinyarwanda->kinyarwanda:CRITICAL:neurological,{REL} ntashobora kuvuga neza kandi umunwa we waragoramye.,{REL} ntashobora kuvuga neza kandi umunwa we waragoramye.
Ndashaka kukubwira ikibazo mfite. Umutima uratera cyane kandi nkumva umeze nk'aho uhagarara kuva mu cyumweru gishize. Ntabasha kubona amafaranga yo kongera kuza kwa muganga.,kinyarwanda,CRITICAL,cardiac_respiratory,kinyarwanda->kinyarwanda:CRITICAL:cardiac_respiratory,umutima uratera cyane kandi nkumva umeze nk'aho uhagarara,umutima uratera cyane kandi nkumva umeze nk'aho uhagarara
"Naje hano mbere, umutima uratera cyane kandi nkumva umeze nk'aho uhagarara kuva mu cyumweru gishize. Byatangiye gitunguranye. Nkora iki?",kinyarwanda,CRITICAL,cardiac_respiratory,kinyarwanda->kinyarwanda:CRITICAL:cardiac_respiratory,umutima uratera cyane kandi nkumva umeze nk'aho uhagarara,umutima uratera cyane kandi nkumva umeze nk'aho uhagarara
"Mfasha vuba, umwana wanjye afite igikomere ku mutwe nyuma yo kugwa kuva ijoro ryashize kandi sinshobora gusinzira. Ni imiti ki nafata?",kinyarwanda,CRITICAL,haemorrhage_trauma,kinyarwanda->kinyarwanda:CRITICAL:haemorrhage_trauma,{REL} afite igikomere ku mutwe nyuma yo kugwa.,mfite igikomere ku mutwe nyuma yo kugwa
"Mumbabarire, ndashaka kubabwira ikibazo mfite. Mama arava amaraso menshi nyuma yo kubyara kuva ejo. Byatangiye gitunguranye. Ndakeneye ubufasha vuba.",kinyarwanda,CRITICAL,obstetric,kinyarwanda->kinyarwanda:CRITICAL:obstetric,{REL} arava amaraso menshi nyuma yo kubyara.,ndava amaraso menshi nyuma yo kubyara
"Ndakeneye ubufasha, ndaruka amaraso kuva hashize icyumweru kandi nta miti mfite. Naje mvuye kure.",kinyarwanda,CRITICAL,gastrointestinal,kinyarwanda->kinyarwanda:CRITICAL:gastrointestinal,Ndaruka amaraso.,Ndaruka amaraso.
"Simbizi niba bikomeye ariko, nyuma yo kubyara mfite umuriro kandi hari ibintu bisohoka bifite impumuro mbi kandi birushaho kuba bibi. Ndakeneye ubufasha vuba.",kinyarwanda,CRITICAL,obstetric,kinyarwanda->kinyarwanda:CRITICAL:obstetric,Nyuma yo kubyara mfite umuriro kandi hari ibintu bisohoka bifite impumuro mbi.,Nyuma yo kubyara mfite umuriro kandi hari ibintu bisohoka bifite impumuro mbi.
Ndashaka kukubwira ikibazo mfite. Umwana wanjye afite igikomere gito kandi amaraso yarahagaze kuva hashize iminsi ibiri bikarushaho nijoro. Nkora iki?,kinyarwanda,ROUTINE,haemorrhage_trauma,kinyarwanda->kinyarwanda:ROUTINE:haemorrhage_trauma,{REL} afite igikomere gito kandi amaraso yarahagaze.,Mfite igikomere gito kandi amaraso yarahagaze.
"Ndakeneye ubufasha, umwana wanjye afite igikomere gito kandi amaraso yarahagaze kuva mu cyumweru gishize biragenda bikagaruka. Ese ibi birakomeye?",kinyarwanda,ROUTINE,haemorrhage_trauma,kinyarwanda->kinyarwanda:ROUTINE:haemorrhage_trauma,{REL} afite igikomere gito kandi amaraso yarahagaze.,Mfite igikomere gito kandi amaraso yarahagaze.
"Nzanye umwana wanjye, mama aratwite kandi yaragagaye kuva mu cyumweru gishize",kinyarwanda,CRITICAL,obstetric,kinyarwanda->kinyarwanda:CRITICAL:obstetric,{REL} aratwite kandi yaragagaye.,Ndatwite kandi nagagaye.
"Mfasha vuba, umugore wanjye afite ubushye bunini ku mubiri kuva hashize iminsi itatu kandi sinshobora gusinzira. Ese ibi birakomeye?",kinyarwanda,CRITICAL,haemorrhage_trauma,kinyarwanda->kinyarwanda:CRITICAL:haemorrhage_trauma,{REL} afite ubushye bunini ku mubiri.,Mfite ubushye bunini ku mubiri.
Mama aratwite kandi ashaka kwisuzumisha kwa muganga bwa mbere kuva hashize iminsi itatu nta miti imfasha. Urakoze.,kinyarwanda,ROUTINE,preventive,kinyarwanda->kinyarwanda:ROUTINE:preventive,{REL} aratwite kandi ashaka kwisuzumisha kwa muganga bwa mbere.,Ndatwite kandi ndashaka kwisuzumisha kwa muganga bwa mbere.
"Mfasha vuba, ndashaka kongererwa imiti mfata kuva hashize iminsi ibiri kandi nta miti mfite. Ndakeneye ubufasha vuba.",kinyarwanda,ROUTINE,chronic_care,kinyarwanda->kinyarwanda:ROUTINE:chronic_care,ndashaka kongererwa imiti mfata,ndashaka kongererwa imiti mfata
"Muganga, mfite ubushye bunini ku mubiri kuva ubu gitondo cya kare nta miti imfasha. Nkora iki?",kinyarwanda,CRITICAL,haemorrhage_trauma,kinyarwanda->kinyarwanda:CRITICAL:haemorrhage_trauma,Mfite ubushye bunini ku mubiri.,Mfite ubushye bunini ku mubiri.
"Mfasha, umukecuru araruka ibyo arya byose kandi ntashobora no kunywa kuva hashize iminsi ibiri kandi nta miti mfite. Mfasha muganga.",kinyarwanda,CRITICAL,gastrointestinal,kinyarwanda->kinyarwanda:CRITICAL:gastrointestinal,{REL} araruka ibyo arya byose kandi ntashobora no kunywa.,Ndaruka ibyo ndya byose kandi sinshobora no kunywa.
"Nzanye umwana wanjye, ndashaka kujya kwa muganga kwisuzumisha diyabete kuva mu gitondo kandi birushaho kuba bibi. Urakoze.",kinyarwanda,ROUTINE,chronic_care,kinyarwanda->kinyarwanda:ROUTINE:chronic_care,Ndashaka kujya kwa muganga kwisuzumisha diyabete.,Ndashaka kujya kwa muganga kwisuzumisha SIDA.
"Nyabuneka, nyuma yo kubyara mfite umuriro kandi hari ibintu bisohoka bifite impumuro mbi kuva ijoro ryashize biragenda bikagaruka. Ndakeneye ubufasha vuba.",kinyarwanda,CRITICAL,obstetric,kinyarwanda->kinyarwanda:CRITICAL:obstetric,Nyuma yo kubyara mfite umuriro kandi hari ibintu bisohoka bifite impumuro mbi.,Nyuma yo kubyara mfite umuriro kandi hari ibintu bisohoka bifite impumuro mbi.
"Ndakeneye ubufasha, mfite gahunda yo kwisuzumisha buri mwaka kuva mu cyumweru gishize nta miti imfasha. Naje mvuye kure.",kinyarwanda,ROUTINE,preventive,kinyarwanda->kinyarwanda:ROUTINE:preventive,Mfite gahunda yo kwisuzumisha buri mwaka.,Mfite gahunda yo kwisuzumisha buri mwaka.
"Muganga, mama yabyimbye ibirenge kandi ntashobora guhumeka neza iyo aragaramye kuva ejo kandi birushaho kuba bibi",kinyarwanda,URGENT,chronic_care,kinyarwanda->kinyarwanda:URGENT:chronic_care,{REL} yabyimbye ibirenge kandi ntashobora guhumeka neza iyo aragaramye.,Nabyimbye ibirenge kandi sinshobora guhumeka neza iyo ndagaramye.
"Nzanye umwana wanjye, umwana wanjye afite umuriro woroheje umaze umunsi umwe, ariko nta kindi kibazo afite kuva hashize icyumweru. Abandi bana na bo bafite iki kibazo. Nkora iki?",kinyarwanda,ROUTINE,infectious_fever,kinyarwanda->kinyarwanda:ROUTINE:infectious_fever,"{REL} afite umuriro woroheje umaze umunsi umwe, ariko nta kindi kibazo afite.","mfite umuriro woroheje umaze umunsi umwe, ariko nta kindi kibazo mfite"
"Muraho, mushiki wanjye amaze umunsi wose ari mu bubabare bwo kubyara ariko umwana ntarasohoka kuva ubu gitondo cya kare biragenda bikagaruka. Ni imiti ki nafata?",kinyarwanda,CRITICAL,obstetric,kinyarwanda->kinyarwanda:CRITICAL:obstetric,{REL} amaze umunsi wose ari mu bubabare bwo kubyara ariko umwana ntarasohoka.,Maze umunsi wose mbabara ngerageza kubyara ariko umwana ntarasohoka.
Ndashaka kukubwira ikibazo mfite. Umwana wanjye afite umuhaha kandi birushaho kuba bibi. Ntegereze cyangwa nsuzumwe ubu?,kinyarwanda,URGENT,paediatric,kinyarwanda->kinyarwanda:URGENT:paediatric,{REL} afite umuhaha.,Mfite umuhaha.
"Nyabuneka, mushiki wanjye ahumeka bimugora cyane ku buryo adashobora no kuvuga neza kuva ijoro ryashize kandi birushaho kuba bibi. Ntabasha kubona amafaranga yo kongera kuza kwa muganga.",kinyarwanda,CRITICAL,cardiac_respiratory,kinyarwanda->kinyarwanda:CRITICAL:cardiac_respiratory,{REL} ahumeka bimugora cyane ku buryo adashobora no kuvuga neza.,Guhumeka birangora cyane ku buryo ntabasha no kuvuga neza.
"Ndakeneye ubufasha, papa afite ububabare bukabije mu nda kuva mu masaha abiri ashize kandi birushaho kuba bibi. Murakoze.",kinyarwanda,URGENT,gastrointestinal,kinyarwanda->kinyarwanda:URGENT:gastrointestinal,{REL} afite ububabare bukabije mu nda.,Mfite ububabare bukabije mu nda.
"Mfasha vuba, umugore wanjye amaze ibyumweru birenga bibiri arwaye impiswi kuva mu gitondo. Abandi bana na bo bafite iki kibazo. Nkora iki?",kinyarwanda,URGENT,gastrointestinal,kinyarwanda->kinyarwanda:URGENT:gastrointestinal,{REL} amaze ibyumweru birenga bibiri arwaye impiswi.,Maze ibyumweru birenga bibiri ndwaye impiswi.
"Simbizi niba bikomeye ariko, umugore wanjye ashaka ko bapima ibiro by'umwana we kuva ejo nta miti imfasha. Naje mvuye kure.",kinyarwanda,ROUTINE,paediatric,kinyarwanda->kinyarwanda:ROUTINE:paediatric,{REL} ashaka ko bapima ibiro by'umwana we.,Ndashaka ko bapima ibiro by'umwana wanjye.
"Mumbabarire, ndashaka kubabwira ikibazo mfite. Umuturanyi wanjye amaze iminsi itatu arwaye impiswi zikomeye kuva mu gitondo kandi birushaho kuba bibi. Murakoze.",kinyarwanda,URGENT,gastrointestinal,kinyarwanda->kinyarwanda:URGENT:gastrointestinal,{REL} amaze iminsi itatu arwaye impiswi zikomeye.,maze iminsi itatu ndwaye impiswi zikomeye
"Mumbabarire, ndashaka kubabwira ikibazo mfite. Ndashaka kujya kwa muganga kwisuzumisha diyabete kuva hashize iminsi ibiri kandi ndahangayitse. Nkora iki?",kinyarwanda,ROUTINE,chronic_care,kinyarwanda->kinyarwanda:ROUTINE:chronic_care,Ndashaka kujya kwa muganga kwisuzumisha diyabete.,Ndashaka kujya kwa muganga kwisuzumisha SIDA.
"Muganga, mushiki wanjye afite ububabare bukabije mu nda kuva ejo. Byatangiye gitunguranye. Ntegereze cyangwa nsuzumwe ubu?",kinyarwanda,URGENT,gastrointestinal,kinyarwanda->kinyarwanda:URGENT:gastrointestinal,{REL} afite ububabare bukabije mu nda.,Mfite ububabare bukabije mu nda.
"Nzanye umwana wanjye, umuturanyi wanjye arababara cyane mu gituza kandi ububabare bukagera no ku kuboko kuva ejo biragenda bikagaruka. Mfasha muganga.",kinyarwanda,CRITICAL,cardiac_respiratory,kinyarwanda->kinyarwanda:CRITICAL:cardiac_respiratory,{REL} arababara cyane mu gituza kandi ububabare bukagera no ku kuboko.,mu gituza harandya cyane kandi ububabare bukagera no ku kuboko
"Naje hano mbere, papa ashaka kugirwa inama ku mazi yo kunywa kuva mu cyumweru gishize kandi ndahangayitse. Murakoze.",kinyarwanda,ROUTINE,preventive,kinyarwanda->kinyarwanda:ROUTINE:preventive,{REL} ashaka kugirwa inama ku mazi yo kunywa.,Ndashaka kugirwa inama ku mazi yo kunywa.
"Nzanye umwana wanjye, mfite ubushye bunini ku mubiri kuva ijoro ryashize biragenda bikagaruka. Ni imiti ki nafata?",kinyarwanda,CRITICAL,haemorrhage_trauma,kinyarwanda->kinyarwanda:CRITICAL:haemorrhage_trauma,Mfite ubushye bunini ku mubiri.,Mfite ubushye bunini ku mubiri.
"Simbizi niba bikomeye ariko, iyo maze kurya numva mu nda ntameze neza kuva ejo kandi sinshobora gusinzira. Naje mvuye kure.",kinyarwanda,ROUTINE,gastrointestinal,kinyarwanda->kinyarwanda:ROUTINE:gastrointestinal,iyo maze kurya numva mu nda ntameze neza,"Iyo {REL} amaze kurya, yumva inda itameze neza."
"Simbizi niba bikomeye ariko, umugabo wanjye ashaka ko bapima ibiro by'umwana we kuva hashize iminsi ibiri nta miti imfasha. Naje mvuye kure.",kinyarwanda,ROUTINE,paediatric,kinyarwanda->kinyarwanda:ROUTINE:paediatric,{REL} ashaka ko bapima ibiro by'umwana we.,Ndashaka ko bapima ibiro by'umwana wanjye.
Papa afite igikomere ku mutwe nyuma yo kugwa kandi ndahangayitse. Mfasha muganga.,kinyarwanda,CRITICAL,haemorrhage_trauma,kinyarwanda->kinyarwanda:CRITICAL:haemorrhage_trauma,{REL} afite igikomere ku mutwe nyuma yo kugwa.,mfite igikomere ku mutwe nyuma yo kugwa
"Muraho, guhumeka birangora cyane ku buryo ntabasha no kuvuga neza kuva mu masaha abiri ashize. Abandi bana na bo bafite iki kibazo. Ese ibi birakomeye?",kinyarwanda,CRITICAL,cardiac_respiratory,kinyarwanda->kinyarwanda:CRITICAL:cardiac_respiratory,Guhumeka birangora cyane ku buryo ntabasha no kuvuga neza.,Guhumeka birangora cyane ku buryo ntabasha no kuvuga neza.
"Muraho, isukari yo mu maraso yanjye yazamutse cyane kuva mu masaha abiri ashize kandi sinshobora gusinzira. Ntabasha kubona amafaranga yo kongera kuza kwa muganga.",kinyarwanda,URGENT,chronic_care,kinyarwanda->kinyarwanda:URGENT:chronic_care,isukari yo mu maraso yanjye yazamutse cyane,isukari yo mu maraso yanjye yazamutse cyane
"Mfasha, uruhande rumwe rw'umubiri we ntirukora kuva hashize iminsi itatu",kinyarwanda,CRITICAL,neurological,kinyarwanda->kinyarwanda:CRITICAL:neurological,Uruhande rumwe rw'umubiri we ntirukora.,Uruhande rumwe rw'umubiri we ntirukora.
"Muraho, umugore wanjye isukari yo mu maraso ye yazamutse cyane kuva hashize icyumweru kandi ndahangayitse. Nkora iki?",kinyarwanda,URGENT,chronic_care,kinyarwanda->kinyarwanda:URGENT:chronic_care,{REL} isukari yo mu maraso ye yazamutse cyane.,isukari yo mu maraso yanjye yazamutse cyane
"Ndakeneye ubufasha, umuturanyi wanjye ahumeka bimugora cyane ku buryo adashobora no kuvuga neza kuva hashize iminsi itatu kandi ndahangayitse. Ndakeneye ubufasha vuba.",kinyarwanda,CRITICAL,cardiac_respiratory,kinyarwanda->kinyarwanda:CRITICAL:cardiac_respiratory,{REL} ahumeka bimugora cyane ku buryo adashobora no kuvuga neza.,Guhumeka birangora cyane ku buryo ntabasha no kuvuga neza.
"Muganga, maze ibyumweru birenga bibiri nkorora kandi natangiye no kunanuka kuva hashize iminsi itatu biragenda bikagaruka. Mfasha muganga.",kinyarwanda,URGENT,cardiac_respiratory,kinyarwanda->kinyarwanda:URGENT:cardiac_respiratory,Maze ibyumweru birenga bibiri nkorora kandi natangiye no kunanuka.,Maze ibyumweru birenga bibiri nkorora kandi natangiye no kunanuka.
"Mfasha, mu gituza harandya cyane kandi ububabare bukagera no ku kuboko kuva hashize iminsi ibiri nta miti imfasha. Naje mvuye kure.",kinyarwanda,CRITICAL,cardiac_respiratory,kinyarwanda->kinyarwanda:CRITICAL:cardiac_respiratory,mu gituza harandya cyane kandi ububabare bukagera no ku kuboko,mu gituza harandya cyane kandi ububabare bukagera no ku kuboko
"Nzanye umwana wanjye, umutima uratera cyane kandi nkumva umeze nk'aho uhagarara kuva ejo kandi sinshobora gusinzira. Ese ibi birakomeye?",kinyarwanda,CRITICAL,cardiac_respiratory,kinyarwanda->kinyarwanda:CRITICAL:cardiac_respiratory,umutima uratera cyane kandi nkumva umeze nk'aho uhagarara,umutima uratera cyane kandi nkumva umeze nk'aho uhagarara
"Simbizi niba bikomeye ariko, papa ahumeka bimugora cyane kandi iminwa ye yahindutse ibara kuva mu masaha abiri ashize. Abandi bana na bo bafite iki kibazo. Ese ibi birakomeye?",kinyarwanda,CRITICAL,cardiac_respiratory,kinyarwanda->kinyarwanda:CRITICAL:cardiac_respiratory,{REL} ahumeka bimugora cyane kandi iminwa ye yahindutse ibara.,guhumeka birangora cyane kandi iminwa yanjye yahindutse ibara
"Muraho, umwana wanjye ahumeka bimugora cyane ku buryo adashobora no kuvuga neza kuva hashize iminsi ibiri kandi nta miti mfite. Ntegereze cyangwa nsuzumwe ubu?",kinyarwanda,CRITICAL,cardiac_respiratory,kinyarwanda->kinyarwanda:CRITICAL:cardiac_respiratory,{REL} ahumeka bimugora cyane ku buryo adashobora no kuvuga neza.,Guhumeka birangora cyane ku buryo ntabasha no kuvuga neza.
"Simbizi niba bikomeye ariko, ndatwite kandi ndashaka kujya kwa muganga kwisuzumisha kuva ubu gitondo cya kare kandi nta miti mfite. Ese ibi birakomeye?",kinyarwanda,ROUTINE,obstetric,kinyarwanda->kinyarwanda:ROUTINE:obstetric,Ndatwite kandi ndashaka kujya kwa muganga kwisuzumisha.,Ndatwite kandi ndashaka kujya kwa muganga kwisuzumisha.
"Muraho, umwana wanjye isukari yo mu maraso ye yazamutse cyane kuva mu gitondo kandi ndahangayitse. Mfasha muganga.",kinyarwanda,URGENT,chronic_care,kinyarwanda->kinyarwanda:URGENT:chronic_care,{REL} isukari yo mu maraso ye yazamutse cyane.,isukari yo mu maraso yanjye yazamutse cyane
Ndashaka kujya kwa muganga kwisuzumisha diyabete kuva mu masaha abiri ashize nta miti imfasha. Urakoze.,kinyarwanda,ROUTINE,chronic_care,kinyarwanda->kinyarwanda:ROUTINE:chronic_care,Ndashaka kujya kwa muganga kwisuzumisha diyabete.,Ndashaka kujya kwa muganga kwisuzumisha SIDA.
"Simbizi niba bikomeye ariko, mfite igikomere gito kandi amaraso yarahagaze kuva mu masaha abiri ashize. Mfasha muganga.",kinyarwanda,ROUTINE,haemorrhage_trauma,kinyarwanda->kinyarwanda:ROUTINE:haemorrhage_trauma,Mfite igikomere gito kandi amaraso yarahagaze.,Mfite igikomere gito kandi amaraso yarahagaze.
"Mfasha, mu gituza harandya cyane kandi ububabare bukagera no ku kuboko kuva ijoro ryashize bikarushaho nijoro. Nkora iki?",kinyarwanda,CRITICAL,cardiac_respiratory,kinyarwanda->kinyarwanda:CRITICAL:cardiac_respiratory,mu gituza harandya cyane kandi ububabare bukagera no ku kuboko,mu gituza harandya cyane kandi ububabare bukagera no ku kuboko
"Muganga, mama amaze ibyumweru birenga bibiri akorora kandi yatangiye no kunanuka kuva ubu gitondo cya kare. Mfasha muganga.",kinyarwanda,URGENT,cardiac_respiratory,kinyarwanda->kinyarwanda:URGENT:cardiac_respiratory,{REL} amaze ibyumweru birenga bibiri akorora kandi yatangiye no kunanuka.,Maze ibyumweru birenga bibiri nkorora kandi natangiye no kunanuka.
"Simbizi niba bikomeye ariko, amazi yamenetse ariko igihe cyo kubyara ntikiragera kandi ndahangayitse. Ni imiti ki nafata?",kinyarwanda,URGENT,obstetric,kinyarwanda->kinyarwanda:URGENT:obstetric,Amazi yamenetse ariko igihe cyo kubyara ntikiragera.,Amazi yamenetse ariko igihe cyo kubyara ntikiragera.
"Nzanye umwana wanjye, mushiki wanjye yagagaye kandi arimo guhinda umushyitsi kuva mu masaha abiri ashize kandi nta miti mfite. Ntegereze cyangwa nsuzumwe ubu?",kinyarwanda,CRITICAL,neurological,kinyarwanda->kinyarwanda:CRITICAL:neurological,{REL} yagagaye kandi arimo guhinda umushyitsi.,{REL} yagagaye kandi arimo guhinda umushyitsi.
"Simbizi niba bikomeye ariko, umwana wanjye afite umuhaha kuva mu cyumweru gishize bikarushaho nijoro. Mfasha muganga.",kinyarwanda,URGENT,paediatric,kinyarwanda->kinyarwanda:URGENT:paediatric,{REL} afite umuhaha.,Mfite umuhaha.
"Mfasha, umwana wanjye afite impiswi zikomeye kandi yagize umwuma kuva hashize iminsi itatu bikarushaho nijoro",kinyarwanda,CRITICAL,gastrointestinal,kinyarwanda->kinyarwanda:CRITICAL:gastrointestinal,{REL} afite impiswi zikomeye kandi yagize umwuma.,{REL} afite impiswi zikomeye kandi yagize umwuma.
"Ndashaka kukubwira ikibazo mfite. Umuturanyi wanjye afite ibimenyetso bya malariya, umuriro n'imbeho kuva mu cyumweru gishize kandi nta miti mfite. Ntabasha kubona amafaranga yo kongera kuza kwa muganga.",kinyarwanda,URGENT,infectious_fever,kinyarwanda->kinyarwanda:URGENT:infectious_fever,"{REL} afite ibimenyetso bya malariya, umuriro n'imbeho.","Mfite ibimenyetso bya malariya, umuriro n'imbeho."
"Muraho, mushiki wanjye aratwite kandi yaragagaye kuva ejo biragenda bikagaruka. Ntabasha kubona amafaranga yo kongera kuza kwa muganga.",kinyarwanda,CRITICAL,obstetric,kinyarwanda->kinyarwanda:CRITICAL:obstetric,{REL} aratwite kandi yaragagaye.,Ndatwite kandi nagagaye.
"Naje hano mbere, ndashaka kujya kwa muganga kwisuzumisha SIDA kuva mu cyumweru gishize kandi birushaho kuba bibi. Mfasha muganga.",kinyarwanda,ROUTINE,chronic_care,kinyarwanda->kinyarwanda:ROUTINE:chronic_care,Ndashaka kujya kwa muganga kwisuzumisha SIDA.,Ndashaka kujya kwa muganga kwisuzumisha SIDA.
"Muraho, mu rugo hari umuntu urwaye igituntu kandi ndashaka kwisuzumisha kuva hashize iminsi itatu kandi birushaho kuba bibi. Ese ibi birakomeye?",kinyarwanda,URGENT,preventive,kinyarwanda->kinyarwanda:URGENT:preventive,Mu rugo hari umuntu urwaye igituntu kandi ndashaka kwisuzumisha.,Mu rugo hari umuntu urwaye igituntu kandi ndashaka kwisuzumisha.
"Nyabuneka, isukari yo mu maraso yanjye yazamutse cyane kuva ubu gitondo cya kare kandi birushaho kuba bibi. Ni imiti ki nafata?",kinyarwanda,URGENT,chronic_care,kinyarwanda->kinyarwanda:URGENT:chronic_care,isukari yo mu maraso yanjye yazamutse cyane,isukari yo mu maraso yanjye yazamutse cyane
"Nzanye umwana wanjye, ndumva naniwe ariko si cyane kuva ijoro ryashize kandi ndahangayitse. Murakoze.",kinyarwanda,ROUTINE,neurological,kinyarwanda->kinyarwanda:ROUTINE:neurological,ndumva naniwe ariko si cyane,ndumva naniwe ariko si cyane
"Muganga, ndatwite, umutwe urandya cyane kandi sinshobora kureba neza kuva ijoro ryashize. Byatangiye gitunguranye. Ese ibi birakomeye?",kinyarwanda,CRITICAL,obstetric,kinyarwanda->kinyarwanda:CRITICAL:obstetric,"Ndatwite, umutwe urandya cyane kandi sinshobora kureba neza.","Ndatwite, umutwe urandya cyane kandi sinshobora kureba neza."
"Mfasha vuba, mama araruka ibyo arya byose kandi ntashobora no kunywa kuva mu cyumweru gishize kandi ndahangayitse. Ndakeneye ubufasha vuba.",kinyarwanda,CRITICAL,gastrointestinal,kinyarwanda->kinyarwanda:CRITICAL:gastrointestinal,{REL} araruka ibyo arya byose kandi ntashobora no kunywa.,Ndaruka ibyo ndya byose kandi sinshobora no kunywa.
"Ndakeneye ubufasha, mushiki wanjye ashaka imiti y'inzoka y'umwana we kuva hashize iminsi itatu kandi nta miti mfite. Urakoze.",kinyarwanda,ROUTINE,preventive,kinyarwanda->kinyarwanda:ROUTINE:preventive,{REL} ashaka imiti y'inzoka y'umwana we.,Ndashaka imiti y'inzoka y'umwana wanjye.
"Muganga, iyo maze kurya numva mu nda ntameze neza kuva ubu gitondo cya kare",kinyarwanda,ROUTINE,gastrointestinal,kinyarwanda->kinyarwanda:ROUTINE:gastrointestinal,iyo maze kurya numva mu nda ntameze neza,"Iyo {REL} amaze kurya, yumva inda itameze neza."
"Mfasha vuba, umwana wanjye nta miti ya SIDA afite kuva mu masaha abiri ashize kandi nta miti mfite. Murakoze.",kinyarwanda,URGENT,chronic_care,kinyarwanda->kinyarwanda:URGENT:chronic_care,{REL} nta miti ya SIDA afite.,Nta miti ya SIDA mfite.
"Simbizi niba bikomeye ariko, umwana wanjye arababara cyane mu gituza kandi ububabare bukagera no ku kuboko kandi nta miti mfite. Ntabasha kubona amafaranga yo kongera kuza kwa muganga.",kinyarwanda,CRITICAL,cardiac_respiratory,kinyarwanda->kinyarwanda:CRITICAL:cardiac_respiratory,{REL} arababara cyane mu gituza kandi ububabare bukagera no ku kuboko.,mu gituza harandya cyane kandi ububabare bukagera no ku kuboko
"Muraho, ndatwite kandi nagagaye kuva ijoro ryashize kandi sinshobora gusinzira. Nkora iki?",kinyarwanda,CRITICAL,obstetric,kinyarwanda->kinyarwanda:CRITICAL:obstetric,Ndatwite kandi nagagaye.,Ndatwite kandi nagagaye.
"Nzanye umwana wanjye, umwana wanjye afite umuhaha kuva ejo. Byatangiye gitunguranye. Ese ibi birakomeye?",kinyarwanda,URGENT,paediatric,kinyarwanda->kinyarwanda:URGENT:paediatric,{REL} afite umuhaha.,Mfite umuhaha.
"Iyo mpumeka, numva igituza gifashe kandi mpumeka nkumva hari ijwi ridasanzwe kuva ubu gitondo cya kare kandi nta miti mfite",kinyarwanda,URGENT,cardiac_respiratory,kinyarwanda->kinyarwanda:URGENT:cardiac_respiratory,"Iyo mpumeka, numva igituza gifashe kandi mpumeka nkumva hari ijwi ridasanzwe.","Iyo mpumeka, numva igituza gifashe kandi mpumeka nkumva hari ijwi ridasanzwe."
"Muraho, maze ibyumweru birenga bibiri nkorora kandi natangiye no kunanuka kuva hashize icyumweru biragenda bikagaruka. Naje mvuye kure.",kinyarwanda,URGENT,cardiac_respiratory,kinyarwanda->kinyarwanda:URGENT:cardiac_respiratory,Maze ibyumweru birenga bibiri nkorora kandi natangiye no kunanuka.,Maze ibyumweru birenga bibiri nkorora kandi natangiye no kunanuka.
"Nyabuneka, maze umunsi wose mbabara ngerageza kubyara ariko umwana ntarasohoka kuva ejo. Abandi bana na bo bafite iki kibazo. Naje mvuye kure.",kinyarwanda,CRITICAL,obstetric,kinyarwanda->kinyarwanda:CRITICAL:obstetric,Maze umunsi wose mbabara ngerageza kubyara ariko umwana ntarasohoka.,Maze umunsi wose mbabara ngerageza kubyara ariko umwana ntarasohoka.
Ndashaka imiti y'inzoka y'umwana wanjye kuva hashize iminsi ibiri. Byatangiye gitunguranye. Ni imiti ki nafata?,kinyarwanda,ROUTINE,preventive,kinyarwanda->kinyarwanda:ROUTINE:preventive,Ndashaka imiti y'inzoka y'umwana wanjye.,Ndashaka imiti y'inzoka y'umwana wanjye.
"Nyabuneka, umwana wanjye yabyimbye ibirenge kandi ntashobora guhumeka neza iyo aragaramye kuva ubu gitondo cya kare biragenda bikagaruka. Ese ibi birakomeye?",kinyarwanda,URGENT,chronic_care,kinyarwanda->kinyarwanda:URGENT:chronic_care,{REL} yabyimbye ibirenge kandi ntashobora guhumeka neza iyo aragaramye.,Nabyimbye ibirenge kandi sinshobora guhumeka neza iyo ndagaramye.
"Simbizi niba bikomeye ariko, papa ashaka inama ku biryo byo kugaburira umwana we biragenda bikagaruka",kinyarwanda,ROUTINE,preventive,kinyarwanda->kinyarwanda:ROUTINE:preventive,{REL} ashaka inama ku biryo byo kugaburira umwana we.,Ndashaka inama ku biryo byo kugaburira umwana wanjye.
"Muganga, umwana wanjye akorora gake ariko nta muriro afite kuva ejo. Ndakeneye ubufasha vuba.",kinyarwanda,ROUTINE,cardiac_respiratory,kinyarwanda->kinyarwanda:ROUTINE:cardiac_respiratory,{REL} akorora gake ariko nta muriro afite.,Nkorora gake ariko nta muriro mfite.
"Mumbabarire, ndashaka kubabwira ikibazo mfite. Ndashaka kujya kwa muganga kwisuzumisha diyabete kuva mu masaha abiri ashize kandi birushaho kuba bibi. Ntabasha kubona amafaranga yo kongera kuza kwa muganga.",kinyarwanda,ROUTINE,chronic_care,kinyarwanda->kinyarwanda:ROUTINE:chronic_care,Ndashaka kujya kwa muganga kwisuzumisha diyabete.,Ndashaka kujya kwa muganga kwisuzumisha SIDA.
"Nzanye umwana wanjye, guhumeka birangora cyane ku buryo ntabasha no kuvuga neza. Naje mvuye kure.",kinyarwanda,CRITICAL,cardiac_respiratory,kinyarwanda->kinyarwanda:CRITICAL:cardiac_respiratory,Guhumeka birangora cyane ku buryo ntabasha no kuvuga neza.,Guhumeka birangora cyane ku buryo ntabasha no kuvuga neza.
"Ndakeneye ubufasha, umwana wanjye afite umuhaha kuva hashize iminsi ibiri kandi nta miti mfite",kinyarwanda,URGENT,paediatric,kinyarwanda->kinyarwanda:URGENT:paediatric,{REL} afite umuhaha.,Mfite umuhaha.
"Muganga, ndaruka amaraso kuva hashize iminsi ibiri kandi birushaho kuba bibi. Naje mvuye kure.",kinyarwanda,CRITICAL,gastrointestinal,kinyarwanda->kinyarwanda:CRITICAL:gastrointestinal,Ndaruka amaraso.,Ndaruka amaraso.
"Mumbabarire, ndashaka kubabwira ikibazo mfite. Umwana wanjye arakomeza kuruka kandi ntashobora kurya kuva hashize iminsi itatu bikarushaho nijoro. Naje mvuye kure.",kinyarwanda,URGENT,gastrointestinal,kinyarwanda->kinyarwanda:URGENT:gastrointestinal,{REL} arakomeza kuruka kandi ntashobora kurya.,ndakomeza kuruka kandi sinshobora kurya
"Nyabuneka, umugabo wanjye arakomeza kuruka kandi ntashobora kurya kuva ubu gitondo cya kare kandi sinshobora gusinzira. Ndakeneye ubufasha vuba.",kinyarwanda,URGENT,gastrointestinal,kinyarwanda->kinyarwanda:URGENT:gastrointestinal,{REL} arakomeza kuruka kandi ntashobora kurya.,ndakomeza kuruka kandi sinshobora kurya
"Nzanye umwana wanjye, umuturanyi wanjye amaze umunsi wose ari mu bubabare bwo kubyara ariko umwana ntarasohoka kuva mu masaha abiri ashize. Byatangiye gitunguranye.",kinyarwanda,CRITICAL,obstetric,kinyarwanda->kinyarwanda:CRITICAL:obstetric,{REL} amaze umunsi wose ari mu bubabare bwo kubyara ariko umwana ntarasohoka.,Maze umunsi wose mbabara ngerageza kubyara ariko umwana ntarasohoka.
"Ndakeneye ubufasha, mama afite ubushye bunini ku mubiri kuva hashize iminsi ibiri kandi ndahangayitse. Ese ibi birakomeye?",kinyarwanda,CRITICAL,haemorrhage_trauma,kinyarwanda->kinyarwanda:CRITICAL:haemorrhage_trauma,{REL} afite ubushye bunini ku mubiri.,Mfite ubushye bunini ku mubiri.
"Nyabuneka, ndaruka amaraso kuva ijoro ryashize bikarushaho nijoro",kinyarwanda,CRITICAL,gastrointestinal,kinyarwanda->kinyarwanda:CRITICAL:gastrointestinal,Ndaruka amaraso.,Ndaruka amaraso.
Ndashaka kukubwira ikibazo mfite. Ndava amaraso menshi nyuma yo kubyara kuva hashize iminsi ibiri biragenda bikagaruka. Naje mvuye kure.,kinyarwanda,CRITICAL,obstetric,kinyarwanda->kinyarwanda:CRITICAL:obstetric,ndava amaraso menshi nyuma yo kubyara,ndava amaraso menshi nyuma yo kubyara
"Nyabuneka, umwana wanjye akorora gake ariko nta muriro afite kuva ijoro ryashize. Abandi bana na bo bafite iki kibazo. Urakoze.",kinyarwanda,ROUTINE,cardiac_respiratory,kinyarwanda->kinyarwanda:ROUTINE:cardiac_respiratory,{REL} akorora gake ariko nta muriro afite.,Nkorora gake ariko nta muriro mfite.
"Muganga, amazi yamenetse ariko igihe cyo kubyara ntikiragera kandi sinshobora gusinzira. Mfasha muganga.",kinyarwanda,URGENT,obstetric,kinyarwanda->kinyarwanda:URGENT:obstetric,Amazi yamenetse ariko igihe cyo kubyara ntikiragera.,Amazi yamenetse ariko igihe cyo kubyara ntikiragera.
"Mfasha vuba, mu rugo hari umuntu urwaye igituntu kandi ndashaka kwisuzumisha kuva mu cyumweru gishize. Ntegereze cyangwa nsuzumwe ubu?",kinyarwanda,URGENT,preventive,kinyarwanda->kinyarwanda:URGENT:preventive,Mu rugo hari umuntu urwaye igituntu kandi ndashaka kwisuzumisha.,Mu rugo hari umuntu urwaye igituntu kandi ndashaka kwisuzumisha.
"Mfasha, iyo umwana wanjye amaze kurya, yumva inda itameze neza kuva ubu gitondo cya kare. Abandi bana na bo bafite iki kibazo. Urakoze.",kinyarwanda,ROUTINE,gastrointestinal,kinyarwanda->kinyarwanda:ROUTINE:gastrointestinal,"Iyo {REL} amaze kurya, yumva inda itameze neza.","Iyo {REL} amaze kurya, yumva inda itameze neza."
Umugabo wanjye afite ubushye bunini ku mubiri kuva ubu gitondo cya kare nta miti imfasha. Ntabasha kubona amafaranga yo kongera kuza kwa muganga.,kinyarwanda,CRITICAL,haemorrhage_trauma,kinyarwanda->kinyarwanda:CRITICAL:haemorrhage_trauma,{REL} afite ubushye bunini ku mubiri.,Mfite ubushye bunini ku mubiri.
"Muraho, umutima uratera cyane kandi nkumva umeze nk'aho uhagarara kuva hashize iminsi itatu nta miti imfasha. Nkora iki?",kinyarwanda,CRITICAL,cardiac_respiratory,kinyarwanda->kinyarwanda:CRITICAL:cardiac_respiratory,umutima uratera cyane kandi nkumva umeze nk'aho uhagarara,umutima uratera cyane kandi nkumva umeze nk'aho uhagarara
"Muganga, umugabo wanjye ashaka kugirwa inama ku mazi yo kunywa kuva ijoro ryashize bikarushaho nijoro. Ntabasha kubona amafaranga yo kongera kuza kwa muganga.",kinyarwanda,ROUTINE,preventive,kinyarwanda->kinyarwanda:ROUTINE:preventive,{REL} ashaka kugirwa inama ku mazi yo kunywa.,Ndashaka kugirwa inama ku mazi yo kunywa.
"Nzanye umwana wanjye, mushiki wanjye ahumeka bimugora cyane kandi iminwa ye yahindutse ibara kuva ijoro ryashize kandi ndahangayitse. Mfasha muganga.",kinyarwanda,CRITICAL,cardiac_respiratory,kinyarwanda->kinyarwanda:CRITICAL:cardiac_respiratory,{REL} ahumeka bimugora cyane kandi iminwa ye yahindutse ibara.,guhumeka birangora cyane kandi iminwa yanjye yahindutse ibara
"Mfasha, mushiki wanjye arakomeza kuruka kandi ntashobora kurya kuva mu gitondo. Abandi bana na bo bafite iki kibazo. Ntabasha kubona amafaranga yo kongera kuza kwa muganga.",kinyarwanda,URGENT,gastrointestinal,kinyarwanda->kinyarwanda:URGENT:gastrointestinal,{REL} arakomeza kuruka kandi ntashobora kurya.,ndakomeza kuruka kandi sinshobora kurya
Ndashaka kukubwira ikibazo mfite. Mu gituza harandya cyane kandi ububabare bukagera no ku kuboko kuva ejo nta miti imfasha. Ese ibi birakomeye?,kinyarwanda,CRITICAL,cardiac_respiratory,kinyarwanda->kinyarwanda:CRITICAL:cardiac_respiratory,mu gituza harandya cyane kandi ububabare bukagera no ku kuboko,mu gituza harandya cyane kandi ububabare bukagera no ku kuboko
"Nyabuneka, umwana wanjye afite umuhaha kandi ndahangayitse. Ndakeneye ubufasha vuba.",kinyarwanda,URGENT,paediatric,kinyarwanda->kinyarwanda:URGENT:paediatric,{REL} afite umuhaha.,Mfite umuhaha.
"Mfasha vuba, umugabo wanjye arumva igituza kimuremereye cyane kandi ububabare bukagera no ku rwasaya cyangwa ku kuboko kuva ijoro ryashize biragenda bikagaruka. Ntegereze cyangwa nsuzumwe ubu?",kinyarwanda,CRITICAL,cardiac_respiratory,kinyarwanda->kinyarwanda:CRITICAL:cardiac_respiratory,{REL} arumva igituza kimuremereye cyane kandi ububabare bukagera no ku rwasaya cyangwa ku kuboko.,{REL} arumva igituza kimuremereye cyane kandi ububabare bukagera no ku rwasaya cyangwa ku kuboko.
"Ndakeneye ubufasha, umwana wanjye akorora gake ariko nta muriro afite kuva mu gitondo. Byatangiye gitunguranye. Nkora iki?",kinyarwanda,ROUTINE,cardiac_respiratory,kinyarwanda->kinyarwanda:ROUTINE:cardiac_respiratory,{REL} akorora gake ariko nta muriro afite.,Nkorora gake ariko nta muriro mfite.
"Nzanye umwana wanjye, umwana wanjye yabyimbye ibirenge kandi ntashobora guhumeka neza iyo aragaramye kuva ijoro ryashize kandi birushaho kuba bibi",kinyarwanda,URGENT,chronic_care,kinyarwanda->kinyarwanda:URGENT:chronic_care,{REL} yabyimbye ibirenge kandi ntashobora guhumeka neza iyo aragaramye.,Nabyimbye ibirenge kandi sinshobora guhumeka neza iyo ndagaramye.
"Simbizi niba bikomeye ariko, isukari yo mu maraso yanjye yazamutse cyane kuva mu gitondo kandi nta miti mfite",kinyarwanda,URGENT,chronic_care,kinyarwanda->kinyarwanda:URGENT:chronic_care,isukari yo mu maraso yanjye yazamutse cyane,isukari yo mu maraso yanjye yazamutse cyane
"Mfasha, maze umunsi wose mbabara ngerageza kubyara ariko umwana ntarasohoka kuva hashize iminsi itatu. Byatangiye gitunguranye.",kinyarwanda,CRITICAL,obstetric,kinyarwanda->kinyarwanda:CRITICAL:obstetric,Maze umunsi wose mbabara ngerageza kubyara ariko umwana ntarasohoka.,Maze umunsi wose mbabara ngerageza kubyara ariko umwana ntarasohoka.
"Naje hano mbere, umugore wanjye ari kuva amaraso menshi kandi ntahagarara kuva hashize iminsi itatu kandi sinshobora gusinzira. Ntegereze cyangwa nsuzumwe ubu?",kinyarwanda,CRITICAL,haemorrhage_trauma,kinyarwanda->kinyarwanda:CRITICAL:haemorrhage_trauma,{REL} ari kuva amaraso menshi kandi ntahagarara.,ndi kuva amaraso menshi kandi ntahagarara
"Mumbabarire, ndashaka kubabwira ikibazo mfite. Umwana wanjye afite umuhaha kuva hashize iminsi itatu. Ntabasha kubona amafaranga yo kongera kuza kwa muganga.",kinyarwanda,URGENT,paediatric,kinyarwanda->kinyarwanda:URGENT:paediatric,{REL} afite umuhaha.,Mfite umuhaha.
"Muraho, umuturanyi wanjye aratwite kandi afite umuriro kuva mu gitondo biragenda bikagaruka. Urakoze.",kinyarwanda,URGENT,obstetric,kinyarwanda->kinyarwanda:URGENT:obstetric,{REL} aratwite kandi afite umuriro.,Ndatwite kandi mfite umuriro.
"Nyabuneka, papa ashaka ko bapima ibiro by'umwana we kuva ijoro ryashize bikarushaho nijoro. Murakoze.",kinyarwanda,ROUTINE,paediatric,kinyarwanda->kinyarwanda:ROUTINE:paediatric,{REL} ashaka ko bapima ibiro by'umwana we.,Ndashaka ko bapima ibiro by'umwana wanjye.
"Muraho, uruhande rumwe rw'umubiri we ntirukora. Abandi bana na bo bafite iki kibazo. Ni imiti ki nafata?",kinyarwanda,CRITICAL,neurological,kinyarwanda->kinyarwanda:CRITICAL:neurological,Uruhande rumwe rw'umubiri we ntirukora.,Uruhande rumwe rw'umubiri we ntirukora.
"Nyabuneka, nyuma yo kubyara, umuturanyi wanjye afite umuriro kandi hari ibintu bisohoka bifite impumuro mbi kuva mu gitondo kandi ndahangayitse. Ni imiti ki nafata?",kinyarwanda,CRITICAL,obstetric,kinyarwanda->kinyarwanda:CRITICAL:obstetric,"Nyuma yo kubyara, {REL} afite umuriro kandi hari ibintu bisohoka bifite impumuro mbi.",Nyuma yo kubyara mfite umuriro kandi hari ibintu bisohoka bifite impumuro mbi.
"Iyo mpumeka, numva igituza gifashe kandi mpumeka nkumva hari ijwi ridasanzwe. Mfasha muganga.",kinyarwanda,URGENT,cardiac_respiratory,kinyarwanda->kinyarwanda:URGENT:cardiac_respiratory,"Iyo mpumeka, numva igituza gifashe kandi mpumeka nkumva hari ijwi ridasanzwe.","Iyo mpumeka, numva igituza gifashe kandi mpumeka nkumva hari ijwi ridasanzwe."
Ndashaka kukubwira ikibazo mfite. Umugabo wanjye nta miti y'igituntu afite kuva hashize icyumweru bikarushaho nijoro. Nkora iki?,kinyarwanda,URGENT,chronic_care,kinyarwanda->kinyarwanda:URGENT:chronic_care,{REL} nta miti y'igituntu afite.,Nta miti y'igituntu mfite.
"Simbizi niba bikomeye ariko, ndabyara ariko habanje gusohoka umugozi w'umwana kuva hashize iminsi ibiri. Abandi bana na bo bafite iki kibazo.",kinyarwanda,CRITICAL,obstetric,kinyarwanda->kinyarwanda:CRITICAL:obstetric,Ndabyara ariko habanje gusohoka umugozi w'umwana.,Ndabyara ariko habanje gusohoka umugozi w'umwana.
"Nyabuneka, mushiki wanjye afite ububabare bukabije mu nda kuva ijoro ryashize. Abandi bana na bo bafite iki kibazo.",kinyarwanda,URGENT,gastrointestinal,kinyarwanda->kinyarwanda:URGENT:gastrointestinal,{REL} afite ububabare bukabije mu nda.,Mfite ububabare bukabije mu nda.
"Ndakeneye ubufasha, mama aratwite kandi afite umuriro kuva ubu gitondo cya kare. Abandi bana na bo bafite iki kibazo. Ntegereze cyangwa nsuzumwe ubu?",kinyarwanda,URGENT,obstetric,kinyarwanda->kinyarwanda:URGENT:obstetric,{REL} aratwite kandi afite umuriro.,Ndatwite kandi mfite umuriro.
"Mfasha, mushiki wanjye nta miti ya SIDA afite kuva hashize iminsi itatu biragenda bikagaruka. Ese ibi birakomeye?",kinyarwanda,URGENT,chronic_care,kinyarwanda->kinyarwanda:URGENT:chronic_care,{REL} nta miti ya SIDA afite.,Nta miti ya SIDA mfite.
"Nzanye umwana wanjye, mushiki wanjye yabyimbye ibirenge kandi ntashobora guhumeka neza iyo aragaramye kuva ubu gitondo cya kare biragenda bikagaruka. Ntabasha kubona amafaranga yo kongera kuza kwa muganga.",kinyarwanda,URGENT,chronic_care,kinyarwanda->kinyarwanda:URGENT:chronic_care,{REL} yabyimbye ibirenge kandi ntashobora guhumeka neza iyo aragaramye.,Nabyimbye ibirenge kandi sinshobora guhumeka neza iyo ndagaramye.
"Nzanye umwana wanjye, amazi yamenetse ariko igihe cyo kubyara ntikiragera kuva ijoro ryashize kandi birushaho kuba bibi. Murakoze.",kinyarwanda,URGENT,obstetric,kinyarwanda->kinyarwanda:URGENT:obstetric,Amazi yamenetse ariko igihe cyo kubyara ntikiragera.,Amazi yamenetse ariko igihe cyo kubyara ntikiragera.
"Nzanye umwana wanjye, ndatwite kandi ndashaka kujya kwa muganga kwisuzumisha kuva ubu gitondo cya kare bikarushaho nijoro. Ntabasha kubona amafaranga yo kongera kuza kwa muganga.",kinyarwanda,ROUTINE,obstetric,kinyarwanda->kinyarwanda:ROUTINE:obstetric,Ndatwite kandi ndashaka kujya kwa muganga kwisuzumisha.,Ndatwite kandi ndashaka kujya kwa muganga kwisuzumisha.
"Ndakeneye ubufasha, umuturanyi wanjye ashaka ko bapima ibiro by'umwana we kuva hashize icyumweru kandi birushaho kuba bibi. Ntabasha kubona amafaranga yo kongera kuza kwa muganga.",kinyarwanda,ROUTINE,paediatric,kinyarwanda->kinyarwanda:ROUTINE:paediatric,{REL} ashaka ko bapima ibiro by'umwana we.,Ndashaka ko bapima ibiro by'umwana wanjye.
"Ndashaka kukubwira ikibazo mfite. Umwana wanjye afite umuriro woroheje umaze umunsi umwe, ariko nta kindi kibazo afite kuva hashize icyumweru. Urakoze.",kinyarwanda,ROUTINE,infectious_fever,kinyarwanda->kinyarwanda:ROUTINE:infectious_fever,"{REL} afite umuriro woroheje umaze umunsi umwe, ariko nta kindi kibazo afite.","mfite umuriro woroheje umaze umunsi umwe, ariko nta kindi kibazo mfite"
"Mfasha vuba, umugabo wanjye nta miti y'igituntu afite kuva ubu gitondo cya kare kandi ndahangayitse. Nkora iki?",kinyarwanda,URGENT,chronic_care,kinyarwanda->kinyarwanda:URGENT:chronic_care,{REL} nta miti y'igituntu afite.,Nta miti y'igituntu mfite.
Ndashaka kukubwira ikibazo mfite. Maze umunsi wose mbabara ngerageza kubyara ariko umwana ntarasohoka kuva ubu gitondo cya kare kandi sinshobora gusinzira. Mfasha muganga.,kinyarwanda,CRITICAL,obstetric,kinyarwanda->kinyarwanda:CRITICAL:obstetric,Maze umunsi wose mbabara ngerageza kubyara ariko umwana ntarasohoka.,Maze umunsi wose mbabara ngerageza kubyara ariko umwana ntarasohoka.
Umugore wanjye arumva igituza kimuremereye cyane kandi ububabare bukagera no ku rwasaya cyangwa ku kuboko kuva mu cyumweru gishize kandi nta miti mfite. Nkora iki?,kinyarwanda,CRITICAL,cardiac_respiratory,kinyarwanda->kinyarwanda:CRITICAL:cardiac_respiratory,{REL} arumva igituza kimuremereye cyane kandi ububabare bukagera no ku rwasaya cyangwa ku kuboko.,{REL} arumva igituza kimuremereye cyane kandi ububabare bukagera no ku rwasaya cyangwa ku kuboko.
"Mumbabarire, ndashaka kubabwira ikibazo mfite. Umwana wanjye afite umuriro mwinshi kandi ntarya kuva hashize iminsi ibiri kandi nta miti mfite. Ndakeneye ubufasha vuba.",kinyarwanda,URGENT,paediatric,kinyarwanda->kinyarwanda:URGENT:paediatric,{REL} afite umuriro mwinshi kandi ntarya.,{REL} afite umuriro mwinshi kandi ntarya.
"Naje hano mbere, mfite ubushye bunini ku mubiri kuva ijoro ryashize kandi sinshobora gusinzira",kinyarwanda,CRITICAL,haemorrhage_trauma,kinyarwanda->kinyarwanda:CRITICAL:haemorrhage_trauma,Mfite ubushye bunini ku mubiri.,Mfite ubushye bunini ku mubiri.
"Nyabuneka, mushiki wanjye ari kuva amaraso menshi kandi ntahagarara kuva hashize iminsi ibiri biragenda bikagaruka. Ndakeneye ubufasha vuba.",kinyarwanda,CRITICAL,haemorrhage_trauma,kinyarwanda->kinyarwanda:CRITICAL:haemorrhage_trauma,{REL} ari kuva amaraso menshi kandi ntahagarara.,ndi kuva amaraso menshi kandi ntahagarara
Ndashaka kukubwira ikibazo mfite. Umuturanyi wanjye aratwite kandi afite umuriro kuva ejo. Abandi bana na bo bafite iki kibazo. Urakoze.,kinyarwanda,URGENT,obstetric,kinyarwanda->kinyarwanda:URGENT:obstetric,{REL} aratwite kandi afite umuriro.,Ndatwite kandi mfite umuriro.
"Simbizi niba bikomeye ariko, ndumva naniwe ariko si cyane kandi nta miti mfite. Naje mvuye kure.",kinyarwanda,ROUTINE,neurological,kinyarwanda->kinyarwanda:ROUTINE:neurological,ndumva naniwe ariko si cyane,ndumva naniwe ariko si cyane
"Nzanye umwana wanjye, ndatwite kandi nagagaye kuva mu masaha abiri ashize kandi sinshobora gusinzira",kinyarwanda,CRITICAL,obstetric,kinyarwanda->kinyarwanda:CRITICAL:obstetric,Ndatwite kandi nagagaye.,Ndatwite kandi nagagaye.
"Nyabuneka, umuturanyi wanjye ashaka imiti y'inzoka y'umwana we kuva hashize icyumweru kandi nta miti mfite. Naje mvuye kure.",kinyarwanda,ROUTINE,preventive,kinyarwanda->kinyarwanda:ROUTINE:preventive,{REL} ashaka imiti y'inzoka y'umwana we.,Ndashaka imiti y'inzoka y'umwana wanjye.
"Nyabuneka, umugore wanjye arakomeza kuruka kandi ntashobora kurya kuva hashize iminsi ibiri. Abandi bana na bo bafite iki kibazo. Urakoze.",kinyarwanda,URGENT,gastrointestinal,kinyarwanda->kinyarwanda:URGENT:gastrointestinal,{REL} arakomeza kuruka kandi ntashobora kurya.,ndakomeza kuruka kandi sinshobora kurya
Amazuru arantemba gake kuva hashize iminsi itatu kandi nta miti mfite. Ni imiti ki nafata?,kinyarwanda,ROUTINE,infectious_fever,kinyarwanda->kinyarwanda:ROUTINE:infectious_fever,amazuru arantemba gake,amazuru arantemba gake
"Ndakeneye ubufasha, ndatwite kandi mfite umuriro kuva ejo. Byatangiye gitunguranye. Nkora iki?",kinyarwanda,URGENT,obstetric,kinyarwanda->kinyarwanda:URGENT:obstetric,Ndatwite kandi mfite umuriro.,Ndatwite kandi mfite umuriro.
"Nyabuneka, umukecuru yataye ubwenge kandi ntasubiza kuva mu gitondo kandi ndahangayitse. Ntegereze cyangwa nsuzumwe ubu?",kinyarwanda,CRITICAL,neurological,kinyarwanda->kinyarwanda:CRITICAL:neurological,{REL} yataye ubwenge kandi ntasubiza.,{REL} yataye ubwenge kandi ntasubiza.
"Simbizi niba bikomeye ariko, ndashaka kujya kwa muganga kwisuzumisha SIDA kuva ubu gitondo cya kare kandi nta miti mfite. Urakoze.",kinyarwanda,ROUTINE,chronic_care,kinyarwanda->kinyarwanda:ROUTINE:chronic_care,Ndashaka kujya kwa muganga kwisuzumisha SIDA.,Ndashaka kujya kwa muganga kwisuzumisha SIDA.
"Muganga, maze ibyumweru birenga bibiri nkorora kandi natangiye no kunanuka kuva ejo. Byatangiye gitunguranye. Ni imiti ki nafata?",kinyarwanda,URGENT,cardiac_respiratory,kinyarwanda->kinyarwanda:URGENT:cardiac_respiratory,Maze ibyumweru birenga bibiri nkorora kandi natangiye no kunanuka.,Maze ibyumweru birenga bibiri nkorora kandi natangiye no kunanuka.
"Mfasha, mama aratwite kandi afite umuriro kuva mu gitondo kandi birushaho kuba bibi. Ese ibi birakomeye?",kinyarwanda,URGENT,obstetric,kinyarwanda->kinyarwanda:URGENT:obstetric,{REL} aratwite kandi afite umuriro.,Ndatwite kandi mfite umuriro.
"Ndakeneye ubufasha, ndatwite kandi nagagaye biragenda bikagaruka. Mfasha muganga.",kinyarwanda,CRITICAL,obstetric,kinyarwanda->kinyarwanda:CRITICAL:obstetric,Ndatwite kandi nagagaye.,Ndatwite kandi nagagaye.
"Mfasha, mama aratwite kandi afite umuriro kuva ijoro ryashize nta miti imfasha. Ese ibi birakomeye?",kinyarwanda,URGENT,obstetric,kinyarwanda->kinyarwanda:URGENT:obstetric,{REL} aratwite kandi afite umuriro.,Ndatwite kandi mfite umuriro.
Ndashaka kukubwira ikibazo mfite. Mfite igikomere ku mutwe nyuma yo kugwa kuva hashize icyumweru biragenda bikagaruka. Ndakeneye ubufasha vuba.,kinyarwanda,CRITICAL,haemorrhage_trauma,kinyarwanda->kinyarwanda:CRITICAL:haemorrhage_trauma,mfite igikomere ku mutwe nyuma yo kugwa,mfite igikomere ku mutwe nyuma yo kugwa
"Mfasha, umuturanyi wanjye aratwite kandi yaragagaye kuva mu gitondo kandi nta miti mfite",kinyarwanda,CRITICAL,obstetric,kinyarwanda->kinyarwanda:CRITICAL:obstetric,{REL} aratwite kandi yaragagaye.,Ndatwite kandi nagagaye.
"Ndatwite, umutwe urandya cyane kandi sinshobora kureba neza kuva mu gitondo kandi sinshobora gusinzira. Naje mvuye kure.",kinyarwanda,CRITICAL,obstetric,kinyarwanda->kinyarwanda:CRITICAL:obstetric,"Ndatwite, umutwe urandya cyane kandi sinshobora kureba neza.","Ndatwite, umutwe urandya cyane kandi sinshobora kureba neza."
"Muraho, umugore wanjye afite igikomere ku mutwe nyuma yo kugwa kandi sinshobora gusinzira. Ni imiti ki nafata?",kinyarwanda,CRITICAL,haemorrhage_trauma,kinyarwanda->kinyarwanda:CRITICAL:haemorrhage_trauma,{REL} afite igikomere ku mutwe nyuma yo kugwa.,mfite igikomere ku mutwe nyuma yo kugwa
Ndashaka kukubwira ikibazo mfite. Mu gituza harandya cyane kandi ububabare bukagera no ku kuboko kuva mu gitondo biragenda bikagaruka. Mfasha muganga.,kinyarwanda,CRITICAL,cardiac_respiratory,kinyarwanda->kinyarwanda:CRITICAL:cardiac_respiratory,mu gituza harandya cyane kandi ububabare bukagera no ku kuboko,mu gituza harandya cyane kandi ububabare bukagera no ku kuboko
"Mfasha, maze ibyumweru birenga bibiri nkorora kandi natangiye no kunanuka kuva mu cyumweru gishize. Nkora iki?",kinyarwanda,URGENT,cardiac_respiratory,kinyarwanda->kinyarwanda:URGENT:cardiac_respiratory,Maze ibyumweru birenga bibiri nkorora kandi natangiye no kunanuka.,Maze ibyumweru birenga bibiri nkorora kandi natangiye no kunanuka.
"Mumbabarire, ndashaka kubabwira ikibazo mfite. Mama amaze umunsi wose ari mu bubabare bwo kubyara ariko umwana ntarasohoka kuva hashize icyumweru. Byatangiye gitunguranye. Ndakeneye ubufasha vuba.",kinyarwanda,CRITICAL,obstetric,kinyarwanda->kinyarwanda:CRITICAL:obstetric,{REL} amaze umunsi wose ari mu bubabare bwo kubyara ariko umwana ntarasohoka.,Maze umunsi wose mbabara ngerageza kubyara ariko umwana ntarasohoka.
"Nyabuneka, umwana wanjye afite umuriro mwinshi kandi ntarya kuva ubu gitondo cya kare. Byatangiye gitunguranye. Mfasha muganga.",kinyarwanda,URGENT,paediatric,kinyarwanda->kinyarwanda:URGENT:paediatric,{REL} afite umuriro mwinshi kandi ntarya.,{REL} afite umuriro mwinshi kandi ntarya.
"Mfasha vuba, papa afite umuriro mwinshi kandi yaragagaye kuva ejo. Mfasha muganga.",kinyarwanda,CRITICAL,infectious_fever,kinyarwanda->kinyarwanda:CRITICAL:infectious_fever,{REL} afite umuriro mwinshi kandi yaragagaye.,Mfite umuriro mwinshi kandi nagagaye.
"Nyabuneka, umugore wanjye afite impiswi zirimo amaraso kuva ijoro ryashize kandi nta miti mfite. Mfasha muganga.",kinyarwanda,URGENT,gastrointestinal,kinyarwanda->kinyarwanda:URGENT:gastrointestinal,{REL} afite impiswi zirimo amaraso.,Mfite impiswi zirimo amaraso.
"Muraho, umukecuru afite umuriro mwinshi kandi yaragagaye kuva hashize iminsi ibiri biragenda bikagaruka. Ndakeneye ubufasha vuba.",kinyarwanda,CRITICAL,infectious_fever,kinyarwanda->kinyarwanda:CRITICAL:infectious_fever,{REL} afite umuriro mwinshi kandi yaragagaye.,Mfite umuriro mwinshi kandi nagagaye.
"Nzanye umwana wanjye, umwana wanjye afite ububabare bukabije mu nda kuva mu cyumweru gishize kandi nta miti mfite. Ndakeneye ubufasha vuba.",kinyarwanda,URGENT,gastrointestinal,kinyarwanda->kinyarwanda:URGENT:gastrointestinal,{REL} afite ububabare bukabije mu nda.,Mfite ububabare bukabije mu nda.
"Muraho, maze umunsi wose mbabara ngerageza kubyara ariko umwana ntarasohoka kuva ejo nta miti imfasha. Ndakeneye ubufasha vuba.",kinyarwanda,CRITICAL,obstetric,kinyarwanda->kinyarwanda:CRITICAL:obstetric,Maze umunsi wose mbabara ngerageza kubyara ariko umwana ntarasohoka.,Maze umunsi wose mbabara ngerageza kubyara ariko umwana ntarasohoka.
"Nzanye umwana wanjye, umuturanyi wanjye ahumeka bimugora cyane kandi iminwa ye yahindutse ibara kuva mu masaha abiri ashize kandi sinshobora gusinzira. Ese ibi birakomeye?",kinyarwanda,CRITICAL,cardiac_respiratory,kinyarwanda->kinyarwanda:CRITICAL:cardiac_respiratory,{REL} ahumeka bimugora cyane kandi iminwa ye yahindutse ibara.,guhumeka birangora cyane kandi iminwa yanjye yahindutse ibara
"Ndakeneye ubufasha, umugabo wanjye ahumeka bimugora cyane ku buryo adashobora no kuvuga neza kuva ijoro ryashize biragenda bikagaruka. Ese ibi birakomeye?",kinyarwanda,CRITICAL,cardiac_respiratory,kinyarwanda->kinyarwanda:CRITICAL:cardiac_respiratory,{REL} ahumeka bimugora cyane ku buryo adashobora no kuvuga neza.,Guhumeka birangora cyane ku buryo ntabasha no kuvuga neza.
"Simbizi niba bikomeye ariko, ndava amaraso menshi nyuma yo kubyara kuva ijoro ryashize nta miti imfasha. Ntegereze cyangwa nsuzumwe ubu?",kinyarwanda,CRITICAL,obstetric,kinyarwanda->kinyarwanda:CRITICAL:obstetric,ndava amaraso menshi nyuma yo kubyara,ndava amaraso menshi nyuma yo kubyara
"Mumbabarire, ndashaka kubabwira ikibazo mfite. Mushiki wanjye afite igikomere cyanduye, kiratukura kandi kirimo amashyira kuva ijoro ryashize. Ntegereze cyangwa nsuzumwe ubu?",kinyarwanda,URGENT,haemorrhage_trauma,kinyarwanda->kinyarwanda:URGENT:haemorrhage_trauma,"{REL} afite igikomere cyanduye, kiratukura kandi kirimo amashyira.","mfite igikomere cyanduye, kiratukura kandi kirimo amashyira"
"Mfasha vuba, nkorora gake ariko nta muriro mfite kuva ejo biragenda bikagaruka. Ntegereze cyangwa nsuzumwe ubu?",kinyarwanda,ROUTINE,cardiac_respiratory,kinyarwanda->kinyarwanda:ROUTINE:cardiac_respiratory,Nkorora gake ariko nta muriro mfite.,Nkorora gake ariko nta muriro mfite.
"Mfasha vuba, ndumva naniwe ariko si cyane kuva mu masaha abiri ashize. Ntegereze cyangwa nsuzumwe ubu?",kinyarwanda,ROUTINE,neurological,kinyarwanda->kinyarwanda:ROUTINE:neurological,ndumva naniwe ariko si cyane,ndumva naniwe ariko si cyane
"Nzanye umwana wanjye, mushiki wanjye afite ibimenyetso bya malariya, umuriro n'imbeho kuva mu cyumweru gishize kandi birushaho kuba bibi. Urakoze.",kinyarwanda,URGENT,infectious_fever,kinyarwanda->kinyarwanda:URGENT:infectious_fever,"{REL} afite ibimenyetso bya malariya, umuriro n'imbeho.","Mfite ibimenyetso bya malariya, umuriro n'imbeho."
"Nyabuneka, mushiki wanjye ashaka kugirwa inama ku mazi yo kunywa kuva hashize iminsi itatu nta miti imfasha. Ntabasha kubona amafaranga yo kongera kuza kwa muganga.",kinyarwanda,ROUTINE,preventive,kinyarwanda->kinyarwanda:ROUTINE:preventive,{REL} ashaka kugirwa inama ku mazi yo kunywa.,Ndashaka kugirwa inama ku mazi yo kunywa.
Nyuma yo kubyara mfite umuriro kandi hari ibintu bisohoka bifite impumuro mbi kuva mu masaha abiri ashize kandi ndahangayitse. Ntegereze cyangwa nsuzumwe ubu?,kinyarwanda,CRITICAL,obstetric,kinyarwanda->kinyarwanda:CRITICAL:obstetric,Nyuma yo kubyara mfite umuriro kandi hari ibintu bisohoka bifite impumuro mbi.,Nyuma yo kubyara mfite umuriro kandi hari ibintu bisohoka bifite impumuro mbi.
"Naje hano mbere, iyo maze kurya numva mu nda ntameze neza kuva hashize icyumweru. Byatangiye gitunguranye. Murakoze.",kinyarwanda,ROUTINE,gastrointestinal,kinyarwanda->kinyarwanda:ROUTINE:gastrointestinal,iyo maze kurya numva mu nda ntameze neza,"Iyo {REL} amaze kurya, yumva inda itameze neza."
"Mfasha vuba, ndumva naniwe ariko si cyane kuva mu gitondo kandi nta miti mfite. Ntabasha kubona amafaranga yo kongera kuza kwa muganga.",kinyarwanda,ROUTINE,neurological,kinyarwanda->kinyarwanda:ROUTINE:neurological,ndumva naniwe ariko si cyane,ndumva naniwe ariko si cyane
"Nzanye umwana wanjye, mushiki wanjye amaze umunsi wose ari mu bubabare bwo kubyara ariko umwana ntarasohoka kuva mu masaha abiri ashize. Byatangiye gitunguranye. Nkora iki?",kinyarwanda,CRITICAL,obstetric,kinyarwanda->kinyarwanda:CRITICAL:obstetric,{REL} amaze umunsi wose ari mu bubabare bwo kubyara ariko umwana ntarasohoka.,Maze umunsi wose mbabara ngerageza kubyara ariko umwana ntarasohoka.
"Muganga, ndaruka cyane kandi numva mfite intege nke kuva mu masaha abiri ashize kandi sinshobora gusinzira. Nkora iki?",kinyarwanda,URGENT,gastrointestinal,kinyarwanda->kinyarwanda:URGENT:gastrointestinal,ndaruka cyane kandi numva mfite intege nke,ndaruka cyane kandi numva mfite intege nke
"Simbizi niba bikomeye ariko, mfite umwanda usa umukara kuva hashize iminsi itatu. Byatangiye gitunguranye. Ese ibi birakomeye?",kinyarwanda,CRITICAL,gastrointestinal,kinyarwanda->kinyarwanda:CRITICAL:gastrointestinal,Mfite umwanda usa umukara.,Mfite umwanda usa umukara.
"Nzanye umwana wanjye, maze ibyumweru birenga bibiri nkorora kandi natangiye no kunanuka. Abandi bana na bo bafite iki kibazo. Ni imiti ki nafata?",kinyarwanda,URGENT,cardiac_respiratory,kinyarwanda->kinyarwanda:URGENT:cardiac_respiratory,Maze ibyumweru birenga bibiri nkorora kandi natangiye no kunanuka.,Maze ibyumweru birenga bibiri nkorora kandi natangiye no kunanuka.
"Nzanye umwana wanjye, mama amaze ibyumweru birenga bibiri akorora kandi yatangiye no kunanuka bikarushaho nijoro",kinyarwanda,URGENT,cardiac_respiratory,kinyarwanda->kinyarwanda:URGENT:cardiac_respiratory,{REL} amaze ibyumweru birenga bibiri akorora kandi yatangiye no kunanuka.,Maze ibyumweru birenga bibiri nkorora kandi natangiye no kunanuka.
"Mumbabarire, ndashaka kubabwira ikibazo mfite. Amazuru arantemba gake kandi nta miti mfite. Naje mvuye kure.",kinyarwanda,ROUTINE,infectious_fever,kinyarwanda->kinyarwanda:ROUTINE:infectious_fever,amazuru arantemba gake,amazuru arantemba gake
"Mfasha vuba, mushiki wanjye nta miti y'igituntu afite kuva mu cyumweru gishize kandi sinshobora gusinzira. Ntegereze cyangwa nsuzumwe ubu?",kinyarwanda,URGENT,chronic_care,kinyarwanda->kinyarwanda:URGENT:chronic_care,{REL} nta miti y'igituntu afite.,Nta miti y'igituntu mfite.
"Ndakeneye ubufasha, iyo maze kurya numva mu nda ntameze neza kuva hashize iminsi ibiri. Abandi bana na bo bafite iki kibazo. Ni imiti ki nafata?",kinyarwanda,ROUTINE,gastrointestinal,kinyarwanda->kinyarwanda:ROUTINE:gastrointestinal,iyo maze kurya numva mu nda ntameze neza,"Iyo {REL} amaze kurya, yumva inda itameze neza."
"Mfasha, nta miti y'igituntu mfite kuva ijoro ryashize. Abandi bana na bo bafite iki kibazo. Ni imiti ki nafata?",kinyarwanda,URGENT,chronic_care,kinyarwanda->kinyarwanda:URGENT:chronic_care,Nta miti y'igituntu mfite.,Nta miti y'igituntu mfite.
"Muraho, ndashaka kujya kwa muganga kwisuzumisha SIDA kuva ijoro ryashize bikarushaho nijoro. Mfasha muganga.",kinyarwanda,ROUTINE,chronic_care,kinyarwanda->kinyarwanda:ROUTINE:chronic_care,Ndashaka kujya kwa muganga kwisuzumisha SIDA.,Ndashaka kujya kwa muganga kwisuzumisha SIDA.
"Muganga, iyo maze kurya numva mu nda ntameze neza. Byatangiye gitunguranye. Murakoze.",kinyarwanda,ROUTINE,gastrointestinal,kinyarwanda->kinyarwanda:ROUTINE:gastrointestinal,iyo maze kurya numva mu nda ntameze neza,"Iyo {REL} amaze kurya, yumva inda itameze neza."
"Mfasha vuba, mama araruka amaraso kuva hashize iminsi ibiri nta miti imfasha",kinyarwanda,CRITICAL,gastrointestinal,kinyarwanda->kinyarwanda:CRITICAL:gastrointestinal,{REL} araruka amaraso.,Ndaruka amaraso.
Ndashaka kukubwira ikibazo mfite. Guhumeka birangora cyane ku buryo ntabasha no kuvuga neza kuva ejo kandi ndahangayitse. Ntegereze cyangwa nsuzumwe ubu?,kinyarwanda,CRITICAL,cardiac_respiratory,kinyarwanda->kinyarwanda:CRITICAL:cardiac_respiratory,Guhumeka birangora cyane ku buryo ntabasha no kuvuga neza.,Guhumeka birangora cyane ku buryo ntabasha no kuvuga neza.
"Nyabuneka, mushiki wanjye yataye ubwenge kandi ntasubiza kuva ejo kandi birushaho kuba bibi. Ni imiti ki nafata?",kinyarwanda,CRITICAL,neurological,kinyarwanda->kinyarwanda:CRITICAL:neurological,{REL} yataye ubwenge kandi ntasubiza.,{REL} yataye ubwenge kandi ntasubiza.
"Nzanye umwana wanjye, umwana wanjye afite umuriro mwinshi kandi ntarya kuva mu cyumweru gishize. Naje mvuye kure.",kinyarwanda,URGENT,paediatric,kinyarwanda->kinyarwanda:URGENT:paediatric,{REL} afite umuriro mwinshi kandi ntarya.,{REL} afite umuriro mwinshi kandi ntarya.
"Nyabuneka, ndatwite, umutwe urandya cyane kandi sinshobora kureba neza kuva mu cyumweru gishize biragenda bikagaruka. Mfasha muganga.",kinyarwanda,CRITICAL,obstetric,kinyarwanda->kinyarwanda:CRITICAL:obstetric,"Ndatwite, umutwe urandya cyane kandi sinshobora kureba neza.","Ndatwite, umutwe urandya cyane kandi sinshobora kureba neza."
"Nzanye umwana wanjye, ndumva naniwe ariko si cyane kuva ijoro ryashize kandi ndahangayitse. Ni imiti ki nafata?",kinyarwanda,ROUTINE,neurological,kinyarwanda->kinyarwanda:ROUTINE:neurological,ndumva naniwe ariko si cyane,ndumva naniwe ariko si cyane
"Muraho, umuturanyi wanjye araruka ibyo arya byose kandi ntashobora no kunywa kuva ijoro ryashize kandi birushaho kuba bibi. Mfasha muganga.",kinyarwanda,CRITICAL,gastrointestinal,kinyarwanda->kinyarwanda:CRITICAL:gastrointestinal,{REL} araruka ibyo arya byose kandi ntashobora no kunywa.,Ndaruka ibyo ndya byose kandi sinshobora no kunywa.
Ndashaka kukubwira ikibazo mfite. Mfite umuhaha kuva ejo kandi ndahangayitse,kinyarwanda,URGENT,paediatric,kinyarwanda->kinyarwanda:URGENT:paediatric,Mfite umuhaha.,Mfite umuhaha.
"Simbizi niba bikomeye ariko, mushiki wanjye afite ubushye bunini ku mubiri kuva ubu gitondo cya kare nta miti imfasha",kinyarwanda,CRITICAL,haemorrhage_trauma,kinyarwanda->kinyarwanda:CRITICAL:haemorrhage_trauma,{REL} afite ubushye bunini ku mubiri.,Mfite ubushye bunini ku mubiri.
Uruhande rumwe rw'umubiri we ntirukora kuva mu cyumweru gishize kandi birushaho kuba bibi,kinyarwanda,CRITICAL,neurological,kinyarwanda->kinyarwanda:CRITICAL:neurological,Uruhande rumwe rw'umubiri we ntirukora.,Uruhande rumwe rw'umubiri we ntirukora.
"Mumbabarire, ndashaka kubabwira ikibazo mfite. Mfite gahunda yo kwisuzumisha buri mwaka kuva ejo biragenda bikagaruka. Ntabasha kubona amafaranga yo kongera kuza kwa muganga.",kinyarwanda,ROUTINE,preventive,kinyarwanda->kinyarwanda:ROUTINE:preventive,Mfite gahunda yo kwisuzumisha buri mwaka.,Mfite gahunda yo kwisuzumisha buri mwaka.
"Muganga, mushiki wanjye amaze ibyumweru birenga bibiri arwaye impiswi kuva hashize iminsi ibiri. Ese ibi birakomeye?",kinyarwanda,URGENT,gastrointestinal,kinyarwanda->kinyarwanda:URGENT:gastrointestinal,{REL} amaze ibyumweru birenga bibiri arwaye impiswi.,Maze ibyumweru birenga bibiri ndwaye impiswi.
"Mfasha, mama yabyimbye ibirenge kandi ntashobora guhumeka neza iyo aragaramye kuva hashize iminsi ibiri nta miti imfasha. Mfasha muganga.",kinyarwanda,URGENT,chronic_care,kinyarwanda->kinyarwanda:URGENT:chronic_care,{REL} yabyimbye ibirenge kandi ntashobora guhumeka neza iyo aragaramye.,Nabyimbye ibirenge kandi sinshobora guhumeka neza iyo ndagaramye.
"Muganga, mfite igikomere ku mutwe nyuma yo kugwa bikarushaho nijoro. Ntabasha kubona amafaranga yo kongera kuza kwa muganga.",kinyarwanda,CRITICAL,haemorrhage_trauma,kinyarwanda->kinyarwanda:CRITICAL:haemorrhage_trauma,mfite igikomere ku mutwe nyuma yo kugwa,mfite igikomere ku mutwe nyuma yo kugwa
"Simbizi niba bikomeye ariko, umwana wanjye afite umuriro woroheje umaze umunsi umwe, ariko nta kindi kibazo afite kuva hashize iminsi itatu. Byatangiye gitunguranye. Naje mvuye kure.",kinyarwanda,ROUTINE,infectious_fever,kinyarwanda->kinyarwanda:ROUTINE:infectious_fever,"{REL} afite umuriro woroheje umaze umunsi umwe, ariko nta kindi kibazo afite.","mfite umuriro woroheje umaze umunsi umwe, ariko nta kindi kibazo mfite"
"Simbizi niba bikomeye ariko, ndatwite kandi mfite umuriro kuva ubu gitondo cya kare kandi nta miti mfite. Ndakeneye ubufasha vuba.",kinyarwanda,URGENT,obstetric,kinyarwanda->kinyarwanda:URGENT:obstetric,Ndatwite kandi mfite umuriro.,Ndatwite kandi mfite umuriro.
"Muraho, nyuma yo kubyara, umuturanyi wanjye afite umuriro kandi hari ibintu bisohoka bifite impumuro mbi kuva hashize iminsi itatu kandi birushaho kuba bibi. Ntegereze cyangwa nsuzumwe ubu?",kinyarwanda,CRITICAL,obstetric,kinyarwanda->kinyarwanda:CRITICAL:obstetric,"Nyuma yo kubyara, {REL} afite umuriro kandi hari ibintu bisohoka bifite impumuro mbi.",Nyuma yo kubyara mfite umuriro kandi hari ibintu bisohoka bifite impumuro mbi.
"Naje hano mbere, umukecuru afite impiswi zikomeye kandi yagize umwuma kuva ubu gitondo cya kare kandi nta miti mfite. Ni imiti ki nafata?",kinyarwanda,CRITICAL,gastrointestinal,kinyarwanda->kinyarwanda:CRITICAL:gastrointestinal,{REL} afite impiswi zikomeye kandi yagize umwuma.,{REL} afite impiswi zikomeye kandi yagize umwuma.
"Muganga, papa isukari yo mu maraso ye yazamutse cyane kuva hashize iminsi itatu. Abandi bana na bo bafite iki kibazo. Urakoze.",kinyarwanda,URGENT,chronic_care,kinyarwanda->kinyarwanda:URGENT:chronic_care,{REL} isukari yo mu maraso ye yazamutse cyane.,isukari yo mu maraso yanjye yazamutse cyane
"Mfasha, nta miti y'igituntu mfite kuva ubu gitondo cya kare biragenda bikagaruka. Ese ibi birakomeye?",kinyarwanda,URGENT,chronic_care,kinyarwanda->kinyarwanda:URGENT:chronic_care,Nta miti y'igituntu mfite.,Nta miti y'igituntu mfite.
"Muganga, umugabo wanjye arakomeza kuruka kandi ntashobora kurya kuva hashize icyumweru kandi nta miti mfite. Ntabasha kubona amafaranga yo kongera kuza kwa muganga.",kinyarwanda,URGENT,gastrointestinal,kinyarwanda->kinyarwanda:URGENT:gastrointestinal,{REL} arakomeza kuruka kandi ntashobora kurya.,ndakomeza kuruka kandi sinshobora kurya
"Muganga, mu rugo hari umuntu urwaye igituntu kandi ndashaka kwisuzumisha kuva hashize iminsi ibiri. Nkora iki?",kinyarwanda,URGENT,preventive,kinyarwanda->kinyarwanda:URGENT:preventive,Mu rugo hari umuntu urwaye igituntu kandi ndashaka kwisuzumisha.,Mu rugo hari umuntu urwaye igituntu kandi ndashaka kwisuzumisha.
"Muganga, amazuru arantemba gake kuva hashize iminsi itatu nta miti imfasha. Ni imiti ki nafata?",kinyarwanda,ROUTINE,infectious_fever,kinyarwanda->kinyarwanda:ROUTINE:infectious_fever,amazuru arantemba gake,amazuru arantemba gake
"Ndakeneye ubufasha, umwana wanjye afite igikomere gito kandi amaraso yarahagaze kuva ubu gitondo cya kare nta miti imfasha",kinyarwanda,ROUTINE,haemorrhage_trauma,kinyarwanda->kinyarwanda:ROUTINE:haemorrhage_trauma,{REL} afite igikomere gito kandi amaraso yarahagaze.,Mfite igikomere gito kandi amaraso yarahagaze.
"Muraho, ndatwite kandi ndashaka kujya kwa muganga kwisuzumisha kuva hashize iminsi itatu nta miti imfasha. Murakoze.",kinyarwanda,ROUTINE,obstetric,kinyarwanda->kinyarwanda:ROUTINE:obstetric,Ndatwite kandi ndashaka kujya kwa muganga kwisuzumisha.,Ndatwite kandi ndashaka kujya kwa muganga kwisuzumisha.
"Ndakeneye ubufasha, mfite ubushye bunini ku mubiri kuva ejo nta miti imfasha",kinyarwanda,CRITICAL,haemorrhage_trauma,kinyarwanda->kinyarwanda:CRITICAL:haemorrhage_trauma,Mfite ubushye bunini ku mubiri.,Mfite ubushye bunini ku mubiri.
"Mfasha, mfite gahunda yo kwisuzumisha buri mwaka kuva hashize icyumweru kandi nta miti mfite. Ntabasha kubona amafaranga yo kongera kuza kwa muganga.",kinyarwanda,ROUTINE,preventive,kinyarwanda->kinyarwanda:ROUTINE:preventive,Mfite gahunda yo kwisuzumisha buri mwaka.,Mfite gahunda yo kwisuzumisha buri mwaka.
Ndashaka kujya kwa muganga kwisuzumisha diyabete kuva hashize iminsi ibiri kandi ndahangayitse. Ntegereze cyangwa nsuzumwe ubu?,kinyarwanda,ROUTINE,chronic_care,kinyarwanda->kinyarwanda:ROUTINE:chronic_care,Ndashaka kujya kwa muganga kwisuzumisha diyabete.,Ndashaka kujya kwa muganga kwisuzumisha SIDA.
"Muganga, nta miti y'igituntu mfite kuva ejo nta miti imfasha. Ntabasha kubona amafaranga yo kongera kuza kwa muganga.",kinyarwanda,URGENT,chronic_care,kinyarwanda->kinyarwanda:URGENT:chronic_care,Nta miti y'igituntu mfite.,Nta miti y'igituntu mfite.
"Simbizi niba bikomeye ariko, mfite ubushye bunini ku mubiri kuva ubu gitondo cya kare. Abandi bana na bo bafite iki kibazo. Ese ibi birakomeye?",kinyarwanda,CRITICAL,haemorrhage_trauma,kinyarwanda->kinyarwanda:CRITICAL:haemorrhage_trauma,Mfite ubushye bunini ku mubiri.,Mfite ubushye bunini ku mubiri.
"Nzanye umwana wanjye, umwana wanjye afite ubushye bunini ku mubiri kuva ejo biragenda bikagaruka. Ndakeneye ubufasha vuba.",kinyarwanda,CRITICAL,haemorrhage_trauma,kinyarwanda->kinyarwanda:CRITICAL:haemorrhage_trauma,{REL} afite ubushye bunini ku mubiri.,Mfite ubushye bunini ku mubiri.
"Nyabuneka, isukari yo mu maraso yanjye yazamutse cyane kuva ejo kandi sinshobora gusinzira. Ntabasha kubona amafaranga yo kongera kuza kwa muganga.",kinyarwanda,URGENT,chronic_care,kinyarwanda->kinyarwanda:URGENT:chronic_care,isukari yo mu maraso yanjye yazamutse cyane,isukari yo mu maraso yanjye yazamutse cyane
Ndashaka kukubwira ikibazo mfite. Nta miti y'igituntu mfite kuva ejo kandi sinshobora gusinzira,kinyarwanda,URGENT,chronic_care,kinyarwanda->kinyarwanda:URGENT:chronic_care,Nta miti y'igituntu mfite.,Nta miti y'igituntu mfite.
"Simbizi niba bikomeye ariko, mushiki wanjye arumva igituza kimuremereye cyane kandi ububabare bukagera no ku rwasaya cyangwa ku kuboko kandi ndahangayitse. Ndakeneye ubufasha vuba.",kinyarwanda,CRITICAL,cardiac_respiratory,kinyarwanda->kinyarwanda:CRITICAL:cardiac_respiratory,{REL} arumva igituza kimuremereye cyane kandi ububabare bukagera no ku rwasaya cyangwa ku kuboko.,{REL} arumva igituza kimuremereye cyane kandi ububabare bukagera no ku rwasaya cyangwa ku kuboko.
"Naje hano mbere, umwana wanjye afite umuriro woroheje umaze umunsi umwe, ariko nta kindi kibazo afite kuva mu masaha abiri ashize. Naje mvuye kure.",kinyarwanda,ROUTINE,infectious_fever,kinyarwanda->kinyarwanda:ROUTINE:infectious_fever,"{REL} afite umuriro woroheje umaze umunsi umwe, ariko nta kindi kibazo afite.","mfite umuriro woroheje umaze umunsi umwe, ariko nta kindi kibazo mfite"
"Naje hano mbere, nta miti y'igituntu mfite kuva hashize icyumweru kandi birushaho kuba bibi. Nkora iki?",kinyarwanda,URGENT,chronic_care,kinyarwanda->kinyarwanda:URGENT:chronic_care,Nta miti y'igituntu mfite.,Nta miti y'igituntu mfite.
"Ndakeneye ubufasha, papa ashaka imiti y'inzoka y'umwana we kuva mu gitondo. Byatangiye gitunguranye. Nkora iki?",kinyarwanda,ROUTINE,preventive,kinyarwanda->kinyarwanda:ROUTINE:preventive,{REL} ashaka imiti y'inzoka y'umwana we.,Ndashaka imiti y'inzoka y'umwana wanjye.
"Mfasha, iyo maze kurya numva mu nda ntameze neza kuva mu cyumweru gishize kandi sinshobora gusinzira. Ntegereze cyangwa nsuzumwe ubu?",kinyarwanda,ROUTINE,gastrointestinal,kinyarwanda->kinyarwanda:ROUTINE:gastrointestinal,iyo maze kurya numva mu nda ntameze neza,"Iyo {REL} amaze kurya, yumva inda itameze neza."
"Simbizi niba bikomeye ariko, mfite umuriro mwinshi kandi ndakorora cyane kuva ejo. Mfasha muganga.",kinyarwanda,URGENT,infectious_fever,kinyarwanda->kinyarwanda:URGENT:infectious_fever,mfite umuriro mwinshi kandi ndakorora cyane,mfite umuriro mwinshi kandi ndakorora cyane
"Muraho, mfite impiswi zirimo amaraso kuva hashize iminsi ibiri kandi sinshobora gusinzira",kinyarwanda,URGENT,gastrointestinal,kinyarwanda->kinyarwanda:URGENT:gastrointestinal,Mfite impiswi zirimo amaraso.,Mfite impiswi zirimo amaraso.
"Nyabuneka, mu gituza harandya cyane kandi ububabare bukagera no ku kuboko kuva hashize icyumweru nta miti imfasha. Naje mvuye kure.",kinyarwanda,CRITICAL,cardiac_respiratory,kinyarwanda->kinyarwanda:CRITICAL:cardiac_respiratory,mu gituza harandya cyane kandi ububabare bukagera no ku kuboko,mu gituza harandya cyane kandi ububabare bukagera no ku kuboko
Mama amaze ibyumweru birenga bibiri akorora kandi yatangiye no kunanuka kandi sinshobora gusinzira. Ni imiti ki nafata?,kinyarwanda,URGENT,cardiac_respiratory,kinyarwanda->kinyarwanda:URGENT:cardiac_respiratory,{REL} amaze ibyumweru birenga bibiri akorora kandi yatangiye no kunanuka.,Maze ibyumweru birenga bibiri nkorora kandi natangiye no kunanuka.
"Nzanye umwana wanjye, isukari yo mu maraso yanjye yazamutse cyane kuva hashize icyumweru nta miti imfasha",kinyarwanda,URGENT,chronic_care,kinyarwanda->kinyarwanda:URGENT:chronic_care,isukari yo mu maraso yanjye yazamutse cyane,isukari yo mu maraso yanjye yazamutse cyane
"Muraho, umuturanyi wanjye araruka ibyo arya byose kandi ntashobora no kunywa kuva hashize iminsi itatu kandi nta miti mfite. Ese ibi birakomeye?",kinyarwanda,CRITICAL,gastrointestinal,kinyarwanda->kinyarwanda:CRITICAL:gastrointestinal,{REL} araruka ibyo arya byose kandi ntashobora no kunywa.,Ndaruka ibyo ndya byose kandi sinshobora no kunywa.
"Nyabuneka, umugabo wanjye ashaka kugirwa inama ku mazi yo kunywa kuva hashize iminsi ibiri kandi ndahangayitse. Ni imiti ki nafata?",kinyarwanda,ROUTINE,preventive,kinyarwanda->kinyarwanda:ROUTINE:preventive,{REL} ashaka kugirwa inama ku mazi yo kunywa.,Ndashaka kugirwa inama ku mazi yo kunywa.
"Mumbabarire, ndashaka kubabwira ikibazo mfite. Nyuma yo kubyara, umuturanyi wanjye afite umuriro kandi hari ibintu bisohoka bifite impumuro mbi kuva hashize icyumweru kandi ndahangayitse. Ntabasha kubona amafaranga yo kongera kuza kwa muganga.",kinyarwanda,CRITICAL,obstetric,kinyarwanda->kinyarwanda:CRITICAL:obstetric,"Nyuma yo kubyara, {REL} afite umuriro kandi hari ibintu bisohoka bifite impumuro mbi.",Nyuma yo kubyara mfite umuriro kandi hari ibintu bisohoka bifite impumuro mbi.
"Ndakeneye ubufasha, umwana wanjye araruka amaraso kuva mu cyumweru gishize. Byatangiye gitunguranye. Ndakeneye ubufasha vuba.",kinyarwanda,CRITICAL,gastrointestinal,kinyarwanda->kinyarwanda:CRITICAL:gastrointestinal,{REL} araruka amaraso.,Ndaruka amaraso.
Umuturanyi wanjye yataye ubwenge kandi ntasubiza kuva ijoro ryashize bikarushaho nijoro. Ni imiti ki nafata?,kinyarwanda,CRITICAL,neurological,kinyarwanda->kinyarwanda:CRITICAL:neurological,{REL} yataye ubwenge kandi ntasubiza.,{REL} yataye ubwenge kandi ntasubiza.
"Naje hano mbere, nkorora gake ariko nta muriro mfite kuva mu masaha abiri ashize kandi birushaho kuba bibi",kinyarwanda,ROUTINE,cardiac_respiratory,kinyarwanda->kinyarwanda:ROUTINE:cardiac_respiratory,Nkorora gake ariko nta muriro mfite.,Nkorora gake ariko nta muriro mfite.
"Simbizi niba bikomeye ariko, umukecuru isukari yo mu maraso ye yazamutse cyane kuva hashize iminsi itatu. Ndakeneye ubufasha vuba.",kinyarwanda,URGENT,chronic_care,kinyarwanda->kinyarwanda:URGENT:chronic_care,{REL} isukari yo mu maraso ye yazamutse cyane.,isukari yo mu maraso yanjye yazamutse cyane
"Nzanye umwana wanjye, ndava amaraso menshi nyuma yo kubyara kuva mu gitondo nta miti imfasha. Ndakeneye ubufasha vuba.",kinyarwanda,CRITICAL,obstetric,kinyarwanda->kinyarwanda:CRITICAL:obstetric,ndava amaraso menshi nyuma yo kubyara,ndava amaraso menshi nyuma yo kubyara
"Ndakeneye ubufasha, nyuma yo kubyara mfite umuriro kandi hari ibintu bisohoka bifite impumuro mbi kuva hashize iminsi itatu. Byatangiye gitunguranye.",kinyarwanda,CRITICAL,obstetric,kinyarwanda->kinyarwanda:CRITICAL:obstetric,Nyuma yo kubyara mfite umuriro kandi hari ibintu bisohoka bifite impumuro mbi.,Nyuma yo kubyara mfite umuriro kandi hari ibintu bisohoka bifite impumuro mbi.
"Naje hano mbere, mushiki wanjye ashaka ko bapima SIDA kuva hashize iminsi ibiri. Abandi bana na bo bafite iki kibazo. Murakoze.",kinyarwanda,ROUTINE,preventive,kinyarwanda->kinyarwanda:ROUTINE:preventive,{REL} ashaka ko bapima SIDA.,Ndashaka ko bapima SIDA.
"Mumbabarire, ndashaka kubabwira ikibazo mfite. Mfite umuhaha kuva ejo nta miti imfasha. Naje mvuye kure.",kinyarwanda,URGENT,paediatric,kinyarwanda->kinyarwanda:URGENT:paediatric,Mfite umuhaha.,Mfite umuhaha.
"Mfasha vuba, umugore wanjye ashaka inama ku biryo byo kugaburira umwana we kuva ubu gitondo cya kare kandi nta miti mfite. Nkora iki?",kinyarwanda,ROUTINE,preventive,kinyarwanda->kinyarwanda:ROUTINE:preventive,{REL} ashaka inama ku biryo byo kugaburira umwana we.,Ndashaka inama ku biryo byo kugaburira umwana wanjye.
"Muganga, umugabo wanjye amaze ibyumweru birenga bibiri akorora kandi yatangiye no kunanuka kuva mu gitondo kandi sinshobora gusinzira. Ndakeneye ubufasha vuba.",kinyarwanda,URGENT,cardiac_respiratory,kinyarwanda->kinyarwanda:URGENT:cardiac_respiratory,{REL} amaze ibyumweru birenga bibiri akorora kandi yatangiye no kunanuka.,Maze ibyumweru birenga bibiri nkorora kandi natangiye no kunanuka.
"Nzanye umwana wanjye, umwana wanjye amaze ibyumweru birenga bibiri arwaye impiswi kuva mu cyumweru gishize biragenda bikagaruka. Ntegereze cyangwa nsuzumwe ubu?",kinyarwanda,URGENT,gastrointestinal,kinyarwanda->kinyarwanda:URGENT:gastrointestinal,{REL} amaze ibyumweru birenga bibiri arwaye impiswi.,Maze ibyumweru birenga bibiri ndwaye impiswi.
"Mfasha vuba, isukari yo mu maraso yanjye yazamutse cyane kuva ejo. Ni imiti ki nafata?",kinyarwanda,URGENT,chronic_care,kinyarwanda->kinyarwanda:URGENT:chronic_care,isukari yo mu maraso yanjye yazamutse cyane,isukari yo mu maraso yanjye yazamutse cyane
Papa yabyimbye ibirenge kandi ntashobora guhumeka neza iyo aragaramye kandi sinshobora gusinzira. Murakoze.,kinyarwanda,URGENT,chronic_care,kinyarwanda->kinyarwanda:URGENT:chronic_care,{REL} yabyimbye ibirenge kandi ntashobora guhumeka neza iyo aragaramye.,Nabyimbye ibirenge kandi sinshobora guhumeka neza iyo ndagaramye.
Maze umunsi wose mbabara ngerageza kubyara ariko umwana ntarasohoka kuva ejo. Byatangiye gitunguranye. Ntegereze cyangwa nsuzumwe ubu?,kinyarwanda,CRITICAL,obstetric,kinyarwanda->kinyarwanda:CRITICAL:obstetric,Maze umunsi wose mbabara ngerageza kubyara ariko umwana ntarasohoka.,Maze umunsi wose mbabara ngerageza kubyara ariko umwana ntarasohoka.
"Naje hano mbere, ndava amaraso menshi nyuma yo kubyara kuva mu gitondo kandi birushaho kuba bibi. Ese ibi birakomeye?",kinyarwanda,CRITICAL,obstetric,kinyarwanda->kinyarwanda:CRITICAL:obstetric,ndava amaraso menshi nyuma yo kubyara,ndava amaraso menshi nyuma yo kubyara
"Ndakeneye ubufasha, guhumeka birangora cyane ku buryo ntabasha no kuvuga neza kuva hashize icyumweru nta miti imfasha",kinyarwanda,CRITICAL,cardiac_respiratory,kinyarwanda->kinyarwanda:CRITICAL:cardiac_respiratory,Guhumeka birangora cyane ku buryo ntabasha no kuvuga neza.,Guhumeka birangora cyane ku buryo ntabasha no kuvuga neza.
"Muganga, ndashaka kongererwa imiti mfata kuva mu cyumweru gishize kandi birushaho kuba bibi. Ntegereze cyangwa nsuzumwe ubu?",kinyarwanda,ROUTINE,chronic_care,kinyarwanda->kinyarwanda:ROUTINE:chronic_care,ndashaka kongererwa imiti mfata,ndashaka kongererwa imiti mfata
"Muganga, ndashaka kongererwa imiti mfata kuva ubu gitondo cya kare. Ntegereze cyangwa nsuzumwe ubu?",kinyarwanda,ROUTINE,chronic_care,kinyarwanda->kinyarwanda:ROUTINE:chronic_care,ndashaka kongererwa imiti mfata,ndashaka kongererwa imiti mfata
Mama ashaka ko bapima SIDA kuva hashize iminsi ibiri nta miti imfasha. Ese ibi birakomeye?,kinyarwanda,ROUTINE,preventive,kinyarwanda->kinyarwanda:ROUTINE:preventive,{REL} ashaka ko bapima SIDA.,Ndashaka ko bapima SIDA.
"Simbizi niba bikomeye ariko, ndaruka amaraso kuva ubu gitondo cya kare kandi birushaho kuba bibi",kinyarwanda,CRITICAL,gastrointestinal,kinyarwanda->kinyarwanda:CRITICAL:gastrointestinal,Ndaruka amaraso.,Ndaruka amaraso.
"Simbizi niba bikomeye ariko, isukari yo mu maraso yanjye yazamutse cyane kuva ejo kandi sinshobora gusinzira. Naje mvuye kure.",kinyarwanda,URGENT,chronic_care,kinyarwanda->kinyarwanda:URGENT:chronic_care,isukari yo mu maraso yanjye yazamutse cyane,isukari yo mu maraso yanjye yazamutse cyane
"Muraho, umugore wanjye arababara cyane mu gituza kandi ububabare bukagera no ku kuboko kuva mu masaha abiri ashize. Byatangiye gitunguranye. Ntegereze cyangwa nsuzumwe ubu?",kinyarwanda,CRITICAL,cardiac_respiratory,kinyarwanda->kinyarwanda:CRITICAL:cardiac_respiratory,{REL} arababara cyane mu gituza kandi ububabare bukagera no ku kuboko.,mu gituza harandya cyane kandi ububabare bukagera no ku kuboko
Ndashaka kukubwira ikibazo mfite. Mama ahumeka bimugora cyane kandi iminwa ye yahindutse ibara kuva mu gitondo bikarushaho nijoro. Nkora iki?,kinyarwanda,CRITICAL,cardiac_respiratory,kinyarwanda->kinyarwanda:CRITICAL:cardiac_respiratory,{REL} ahumeka bimugora cyane kandi iminwa ye yahindutse ibara.,guhumeka birangora cyane kandi iminwa yanjye yahindutse ibara
Umukecuru afite umuriro mwinshi kandi yaragagaye kuva mu cyumweru gishize. Byatangiye gitunguranye. Naje mvuye kure.,kinyarwanda,CRITICAL,infectious_fever,kinyarwanda->kinyarwanda:CRITICAL:infectious_fever,{REL} afite umuriro mwinshi kandi yaragagaye.,Mfite umuriro mwinshi kandi nagagaye.
"Naje hano mbere, mushiki wanjye ashaka ko bapima ibiro by'umwana we kuva hashize icyumweru kandi ndahangayitse. Murakoze.",kinyarwanda,ROUTINE,paediatric,kinyarwanda->kinyarwanda:ROUTINE:paediatric,{REL} ashaka ko bapima ibiro by'umwana we.,Ndashaka ko bapima ibiro by'umwana wanjye.
"Mumbabarire, ndashaka kubabwira ikibazo mfite. Ndabyara ariko habanje gusohoka umugozi w'umwana kuva hashize icyumweru kandi birushaho kuba bibi. Ntabasha kubona amafaranga yo kongera kuza kwa muganga.",kinyarwanda,CRITICAL,obstetric,kinyarwanda->kinyarwanda:CRITICAL:obstetric,Ndabyara ariko habanje gusohoka umugozi w'umwana.,Ndabyara ariko habanje gusohoka umugozi w'umwana.
"Nyabuneka, iyo mpumeka, numva igituza gifashe kandi mpumeka nkumva hari ijwi ridasanzwe kuva ejo biragenda bikagaruka. Mfasha muganga.",kinyarwanda,URGENT,cardiac_respiratory,kinyarwanda->kinyarwanda:URGENT:cardiac_respiratory,"Iyo mpumeka, numva igituza gifashe kandi mpumeka nkumva hari ijwi ridasanzwe.","Iyo mpumeka, numva igituza gifashe kandi mpumeka nkumva hari ijwi ridasanzwe."
"Ndakeneye ubufasha, mama amaze umunsi wose ari mu bubabare bwo kubyara ariko umwana ntarasohoka kuva ubu gitondo cya kare nta miti imfasha. Ni imiti ki nafata?",kinyarwanda,CRITICAL,obstetric,kinyarwanda->kinyarwanda:CRITICAL:obstetric,{REL} amaze umunsi wose ari mu bubabare bwo kubyara ariko umwana ntarasohoka.,Maze umunsi wose mbabara ngerageza kubyara ariko umwana ntarasohoka.
"Naje hano mbere, umugabo wanjye yagagaye kandi arimo guhinda umushyitsi kuva mu gitondo. Abandi bana na bo bafite iki kibazo. Naje mvuye kure.",kinyarwanda,CRITICAL,neurological,kinyarwanda->kinyarwanda:CRITICAL:neurological,{REL} yagagaye kandi arimo guhinda umushyitsi.,{REL} yagagaye kandi arimo guhinda umushyitsi.
"Muraho, ndatwite, umutwe urandya cyane kandi sinshobora kureba neza kuva mu cyumweru gishize kandi nta miti mfite. Nkora iki?",kinyarwanda,CRITICAL,obstetric,kinyarwanda->kinyarwanda:CRITICAL:obstetric,"Ndatwite, umutwe urandya cyane kandi sinshobora kureba neza.","Ndatwite, umutwe urandya cyane kandi sinshobora kureba neza."
Mama arakomeza kuruka kandi ntashobora kurya kuva mu cyumweru gishize kandi sinshobora gusinzira. Urakoze.,kinyarwanda,URGENT,gastrointestinal,kinyarwanda->kinyarwanda:URGENT:gastrointestinal,{REL} arakomeza kuruka kandi ntashobora kurya.,ndakomeza kuruka kandi sinshobora kurya
"Ndakeneye ubufasha, mfite impiswi zirimo amaraso kuva hashize iminsi ibiri bikarushaho nijoro. Murakoze.",kinyarwanda,URGENT,gastrointestinal,kinyarwanda->kinyarwanda:URGENT:gastrointestinal,Mfite impiswi zirimo amaraso.,Mfite impiswi zirimo amaraso.
"Nzanye umwana wanjye, umwana wanjye ashaka ko bapima SIDA kuva hashize iminsi itatu nta miti imfasha. Ntabasha kubona amafaranga yo kongera kuza kwa muganga.",kinyarwanda,ROUTINE,preventive,kinyarwanda->kinyarwanda:ROUTINE:preventive,{REL} ashaka ko bapima SIDA.,Ndashaka ko bapima SIDA.
"Mfasha vuba, mfite umwanda usa umukara kuva mu gitondo. Byatangiye gitunguranye.",kinyarwanda,CRITICAL,gastrointestinal,kinyarwanda->kinyarwanda:CRITICAL:gastrointestinal,Mfite umwanda usa umukara.,Mfite umwanda usa umukara.
"Ndashaka kukubwira ikibazo mfite. Iyo umwana wanjye amaze kurya, yumva inda itameze neza kuva ijoro ryashize kandi sinshobora gusinzira. Ntegereze cyangwa nsuzumwe ubu?",kinyarwanda,ROUTINE,gastrointestinal,kinyarwanda->kinyarwanda:ROUTINE:gastrointestinal,"Iyo {REL} amaze kurya, yumva inda itameze neza.","Iyo {REL} amaze kurya, yumva inda itameze neza."
Mushiki wanjye yagagaye kandi arimo guhinda umushyitsi biragenda bikagaruka. Nkora iki?,kinyarwanda,CRITICAL,neurological,kinyarwanda->kinyarwanda:CRITICAL:neurological,{REL} yagagaye kandi arimo guhinda umushyitsi.,{REL} yagagaye kandi arimo guhinda umushyitsi.
"Muraho, maze ibyumweru birenga bibiri nkorora kandi natangiye no kunanuka kuva mu gitondo. Abandi bana na bo bafite iki kibazo. Nkora iki?",kinyarwanda,URGENT,cardiac_respiratory,kinyarwanda->kinyarwanda:URGENT:cardiac_respiratory,Maze ibyumweru birenga bibiri nkorora kandi natangiye no kunanuka.,Maze ibyumweru birenga bibiri nkorora kandi natangiye no kunanuka.
Mu gituza harandya cyane kandi ububabare bukagera no ku kuboko kuva ijoro ryashize. Abandi bana na bo bafite iki kibazo. Ni imiti ki nafata?,kinyarwanda,CRITICAL,cardiac_respiratory,kinyarwanda->kinyarwanda:CRITICAL:cardiac_respiratory,mu gituza harandya cyane kandi ububabare bukagera no ku kuboko,mu gituza harandya cyane kandi ububabare bukagera no ku kuboko
"Mfasha vuba, mushiki wanjye amaze umunsi wose ari mu bubabare bwo kubyara ariko umwana ntarasohoka kuva mu gitondo kandi nta miti mfite. Ndakeneye ubufasha vuba.",kinyarwanda,CRITICAL,obstetric,kinyarwanda->kinyarwanda:CRITICAL:obstetric,{REL} amaze umunsi wose ari mu bubabare bwo kubyara ariko umwana ntarasohoka.,Maze umunsi wose mbabara ngerageza kubyara ariko umwana ntarasohoka.
"Muganga, ndashaka kujya kwa muganga kwisuzumisha diyabete kuva mu masaha abiri ashize nta miti imfasha. Murakoze.",kinyarwanda,ROUTINE,chronic_care,kinyarwanda->kinyarwanda:ROUTINE:chronic_care,Ndashaka kujya kwa muganga kwisuzumisha diyabete.,Ndashaka kujya kwa muganga kwisuzumisha SIDA.
"Muganga, papa afite ibimenyetso bya malariya, umuriro n'imbeho kuva hashize icyumweru kandi ndahangayitse. Mfasha muganga.",kinyarwanda,URGENT,infectious_fever,kinyarwanda->kinyarwanda:URGENT:infectious_fever,"{REL} afite ibimenyetso bya malariya, umuriro n'imbeho.","Mfite ibimenyetso bya malariya, umuriro n'imbeho."
"Mumbabarire, ndashaka kubabwira ikibazo mfite. Ndatwite kandi mfite umuriro kuva ejo. Byatangiye gitunguranye. Ntegereze cyangwa nsuzumwe ubu?",kinyarwanda,URGENT,obstetric,kinyarwanda->kinyarwanda:URGENT:obstetric,Ndatwite kandi mfite umuriro.,Ndatwite kandi mfite umuriro.
"Naje hano mbere, umuturanyi wanjye aratwite kandi yaragagaye kuva ubu gitondo cya kare kandi ndahangayitse. Ntegereze cyangwa nsuzumwe ubu?",kinyarwanda,CRITICAL,obstetric,kinyarwanda->kinyarwanda:CRITICAL:obstetric,{REL} aratwite kandi yaragagaye.,Ndatwite kandi nagagaye.
Ndashaka kukubwira ikibazo mfite. Mfite ubushye bunini ku mubiri kuva mu gitondo. Byatangiye gitunguranye. Ndakeneye ubufasha vuba.,kinyarwanda,CRITICAL,haemorrhage_trauma,kinyarwanda->kinyarwanda:CRITICAL:haemorrhage_trauma,Mfite ubushye bunini ku mubiri.,Mfite ubushye bunini ku mubiri.
"Ndakeneye ubufasha, ndashaka kujya kwa muganga kwisuzumisha SIDA kuva hashize iminsi itatu biragenda bikagaruka. Ndakeneye ubufasha vuba.",kinyarwanda,ROUTINE,chronic_care,kinyarwanda->kinyarwanda:ROUTINE:chronic_care,Ndashaka kujya kwa muganga kwisuzumisha SIDA.,Ndashaka kujya kwa muganga kwisuzumisha SIDA.
"Ndakeneye ubufasha, ndashaka kongererwa imiti mfata kuva hashize iminsi itatu bikarushaho nijoro. Ese ibi birakomeye?",kinyarwanda,ROUTINE,chronic_care,kinyarwanda->kinyarwanda:ROUTINE:chronic_care,ndashaka kongererwa imiti mfata,ndashaka kongererwa imiti mfata
"Mfasha vuba, umugabo wanjye amaze ibyumweru birenga bibiri akorora kandi yatangiye no kunanuka kuva mu masaha abiri ashize. Abandi bana na bo bafite iki kibazo. Ni imiti ki nafata?",kinyarwanda,URGENT,cardiac_respiratory,kinyarwanda->kinyarwanda:URGENT:cardiac_respiratory,{REL} amaze ibyumweru birenga bibiri akorora kandi yatangiye no kunanuka.,Maze ibyumweru birenga bibiri nkorora kandi natangiye no kunanuka.
"Mfasha vuba, ndaruka amaraso kuva hashize iminsi itatu kandi birushaho kuba bibi. Ese ibi birakomeye?",kinyarwanda,CRITICAL,gastrointestinal,kinyarwanda->kinyarwanda:CRITICAL:gastrointestinal,Ndaruka amaraso.,Ndaruka amaraso.
"Mumbabarire, ndashaka kubabwira ikibazo mfite. Ndava amaraso menshi nyuma yo kubyara kuva mu gitondo. Abandi bana na bo bafite iki kibazo. Ntabasha kubona amafaranga yo kongera kuza kwa muganga.",kinyarwanda,CRITICAL,obstetric,kinyarwanda->kinyarwanda:CRITICAL:obstetric,ndava amaraso menshi nyuma yo kubyara,ndava amaraso menshi nyuma yo kubyara
"Mfasha vuba, umwana wanjye amaze ibyumweru birenga bibiri arwaye impiswi kuva ubu gitondo cya kare kandi birushaho kuba bibi. Ndakeneye ubufasha vuba.",kinyarwanda,URGENT,gastrointestinal,kinyarwanda->kinyarwanda:URGENT:gastrointestinal,{REL} amaze ibyumweru birenga bibiri arwaye impiswi.,Maze ibyumweru birenga bibiri ndwaye impiswi.
"Nyabuneka, umuturanyi wanjye ashaka ko bapima ibiro by'umwana we kuva ijoro ryashize. Abandi bana na bo bafite iki kibazo.",kinyarwanda,ROUTINE,paediatric,kinyarwanda->kinyarwanda:ROUTINE:paediatric,{REL} ashaka ko bapima ibiro by'umwana we.,Ndashaka ko bapima ibiro by'umwana wanjye.
"Nzanye umwana wanjye, mama iminwa ye yahindutse ubururu kuva hashize icyumweru. Byatangiye gitunguranye. Ndakeneye ubufasha vuba.",kinyarwanda,CRITICAL,cardiac_respiratory,kinyarwanda->kinyarwanda:CRITICAL:cardiac_respiratory,{REL} iminwa ye yahindutse ubururu.,Iminwa yanjye yahindutse ubururu.
"Mfasha vuba, ndumva naniwe ariko si cyane kuva mu gitondo kandi birushaho kuba bibi. Ndakeneye ubufasha vuba.",kinyarwanda,ROUTINE,neurological,kinyarwanda->kinyarwanda:ROUTINE:neurological,ndumva naniwe ariko si cyane,ndumva naniwe ariko si cyane
"Simbizi niba bikomeye ariko, amazuru arantemba gake kuva mu cyumweru gishize",kinyarwanda,ROUTINE,infectious_fever,kinyarwanda->kinyarwanda:ROUTINE:infectious_fever,amazuru arantemba gake,amazuru arantemba gake
"Ndakeneye ubufasha, umwana wanjye afite ubushye bunini ku mubiri kuva ijoro ryashize kandi birushaho kuba bibi. Ni imiti ki nafata?",kinyarwanda,CRITICAL,haemorrhage_trauma,kinyarwanda->kinyarwanda:CRITICAL:haemorrhage_trauma,{REL} afite ubushye bunini ku mubiri.,Mfite ubushye bunini ku mubiri.
"Muganga, mfite gahunda yo kwisuzumisha buri mwaka nta miti imfasha. Nkora iki?",kinyarwanda,ROUTINE,preventive,kinyarwanda->kinyarwanda:ROUTINE:preventive,Mfite gahunda yo kwisuzumisha buri mwaka.,Mfite gahunda yo kwisuzumisha buri mwaka.
"Simbizi niba bikomeye ariko, mushiki wanjye amaze iminsi itatu arwaye impiswi zikomeye kuva mu cyumweru gishize kandi ndahangayitse. Ndakeneye ubufasha vuba.",kinyarwanda,URGENT,gastrointestinal,kinyarwanda->kinyarwanda:URGENT:gastrointestinal,{REL} amaze iminsi itatu arwaye impiswi zikomeye.,maze iminsi itatu ndwaye impiswi zikomeye
"Muraho, mama araruka amaraso kuva ejo kandi nta miti mfite. Naje mvuye kure.",kinyarwanda,CRITICAL,gastrointestinal,kinyarwanda->kinyarwanda:CRITICAL:gastrointestinal,{REL} araruka amaraso.,Ndaruka amaraso.
"Nzanye umwana wanjye, ndatwite, umutwe urandya cyane kandi sinshobora kureba neza kuva hashize iminsi ibiri",kinyarwanda,CRITICAL,obstetric,kinyarwanda->kinyarwanda:CRITICAL:obstetric,"Ndatwite, umutwe urandya cyane kandi sinshobora kureba neza.","Ndatwite, umutwe urandya cyane kandi sinshobora kureba neza."
"Muraho, mushiki wanjye aratwite kandi ashaka kwisuzumisha kwa muganga bwa mbere kuva mu masaha abiri ashize kandi birushaho kuba bibi. Urakoze.",kinyarwanda,ROUTINE,preventive,kinyarwanda->kinyarwanda:ROUTINE:preventive,{REL} aratwite kandi ashaka kwisuzumisha kwa muganga bwa mbere.,Ndatwite kandi ndashaka kwisuzumisha kwa muganga bwa mbere.
"Ndakeneye ubufasha, guhumeka birangora cyane ku buryo ntabasha no kuvuga neza. Byatangiye gitunguranye. Ndakeneye ubufasha vuba.",kinyarwanda,CRITICAL,cardiac_respiratory,kinyarwanda->kinyarwanda:CRITICAL:cardiac_respiratory,Guhumeka birangora cyane ku buryo ntabasha no kuvuga neza.,Guhumeka birangora cyane ku buryo ntabasha no kuvuga neza.
Ndashaka kukubwira ikibazo mfite. Ndatwite kandi nagagaye kuva hashize icyumweru. Nkora iki?,kinyarwanda,CRITICAL,obstetric,kinyarwanda->kinyarwanda:CRITICAL:obstetric,Ndatwite kandi nagagaye.,Ndatwite kandi nagagaye.
"Nyabuneka, umwana wanjye akorora gake ariko nta muriro afite kuva hashize icyumweru. Abandi bana na bo bafite iki kibazo. Nkora iki?",kinyarwanda,ROUTINE,cardiac_respiratory,kinyarwanda->kinyarwanda:ROUTINE:cardiac_respiratory,{REL} akorora gake ariko nta muriro afite.,Nkorora gake ariko nta muriro mfite.
"Naje hano mbere, maze ibyumweru birenga bibiri nkorora kandi natangiye no kunanuka kuva ejo biragenda bikagaruka. Ndakeneye ubufasha vuba.",kinyarwanda,URGENT,cardiac_respiratory,kinyarwanda->kinyarwanda:URGENT:cardiac_respiratory,Maze ibyumweru birenga bibiri nkorora kandi natangiye no kunanuka.,Maze ibyumweru birenga bibiri nkorora kandi natangiye no kunanuka.
"Muraho, umugore wanjye iminwa ye yahindutse ubururu kuva mu gitondo. Byatangiye gitunguranye. Ese ibi birakomeye?",kinyarwanda,CRITICAL,cardiac_respiratory,kinyarwanda->kinyarwanda:CRITICAL:cardiac_respiratory,{REL} iminwa ye yahindutse ubururu.,Iminwa yanjye yahindutse ubururu.
"Nzanye umwana wanjye, umukecuru ahumeka bimugora cyane kandi iminwa ye yahindutse ibara kuva mu masaha abiri ashize. Ese ibi birakomeye?",kinyarwanda,CRITICAL,cardiac_respiratory,kinyarwanda->kinyarwanda:CRITICAL:cardiac_respiratory,{REL} ahumeka bimugora cyane kandi iminwa ye yahindutse ibara.,guhumeka birangora cyane kandi iminwa yanjye yahindutse ibara
"Mfasha vuba, mushiki wanjye ari kuva amaraso menshi kandi ntahagarara kuva mu cyumweru gishize kandi sinshobora gusinzira. Ntabasha kubona amafaranga yo kongera kuza kwa muganga.",kinyarwanda,CRITICAL,haemorrhage_trauma,kinyarwanda->kinyarwanda:CRITICAL:haemorrhage_trauma,{REL} ari kuva amaraso menshi kandi ntahagarara.,ndi kuva amaraso menshi kandi ntahagarara
"Simbizi niba bikomeye ariko, nta miti y'igituntu mfite kuva ijoro ryashize nta miti imfasha. Naje mvuye kure.",kinyarwanda,URGENT,chronic_care,kinyarwanda->kinyarwanda:URGENT:chronic_care,Nta miti y'igituntu mfite.,Nta miti y'igituntu mfite.
Ndashaka kukubwira ikibazo mfite. Papa afite impiswi zirimo amaraso kuva mu masaha abiri ashize kandi ndahangayitse,kinyarwanda,URGENT,gastrointestinal,kinyarwanda->kinyarwanda:URGENT:gastrointestinal,{REL} afite impiswi zirimo amaraso.,Mfite impiswi zirimo amaraso.
"Simbizi niba bikomeye ariko, umugabo wanjye amaze iminsi itatu arwaye impiswi zikomeye kuva hashize icyumweru. Abandi bana na bo bafite iki kibazo. Ese ibi birakomeye?",kinyarwanda,URGENT,gastrointestinal,kinyarwanda->kinyarwanda:URGENT:gastrointestinal,{REL} amaze iminsi itatu arwaye impiswi zikomeye.,maze iminsi itatu ndwaye impiswi zikomeye
"Muraho, umuturanyi wanjye afite impiswi zirimo amaraso nta miti imfasha. Ntegereze cyangwa nsuzumwe ubu?",kinyarwanda,URGENT,gastrointestinal,kinyarwanda->kinyarwanda:URGENT:gastrointestinal,{REL} afite impiswi zirimo amaraso.,Mfite impiswi zirimo amaraso.
"Nyabuneka, mushiki wanjye ashaka inama ku biryo byo kugaburira umwana we kuva hashize iminsi itatu kandi birushaho kuba bibi. Ntegereze cyangwa nsuzumwe ubu?",kinyarwanda,ROUTINE,preventive,kinyarwanda->kinyarwanda:ROUTINE:preventive,{REL} ashaka inama ku biryo byo kugaburira umwana we.,Ndashaka inama ku biryo byo kugaburira umwana wanjye.
"Muganga, ndashaka kongererwa imiti mfata kuva ijoro ryashize kandi ndahangayitse. Murakoze.",kinyarwanda,ROUTINE,chronic_care,kinyarwanda->kinyarwanda:ROUTINE:chronic_care,ndashaka kongererwa imiti mfata,ndashaka kongererwa imiti mfata
Ndashaka kukubwira ikibazo mfite. Maze umunsi wose mbabara ngerageza kubyara ariko umwana ntarasohoka kuva mu masaha abiri ashize biragenda bikagaruka. Ntegereze cyangwa nsuzumwe ubu?,kinyarwanda,CRITICAL,obstetric,kinyarwanda->kinyarwanda:CRITICAL:obstetric,Maze umunsi wose mbabara ngerageza kubyara ariko umwana ntarasohoka.,Maze umunsi wose mbabara ngerageza kubyara ariko umwana ntarasohoka.
"Mfasha, ndumva naniwe ariko si cyane kuva mu masaha abiri ashize. Abandi bana na bo bafite iki kibazo. Naje mvuye kure.",kinyarwanda,ROUTINE,neurological,kinyarwanda->kinyarwanda:ROUTINE:neurological,ndumva naniwe ariko si cyane,ndumva naniwe ariko si cyane
"Simbizi niba bikomeye ariko, mushiki wanjye afite impiswi zikomeye kandi yagize umwuma kuva mu masaha abiri ashize kandi birushaho kuba bibi",kinyarwanda,CRITICAL,gastrointestinal,kinyarwanda->kinyarwanda:CRITICAL:gastrointestinal,{REL} afite impiswi zikomeye kandi yagize umwuma.,{REL} afite impiswi zikomeye kandi yagize umwuma.
"Nyabuneka, nyuma yo kubyara mfite umuriro kandi hari ibintu bisohoka bifite impumuro mbi kuva hashize iminsi ibiri",kinyarwanda,CRITICAL,obstetric,kinyarwanda->kinyarwanda:CRITICAL:obstetric,Nyuma yo kubyara mfite umuriro kandi hari ibintu bisohoka bifite impumuro mbi.,Nyuma yo kubyara mfite umuriro kandi hari ibintu bisohoka bifite impumuro mbi.
"Mumbabarire, ndashaka kubabwira ikibazo mfite. Umugore wanjye ari kuva amaraso menshi kandi ntahagarara kuva hashize icyumweru biragenda bikagaruka. Mfasha muganga.",kinyarwanda,CRITICAL,haemorrhage_trauma,kinyarwanda->kinyarwanda:CRITICAL:haemorrhage_trauma,{REL} ari kuva amaraso menshi kandi ntahagarara.,ndi kuva amaraso menshi kandi ntahagarara
"Mumbabarire, ndashaka kubabwira ikibazo mfite. Mama arakomeza kuruka kandi ntashobora kurya kuva hashize iminsi itatu kandi nta miti mfite. Ese ibi birakomeye?",kinyarwanda,URGENT,gastrointestinal,kinyarwanda->kinyarwanda:URGENT:gastrointestinal,{REL} arakomeza kuruka kandi ntashobora kurya.,ndakomeza kuruka kandi sinshobora kurya
"Mumbabarire, ndashaka kubabwira ikibazo mfite. Ndatwite kandi mfite umuriro kuva ubu gitondo cya kare kandi nta miti mfite. Murakoze.",kinyarwanda,URGENT,obstetric,kinyarwanda->kinyarwanda:URGENT:obstetric,Ndatwite kandi mfite umuriro.,Ndatwite kandi mfite umuriro.
Ndashaka kongererwa imiti mfata kuva hashize iminsi ibiri biragenda bikagaruka. Naje mvuye kure.,kinyarwanda,ROUTINE,chronic_care,kinyarwanda->kinyarwanda:ROUTINE:chronic_care,ndashaka kongererwa imiti mfata,ndashaka kongererwa imiti mfata
"Mfasha vuba, mushiki wanjye ashaka ko bapima ibiro by'umwana we kuva mu gitondo. Abandi bana na bo bafite iki kibazo. Ni imiti ki nafata?",kinyarwanda,ROUTINE,paediatric,kinyarwanda->kinyarwanda:ROUTINE:paediatric,{REL} ashaka ko bapima ibiro by'umwana we.,Ndashaka ko bapima ibiro by'umwana wanjye.
"Mumbabarire, ndashaka kubabwira ikibazo mfite. Nta miti y'igituntu mfite kuva mu cyumweru gishize. Nkora iki?",kinyarwanda,URGENT,chronic_care,kinyarwanda->kinyarwanda:URGENT:chronic_care,Nta miti y'igituntu mfite.,Nta miti y'igituntu mfite.
"Naje hano mbere, ndaruka cyane kandi numva mfite intege nke kuva hashize iminsi itatu kandi sinshobora gusinzira. Ndakeneye ubufasha vuba.",kinyarwanda,URGENT,gastrointestinal,kinyarwanda->kinyarwanda:URGENT:gastrointestinal,ndaruka cyane kandi numva mfite intege nke,ndaruka cyane kandi numva mfite intege nke
"Nzanye umwana wanjye, umwana wanjye afite umuriro mwinshi kandi ntarya kuva hashize icyumweru kandi ndahangayitse. Urakoze.",kinyarwanda,URGENT,paediatric,kinyarwanda->kinyarwanda:URGENT:paediatric,{REL} afite umuriro mwinshi kandi ntarya.,{REL} afite umuriro mwinshi kandi ntarya.
"Nyabuneka, nkorora gake ariko nta muriro mfite kuva hashize iminsi itatu kandi nta miti mfite. Ndakeneye ubufasha vuba.",kinyarwanda,ROUTINE,cardiac_respiratory,kinyarwanda->kinyarwanda:ROUTINE:cardiac_respiratory,Nkorora gake ariko nta muriro mfite.,Nkorora gake ariko nta muriro mfite.
"Simbizi niba bikomeye ariko, umutima uratera cyane kandi nkumva umeze nk'aho uhagarara kuva mu masaha abiri ashize nta miti imfasha. Ni imiti ki nafata?",kinyarwanda,CRITICAL,cardiac_respiratory,kinyarwanda->kinyarwanda:CRITICAL:cardiac_respiratory,umutima uratera cyane kandi nkumva umeze nk'aho uhagarara,umutima uratera cyane kandi nkumva umeze nk'aho uhagarara
Ndashaka kukubwira ikibazo mfite. Umuturanyi wanjye aratwite kandi ashaka kwisuzumisha kwa muganga bwa mbere kuva hashize iminsi ibiri biragenda bikagaruka. Ntabasha kubona amafaranga yo kongera kuza kwa muganga.,kinyarwanda,ROUTINE,preventive,kinyarwanda->kinyarwanda:ROUTINE:preventive,{REL} aratwite kandi ashaka kwisuzumisha kwa muganga bwa mbere.,Ndatwite kandi ndashaka kwisuzumisha kwa muganga bwa mbere.
"Mumbabarire, ndashaka kubabwira ikibazo mfite. Mushiki wanjye arava amaraso menshi nyuma yo kubyara kuva ijoro ryashize kandi ndahangayitse. Nkora iki?",kinyarwanda,CRITICAL,obstetric,kinyarwanda->kinyarwanda:CRITICAL:obstetric,{REL} arava amaraso menshi nyuma yo kubyara.,ndava amaraso menshi nyuma yo kubyara
"Ndakeneye ubufasha, ndaruka amaraso kuva mu gitondo kandi sinshobora gusinzira. Naje mvuye kure.",kinyarwanda,CRITICAL,gastrointestinal,kinyarwanda->kinyarwanda:CRITICAL:gastrointestinal,Ndaruka amaraso.,Ndaruka amaraso.
"Nyabuneka, iyo mpumeka, numva igituza gifashe kandi mpumeka nkumva hari ijwi ridasanzwe kuva ubu gitondo cya kare. Abandi bana na bo bafite iki kibazo. Nkora iki?",kinyarwanda,URGENT,cardiac_respiratory,kinyarwanda->kinyarwanda:URGENT:cardiac_respiratory,"Iyo mpumeka, numva igituza gifashe kandi mpumeka nkumva hari ijwi ridasanzwe.","Iyo mpumeka, numva igituza gifashe kandi mpumeka nkumva hari ijwi ridasanzwe."
"Muganga, umwana wanjye afite umuriro mwinshi kandi ntarya kuva hashize icyumweru kandi ndahangayitse. Ese ibi birakomeye?",kinyarwanda,URGENT,paediatric,kinyarwanda->kinyarwanda:URGENT:paediatric,{REL} afite umuriro mwinshi kandi ntarya.,{REL} afite umuriro mwinshi kandi ntarya.
"Nzanye umwana wanjye, mu rugo hari umuntu urwaye igituntu kandi ndashaka kwisuzumisha kuva ubu gitondo cya kare kandi sinshobora gusinzira. Mfasha muganga.",kinyarwanda,URGENT,preventive,kinyarwanda->kinyarwanda:URGENT:preventive,Mu rugo hari umuntu urwaye igituntu kandi ndashaka kwisuzumisha.,Mu rugo hari umuntu urwaye igituntu kandi ndashaka kwisuzumisha.
"Simbizi niba bikomeye ariko, ndashaka imiti y'inzoka y'umwana wanjye kuva mu masaha abiri ashize bikarushaho nijoro. Naje mvuye kure.",kinyarwanda,ROUTINE,preventive,kinyarwanda->kinyarwanda:ROUTINE:preventive,Ndashaka imiti y'inzoka y'umwana wanjye.,Ndashaka imiti y'inzoka y'umwana wanjye.
"Simbizi niba bikomeye ariko, uruhande rumwe rw'umubiri we ntirukora kuva hashize icyumweru kandi nta miti mfite. Ni imiti ki nafata?",kinyarwanda,CRITICAL,neurological,kinyarwanda->kinyarwanda:CRITICAL:neurological,Uruhande rumwe rw'umubiri we ntirukora.,Uruhande rumwe rw'umubiri we ntirukora.
"Muraho, isukari yo mu maraso yanjye yazamutse cyane kuva ubu gitondo cya kare. Abandi bana na bo bafite iki kibazo. Ndakeneye ubufasha vuba.",kinyarwanda,URGENT,chronic_care,kinyarwanda->kinyarwanda:URGENT:chronic_care,isukari yo mu maraso yanjye yazamutse cyane,isukari yo mu maraso yanjye yazamutse cyane
"Mfasha vuba, ndatwite kandi ndashaka kujya kwa muganga kwisuzumisha kuva ejo. Byatangiye gitunguranye. Ntabasha kubona amafaranga yo kongera kuza kwa muganga.",kinyarwanda,ROUTINE,obstetric,kinyarwanda->kinyarwanda:ROUTINE:obstetric,Ndatwite kandi ndashaka kujya kwa muganga kwisuzumisha.,Ndatwite kandi ndashaka kujya kwa muganga kwisuzumisha.
"Nyabuneka, mfite umuhaha kuva mu cyumweru gishize. Mfasha muganga.",kinyarwanda,URGENT,paediatric,kinyarwanda->kinyarwanda:URGENT:paediatric,Mfite umuhaha.,Mfite umuhaha.
"Simbizi niba bikomeye ariko, papa afite igikomere cyanduye, kiratukura kandi kirimo amashyira kuva mu cyumweru gishize. Urakoze.",kinyarwanda,URGENT,haemorrhage_trauma,kinyarwanda->kinyarwanda:URGENT:haemorrhage_trauma,"{REL} afite igikomere cyanduye, kiratukura kandi kirimo amashyira.","mfite igikomere cyanduye, kiratukura kandi kirimo amashyira"
"Nzanye umwana wanjye, guhumeka birangora cyane ku buryo ntabasha no kuvuga neza kuva ejo kandi birushaho kuba bibi. Ndakeneye ubufasha vuba.",kinyarwanda,CRITICAL,cardiac_respiratory,kinyarwanda->kinyarwanda:CRITICAL:cardiac_respiratory,Guhumeka birangora cyane ku buryo ntabasha no kuvuga neza.,Guhumeka birangora cyane ku buryo ntabasha no kuvuga neza.
"Nyabuneka, mfite umuriro mwinshi kandi ndakorora cyane kuva ejo kandi nta miti mfite. Ntabasha kubona amafaranga yo kongera kuza kwa muganga.",kinyarwanda,URGENT,infectious_fever,kinyarwanda->kinyarwanda:URGENT:infectious_fever,mfite umuriro mwinshi kandi ndakorora cyane,mfite umuriro mwinshi kandi ndakorora cyane
"Naje hano mbere, umwana wanjye afite umuriro mwinshi kandi ntarya kuva hashize iminsi itatu biragenda bikagaruka. Naje mvuye kure.",kinyarwanda,URGENT,paediatric,kinyarwanda->kinyarwanda:URGENT:paediatric,{REL} afite umuriro mwinshi kandi ntarya.,{REL} afite umuriro mwinshi kandi ntarya.
Umugabo wanjye afite impiswi zirimo amaraso kuva hashize icyumweru kandi sinshobora gusinzira. Ndakeneye ubufasha vuba.,kinyarwanda,URGENT,gastrointestinal,kinyarwanda->kinyarwanda:URGENT:gastrointestinal,{REL} afite impiswi zirimo amaraso.,Mfite impiswi zirimo amaraso.
"Simbizi niba bikomeye ariko, ndashaka kongererwa imiti mfata kuva mu masaha abiri ashize nta miti imfasha. Ntabasha kubona amafaranga yo kongera kuza kwa muganga.",kinyarwanda,ROUTINE,chronic_care,kinyarwanda->kinyarwanda:ROUTINE:chronic_care,ndashaka kongererwa imiti mfata,ndashaka kongererwa imiti mfata
"Ndakeneye ubufasha, mama iminwa ye yahindutse ubururu kuva hashize iminsi itatu. Byatangiye gitunguranye. Naje mvuye kure.",kinyarwanda,CRITICAL,cardiac_respiratory,kinyarwanda->kinyarwanda:CRITICAL:cardiac_respiratory,{REL} iminwa ye yahindutse ubururu.,Iminwa yanjye yahindutse ubururu.
"Mumbabarire, ndashaka kubabwira ikibazo mfite. Umugabo wanjye afite ububabare bukabije mu nda kuva hashize iminsi ibiri kandi ndahangayitse",kinyarwanda,URGENT,gastrointestinal,kinyarwanda->kinyarwanda:URGENT:gastrointestinal,{REL} afite ububabare bukabije mu nda.,Mfite ububabare bukabije mu nda.
"Nyabuneka, papa afite ububabare bukabije mu nda kuva hashize iminsi ibiri kandi sinshobora gusinzira. Nkora iki?",kinyarwanda,URGENT,gastrointestinal,kinyarwanda->kinyarwanda:URGENT:gastrointestinal,{REL} afite ububabare bukabije mu nda.,Mfite ububabare bukabije mu nda.
"Muganga, umugore wanjye afite impiswi zikomeye kandi yagize umwuma kuva hashize iminsi ibiri kandi nta miti mfite. Ntegereze cyangwa nsuzumwe ubu?",kinyarwanda,CRITICAL,gastrointestinal,kinyarwanda->kinyarwanda:CRITICAL:gastrointestinal,{REL} afite impiswi zikomeye kandi yagize umwuma.,{REL} afite impiswi zikomeye kandi yagize umwuma.
"Nzanye umwana wanjye, mushiki wanjye arumva igituza kimuremereye cyane kandi ububabare bukagera no ku rwasaya cyangwa ku kuboko bikarushaho nijoro. Ni imiti ki nafata?",kinyarwanda,CRITICAL,cardiac_respiratory,kinyarwanda->kinyarwanda:CRITICAL:cardiac_respiratory,{REL} arumva igituza kimuremereye cyane kandi ububabare bukagera no ku rwasaya cyangwa ku kuboko.,{REL} arumva igituza kimuremereye cyane kandi ububabare bukagera no ku rwasaya cyangwa ku kuboko.
"Muganga, ndabyara ariko habanje gusohoka umugozi w'umwana kuva ejo. Mfasha muganga.",kinyarwanda,CRITICAL,obstetric,kinyarwanda->kinyarwanda:CRITICAL:obstetric,Ndabyara ariko habanje gusohoka umugozi w'umwana.,Ndabyara ariko habanje gusohoka umugozi w'umwana.
"Mumbabarire, ndashaka kubabwira ikibazo mfite. Umwana wanjye afite igikomere gito kandi amaraso yarahagaze kuva ejo. Byatangiye gitunguranye. Ntegereze cyangwa nsuzumwe ubu?",kinyarwanda,ROUTINE,haemorrhage_trauma,kinyarwanda->kinyarwanda:ROUTINE:haemorrhage_trauma,{REL} afite igikomere gito kandi amaraso yarahagaze.,Mfite igikomere gito kandi amaraso yarahagaze.
"Mfasha vuba, mushiki wanjye aratwite kandi ashaka kwisuzumisha kwa muganga bwa mbere kuva mu gitondo. Abandi bana na bo bafite iki kibazo. Mfasha muganga.",kinyarwanda,ROUTINE,preventive,kinyarwanda->kinyarwanda:ROUTINE:preventive,{REL} aratwite kandi ashaka kwisuzumisha kwa muganga bwa mbere.,Ndatwite kandi ndashaka kwisuzumisha kwa muganga bwa mbere.
"Simbizi niba bikomeye ariko, ndashaka kujya kwa muganga kwisuzumisha SIDA kuva mu masaha abiri ashize biragenda bikagaruka. Nkora iki?",kinyarwanda,ROUTINE,chronic_care,kinyarwanda->kinyarwanda:ROUTINE:chronic_care,Ndashaka kujya kwa muganga kwisuzumisha SIDA.,Ndashaka kujya kwa muganga kwisuzumisha SIDA.
"Muganga, papa afite ibimenyetso bya malariya, umuriro n'imbeho kuva mu masaha abiri ashize kandi nta miti mfite. Ntegereze cyangwa nsuzumwe ubu?",kinyarwanda,URGENT,infectious_fever,kinyarwanda->kinyarwanda:URGENT:infectious_fever,"{REL} afite ibimenyetso bya malariya, umuriro n'imbeho.","Mfite ibimenyetso bya malariya, umuriro n'imbeho."
"Mfasha, umwana wanjye yagagaye kandi arimo guhinda umushyitsi kuva ejo bikarushaho nijoro",kinyarwanda,CRITICAL,neurological,kinyarwanda->kinyarwanda:CRITICAL:neurological,{REL} yagagaye kandi arimo guhinda umushyitsi.,{REL} yagagaye kandi arimo guhinda umushyitsi.
"Mfasha vuba, ndashaka kujya kwa muganga kwisuzumisha diyabete kuva mu gitondo nta miti imfasha. Naje mvuye kure.",kinyarwanda,ROUTINE,chronic_care,kinyarwanda->kinyarwanda:ROUTINE:chronic_care,Ndashaka kujya kwa muganga kwisuzumisha diyabete.,Ndashaka kujya kwa muganga kwisuzumisha SIDA.
"Nzanye umwana wanjye, umugabo wanjye arakomeza kuruka kandi ntashobora kurya kuva mu masaha abiri ashize nta miti imfasha. Ese ibi birakomeye?",kinyarwanda,URGENT,gastrointestinal,kinyarwanda->kinyarwanda:URGENT:gastrointestinal,{REL} arakomeza kuruka kandi ntashobora kurya.,ndakomeza kuruka kandi sinshobora kurya
"Simbizi niba bikomeye ariko, ndaruka cyane kandi numva mfite intege nke kuva ejo kandi sinshobora gusinzira. Nkora iki?",kinyarwanda,URGENT,gastrointestinal,kinyarwanda->kinyarwanda:URGENT:gastrointestinal,ndaruka cyane kandi numva mfite intege nke,ndaruka cyane kandi numva mfite intege nke
"Muganga, iyo umwana wanjye amaze kurya, yumva inda itameze neza kuva hashize iminsi ibiri. Byatangiye gitunguranye. Ese ibi birakomeye?",kinyarwanda,ROUTINE,gastrointestinal,kinyarwanda->kinyarwanda:ROUTINE:gastrointestinal,"Iyo {REL} amaze kurya, yumva inda itameze neza.","Iyo {REL} amaze kurya, yumva inda itameze neza."
"Muganga, isukari yo mu maraso yanjye yazamutse cyane kuva hashize iminsi itatu biragenda bikagaruka. Ntegereze cyangwa nsuzumwe ubu?",kinyarwanda,URGENT,chronic_care,kinyarwanda->kinyarwanda:URGENT:chronic_care,isukari yo mu maraso yanjye yazamutse cyane,isukari yo mu maraso yanjye yazamutse cyane
"Ndakeneye ubufasha, maze ibyumweru birenga bibiri nkorora kandi natangiye no kunanuka kuva hashize icyumweru. Abandi bana na bo bafite iki kibazo.",kinyarwanda,URGENT,cardiac_respiratory,kinyarwanda->kinyarwanda:URGENT:cardiac_respiratory,Maze ibyumweru birenga bibiri nkorora kandi natangiye no kunanuka.,Maze ibyumweru birenga bibiri nkorora kandi natangiye no kunanuka.
"Muraho, umugore wanjye afite ubushye bunini ku mubiri bikarushaho nijoro. Nkora iki?",kinyarwanda,CRITICAL,haemorrhage_trauma,kinyarwanda->kinyarwanda:CRITICAL:haemorrhage_trauma,{REL} afite ubushye bunini ku mubiri.,Mfite ubushye bunini ku mubiri.
Ndashaka kukubwira ikibazo mfite. Umwana wanjye ahumeka bimugora cyane kandi iminwa ye yahindutse ibara kuva ejo biragenda bikagaruka,kinyarwanda,CRITICAL,cardiac_respiratory,kinyarwanda->kinyarwanda:CRITICAL:cardiac_respiratory,{REL} ahumeka bimugora cyane kandi iminwa ye yahindutse ibara.,guhumeka birangora cyane kandi iminwa yanjye yahindutse ibara
"Simbizi niba bikomeye ariko, ndashaka kongererwa imiti mfata kuva hashize icyumweru biragenda bikagaruka. Murakoze.",kinyarwanda,ROUTINE,chronic_care,kinyarwanda->kinyarwanda:ROUTINE:chronic_care,ndashaka kongererwa imiti mfata,ndashaka kongererwa imiti mfata
"Nyabuneka, mfite igikomere gito kandi amaraso yarahagaze kandi ndahangayitse. Mfasha muganga.",kinyarwanda,ROUTINE,haemorrhage_trauma,kinyarwanda->kinyarwanda:ROUTINE:haemorrhage_trauma,Mfite igikomere gito kandi amaraso yarahagaze.,Mfite igikomere gito kandi amaraso yarahagaze.
"Simbizi niba bikomeye ariko, uruhande rumwe rw'umubiri we ntirukora kuva hashize iminsi ibiri biragenda bikagaruka. Ni imiti ki nafata?",kinyarwanda,CRITICAL,neurological,kinyarwanda->kinyarwanda:CRITICAL:neurological,Uruhande rumwe rw'umubiri we ntirukora.,Uruhande rumwe rw'umubiri we ntirukora.
"Mfasha, mushiki wanjye nta miti ya SIDA afite. Byatangiye gitunguranye. Naje mvuye kure.",kinyarwanda,URGENT,chronic_care,kinyarwanda->kinyarwanda:URGENT:chronic_care,{REL} nta miti ya SIDA afite.,Nta miti ya SIDA mfite.
"Nzanye umwana wanjye, mama isukari yo mu maraso ye yazamutse cyane kuva hashize iminsi itatu nta miti imfasha. Ntabasha kubona amafaranga yo kongera kuza kwa muganga.",kinyarwanda,URGENT,chronic_care,kinyarwanda->kinyarwanda:URGENT:chronic_care,{REL} isukari yo mu maraso ye yazamutse cyane.,isukari yo mu maraso yanjye yazamutse cyane
"Mumbabarire, ndashaka kubabwira ikibazo mfite. Umukecuru afite impiswi zikomeye kandi yagize umwuma kuva ijoro ryashize nta miti imfasha. Ntegereze cyangwa nsuzumwe ubu?",kinyarwanda,CRITICAL,gastrointestinal,kinyarwanda->kinyarwanda:CRITICAL:gastrointestinal,{REL} afite impiswi zikomeye kandi yagize umwuma.,{REL} afite impiswi zikomeye kandi yagize umwuma.
"Ndakeneye ubufasha, umuturanyi wanjye amaze ibyumweru birenga bibiri arwaye impiswi kuva ubu gitondo cya kare kandi ndahangayitse",kinyarwanda,URGENT,gastrointestinal,kinyarwanda->kinyarwanda:URGENT:gastrointestinal,{REL} amaze ibyumweru birenga bibiri arwaye impiswi.,Maze ibyumweru birenga bibiri ndwaye impiswi.
"Mumbabarire, ndashaka kubabwira ikibazo mfite. Umugabo wanjye araruka ibyo arya byose kandi ntashobora no kunywa kuva ijoro ryashize kandi nta miti mfite. Naje mvuye kure.",kinyarwanda,CRITICAL,gastrointestinal,kinyarwanda->kinyarwanda:CRITICAL:gastrointestinal,{REL} araruka ibyo arya byose kandi ntashobora no kunywa.,Ndaruka ibyo ndya byose kandi sinshobora no kunywa.
"Muraho, umwana wanjye afite igikomere gito kandi amaraso yarahagaze kuva ijoro ryashize. Ntabasha kubona amafaranga yo kongera kuza kwa muganga.",kinyarwanda,ROUTINE,haemorrhage_trauma,kinyarwanda->kinyarwanda:ROUTINE:haemorrhage_trauma,{REL} afite igikomere gito kandi amaraso yarahagaze.,Mfite igikomere gito kandi amaraso yarahagaze.
"Mfasha, umwana wanjye amaze ibyumweru birenga bibiri arwaye impiswi kuva mu gitondo. Abandi bana na bo bafite iki kibazo. Urakoze.",kinyarwanda,URGENT,gastrointestinal,kinyarwanda->kinyarwanda:URGENT:gastrointestinal,{REL} amaze ibyumweru birenga bibiri arwaye impiswi.,Maze ibyumweru birenga bibiri ndwaye impiswi.
"Mfasha, nyuma yo kubyara mfite umuriro kandi hari ibintu bisohoka bifite impumuro mbi kuva ejo kandi ndahangayitse. Ese ibi birakomeye?",kinyarwanda,CRITICAL,obstetric,kinyarwanda->kinyarwanda:CRITICAL:obstetric,Nyuma yo kubyara mfite umuriro kandi hari ibintu bisohoka bifite impumuro mbi.,Nyuma yo kubyara mfite umuriro kandi hari ibintu bisohoka bifite impumuro mbi.
"Mumbabarire, ndashaka kubabwira ikibazo mfite. Umugore wanjye yabyimbye ibirenge kandi ntashobora guhumeka neza iyo aragaramye kuva hashize iminsi itatu. Abandi bana na bo bafite iki kibazo. Naje mvuye kure.",kinyarwanda,URGENT,chronic_care,kinyarwanda->kinyarwanda:URGENT:chronic_care,{REL} yabyimbye ibirenge kandi ntashobora guhumeka neza iyo aragaramye.,Nabyimbye ibirenge kandi sinshobora guhumeka neza iyo ndagaramye.
"Mumbabarire, ndashaka kubabwira ikibazo mfite. Mama aratwite kandi ashaka kwisuzumisha kwa muganga bwa mbere kuva hashize icyumweru biragenda bikagaruka. Ntegereze cyangwa nsuzumwe ubu?",kinyarwanda,ROUTINE,preventive,kinyarwanda->kinyarwanda:ROUTINE:preventive,{REL} aratwite kandi ashaka kwisuzumisha kwa muganga bwa mbere.,Ndatwite kandi ndashaka kwisuzumisha kwa muganga bwa mbere.
Ndashaka kukubwira ikibazo mfite. Ndaruka cyane kandi numva mfite intege nke kuva mu masaha abiri ashize biragenda bikagaruka. Mfasha muganga.,kinyarwanda,URGENT,gastrointestinal,kinyarwanda->kinyarwanda:URGENT:gastrointestinal,ndaruka cyane kandi numva mfite intege nke,ndaruka cyane kandi numva mfite intege nke
"Nzanye umwana wanjye, iyo umwana wanjye amaze kurya, yumva inda itameze neza bikarushaho nijoro. Nkora iki?",kinyarwanda,ROUTINE,gastrointestinal,kinyarwanda->kinyarwanda:ROUTINE:gastrointestinal,"Iyo {REL} amaze kurya, yumva inda itameze neza.","Iyo {REL} amaze kurya, yumva inda itameze neza."
"Nzanye umwana wanjye, umugabo wanjye afite ubushye bunini ku mubiri kuva hashize iminsi itatu nta miti imfasha. Ndakeneye ubufasha vuba.",kinyarwanda,CRITICAL,haemorrhage_trauma,kinyarwanda->kinyarwanda:CRITICAL:haemorrhage_trauma,{REL} afite ubushye bunini ku mubiri.,Mfite ubushye bunini ku mubiri.
"Ndakeneye ubufasha, ndava amaraso menshi nyuma yo kubyara kuva mu masaha abiri ashize kandi nta miti mfite",kinyarwanda,CRITICAL,obstetric,kinyarwanda->kinyarwanda:CRITICAL:obstetric,ndava amaraso menshi nyuma yo kubyara,ndava amaraso menshi nyuma yo kubyara
"Naje hano mbere, mama ashaka imiti y'inzoka y'umwana we kuva hashize iminsi ibiri",kinyarwanda,ROUTINE,preventive,kinyarwanda->kinyarwanda:ROUTINE:preventive,{REL} ashaka imiti y'inzoka y'umwana we.,Ndashaka imiti y'inzoka y'umwana wanjye.
"Muraho, ndatwite kandi nagagaye kuva hashize iminsi ibiri. Abandi bana na bo bafite iki kibazo. Ese ibi birakomeye?",kinyarwanda,CRITICAL,obstetric,kinyarwanda->kinyarwanda:CRITICAL:obstetric,Ndatwite kandi nagagaye.,Ndatwite kandi nagagaye.
"Muraho, papa amaze ibyumweru birenga bibiri arwaye impiswi kandi ndahangayitse. Mfasha muganga.",kinyarwanda,URGENT,gastrointestinal,kinyarwanda->kinyarwanda:URGENT:gastrointestinal,{REL} amaze ibyumweru birenga bibiri arwaye impiswi.,Maze ibyumweru birenga bibiri ndwaye impiswi.
"Muraho, nyuma yo kubyara, mama afite umuriro kandi hari ibintu bisohoka bifite impumuro mbi kuva hashize icyumweru. Byatangiye gitunguranye. Ntabasha kubona amafaranga yo kongera kuza kwa muganga.",kinyarwanda,CRITICAL,obstetric,kinyarwanda->kinyarwanda:CRITICAL:obstetric,"Nyuma yo kubyara, {REL} afite umuriro kandi hari ibintu bisohoka bifite impumuro mbi.",Nyuma yo kubyara mfite umuriro kandi hari ibintu bisohoka bifite impumuro mbi.
"Nzanye umwana wanjye, umugore wanjye iminwa ye yahindutse ubururu kuva hashize icyumweru biragenda bikagaruka",kinyarwanda,CRITICAL,cardiac_respiratory,kinyarwanda->kinyarwanda:CRITICAL:cardiac_respiratory,{REL} iminwa ye yahindutse ubururu.,Iminwa yanjye yahindutse ubururu.
"Nzanye umwana wanjye, umugabo wanjye ashaka ko bapima ibiro by'umwana we kuva ijoro ryashize kandi birushaho kuba bibi. Naje mvuye kure.",kinyarwanda,ROUTINE,paediatric,kinyarwanda->kinyarwanda:ROUTINE:paediatric,{REL} ashaka ko bapima ibiro by'umwana we.,Ndashaka ko bapima ibiro by'umwana wanjye.
"Muraho, ndabyara ariko habanje gusohoka umugozi w'umwana kuva hashize iminsi itatu kandi nta miti mfite. Naje mvuye kure.",kinyarwanda,CRITICAL,obstetric,kinyarwanda->kinyarwanda:CRITICAL:obstetric,Ndabyara ariko habanje gusohoka umugozi w'umwana.,Ndabyara ariko habanje gusohoka umugozi w'umwana.
"Mfasha vuba, ndaruka cyane kandi numva mfite intege nke kuva ejo biragenda bikagaruka. Nkora iki?",kinyarwanda,URGENT,gastrointestinal,kinyarwanda->kinyarwanda:URGENT:gastrointestinal,ndaruka cyane kandi numva mfite intege nke,ndaruka cyane kandi numva mfite intege nke
"Nzanye umwana wanjye, mfite umwanda usa umukara kuva hashize icyumweru kandi ndahangayitse. Ntabasha kubona amafaranga yo kongera kuza kwa muganga.",kinyarwanda,CRITICAL,gastrointestinal,kinyarwanda->kinyarwanda:CRITICAL:gastrointestinal,Mfite umwanda usa umukara.,Mfite umwanda usa umukara.
"Mumbabarire, ndashaka kubabwira ikibazo mfite. Papa yabyimbye ibirenge kandi ntashobora guhumeka neza iyo aragaramye kuva mu gitondo. Naje mvuye kure.",kinyarwanda,URGENT,chronic_care,kinyarwanda->kinyarwanda:URGENT:chronic_care,{REL} yabyimbye ibirenge kandi ntashobora guhumeka neza iyo aragaramye.,Nabyimbye ibirenge kandi sinshobora guhumeka neza iyo ndagaramye.
Umwana wanjye afite umuriro mwinshi kandi ntarya kuva ejo nta miti imfasha. Mfasha muganga.,kinyarwanda,URGENT,paediatric,kinyarwanda->kinyarwanda:URGENT:paediatric,{REL} afite umuriro mwinshi kandi ntarya.,{REL} afite umuriro mwinshi kandi ntarya.
"Mfasha, amazuru arantemba gake kuva mu masaha abiri ashize kandi ndahangayitse",kinyarwanda,ROUTINE,infectious_fever,kinyarwanda->kinyarwanda:ROUTINE:infectious_fever,amazuru arantemba gake,amazuru arantemba gake
"Muganga, umukecuru nta miti ya SIDA afite kuva mu cyumweru gishize biragenda bikagaruka. Ni imiti ki nafata?",kinyarwanda,URGENT,chronic_care,kinyarwanda->kinyarwanda:URGENT:chronic_care,{REL} nta miti ya SIDA afite.,Nta miti ya SIDA mfite.
"Ndakeneye ubufasha, mama ahumeka bimugora cyane kandi iminwa ye yahindutse ibara kuva hashize iminsi itatu kandi birushaho kuba bibi. Ntegereze cyangwa nsuzumwe ubu?",kinyarwanda,CRITICAL,cardiac_respiratory,kinyarwanda->kinyarwanda:CRITICAL:cardiac_respiratory,{REL} ahumeka bimugora cyane kandi iminwa ye yahindutse ibara.,guhumeka birangora cyane kandi iminwa yanjye yahindutse ibara
"Simbizi niba bikomeye ariko, ndaruka amaraso kuva ejo. Byatangiye gitunguranye. Ndakeneye ubufasha vuba.",kinyarwanda,CRITICAL,gastrointestinal,kinyarwanda->kinyarwanda:CRITICAL:gastrointestinal,Ndaruka amaraso.,Ndaruka amaraso.
"Mfasha, umwana wanjye ntashobora kuvuga neza kandi umunwa we waragoramye kuva ubu gitondo cya kare kandi birushaho kuba bibi. Ndakeneye ubufasha vuba.",kinyarwanda,CRITICAL,neurological,kinyarwanda->kinyarwanda:CRITICAL:neurological,{REL} ntashobora kuvuga neza kandi umunwa we waragoramye.,{REL} ntashobora kuvuga neza kandi umunwa we waragoramye.
Ndatwite kandi nagagaye kuva hashize iminsi ibiri kandi sinshobora gusinzira. Ndakeneye ubufasha vuba.,kinyarwanda,CRITICAL,obstetric,kinyarwanda->kinyarwanda:CRITICAL:obstetric,Ndatwite kandi nagagaye.,Ndatwite kandi nagagaye.
"Mumbabarire, ndashaka kubabwira ikibazo mfite. Nkorora gake ariko nta muriro mfite kuva mu gitondo biragenda bikagaruka. Naje mvuye kure.",kinyarwanda,ROUTINE,cardiac_respiratory,kinyarwanda->kinyarwanda:ROUTINE:cardiac_respiratory,Nkorora gake ariko nta muriro mfite.,Nkorora gake ariko nta muriro mfite.
"Papa afite ibimenyetso bya malariya, umuriro n'imbeho kuva ijoro ryashize. Abandi bana na bo bafite iki kibazo. Ni imiti ki nafata?",kinyarwanda,URGENT,infectious_fever,kinyarwanda->kinyarwanda:URGENT:infectious_fever,"{REL} afite ibimenyetso bya malariya, umuriro n'imbeho.","Mfite ibimenyetso bya malariya, umuriro n'imbeho."
"Nzanye umwana wanjye, ndaruka cyane kandi numva mfite intege nke kuva mu masaha abiri ashize kandi nta miti mfite. Murakoze.",kinyarwanda,URGENT,gastrointestinal,kinyarwanda->kinyarwanda:URGENT:gastrointestinal,ndaruka cyane kandi numva mfite intege nke,ndaruka cyane kandi numva mfite intege nke
"Ndakeneye ubufasha, mfite ubushye bunini ku mubiri kuva mu gitondo kandi nta miti mfite. Ntegereze cyangwa nsuzumwe ubu?",kinyarwanda,CRITICAL,haemorrhage_trauma,kinyarwanda->kinyarwanda:CRITICAL:haemorrhage_trauma,Mfite ubushye bunini ku mubiri.,Mfite ubushye bunini ku mubiri.
"Muraho, ndava amaraso menshi nyuma yo kubyara kuva hashize icyumweru kandi ndahangayitse. Ntegereze cyangwa nsuzumwe ubu?",kinyarwanda,CRITICAL,obstetric,kinyarwanda->kinyarwanda:CRITICAL:obstetric,ndava amaraso menshi nyuma yo kubyara,ndava amaraso menshi nyuma yo kubyara
"Simbizi niba bikomeye ariko, mfite igikomere gito kandi amaraso yarahagaze kuva mu cyumweru gishize bikarushaho nijoro. Naje mvuye kure.",kinyarwanda,ROUTINE,haemorrhage_trauma,kinyarwanda->kinyarwanda:ROUTINE:haemorrhage_trauma,Mfite igikomere gito kandi amaraso yarahagaze.,Mfite igikomere gito kandi amaraso yarahagaze.
"Mfasha vuba, iyo maze kurya numva mu nda ntameze neza kuva hashize iminsi itatu kandi birushaho kuba bibi. Ese ibi birakomeye?",kinyarwanda,ROUTINE,gastrointestinal,kinyarwanda->kinyarwanda:ROUTINE:gastrointestinal,iyo maze kurya numva mu nda ntameze neza,"Iyo {REL} amaze kurya, yumva inda itameze neza."
"Simbizi niba bikomeye ariko, ndashaka kujya kwa muganga kwisuzumisha SIDA kuva ubu gitondo cya kare kandi sinshobora gusinzira. Ntegereze cyangwa nsuzumwe ubu?",kinyarwanda,ROUTINE,chronic_care,kinyarwanda->kinyarwanda:ROUTINE:chronic_care,Ndashaka kujya kwa muganga kwisuzumisha SIDA.,Ndashaka kujya kwa muganga kwisuzumisha SIDA.
"Mfasha vuba, mushiki wanjye afite ubushye bunini ku mubiri kuva mu masaha abiri ashize. Byatangiye gitunguranye. Ndakeneye ubufasha vuba.",kinyarwanda,CRITICAL,haemorrhage_trauma,kinyarwanda->kinyarwanda:CRITICAL:haemorrhage_trauma,{REL} afite ubushye bunini ku mubiri.,Mfite ubushye bunini ku mubiri.
"Nzanye umwana wanjye, isukari yo mu maraso yanjye yazamutse cyane kuva ijoro ryashize kandi sinshobora gusinzira. Murakoze.",kinyarwanda,URGENT,chronic_care,kinyarwanda->kinyarwanda:URGENT:chronic_care,isukari yo mu maraso yanjye yazamutse cyane,isukari yo mu maraso yanjye yazamutse cyane
Ndatwite kandi nagagaye kuva mu cyumweru gishize. Byatangiye gitunguranye. Mfasha muganga.,kinyarwanda,CRITICAL,obstetric,kinyarwanda->kinyarwanda:CRITICAL:obstetric,Ndatwite kandi nagagaye.,Ndatwite kandi nagagaye.
"Mfasha, guhumeka birangora cyane ku buryo ntabasha no kuvuga neza kuva hashize iminsi itatu kandi sinshobora gusinzira. Ese ibi birakomeye?",kinyarwanda,CRITICAL,cardiac_respiratory,kinyarwanda->kinyarwanda:CRITICAL:cardiac_respiratory,Guhumeka birangora cyane ku buryo ntabasha no kuvuga neza.,Guhumeka birangora cyane ku buryo ntabasha no kuvuga neza.
Umutima uratera cyane kandi nkumva umeze nk'aho uhagarara kuva mu masaha abiri ashize bikarushaho nijoro. Ntegereze cyangwa nsuzumwe ubu?,kinyarwanda,CRITICAL,cardiac_respiratory,kinyarwanda->kinyarwanda:CRITICAL:cardiac_respiratory,umutima uratera cyane kandi nkumva umeze nk'aho uhagarara,umutima uratera cyane kandi nkumva umeze nk'aho uhagarara
"Mumbabarire, ndashaka kubabwira ikibazo mfite. Umukecuru afite ubushye bunini ku mubiri kuva hashize iminsi itatu. Ntegereze cyangwa nsuzumwe ubu?",kinyarwanda,CRITICAL,haemorrhage_trauma,kinyarwanda->kinyarwanda:CRITICAL:haemorrhage_trauma,{REL} afite ubushye bunini ku mubiri.,Mfite ubushye bunini ku mubiri.
"Nzanye umwana wanjye, umukecuru isukari yo mu maraso ye yazamutse cyane kuva ubu gitondo cya kare biragenda bikagaruka",kinyarwanda,URGENT,chronic_care,kinyarwanda->kinyarwanda:URGENT:chronic_care,{REL} isukari yo mu maraso ye yazamutse cyane.,isukari yo mu maraso yanjye yazamutse cyane
Ndashaka kukubwira ikibazo mfite. Ndaruka amaraso kuva hashize iminsi ibiri kandi nta miti mfite. Mfasha muganga.,kinyarwanda,CRITICAL,gastrointestinal,kinyarwanda->kinyarwanda:CRITICAL:gastrointestinal,Ndaruka amaraso.,Ndaruka amaraso.
"Mfasha, umukecuru afite ubushye bunini ku mubiri. Byatangiye gitunguranye. Ese ibi birakomeye?",kinyarwanda,CRITICAL,haemorrhage_trauma,kinyarwanda->kinyarwanda:CRITICAL:haemorrhage_trauma,{REL} afite ubushye bunini ku mubiri.,Mfite ubushye bunini ku mubiri.
Ndashaka kukubwira ikibazo mfite. Isukari yo mu maraso yanjye yazamutse cyane kuva ubu gitondo cya kare kandi birushaho kuba bibi. Ntegereze cyangwa nsuzumwe ubu?,kinyarwanda,URGENT,chronic_care,kinyarwanda->kinyarwanda:URGENT:chronic_care,isukari yo mu maraso yanjye yazamutse cyane,isukari yo mu maraso yanjye yazamutse cyane
"Nzanye umwana wanjye, ndatwite kandi mfite umuriro kuva ijoro ryashize kandi sinshobora gusinzira. Ndakeneye ubufasha vuba.",kinyarwanda,URGENT,obstetric,kinyarwanda->kinyarwanda:URGENT:obstetric,Ndatwite kandi mfite umuriro.,Ndatwite kandi mfite umuriro.
"Simbizi niba bikomeye ariko, umugabo wanjye yataye ubwenge kandi ntasubiza kuva hashize iminsi ibiri kandi nta miti mfite. Ntabasha kubona amafaranga yo kongera kuza kwa muganga.",kinyarwanda,CRITICAL,neurological,kinyarwanda->kinyarwanda:CRITICAL:neurological,{REL} yataye ubwenge kandi ntasubiza.,{REL} yataye ubwenge kandi ntasubiza.
Ndashaka kukubwira ikibazo mfite. Umugore wanjye arumva igituza kimuremereye cyane kandi ububabare bukagera no ku rwasaya cyangwa ku kuboko kuva ijoro ryashize kandi nta miti mfite. Ntegereze cyangwa nsuzumwe ubu?,kinyarwanda,CRITICAL,cardiac_respiratory,kinyarwanda->kinyarwanda:CRITICAL:cardiac_respiratory,{REL} arumva igituza kimuremereye cyane kandi ububabare bukagera no ku rwasaya cyangwa ku kuboko.,{REL} arumva igituza kimuremereye cyane kandi ububabare bukagera no ku rwasaya cyangwa ku kuboko.
"Mfasha vuba, mushiki wanjye yataye ubwenge kandi ntasubiza kuva hashize iminsi itatu kandi birushaho kuba bibi. Ntegereze cyangwa nsuzumwe ubu?",kinyarwanda,CRITICAL,neurological,kinyarwanda->kinyarwanda:CRITICAL:neurological,{REL} yataye ubwenge kandi ntasubiza.,{REL} yataye ubwenge kandi ntasubiza.
"Mumbabarire, ndashaka kubabwira ikibazo mfite. Papa ari kuva amaraso menshi kandi ntahagarara kuva ijoro ryashize. Byatangiye gitunguranye. Ndakeneye ubufasha vuba.",kinyarwanda,CRITICAL,haemorrhage_trauma,kinyarwanda->kinyarwanda:CRITICAL:haemorrhage_trauma,{REL} ari kuva amaraso menshi kandi ntahagarara.,ndi kuva amaraso menshi kandi ntahagarara
"Mumbabarire, ndashaka kubabwira ikibazo mfite. Mushiki wanjye nta miti ya SIDA afite kandi sinshobora gusinzira. Ni imiti ki nafata?",kinyarwanda,URGENT,chronic_care,kinyarwanda->kinyarwanda:URGENT:chronic_care,{REL} nta miti ya SIDA afite.,Nta miti ya SIDA mfite.
Ndashaka kukubwira ikibazo mfite. Mfite umwanda usa umukara kandi birushaho kuba bibi. Ndakeneye ubufasha vuba.,kinyarwanda,CRITICAL,gastrointestinal,kinyarwanda->kinyarwanda:CRITICAL:gastrointestinal,Mfite umwanda usa umukara.,Mfite umwanda usa umukara.
"Naje hano mbere, mushiki wanjye amaze umunsi wose ari mu bubabare bwo kubyara ariko umwana ntarasohoka kuva ubu gitondo cya kare. Ndakeneye ubufasha vuba.",kinyarwanda,CRITICAL,obstetric,kinyarwanda->kinyarwanda:CRITICAL:obstetric,{REL} amaze umunsi wose ari mu bubabare bwo kubyara ariko umwana ntarasohoka.,Maze umunsi wose mbabara ngerageza kubyara ariko umwana ntarasohoka.
"Nyabuneka, umutima uratera cyane kandi nkumva umeze nk'aho uhagarara kuva hashize iminsi ibiri. Byatangiye gitunguranye. Naje mvuye kure.",kinyarwanda,CRITICAL,cardiac_respiratory,kinyarwanda->kinyarwanda:CRITICAL:cardiac_respiratory,umutima uratera cyane kandi nkumva umeze nk'aho uhagarara,umutima uratera cyane kandi nkumva umeze nk'aho uhagarara
"Ndashaka kukubwira ikibazo mfite. Mama afite ibimenyetso bya malariya, umuriro n'imbeho kuva ijoro ryashize kandi nta miti mfite. Ni imiti ki nafata?",kinyarwanda,URGENT,infectious_fever,kinyarwanda->kinyarwanda:URGENT:infectious_fever,"{REL} afite ibimenyetso bya malariya, umuriro n'imbeho.","Mfite ibimenyetso bya malariya, umuriro n'imbeho."
"Muraho, mama amaze ibyumweru birenga bibiri arwaye impiswi kandi sinshobora gusinzira. Ese ibi birakomeye?",kinyarwanda,URGENT,gastrointestinal,kinyarwanda->kinyarwanda:URGENT:gastrointestinal,{REL} amaze ibyumweru birenga bibiri arwaye impiswi.,Maze ibyumweru birenga bibiri ndwaye impiswi.
"Muganga, nyuma yo kubyara mfite umuriro kandi hari ibintu bisohoka bifite impumuro mbi kuva mu cyumweru gishize. Abandi bana na bo bafite iki kibazo. Ntabasha kubona amafaranga yo kongera kuza kwa muganga.",kinyarwanda,CRITICAL,obstetric,kinyarwanda->kinyarwanda:CRITICAL:obstetric,Nyuma yo kubyara mfite umuriro kandi hari ibintu bisohoka bifite impumuro mbi.,Nyuma yo kubyara mfite umuriro kandi hari ibintu bisohoka bifite impumuro mbi.
"Muraho, ndatwite kandi nagagaye kuva ejo biragenda bikagaruka. Nkora iki?",kinyarwanda,CRITICAL,obstetric,kinyarwanda->kinyarwanda:CRITICAL:obstetric,Ndatwite kandi nagagaye.,Ndatwite kandi nagagaye.
"Ndashaka kukubwira ikibazo mfite. Iyo mpumeka, numva igituza gifashe kandi mpumeka nkumva hari ijwi ridasanzwe kuva ijoro ryashize kandi nta miti mfite. Naje mvuye kure.",kinyarwanda,URGENT,cardiac_respiratory,kinyarwanda->kinyarwanda:URGENT:cardiac_respiratory,"Iyo mpumeka, numva igituza gifashe kandi mpumeka nkumva hari ijwi ridasanzwe.","Iyo mpumeka, numva igituza gifashe kandi mpumeka nkumva hari ijwi ridasanzwe."
"Naje hano mbere, ndashaka kujya kwa muganga kwisuzumisha SIDA kuva ijoro ryashize kandi birushaho kuba bibi",kinyarwanda,ROUTINE,chronic_care,kinyarwanda->kinyarwanda:ROUTINE:chronic_care,Ndashaka kujya kwa muganga kwisuzumisha SIDA.,Ndashaka kujya kwa muganga kwisuzumisha SIDA.
"Mumbabarire, ndashaka kubabwira ikibazo mfite. Ndatwite, umutwe urandya cyane kandi sinshobora kureba neza kuva ijoro ryashize bikarushaho nijoro. Ndakeneye ubufasha vuba.",kinyarwanda,CRITICAL,obstetric,kinyarwanda->kinyarwanda:CRITICAL:obstetric,"Ndatwite, umutwe urandya cyane kandi sinshobora kureba neza.","Ndatwite, umutwe urandya cyane kandi sinshobora kureba neza."
"Mfasha vuba, ndabyara ariko habanje gusohoka umugozi w'umwana kuva mu gitondo kandi sinshobora gusinzira. Ese ibi birakomeye?",kinyarwanda,CRITICAL,obstetric,kinyarwanda->kinyarwanda:CRITICAL:obstetric,Ndabyara ariko habanje gusohoka umugozi w'umwana.,Ndabyara ariko habanje gusohoka umugozi w'umwana.
Ndashaka kukubwira ikibazo mfite. Umukecuru arumva igituza kimuremereye cyane kandi ububabare bukagera no ku rwasaya cyangwa ku kuboko kandi nta miti mfite. Nkora iki?,kinyarwanda,CRITICAL,cardiac_respiratory,kinyarwanda->kinyarwanda:CRITICAL:cardiac_respiratory,{REL} arumva igituza kimuremereye cyane kandi ububabare bukagera no ku rwasaya cyangwa ku kuboko.,{REL} arumva igituza kimuremereye cyane kandi ububabare bukagera no ku rwasaya cyangwa ku kuboko.
"Muganga, ndatwite kandi mfite umuriro kuva mu gitondo biragenda bikagaruka. Murakoze.",kinyarwanda,URGENT,obstetric,kinyarwanda->kinyarwanda:URGENT:obstetric,Ndatwite kandi mfite umuriro.,Ndatwite kandi mfite umuriro.
Ndashaka kukubwira ikibazo mfite. Papa ashaka imiti y'inzoka y'umwana we kuva hashize icyumweru biragenda bikagaruka. Murakoze.,kinyarwanda,ROUTINE,preventive,kinyarwanda->kinyarwanda:ROUTINE:preventive,{REL} ashaka imiti y'inzoka y'umwana we.,Ndashaka imiti y'inzoka y'umwana wanjye.
"Naje hano mbere, umugore wanjye ntashobora kuvuga neza kandi umunwa we waragoramye kuva hashize iminsi itatu. Abandi bana na bo bafite iki kibazo. Ntegereze cyangwa nsuzumwe ubu?",kinyarwanda,CRITICAL,neurological,kinyarwanda->kinyarwanda:CRITICAL:neurological,{REL} ntashobora kuvuga neza kandi umunwa we waragoramye.,{REL} ntashobora kuvuga neza kandi umunwa we waragoramye.
"Muraho, papa afite impiswi zirimo amaraso kuva ubu gitondo cya kare kandi nta miti mfite. Murakoze.",kinyarwanda,URGENT,gastrointestinal,kinyarwanda->kinyarwanda:URGENT:gastrointestinal,{REL} afite impiswi zirimo amaraso.,Mfite impiswi zirimo amaraso.
"Mumbabarire, ndashaka kubabwira ikibazo mfite. Umugore wanjye araruka amaraso kuva ejo. Ntegereze cyangwa nsuzumwe ubu?",kinyarwanda,CRITICAL,gastrointestinal,kinyarwanda->kinyarwanda:CRITICAL:gastrointestinal,{REL} araruka amaraso.,Ndaruka amaraso.
"Simbizi niba bikomeye ariko, umwana wanjye afite impiswi zikomeye kandi yagize umwuma kuva ejo. Abandi bana na bo bafite iki kibazo. Ese ibi birakomeye?",kinyarwanda,CRITICAL,gastrointestinal,kinyarwanda->kinyarwanda:CRITICAL:gastrointestinal,{REL} afite impiswi zikomeye kandi yagize umwuma.,{REL} afite impiswi zikomeye kandi yagize umwuma.
"Muraho, iyo mpumeka, numva igituza gifashe kandi mpumeka nkumva hari ijwi ridasanzwe kuva ijoro ryashize biragenda bikagaruka. Mfasha muganga.",kinyarwanda,URGENT,cardiac_respiratory,kinyarwanda->kinyarwanda:URGENT:cardiac_respiratory,"Iyo mpumeka, numva igituza gifashe kandi mpumeka nkumva hari ijwi ridasanzwe.","Iyo mpumeka, numva igituza gifashe kandi mpumeka nkumva hari ijwi ridasanzwe."
"Naje hano mbere, mfite gahunda yo kwisuzumisha buri mwaka kuva mu gitondo kandi ndahangayitse. Ndakeneye ubufasha vuba.",kinyarwanda,ROUTINE,preventive,kinyarwanda->kinyarwanda:ROUTINE:preventive,Mfite gahunda yo kwisuzumisha buri mwaka.,Mfite gahunda yo kwisuzumisha buri mwaka.
"Muganga, maze ibyumweru birenga bibiri nkorora kandi natangiye no kunanuka kuva ejo. Abandi bana na bo bafite iki kibazo. Ntabasha kubona amafaranga yo kongera kuza kwa muganga.",kinyarwanda,URGENT,cardiac_respiratory,kinyarwanda->kinyarwanda:URGENT:cardiac_respiratory,Maze ibyumweru birenga bibiri nkorora kandi natangiye no kunanuka.,Maze ibyumweru birenga bibiri nkorora kandi natangiye no kunanuka.
"Mumbabarire, ndashaka kubabwira ikibazo mfite. Mfite umuriro mwinshi kandi ndakorora cyane kuva mu gitondo. Murakoze.",kinyarwanda,URGENT,infectious_fever,kinyarwanda->kinyarwanda:URGENT:infectious_fever,mfite umuriro mwinshi kandi ndakorora cyane,mfite umuriro mwinshi kandi ndakorora cyane
"Nyabuneka, mfite ubushye bunini ku mubiri kuva hashize icyumweru. Ndakeneye ubufasha vuba.",kinyarwanda,CRITICAL,haemorrhage_trauma,kinyarwanda->kinyarwanda:CRITICAL:haemorrhage_trauma,Mfite ubushye bunini ku mubiri.,Mfite ubushye bunini ku mubiri.
"Nzanye umwana wanjye, mushiki wanjye isukari yo mu maraso ye yazamutse cyane kuva hashize iminsi ibiri kandi ndahangayitse. Urakoze.",kinyarwanda,URGENT,chronic_care,kinyarwanda->kinyarwanda:URGENT:chronic_care,{REL} isukari yo mu maraso ye yazamutse cyane.,isukari yo mu maraso yanjye yazamutse cyane
"Naje hano mbere, papa ashaka kugirwa inama ku mazi yo kunywa kuva hashize icyumweru kandi sinshobora gusinzira. Murakoze.",kinyarwanda,ROUTINE,preventive,kinyarwanda->kinyarwanda:ROUTINE:preventive,{REL} ashaka kugirwa inama ku mazi yo kunywa.,Ndashaka kugirwa inama ku mazi yo kunywa.
"Muraho, mushiki wanjye amaze umunsi wose ari mu bubabare bwo kubyara ariko umwana ntarasohoka kuva hashize icyumweru biragenda bikagaruka. Mfasha muganga.",kinyarwanda,CRITICAL,obstetric,kinyarwanda->kinyarwanda:CRITICAL:obstetric,{REL} amaze umunsi wose ari mu bubabare bwo kubyara ariko umwana ntarasohoka.,Maze umunsi wose mbabara ngerageza kubyara ariko umwana ntarasohoka.
"Mumbabarire, ndashaka kubabwira ikibazo mfite. Mfite impiswi zirimo amaraso kuva ejo kandi sinshobora gusinzira. Ndakeneye ubufasha vuba.",kinyarwanda,URGENT,gastrointestinal,kinyarwanda->kinyarwanda:URGENT:gastrointestinal,Mfite impiswi zirimo amaraso.,Mfite impiswi zirimo amaraso.
"Simbizi niba bikomeye ariko, mfite umuhaha kuva hashize iminsi ibiri. Abandi bana na bo bafite iki kibazo.",kinyarwanda,URGENT,paediatric,kinyarwanda->kinyarwanda:URGENT:paediatric,Mfite umuhaha.,Mfite umuhaha.
"Naje hano mbere, iyo mpumeka, numva igituza gifashe kandi mpumeka nkumva hari ijwi ridasanzwe kuva hashize iminsi itatu kandi ndahangayitse. Nkora iki?",kinyarwanda,URGENT,cardiac_respiratory,kinyarwanda->kinyarwanda:URGENT:cardiac_respiratory,"Iyo mpumeka, numva igituza gifashe kandi mpumeka nkumva hari ijwi ridasanzwe.","Iyo mpumeka, numva igituza gifashe kandi mpumeka nkumva hari ijwi ridasanzwe."
"Iyo mpumeka, numva igituza gifashe kandi mpumeka nkumva hari ijwi ridasanzwe kuva mu masaha abiri ashize kandi nta miti mfite. Ntegereze cyangwa nsuzumwe ubu?",kinyarwanda,URGENT,cardiac_respiratory,kinyarwanda->kinyarwanda:URGENT:cardiac_respiratory,"Iyo mpumeka, numva igituza gifashe kandi mpumeka nkumva hari ijwi ridasanzwe.","Iyo mpumeka, numva igituza gifashe kandi mpumeka nkumva hari ijwi ridasanzwe."
"Muganga, ndumva naniwe ariko si cyane nta miti imfasha. Ntabasha kubona amafaranga yo kongera kuza kwa muganga.",kinyarwanda,ROUTINE,neurological,kinyarwanda->kinyarwanda:ROUTINE:neurological,ndumva naniwe ariko si cyane,ndumva naniwe ariko si cyane
"Mumbabarire, ndashaka kubabwira ikibazo mfite. Umugabo wanjye ashaka imiti y'inzoka y'umwana we kuva ijoro ryashize kandi ndahangayitse. Ndakeneye ubufasha vuba.",kinyarwanda,ROUTINE,preventive,kinyarwanda->kinyarwanda:ROUTINE:preventive,{REL} ashaka imiti y'inzoka y'umwana we.,Ndashaka imiti y'inzoka y'umwana wanjye.
"Naje hano mbere, guhumeka birangora cyane ku buryo ntabasha no kuvuga neza kuva mu cyumweru gishize kandi birushaho kuba bibi. Mfasha muganga.",kinyarwanda,CRITICAL,cardiac_respiratory,kinyarwanda->kinyarwanda:CRITICAL:cardiac_respiratory,Guhumeka birangora cyane ku buryo ntabasha no kuvuga neza.,Guhumeka birangora cyane ku buryo ntabasha no kuvuga neza.
"Simbizi niba bikomeye ariko, iyo umwana wanjye amaze kurya, yumva inda itameze neza kuva ijoro ryashize. Murakoze.",kinyarwanda,ROUTINE,gastrointestinal,kinyarwanda->kinyarwanda:ROUTINE:gastrointestinal,"Iyo {REL} amaze kurya, yumva inda itameze neza.","Iyo {REL} amaze kurya, yumva inda itameze neza."
"Mfasha vuba, umugabo wanjye ashaka ko bapima SIDA kuva ubu gitondo cya kare kandi sinshobora gusinzira. Ndakeneye ubufasha vuba.",kinyarwanda,ROUTINE,preventive,kinyarwanda->kinyarwanda:ROUTINE:preventive,{REL} ashaka ko bapima SIDA.,Ndashaka ko bapima SIDA.
"Nzanye umwana wanjye, mama aratwite kandi ashaka kwisuzumisha kwa muganga bwa mbere kuva hashize iminsi ibiri kandi sinshobora gusinzira. Ntegereze cyangwa nsuzumwe ubu?",kinyarwanda,ROUTINE,preventive,kinyarwanda->kinyarwanda:ROUTINE:preventive,{REL} aratwite kandi ashaka kwisuzumisha kwa muganga bwa mbere.,Ndatwite kandi ndashaka kwisuzumisha kwa muganga bwa mbere.
"Nzanye umwana wanjye, ndatwite kandi nagagaye kuva hashize iminsi itatu. Nkora iki?",kinyarwanda,CRITICAL,obstetric,kinyarwanda->kinyarwanda:CRITICAL:obstetric,Ndatwite kandi nagagaye.,Ndatwite kandi nagagaye.
"Mfasha vuba, ndaruka cyane kandi numva mfite intege nke kuva mu gitondo kandi ndahangayitse. Nkora iki?",kinyarwanda,URGENT,gastrointestinal,kinyarwanda->kinyarwanda:URGENT:gastrointestinal,ndaruka cyane kandi numva mfite intege nke,ndaruka cyane kandi numva mfite intege nke
"Nzanye umwana wanjye, umugore wanjye ahumeka bimugora cyane kandi iminwa ye yahindutse ibara kuva hashize iminsi itatu nta miti imfasha. Nkora iki?",kinyarwanda,CRITICAL,cardiac_respiratory,kinyarwanda->kinyarwanda:CRITICAL:cardiac_respiratory,{REL} ahumeka bimugora cyane kandi iminwa ye yahindutse ibara.,guhumeka birangora cyane kandi iminwa yanjye yahindutse ibara
"Ndakeneye ubufasha, iyo mpumeka, numva igituza gifashe kandi mpumeka nkumva hari ijwi ridasanzwe kuva hashize iminsi ibiri biragenda bikagaruka. Mfasha muganga.",kinyarwanda,URGENT,cardiac_respiratory,kinyarwanda->kinyarwanda:URGENT:cardiac_respiratory,"Iyo mpumeka, numva igituza gifashe kandi mpumeka nkumva hari ijwi ridasanzwe.","Iyo mpumeka, numva igituza gifashe kandi mpumeka nkumva hari ijwi ridasanzwe."
"Nzanye umwana wanjye, mfite umuhaha kuva ejo kandi ndahangayitse. Murakoze.",kinyarwanda,URGENT,paediatric,kinyarwanda->kinyarwanda:URGENT:paediatric,Mfite umuhaha.,Mfite umuhaha.
"Muraho, mama ashaka ko bapima ibiro by'umwana we kuva hashize iminsi itatu kandi birushaho kuba bibi. Nkora iki?",kinyarwanda,ROUTINE,paediatric,kinyarwanda->kinyarwanda:ROUTINE:paediatric,{REL} ashaka ko bapima ibiro by'umwana we.,Ndashaka ko bapima ibiro by'umwana wanjye.
"Nyabuneka, mama ari kuva amaraso menshi kandi ntahagarara kuva ijoro ryashize kandi nta miti mfite. Ndakeneye ubufasha vuba.",kinyarwanda,CRITICAL,haemorrhage_trauma,kinyarwanda->kinyarwanda:CRITICAL:haemorrhage_trauma,{REL} ari kuva amaraso menshi kandi ntahagarara.,ndi kuva amaraso menshi kandi ntahagarara
Umuturanyi wanjye isukari yo mu maraso ye yazamutse cyane kuva mu masaha abiri ashize biragenda bikagaruka. Ndakeneye ubufasha vuba.,kinyarwanda,URGENT,chronic_care,kinyarwanda->kinyarwanda:URGENT:chronic_care,{REL} isukari yo mu maraso ye yazamutse cyane.,isukari yo mu maraso yanjye yazamutse cyane
"Muraho, iyo mpumeka, numva igituza gifashe kandi mpumeka nkumva hari ijwi ridasanzwe kuva ejo biragenda bikagaruka. Ntegereze cyangwa nsuzumwe ubu?",kinyarwanda,URGENT,cardiac_respiratory,kinyarwanda->kinyarwanda:URGENT:cardiac_respiratory,"Iyo mpumeka, numva igituza gifashe kandi mpumeka nkumva hari ijwi ridasanzwe.","Iyo mpumeka, numva igituza gifashe kandi mpumeka nkumva hari ijwi ridasanzwe."
"Muraho, mama araruka amaraso. Ese ibi birakomeye?",kinyarwanda,CRITICAL,gastrointestinal,kinyarwanda->kinyarwanda:CRITICAL:gastrointestinal,{REL} araruka amaraso.,Ndaruka amaraso.
"Muganga, umuturanyi wanjye nta miti ya SIDA afite kuva ejo. Ndakeneye ubufasha vuba.",kinyarwanda,URGENT,chronic_care,kinyarwanda->kinyarwanda:URGENT:chronic_care,{REL} nta miti ya SIDA afite.,Nta miti ya SIDA mfite.
"Muganga, maze ibyumweru birenga bibiri nkorora kandi natangiye no kunanuka kuva hashize iminsi itatu. Abandi bana na bo bafite iki kibazo. Ndakeneye ubufasha vuba.",kinyarwanda,URGENT,cardiac_respiratory,kinyarwanda->kinyarwanda:URGENT:cardiac_respiratory,Maze ibyumweru birenga bibiri nkorora kandi natangiye no kunanuka.,Maze ibyumweru birenga bibiri nkorora kandi natangiye no kunanuka.
"Mfasha vuba, umutima uratera cyane kandi nkumva umeze nk'aho uhagarara kuva ubu gitondo cya kare kandi ndahangayitse. Mfasha muganga.",kinyarwanda,CRITICAL,cardiac_respiratory,kinyarwanda->kinyarwanda:CRITICAL:cardiac_respiratory,umutima uratera cyane kandi nkumva umeze nk'aho uhagarara,umutima uratera cyane kandi nkumva umeze nk'aho uhagarara
"Nzanye umwana wanjye, nyuma yo kubyara, umugore wanjye afite umuriro kandi hari ibintu bisohoka bifite impumuro mbi kuva hashize icyumweru. Byatangiye gitunguranye. Mfasha muganga.",kinyarwanda,CRITICAL,obstetric,kinyarwanda->kinyarwanda:CRITICAL:obstetric,"Nyuma yo kubyara, {REL} afite umuriro kandi hari ibintu bisohoka bifite impumuro mbi.",Nyuma yo kubyara mfite umuriro kandi hari ibintu bisohoka bifite impumuro mbi.
"Muraho, mfite igikomere gito kandi amaraso yarahagaze kuva ejo kandi sinshobora gusinzira. Mfasha muganga.",kinyarwanda,ROUTINE,haemorrhage_trauma,kinyarwanda->kinyarwanda:ROUTINE:haemorrhage_trauma,Mfite igikomere gito kandi amaraso yarahagaze.,Mfite igikomere gito kandi amaraso yarahagaze.
"Muganga, umwana wanjye iminwa ye yahindutse ubururu kuva ijoro ryashize. Abandi bana na bo bafite iki kibazo. Ntabasha kubona amafaranga yo kongera kuza kwa muganga.",kinyarwanda,CRITICAL,cardiac_respiratory,kinyarwanda->kinyarwanda:CRITICAL:cardiac_respiratory,{REL} iminwa ye yahindutse ubururu.,Iminwa yanjye yahindutse ubururu.
"Nzanye umwana wanjye, mushiki wanjye arakomeza kuruka kandi ntashobora kurya kuva hashize icyumweru kandi sinshobora gusinzira. Murakoze.",kinyarwanda,URGENT,gastrointestinal,kinyarwanda->kinyarwanda:URGENT:gastrointestinal,{REL} arakomeza kuruka kandi ntashobora kurya.,ndakomeza kuruka kandi sinshobora kurya
"Simbizi niba bikomeye ariko, umukecuru ahumeka bimugora cyane ku buryo adashobora no kuvuga neza kuva mu masaha abiri ashize. Byatangiye gitunguranye. Nkora iki?",kinyarwanda,CRITICAL,cardiac_respiratory,kinyarwanda->kinyarwanda:CRITICAL:cardiac_respiratory,{REL} ahumeka bimugora cyane ku buryo adashobora no kuvuga neza.,Guhumeka birangora cyane ku buryo ntabasha no kuvuga neza.
"Naje hano mbere, papa ashaka ko bapima SIDA kuva mu masaha abiri ashize kandi ndahangayitse. Ntegereze cyangwa nsuzumwe ubu?",kinyarwanda,ROUTINE,preventive,kinyarwanda->kinyarwanda:ROUTINE:preventive,{REL} ashaka ko bapima SIDA.,Ndashaka ko bapima SIDA.
"Muganga, mu rugo hari umuntu urwaye igituntu kandi ndashaka kwisuzumisha kuva ijoro ryashize kandi birushaho kuba bibi. Nkora iki?",kinyarwanda,URGENT,preventive,kinyarwanda->kinyarwanda:URGENT:preventive,Mu rugo hari umuntu urwaye igituntu kandi ndashaka kwisuzumisha.,Mu rugo hari umuntu urwaye igituntu kandi ndashaka kwisuzumisha.
"Muraho, guhumeka birangora cyane ku buryo ntabasha no kuvuga neza kuva mu gitondo kandi ndahangayitse. Naje mvuye kure.",kinyarwanda,CRITICAL,cardiac_respiratory,kinyarwanda->kinyarwanda:CRITICAL:cardiac_respiratory,Guhumeka birangora cyane ku buryo ntabasha no kuvuga neza.,Guhumeka birangora cyane ku buryo ntabasha no kuvuga neza.
"Mfasha vuba, mushiki wanjye amaze iminsi itatu arwaye impiswi zikomeye kuva mu gitondo. Byatangiye gitunguranye. Ntabasha kubona amafaranga yo kongera kuza kwa muganga.",kinyarwanda,URGENT,gastrointestinal,kinyarwanda->kinyarwanda:URGENT:gastrointestinal,{REL} amaze iminsi itatu arwaye impiswi zikomeye.,maze iminsi itatu ndwaye impiswi zikomeye
Ndava amaraso menshi nyuma yo kubyara kuva ubu gitondo cya kare kandi birushaho kuba bibi. Ntegereze cyangwa nsuzumwe ubu?,kinyarwanda,CRITICAL,obstetric,kinyarwanda->kinyarwanda:CRITICAL:obstetric,ndava amaraso menshi nyuma yo kubyara,ndava amaraso menshi nyuma yo kubyara
"Mfasha vuba, mfite ubushye bunini ku mubiri kuva ejo kandi nta miti mfite. Ndakeneye ubufasha vuba.",kinyarwanda,CRITICAL,haemorrhage_trauma,kinyarwanda->kinyarwanda:CRITICAL:haemorrhage_trauma,Mfite ubushye bunini ku mubiri.,Mfite ubushye bunini ku mubiri.
"Nzanye umwana wanjye, ndatwite, umutwe urandya cyane kandi sinshobora kureba neza kandi sinshobora gusinzira. Ndakeneye ubufasha vuba.",kinyarwanda,CRITICAL,obstetric,kinyarwanda->kinyarwanda:CRITICAL:obstetric,"Ndatwite, umutwe urandya cyane kandi sinshobora kureba neza.","Ndatwite, umutwe urandya cyane kandi sinshobora kureba neza."
"Mfasha vuba, ndashaka kujya kwa muganga kwisuzumisha SIDA kandi sinshobora gusinzira. Naje mvuye kure.",kinyarwanda,ROUTINE,chronic_care,kinyarwanda->kinyarwanda:ROUTINE:chronic_care,Ndashaka kujya kwa muganga kwisuzumisha SIDA.,Ndashaka kujya kwa muganga kwisuzumisha SIDA.
"Naje hano mbere, ndatwite kandi nagagaye nta miti imfasha. Naje mvuye kure.",kinyarwanda,CRITICAL,obstetric,kinyarwanda->kinyarwanda:CRITICAL:obstetric,Ndatwite kandi nagagaye.,Ndatwite kandi nagagaye.
"Mfasha vuba, ndabyara ariko habanje gusohoka umugozi w'umwana kuva hashize icyumweru nta miti imfasha. Nkora iki?",kinyarwanda,CRITICAL,obstetric,kinyarwanda->kinyarwanda:CRITICAL:obstetric,Ndabyara ariko habanje gusohoka umugozi w'umwana.,Ndabyara ariko habanje gusohoka umugozi w'umwana.
"Mfasha, umuturanyi wanjye ari kuva amaraso menshi kandi ntahagarara kuva hashize icyumweru kandi birushaho kuba bibi. Ni imiti ki nafata?",kinyarwanda,CRITICAL,haemorrhage_trauma,kinyarwanda->kinyarwanda:CRITICAL:haemorrhage_trauma,{REL} ari kuva amaraso menshi kandi ntahagarara.,ndi kuva amaraso menshi kandi ntahagarara
"Naje hano mbere, ndatwite kandi ndashaka kujya kwa muganga kwisuzumisha kuva ubu gitondo cya kare kandi birushaho kuba bibi. Ntegereze cyangwa nsuzumwe ubu?",kinyarwanda,ROUTINE,obstetric,kinyarwanda->kinyarwanda:ROUTINE:obstetric,Ndatwite kandi ndashaka kujya kwa muganga kwisuzumisha.,Ndatwite kandi ndashaka kujya kwa muganga kwisuzumisha.
"Muganga, guhumeka birangora cyane ku buryo ntabasha no kuvuga neza kuva ubu gitondo cya kare kandi ndahangayitse. Ntegereze cyangwa nsuzumwe ubu?",kinyarwanda,CRITICAL,cardiac_respiratory,kinyarwanda->kinyarwanda:CRITICAL:cardiac_respiratory,Guhumeka birangora cyane ku buryo ntabasha no kuvuga neza.,Guhumeka birangora cyane ku buryo ntabasha no kuvuga neza.
"Nzanye umwana wanjye, iyo mpumeka, numva igituza gifashe kandi mpumeka nkumva hari ijwi ridasanzwe nta miti imfasha. Naje mvuye kure.",kinyarwanda,URGENT,cardiac_respiratory,kinyarwanda->kinyarwanda:URGENT:cardiac_respiratory,"Iyo mpumeka, numva igituza gifashe kandi mpumeka nkumva hari ijwi ridasanzwe.","Iyo mpumeka, numva igituza gifashe kandi mpumeka nkumva hari ijwi ridasanzwe."
"Mfasha, umwana wanjye afite umuriro mwinshi kandi yaragagaye kuva ubu gitondo cya kare. Byatangiye gitunguranye. Ese ibi birakomeye?",kinyarwanda,CRITICAL,infectious_fever,kinyarwanda->kinyarwanda:CRITICAL:infectious_fever,{REL} afite umuriro mwinshi kandi yaragagaye.,Mfite umuriro mwinshi kandi nagagaye.
"Muganga, umwana wanjye iminwa ye yahindutse ubururu kuva hashize iminsi ibiri kandi birushaho kuba bibi. Mfasha muganga.",kinyarwanda,CRITICAL,cardiac_respiratory,kinyarwanda->kinyarwanda:CRITICAL:cardiac_respiratory,{REL} iminwa ye yahindutse ubururu.,Iminwa yanjye yahindutse ubururu.
"Muganga, umugore wanjye ashaka ko bapima ibiro by'umwana we kuva hashize icyumweru. Abandi bana na bo bafite iki kibazo. Nkora iki?",kinyarwanda,ROUTINE,paediatric,kinyarwanda->kinyarwanda:ROUTINE:paediatric,{REL} ashaka ko bapima ibiro by'umwana we.,Ndashaka ko bapima ibiro by'umwana wanjye.
"Ndakeneye ubufasha, papa ashaka kugirwa inama ku mazi yo kunywa kuva ijoro ryashize kandi ndahangayitse. Murakoze.",kinyarwanda,ROUTINE,preventive,kinyarwanda->kinyarwanda:ROUTINE:preventive,{REL} ashaka kugirwa inama ku mazi yo kunywa.,Ndashaka kugirwa inama ku mazi yo kunywa.
Ndashaka kukubwira ikibazo mfite. Ndatwite kandi ndashaka kujya kwa muganga kwisuzumisha kuva mu masaha abiri ashize bikarushaho nijoro. Ese ibi birakomeye?,kinyarwanda,ROUTINE,obstetric,kinyarwanda->kinyarwanda:ROUTINE:obstetric,Ndatwite kandi ndashaka kujya kwa muganga kwisuzumisha.,Ndatwite kandi ndashaka kujya kwa muganga kwisuzumisha.
Uruhande rumwe rw'umubiri we ntirukora kuva mu gitondo. Ese ibi birakomeye?,kinyarwanda,CRITICAL,neurological,kinyarwanda->kinyarwanda:CRITICAL:neurological,Uruhande rumwe rw'umubiri we ntirukora.,Uruhande rumwe rw'umubiri we ntirukora.
"Nyabuneka, iyo mpumeka, numva igituza gifashe kandi mpumeka nkumva hari ijwi ridasanzwe kuva ejo. Abandi bana na bo bafite iki kibazo. Ntegereze cyangwa nsuzumwe ubu?",kinyarwanda,URGENT,cardiac_respiratory,kinyarwanda->kinyarwanda:URGENT:cardiac_respiratory,"Iyo mpumeka, numva igituza gifashe kandi mpumeka nkumva hari ijwi ridasanzwe.","Iyo mpumeka, numva igituza gifashe kandi mpumeka nkumva hari ijwi ridasanzwe."
"Mfasha vuba, umwana wanjye afite umuriro mwinshi kandi ntarya kuva ejo kandi ndahangayitse. Murakoze.",kinyarwanda,URGENT,paediatric,kinyarwanda->kinyarwanda:URGENT:paediatric,{REL} afite umuriro mwinshi kandi ntarya.,{REL} afite umuriro mwinshi kandi ntarya.
Umwana wanjye afite igikomere gito kandi amaraso yarahagaze. Byatangiye gitunguranye. Ntegereze cyangwa nsuzumwe ubu?,kinyarwanda,ROUTINE,haemorrhage_trauma,kinyarwanda->kinyarwanda:ROUTINE:haemorrhage_trauma,{REL} afite igikomere gito kandi amaraso yarahagaze.,Mfite igikomere gito kandi amaraso yarahagaze.
"Naje hano mbere, papa amaze ibyumweru birenga bibiri arwaye impiswi kuva ejo kandi birushaho kuba bibi. Nkora iki?",kinyarwanda,URGENT,gastrointestinal,kinyarwanda->kinyarwanda:URGENT:gastrointestinal,{REL} amaze ibyumweru birenga bibiri arwaye impiswi.,Maze ibyumweru birenga bibiri ndwaye impiswi.
"Muraho, ndashaka kujya kwa muganga kwisuzumisha SIDA kuva ejo kandi sinshobora gusinzira. Ntabasha kubona amafaranga yo kongera kuza kwa muganga.",kinyarwanda,ROUTINE,chronic_care,kinyarwanda->kinyarwanda:ROUTINE:chronic_care,Ndashaka kujya kwa muganga kwisuzumisha SIDA.,Ndashaka kujya kwa muganga kwisuzumisha SIDA.
"Naje hano mbere, mama aratwite kandi ashaka kwisuzumisha kwa muganga bwa mbere kuva hashize iminsi itatu nta miti imfasha. Mfasha muganga.",kinyarwanda,ROUTINE,preventive,kinyarwanda->kinyarwanda:ROUTINE:preventive,{REL} aratwite kandi ashaka kwisuzumisha kwa muganga bwa mbere.,Ndatwite kandi ndashaka kwisuzumisha kwa muganga bwa mbere.
"Mumbabarire, ndashaka kubabwira ikibazo mfite. Mama arababara cyane mu gituza kandi ububabare bukagera no ku kuboko kuva hashize iminsi ibiri bikarushaho nijoro. Ntegereze cyangwa nsuzumwe ubu?",kinyarwanda,CRITICAL,cardiac_respiratory,kinyarwanda->kinyarwanda:CRITICAL:cardiac_respiratory,{REL} arababara cyane mu gituza kandi ububabare bukagera no ku kuboko.,mu gituza harandya cyane kandi ububabare bukagera no ku kuboko
"Ndakeneye ubufasha, ndatwite kandi mfite umuriro kuva mu masaha abiri ashize. Ntegereze cyangwa nsuzumwe ubu?",kinyarwanda,URGENT,obstetric,kinyarwanda->kinyarwanda:URGENT:obstetric,Ndatwite kandi mfite umuriro.,Ndatwite kandi mfite umuriro.
"Nzanye umwana wanjye, uruhande rumwe rw'umubiri we ntirukora kuva ubu gitondo cya kare kandi birushaho kuba bibi. Ntabasha kubona amafaranga yo kongera kuza kwa muganga.",kinyarwanda,CRITICAL,neurological,kinyarwanda->kinyarwanda:CRITICAL:neurological,Uruhande rumwe rw'umubiri we ntirukora.,Uruhande rumwe rw'umubiri we ntirukora.
Ndashaka kukubwira ikibazo mfite. Uruhande rumwe rw'umubiri we ntirukora kuva mu gitondo kandi sinshobora gusinzira. Nkora iki?,kinyarwanda,CRITICAL,neurological,kinyarwanda->kinyarwanda:CRITICAL:neurological,Uruhande rumwe rw'umubiri we ntirukora.,Uruhande rumwe rw'umubiri we ntirukora.
"Nyabuneka, umukecuru araruka amaraso kuva hashize iminsi itatu kandi sinshobora gusinzira. Naje mvuye kure.",kinyarwanda,CRITICAL,gastrointestinal,kinyarwanda->kinyarwanda:CRITICAL:gastrointestinal,{REL} araruka amaraso.,Ndaruka amaraso.
Mfite ubushye bunini ku mubiri kuva mu masaha abiri ashize biragenda bikagaruka,kinyarwanda,CRITICAL,haemorrhage_trauma,kinyarwanda->kinyarwanda:CRITICAL:haemorrhage_trauma,Mfite ubushye bunini ku mubiri.,Mfite ubushye bunini ku mubiri.
Maze ibyumweru birenga bibiri nkorora kandi natangiye no kunanuka kuva mu cyumweru gishize kandi sinshobora gusinzira. Ndakeneye ubufasha vuba.,kinyarwanda,URGENT,cardiac_respiratory,kinyarwanda->kinyarwanda:URGENT:cardiac_respiratory,Maze ibyumweru birenga bibiri nkorora kandi natangiye no kunanuka.,Maze ibyumweru birenga bibiri nkorora kandi natangiye no kunanuka.
"Simbizi niba bikomeye ariko, umuturanyi wanjye araruka ibyo arya byose kandi ntashobora no kunywa kuva mu masaha abiri ashize kandi nta miti mfite. Ndakeneye ubufasha vuba.",kinyarwanda,CRITICAL,gastrointestinal,kinyarwanda->kinyarwanda:CRITICAL:gastrointestinal,{REL} araruka ibyo arya byose kandi ntashobora no kunywa.,Ndaruka ibyo ndya byose kandi sinshobora no kunywa.
"Muganga, mushiki wanjye arava amaraso menshi nyuma yo kubyara nta miti imfasha. Mfasha muganga.",kinyarwanda,CRITICAL,obstetric,kinyarwanda->kinyarwanda:CRITICAL:obstetric,{REL} arava amaraso menshi nyuma yo kubyara.,ndava amaraso menshi nyuma yo kubyara
"Nzanye umwana wanjye, mfite ubushye bunini ku mubiri kuva hashize icyumweru kandi ndahangayitse. Ese ibi birakomeye?",kinyarwanda,CRITICAL,haemorrhage_trauma,kinyarwanda->kinyarwanda:CRITICAL:haemorrhage_trauma,Mfite ubushye bunini ku mubiri.,Mfite ubushye bunini ku mubiri.
"Nyabuneka, mama arava amaraso menshi nyuma yo kubyara kuva ejo. Byatangiye gitunguranye. Ese ibi birakomeye?",kinyarwanda,CRITICAL,obstetric,kinyarwanda->kinyarwanda:CRITICAL:obstetric,{REL} arava amaraso menshi nyuma yo kubyara.,ndava amaraso menshi nyuma yo kubyara
"Muraho, umwana wanjye afite umuriro woroheje umaze umunsi umwe, ariko nta kindi kibazo afite kuva ejo kandi birushaho kuba bibi. Nkora iki?",kinyarwanda,ROUTINE,infectious_fever,kinyarwanda->kinyarwanda:ROUTINE:infectious_fever,"{REL} afite umuriro woroheje umaze umunsi umwe, ariko nta kindi kibazo afite.","mfite umuriro woroheje umaze umunsi umwe, ariko nta kindi kibazo mfite"
"Umwana wanjye afite umuriro woroheje umaze umunsi umwe, ariko nta kindi kibazo afite kuva mu cyumweru gishize nta miti imfasha. Mfasha muganga.",kinyarwanda,ROUTINE,infectious_fever,kinyarwanda->kinyarwanda:ROUTINE:infectious_fever,"{REL} afite umuriro woroheje umaze umunsi umwe, ariko nta kindi kibazo afite.","mfite umuriro woroheje umaze umunsi umwe, ariko nta kindi kibazo mfite"
"Ndakeneye ubufasha, ndaruka amaraso kuva hashize icyumweru bikarushaho nijoro",kinyarwanda,CRITICAL,gastrointestinal,kinyarwanda->kinyarwanda:CRITICAL:gastrointestinal,Ndaruka amaraso.,Ndaruka amaraso.
"Muraho, mama afite igikomere cyanduye, kiratukura kandi kirimo amashyira kuva hashize iminsi ibiri. Ntabasha kubona amafaranga yo kongera kuza kwa muganga.",kinyarwanda,URGENT,haemorrhage_trauma,kinyarwanda->kinyarwanda:URGENT:haemorrhage_trauma,"{REL} afite igikomere cyanduye, kiratukura kandi kirimo amashyira.","mfite igikomere cyanduye, kiratukura kandi kirimo amashyira"
"Mfasha, ndumva naniwe ariko si cyane kuva ubu gitondo cya kare. Abandi bana na bo bafite iki kibazo. Ni imiti ki nafata?",kinyarwanda,ROUTINE,neurological,kinyarwanda->kinyarwanda:ROUTINE:neurological,ndumva naniwe ariko si cyane,ndumva naniwe ariko si cyane
"Mumbabarire, ndashaka kubabwira ikibazo mfite. Ndashaka kujya kwa muganga kwisuzumisha diyabete kuva hashize iminsi ibiri kandi ndahangayitse. Naje mvuye kure.",kinyarwanda,ROUTINE,chronic_care,kinyarwanda->kinyarwanda:ROUTINE:chronic_care,Ndashaka kujya kwa muganga kwisuzumisha diyabete.,Ndashaka kujya kwa muganga kwisuzumisha SIDA.
"Mfasha vuba, mfite umuhaha kuva mu masaha abiri ashize kandi ndahangayitse. Ntabasha kubona amafaranga yo kongera kuza kwa muganga.",kinyarwanda,URGENT,paediatric,kinyarwanda->kinyarwanda:URGENT:paediatric,Mfite umuhaha.,Mfite umuhaha.
"Mfasha, umwana wanjye afite umuriro woroheje umaze umunsi umwe, ariko nta kindi kibazo afite kandi birushaho kuba bibi. Nkora iki?",kinyarwanda,ROUTINE,infectious_fever,kinyarwanda->kinyarwanda:ROUTINE:infectious_fever,"{REL} afite umuriro woroheje umaze umunsi umwe, ariko nta kindi kibazo afite.","mfite umuriro woroheje umaze umunsi umwe, ariko nta kindi kibazo mfite"
"Mfasha, ndatwite kandi mfite umuriro. Naje mvuye kure.",kinyarwanda,URGENT,obstetric,kinyarwanda->kinyarwanda:URGENT:obstetric,Ndatwite kandi mfite umuriro.,Ndatwite kandi mfite umuriro.
"Simbizi niba bikomeye ariko, maze ibyumweru birenga bibiri nkorora kandi natangiye no kunanuka kuva hashize icyumweru kandi birushaho kuba bibi. Naje mvuye kure.",kinyarwanda,URGENT,cardiac_respiratory,kinyarwanda->kinyarwanda:URGENT:cardiac_respiratory,Maze ibyumweru birenga bibiri nkorora kandi natangiye no kunanuka.,Maze ibyumweru birenga bibiri nkorora kandi natangiye no kunanuka.
"Muganga, umugore wanjye afite impiswi zikomeye kandi yagize umwuma kuva mu gitondo nta miti imfasha. Naje mvuye kure.",kinyarwanda,CRITICAL,gastrointestinal,kinyarwanda->kinyarwanda:CRITICAL:gastrointestinal,{REL} afite impiswi zikomeye kandi yagize umwuma.,{REL} afite impiswi zikomeye kandi yagize umwuma.
"Nzanye umwana wanjye, ndatwite, umutwe urandya cyane kandi sinshobora kureba neza kuva mu masaha abiri ashize. Ntegereze cyangwa nsuzumwe ubu?",kinyarwanda,CRITICAL,obstetric,kinyarwanda->kinyarwanda:CRITICAL:obstetric,"Ndatwite, umutwe urandya cyane kandi sinshobora kureba neza.","Ndatwite, umutwe urandya cyane kandi sinshobora kureba neza."
"Ndakeneye ubufasha, umwana wanjye afite igikomere ku mutwe nyuma yo kugwa kuva ejo kandi sinshobora gusinzira. Nkora iki?",kinyarwanda,CRITICAL,haemorrhage_trauma,kinyarwanda->kinyarwanda:CRITICAL:haemorrhage_trauma,{REL} afite igikomere ku mutwe nyuma yo kugwa.,mfite igikomere ku mutwe nyuma yo kugwa
Ndashaka kukubwira ikibazo mfite. Umwana wanjye afite umuriro mwinshi kandi ntarya kuva ijoro ryashize kandi sinshobora gusinzira. Ese ibi birakomeye?,kinyarwanda,URGENT,paediatric,kinyarwanda->kinyarwanda:URGENT:paediatric,{REL} afite umuriro mwinshi kandi ntarya.,{REL} afite umuriro mwinshi kandi ntarya.
"Muraho, umwana wanjye afite umuhaha kuva hashize icyumweru nta miti imfasha. Ntabasha kubona amafaranga yo kongera kuza kwa muganga.",kinyarwanda,URGENT,paediatric,kinyarwanda->kinyarwanda:URGENT:paediatric,{REL} afite umuhaha.,Mfite umuhaha.
"Nzanye umwana wanjye, umuturanyi wanjye ari kuva amaraso menshi kandi ntahagarara kuva hashize icyumweru kandi nta miti mfite. Ntegereze cyangwa nsuzumwe ubu?",kinyarwanda,CRITICAL,haemorrhage_trauma,kinyarwanda->kinyarwanda:CRITICAL:haemorrhage_trauma,{REL} ari kuva amaraso menshi kandi ntahagarara.,ndi kuva amaraso menshi kandi ntahagarara
"Mumbabarire, ndashaka kubabwira ikibazo mfite. Iyo umwana wanjye amaze kurya, yumva inda itameze neza kuva ubu gitondo cya kare. Abandi bana na bo bafite iki kibazo.",kinyarwanda,ROUTINE,gastrointestinal,kinyarwanda->kinyarwanda:ROUTINE:gastrointestinal,"Iyo {REL} amaze kurya, yumva inda itameze neza.","Iyo {REL} amaze kurya, yumva inda itameze neza."
Ndashaka kukubwira ikibazo mfite. Isukari yo mu maraso yanjye yazamutse cyane kuva ejo kandi sinshobora gusinzira. Murakoze.,kinyarwanda,URGENT,chronic_care,kinyarwanda->kinyarwanda:URGENT:chronic_care,isukari yo mu maraso yanjye yazamutse cyane,isukari yo mu maraso yanjye yazamutse cyane
"Naje hano mbere, nta miti y'igituntu mfite kuva mu cyumweru gishize kandi ndahangayitse. Ese ibi birakomeye?",kinyarwanda,URGENT,chronic_care,kinyarwanda->kinyarwanda:URGENT:chronic_care,Nta miti y'igituntu mfite.,Nta miti y'igituntu mfite.
"Nyabuneka, umuturanyi wanjye aratwite kandi afite umuriro kuva mu cyumweru gishize kandi birushaho kuba bibi. Nkora iki?",kinyarwanda,URGENT,obstetric,kinyarwanda->kinyarwanda:URGENT:obstetric,{REL} aratwite kandi afite umuriro.,Ndatwite kandi mfite umuriro.
"Nyabuneka, mama afite igikomere ku mutwe nyuma yo kugwa kuva hashize iminsi ibiri. Abandi bana na bo bafite iki kibazo. Mfasha muganga.",kinyarwanda,CRITICAL,haemorrhage_trauma,kinyarwanda->kinyarwanda:CRITICAL:haemorrhage_trauma,{REL} afite igikomere ku mutwe nyuma yo kugwa.,mfite igikomere ku mutwe nyuma yo kugwa
"Muraho, nta miti y'igituntu mfite kuva hashize icyumweru kandi nta miti mfite",kinyarwanda,URGENT,chronic_care,kinyarwanda->kinyarwanda:URGENT:chronic_care,Nta miti y'igituntu mfite.,Nta miti y'igituntu mfite.
"Mfasha, nyuma yo kubyara mfite umuriro kandi hari ibintu bisohoka bifite impumuro mbi kuva ijoro ryashize kandi sinshobora gusinzira. Ntegereze cyangwa nsuzumwe ubu?",kinyarwanda,CRITICAL,obstetric,kinyarwanda->kinyarwanda:CRITICAL:obstetric,Nyuma yo kubyara mfite umuriro kandi hari ibintu bisohoka bifite impumuro mbi.,Nyuma yo kubyara mfite umuriro kandi hari ibintu bisohoka bifite impumuro mbi.
"Mfasha, maze umunsi wose mbabara ngerageza kubyara ariko umwana ntarasohoka kuva mu gitondo. Byatangiye gitunguranye. Ni imiti ki nafata?",kinyarwanda,CRITICAL,obstetric,kinyarwanda->kinyarwanda:CRITICAL:obstetric,Maze umunsi wose mbabara ngerageza kubyara ariko umwana ntarasohoka.,Maze umunsi wose mbabara ngerageza kubyara ariko umwana ntarasohoka.
"Muraho, mu rugo hari umuntu urwaye igituntu kandi ndashaka kwisuzumisha kuva mu masaha abiri ashize kandi sinshobora gusinzira",kinyarwanda,URGENT,preventive,kinyarwanda->kinyarwanda:URGENT:preventive,Mu rugo hari umuntu urwaye igituntu kandi ndashaka kwisuzumisha.,Mu rugo hari umuntu urwaye igituntu kandi ndashaka kwisuzumisha.
"Naje hano mbere, maze umunsi wose mbabara ngerageza kubyara ariko umwana ntarasohoka kuva mu gitondo kandi ndahangayitse. Ni imiti ki nafata?",kinyarwanda,CRITICAL,obstetric,kinyarwanda->kinyarwanda:CRITICAL:obstetric,Maze umunsi wose mbabara ngerageza kubyara ariko umwana ntarasohoka.,Maze umunsi wose mbabara ngerageza kubyara ariko umwana ntarasohoka.
"Ndakeneye ubufasha, nyuma yo kubyara, umuturanyi wanjye afite umuriro kandi hari ibintu bisohoka bifite impumuro mbi kuva ijoro ryashize kandi nta miti mfite",kinyarwanda,CRITICAL,obstetric,kinyarwanda->kinyarwanda:CRITICAL:obstetric,"Nyuma yo kubyara, {REL} afite umuriro kandi hari ibintu bisohoka bifite impumuro mbi.",Nyuma yo kubyara mfite umuriro kandi hari ibintu bisohoka bifite impumuro mbi.
"Muganga, mfite impiswi zirimo amaraso kuva hashize iminsi itatu kandi sinshobora gusinzira. Ntabasha kubona amafaranga yo kongera kuza kwa muganga.",kinyarwanda,URGENT,gastrointestinal,kinyarwanda->kinyarwanda:URGENT:gastrointestinal,Mfite impiswi zirimo amaraso.,Mfite impiswi zirimo amaraso.
"Mfasha, papa ari kuva amaraso menshi kandi ntahagarara kuva ejo kandi sinshobora gusinzira. Ese ibi birakomeye?",kinyarwanda,CRITICAL,haemorrhage_trauma,kinyarwanda->kinyarwanda:CRITICAL:haemorrhage_trauma,{REL} ari kuva amaraso menshi kandi ntahagarara.,ndi kuva amaraso menshi kandi ntahagarara
"Muraho, papa araruka ibyo arya byose kandi ntashobora no kunywa kuva hashize iminsi ibiri. Abandi bana na bo bafite iki kibazo. Naje mvuye kure.",kinyarwanda,CRITICAL,gastrointestinal,kinyarwanda->kinyarwanda:CRITICAL:gastrointestinal,{REL} araruka ibyo arya byose kandi ntashobora no kunywa.,Ndaruka ibyo ndya byose kandi sinshobora no kunywa.
"Mfasha vuba, mama arakomeza kuruka kandi ntashobora kurya. Byatangiye gitunguranye. Naje mvuye kure.",kinyarwanda,URGENT,gastrointestinal,kinyarwanda->kinyarwanda:URGENT:gastrointestinal,{REL} arakomeza kuruka kandi ntashobora kurya.,ndakomeza kuruka kandi sinshobora kurya
"Nzanye umwana wanjye, umugabo wanjye ari kuva amaraso menshi kandi ntahagarara. Abandi bana na bo bafite iki kibazo. Ese ibi birakomeye?",kinyarwanda,CRITICAL,haemorrhage_trauma,kinyarwanda->kinyarwanda:CRITICAL:haemorrhage_trauma,{REL} ari kuva amaraso menshi kandi ntahagarara.,ndi kuva amaraso menshi kandi ntahagarara
"Muganga, mfite umuriro mwinshi kandi ndakorora cyane kuva mu gitondo. Byatangiye gitunguranye. Murakoze.",kinyarwanda,URGENT,infectious_fever,kinyarwanda->kinyarwanda:URGENT:infectious_fever,mfite umuriro mwinshi kandi ndakorora cyane,mfite umuriro mwinshi kandi ndakorora cyane
"Nyabuneka, nta miti y'igituntu mfite kuva ejo biragenda bikagaruka. Murakoze.",kinyarwanda,URGENT,chronic_care,kinyarwanda->kinyarwanda:URGENT:chronic_care,Nta miti y'igituntu mfite.,Nta miti y'igituntu mfite.
"Nzanye umwana wanjye, umwana wanjye nta miti ya SIDA afite kuva ejo bikarushaho nijoro. Mfasha muganga.",kinyarwanda,URGENT,chronic_care,kinyarwanda->kinyarwanda:URGENT:chronic_care,{REL} nta miti ya SIDA afite.,Nta miti ya SIDA mfite.
"Nyabuneka, umwana wanjye afite umuriro woroheje umaze umunsi umwe, ariko nta kindi kibazo afite kuva ejo bikarushaho nijoro. Ndakeneye ubufasha vuba.",kinyarwanda,ROUTINE,infectious_fever,kinyarwanda->kinyarwanda:ROUTINE:infectious_fever,"{REL} afite umuriro woroheje umaze umunsi umwe, ariko nta kindi kibazo afite.","mfite umuriro woroheje umaze umunsi umwe, ariko nta kindi kibazo mfite"
"Muraho, ndaruka cyane kandi numva mfite intege nke kuva mu masaha abiri ashize. Ndakeneye ubufasha vuba.",kinyarwanda,URGENT,gastrointestinal,kinyarwanda->kinyarwanda:URGENT:gastrointestinal,ndaruka cyane kandi numva mfite intege nke,ndaruka cyane kandi numva mfite intege nke
"Nyabuneka, ndaruka cyane kandi numva mfite intege nke kuva ijoro ryashize kandi nta miti mfite. Mfasha muganga.",kinyarwanda,URGENT,gastrointestinal,kinyarwanda->kinyarwanda:URGENT:gastrointestinal,ndaruka cyane kandi numva mfite intege nke,ndaruka cyane kandi numva mfite intege nke
"Nzanye umwana wanjye, umugabo wanjye yagagaye kandi arimo guhinda umushyitsi kuva hashize iminsi itatu kandi birushaho kuba bibi. Ese ibi birakomeye?",kinyarwanda,CRITICAL,neurological,kinyarwanda->kinyarwanda:CRITICAL:neurological,{REL} yagagaye kandi arimo guhinda umushyitsi.,{REL} yagagaye kandi arimo guhinda umushyitsi.
"Ndakeneye ubufasha, mfite impiswi zirimo amaraso kuva hashize iminsi itatu kandi ndahangayitse. Ese ibi birakomeye?",kinyarwanda,URGENT,gastrointestinal,kinyarwanda->kinyarwanda:URGENT:gastrointestinal,Mfite impiswi zirimo amaraso.,Mfite impiswi zirimo amaraso.
"Nzanye umwana wanjye, umugabo wanjye amaze ibyumweru birenga bibiri arwaye impiswi kuva mu cyumweru gishize biragenda bikagaruka",kinyarwanda,URGENT,gastrointestinal,kinyarwanda->kinyarwanda:URGENT:gastrointestinal,{REL} amaze ibyumweru birenga bibiri arwaye impiswi.,Maze ibyumweru birenga bibiri ndwaye impiswi.
"Mfasha vuba, mfite igikomere gito kandi amaraso yarahagaze kuva hashize icyumweru. Naje mvuye kure.",kinyarwanda,ROUTINE,haemorrhage_trauma,kinyarwanda->kinyarwanda:ROUTINE:haemorrhage_trauma,Mfite igikomere gito kandi amaraso yarahagaze.,Mfite igikomere gito kandi amaraso yarahagaze.
"Mfasha vuba, umwana wanjye afite umuhaha kandi sinshobora gusinzira",kinyarwanda,URGENT,paediatric,kinyarwanda->kinyarwanda:URGENT:paediatric,{REL} afite umuhaha.,Mfite umuhaha.
"Mfasha vuba, umuturanyi wanjye afite impiswi zikomeye kandi yagize umwuma kuva hashize iminsi ibiri nta miti imfasha. Nkora iki?",kinyarwanda,CRITICAL,gastrointestinal,kinyarwanda->kinyarwanda:CRITICAL:gastrointestinal,{REL} afite impiswi zikomeye kandi yagize umwuma.,{REL} afite impiswi zikomeye kandi yagize umwuma.
"Mfasha, nkorora gake ariko nta muriro mfite kuva hashize icyumweru kandi birushaho kuba bibi. Ndakeneye ubufasha vuba.",kinyarwanda,ROUTINE,cardiac_respiratory,kinyarwanda->kinyarwanda:ROUTINE:cardiac_respiratory,Nkorora gake ariko nta muriro mfite.,Nkorora gake ariko nta muriro mfite.
"Muganga, mfite umuhaha kandi ndahangayitse. Mfasha muganga.",kinyarwanda,URGENT,paediatric,kinyarwanda->kinyarwanda:URGENT:paediatric,Mfite umuhaha.,Mfite umuhaha.
"Naje hano mbere, papa afite ubushye bunini ku mubiri kuva ijoro ryashize kandi ndahangayitse. Ndakeneye ubufasha vuba.",kinyarwanda,CRITICAL,haemorrhage_trauma,kinyarwanda->kinyarwanda:CRITICAL:haemorrhage_trauma,{REL} afite ubushye bunini ku mubiri.,Mfite ubushye bunini ku mubiri.
"Mumbabarire, ndashaka kubabwira ikibazo mfite. Mama arababara cyane mu gituza kandi ububabare bukagera no ku kuboko kuva hashize iminsi itatu. Ntabasha kubona amafaranga yo kongera kuza kwa muganga.",kinyarwanda,CRITICAL,cardiac_respiratory,kinyarwanda->kinyarwanda:CRITICAL:cardiac_respiratory,{REL} arababara cyane mu gituza kandi ububabare bukagera no ku kuboko.,mu gituza harandya cyane kandi ububabare bukagera no ku kuboko
"Nzanye umwana wanjye, mushiki wanjye yabyimbye ibirenge kandi ntashobora guhumeka neza iyo aragaramye kuva hashize iminsi itatu kandi ndahangayitse. Ndakeneye ubufasha vuba.",kinyarwanda,URGENT,chronic_care,kinyarwanda->kinyarwanda:URGENT:chronic_care,{REL} yabyimbye ibirenge kandi ntashobora guhumeka neza iyo aragaramye.,Nabyimbye ibirenge kandi sinshobora guhumeka neza iyo ndagaramye.
"Muraho, nta miti y'igituntu mfite kuva ubu gitondo cya kare. Abandi bana na bo bafite iki kibazo. Mfasha muganga.",kinyarwanda,URGENT,chronic_care,kinyarwanda->kinyarwanda:URGENT:chronic_care,Nta miti y'igituntu mfite.,Nta miti y'igituntu mfite.
"Naje hano mbere, umukecuru araruka amaraso kuva ijoro ryashize kandi ndahangayitse. Nkora iki?",kinyarwanda,CRITICAL,gastrointestinal,kinyarwanda->kinyarwanda:CRITICAL:gastrointestinal,{REL} araruka amaraso.,Ndaruka amaraso.
"Ndakeneye ubufasha, umugore wanjye amaze umunsi wose ari mu bubabare bwo kubyara ariko umwana ntarasohoka kuva hashize icyumweru. Byatangiye gitunguranye.",kinyarwanda,CRITICAL,obstetric,kinyarwanda->kinyarwanda:CRITICAL:obstetric,{REL} amaze umunsi wose ari mu bubabare bwo kubyara ariko umwana ntarasohoka.,Maze umunsi wose mbabara ngerageza kubyara ariko umwana ntarasohoka.
"Mumbabarire, ndashaka kubabwira ikibazo mfite. Mushiki wanjye nta miti y'igituntu afite kuva ubu gitondo cya kare. Abandi bana na bo bafite iki kibazo. Murakoze.",kinyarwanda,URGENT,chronic_care,kinyarwanda->kinyarwanda:URGENT:chronic_care,{REL} nta miti y'igituntu afite.,Nta miti y'igituntu mfite.
"Muraho, iyo mpumeka, numva igituza gifashe kandi mpumeka nkumva hari ijwi ridasanzwe. Byatangiye gitunguranye. Ndakeneye ubufasha vuba.",kinyarwanda,URGENT,cardiac_respiratory,kinyarwanda->kinyarwanda:URGENT:cardiac_respiratory,"Iyo mpumeka, numva igituza gifashe kandi mpumeka nkumva hari ijwi ridasanzwe.","Iyo mpumeka, numva igituza gifashe kandi mpumeka nkumva hari ijwi ridasanzwe."
"Mfasha, umwana wanjye ntashobora kuvuga neza kandi umunwa we waragoramye kuva ijoro ryashize kandi ndahangayitse",kinyarwanda,CRITICAL,neurological,kinyarwanda->kinyarwanda:CRITICAL:neurological,{REL} ntashobora kuvuga neza kandi umunwa we waragoramye.,{REL} ntashobora kuvuga neza kandi umunwa we waragoramye.
"Nyabuneka, ndashaka kujya kwa muganga kwisuzumisha SIDA kuva mu cyumweru gishize biragenda bikagaruka. Naje mvuye kure.",kinyarwanda,ROUTINE,chronic_care,kinyarwanda->kinyarwanda:ROUTINE:chronic_care,Ndashaka kujya kwa muganga kwisuzumisha SIDA.,Ndashaka kujya kwa muganga kwisuzumisha SIDA.
"Ndakeneye ubufasha, umuturanyi wanjye isukari yo mu maraso ye yazamutse cyane kuva mu masaha abiri ashize. Nkora iki?",kinyarwanda,URGENT,chronic_care,kinyarwanda->kinyarwanda:URGENT:chronic_care,{REL} isukari yo mu maraso ye yazamutse cyane.,isukari yo mu maraso yanjye yazamutse cyane
"Muganga, umwana wanjye afite impiswi zirimo amaraso kuva hashize icyumweru kandi nta miti mfite. Ese ibi birakomeye?",kinyarwanda,URGENT,gastrointestinal,kinyarwanda->kinyarwanda:URGENT:gastrointestinal,{REL} afite impiswi zirimo amaraso.,Mfite impiswi zirimo amaraso.
"Simbizi niba bikomeye ariko, umugore wanjye arava amaraso menshi nyuma yo kubyara kuva ejo. Abandi bana na bo bafite iki kibazo. Naje mvuye kure.",kinyarwanda,CRITICAL,obstetric,kinyarwanda->kinyarwanda:CRITICAL:obstetric,{REL} arava amaraso menshi nyuma yo kubyara.,ndava amaraso menshi nyuma yo kubyara
Ndashaka kukubwira ikibazo mfite. Mfite umwanda usa umukara kuva mu cyumweru gishize kandi ndahangayitse. Ndakeneye ubufasha vuba.,kinyarwanda,CRITICAL,gastrointestinal,kinyarwanda->kinyarwanda:CRITICAL:gastrointestinal,Mfite umwanda usa umukara.,Mfite umwanda usa umukara.
"Mfasha vuba, papa afite igikomere cyanduye, kiratukura kandi kirimo amashyira kuva mu gitondo kandi nta miti mfite. Ntegereze cyangwa nsuzumwe ubu?",kinyarwanda,URGENT,haemorrhage_trauma,kinyarwanda->kinyarwanda:URGENT:haemorrhage_trauma,"{REL} afite igikomere cyanduye, kiratukura kandi kirimo amashyira.","mfite igikomere cyanduye, kiratukura kandi kirimo amashyira"
"Mfasha vuba, umwana wanjye afite umuriro woroheje umaze umunsi umwe, ariko nta kindi kibazo afite kuva ubu gitondo cya kare",kinyarwanda,ROUTINE,infectious_fever,kinyarwanda->kinyarwanda:ROUTINE:infectious_fever,"{REL} afite umuriro woroheje umaze umunsi umwe, ariko nta kindi kibazo afite.","mfite umuriro woroheje umaze umunsi umwe, ariko nta kindi kibazo mfite"
"Nzanye umwana wanjye, ndumva naniwe ariko si cyane kuva ubu gitondo cya kare biragenda bikagaruka. Naje mvuye kure.",kinyarwanda,ROUTINE,neurological,kinyarwanda->kinyarwanda:ROUTINE:neurological,ndumva naniwe ariko si cyane,ndumva naniwe ariko si cyane
"Mfasha, mfite gahunda yo kwisuzumisha buri mwaka kuva hashize iminsi ibiri kandi nta miti mfite. Ndakeneye ubufasha vuba.",kinyarwanda,ROUTINE,preventive,kinyarwanda->kinyarwanda:ROUTINE:preventive,Mfite gahunda yo kwisuzumisha buri mwaka.,Mfite gahunda yo kwisuzumisha buri mwaka.
Ndashaka kukubwira ikibazo mfite. Maze umunsi wose mbabara ngerageza kubyara ariko umwana ntarasohoka nta miti imfasha. Nkora iki?,kinyarwanda,CRITICAL,obstetric,kinyarwanda->kinyarwanda:CRITICAL:obstetric,Maze umunsi wose mbabara ngerageza kubyara ariko umwana ntarasohoka.,Maze umunsi wose mbabara ngerageza kubyara ariko umwana ntarasohoka.
"Nyabuneka, umuturanyi wanjye ashaka imiti y'inzoka y'umwana we kuva hashize iminsi ibiri. Byatangiye gitunguranye. Ndakeneye ubufasha vuba.",kinyarwanda,ROUTINE,preventive,kinyarwanda->kinyarwanda:ROUTINE:preventive,{REL} ashaka imiti y'inzoka y'umwana we.,Ndashaka imiti y'inzoka y'umwana wanjye.
"Nzanye umwana wanjye, umugore wanjye amaze ibyumweru birenga bibiri arwaye impiswi. Byatangiye gitunguranye. Naje mvuye kure.",kinyarwanda,URGENT,gastrointestinal,kinyarwanda->kinyarwanda:URGENT:gastrointestinal,{REL} amaze ibyumweru birenga bibiri arwaye impiswi.,Maze ibyumweru birenga bibiri ndwaye impiswi.
"Mfasha, mu gituza harandya cyane kandi ububabare bukagera no ku kuboko kuva mu cyumweru gishize kandi ndahangayitse",kinyarwanda,CRITICAL,cardiac_respiratory,kinyarwanda->kinyarwanda:CRITICAL:cardiac_respiratory,mu gituza harandya cyane kandi ububabare bukagera no ku kuboko,mu gituza harandya cyane kandi ububabare bukagera no ku kuboko
"Mfasha, umuturanyi wanjye ahumeka bimugora cyane kandi iminwa ye yahindutse ibara kuva mu gitondo kandi nta miti mfite. Ntegereze cyangwa nsuzumwe ubu?",kinyarwanda,CRITICAL,cardiac_respiratory,kinyarwanda->kinyarwanda:CRITICAL:cardiac_respiratory,{REL} ahumeka bimugora cyane kandi iminwa ye yahindutse ibara.,guhumeka birangora cyane kandi iminwa yanjye yahindutse ibara
"Muraho, mfite umuhaha kuva mu masaha abiri ashize nta miti imfasha. Ndakeneye ubufasha vuba.",kinyarwanda,URGENT,paediatric,kinyarwanda->kinyarwanda:URGENT:paediatric,Mfite umuhaha.,Mfite umuhaha.
"Simbizi niba bikomeye ariko, mfite umuriro mwinshi kandi ndakorora cyane kuva mu masaha abiri ashize. Abandi bana na bo bafite iki kibazo. Nkora iki?",kinyarwanda,URGENT,infectious_fever,kinyarwanda->kinyarwanda:URGENT:infectious_fever,mfite umuriro mwinshi kandi ndakorora cyane,mfite umuriro mwinshi kandi ndakorora cyane
"Mumbabarire, ndashaka kubabwira ikibazo mfite. Ndaruka amaraso kandi sinshobora gusinzira. Ni imiti ki nafata?",kinyarwanda,CRITICAL,gastrointestinal,kinyarwanda->kinyarwanda:CRITICAL:gastrointestinal,Ndaruka amaraso.,Ndaruka amaraso.
"Naje hano mbere, umwana wanjye arababara cyane mu gituza kandi ububabare bukagera no ku kuboko kuva mu cyumweru gishize. Nkora iki?",kinyarwanda,CRITICAL,cardiac_respiratory,kinyarwanda->kinyarwanda:CRITICAL:cardiac_respiratory,{REL} arababara cyane mu gituza kandi ububabare bukagera no ku kuboko.,mu gituza harandya cyane kandi ububabare bukagera no ku kuboko
"Muganga, ndashaka imiti y'inzoka y'umwana wanjye kuva mu masaha abiri ashize kandi ndahangayitse. Ni imiti ki nafata?",kinyarwanda,ROUTINE,preventive,kinyarwanda->kinyarwanda:ROUTINE:preventive,Ndashaka imiti y'inzoka y'umwana wanjye.,Ndashaka imiti y'inzoka y'umwana wanjye.
"Nzanye umwana wanjye, umukecuru ashaka inama ku biryo byo kugaburira umwana we kuva hashize iminsi ibiri biragenda bikagaruka. Naje mvuye kure.",kinyarwanda,ROUTINE,preventive,kinyarwanda->kinyarwanda:ROUTINE:preventive,{REL} ashaka inama ku biryo byo kugaburira umwana we.,Ndashaka inama ku biryo byo kugaburira umwana wanjye.
"Mfasha, mfite umwanda usa umukara kuva mu gitondo bikarushaho nijoro. Ntegereze cyangwa nsuzumwe ubu?",kinyarwanda,CRITICAL,gastrointestinal,kinyarwanda->kinyarwanda:CRITICAL:gastrointestinal,Mfite umwanda usa umukara.,Mfite umwanda usa umukara.
Ndashaka kukubwira ikibazo mfite. Nyuma yo kubyara mfite umuriro kandi hari ibintu bisohoka bifite impumuro mbi kuva mu cyumweru gishize. Ntegereze cyangwa nsuzumwe ubu?,kinyarwanda,CRITICAL,obstetric,kinyarwanda->kinyarwanda:CRITICAL:obstetric,Nyuma yo kubyara mfite umuriro kandi hari ibintu bisohoka bifite impumuro mbi.,Nyuma yo kubyara mfite umuriro kandi hari ibintu bisohoka bifite impumuro mbi.
"Nyabuneka, mfite igikomere gito kandi amaraso yarahagaze kuva hashize iminsi itatu kandi nta miti mfite. Ndakeneye ubufasha vuba.",kinyarwanda,ROUTINE,haemorrhage_trauma,kinyarwanda->kinyarwanda:ROUTINE:haemorrhage_trauma,Mfite igikomere gito kandi amaraso yarahagaze.,Mfite igikomere gito kandi amaraso yarahagaze.
"Nyabuneka, mfite igikomere gito kandi amaraso yarahagaze nta miti imfasha. Ese ibi birakomeye?",kinyarwanda,ROUTINE,haemorrhage_trauma,kinyarwanda->kinyarwanda:ROUTINE:haemorrhage_trauma,Mfite igikomere gito kandi amaraso yarahagaze.,Mfite igikomere gito kandi amaraso yarahagaze.
Ndashaka kukubwira ikibazo mfite. Mushiki wanjye nta miti y'igituntu afite. Byatangiye gitunguranye. Ni imiti ki nafata?,kinyarwanda,URGENT,chronic_care,kinyarwanda->kinyarwanda:URGENT:chronic_care,{REL} nta miti y'igituntu afite.,Nta miti y'igituntu mfite.
"Simbizi niba bikomeye ariko, ndaruka cyane kandi numva mfite intege nke kuva hashize iminsi ibiri. Byatangiye gitunguranye. Urakoze.",kinyarwanda,URGENT,gastrointestinal,kinyarwanda->kinyarwanda:URGENT:gastrointestinal,ndaruka cyane kandi numva mfite intege nke,ndaruka cyane kandi numva mfite intege nke
"Ndakeneye ubufasha, umwana wanjye afite umuhaha kuva mu gitondo. Byatangiye gitunguranye. Mfasha muganga.",kinyarwanda,URGENT,paediatric,kinyarwanda->kinyarwanda:URGENT:paediatric,{REL} afite umuhaha.,Mfite umuhaha.
"Mumbabarire, ndashaka kubabwira ikibazo mfite. Uruhande rumwe rw'umubiri we ntirukora kuva mu gitondo bikarushaho nijoro",kinyarwanda,CRITICAL,neurological,kinyarwanda->kinyarwanda:CRITICAL:neurological,Uruhande rumwe rw'umubiri we ntirukora.,Uruhande rumwe rw'umubiri we ntirukora.
"Simbizi niba bikomeye ariko, umwana wanjye akorora gake ariko nta muriro afite.",kinyarwanda,ROUTINE,cardiac_respiratory,kinyarwanda->kinyarwanda:ROUTINE:cardiac_respiratory,{REL} akorora gake ariko nta muriro afite.,Nkorora gake ariko nta muriro mfite.
"Muganga, umukecuru yagagaye kandi arimo guhinda umushyitsi kandi birushaho kuba bibi. Ndakeneye ubufasha vuba.",kinyarwanda,CRITICAL,neurological,kinyarwanda->kinyarwanda:CRITICAL:neurological,{REL} yagagaye kandi arimo guhinda umushyitsi.,{REL} yagagaye kandi arimo guhinda umushyitsi.
"Muraho, umuturanyi wanjye ntashobora kuvuga neza kandi umunwa we waragoramye kuva mu gitondo kandi sinshobora gusinzira. Nkora iki?",kinyarwanda,CRITICAL,neurological,kinyarwanda->kinyarwanda:CRITICAL:neurological,{REL} ntashobora kuvuga neza kandi umunwa we waragoramye.,{REL} ntashobora kuvuga neza kandi umunwa we waragoramye.
"Naje hano mbere, maze umunsi wose mbabara ngerageza kubyara ariko umwana ntarasohoka kuva mu masaha abiri ashize bikarushaho nijoro. Ni imiti ki nafata?",kinyarwanda,CRITICAL,obstetric,kinyarwanda->kinyarwanda:CRITICAL:obstetric,Maze umunsi wose mbabara ngerageza kubyara ariko umwana ntarasohoka.,Maze umunsi wose mbabara ngerageza kubyara ariko umwana ntarasohoka.
"Nzanye umwana wanjye, mushiki wanjye amaze umunsi wose ari mu bubabare bwo kubyara ariko umwana ntarasohoka kuva ejo biragenda bikagaruka. Naje mvuye kure.",kinyarwanda,CRITICAL,obstetric,kinyarwanda->kinyarwanda:CRITICAL:obstetric,{REL} amaze umunsi wose ari mu bubabare bwo kubyara ariko umwana ntarasohoka.,Maze umunsi wose mbabara ngerageza kubyara ariko umwana ntarasohoka.
"Naje hano mbere, maze umunsi wose mbabara ngerageza kubyara ariko umwana ntarasohoka kandi birushaho kuba bibi",kinyarwanda,CRITICAL,obstetric,kinyarwanda->kinyarwanda:CRITICAL:obstetric,Maze umunsi wose mbabara ngerageza kubyara ariko umwana ntarasohoka.,Maze umunsi wose mbabara ngerageza kubyara ariko umwana ntarasohoka.
"Ndakeneye ubufasha, umwana wanjye amaze ibyumweru birenga bibiri arwaye impiswi kuva hashize icyumweru nta miti imfasha. Naje mvuye kure.",kinyarwanda,URGENT,gastrointestinal,kinyarwanda->kinyarwanda:URGENT:gastrointestinal,{REL} amaze ibyumweru birenga bibiri arwaye impiswi.,Maze ibyumweru birenga bibiri ndwaye impiswi.
"Naje hano mbere, nyuma yo kubyara mfite umuriro kandi hari ibintu bisohoka bifite impumuro mbi kuva ejo kandi sinshobora gusinzira. Ni imiti ki nafata?",kinyarwanda,CRITICAL,obstetric,kinyarwanda->kinyarwanda:CRITICAL:obstetric,Nyuma yo kubyara mfite umuriro kandi hari ibintu bisohoka bifite impumuro mbi.,Nyuma yo kubyara mfite umuriro kandi hari ibintu bisohoka bifite impumuro mbi.
"Muraho, ndatwite, umutwe urandya cyane kandi sinshobora kureba neza kuva hashize icyumweru kandi sinshobora gusinzira. Ntegereze cyangwa nsuzumwe ubu?",kinyarwanda,CRITICAL,obstetric,kinyarwanda->kinyarwanda:CRITICAL:obstetric,"Ndatwite, umutwe urandya cyane kandi sinshobora kureba neza.","Ndatwite, umutwe urandya cyane kandi sinshobora kureba neza."
"Nzanye umwana wanjye, papa afite impiswi zikomeye kandi yagize umwuma kuva ejo biragenda bikagaruka. Ese ibi birakomeye?",kinyarwanda,CRITICAL,gastrointestinal,kinyarwanda->kinyarwanda:CRITICAL:gastrointestinal,{REL} afite impiswi zikomeye kandi yagize umwuma.,{REL} afite impiswi zikomeye kandi yagize umwuma.
"Mfasha, umwana wanjye isukari yo mu maraso ye yazamutse cyane kuva hashize iminsi ibiri bikarushaho nijoro. Nkora iki?",kinyarwanda,URGENT,chronic_care,kinyarwanda->kinyarwanda:URGENT:chronic_care,{REL} isukari yo mu maraso ye yazamutse cyane.,isukari yo mu maraso yanjye yazamutse cyane
"Mfasha vuba, umuturanyi wanjye afite impiswi zirimo amaraso kuva mu cyumweru gishize kandi sinshobora gusinzira. Urakoze.",kinyarwanda,URGENT,gastrointestinal,kinyarwanda->kinyarwanda:URGENT:gastrointestinal,{REL} afite impiswi zirimo amaraso.,Mfite impiswi zirimo amaraso.
"Mfasha, umwana wanjye afite umuriro woroheje umaze umunsi umwe, ariko nta kindi kibazo afite kuva mu gitondo nta miti imfasha. Ntabasha kubona amafaranga yo kongera kuza kwa muganga.",kinyarwanda,ROUTINE,infectious_fever,kinyarwanda->kinyarwanda:ROUTINE:infectious_fever,"{REL} afite umuriro woroheje umaze umunsi umwe, ariko nta kindi kibazo afite.","mfite umuriro woroheje umaze umunsi umwe, ariko nta kindi kibazo mfite"
"Simbizi niba bikomeye ariko, umwana wanjye akorora gake ariko nta muriro afite kuva ejo bikarushaho nijoro. Ndakeneye ubufasha vuba.",kinyarwanda,ROUTINE,cardiac_respiratory,kinyarwanda->kinyarwanda:ROUTINE:cardiac_respiratory,{REL} akorora gake ariko nta muriro afite.,Nkorora gake ariko nta muriro mfite.
"Nzanye umwana wanjye, ndumva naniwe ariko si cyane kuva mu masaha abiri ashize kandi ndahangayitse. Urakoze.",kinyarwanda,ROUTINE,neurological,kinyarwanda->kinyarwanda:ROUTINE:neurological,ndumva naniwe ariko si cyane,ndumva naniwe ariko si cyane
"Naje hano mbere, ndaruka amaraso kuva ijoro ryashize bikarushaho nijoro. Ni imiti ki nafata?",kinyarwanda,CRITICAL,gastrointestinal,kinyarwanda->kinyarwanda:CRITICAL:gastrointestinal,Ndaruka amaraso.,Ndaruka amaraso.
"Muganga, umukecuru amaze ibyumweru birenga bibiri akorora kandi yatangiye no kunanuka kuva ejo kandi sinshobora gusinzira. Urakoze.",kinyarwanda,URGENT,cardiac_respiratory,kinyarwanda->kinyarwanda:URGENT:cardiac_respiratory,{REL} amaze ibyumweru birenga bibiri akorora kandi yatangiye no kunanuka.,Maze ibyumweru birenga bibiri nkorora kandi natangiye no kunanuka.
"Nyabuneka, mama yataye ubwenge kandi ntasubiza kuva mu cyumweru gishize bikarushaho nijoro. Nkora iki?",kinyarwanda,CRITICAL,neurological,kinyarwanda->kinyarwanda:CRITICAL:neurological,{REL} yataye ubwenge kandi ntasubiza.,{REL} yataye ubwenge kandi ntasubiza.
"Muganga, mushiki wanjye afite igikomere ku mutwe nyuma yo kugwa kuva ejo. Byatangiye gitunguranye. Ndakeneye ubufasha vuba.",kinyarwanda,CRITICAL,haemorrhage_trauma,kinyarwanda->kinyarwanda:CRITICAL:haemorrhage_trauma,{REL} afite igikomere ku mutwe nyuma yo kugwa.,mfite igikomere ku mutwe nyuma yo kugwa
"Nyabuneka, iyo maze kurya numva mu nda ntameze neza kuva mu gitondo bikarushaho nijoro. Naje mvuye kure.",kinyarwanda,ROUTINE,gastrointestinal,kinyarwanda->kinyarwanda:ROUTINE:gastrointestinal,iyo maze kurya numva mu nda ntameze neza,"Iyo {REL} amaze kurya, yumva inda itameze neza."
"Mfasha, ndashaka imiti y'inzoka y'umwana wanjye kuva hashize iminsi ibiri biragenda bikagaruka. Ntegereze cyangwa nsuzumwe ubu?",kinyarwanda,ROUTINE,preventive,kinyarwanda->kinyarwanda:ROUTINE:preventive,Ndashaka imiti y'inzoka y'umwana wanjye.,Ndashaka imiti y'inzoka y'umwana wanjye.
"Simbizi niba bikomeye ariko, umuturanyi wanjye arababara cyane mu gituza kandi ububabare bukagera no ku kuboko kuva hashize iminsi ibiri. Byatangiye gitunguranye.",kinyarwanda,CRITICAL,cardiac_respiratory,kinyarwanda->kinyarwanda:CRITICAL:cardiac_respiratory,{REL} arababara cyane mu gituza kandi ububabare bukagera no ku kuboko.,mu gituza harandya cyane kandi ububabare bukagera no ku kuboko
"Naje hano mbere, uruhande rumwe rw'umubiri we ntirukora nta miti imfasha. Ntabasha kubona amafaranga yo kongera kuza kwa muganga.",kinyarwanda,CRITICAL,neurological,kinyarwanda->kinyarwanda:CRITICAL:neurological,Uruhande rumwe rw'umubiri we ntirukora.,Uruhande rumwe rw'umubiri we ntirukora.
"Mfasha, ndashaka kujya kwa muganga kwisuzumisha diyabete kuva ubu gitondo cya kare kandi nta miti mfite. Ese ibi birakomeye?",kinyarwanda,ROUTINE,chronic_care,kinyarwanda->kinyarwanda:ROUTINE:chronic_care,Ndashaka kujya kwa muganga kwisuzumisha diyabete.,Ndashaka kujya kwa muganga kwisuzumisha SIDA.
Ndashaka kukubwira ikibazo mfite. Nkorora gake ariko nta muriro mfite kuva ubu gitondo cya kare biragenda bikagaruka. Ni imiti ki nafata?,kinyarwanda,ROUTINE,cardiac_respiratory,kinyarwanda->kinyarwanda:ROUTINE:cardiac_respiratory,Nkorora gake ariko nta muriro mfite.,Nkorora gake ariko nta muriro mfite.
"Naje hano mbere, umwana wanjye afite igikomere cyanduye, kiratukura kandi kirimo amashyira kuva mu gitondo. Abandi bana na bo bafite iki kibazo. Ntegereze cyangwa nsuzumwe ubu?",kinyarwanda,URGENT,haemorrhage_trauma,kinyarwanda->kinyarwanda:URGENT:haemorrhage_trauma,"{REL} afite igikomere cyanduye, kiratukura kandi kirimo amashyira.","mfite igikomere cyanduye, kiratukura kandi kirimo amashyira"
Papa araruka ibyo arya byose kandi ntashobora no kunywa kuva mu gitondo kandi ndahangayitse. Nkora iki?,kinyarwanda,CRITICAL,gastrointestinal,kinyarwanda->kinyarwanda:CRITICAL:gastrointestinal,{REL} araruka ibyo arya byose kandi ntashobora no kunywa.,Ndaruka ibyo ndya byose kandi sinshobora no kunywa.
"Mfasha, ndatwite kandi ndashaka kujya kwa muganga kwisuzumisha kuva mu masaha abiri ashize kandi nta miti mfite. Mfasha muganga.",kinyarwanda,ROUTINE,obstetric,kinyarwanda->kinyarwanda:ROUTINE:obstetric,Ndatwite kandi ndashaka kujya kwa muganga kwisuzumisha.,Ndatwite kandi ndashaka kujya kwa muganga kwisuzumisha.
Umugore wanjye amaze umunsi wose ari mu bubabare bwo kubyara ariko umwana ntarasohoka kuva mu cyumweru gishize nta miti imfasha. Ni imiti ki nafata?,kinyarwanda,CRITICAL,obstetric,kinyarwanda->kinyarwanda:CRITICAL:obstetric,{REL} amaze umunsi wose ari mu bubabare bwo kubyara ariko umwana ntarasohoka.,Maze umunsi wose mbabara ngerageza kubyara ariko umwana ntarasohoka.
"Mumbabarire, ndashaka kubabwira ikibazo mfite. Ndaruka cyane kandi numva mfite intege nke kuva hashize icyumweru kandi birushaho kuba bibi. Ntegereze cyangwa nsuzumwe ubu?",kinyarwanda,URGENT,gastrointestinal,kinyarwanda->kinyarwanda:URGENT:gastrointestinal,ndaruka cyane kandi numva mfite intege nke,ndaruka cyane kandi numva mfite intege nke
"Mumbabarire, ndashaka kubabwira ikibazo mfite. Umukecuru ashaka ko bapima ibiro by'umwana we kuva hashize iminsi itatu kandi birushaho kuba bibi",kinyarwanda,ROUTINE,paediatric,kinyarwanda->kinyarwanda:ROUTINE:paediatric,{REL} ashaka ko bapima ibiro by'umwana we.,Ndashaka ko bapima ibiro by'umwana wanjye.
"Ndakeneye ubufasha, amazuru arantemba gake kuva ubu gitondo cya kare bikarushaho nijoro. Mfasha muganga.",kinyarwanda,ROUTINE,infectious_fever,kinyarwanda->kinyarwanda:ROUTINE:infectious_fever,amazuru arantemba gake,amazuru arantemba gake
"Muraho, amazuru arantemba gake kuva ejo kandi birushaho kuba bibi. Nkora iki?",kinyarwanda,ROUTINE,infectious_fever,kinyarwanda->kinyarwanda:ROUTINE:infectious_fever,amazuru arantemba gake,amazuru arantemba gake
"Naje hano mbere, umugore wanjye afite umuriro mwinshi kandi yaragagaye kuva hashize icyumweru. Abandi bana na bo bafite iki kibazo. Ese ibi birakomeye?",kinyarwanda,CRITICAL,infectious_fever,kinyarwanda->kinyarwanda:CRITICAL:infectious_fever,{REL} afite umuriro mwinshi kandi yaragagaye.,Mfite umuriro mwinshi kandi nagagaye.
"Mumbabarire, ndashaka kubabwira ikibazo mfite. Mfite igikomere gito kandi amaraso yarahagaze kuva hashize iminsi ibiri biragenda bikagaruka. Mfasha muganga.",kinyarwanda,ROUTINE,haemorrhage_trauma,kinyarwanda->kinyarwanda:ROUTINE:haemorrhage_trauma,Mfite igikomere gito kandi amaraso yarahagaze.,Mfite igikomere gito kandi amaraso yarahagaze.
"Naje hano mbere, iyo maze kurya numva mu nda ntameze neza. Naje mvuye kure.",kinyarwanda,ROUTINE,gastrointestinal,kinyarwanda->kinyarwanda:ROUTINE:gastrointestinal,iyo maze kurya numva mu nda ntameze neza,"Iyo {REL} amaze kurya, yumva inda itameze neza."
"Nzanye umwana wanjye, umugore wanjye ashaka inama ku biryo byo kugaburira umwana we kuva hashize iminsi ibiri kandi ndahangayitse. Nkora iki?",kinyarwanda,ROUTINE,preventive,kinyarwanda->kinyarwanda:ROUTINE:preventive,{REL} ashaka inama ku biryo byo kugaburira umwana we.,Ndashaka inama ku biryo byo kugaburira umwana wanjye.
"Mfasha vuba, maze umunsi wose mbabara ngerageza kubyara ariko umwana ntarasohoka kuva ijoro ryashize kandi sinshobora gusinzira. Naje mvuye kure.",kinyarwanda,CRITICAL,obstetric,kinyarwanda->kinyarwanda:CRITICAL:obstetric,Maze umunsi wose mbabara ngerageza kubyara ariko umwana ntarasohoka.,Maze umunsi wose mbabara ngerageza kubyara ariko umwana ntarasohoka.
"Mfasha vuba, iyo umwana wanjye amaze kurya, yumva inda itameze neza kuva ejo biragenda bikagaruka. Nkora iki?",kinyarwanda,ROUTINE,gastrointestinal,kinyarwanda->kinyarwanda:ROUTINE:gastrointestinal,"Iyo {REL} amaze kurya, yumva inda itameze neza.","Iyo {REL} amaze kurya, yumva inda itameze neza."
"Naje hano mbere, umugore wanjye afite ubushye bunini ku mubiri kuva ijoro ryashize kandi birushaho kuba bibi. Naje mvuye kure.",kinyarwanda,CRITICAL,haemorrhage_trauma,kinyarwanda->kinyarwanda:CRITICAL:haemorrhage_trauma,{REL} afite ubushye bunini ku mubiri.,Mfite ubushye bunini ku mubiri.
"Naje hano mbere, umukecuru ahumeka bimugora cyane ku buryo adashobora no kuvuga neza kuva ijoro ryashize kandi nta miti mfite",kinyarwanda,CRITICAL,cardiac_respiratory,kinyarwanda->kinyarwanda:CRITICAL:cardiac_respiratory,{REL} ahumeka bimugora cyane ku buryo adashobora no kuvuga neza.,Guhumeka birangora cyane ku buryo ntabasha no kuvuga neza.
"Nzanye umwana wanjye, umugore wanjye afite impiswi zirimo amaraso kuva hashize iminsi ibiri. Byatangiye gitunguranye. Mfasha muganga.",kinyarwanda,URGENT,gastrointestinal,kinyarwanda->kinyarwanda:URGENT:gastrointestinal,{REL} afite impiswi zirimo amaraso.,Mfite impiswi zirimo amaraso.
"Ndakeneye ubufasha, umugore wanjye araruka amaraso kuva mu masaha abiri ashize nta miti imfasha. Nkora iki?",kinyarwanda,CRITICAL,gastrointestinal,kinyarwanda->kinyarwanda:CRITICAL:gastrointestinal,{REL} araruka amaraso.,Ndaruka amaraso.
"Muganga, umugore wanjye aratwite kandi afite umuriro kuva hashize icyumweru nta miti imfasha. Ese ibi birakomeye?",kinyarwanda,URGENT,obstetric,kinyarwanda->kinyarwanda:URGENT:obstetric,{REL} aratwite kandi afite umuriro.,Ndatwite kandi mfite umuriro.
"Muraho, maze umunsi wose mbabara ngerageza kubyara ariko umwana ntarasohoka kuva mu masaha abiri ashize kandi birushaho kuba bibi. Ntabasha kubona amafaranga yo kongera kuza kwa muganga.",kinyarwanda,CRITICAL,obstetric,kinyarwanda->kinyarwanda:CRITICAL:obstetric,Maze umunsi wose mbabara ngerageza kubyara ariko umwana ntarasohoka.,Maze umunsi wose mbabara ngerageza kubyara ariko umwana ntarasohoka.
"Nyabuneka, mu gituza harandya cyane kandi ububabare bukagera no ku kuboko kuva mu gitondo bikarushaho nijoro. Ndakeneye ubufasha vuba.",kinyarwanda,CRITICAL,cardiac_respiratory,kinyarwanda->kinyarwanda:CRITICAL:cardiac_respiratory,mu gituza harandya cyane kandi ububabare bukagera no ku kuboko,mu gituza harandya cyane kandi ububabare bukagera no ku kuboko
"Mfasha, umwana wanjye afite umuriro mwinshi kandi yaragagaye kuva mu gitondo kandi nta miti mfite. Ntabasha kubona amafaranga yo kongera kuza kwa muganga.",kinyarwanda,CRITICAL,infectious_fever,kinyarwanda->kinyarwanda:CRITICAL:infectious_fever,{REL} afite umuriro mwinshi kandi yaragagaye.,Mfite umuriro mwinshi kandi nagagaye.
"Naje hano mbere, iyo maze kurya numva mu nda ntameze neza kuva ubu gitondo cya kare. Murakoze.",kinyarwanda,ROUTINE,gastrointestinal,kinyarwanda->kinyarwanda:ROUTINE:gastrointestinal,iyo maze kurya numva mu nda ntameze neza,"Iyo {REL} amaze kurya, yumva inda itameze neza."
"Muraho, mfite umwanda usa umukara kuva hashize iminsi itatu. Abandi bana na bo bafite iki kibazo. Naje mvuye kure.",kinyarwanda,CRITICAL,gastrointestinal,kinyarwanda->kinyarwanda:CRITICAL:gastrointestinal,Mfite umwanda usa umukara.,Mfite umwanda usa umukara.
"Simbizi niba bikomeye ariko, umwana wanjye afite umuriro mwinshi kandi ntarya kuva ubu gitondo cya kare. Mfasha muganga.",kinyarwanda,URGENT,paediatric,kinyarwanda->kinyarwanda:URGENT:paediatric,{REL} afite umuriro mwinshi kandi ntarya.,{REL} afite umuriro mwinshi kandi ntarya.
"Muganga, umukecuru ntashobora kuvuga neza kandi umunwa we waragoramye kuva mu masaha abiri ashize biragenda bikagaruka. Mfasha muganga.",kinyarwanda,CRITICAL,neurological,kinyarwanda->kinyarwanda:CRITICAL:neurological,{REL} ntashobora kuvuga neza kandi umunwa we waragoramye.,{REL} ntashobora kuvuga neza kandi umunwa we waragoramye.
"Simbizi niba bikomeye ariko, ndatwite, umutwe urandya cyane kandi sinshobora kureba neza kuva hashize iminsi itatu kandi nta miti mfite. Naje mvuye kure.",kinyarwanda,CRITICAL,obstetric,kinyarwanda->kinyarwanda:CRITICAL:obstetric,"Ndatwite, umutwe urandya cyane kandi sinshobora kureba neza.","Ndatwite, umutwe urandya cyane kandi sinshobora kureba neza."
"Mumbabarire, ndashaka kubabwira ikibazo mfite. Umuturanyi wanjye arakomeza kuruka kandi ntashobora kurya kuva mu masaha abiri ashize kandi sinshobora gusinzira. Ntegereze cyangwa nsuzumwe ubu?",kinyarwanda,URGENT,gastrointestinal,kinyarwanda->kinyarwanda:URGENT:gastrointestinal,{REL} arakomeza kuruka kandi ntashobora kurya.,ndakomeza kuruka kandi sinshobora kurya
"Mfasha vuba, papa amaze ibyumweru birenga bibiri arwaye impiswi kuva ijoro ryashize bikarushaho nijoro. Ntabasha kubona amafaranga yo kongera kuza kwa muganga.",kinyarwanda,URGENT,gastrointestinal,kinyarwanda->kinyarwanda:URGENT:gastrointestinal,{REL} amaze ibyumweru birenga bibiri arwaye impiswi.,Maze ibyumweru birenga bibiri ndwaye impiswi.
"Naje hano mbere, umugore wanjye yataye ubwenge kandi ntasubiza kuva mu cyumweru gishize. Byatangiye gitunguranye. Ni imiti ki nafata?",kinyarwanda,CRITICAL,neurological,kinyarwanda->kinyarwanda:CRITICAL:neurological,{REL} yataye ubwenge kandi ntasubiza.,{REL} yataye ubwenge kandi ntasubiza.
"Ndashaka kukubwira ikibazo mfite. Umwana wanjye afite umuriro woroheje umaze umunsi umwe, ariko nta kindi kibazo afite kuva hashize iminsi ibiri kandi nta miti mfite. Urakoze.",kinyarwanda,ROUTINE,infectious_fever,kinyarwanda->kinyarwanda:ROUTINE:infectious_fever,"{REL} afite umuriro woroheje umaze umunsi umwe, ariko nta kindi kibazo afite.","mfite umuriro woroheje umaze umunsi umwe, ariko nta kindi kibazo mfite"
"Mumbabarire, ndashaka kubabwira ikibazo mfite. Ndatwite kandi ndashaka kujya kwa muganga kwisuzumisha kuva ijoro ryashize kandi birushaho kuba bibi. Ndakeneye ubufasha vuba.",kinyarwanda,ROUTINE,obstetric,kinyarwanda->kinyarwanda:ROUTINE:obstetric,Ndatwite kandi ndashaka kujya kwa muganga kwisuzumisha.,Ndatwite kandi ndashaka kujya kwa muganga kwisuzumisha.
"Nyabuneka, maze ibyumweru birenga bibiri nkorora kandi natangiye no kunanuka kuva hashize iminsi itatu biragenda bikagaruka. Urakoze.",kinyarwanda,URGENT,cardiac_respiratory,kinyarwanda->kinyarwanda:URGENT:cardiac_respiratory,Maze ibyumweru birenga bibiri nkorora kandi natangiye no kunanuka.,Maze ibyumweru birenga bibiri nkorora kandi natangiye no kunanuka.
"Ndakeneye ubufasha, umwana wanjye yagagaye kandi arimo guhinda umushyitsi kuva hashize icyumweru kandi sinshobora gusinzira. Naje mvuye kure.",kinyarwanda,CRITICAL,neurological,kinyarwanda->kinyarwanda:CRITICAL:neurological,{REL} yagagaye kandi arimo guhinda umushyitsi.,{REL} yagagaye kandi arimo guhinda umushyitsi.
"Muraho, umugore wanjye ashaka ko bapima ibiro by'umwana we kuva ubu gitondo cya kare. Ndakeneye ubufasha vuba.",kinyarwanda,ROUTINE,paediatric,kinyarwanda->kinyarwanda:ROUTINE:paediatric,{REL} ashaka ko bapima ibiro by'umwana we.,Ndashaka ko bapima ibiro by'umwana wanjye.
"Nzanye umwana wanjye, mu rugo hari umuntu urwaye igituntu kandi ndashaka kwisuzumisha kuva hashize iminsi ibiri biragenda bikagaruka. Ntegereze cyangwa nsuzumwe ubu?",kinyarwanda,URGENT,preventive,kinyarwanda->kinyarwanda:URGENT:preventive,Mu rugo hari umuntu urwaye igituntu kandi ndashaka kwisuzumisha.,Mu rugo hari umuntu urwaye igituntu kandi ndashaka kwisuzumisha.
Ndashaka kukubwira ikibazo mfite. Mfite gahunda yo kwisuzumisha buri mwaka kuva mu gitondo bikarushaho nijoro,kinyarwanda,ROUTINE,preventive,kinyarwanda->kinyarwanda:ROUTINE:preventive,Mfite gahunda yo kwisuzumisha buri mwaka.,Mfite gahunda yo kwisuzumisha buri mwaka.
"Muraho, umugabo wanjye afite igikomere ku mutwe nyuma yo kugwa kuva ubu gitondo cya kare kandi birushaho kuba bibi. Ni imiti ki nafata?",kinyarwanda,CRITICAL,haemorrhage_trauma,kinyarwanda->kinyarwanda:CRITICAL:haemorrhage_trauma,{REL} afite igikomere ku mutwe nyuma yo kugwa.,mfite igikomere ku mutwe nyuma yo kugwa
"Muraho, ndumva naniwe ariko si cyane kuva hashize iminsi itatu",kinyarwanda,ROUTINE,neurological,kinyarwanda->kinyarwanda:ROUTINE:neurological,ndumva naniwe ariko si cyane,ndumva naniwe ariko si cyane
"Simbizi niba bikomeye ariko, mama ashaka kugirwa inama ku mazi yo kunywa nta miti imfasha. Ntabasha kubona amafaranga yo kongera kuza kwa muganga.",kinyarwanda,ROUTINE,preventive,kinyarwanda->kinyarwanda:ROUTINE:preventive,{REL} ashaka kugirwa inama ku mazi yo kunywa.,Ndashaka kugirwa inama ku mazi yo kunywa.
"Mfasha vuba, umutima uratera cyane kandi nkumva umeze nk'aho uhagarara kuva mu gitondo kandi sinshobora gusinzira. Ese ibi birakomeye?",kinyarwanda,CRITICAL,cardiac_respiratory,kinyarwanda->kinyarwanda:CRITICAL:cardiac_respiratory,umutima uratera cyane kandi nkumva umeze nk'aho uhagarara,umutima uratera cyane kandi nkumva umeze nk'aho uhagarara
"Nyabuneka, ndashaka imiti y'inzoka y'umwana wanjye kuva mu gitondo biragenda bikagaruka. Ese ibi birakomeye?",kinyarwanda,ROUTINE,preventive,kinyarwanda->kinyarwanda:ROUTINE:preventive,Ndashaka imiti y'inzoka y'umwana wanjye.,Ndashaka imiti y'inzoka y'umwana wanjye.
"Nyabuneka, ndabyara ariko habanje gusohoka umugozi w'umwana kuva mu masaha abiri ashize kandi ndahangayitse. Nkora iki?",kinyarwanda,CRITICAL,obstetric,kinyarwanda->kinyarwanda:CRITICAL:obstetric,Ndabyara ariko habanje gusohoka umugozi w'umwana.,Ndabyara ariko habanje gusohoka umugozi w'umwana.
"Mfasha vuba, iyo maze kurya numva mu nda ntameze neza kuva hashize iminsi ibiri biragenda bikagaruka. Murakoze.",kinyarwanda,ROUTINE,gastrointestinal,kinyarwanda->kinyarwanda:ROUTINE:gastrointestinal,iyo maze kurya numva mu nda ntameze neza,"Iyo {REL} amaze kurya, yumva inda itameze neza."
"Nyabuneka, uruhande rumwe rw'umubiri we ntirukora kuva mu gitondo kandi sinshobora gusinzira. Ni imiti ki nafata?",kinyarwanda,CRITICAL,neurological,kinyarwanda->kinyarwanda:CRITICAL:neurological,Uruhande rumwe rw'umubiri we ntirukora.,Uruhande rumwe rw'umubiri we ntirukora.
"Mfasha vuba, mfite igikomere ku mutwe nyuma yo kugwa kuva mu cyumweru gishize. Abandi bana na bo bafite iki kibazo. Ni imiti ki nafata?",kinyarwanda,CRITICAL,haemorrhage_trauma,kinyarwanda->kinyarwanda:CRITICAL:haemorrhage_trauma,mfite igikomere ku mutwe nyuma yo kugwa,mfite igikomere ku mutwe nyuma yo kugwa
"Naje hano mbere, nyuma yo kubyara, umuturanyi wanjye afite umuriro kandi hari ibintu bisohoka bifite impumuro mbi kuva ejo. Naje mvuye kure.",kinyarwanda,CRITICAL,obstetric,kinyarwanda->kinyarwanda:CRITICAL:obstetric,"Nyuma yo kubyara, {REL} afite umuriro kandi hari ibintu bisohoka bifite impumuro mbi.",Nyuma yo kubyara mfite umuriro kandi hari ibintu bisohoka bifite impumuro mbi.
"Naje hano mbere, papa arababara cyane mu gituza kandi ububabare bukagera no ku kuboko. Abandi bana na bo bafite iki kibazo.",kinyarwanda,CRITICAL,cardiac_respiratory,kinyarwanda->kinyarwanda:CRITICAL:cardiac_respiratory,{REL} arababara cyane mu gituza kandi ububabare bukagera no ku kuboko.,mu gituza harandya cyane kandi ububabare bukagera no ku kuboko
"Simbizi niba bikomeye ariko, ndatwite, umutwe urandya cyane kandi sinshobora kureba neza kuva hashize iminsi ibiri kandi birushaho kuba bibi. Ese ibi birakomeye?",kinyarwanda,CRITICAL,obstetric,kinyarwanda->kinyarwanda:CRITICAL:obstetric,"Ndatwite, umutwe urandya cyane kandi sinshobora kureba neza.","Ndatwite, umutwe urandya cyane kandi sinshobora kureba neza."
"Ndakeneye ubufasha, amazi yamenetse ariko igihe cyo kubyara ntikiragera nta miti imfasha. Ntegereze cyangwa nsuzumwe ubu?",kinyarwanda,URGENT,obstetric,kinyarwanda->kinyarwanda:URGENT:obstetric,Amazi yamenetse ariko igihe cyo kubyara ntikiragera.,Amazi yamenetse ariko igihe cyo kubyara ntikiragera.
Ndashaka kukubwira ikibazo mfite. Mama aratwite kandi afite umuriro kuva hashize icyumweru kandi ndahangayitse. Murakoze.,kinyarwanda,URGENT,obstetric,kinyarwanda->kinyarwanda:URGENT:obstetric,{REL} aratwite kandi afite umuriro.,Ndatwite kandi mfite umuriro.
"Muganga, mushiki wanjye aratwite kandi yaragagaye kuva hashize iminsi itatu. Byatangiye gitunguranye. Naje mvuye kure.",kinyarwanda,CRITICAL,obstetric,kinyarwanda->kinyarwanda:CRITICAL:obstetric,{REL} aratwite kandi yaragagaye.,Ndatwite kandi nagagaye.
Nkorora gake ariko nta muriro mfite kuva hashize icyumweru bikarushaho nijoro,kinyarwanda,ROUTINE,cardiac_respiratory,kinyarwanda->kinyarwanda:ROUTINE:cardiac_respiratory,Nkorora gake ariko nta muriro mfite.,Nkorora gake ariko nta muriro mfite.
"Mfasha vuba, umuturanyi wanjye amaze ibyumweru birenga bibiri arwaye impiswi kandi sinshobora gusinzira. Mfasha muganga.",kinyarwanda,URGENT,gastrointestinal,kinyarwanda->kinyarwanda:URGENT:gastrointestinal,{REL} amaze ibyumweru birenga bibiri arwaye impiswi.,Maze ibyumweru birenga bibiri ndwaye impiswi.
Ndashaka kukubwira ikibazo mfite. Papa amaze ibyumweru birenga bibiri arwaye impiswi kuva mu masaha abiri ashize. Mfasha muganga.,kinyarwanda,URGENT,gastrointestinal,kinyarwanda->kinyarwanda:URGENT:gastrointestinal,{REL} amaze ibyumweru birenga bibiri arwaye impiswi.,Maze ibyumweru birenga bibiri ndwaye impiswi.
"Ndakeneye ubufasha, papa ashaka inama ku biryo byo kugaburira umwana we kuva hashize iminsi itatu. Byatangiye gitunguranye. Ese ibi birakomeye?",kinyarwanda,ROUTINE,preventive,kinyarwanda->kinyarwanda:ROUTINE:preventive,{REL} ashaka inama ku biryo byo kugaburira umwana we.,Ndashaka inama ku biryo byo kugaburira umwana wanjye.
Ndashaka kukubwira ikibazo mfite. Ndatwite kandi nagagaye kuva ijoro ryashize. Abandi bana na bo bafite iki kibazo. Naje mvuye kure.,kinyarwanda,CRITICAL,obstetric,kinyarwanda->kinyarwanda:CRITICAL:obstetric,Ndatwite kandi nagagaye.,Ndatwite kandi nagagaye.
Mama arava amaraso menshi nyuma yo kubyara kuva mu gitondo bikarushaho nijoro. Ni imiti ki nafata?,kinyarwanda,CRITICAL,obstetric,kinyarwanda->kinyarwanda:CRITICAL:obstetric,{REL} arava amaraso menshi nyuma yo kubyara.,ndava amaraso menshi nyuma yo kubyara
"Ndakeneye ubufasha, ndatwite kandi mfite umuriro kuva ejo biragenda bikagaruka. Naje mvuye kure.",kinyarwanda,URGENT,obstetric,kinyarwanda->kinyarwanda:URGENT:obstetric,Ndatwite kandi mfite umuriro.,Ndatwite kandi mfite umuriro.
"Naje hano mbere, uruhande rumwe rw'umubiri we ntirukora kuva hashize iminsi itatu kandi sinshobora gusinzira. Ese ibi birakomeye?",kinyarwanda,CRITICAL,neurological,kinyarwanda->kinyarwanda:CRITICAL:neurological,Uruhande rumwe rw'umubiri we ntirukora.,Uruhande rumwe rw'umubiri we ntirukora.
"Ndakeneye ubufasha, ndabyara ariko habanje gusohoka umugozi w'umwana kuva hashize icyumweru. Byatangiye gitunguranye. Ndakeneye ubufasha vuba.",kinyarwanda,CRITICAL,obstetric,kinyarwanda->kinyarwanda:CRITICAL:obstetric,Ndabyara ariko habanje gusohoka umugozi w'umwana.,Ndabyara ariko habanje gusohoka umugozi w'umwana.
"Mfasha vuba, guhumeka birangora cyane ku buryo ntabasha no kuvuga neza kuva mu masaha abiri ashize kandi nta miti mfite. Ntegereze cyangwa nsuzumwe ubu?",kinyarwanda,CRITICAL,cardiac_respiratory,kinyarwanda->kinyarwanda:CRITICAL:cardiac_respiratory,Guhumeka birangora cyane ku buryo ntabasha no kuvuga neza.,Guhumeka birangora cyane ku buryo ntabasha no kuvuga neza.
"Mfasha, mfite gahunda yo kwisuzumisha buri mwaka kuva mu gitondo. Abandi bana na bo bafite iki kibazo. Naje mvuye kure.",kinyarwanda,ROUTINE,preventive,kinyarwanda->kinyarwanda:ROUTINE:preventive,Mfite gahunda yo kwisuzumisha buri mwaka.,Mfite gahunda yo kwisuzumisha buri mwaka.
"Mfasha, umwana wanjye isukari yo mu maraso ye yazamutse cyane kuva mu gitondo kandi nta miti mfite. Ntabasha kubona amafaranga yo kongera kuza kwa muganga.",kinyarwanda,URGENT,chronic_care,kinyarwanda->kinyarwanda:URGENT:chronic_care,{REL} isukari yo mu maraso ye yazamutse cyane.,isukari yo mu maraso yanjye yazamutse cyane
"Mfasha, mu gituza harandya cyane kandi ububabare bukagera no ku kuboko kuva ejo. Ntegereze cyangwa nsuzumwe ubu?",kinyarwanda,CRITICAL,cardiac_respiratory,kinyarwanda->kinyarwanda:CRITICAL:cardiac_respiratory,mu gituza harandya cyane kandi ububabare bukagera no ku kuboko,mu gituza harandya cyane kandi ububabare bukagera no ku kuboko
"Nyabuneka, mama ashaka kugirwa inama ku mazi yo kunywa kuva ejo biragenda bikagaruka",kinyarwanda,ROUTINE,preventive,kinyarwanda->kinyarwanda:ROUTINE:preventive,{REL} ashaka kugirwa inama ku mazi yo kunywa.,Ndashaka kugirwa inama ku mazi yo kunywa.
"Ndakeneye ubufasha, papa ari kuva amaraso menshi kandi ntahagarara kuva ejo kandi sinshobora gusinzira. Ni imiti ki nafata?",kinyarwanda,CRITICAL,haemorrhage_trauma,kinyarwanda->kinyarwanda:CRITICAL:haemorrhage_trauma,{REL} ari kuva amaraso menshi kandi ntahagarara.,ndi kuva amaraso menshi kandi ntahagarara
"Muganga, mushiki wanjye ashaka ko bapima SIDA kuva ejo bikarushaho nijoro. Murakoze.",kinyarwanda,ROUTINE,preventive,kinyarwanda->kinyarwanda:ROUTINE:preventive,{REL} ashaka ko bapima SIDA.,Ndashaka ko bapima SIDA.
"Muraho, nkorora gake ariko nta muriro mfite kuva ejo. Abandi bana na bo bafite iki kibazo. Urakoze.",kinyarwanda,ROUTINE,cardiac_respiratory,kinyarwanda->kinyarwanda:ROUTINE:cardiac_respiratory,Nkorora gake ariko nta muriro mfite.,Nkorora gake ariko nta muriro mfite.
"Nzanye umwana wanjye, umukecuru afite igikomere cyanduye, kiratukura kandi kirimo amashyira kuva hashize iminsi ibiri. Byatangiye gitunguranye. Ndakeneye ubufasha vuba.",kinyarwanda,URGENT,haemorrhage_trauma,kinyarwanda->kinyarwanda:URGENT:haemorrhage_trauma,"{REL} afite igikomere cyanduye, kiratukura kandi kirimo amashyira.","mfite igikomere cyanduye, kiratukura kandi kirimo amashyira"
Ndashaka kukubwira ikibazo mfite. Ndatwite kandi ndashaka kujya kwa muganga kwisuzumisha kuva hashize icyumweru biragenda bikagaruka. Ese ibi birakomeye?,kinyarwanda,ROUTINE,obstetric,kinyarwanda->kinyarwanda:ROUTINE:obstetric,Ndatwite kandi ndashaka kujya kwa muganga kwisuzumisha.,Ndatwite kandi ndashaka kujya kwa muganga kwisuzumisha.
Ndashaka kukubwira ikibazo mfite. Ndumva naniwe ariko si cyane kuva hashize iminsi itatu biragenda bikagaruka. Ndakeneye ubufasha vuba.,kinyarwanda,ROUTINE,neurological,kinyarwanda->kinyarwanda:ROUTINE:neurological,ndumva naniwe ariko si cyane,ndumva naniwe ariko si cyane
"Mfasha vuba, mama nta miti ya SIDA afite kuva ijoro ryashize kandi ndahangayitse. Ndakeneye ubufasha vuba.",kinyarwanda,URGENT,chronic_care,kinyarwanda->kinyarwanda:URGENT:chronic_care,{REL} nta miti ya SIDA afite.,Nta miti ya SIDA mfite.
"Naje hano mbere, umukecuru afite umuriro mwinshi kandi yaragagaye kuva mu masaha abiri ashize nta miti imfasha. Ntegereze cyangwa nsuzumwe ubu?",kinyarwanda,CRITICAL,infectious_fever,kinyarwanda->kinyarwanda:CRITICAL:infectious_fever,{REL} afite umuriro mwinshi kandi yaragagaye.,Mfite umuriro mwinshi kandi nagagaye.
"Naje hano mbere, mfite igikomere gito kandi amaraso yarahagaze. Ni imiti ki nafata?",kinyarwanda,ROUTINE,haemorrhage_trauma,kinyarwanda->kinyarwanda:ROUTINE:haemorrhage_trauma,Mfite igikomere gito kandi amaraso yarahagaze.,Mfite igikomere gito kandi amaraso yarahagaze.
"Simbizi niba bikomeye ariko, mushiki wanjye ntashobora kuvuga neza kandi umunwa we waragoramye kuva hashize iminsi itatu biragenda bikagaruka. Mfasha muganga.",kinyarwanda,CRITICAL,neurological,kinyarwanda->kinyarwanda:CRITICAL:neurological,{REL} ntashobora kuvuga neza kandi umunwa we waragoramye.,{REL} ntashobora kuvuga neza kandi umunwa we waragoramye.
"Ndakeneye ubufasha, ndava amaraso menshi nyuma yo kubyara kuva mu gitondo. Ndakeneye ubufasha vuba.",kinyarwanda,CRITICAL,obstetric,kinyarwanda->kinyarwanda:CRITICAL:obstetric,ndava amaraso menshi nyuma yo kubyara,ndava amaraso menshi nyuma yo kubyara
"Nyabuneka, mfite umwanda usa umukara kuva mu gitondo nta miti imfasha. Mfasha muganga.",kinyarwanda,CRITICAL,gastrointestinal,kinyarwanda->kinyarwanda:CRITICAL:gastrointestinal,Mfite umwanda usa umukara.,Mfite umwanda usa umukara.
"Mfasha, umukecuru afite ububabare bukabije mu nda kuva ijoro ryashize. Abandi bana na bo bafite iki kibazo. Murakoze.",kinyarwanda,URGENT,gastrointestinal,kinyarwanda->kinyarwanda:URGENT:gastrointestinal,{REL} afite ububabare bukabije mu nda.,Mfite ububabare bukabije mu nda.
"Mfasha vuba, ndashaka imiti y'inzoka y'umwana wanjye kuva ubu gitondo cya kare nta miti imfasha. Nkora iki?",kinyarwanda,ROUTINE,preventive,kinyarwanda->kinyarwanda:ROUTINE:preventive,Ndashaka imiti y'inzoka y'umwana wanjye.,Ndashaka imiti y'inzoka y'umwana wanjye.
"Mfasha vuba, mfite umwanda usa umukara kandi birushaho kuba bibi",kinyarwanda,CRITICAL,gastrointestinal,kinyarwanda->kinyarwanda:CRITICAL:gastrointestinal,Mfite umwanda usa umukara.,Mfite umwanda usa umukara.
"Muganga, papa arababara cyane mu gituza kandi ububabare bukagera no ku kuboko. Abandi bana na bo bafite iki kibazo. Ese ibi birakomeye?",kinyarwanda,CRITICAL,cardiac_respiratory,kinyarwanda->kinyarwanda:CRITICAL:cardiac_respiratory,{REL} arababara cyane mu gituza kandi ububabare bukagera no ku kuboko.,mu gituza harandya cyane kandi ububabare bukagera no ku kuboko
"Nyabuneka, papa ashaka imiti y'inzoka y'umwana we kuva ijoro ryashize. Byatangiye gitunguranye.",kinyarwanda,ROUTINE,preventive,kinyarwanda->kinyarwanda:ROUTINE:preventive,{REL} ashaka imiti y'inzoka y'umwana we.,Ndashaka imiti y'inzoka y'umwana wanjye.
"Ndashaka kukubwira ikibazo mfite. Iyo mpumeka, numva igituza gifashe kandi mpumeka nkumva hari ijwi ridasanzwe kuva hashize iminsi itatu kandi birushaho kuba bibi. Nkora iki?",kinyarwanda,URGENT,cardiac_respiratory,kinyarwanda->kinyarwanda:URGENT:cardiac_respiratory,"Iyo mpumeka, numva igituza gifashe kandi mpumeka nkumva hari ijwi ridasanzwe.","Iyo mpumeka, numva igituza gifashe kandi mpumeka nkumva hari ijwi ridasanzwe."
"Muraho, umugore wanjye ashaka kugirwa inama ku mazi yo kunywa kuva ejo kandi ndahangayitse. Nkora iki?",kinyarwanda,ROUTINE,preventive,kinyarwanda->kinyarwanda:ROUTINE:preventive,{REL} ashaka kugirwa inama ku mazi yo kunywa.,Ndashaka kugirwa inama ku mazi yo kunywa.
"Naje hano mbere, umukecuru afite ubushye bunini ku mubiri kuva mu masaha abiri ashize bikarushaho nijoro. Ese ibi birakomeye?",kinyarwanda,CRITICAL,haemorrhage_trauma,kinyarwanda->kinyarwanda:CRITICAL:haemorrhage_trauma,{REL} afite ubushye bunini ku mubiri.,Mfite ubushye bunini ku mubiri.
"Mfasha vuba, papa afite umuriro mwinshi kandi yaragagaye kuva hashize icyumweru bikarushaho nijoro. Ndakeneye ubufasha vuba.",kinyarwanda,CRITICAL,infectious_fever,kinyarwanda->kinyarwanda:CRITICAL:infectious_fever,{REL} afite umuriro mwinshi kandi yaragagaye.,Mfite umuriro mwinshi kandi nagagaye.
"Muraho, umwana wanjye afite umuhaha kuva mu masaha abiri ashize biragenda bikagaruka. Nkora iki?",kinyarwanda,URGENT,paediatric,kinyarwanda->kinyarwanda:URGENT:paediatric,{REL} afite umuhaha.,Mfite umuhaha.
"Muraho, ndatwite kandi ndashaka kujya kwa muganga kwisuzumisha kuva mu cyumweru gishize bikarushaho nijoro. Ntegereze cyangwa nsuzumwe ubu?",kinyarwanda,ROUTINE,obstetric,kinyarwanda->kinyarwanda:ROUTINE:obstetric,Ndatwite kandi ndashaka kujya kwa muganga kwisuzumisha.,Ndatwite kandi ndashaka kujya kwa muganga kwisuzumisha.
"Naje hano mbere, ndava amaraso menshi nyuma yo kubyara kuva ijoro ryashize. Abandi bana na bo bafite iki kibazo. Ntegereze cyangwa nsuzumwe ubu?",kinyarwanda,CRITICAL,obstetric,kinyarwanda->kinyarwanda:CRITICAL:obstetric,ndava amaraso menshi nyuma yo kubyara,ndava amaraso menshi nyuma yo kubyara
"Muganga, mfite umuhaha kuva ijoro ryashize kandi ndahangayitse. Ni imiti ki nafata?",kinyarwanda,URGENT,paediatric,kinyarwanda->kinyarwanda:URGENT:paediatric,Mfite umuhaha.,Mfite umuhaha.
Ndashaka kukubwira ikibazo mfite. Umuturanyi wanjye amaze ibyumweru birenga bibiri akorora kandi yatangiye no kunanuka kuva mu cyumweru gishize. Abandi bana na bo bafite iki kibazo. Ndakeneye ubufasha vuba.,kinyarwanda,URGENT,cardiac_respiratory,kinyarwanda->kinyarwanda:URGENT:cardiac_respiratory,{REL} amaze ibyumweru birenga bibiri akorora kandi yatangiye no kunanuka.,Maze ibyumweru birenga bibiri nkorora kandi natangiye no kunanuka.
"Simbizi niba bikomeye ariko, mfite igikomere gito kandi amaraso yarahagaze. Murakoze.",kinyarwanda,ROUTINE,haemorrhage_trauma,kinyarwanda->kinyarwanda:ROUTINE:haemorrhage_trauma,Mfite igikomere gito kandi amaraso yarahagaze.,Mfite igikomere gito kandi amaraso yarahagaze.
"Muraho, umwana wanjye nta miti ya SIDA afite kuva mu gitondo kandi nta miti mfite. Mfasha muganga.",kinyarwanda,URGENT,chronic_care,kinyarwanda->kinyarwanda:URGENT:chronic_care,{REL} nta miti ya SIDA afite.,Nta miti ya SIDA mfite.
"Mfasha vuba, umugore wanjye afite impiswi zikomeye kandi yagize umwuma kuva ijoro ryashize kandi ndahangayitse. Ni imiti ki nafata?",kinyarwanda,CRITICAL,gastrointestinal,kinyarwanda->kinyarwanda:CRITICAL:gastrointestinal,{REL} afite impiswi zikomeye kandi yagize umwuma.,{REL} afite impiswi zikomeye kandi yagize umwuma.
Mfite gahunda yo kwisuzumisha buri mwaka kuva mu gitondo kandi sinshobora gusinzira. Ntegereze cyangwa nsuzumwe ubu?,kinyarwanda,ROUTINE,preventive,kinyarwanda->kinyarwanda:ROUTINE:preventive,Mfite gahunda yo kwisuzumisha buri mwaka.,Mfite gahunda yo kwisuzumisha buri mwaka.
"Muganga, mfite gahunda yo kwisuzumisha buri mwaka kuva hashize icyumweru kandi ndahangayitse. Ntabasha kubona amafaranga yo kongera kuza kwa muganga.",kinyarwanda,ROUTINE,preventive,kinyarwanda->kinyarwanda:ROUTINE:preventive,Mfite gahunda yo kwisuzumisha buri mwaka.,Mfite gahunda yo kwisuzumisha buri mwaka.
"Muganga, mushiki wanjye amaze ibyumweru birenga bibiri akorora kandi yatangiye no kunanuka kuva ejo biragenda bikagaruka. Murakoze.",kinyarwanda,URGENT,cardiac_respiratory,kinyarwanda->kinyarwanda:URGENT:cardiac_respiratory,{REL} amaze ibyumweru birenga bibiri akorora kandi yatangiye no kunanuka.,Maze ibyumweru birenga bibiri nkorora kandi natangiye no kunanuka.
"Mumbabarire, ndashaka kubabwira ikibazo mfite. Mfite umuriro mwinshi kandi ndakorora cyane kuva ijoro ryashize kandi birushaho kuba bibi. Ntabasha kubona amafaranga yo kongera kuza kwa muganga.",kinyarwanda,URGENT,infectious_fever,kinyarwanda->kinyarwanda:URGENT:infectious_fever,mfite umuriro mwinshi kandi ndakorora cyane,mfite umuriro mwinshi kandi ndakorora cyane
"Mfasha vuba, mushiki wanjye aratwite kandi afite umuriro kuva hashize iminsi ibiri. Ndakeneye ubufasha vuba.",kinyarwanda,URGENT,obstetric,kinyarwanda->kinyarwanda:URGENT:obstetric,{REL} aratwite kandi afite umuriro.,Ndatwite kandi mfite umuriro.
"Muganga, umwana wanjye afite igikomere ku mutwe nyuma yo kugwa kuva mu cyumweru gishize kandi sinshobora gusinzira. Ni imiti ki nafata?",kinyarwanda,CRITICAL,haemorrhage_trauma,kinyarwanda->kinyarwanda:CRITICAL:haemorrhage_trauma,{REL} afite igikomere ku mutwe nyuma yo kugwa.,mfite igikomere ku mutwe nyuma yo kugwa
Ndashaka kukubwira ikibazo mfite. Umwana wanjye afite impiswi zikomeye kandi yagize umwuma kuva mu masaha abiri ashize bikarushaho nijoro. Ndakeneye ubufasha vuba.,kinyarwanda,CRITICAL,gastrointestinal,kinyarwanda->kinyarwanda:CRITICAL:gastrointestinal,{REL} afite impiswi zikomeye kandi yagize umwuma.,{REL} afite impiswi zikomeye kandi yagize umwuma.
"Muraho, papa ashaka ko bapima SIDA kuva mu masaha abiri ashize. Byatangiye gitunguranye. Ni imiti ki nafata?",kinyarwanda,ROUTINE,preventive,kinyarwanda->kinyarwanda:ROUTINE:preventive,{REL} ashaka ko bapima SIDA.,Ndashaka ko bapima SIDA.
"Mfasha vuba, ndashaka kujya kwa muganga kwisuzumisha SIDA kuva ejo kandi birushaho kuba bibi. Ntabasha kubona amafaranga yo kongera kuza kwa muganga.",kinyarwanda,ROUTINE,chronic_care,kinyarwanda->kinyarwanda:ROUTINE:chronic_care,Ndashaka kujya kwa muganga kwisuzumisha SIDA.,Ndashaka kujya kwa muganga kwisuzumisha SIDA.
"Nyabuneka, papa ari kuva amaraso menshi kandi ntahagarara kuva mu masaha abiri ashize",kinyarwanda,CRITICAL,haemorrhage_trauma,kinyarwanda->kinyarwanda:CRITICAL:haemorrhage_trauma,{REL} ari kuva amaraso menshi kandi ntahagarara.,ndi kuva amaraso menshi kandi ntahagarara
"Muganga, mu gituza harandya cyane kandi ububabare bukagera no ku kuboko. Abandi bana na bo bafite iki kibazo. Ntegereze cyangwa nsuzumwe ubu?",kinyarwanda,CRITICAL,cardiac_respiratory,kinyarwanda->kinyarwanda:CRITICAL:cardiac_respiratory,mu gituza harandya cyane kandi ububabare bukagera no ku kuboko,mu gituza harandya cyane kandi ububabare bukagera no ku kuboko
"Simbizi niba bikomeye ariko, iyo mpumeka, numva igituza gifashe kandi mpumeka nkumva hari ijwi ridasanzwe kuva ijoro ryashize kandi birushaho kuba bibi. Urakoze.",kinyarwanda,URGENT,cardiac_respiratory,kinyarwanda->kinyarwanda:URGENT:cardiac_respiratory,"Iyo mpumeka, numva igituza gifashe kandi mpumeka nkumva hari ijwi ridasanzwe.","Iyo mpumeka, numva igituza gifashe kandi mpumeka nkumva hari ijwi ridasanzwe."
"Muganga, umwana wanjye afite igikomere gito kandi amaraso yarahagaze kuva mu masaha abiri ashize kandi birushaho kuba bibi. Nkora iki?",kinyarwanda,ROUTINE,haemorrhage_trauma,kinyarwanda->kinyarwanda:ROUTINE:haemorrhage_trauma,{REL} afite igikomere gito kandi amaraso yarahagaze.,Mfite igikomere gito kandi amaraso yarahagaze.
"Simbizi niba bikomeye ariko, mfite umuriro mwinshi kandi ndakorora cyane kuva hashize iminsi itatu kandi nta miti mfite. Urakoze.",kinyarwanda,URGENT,infectious_fever,kinyarwanda->kinyarwanda:URGENT:infectious_fever,mfite umuriro mwinshi kandi ndakorora cyane,mfite umuriro mwinshi kandi ndakorora cyane
"Nyabuneka, iyo mpumeka, numva igituza gifashe kandi mpumeka nkumva hari ijwi ridasanzwe kuva ubu gitondo cya kare. Abandi bana na bo bafite iki kibazo. Murakoze.",kinyarwanda,URGENT,cardiac_respiratory,kinyarwanda->kinyarwanda:URGENT:cardiac_respiratory,"Iyo mpumeka, numva igituza gifashe kandi mpumeka nkumva hari ijwi ridasanzwe.","Iyo mpumeka, numva igituza gifashe kandi mpumeka nkumva hari ijwi ridasanzwe."
"Ndakeneye ubufasha, ndaruka cyane kandi numva mfite intege nke kuva mu masaha abiri ashize bikarushaho nijoro. Murakoze.",kinyarwanda,URGENT,gastrointestinal,kinyarwanda->kinyarwanda:URGENT:gastrointestinal,ndaruka cyane kandi numva mfite intege nke,ndaruka cyane kandi numva mfite intege nke
"Mfasha vuba, mushiki wanjye nta miti ya SIDA afite kuva ubu gitondo cya kare kandi nta miti mfite. Naje mvuye kure.",kinyarwanda,URGENT,chronic_care,kinyarwanda->kinyarwanda:URGENT:chronic_care,{REL} nta miti ya SIDA afite.,Nta miti ya SIDA mfite.
"Nyabuneka, ndumva naniwe ariko si cyane kuva hashize iminsi itatu biragenda bikagaruka. Nkora iki?",kinyarwanda,ROUTINE,neurological,kinyarwanda->kinyarwanda:ROUTINE:neurological,ndumva naniwe ariko si cyane,ndumva naniwe ariko si cyane
"Naje hano mbere, nkorora gake ariko nta muriro mfite kuva hashize iminsi ibiri. Byatangiye gitunguranye. Murakoze.",kinyarwanda,ROUTINE,cardiac_respiratory,kinyarwanda->kinyarwanda:ROUTINE:cardiac_respiratory,Nkorora gake ariko nta muriro mfite.,Nkorora gake ariko nta muriro mfite.
"Nyabuneka, umugore wanjye arava amaraso menshi nyuma yo kubyara kuva ejo bikarushaho nijoro. Ni imiti ki nafata?",kinyarwanda,CRITICAL,obstetric,kinyarwanda->kinyarwanda:CRITICAL:obstetric,{REL} arava amaraso menshi nyuma yo kubyara.,ndava amaraso menshi nyuma yo kubyara
"Ndakeneye ubufasha, mama nta miti ya SIDA afite kuva hashize iminsi itatu bikarushaho nijoro. Nkora iki?",kinyarwanda,URGENT,chronic_care,kinyarwanda->kinyarwanda:URGENT:chronic_care,{REL} nta miti ya SIDA afite.,Nta miti ya SIDA mfite.
"Mfasha, umugabo wanjye afite igikomere ku mutwe nyuma yo kugwa kuva mu gitondo kandi nta miti mfite. Ni imiti ki nafata?",kinyarwanda,CRITICAL,haemorrhage_trauma,kinyarwanda->kinyarwanda:CRITICAL:haemorrhage_trauma,{REL} afite igikomere ku mutwe nyuma yo kugwa.,mfite igikomere ku mutwe nyuma yo kugwa
"Simbizi niba bikomeye ariko, umwana wanjye ashaka ko bapima SIDA kuva hashize iminsi ibiri. Abandi bana na bo bafite iki kibazo. Naje mvuye kure.",kinyarwanda,ROUTINE,preventive,kinyarwanda->kinyarwanda:ROUTINE:preventive,{REL} ashaka ko bapima SIDA.,Ndashaka ko bapima SIDA.
"Ndakeneye ubufasha, mfite umuhaha kuva hashize iminsi ibiri. Abandi bana na bo bafite iki kibazo. Ntegereze cyangwa nsuzumwe ubu?",kinyarwanda,URGENT,paediatric,kinyarwanda->kinyarwanda:URGENT:paediatric,Mfite umuhaha.,Mfite umuhaha.
Ndashaka kukubwira ikibazo mfite. Umwana wanjye afite igikomere gito kandi amaraso yarahagaze. Abandi bana na bo bafite iki kibazo. Ese ibi birakomeye?,kinyarwanda,ROUTINE,haemorrhage_trauma,kinyarwanda->kinyarwanda:ROUTINE:haemorrhage_trauma,{REL} afite igikomere gito kandi amaraso yarahagaze.,Mfite igikomere gito kandi amaraso yarahagaze.
"Ndakeneye ubufasha, ndabyara ariko habanje gusohoka umugozi w'umwana. Abandi bana na bo bafite iki kibazo. Mfasha muganga.",kinyarwanda,CRITICAL,obstetric,kinyarwanda->kinyarwanda:CRITICAL:obstetric,Ndabyara ariko habanje gusohoka umugozi w'umwana.,Ndabyara ariko habanje gusohoka umugozi w'umwana.
"Ndakeneye ubufasha, iyo maze kurya numva mu nda ntameze neza kuva hashize iminsi itatu. Byatangiye gitunguranye. Naje mvuye kure.",kinyarwanda,ROUTINE,gastrointestinal,kinyarwanda->kinyarwanda:ROUTINE:gastrointestinal,iyo maze kurya numva mu nda ntameze neza,"Iyo {REL} amaze kurya, yumva inda itameze neza."
"Muganga, guhumeka birangora cyane ku buryo ntabasha no kuvuga neza kuva hashize iminsi itatu. Nkora iki?",kinyarwanda,CRITICAL,cardiac_respiratory,kinyarwanda->kinyarwanda:CRITICAL:cardiac_respiratory,Guhumeka birangora cyane ku buryo ntabasha no kuvuga neza.,Guhumeka birangora cyane ku buryo ntabasha no kuvuga neza.
"Mumbabarire, ndashaka kubabwira ikibazo mfite. Ndashaka kujya kwa muganga kwisuzumisha diyabete kuva hashize iminsi ibiri kandi sinshobora gusinzira. Ni imiti ki nafata?",kinyarwanda,ROUTINE,chronic_care,kinyarwanda->kinyarwanda:ROUTINE:chronic_care,Ndashaka kujya kwa muganga kwisuzumisha diyabete.,Ndashaka kujya kwa muganga kwisuzumisha SIDA.
"Simbizi niba bikomeye ariko, mama afite umuriro mwinshi kandi yaragagaye kuva ejo. Naje mvuye kure.",kinyarwanda,CRITICAL,infectious_fever,kinyarwanda->kinyarwanda:CRITICAL:infectious_fever,{REL} afite umuriro mwinshi kandi yaragagaye.,Mfite umuriro mwinshi kandi nagagaye.
Umugore wanjye afite igikomere ku mutwe nyuma yo kugwa kuva hashize icyumweru biragenda bikagaruka. Ntabasha kubona amafaranga yo kongera kuza kwa muganga.,kinyarwanda,CRITICAL,haemorrhage_trauma,kinyarwanda->kinyarwanda:CRITICAL:haemorrhage_trauma,{REL} afite igikomere ku mutwe nyuma yo kugwa.,mfite igikomere ku mutwe nyuma yo kugwa
"Nzanye umwana wanjye, umwana wanjye afite umuriro mwinshi kandi ntarya kuva ubu gitondo cya kare kandi birushaho kuba bibi. Nkora iki?",kinyarwanda,URGENT,paediatric,kinyarwanda->kinyarwanda:URGENT:paediatric,{REL} afite umuriro mwinshi kandi ntarya.,{REL} afite umuriro mwinshi kandi ntarya.
"Mfasha vuba, mfite umwanda usa umukara kuva ijoro ryashize. Abandi bana na bo bafite iki kibazo. Ndakeneye ubufasha vuba.",kinyarwanda,CRITICAL,gastrointestinal,kinyarwanda->kinyarwanda:CRITICAL:gastrointestinal,Mfite umwanda usa umukara.,Mfite umwanda usa umukara.
"Mfasha vuba, mama amaze iminsi itatu arwaye impiswi zikomeye kuva ejo bikarushaho nijoro. Ni imiti ki nafata?",kinyarwanda,URGENT,gastrointestinal,kinyarwanda->kinyarwanda:URGENT:gastrointestinal,{REL} amaze iminsi itatu arwaye impiswi zikomeye.,maze iminsi itatu ndwaye impiswi zikomeye
"Mumbabarire, ndashaka kubabwira ikibazo mfite. Iyo umwana wanjye amaze kurya, yumva inda itameze neza kuva hashize iminsi itatu kandi sinshobora gusinzira. Ni imiti ki nafata?",kinyarwanda,ROUTINE,gastrointestinal,kinyarwanda->kinyarwanda:ROUTINE:gastrointestinal,"Iyo {REL} amaze kurya, yumva inda itameze neza.","Iyo {REL} amaze kurya, yumva inda itameze neza."
"Naje hano mbere, umuturanyi wanjye aratwite kandi ashaka kwisuzumisha kwa muganga bwa mbere kuva mu gitondo kandi nta miti mfite. Urakoze.",kinyarwanda,ROUTINE,preventive,kinyarwanda->kinyarwanda:ROUTINE:preventive,{REL} aratwite kandi ashaka kwisuzumisha kwa muganga bwa mbere.,Ndatwite kandi ndashaka kwisuzumisha kwa muganga bwa mbere.
"Nyabuneka, maze ibyumweru birenga bibiri nkorora kandi natangiye no kunanuka kuva hashize iminsi itatu nta miti imfasha. Mfasha muganga.",kinyarwanda,URGENT,cardiac_respiratory,kinyarwanda->kinyarwanda:URGENT:cardiac_respiratory,Maze ibyumweru birenga bibiri nkorora kandi natangiye no kunanuka.,Maze ibyumweru birenga bibiri nkorora kandi natangiye no kunanuka.
"Nyabuneka, guhumeka birangora cyane ku buryo ntabasha no kuvuga neza kuva hashize icyumweru kandi ndahangayitse. Mfasha muganga.",kinyarwanda,CRITICAL,cardiac_respiratory,kinyarwanda->kinyarwanda:CRITICAL:cardiac_respiratory,Guhumeka birangora cyane ku buryo ntabasha no kuvuga neza.,Guhumeka birangora cyane ku buryo ntabasha no kuvuga neza.
"Mfasha, nyuma yo kubyara mfite umuriro kandi hari ibintu bisohoka bifite impumuro mbi kuva hashize iminsi itatu. Byatangiye gitunguranye. Ndakeneye ubufasha vuba.",kinyarwanda,CRITICAL,obstetric,kinyarwanda->kinyarwanda:CRITICAL:obstetric,Nyuma yo kubyara mfite umuriro kandi hari ibintu bisohoka bifite impumuro mbi.,Nyuma yo kubyara mfite umuriro kandi hari ibintu bisohoka bifite impumuro mbi.
"Mfasha, amazuru arantemba gake kuva ijoro ryashize kandi ndahangayitse. Urakoze.",kinyarwanda,ROUTINE,infectious_fever,kinyarwanda->kinyarwanda:ROUTINE:infectious_fever,amazuru arantemba gake,amazuru arantemba gake
"Nyabuneka, mushiki wanjye afite impiswi zikomeye kandi yagize umwuma kuva ubu gitondo cya kare kandi sinshobora gusinzira. Naje mvuye kure.",kinyarwanda,CRITICAL,gastrointestinal,kinyarwanda->kinyarwanda:CRITICAL:gastrointestinal,{REL} afite impiswi zikomeye kandi yagize umwuma.,{REL} afite impiswi zikomeye kandi yagize umwuma.
"Nyabuneka, umutima uratera cyane kandi nkumva umeze nk'aho uhagarara kandi ndahangayitse. Naje mvuye kure.",kinyarwanda,CRITICAL,cardiac_respiratory,kinyarwanda->kinyarwanda:CRITICAL:cardiac_respiratory,umutima uratera cyane kandi nkumva umeze nk'aho uhagarara,umutima uratera cyane kandi nkumva umeze nk'aho uhagarara
Ndashaka kukubwira ikibazo mfite. Umugore wanjye ntashobora kuvuga neza kandi umunwa we waragoramye. Ndakeneye ubufasha vuba.,kinyarwanda,CRITICAL,neurological,kinyarwanda->kinyarwanda:CRITICAL:neurological,{REL} ntashobora kuvuga neza kandi umunwa we waragoramye.,{REL} ntashobora kuvuga neza kandi umunwa we waragoramye.
"Nzanye umwana wanjye, ndatwite kandi nagagaye kuva ijoro ryashize bikarushaho nijoro. Ni imiti ki nafata?",kinyarwanda,CRITICAL,obstetric,kinyarwanda->kinyarwanda:CRITICAL:obstetric,Ndatwite kandi nagagaye.,Ndatwite kandi nagagaye.
Ndashaka kukubwira ikibazo mfite. Umuturanyi wanjye yagagaye kandi arimo guhinda umushyitsi kuva ubu gitondo cya kare kandi ndahangayitse. Ntegereze cyangwa nsuzumwe ubu?,kinyarwanda,CRITICAL,neurological,kinyarwanda->kinyarwanda:CRITICAL:neurological,{REL} yagagaye kandi arimo guhinda umushyitsi.,{REL} yagagaye kandi arimo guhinda umushyitsi.
Ndashaka kukubwira ikibazo mfite. Umwana wanjye afite umuriro mwinshi kandi ntarya kuva ubu gitondo cya kare kandi birushaho kuba bibi. Ntabasha kubona amafaranga yo kongera kuza kwa muganga.,kinyarwanda,URGENT,paediatric,kinyarwanda->kinyarwanda:URGENT:paediatric,{REL} afite umuriro mwinshi kandi ntarya.,{REL} afite umuriro mwinshi kandi ntarya.
"Nzanye umwana wanjye, umuturanyi wanjye aratwite kandi yaragagaye kuva ubu gitondo cya kare biragenda bikagaruka. Ese ibi birakomeye?",kinyarwanda,CRITICAL,obstetric,kinyarwanda->kinyarwanda:CRITICAL:obstetric,{REL} aratwite kandi yaragagaye.,Ndatwite kandi nagagaye.
"Simbizi niba bikomeye ariko, mama amaze ibyumweru birenga bibiri akorora kandi yatangiye no kunanuka kuva ubu gitondo cya kare biragenda bikagaruka. Nkora iki?",kinyarwanda,URGENT,cardiac_respiratory,kinyarwanda->kinyarwanda:URGENT:cardiac_respiratory,{REL} amaze ibyumweru birenga bibiri akorora kandi yatangiye no kunanuka.,Maze ibyumweru birenga bibiri nkorora kandi natangiye no kunanuka.
"Naje hano mbere, uruhande rumwe rw'umubiri we ntirukora kuva hashize icyumweru. Abandi bana na bo bafite iki kibazo. Ntegereze cyangwa nsuzumwe ubu?",kinyarwanda,CRITICAL,neurological,kinyarwanda->kinyarwanda:CRITICAL:neurological,Uruhande rumwe rw'umubiri we ntirukora.,Uruhande rumwe rw'umubiri we ntirukora.
"Ndashaka kukubwira ikibazo mfite. Iyo umwana wanjye amaze kurya, yumva inda itameze neza kuva ubu gitondo cya kare bikarushaho nijoro. Ni imiti ki nafata?",kinyarwanda,ROUTINE,gastrointestinal,kinyarwanda->kinyarwanda:ROUTINE:gastrointestinal,"Iyo {REL} amaze kurya, yumva inda itameze neza.","Iyo {REL} amaze kurya, yumva inda itameze neza."
"Nzanye umwana wanjye, ndabyara ariko habanje gusohoka umugozi w'umwana kuva ejo kandi nta miti mfite. Mfasha muganga.",kinyarwanda,CRITICAL,obstetric,kinyarwanda->kinyarwanda:CRITICAL:obstetric,Ndabyara ariko habanje gusohoka umugozi w'umwana.,Ndabyara ariko habanje gusohoka umugozi w'umwana.
Ndashaka kukubwira ikibazo mfite. Ndabyara ariko habanje gusohoka umugozi w'umwana kuva mu cyumweru gishize. Byatangiye gitunguranye. Ndakeneye ubufasha vuba.,kinyarwanda,CRITICAL,obstetric,kinyarwanda->kinyarwanda:CRITICAL:obstetric,Ndabyara ariko habanje gusohoka umugozi w'umwana.,Ndabyara ariko habanje gusohoka umugozi w'umwana.
Ndatwite kandi ndashaka kujya kwa muganga kwisuzumisha kuva ejo kandi birushaho kuba bibi. Naje mvuye kure.,kinyarwanda,ROUTINE,obstetric,kinyarwanda->kinyarwanda:ROUTINE:obstetric,Ndatwite kandi ndashaka kujya kwa muganga kwisuzumisha.,Ndatwite kandi ndashaka kujya kwa muganga kwisuzumisha.
"Muraho, umukecuru araruka ibyo arya byose kandi ntashobora no kunywa kandi nta miti mfite. Ese ibi birakomeye?",kinyarwanda,CRITICAL,gastrointestinal,kinyarwanda->kinyarwanda:CRITICAL:gastrointestinal,{REL} araruka ibyo arya byose kandi ntashobora no kunywa.,Ndaruka ibyo ndya byose kandi sinshobora no kunywa.
"Muganga, uruhande rumwe rw'umubiri we ntirukora kuva hashize icyumweru kandi nta miti mfite",kinyarwanda,CRITICAL,neurological,kinyarwanda->kinyarwanda:CRITICAL:neurological,Uruhande rumwe rw'umubiri we ntirukora.,Uruhande rumwe rw'umubiri we ntirukora.
"Naje hano mbere, ndaruka amaraso kuva hashize icyumweru kandi nta miti mfite. Ntabasha kubona amafaranga yo kongera kuza kwa muganga.",kinyarwanda,CRITICAL,gastrointestinal,kinyarwanda->kinyarwanda:CRITICAL:gastrointestinal,Ndaruka amaraso.,Ndaruka amaraso.
Mama araruka amaraso kuva hashize icyumweru kandi birushaho kuba bibi,kinyarwanda,CRITICAL,gastrointestinal,kinyarwanda->kinyarwanda:CRITICAL:gastrointestinal,{REL} araruka amaraso.,Ndaruka amaraso.
"Nyabuneka, umwana wanjye afite igikomere gito kandi amaraso yarahagaze kuva hashize iminsi ibiri biragenda bikagaruka. Ntegereze cyangwa nsuzumwe ubu?",kinyarwanda,ROUTINE,haemorrhage_trauma,kinyarwanda->kinyarwanda:ROUTINE:haemorrhage_trauma,{REL} afite igikomere gito kandi amaraso yarahagaze.,Mfite igikomere gito kandi amaraso yarahagaze.
"Ndakeneye ubufasha, mfite umuhaha kuva hashize icyumweru. Byatangiye gitunguranye. Ntabasha kubona amafaranga yo kongera kuza kwa muganga.",kinyarwanda,URGENT,paediatric,kinyarwanda->kinyarwanda:URGENT:paediatric,Mfite umuhaha.,Mfite umuhaha.
"Mfasha vuba, umuturanyi wanjye afite impiswi zikomeye kandi yagize umwuma kuva hashize iminsi ibiri kandi birushaho kuba bibi. Ntegereze cyangwa nsuzumwe ubu?",kinyarwanda,CRITICAL,gastrointestinal,kinyarwanda->kinyarwanda:CRITICAL:gastrointestinal,{REL} afite impiswi zikomeye kandi yagize umwuma.,{REL} afite impiswi zikomeye kandi yagize umwuma.
"Muganga, umwana wanjye afite igikomere gito kandi amaraso yarahagaze kandi birushaho kuba bibi. Murakoze.",kinyarwanda,ROUTINE,haemorrhage_trauma,kinyarwanda->kinyarwanda:ROUTINE:haemorrhage_trauma,{REL} afite igikomere gito kandi amaraso yarahagaze.,Mfite igikomere gito kandi amaraso yarahagaze.
"Muraho, umugore wanjye nta miti ya SIDA afite kuva ubu gitondo cya kare. Nkora iki?",kinyarwanda,URGENT,chronic_care,kinyarwanda->kinyarwanda:URGENT:chronic_care,{REL} nta miti ya SIDA afite.,Nta miti ya SIDA mfite.
Umugore wanjye ntashobora kuvuga neza kandi umunwa we waragoramye kuva ubu gitondo cya kare. Byatangiye gitunguranye. Ni imiti ki nafata?,kinyarwanda,CRITICAL,neurological,kinyarwanda->kinyarwanda:CRITICAL:neurological,{REL} ntashobora kuvuga neza kandi umunwa we waragoramye.,{REL} ntashobora kuvuga neza kandi umunwa we waragoramye.
"Mumbabarire, ndashaka kubabwira ikibazo mfite. Umutima uratera cyane kandi nkumva umeze nk'aho uhagarara kuva hashize icyumweru kandi birushaho kuba bibi",kinyarwanda,CRITICAL,cardiac_respiratory,kinyarwanda->kinyarwanda:CRITICAL:cardiac_respiratory,umutima uratera cyane kandi nkumva umeze nk'aho uhagarara,umutima uratera cyane kandi nkumva umeze nk'aho uhagarara
"Ndakeneye ubufasha, umuturanyi wanjye arava amaraso menshi nyuma yo kubyara kuva hashize icyumweru kandi ndahangayitse. Ni imiti ki nafata?",kinyarwanda,CRITICAL,obstetric,kinyarwanda->kinyarwanda:CRITICAL:obstetric,{REL} arava amaraso menshi nyuma yo kubyara.,ndava amaraso menshi nyuma yo kubyara
"Mumbabarire, ndashaka kubabwira ikibazo mfite. Umugore wanjye araruka ibyo arya byose kandi ntashobora no kunywa kuva mu masaha abiri ashize nta miti imfasha. Nkora iki?",kinyarwanda,CRITICAL,gastrointestinal,kinyarwanda->kinyarwanda:CRITICAL:gastrointestinal,{REL} araruka ibyo arya byose kandi ntashobora no kunywa.,Ndaruka ibyo ndya byose kandi sinshobora no kunywa.
"Nzanye umwana wanjye, umwana wanjye afite umuriro woroheje umaze umunsi umwe, ariko nta kindi kibazo afite kuva ejo kandi birushaho kuba bibi. Ntegereze cyangwa nsuzumwe ubu?",kinyarwanda,ROUTINE,infectious_fever,kinyarwanda->kinyarwanda:ROUTINE:infectious_fever,"{REL} afite umuriro woroheje umaze umunsi umwe, ariko nta kindi kibazo afite.","mfite umuriro woroheje umaze umunsi umwe, ariko nta kindi kibazo mfite"
"Mfasha vuba, umuturanyi wanjye yagagaye kandi arimo guhinda umushyitsi kuva mu masaha abiri ashize nta miti imfasha. Nkora iki?",kinyarwanda,CRITICAL,neurological,kinyarwanda->kinyarwanda:CRITICAL:neurological,{REL} yagagaye kandi arimo guhinda umushyitsi.,{REL} yagagaye kandi arimo guhinda umushyitsi.
"Mfasha vuba, nkorora gake ariko nta muriro mfite kuva ijoro ryashize. Naje mvuye kure.",kinyarwanda,ROUTINE,cardiac_respiratory,kinyarwanda->kinyarwanda:ROUTINE:cardiac_respiratory,Nkorora gake ariko nta muriro mfite.,Nkorora gake ariko nta muriro mfite.
"Nzanye umwana wanjye, mama ari kuva amaraso menshi kandi ntahagarara kuva ijoro ryashize biragenda bikagaruka. Nkora iki?",kinyarwanda,CRITICAL,haemorrhage_trauma,kinyarwanda->kinyarwanda:CRITICAL:haemorrhage_trauma,{REL} ari kuva amaraso menshi kandi ntahagarara.,ndi kuva amaraso menshi kandi ntahagarara
"Muraho, ndatwite, umutwe urandya cyane kandi sinshobora kureba neza kuva hashize iminsi ibiri bikarushaho nijoro. Ese ibi birakomeye?",kinyarwanda,CRITICAL,obstetric,kinyarwanda->kinyarwanda:CRITICAL:obstetric,"Ndatwite, umutwe urandya cyane kandi sinshobora kureba neza.","Ndatwite, umutwe urandya cyane kandi sinshobora kureba neza."
Ndashaka kukubwira ikibazo mfite. Umuturanyi wanjye ntashobora kuvuga neza kandi umunwa we waragoramye kuva mu masaha abiri ashize kandi nta miti mfite. Ntegereze cyangwa nsuzumwe ubu?,kinyarwanda,CRITICAL,neurological,kinyarwanda->kinyarwanda:CRITICAL:neurological,{REL} ntashobora kuvuga neza kandi umunwa we waragoramye.,{REL} ntashobora kuvuga neza kandi umunwa we waragoramye.
"Mumbabarire, ndashaka kubabwira ikibazo mfite. Umuturanyi wanjye yagagaye kandi arimo guhinda umushyitsi kuva hashize icyumweru nta miti imfasha. Ntegereze cyangwa nsuzumwe ubu?",kinyarwanda,CRITICAL,neurological,kinyarwanda->kinyarwanda:CRITICAL:neurological,{REL} yagagaye kandi arimo guhinda umushyitsi.,{REL} yagagaye kandi arimo guhinda umushyitsi.
"Naje hano mbere, mu gituza harandya cyane kandi ububabare bukagera no ku kuboko kuva hashize icyumweru kandi nta miti mfite. Ni imiti ki nafata?",kinyarwanda,CRITICAL,cardiac_respiratory,kinyarwanda->kinyarwanda:CRITICAL:cardiac_respiratory,mu gituza harandya cyane kandi ububabare bukagera no ku kuboko,mu gituza harandya cyane kandi ububabare bukagera no ku kuboko
"Muraho, umwana wanjye amaze ibyumweru birenga bibiri arwaye impiswi kuva mu gitondo kandi ndahangayitse. Ntabasha kubona amafaranga yo kongera kuza kwa muganga.",kinyarwanda,URGENT,gastrointestinal,kinyarwanda->kinyarwanda:URGENT:gastrointestinal,{REL} amaze ibyumweru birenga bibiri arwaye impiswi.,Maze ibyumweru birenga bibiri ndwaye impiswi.
"Mfasha, mushiki wanjye afite ibimenyetso bya malariya, umuriro n'imbeho kuva hashize iminsi itatu biragenda bikagaruka. Ni imiti ki nafata?",kinyarwanda,URGENT,infectious_fever,kinyarwanda->kinyarwanda:URGENT:infectious_fever,"{REL} afite ibimenyetso bya malariya, umuriro n'imbeho.","Mfite ibimenyetso bya malariya, umuriro n'imbeho."
"Ndakeneye ubufasha, isukari yo mu maraso yanjye yazamutse cyane kuva hashize iminsi itatu biragenda bikagaruka. Ese ibi birakomeye?",kinyarwanda,URGENT,chronic_care,kinyarwanda->kinyarwanda:URGENT:chronic_care,isukari yo mu maraso yanjye yazamutse cyane,isukari yo mu maraso yanjye yazamutse cyane
"Mfasha, mama amaze umunsi wose ari mu bubabare bwo kubyara ariko umwana ntarasohoka kuva ubu gitondo cya kare. Ese ibi birakomeye?",kinyarwanda,CRITICAL,obstetric,kinyarwanda->kinyarwanda:CRITICAL:obstetric,{REL} amaze umunsi wose ari mu bubabare bwo kubyara ariko umwana ntarasohoka.,Maze umunsi wose mbabara ngerageza kubyara ariko umwana ntarasohoka.
"Naje hano mbere, nta miti y'igituntu mfite kuva ubu gitondo cya kare biragenda bikagaruka. Naje mvuye kure.",kinyarwanda,URGENT,chronic_care,kinyarwanda->kinyarwanda:URGENT:chronic_care,Nta miti y'igituntu mfite.,Nta miti y'igituntu mfite.
"Mumbabarire, ndashaka kubabwira ikibazo mfite. Nkorora gake ariko nta muriro mfite kuva hashize iminsi ibiri kandi nta miti mfite. Naje mvuye kure.",kinyarwanda,ROUTINE,cardiac_respiratory,kinyarwanda->kinyarwanda:ROUTINE:cardiac_respiratory,Nkorora gake ariko nta muriro mfite.,Nkorora gake ariko nta muriro mfite.
Umugabo wanjye ahumeka bimugora cyane kandi iminwa ye yahindutse ibara kuva hashize icyumweru. Ntabasha kubona amafaranga yo kongera kuza kwa muganga.,kinyarwanda,CRITICAL,cardiac_respiratory,kinyarwanda->kinyarwanda:CRITICAL:cardiac_respiratory,{REL} ahumeka bimugora cyane kandi iminwa ye yahindutse ibara.,guhumeka birangora cyane kandi iminwa yanjye yahindutse ibara
"Naje hano mbere, ndatwite kandi nagagaye. Byatangiye gitunguranye. Ndakeneye ubufasha vuba.",kinyarwanda,CRITICAL,obstetric,kinyarwanda->kinyarwanda:CRITICAL:obstetric,Ndatwite kandi nagagaye.,Ndatwite kandi nagagaye.
"Nyabuneka, ndashaka kujya kwa muganga kwisuzumisha diyabete kuva ijoro ryashize biragenda bikagaruka. Ni imiti ki nafata?",kinyarwanda,ROUTINE,chronic_care,kinyarwanda->kinyarwanda:ROUTINE:chronic_care,Ndashaka kujya kwa muganga kwisuzumisha diyabete.,Ndashaka kujya kwa muganga kwisuzumisha SIDA.
Ndashaka kujya kwa muganga kwisuzumisha SIDA kuva hashize icyumweru kandi birushaho kuba bibi. Ni imiti ki nafata?,kinyarwanda,ROUTINE,chronic_care,kinyarwanda->kinyarwanda:ROUTINE:chronic_care,Ndashaka kujya kwa muganga kwisuzumisha SIDA.,Ndashaka kujya kwa muganga kwisuzumisha SIDA.
Ndashaka kukubwira ikibazo mfite. Mushiki wanjye amaze iminsi itatu arwaye impiswi zikomeye kuva hashize iminsi ibiri. Byatangiye gitunguranye. Naje mvuye kure.,kinyarwanda,URGENT,gastrointestinal,kinyarwanda->kinyarwanda:URGENT:gastrointestinal,{REL} amaze iminsi itatu arwaye impiswi zikomeye.,maze iminsi itatu ndwaye impiswi zikomeye
"Mfasha, papa afite ububabare bukabije mu nda kuva hashize iminsi itatu. Byatangiye gitunguranye. Ntegereze cyangwa nsuzumwe ubu?",kinyarwanda,URGENT,gastrointestinal,kinyarwanda->kinyarwanda:URGENT:gastrointestinal,{REL} afite ububabare bukabije mu nda.,Mfite ububabare bukabije mu nda.
"Naje hano mbere, ndashaka kujya kwa muganga kwisuzumisha SIDA kuva hashize iminsi itatu. Naje mvuye kure.",kinyarwanda,ROUTINE,chronic_care,kinyarwanda->kinyarwanda:ROUTINE:chronic_care,Ndashaka kujya kwa muganga kwisuzumisha SIDA.,Ndashaka kujya kwa muganga kwisuzumisha SIDA.
"Nzanye umwana wanjye, iyo mpumeka, numva igituza gifashe kandi mpumeka nkumva hari ijwi ridasanzwe kuva mu masaha abiri ashize biragenda bikagaruka. Nkora iki?",kinyarwanda,URGENT,cardiac_respiratory,kinyarwanda->kinyarwanda:URGENT:cardiac_respiratory,"Iyo mpumeka, numva igituza gifashe kandi mpumeka nkumva hari ijwi ridasanzwe.","Iyo mpumeka, numva igituza gifashe kandi mpumeka nkumva hari ijwi ridasanzwe."
"Mfasha, mfite impiswi zirimo amaraso kuva hashize iminsi ibiri bikarushaho nijoro. Ni imiti ki nafata?",kinyarwanda,URGENT,gastrointestinal,kinyarwanda->kinyarwanda:URGENT:gastrointestinal,Mfite impiswi zirimo amaraso.,Mfite impiswi zirimo amaraso.
"Mfasha vuba, amazuru arantemba gake kuva mu gitondo kandi ndahangayitse. Mfasha muganga.",kinyarwanda,ROUTINE,infectious_fever,kinyarwanda->kinyarwanda:ROUTINE:infectious_fever,amazuru arantemba gake,amazuru arantemba gake
"Mumbabarire, ndashaka kubabwira ikibazo mfite. Nkorora gake ariko nta muriro mfite kuva ejo bikarushaho nijoro. Ndakeneye ubufasha vuba.",kinyarwanda,ROUTINE,cardiac_respiratory,kinyarwanda->kinyarwanda:ROUTINE:cardiac_respiratory,Nkorora gake ariko nta muriro mfite.,Nkorora gake ariko nta muriro mfite.
"Muganga, mama ashaka ko bapima SIDA kuva mu cyumweru gishize. Byatangiye gitunguranye. Ntegereze cyangwa nsuzumwe ubu?",kinyarwanda,ROUTINE,preventive,kinyarwanda->kinyarwanda:ROUTINE:preventive,{REL} ashaka ko bapima SIDA.,Ndashaka ko bapima SIDA.
Iyo maze kurya numva mu nda ntameze neza bikarushaho nijoro. Ndakeneye ubufasha vuba.,kinyarwanda,ROUTINE,gastrointestinal,kinyarwanda->kinyarwanda:ROUTINE:gastrointestinal,iyo maze kurya numva mu nda ntameze neza,"Iyo {REL} amaze kurya, yumva inda itameze neza."
"Ndakeneye ubufasha, umugabo wanjye arababara cyane mu gituza kandi ububabare bukagera no ku kuboko. Ni imiti ki nafata?",kinyarwanda,CRITICAL,cardiac_respiratory,kinyarwanda->kinyarwanda:CRITICAL:cardiac_respiratory,{REL} arababara cyane mu gituza kandi ububabare bukagera no ku kuboko.,mu gituza harandya cyane kandi ububabare bukagera no ku kuboko
"Muraho, mfite igikomere gito kandi amaraso yarahagaze kuva hashize icyumweru. Mfasha muganga.",kinyarwanda,ROUTINE,haemorrhage_trauma,kinyarwanda->kinyarwanda:ROUTINE:haemorrhage_trauma,Mfite igikomere gito kandi amaraso yarahagaze.,Mfite igikomere gito kandi amaraso yarahagaze.
"Simbizi niba bikomeye ariko, umwana wanjye afite ububabare bukabije mu nda kuva hashize icyumweru kandi nta miti mfite. Ni imiti ki nafata?",kinyarwanda,URGENT,gastrointestinal,kinyarwanda->kinyarwanda:URGENT:gastrointestinal,{REL} afite ububabare bukabije mu nda.,Mfite ububabare bukabije mu nda.
"Muraho, umugabo wanjye araruka amaraso kuva ubu gitondo cya kare bikarushaho nijoro. Ese ibi birakomeye?",kinyarwanda,CRITICAL,gastrointestinal,kinyarwanda->kinyarwanda:CRITICAL:gastrointestinal,{REL} araruka amaraso.,Ndaruka amaraso.
Ndashaka kukubwira ikibazo mfite. Ndashaka imiti y'inzoka y'umwana wanjye kuva ejo,kinyarwanda,ROUTINE,preventive,kinyarwanda->kinyarwanda:ROUTINE:preventive,Ndashaka imiti y'inzoka y'umwana wanjye.,Ndashaka imiti y'inzoka y'umwana wanjye.
"Mfasha, mfite gahunda yo kwisuzumisha buri mwaka kuva hashize iminsi itatu kandi ndahangayitse. Ni imiti ki nafata?",kinyarwanda,ROUTINE,preventive,kinyarwanda->kinyarwanda:ROUTINE:preventive,Mfite gahunda yo kwisuzumisha buri mwaka.,Mfite gahunda yo kwisuzumisha buri mwaka.
"Mfasha, umwana wanjye afite igikomere gito kandi amaraso yarahagaze kuva hashize iminsi itatu biragenda bikagaruka. Ntabasha kubona amafaranga yo kongera kuza kwa muganga.",kinyarwanda,ROUTINE,haemorrhage_trauma,kinyarwanda->kinyarwanda:ROUTINE:haemorrhage_trauma,{REL} afite igikomere gito kandi amaraso yarahagaze.,Mfite igikomere gito kandi amaraso yarahagaze.
Ndashaka kukubwira ikibazo mfite. Mama yataye ubwenge kandi ntasubiza kuva ubu gitondo cya kare kandi birushaho kuba bibi. Mfasha muganga.,kinyarwanda,CRITICAL,neurological,kinyarwanda->kinyarwanda:CRITICAL:neurological,{REL} yataye ubwenge kandi ntasubiza.,{REL} yataye ubwenge kandi ntasubiza.
Ndashaka kukubwira ikibazo mfite. Papa nta miti y'igituntu afite kuva hashize icyumweru. Byatangiye gitunguranye. Urakoze.,kinyarwanda,URGENT,chronic_care,kinyarwanda->kinyarwanda:URGENT:chronic_care,{REL} nta miti y'igituntu afite.,Nta miti y'igituntu mfite.
"Mfasha, umwana wanjye akorora gake ariko nta muriro afite kuva hashize icyumweru kandi birushaho kuba bibi. Nkora iki?",kinyarwanda,ROUTINE,cardiac_respiratory,kinyarwanda->kinyarwanda:ROUTINE:cardiac_respiratory,{REL} akorora gake ariko nta muriro afite.,Nkorora gake ariko nta muriro mfite.
Ndashaka kukubwira ikibazo mfite. Mama araruka ibyo arya byose kandi ntashobora no kunywa kuva mu gitondo. Ni imiti ki nafata?,kinyarwanda,CRITICAL,gastrointestinal,kinyarwanda->kinyarwanda:CRITICAL:gastrointestinal,{REL} araruka ibyo arya byose kandi ntashobora no kunywa.,Ndaruka ibyo ndya byose kandi sinshobora no kunywa.
Umukecuru arumva igituza kimuremereye cyane kandi ububabare bukagera no ku rwasaya cyangwa ku kuboko kuva hashize iminsi ibiri kandi ndahangayitse. Ni imiti ki nafata?,kinyarwanda,CRITICAL,cardiac_respiratory,kinyarwanda->kinyarwanda:CRITICAL:cardiac_respiratory,{REL} arumva igituza kimuremereye cyane kandi ububabare bukagera no ku rwasaya cyangwa ku kuboko.,{REL} arumva igituza kimuremereye cyane kandi ububabare bukagera no ku rwasaya cyangwa ku kuboko.
Ndashaka kukubwira ikibazo mfite. Umugore wanjye ashaka inama ku biryo byo kugaburira umwana we kuva ubu gitondo cya kare kandi sinshobora gusinzira. Ndakeneye ubufasha vuba.,kinyarwanda,ROUTINE,preventive,kinyarwanda->kinyarwanda:ROUTINE:preventive,{REL} ashaka inama ku biryo byo kugaburira umwana we.,Ndashaka inama ku biryo byo kugaburira umwana wanjye.
"Muganga, ndabyara ariko habanje gusohoka umugozi w'umwana kuva hashize iminsi ibiri kandi nta miti mfite. Mfasha muganga.",kinyarwanda,CRITICAL,obstetric,kinyarwanda->kinyarwanda:CRITICAL:obstetric,Ndabyara ariko habanje gusohoka umugozi w'umwana.,Ndabyara ariko habanje gusohoka umugozi w'umwana.
"Naje hano mbere, mushiki wanjye ntashobora kuvuga neza kandi umunwa we waragoramye kandi birushaho kuba bibi. Naje mvuye kure.",kinyarwanda,CRITICAL,neurological,kinyarwanda->kinyarwanda:CRITICAL:neurological,{REL} ntashobora kuvuga neza kandi umunwa we waragoramye.,{REL} ntashobora kuvuga neza kandi umunwa we waragoramye.
"Mfasha vuba, ndumva naniwe ariko si cyane kuva hashize icyumweru kandi nta miti mfite. Urakoze.",kinyarwanda,ROUTINE,neurological,kinyarwanda->kinyarwanda:ROUTINE:neurological,ndumva naniwe ariko si cyane,ndumva naniwe ariko si cyane
Umwana wanjye afite igikomere gito kandi amaraso yarahagaze bikarushaho nijoro. Ese ibi birakomeye?,kinyarwanda,ROUTINE,haemorrhage_trauma,kinyarwanda->kinyarwanda:ROUTINE:haemorrhage_trauma,{REL} afite igikomere gito kandi amaraso yarahagaze.,Mfite igikomere gito kandi amaraso yarahagaze.
"Mumbabarire, ndashaka kubabwira ikibazo mfite. Umugabo wanjye nta miti y'igituntu afite kuva ijoro ryashize. Ndakeneye ubufasha vuba.",kinyarwanda,URGENT,chronic_care,kinyarwanda->kinyarwanda:URGENT:chronic_care,{REL} nta miti y'igituntu afite.,Nta miti y'igituntu mfite.
"Nzanye umwana wanjye, umukecuru iminwa ye yahindutse ubururu kuva hashize iminsi itatu kandi birushaho kuba bibi",kinyarwanda,CRITICAL,cardiac_respiratory,kinyarwanda->kinyarwanda:CRITICAL:cardiac_respiratory,{REL} iminwa ye yahindutse ubururu.,Iminwa yanjye yahindutse ubururu.
"Muganga, ndashaka kujya kwa muganga kwisuzumisha diyabete kuva mu gitondo. Byatangiye gitunguranye. Ndakeneye ubufasha vuba.",kinyarwanda,ROUTINE,chronic_care,kinyarwanda->kinyarwanda:ROUTINE:chronic_care,Ndashaka kujya kwa muganga kwisuzumisha diyabete.,Ndashaka kujya kwa muganga kwisuzumisha SIDA.
"Ndakeneye ubufasha, umugabo wanjye afite impiswi zirimo amaraso kuva hashize iminsi ibiri nta miti imfasha",kinyarwanda,URGENT,gastrointestinal,kinyarwanda->kinyarwanda:URGENT:gastrointestinal,{REL} afite impiswi zirimo amaraso.,Mfite impiswi zirimo amaraso.
"Ndakeneye ubufasha, umukecuru afite igikomere cyanduye, kiratukura kandi kirimo amashyira kandi ndahangayitse. Nkora iki?",kinyarwanda,URGENT,haemorrhage_trauma,kinyarwanda->kinyarwanda:URGENT:haemorrhage_trauma,"{REL} afite igikomere cyanduye, kiratukura kandi kirimo amashyira.","mfite igikomere cyanduye, kiratukura kandi kirimo amashyira"
"Mfasha vuba, maze umunsi wose mbabara ngerageza kubyara ariko umwana ntarasohoka kuva mu cyumweru gishize. Byatangiye gitunguranye. Ntegereze cyangwa nsuzumwe ubu?",kinyarwanda,CRITICAL,obstetric,kinyarwanda->kinyarwanda:CRITICAL:obstetric,Maze umunsi wose mbabara ngerageza kubyara ariko umwana ntarasohoka.,Maze umunsi wose mbabara ngerageza kubyara ariko umwana ntarasohoka.
Ndashaka kukubwira ikibazo mfite. Ndaruka cyane kandi numva mfite intege nke kuva hashize iminsi ibiri. Ni imiti ki nafata?,kinyarwanda,URGENT,gastrointestinal,kinyarwanda->kinyarwanda:URGENT:gastrointestinal,ndaruka cyane kandi numva mfite intege nke,ndaruka cyane kandi numva mfite intege nke
"Muganga, mfite ubushye bunini ku mubiri kuva ejo kandi birushaho kuba bibi",kinyarwanda,CRITICAL,haemorrhage_trauma,kinyarwanda->kinyarwanda:CRITICAL:haemorrhage_trauma,Mfite ubushye bunini ku mubiri.,Mfite ubushye bunini ku mubiri.
"Naje hano mbere, mu gituza harandya cyane kandi ububabare bukagera no ku kuboko kuva ubu gitondo cya kare. Abandi bana na bo bafite iki kibazo. Naje mvuye kure.",kinyarwanda,CRITICAL,cardiac_respiratory,kinyarwanda->kinyarwanda:CRITICAL:cardiac_respiratory,mu gituza harandya cyane kandi ububabare bukagera no ku kuboko,mu gituza harandya cyane kandi ububabare bukagera no ku kuboko
"Muganga, amazuru arantemba gake bikarushaho nijoro. Ntabasha kubona amafaranga yo kongera kuza kwa muganga.",kinyarwanda,ROUTINE,infectious_fever,kinyarwanda->kinyarwanda:ROUTINE:infectious_fever,amazuru arantemba gake,amazuru arantemba gake
Ndashaka kukubwira ikibazo mfite. Umugore wanjye ashaka inama ku biryo byo kugaburira umwana we. Ni imiti ki nafata?,kinyarwanda,ROUTINE,preventive,kinyarwanda->kinyarwanda:ROUTINE:preventive,{REL} ashaka inama ku biryo byo kugaburira umwana we.,Ndashaka inama ku biryo byo kugaburira umwana wanjye.
"Naje hano mbere, umugore wanjye amaze umunsi wose ari mu bubabare bwo kubyara ariko umwana ntarasohoka kuva mu masaha abiri ashize biragenda bikagaruka",kinyarwanda,CRITICAL,obstetric,kinyarwanda->kinyarwanda:CRITICAL:obstetric,{REL} amaze umunsi wose ari mu bubabare bwo kubyara ariko umwana ntarasohoka.,Maze umunsi wose mbabara ngerageza kubyara ariko umwana ntarasohoka.
"Naje hano mbere, ndaruka cyane kandi numva mfite intege nke kuva hashize icyumweru bikarushaho nijoro. Nkora iki?",kinyarwanda,URGENT,gastrointestinal,kinyarwanda->kinyarwanda:URGENT:gastrointestinal,ndaruka cyane kandi numva mfite intege nke,ndaruka cyane kandi numva mfite intege nke
"Mumbabarire, ndashaka kubabwira ikibazo mfite. Umwana wanjye nta miti y'igituntu afite kandi nta miti mfite. Urakoze.",kinyarwanda,URGENT,chronic_care,kinyarwanda->kinyarwanda:URGENT:chronic_care,{REL} nta miti y'igituntu afite.,Nta miti y'igituntu mfite.
"Mfasha vuba, umuturanyi wanjye arumva igituza kimuremereye cyane kandi ububabare bukagera no ku rwasaya cyangwa ku kuboko kuva hashize iminsi ibiri kandi nta miti mfite. Ese ibi birakomeye?",kinyarwanda,CRITICAL,cardiac_respiratory,kinyarwanda->kinyarwanda:CRITICAL:cardiac_respiratory,{REL} arumva igituza kimuremereye cyane kandi ububabare bukagera no ku rwasaya cyangwa ku kuboko.,{REL} arumva igituza kimuremereye cyane kandi ububabare bukagera no ku rwasaya cyangwa ku kuboko.
"Simbizi niba bikomeye ariko, umwana wanjye araruka ibyo arya byose kandi ntashobora no kunywa kuva ubu gitondo cya kare kandi ndahangayitse. Mfasha muganga.",kinyarwanda,CRITICAL,gastrointestinal,kinyarwanda->kinyarwanda:CRITICAL:gastrointestinal,{REL} araruka ibyo arya byose kandi ntashobora no kunywa.,Ndaruka ibyo ndya byose kandi sinshobora no kunywa.
"Simbizi niba bikomeye ariko, mama arababara cyane mu gituza kandi ububabare bukagera no ku kuboko kuva hashize icyumweru kandi sinshobora gusinzira. Ni imiti ki nafata?",kinyarwanda,CRITICAL,cardiac_respiratory,kinyarwanda->kinyarwanda:CRITICAL:cardiac_respiratory,{REL} arababara cyane mu gituza kandi ububabare bukagera no ku kuboko.,mu gituza harandya cyane kandi ububabare bukagera no ku kuboko
"Mfasha vuba, mfite umwanda usa umukara kuva ejo kandi sinshobora gusinzira. Ese ibi birakomeye?",kinyarwanda,CRITICAL,gastrointestinal,kinyarwanda->kinyarwanda:CRITICAL:gastrointestinal,Mfite umwanda usa umukara.,Mfite umwanda usa umukara.
"Simbizi niba bikomeye ariko, umugabo wanjye afite ubushye bunini ku mubiri kuva hashize icyumweru bikarushaho nijoro. Nkora iki?",kinyarwanda,CRITICAL,haemorrhage_trauma,kinyarwanda->kinyarwanda:CRITICAL:haemorrhage_trauma,{REL} afite ubushye bunini ku mubiri.,Mfite ubushye bunini ku mubiri.
Ndashaka kukubwira ikibazo mfite. Ndashaka kongererwa imiti mfata kuva hashize iminsi itatu. Byatangiye gitunguranye. Ntegereze cyangwa nsuzumwe ubu?,kinyarwanda,ROUTINE,chronic_care,kinyarwanda->kinyarwanda:ROUTINE:chronic_care,ndashaka kongererwa imiti mfata,ndashaka kongererwa imiti mfata
"Mfasha vuba, umugore wanjye arakomeza kuruka kandi ntashobora kurya kuva ubu gitondo cya kare. Abandi bana na bo bafite iki kibazo. Ndakeneye ubufasha vuba.",kinyarwanda,URGENT,gastrointestinal,kinyarwanda->kinyarwanda:URGENT:gastrointestinal,{REL} arakomeza kuruka kandi ntashobora kurya.,ndakomeza kuruka kandi sinshobora kurya
"Mumbabarire, ndashaka kubabwira ikibazo mfite. Mama afite igikomere ku mutwe nyuma yo kugwa kuva hashize iminsi itatu. Naje mvuye kure.",kinyarwanda,CRITICAL,haemorrhage_trauma,kinyarwanda->kinyarwanda:CRITICAL:haemorrhage_trauma,{REL} afite igikomere ku mutwe nyuma yo kugwa.,mfite igikomere ku mutwe nyuma yo kugwa
"Mfasha, umukecuru arakomeza kuruka kandi ntashobora kurya kuva mu cyumweru gishize kandi sinshobora gusinzira. Ntegereze cyangwa nsuzumwe ubu?",kinyarwanda,URGENT,gastrointestinal,kinyarwanda->kinyarwanda:URGENT:gastrointestinal,{REL} arakomeza kuruka kandi ntashobora kurya.,ndakomeza kuruka kandi sinshobora kurya
Ndashaka kukubwira ikibazo mfite. Umwana wanjye amaze ibyumweru birenga bibiri akorora kandi yatangiye no kunanuka kuva hashize icyumweru bikarushaho nijoro. Ni imiti ki nafata?,kinyarwanda,URGENT,cardiac_respiratory,kinyarwanda->kinyarwanda:URGENT:cardiac_respiratory,{REL} amaze ibyumweru birenga bibiri akorora kandi yatangiye no kunanuka.,Maze ibyumweru birenga bibiri nkorora kandi natangiye no kunanuka.
Ndashaka kukubwira ikibazo mfite. Umugabo wanjye ashaka imiti y'inzoka y'umwana we. Abandi bana na bo bafite iki kibazo. Naje mvuye kure.,kinyarwanda,ROUTINE,preventive,kinyarwanda->kinyarwanda:ROUTINE:preventive,{REL} ashaka imiti y'inzoka y'umwana we.,Ndashaka imiti y'inzoka y'umwana wanjye.
"Mumbabarire, ndashaka kubabwira ikibazo mfite. Mfite igikomere gito kandi amaraso yarahagaze kuva ijoro ryashize biragenda bikagaruka. Mfasha muganga.",kinyarwanda,ROUTINE,haemorrhage_trauma,kinyarwanda->kinyarwanda:ROUTINE:haemorrhage_trauma,Mfite igikomere gito kandi amaraso yarahagaze.,Mfite igikomere gito kandi amaraso yarahagaze.
"Nzanye umwana wanjye, ndashaka imiti y'inzoka y'umwana wanjye kuva ijoro ryashize kandi sinshobora gusinzira. Mfasha muganga.",kinyarwanda,ROUTINE,preventive,kinyarwanda->kinyarwanda:ROUTINE:preventive,Ndashaka imiti y'inzoka y'umwana wanjye.,Ndashaka imiti y'inzoka y'umwana wanjye.
"Nyabuneka, umuturanyi wanjye ntashobora kuvuga neza kandi umunwa we waragoramye kuva hashize icyumweru bikarushaho nijoro. Ntegereze cyangwa nsuzumwe ubu?",kinyarwanda,CRITICAL,neurological,kinyarwanda->kinyarwanda:CRITICAL:neurological,{REL} ntashobora kuvuga neza kandi umunwa we waragoramye.,{REL} ntashobora kuvuga neza kandi umunwa we waragoramye.
"Naje hano mbere, mfite gahunda yo kwisuzumisha buri mwaka kuva ejo kandi sinshobora gusinzira. Ntabasha kubona amafaranga yo kongera kuza kwa muganga.",kinyarwanda,ROUTINE,preventive,kinyarwanda->kinyarwanda:ROUTINE:preventive,Mfite gahunda yo kwisuzumisha buri mwaka.,Mfite gahunda yo kwisuzumisha buri mwaka.
"Ndakeneye ubufasha, ndashaka kongererwa imiti mfata. Urakoze.",kinyarwanda,ROUTINE,chronic_care,kinyarwanda->kinyarwanda:ROUTINE:chronic_care,ndashaka kongererwa imiti mfata,ndashaka kongererwa imiti mfata
"Mumbabarire, ndashaka kubabwira ikibazo mfite. Umwana wanjye afite umuriro woroheje umaze umunsi umwe, ariko nta kindi kibazo afite kuva ejo kandi ndahangayitse. Ntabasha kubona amafaranga yo kongera kuza kwa muganga.",kinyarwanda,ROUTINE,infectious_fever,kinyarwanda->kinyarwanda:ROUTINE:infectious_fever,"{REL} afite umuriro woroheje umaze umunsi umwe, ariko nta kindi kibazo afite.","mfite umuriro woroheje umaze umunsi umwe, ariko nta kindi kibazo mfite"
Ndashaka kujya kwa muganga kwisuzumisha SIDA kuva hashize iminsi itatu. Byatangiye gitunguranye. Murakoze.,kinyarwanda,ROUTINE,chronic_care,kinyarwanda->kinyarwanda:ROUTINE:chronic_care,Ndashaka kujya kwa muganga kwisuzumisha SIDA.,Ndashaka kujya kwa muganga kwisuzumisha SIDA.
"Nzanye umwana wanjye, mama afite impiswi zikomeye kandi yagize umwuma kuva mu masaha abiri ashize bikarushaho nijoro. Nkora iki?",kinyarwanda,CRITICAL,gastrointestinal,kinyarwanda->kinyarwanda:CRITICAL:gastrointestinal,{REL} afite impiswi zikomeye kandi yagize umwuma.,{REL} afite impiswi zikomeye kandi yagize umwuma.
"Muganga, umugore wanjye ashaka ko bapima SIDA kuva ejo biragenda bikagaruka",kinyarwanda,ROUTINE,preventive,kinyarwanda->kinyarwanda:ROUTINE:preventive,{REL} ashaka ko bapima SIDA.,Ndashaka ko bapima SIDA.
"Naje hano mbere, mu rugo hari umuntu urwaye igituntu kandi ndashaka kwisuzumisha kuva ejo kandi sinshobora gusinzira. Murakoze.",kinyarwanda,URGENT,preventive,kinyarwanda->kinyarwanda:URGENT:preventive,Mu rugo hari umuntu urwaye igituntu kandi ndashaka kwisuzumisha.,Mu rugo hari umuntu urwaye igituntu kandi ndashaka kwisuzumisha.
"Muraho, mama afite igikomere ku mutwe nyuma yo kugwa kuva mu cyumweru gishize. Mfasha muganga.",kinyarwanda,CRITICAL,haemorrhage_trauma,kinyarwanda->kinyarwanda:CRITICAL:haemorrhage_trauma,{REL} afite igikomere ku mutwe nyuma yo kugwa.,mfite igikomere ku mutwe nyuma yo kugwa
"Naje hano mbere, mushiki wanjye nta miti ya SIDA afite biragenda bikagaruka",kinyarwanda,URGENT,chronic_care,kinyarwanda->kinyarwanda:URGENT:chronic_care,{REL} nta miti ya SIDA afite.,Nta miti ya SIDA mfite.
"Nyabuneka, umukecuru afite impiswi zikomeye kandi yagize umwuma kuva mu cyumweru gishize. Ntabasha kubona amafaranga yo kongera kuza kwa muganga.",kinyarwanda,CRITICAL,gastrointestinal,kinyarwanda->kinyarwanda:CRITICAL:gastrointestinal,{REL} afite impiswi zikomeye kandi yagize umwuma.,{REL} afite impiswi zikomeye kandi yagize umwuma.
Ndashaka kukubwira ikibazo mfite. Umwana wanjye ahumeka bimugora cyane kandi iminwa ye yahindutse ibara kuva hashize iminsi itatu kandi birushaho kuba bibi,kinyarwanda,CRITICAL,cardiac_respiratory,kinyarwanda->kinyarwanda:CRITICAL:cardiac_respiratory,{REL} ahumeka bimugora cyane kandi iminwa ye yahindutse ibara.,guhumeka birangora cyane kandi iminwa yanjye yahindutse ibara
Maze ibyumweru birenga bibiri nkorora kandi natangiye no kunanuka kuva hashize icyumweru kandi nta miti mfite. Naje mvuye kure.,kinyarwanda,URGENT,cardiac_respiratory,kinyarwanda->kinyarwanda:URGENT:cardiac_respiratory,Maze ibyumweru birenga bibiri nkorora kandi natangiye no kunanuka.,Maze ibyumweru birenga bibiri nkorora kandi natangiye no kunanuka.
"Mfasha, umugabo wanjye ashaka kugirwa inama ku mazi yo kunywa kuva hashize iminsi ibiri. Byatangiye gitunguranye.",kinyarwanda,ROUTINE,preventive,kinyarwanda->kinyarwanda:ROUTINE:preventive,{REL} ashaka kugirwa inama ku mazi yo kunywa.,Ndashaka kugirwa inama ku mazi yo kunywa.
"Naje hano mbere, umwana wanjye yabyimbye ibirenge kandi ntashobora guhumeka neza iyo aragaramye kuva mu cyumweru gishize. Ese ibi birakomeye?",kinyarwanda,URGENT,chronic_care,kinyarwanda->kinyarwanda:URGENT:chronic_care,{REL} yabyimbye ibirenge kandi ntashobora guhumeka neza iyo aragaramye.,Nabyimbye ibirenge kandi sinshobora guhumeka neza iyo ndagaramye.
"Mfasha vuba, mu gituza harandya cyane kandi ububabare bukagera no ku kuboko kuva mu masaha abiri ashize bikarushaho nijoro",kinyarwanda,CRITICAL,cardiac_respiratory,kinyarwanda->kinyarwanda:CRITICAL:cardiac_respiratory,mu gituza harandya cyane kandi ububabare bukagera no ku kuboko,mu gituza harandya cyane kandi ububabare bukagera no ku kuboko
"Simbizi niba bikomeye ariko, mfite umwanda usa umukara kuva mu masaha abiri ashize kandi birushaho kuba bibi. Ntabasha kubona amafaranga yo kongera kuza kwa muganga.",kinyarwanda,CRITICAL,gastrointestinal,kinyarwanda->kinyarwanda:CRITICAL:gastrointestinal,Mfite umwanda usa umukara.,Mfite umwanda usa umukara.
Ndashaka kukubwira ikibazo mfite. Iyo maze kurya numva mu nda ntameze neza kuva ejo. Byatangiye gitunguranye. Murakoze.,kinyarwanda,ROUTINE,gastrointestinal,kinyarwanda->kinyarwanda:ROUTINE:gastrointestinal,iyo maze kurya numva mu nda ntameze neza,"Iyo {REL} amaze kurya, yumva inda itameze neza."
"Mfasha, mushiki wanjye ashaka kugirwa inama ku mazi yo kunywa kuva mu masaha abiri ashize. Byatangiye gitunguranye.",kinyarwanda,ROUTINE,preventive,kinyarwanda->kinyarwanda:ROUTINE:preventive,{REL} ashaka kugirwa inama ku mazi yo kunywa.,Ndashaka kugirwa inama ku mazi yo kunywa.
"Nzanye umwana wanjye, ndashaka imiti y'inzoka y'umwana wanjye kuva mu cyumweru gishize kandi ndahangayitse. Murakoze.",kinyarwanda,ROUTINE,preventive,kinyarwanda->kinyarwanda:ROUTINE:preventive,Ndashaka imiti y'inzoka y'umwana wanjye.,Ndashaka imiti y'inzoka y'umwana wanjye.
"Simbizi niba bikomeye ariko, ndatwite kandi nagagaye kuva mu masaha abiri ashize kandi ndahangayitse. Mfasha muganga.",kinyarwanda,CRITICAL,obstetric,kinyarwanda->kinyarwanda:CRITICAL:obstetric,Ndatwite kandi nagagaye.,Ndatwite kandi nagagaye.
"Naje hano mbere, umukecuru iminwa ye yahindutse ubururu kandi ndahangayitse. Ntabasha kubona amafaranga yo kongera kuza kwa muganga.",kinyarwanda,CRITICAL,cardiac_respiratory,kinyarwanda->kinyarwanda:CRITICAL:cardiac_respiratory,{REL} iminwa ye yahindutse ubururu.,Iminwa yanjye yahindutse ubururu.
"Nzanye umwana wanjye, iyo umwana wanjye amaze kurya, yumva inda itameze neza kuva hashize icyumweru kandi ndahangayitse. Ntabasha kubona amafaranga yo kongera kuza kwa muganga.",kinyarwanda,ROUTINE,gastrointestinal,kinyarwanda->kinyarwanda:ROUTINE:gastrointestinal,"Iyo {REL} amaze kurya, yumva inda itameze neza.","Iyo {REL} amaze kurya, yumva inda itameze neza."
"Nyabuneka, umugore wanjye ashaka ko bapima SIDA kuva ejo kandi nta miti mfite. Urakoze.",kinyarwanda,ROUTINE,preventive,kinyarwanda->kinyarwanda:ROUTINE:preventive,{REL} ashaka ko bapima SIDA.,Ndashaka ko bapima SIDA.
"Naje hano mbere, nta miti y'igituntu mfite kuva ubu gitondo cya kare nta miti imfasha. Ntegereze cyangwa nsuzumwe ubu?",kinyarwanda,URGENT,chronic_care,kinyarwanda->kinyarwanda:URGENT:chronic_care,Nta miti y'igituntu mfite.,Nta miti y'igituntu mfite.
"Nyabuneka, umukecuru nta miti ya SIDA afite kuva ijoro ryashize nta miti imfasha. Nkora iki?",kinyarwanda,URGENT,chronic_care,kinyarwanda->kinyarwanda:URGENT:chronic_care,{REL} nta miti ya SIDA afite.,Nta miti ya SIDA mfite.
"Mfasha vuba, ndaruka amaraso kuva mu masaha abiri ashize kandi birushaho kuba bibi. Mfasha muganga.",kinyarwanda,CRITICAL,gastrointestinal,kinyarwanda->kinyarwanda:CRITICAL:gastrointestinal,Ndaruka amaraso.,Ndaruka amaraso.
"Muraho, ndaruka amaraso kuva ubu gitondo cya kare kandi sinshobora gusinzira. Ese ibi birakomeye?",kinyarwanda,CRITICAL,gastrointestinal,kinyarwanda->kinyarwanda:CRITICAL:gastrointestinal,Ndaruka amaraso.,Ndaruka amaraso.
"Mfasha, umwana wanjye akorora gake ariko nta muriro afite kuva ejo kandi nta miti mfite. Ntabasha kubona amafaranga yo kongera kuza kwa muganga.",kinyarwanda,ROUTINE,cardiac_respiratory,kinyarwanda->kinyarwanda:ROUTINE:cardiac_respiratory,{REL} akorora gake ariko nta muriro afite.,Nkorora gake ariko nta muriro mfite.
"Muganga, umwana wanjye afite umuriro woroheje umaze umunsi umwe, ariko nta kindi kibazo afite kuva ubu gitondo cya kare kandi ndahangayitse. Naje mvuye kure.",kinyarwanda,ROUTINE,infectious_fever,kinyarwanda->kinyarwanda:ROUTINE:infectious_fever,"{REL} afite umuriro woroheje umaze umunsi umwe, ariko nta kindi kibazo afite.","mfite umuriro woroheje umaze umunsi umwe, ariko nta kindi kibazo mfite"
"Ndakeneye ubufasha, umugore wanjye aratwite kandi yaragagaye kuva mu gitondo. Byatangiye gitunguranye. Mfasha muganga.",kinyarwanda,CRITICAL,obstetric,kinyarwanda->kinyarwanda:CRITICAL:obstetric,{REL} aratwite kandi yaragagaye.,Ndatwite kandi nagagaye.
"Mfasha vuba, umwana wanjye afite ibimenyetso bya malariya, umuriro n'imbeho kuva ubu gitondo cya kare biragenda bikagaruka",kinyarwanda,URGENT,infectious_fever,kinyarwanda->kinyarwanda:URGENT:infectious_fever,"{REL} afite ibimenyetso bya malariya, umuriro n'imbeho.","Mfite ibimenyetso bya malariya, umuriro n'imbeho."
"Nyabuneka, amazi yamenetse ariko igihe cyo kubyara ntikiragera kuva ijoro ryashize nta miti imfasha",kinyarwanda,URGENT,obstetric,kinyarwanda->kinyarwanda:URGENT:obstetric,Amazi yamenetse ariko igihe cyo kubyara ntikiragera.,Amazi yamenetse ariko igihe cyo kubyara ntikiragera.
"Mumbabarire, ndashaka kubabwira ikibazo mfite. Mfite umuhaha kuva ijoro ryashize kandi nta miti mfite. Ni imiti ki nafata?",kinyarwanda,URGENT,paediatric,kinyarwanda->kinyarwanda:URGENT:paediatric,Mfite umuhaha.,Mfite umuhaha.
"Simbizi niba bikomeye ariko, iyo maze kurya numva mu nda ntameze neza kuva mu gitondo kandi ndahangayitse. Mfasha muganga.",kinyarwanda,ROUTINE,gastrointestinal,kinyarwanda->kinyarwanda:ROUTINE:gastrointestinal,iyo maze kurya numva mu nda ntameze neza,"Iyo {REL} amaze kurya, yumva inda itameze neza."
"Muganga, umukecuru afite igikomere cyanduye, kiratukura kandi kirimo amashyira kuva ubu gitondo cya kare. Byatangiye gitunguranye. Naje mvuye kure.",kinyarwanda,URGENT,haemorrhage_trauma,kinyarwanda->kinyarwanda:URGENT:haemorrhage_trauma,"{REL} afite igikomere cyanduye, kiratukura kandi kirimo amashyira.","mfite igikomere cyanduye, kiratukura kandi kirimo amashyira"
"Muganga, umwana wanjye afite umuriro mwinshi kandi ntarya kuva hashize iminsi itatu kandi birushaho kuba bibi. Ese ibi birakomeye?",kinyarwanda,URGENT,paediatric,kinyarwanda->kinyarwanda:URGENT:paediatric,{REL} afite umuriro mwinshi kandi ntarya.,{REL} afite umuriro mwinshi kandi ntarya.
Uruhande rumwe rw'umubiri we ntirukora kuva mu masaha abiri ashize kandi birushaho kuba bibi. Mfasha muganga.,kinyarwanda,CRITICAL,neurological,kinyarwanda->kinyarwanda:CRITICAL:neurological,Uruhande rumwe rw'umubiri we ntirukora.,Uruhande rumwe rw'umubiri we ntirukora.
"Muraho, umugabo wanjye afite ubushye bunini ku mubiri kuva hashize iminsi itatu kandi nta miti mfite. Ese ibi birakomeye?",kinyarwanda,CRITICAL,haemorrhage_trauma,kinyarwanda->kinyarwanda:CRITICAL:haemorrhage_trauma,{REL} afite ubushye bunini ku mubiri.,Mfite ubushye bunini ku mubiri.
Uruhande rumwe rw'umubiri we ntirukora kandi nta miti mfite,kinyarwanda,CRITICAL,neurological,kinyarwanda->kinyarwanda:CRITICAL:neurological,Uruhande rumwe rw'umubiri we ntirukora.,Uruhande rumwe rw'umubiri we ntirukora.
"Mumbabarire, ndashaka kubabwira ikibazo mfite. Umukecuru afite igikomere cyanduye, kiratukura kandi kirimo amashyira kuva hashize iminsi ibiri kandi nta miti mfite. Nkora iki?",kinyarwanda,URGENT,haemorrhage_trauma,kinyarwanda->kinyarwanda:URGENT:haemorrhage_trauma,"{REL} afite igikomere cyanduye, kiratukura kandi kirimo amashyira.","mfite igikomere cyanduye, kiratukura kandi kirimo amashyira"
"Ndakeneye ubufasha, mfite umwanda usa umukara biragenda bikagaruka. Nkora iki?",kinyarwanda,CRITICAL,gastrointestinal,kinyarwanda->kinyarwanda:CRITICAL:gastrointestinal,Mfite umwanda usa umukara.,Mfite umwanda usa umukara.
"Ndakeneye ubufasha, umugabo wanjye afite igikomere ku mutwe nyuma yo kugwa kuva mu cyumweru gishize nta miti imfasha. Naje mvuye kure.",kinyarwanda,CRITICAL,haemorrhage_trauma,kinyarwanda->kinyarwanda:CRITICAL:haemorrhage_trauma,{REL} afite igikomere ku mutwe nyuma yo kugwa.,mfite igikomere ku mutwe nyuma yo kugwa
"Nyabuneka, umuturanyi wanjye ntashobora kuvuga neza kandi umunwa we waragoramye. Ntabasha kubona amafaranga yo kongera kuza kwa muganga.",kinyarwanda,CRITICAL,neurological,kinyarwanda->kinyarwanda:CRITICAL:neurological,{REL} ntashobora kuvuga neza kandi umunwa we waragoramye.,{REL} ntashobora kuvuga neza kandi umunwa we waragoramye.
Ndashaka kukubwira ikibazo mfite. Mu rugo hari umuntu urwaye igituntu kandi ndashaka kwisuzumisha kuva mu cyumweru gishize kandi ndahangayitse. Ese ibi birakomeye?,kinyarwanda,URGENT,preventive,kinyarwanda->kinyarwanda:URGENT:preventive,Mu rugo hari umuntu urwaye igituntu kandi ndashaka kwisuzumisha.,Mu rugo hari umuntu urwaye igituntu kandi ndashaka kwisuzumisha.
"Ndakeneye ubufasha, mushiki wanjye ashaka kugirwa inama ku mazi yo kunywa biragenda bikagaruka",kinyarwanda,ROUTINE,preventive,kinyarwanda->kinyarwanda:ROUTINE:preventive,{REL} ashaka kugirwa inama ku mazi yo kunywa.,Ndashaka kugirwa inama ku mazi yo kunywa.
Umugabo wanjye ashaka ko bapima SIDA kuva hashize iminsi ibiri. Byatangiye gitunguranye.,kinyarwanda,ROUTINE,preventive,kinyarwanda->kinyarwanda:ROUTINE:preventive,{REL} ashaka ko bapima SIDA.,Ndashaka ko bapima SIDA.
"Naje hano mbere, umwana wanjye afite umuriro mwinshi kandi ntarya kuva hashize icyumweru nta miti imfasha. Mfasha muganga.",kinyarwanda,URGENT,paediatric,kinyarwanda->kinyarwanda:URGENT:paediatric,{REL} afite umuriro mwinshi kandi ntarya.,{REL} afite umuriro mwinshi kandi ntarya.
Ndashaka kukubwira ikibazo mfite. Mushiki wanjye ashaka kugirwa inama ku mazi yo kunywa kuva ubu gitondo cya kare kandi nta miti mfite. Ese ibi birakomeye?,kinyarwanda,ROUTINE,preventive,kinyarwanda->kinyarwanda:ROUTINE:preventive,{REL} ashaka kugirwa inama ku mazi yo kunywa.,Ndashaka kugirwa inama ku mazi yo kunywa.
"Nzanye umwana wanjye, umwana wanjye afite umuhaha kuva hashize iminsi itatu bikarushaho nijoro. Naje mvuye kure.",kinyarwanda,URGENT,paediatric,kinyarwanda->kinyarwanda:URGENT:paediatric,{REL} afite umuhaha.,Mfite umuhaha.
"Nzanye umwana wanjye, ndashaka imiti y'inzoka y'umwana wanjye kuva mu cyumweru gishize kandi nta miti mfite. Mfasha muganga.",kinyarwanda,ROUTINE,preventive,kinyarwanda->kinyarwanda:ROUTINE:preventive,Ndashaka imiti y'inzoka y'umwana wanjye.,Ndashaka imiti y'inzoka y'umwana wanjye.
"Muraho, maze ibyumweru birenga bibiri nkorora kandi natangiye no kunanuka. Byatangiye gitunguranye. Murakoze.",kinyarwanda,URGENT,cardiac_respiratory,kinyarwanda->kinyarwanda:URGENT:cardiac_respiratory,Maze ibyumweru birenga bibiri nkorora kandi natangiye no kunanuka.,Maze ibyumweru birenga bibiri nkorora kandi natangiye no kunanuka.
"Nzanye umwana wanjye, ndaruka amaraso kuva ijoro ryashize nta miti imfasha. Ese ibi birakomeye?",kinyarwanda,CRITICAL,gastrointestinal,kinyarwanda->kinyarwanda:CRITICAL:gastrointestinal,Ndaruka amaraso.,Ndaruka amaraso.
"Naje hano mbere, umwana wanjye afite umuriro woroheje umaze umunsi umwe, ariko nta kindi kibazo afite kuva mu gitondo kandi ndahangayitse. Nkora iki?",kinyarwanda,ROUTINE,infectious_fever,kinyarwanda->kinyarwanda:ROUTINE:infectious_fever,"{REL} afite umuriro woroheje umaze umunsi umwe, ariko nta kindi kibazo afite.","mfite umuriro woroheje umaze umunsi umwe, ariko nta kindi kibazo mfite"
"Nyabuneka, maze ibyumweru birenga bibiri nkorora kandi natangiye no kunanuka kuva mu masaha abiri ashize. Ni imiti ki nafata?",kinyarwanda,URGENT,cardiac_respiratory,kinyarwanda->kinyarwanda:URGENT:cardiac_respiratory,Maze ibyumweru birenga bibiri nkorora kandi natangiye no kunanuka.,Maze ibyumweru birenga bibiri nkorora kandi natangiye no kunanuka.
"Muraho, mama arababara cyane mu gituza kandi ububabare bukagera no ku kuboko kuva ejo kandi ndahangayitse. Mfasha muganga.",kinyarwanda,CRITICAL,cardiac_respiratory,kinyarwanda->kinyarwanda:CRITICAL:cardiac_respiratory,{REL} arababara cyane mu gituza kandi ububabare bukagera no ku kuboko.,mu gituza harandya cyane kandi ububabare bukagera no ku kuboko
"Mumbabarire, ndashaka kubabwira ikibazo mfite. Mushiki wanjye yabyimbye ibirenge kandi ntashobora guhumeka neza iyo aragaramye kuva mu cyumweru gishize kandi nta miti mfite. Ese ibi birakomeye?",kinyarwanda,URGENT,chronic_care,kinyarwanda->kinyarwanda:URGENT:chronic_care,{REL} yabyimbye ibirenge kandi ntashobora guhumeka neza iyo aragaramye.,Nabyimbye ibirenge kandi sinshobora guhumeka neza iyo ndagaramye.
"Mfasha, umutima uratera cyane kandi nkumva umeze nk'aho uhagarara kandi sinshobora gusinzira. Ntegereze cyangwa nsuzumwe ubu?",kinyarwanda,CRITICAL,cardiac_respiratory,kinyarwanda->kinyarwanda:CRITICAL:cardiac_respiratory,umutima uratera cyane kandi nkumva umeze nk'aho uhagarara,umutima uratera cyane kandi nkumva umeze nk'aho uhagarara
"Mumbabarire, ndashaka kubabwira ikibazo mfite. Umugabo wanjye afite igikomere ku mutwe nyuma yo kugwa kuva ijoro ryashize bikarushaho nijoro. Naje mvuye kure.",kinyarwanda,CRITICAL,haemorrhage_trauma,kinyarwanda->kinyarwanda:CRITICAL:haemorrhage_trauma,{REL} afite igikomere ku mutwe nyuma yo kugwa.,mfite igikomere ku mutwe nyuma yo kugwa
"Nyabuneka, mfite umuhaha kuva ejo. Abandi bana na bo bafite iki kibazo. Nkora iki?",kinyarwanda,URGENT,paediatric,kinyarwanda->kinyarwanda:URGENT:paediatric,Mfite umuhaha.,Mfite umuhaha.
"Naje hano mbere, umwana wanjye afite igikomere ku mutwe nyuma yo kugwa kuva ejo kandi sinshobora gusinzira",kinyarwanda,CRITICAL,haemorrhage_trauma,kinyarwanda->kinyarwanda:CRITICAL:haemorrhage_trauma,{REL} afite igikomere ku mutwe nyuma yo kugwa.,mfite igikomere ku mutwe nyuma yo kugwa
"Naje hano mbere, mama afite ubushye bunini ku mubiri kuva hashize iminsi itatu. Byatangiye gitunguranye. Nkora iki?",kinyarwanda,CRITICAL,haemorrhage_trauma,kinyarwanda->kinyarwanda:CRITICAL:haemorrhage_trauma,{REL} afite ubushye bunini ku mubiri.,Mfite ubushye bunini ku mubiri.
"Ndakeneye ubufasha, iyo umwana wanjye amaze kurya, yumva inda itameze neza kuva mu gitondo. Byatangiye gitunguranye. Ese ibi birakomeye?",kinyarwanda,ROUTINE,gastrointestinal,kinyarwanda->kinyarwanda:ROUTINE:gastrointestinal,"Iyo {REL} amaze kurya, yumva inda itameze neza.","Iyo {REL} amaze kurya, yumva inda itameze neza."
"Nyabuneka, ndaruka cyane kandi numva mfite intege nke kuva hashize icyumweru. Abandi bana na bo bafite iki kibazo. Ni imiti ki nafata?",kinyarwanda,URGENT,gastrointestinal,kinyarwanda->kinyarwanda:URGENT:gastrointestinal,ndaruka cyane kandi numva mfite intege nke,ndaruka cyane kandi numva mfite intege nke
"Ndakeneye ubufasha, mushiki wanjye ashaka inama ku biryo byo kugaburira umwana we kuva ijoro ryashize. Byatangiye gitunguranye. Ndakeneye ubufasha vuba.",kinyarwanda,ROUTINE,preventive,kinyarwanda->kinyarwanda:ROUTINE:preventive,{REL} ashaka inama ku biryo byo kugaburira umwana we.,Ndashaka inama ku biryo byo kugaburira umwana wanjye.
"Nyabuneka, nta miti y'igituntu mfite kandi sinshobora gusinzira. Nkora iki?",kinyarwanda,URGENT,chronic_care,kinyarwanda->kinyarwanda:URGENT:chronic_care,Nta miti y'igituntu mfite.,Nta miti y'igituntu mfite.
"Naje hano mbere, umutima uratera cyane kandi nkumva umeze nk'aho uhagarara kuva mu masaha abiri ashize kandi ndahangayitse. Mfasha muganga.",kinyarwanda,CRITICAL,cardiac_respiratory,kinyarwanda->kinyarwanda:CRITICAL:cardiac_respiratory,umutima uratera cyane kandi nkumva umeze nk'aho uhagarara,umutima uratera cyane kandi nkumva umeze nk'aho uhagarara
"Muraho, ndashaka kongererwa imiti mfata kuva hashize icyumweru. Ntegereze cyangwa nsuzumwe ubu?",kinyarwanda,ROUTINE,chronic_care,kinyarwanda->kinyarwanda:ROUTINE:chronic_care,ndashaka kongererwa imiti mfata,ndashaka kongererwa imiti mfata
"Ndakeneye ubufasha, umukecuru ashaka imiti y'inzoka y'umwana we kuva hashize iminsi itatu biragenda bikagaruka. Ndakeneye ubufasha vuba.",kinyarwanda,ROUTINE,preventive,kinyarwanda->kinyarwanda:ROUTINE:preventive,{REL} ashaka imiti y'inzoka y'umwana we.,Ndashaka imiti y'inzoka y'umwana wanjye.
Amazi yamenetse ariko igihe cyo kubyara ntikiragera kuva hashize icyumweru. Abandi bana na bo bafite iki kibazo. Naje mvuye kure.,kinyarwanda,URGENT,obstetric,kinyarwanda->kinyarwanda:URGENT:obstetric,Amazi yamenetse ariko igihe cyo kubyara ntikiragera.,Amazi yamenetse ariko igihe cyo kubyara ntikiragera.
"Ndakeneye ubufasha, ndatwite kandi nagagaye kuva mu gitondo nta miti imfasha. Mfasha muganga.",kinyarwanda,CRITICAL,obstetric,kinyarwanda->kinyarwanda:CRITICAL:obstetric,Ndatwite kandi nagagaye.,Ndatwite kandi nagagaye.
"Nyabuneka, umwana wanjye nta miti ya SIDA afite kuva ijoro ryashize. Abandi bana na bo bafite iki kibazo. Ni imiti ki nafata?",kinyarwanda,URGENT,chronic_care,kinyarwanda->kinyarwanda:URGENT:chronic_care,{REL} nta miti ya SIDA afite.,Nta miti ya SIDA mfite.
Umwana wanjye ntashobora kuvuga neza kandi umunwa we waragoramye kuva ijoro ryashize kandi sinshobora gusinzira. Nkora iki?,kinyarwanda,CRITICAL,neurological,kinyarwanda->kinyarwanda:CRITICAL:neurological,{REL} ntashobora kuvuga neza kandi umunwa we waragoramye.,{REL} ntashobora kuvuga neza kandi umunwa we waragoramye.
"Simbizi niba bikomeye ariko, ndava amaraso menshi nyuma yo kubyara kuva hashize iminsi itatu kandi ndahangayitse. Ntabasha kubona amafaranga yo kongera kuza kwa muganga.",kinyarwanda,CRITICAL,obstetric,kinyarwanda->kinyarwanda:CRITICAL:obstetric,ndava amaraso menshi nyuma yo kubyara,ndava amaraso menshi nyuma yo kubyara
"Mfasha, umwana wanjye afite ububabare bukabije mu nda kuva ubu gitondo cya kare nta miti imfasha",kinyarwanda,URGENT,gastrointestinal,kinyarwanda->kinyarwanda:URGENT:gastrointestinal,{REL} afite ububabare bukabije mu nda.,Mfite ububabare bukabije mu nda.
"Nyabuneka, papa ashaka kugirwa inama ku mazi yo kunywa kuva hashize iminsi itatu biragenda bikagaruka. Ntabasha kubona amafaranga yo kongera kuza kwa muganga.",kinyarwanda,ROUTINE,preventive,kinyarwanda->kinyarwanda:ROUTINE:preventive,{REL} ashaka kugirwa inama ku mazi yo kunywa.,Ndashaka kugirwa inama ku mazi yo kunywa.
Ndashaka imiti y'inzoka y'umwana wanjye kuva mu masaha abiri ashize. Byatangiye gitunguranye. Mfasha muganga.,kinyarwanda,ROUTINE,preventive,kinyarwanda->kinyarwanda:ROUTINE:preventive,Ndashaka imiti y'inzoka y'umwana wanjye.,Ndashaka imiti y'inzoka y'umwana wanjye.
"Muraho, ndaruka amaraso kuva ijoro ryashize. Mfasha muganga.",kinyarwanda,CRITICAL,gastrointestinal,kinyarwanda->kinyarwanda:CRITICAL:gastrointestinal,Ndaruka amaraso.,Ndaruka amaraso.
"Mumbabarire, ndashaka kubabwira ikibazo mfite. Ndatwite kandi mfite umuriro kuva ejo kandi ndahangayitse. Urakoze.",kinyarwanda,URGENT,obstetric,kinyarwanda->kinyarwanda:URGENT:obstetric,Ndatwite kandi mfite umuriro.,Ndatwite kandi mfite umuriro.
"Mumbabarire, ndashaka kubabwira ikibazo mfite. Mushiki wanjye ahumeka bimugora cyane kandi iminwa ye yahindutse ibara kuva hashize iminsi ibiri. Byatangiye gitunguranye. Ni imiti ki nafata?",kinyarwanda,CRITICAL,cardiac_respiratory,kinyarwanda->kinyarwanda:CRITICAL:cardiac_respiratory,{REL} ahumeka bimugora cyane kandi iminwa ye yahindutse ibara.,guhumeka birangora cyane kandi iminwa yanjye yahindutse ibara
"Nzanye umwana wanjye, umugore wanjye amaze ibyumweru birenga bibiri arwaye impiswi kuva mu cyumweru gishize kandi nta miti mfite. Ntegereze cyangwa nsuzumwe ubu?",kinyarwanda,URGENT,gastrointestinal,kinyarwanda->kinyarwanda:URGENT:gastrointestinal,{REL} amaze ibyumweru birenga bibiri arwaye impiswi.,Maze ibyumweru birenga bibiri ndwaye impiswi.
Ndashaka kukubwira ikibazo mfite. Mu gituza harandya cyane kandi ububabare bukagera no ku kuboko kuva ubu gitondo cya kare nta miti imfasha,kinyarwanda,CRITICAL,cardiac_respiratory,kinyarwanda->kinyarwanda:CRITICAL:cardiac_respiratory,mu gituza harandya cyane kandi ububabare bukagera no ku kuboko,mu gituza harandya cyane kandi ububabare bukagera no ku kuboko
"Naje hano mbere, umugabo wanjye arababara cyane mu gituza kandi ububabare bukagera no ku kuboko. Abandi bana na bo bafite iki kibazo. Ese ibi birakomeye?",kinyarwanda,CRITICAL,cardiac_respiratory,kinyarwanda->kinyarwanda:CRITICAL:cardiac_respiratory,{REL} arababara cyane mu gituza kandi ububabare bukagera no ku kuboko.,mu gituza harandya cyane kandi ububabare bukagera no ku kuboko
"Muraho, umwana wanjye afite umuhaha kuva hashize icyumweru kandi sinshobora gusinzira. Ni imiti ki nafata?",kinyarwanda,URGENT,paediatric,kinyarwanda->kinyarwanda:URGENT:paediatric,{REL} afite umuhaha.,Mfite umuhaha.
"Ndakeneye ubufasha, mama nta miti y'igituntu afite kuva hashize iminsi itatu kandi birushaho kuba bibi",kinyarwanda,URGENT,chronic_care,kinyarwanda->kinyarwanda:URGENT:chronic_care,{REL} nta miti y'igituntu afite.,Nta miti y'igituntu mfite.
"Naje hano mbere, umugore wanjye ashaka inama ku biryo byo kugaburira umwana we kuva ubu gitondo cya kare kandi ndahangayitse. Mfasha muganga.",kinyarwanda,ROUTINE,preventive,kinyarwanda->kinyarwanda:ROUTINE:preventive,{REL} ashaka inama ku biryo byo kugaburira umwana we.,Ndashaka inama ku biryo byo kugaburira umwana wanjye.
"Simbizi niba bikomeye ariko, nta miti y'igituntu mfite kuva hashize icyumweru nta miti imfasha. Urakoze.",kinyarwanda,URGENT,chronic_care,kinyarwanda->kinyarwanda:URGENT:chronic_care,Nta miti y'igituntu mfite.,Nta miti y'igituntu mfite.
"Simbizi niba bikomeye ariko, iyo mpumeka, numva igituza gifashe kandi mpumeka nkumva hari ijwi ridasanzwe kuva ubu gitondo cya kare kandi birushaho kuba bibi. Ni imiti ki nafata?",kinyarwanda,URGENT,cardiac_respiratory,kinyarwanda->kinyarwanda:URGENT:cardiac_respiratory,"Iyo mpumeka, numva igituza gifashe kandi mpumeka nkumva hari ijwi ridasanzwe.","Iyo mpumeka, numva igituza gifashe kandi mpumeka nkumva hari ijwi ridasanzwe."
Ndashaka kukubwira ikibazo mfite. Mushiki wanjye arava amaraso menshi nyuma yo kubyara kuva mu gitondo bikarushaho nijoro. Ntegereze cyangwa nsuzumwe ubu?,kinyarwanda,CRITICAL,obstetric,kinyarwanda->kinyarwanda:CRITICAL:obstetric,{REL} arava amaraso menshi nyuma yo kubyara.,ndava amaraso menshi nyuma yo kubyara
"Nyabuneka, umugore wanjye amaze ibyumweru birenga bibiri akorora kandi yatangiye no kunanuka kuva hashize iminsi ibiri. Naje mvuye kure.",kinyarwanda,URGENT,cardiac_respiratory,kinyarwanda->kinyarwanda:URGENT:cardiac_respiratory,{REL} amaze ibyumweru birenga bibiri akorora kandi yatangiye no kunanuka.,Maze ibyumweru birenga bibiri nkorora kandi natangiye no kunanuka.
Umugore wanjye ashaka ko bapima SIDA kuva ubu gitondo cya kare kandi nta miti mfite. Murakoze.,kinyarwanda,ROUTINE,preventive,kinyarwanda->kinyarwanda:ROUTINE:preventive,{REL} ashaka ko bapima SIDA.,Ndashaka ko bapima SIDA.
"Muraho, umugabo wanjye amaze ibyumweru birenga bibiri akorora kandi yatangiye no kunanuka kuva ubu gitondo cya kare. Abandi bana na bo bafite iki kibazo. Ntegereze cyangwa nsuzumwe ubu?",kinyarwanda,URGENT,cardiac_respiratory,kinyarwanda->kinyarwanda:URGENT:cardiac_respiratory,{REL} amaze ibyumweru birenga bibiri akorora kandi yatangiye no kunanuka.,Maze ibyumweru birenga bibiri nkorora kandi natangiye no kunanuka.
Nyuma yo kubyara mfite umuriro kandi hari ibintu bisohoka bifite impumuro mbi kuva ijoro ryashize biragenda bikagaruka. Naje mvuye kure.,kinyarwanda,CRITICAL,obstetric,kinyarwanda->kinyarwanda:CRITICAL:obstetric,Nyuma yo kubyara mfite umuriro kandi hari ibintu bisohoka bifite impumuro mbi.,Nyuma yo kubyara mfite umuriro kandi hari ibintu bisohoka bifite impumuro mbi.
"Ndakeneye ubufasha, umwana wanjye afite igikomere gito kandi amaraso yarahagaze kuva mu gitondo. Naje mvuye kure.",kinyarwanda,ROUTINE,haemorrhage_trauma,kinyarwanda->kinyarwanda:ROUTINE:haemorrhage_trauma,{REL} afite igikomere gito kandi amaraso yarahagaze.,Mfite igikomere gito kandi amaraso yarahagaze.
"Muraho, umukecuru ashaka ko bapima ibiro by'umwana we kuva hashize icyumweru. Byatangiye gitunguranye. Ese ibi birakomeye?",kinyarwanda,ROUTINE,paediatric,kinyarwanda->kinyarwanda:ROUTINE:paediatric,{REL} ashaka ko bapima ibiro by'umwana we.,Ndashaka ko bapima ibiro by'umwana wanjye.
"Nzanye umwana wanjye, mfite umwanda usa umukara kuva hashize icyumweru nta miti imfasha. Nkora iki?",kinyarwanda,CRITICAL,gastrointestinal,kinyarwanda->kinyarwanda:CRITICAL:gastrointestinal,Mfite umwanda usa umukara.,Mfite umwanda usa umukara.
"Nyabuneka, ndashaka kongererwa imiti mfata kuva ijoro ryashize kandi ndahangayitse",kinyarwanda,ROUTINE,chronic_care,kinyarwanda->kinyarwanda:ROUTINE:chronic_care,ndashaka kongererwa imiti mfata,ndashaka kongererwa imiti mfata
"Nzanye umwana wanjye, umwana wanjye afite umuriro woroheje umaze umunsi umwe, ariko nta kindi kibazo afite kuva ubu gitondo cya kare bikarushaho nijoro. Nkora iki?",kinyarwanda,ROUTINE,infectious_fever,kinyarwanda->kinyarwanda:ROUTINE:infectious_fever,"{REL} afite umuriro woroheje umaze umunsi umwe, ariko nta kindi kibazo afite.","mfite umuriro woroheje umaze umunsi umwe, ariko nta kindi kibazo mfite"
"Naje hano mbere, umwana wanjye afite umuhaha kuva hashize iminsi itatu nta miti imfasha. Murakoze.",kinyarwanda,URGENT,paediatric,kinyarwanda->kinyarwanda:URGENT:paediatric,{REL} afite umuhaha.,Mfite umuhaha.
"Mfasha vuba, umugore wanjye amaze ibyumweru birenga bibiri arwaye impiswi kuva hashize iminsi ibiri kandi ndahangayitse. Ese ibi birakomeye?",kinyarwanda,URGENT,gastrointestinal,kinyarwanda->kinyarwanda:URGENT:gastrointestinal,{REL} amaze ibyumweru birenga bibiri arwaye impiswi.,Maze ibyumweru birenga bibiri ndwaye impiswi.
"Simbizi niba bikomeye ariko, umukecuru ahumeka bimugora cyane kandi iminwa ye yahindutse ibara kuva ubu gitondo cya kare kandi sinshobora gusinzira. Ndakeneye ubufasha vuba.",kinyarwanda,CRITICAL,cardiac_respiratory,kinyarwanda->kinyarwanda:CRITICAL:cardiac_respiratory,{REL} ahumeka bimugora cyane kandi iminwa ye yahindutse ibara.,guhumeka birangora cyane kandi iminwa yanjye yahindutse ibara
"Mfasha vuba, ndava amaraso menshi nyuma yo kubyara kuva hashize icyumweru kandi sinshobora gusinzira. Ndakeneye ubufasha vuba.",kinyarwanda,CRITICAL,obstetric,kinyarwanda->kinyarwanda:CRITICAL:obstetric,ndava amaraso menshi nyuma yo kubyara,ndava amaraso menshi nyuma yo kubyara
Ndashaka kukubwira ikibazo mfite. Umugore wanjye aratwite kandi yaragagaye kuva hashize iminsi ibiri biragenda bikagaruka. Ese ibi birakomeye?,kinyarwanda,CRITICAL,obstetric,kinyarwanda->kinyarwanda:CRITICAL:obstetric,{REL} aratwite kandi yaragagaye.,Ndatwite kandi nagagaye.
"Ndakeneye ubufasha, umukecuru ntashobora kuvuga neza kandi umunwa we waragoramye kuva ubu gitondo cya kare biragenda bikagaruka. Ni imiti ki nafata?",kinyarwanda,CRITICAL,neurological,kinyarwanda->kinyarwanda:CRITICAL:neurological,{REL} ntashobora kuvuga neza kandi umunwa we waragoramye.,{REL} ntashobora kuvuga neza kandi umunwa we waragoramye.
"Ndakeneye ubufasha, umwana wanjye afite umuriro woroheje umaze umunsi umwe, ariko nta kindi kibazo afite kuva hashize iminsi itatu. Ni imiti ki nafata?",kinyarwanda,ROUTINE,infectious_fever,kinyarwanda->kinyarwanda:ROUTINE:infectious_fever,"{REL} afite umuriro woroheje umaze umunsi umwe, ariko nta kindi kibazo afite.","mfite umuriro woroheje umaze umunsi umwe, ariko nta kindi kibazo mfite"
Ndashaka kukubwira ikibazo mfite. Mfite umwanda usa umukara kuva mu cyumweru gishize biragenda bikagaruka. Ndakeneye ubufasha vuba.,kinyarwanda,CRITICAL,gastrointestinal,kinyarwanda->kinyarwanda:CRITICAL:gastrointestinal,Mfite umwanda usa umukara.,Mfite umwanda usa umukara.
"Nyabuneka, umuturanyi wanjye ashaka ko bapima ibiro by'umwana we kuva hashize icyumweru kandi sinshobora gusinzira. Urakoze.",kinyarwanda,ROUTINE,paediatric,kinyarwanda->kinyarwanda:ROUTINE:paediatric,{REL} ashaka ko bapima ibiro by'umwana we.,Ndashaka ko bapima ibiro by'umwana wanjye.
"Naje hano mbere, mama aratwite kandi yaragagaye kuva hashize iminsi ibiri biragenda bikagaruka",kinyarwanda,CRITICAL,obstetric,kinyarwanda->kinyarwanda:CRITICAL:obstetric,{REL} aratwite kandi yaragagaye.,Ndatwite kandi nagagaye.
"Muganga, papa nta miti y'igituntu afite kuva mu masaha abiri ashize kandi ndahangayitse. Urakoze.",kinyarwanda,URGENT,chronic_care,kinyarwanda->kinyarwanda:URGENT:chronic_care,{REL} nta miti y'igituntu afite.,Nta miti y'igituntu mfite.
"Mfasha, umwana wanjye afite umuriro mwinshi kandi ntarya nta miti imfasha. Urakoze.",kinyarwanda,URGENT,paediatric,kinyarwanda->kinyarwanda:URGENT:paediatric,{REL} afite umuriro mwinshi kandi ntarya.,{REL} afite umuriro mwinshi kandi ntarya.
"Mfasha, amazuru arantemba gake kuva mu masaha abiri ashize bikarushaho nijoro. Naje mvuye kure.",kinyarwanda,ROUTINE,infectious_fever,kinyarwanda->kinyarwanda:ROUTINE:infectious_fever,amazuru arantemba gake,amazuru arantemba gake
"Mumbabarire, ndashaka kubabwira ikibazo mfite. Guhumeka birangora cyane ku buryo ntabasha no kuvuga neza kuva mu cyumweru gishize kandi birushaho kuba bibi. Ntegereze cyangwa nsuzumwe ubu?",kinyarwanda,CRITICAL,cardiac_respiratory,kinyarwanda->kinyarwanda:CRITICAL:cardiac_respiratory,Guhumeka birangora cyane ku buryo ntabasha no kuvuga neza.,Guhumeka birangora cyane ku buryo ntabasha no kuvuga neza.
"Ndakeneye ubufasha, umukecuru iminwa ye yahindutse ubururu kuva hashize iminsi ibiri bikarushaho nijoro. Mfasha muganga.",kinyarwanda,CRITICAL,cardiac_respiratory,kinyarwanda->kinyarwanda:CRITICAL:cardiac_respiratory,{REL} iminwa ye yahindutse ubururu.,Iminwa yanjye yahindutse ubururu.
"Naje hano mbere, maze ibyumweru birenga bibiri nkorora kandi natangiye no kunanuka kuva mu masaha abiri ashize. Byatangiye gitunguranye. Ntabasha kubona amafaranga yo kongera kuza kwa muganga.",kinyarwanda,URGENT,cardiac_respiratory,kinyarwanda->kinyarwanda:URGENT:cardiac_respiratory,Maze ibyumweru birenga bibiri nkorora kandi natangiye no kunanuka.,Maze ibyumweru birenga bibiri nkorora kandi natangiye no kunanuka.
Ndashaka kukubwira ikibazo mfite. Umwana wanjye afite umuhaha kuva ejo. Abandi bana na bo bafite iki kibazo. Urakoze.,kinyarwanda,URGENT,paediatric,kinyarwanda->kinyarwanda:URGENT:paediatric,{REL} afite umuhaha.,Mfite umuhaha.
Mushiki wanjye ashaka ko bapima ibiro by'umwana we kuva ejo kandi sinshobora gusinzira. Murakoze.,kinyarwanda,ROUTINE,paediatric,kinyarwanda->kinyarwanda:ROUTINE:paediatric,{REL} ashaka ko bapima ibiro by'umwana we.,Ndashaka ko bapima ibiro by'umwana wanjye.
"Mfasha vuba, ndaruka amaraso kandi sinshobora gusinzira. Ndakeneye ubufasha vuba.",kinyarwanda,CRITICAL,gastrointestinal,kinyarwanda->kinyarwanda:CRITICAL:gastrointestinal,Ndaruka amaraso.,Ndaruka amaraso.
"Nzanye umwana wanjye, ndabyara ariko habanje gusohoka umugozi w'umwana kuva hashize iminsi ibiri kandi ndahangayitse. Ni imiti ki nafata?",kinyarwanda,CRITICAL,obstetric,kinyarwanda->kinyarwanda:CRITICAL:obstetric,Ndabyara ariko habanje gusohoka umugozi w'umwana.,Ndabyara ariko habanje gusohoka umugozi w'umwana.
"Nzanye umwana wanjye, umugore wanjye ashaka imiti y'inzoka y'umwana we kuva mu masaha abiri ashize kandi nta miti mfite. Ese ibi birakomeye?",kinyarwanda,ROUTINE,preventive,kinyarwanda->kinyarwanda:ROUTINE:preventive,{REL} ashaka imiti y'inzoka y'umwana we.,Ndashaka imiti y'inzoka y'umwana wanjye.
"Simbizi niba bikomeye ariko, umugabo wanjye amaze iminsi itatu arwaye impiswi zikomeye kuva mu cyumweru gishize bikarushaho nijoro. Ndakeneye ubufasha vuba.",kinyarwanda,URGENT,gastrointestinal,kinyarwanda->kinyarwanda:URGENT:gastrointestinal,{REL} amaze iminsi itatu arwaye impiswi zikomeye.,maze iminsi itatu ndwaye impiswi zikomeye
"Nzanye umwana wanjye, umuturanyi wanjye arava amaraso menshi nyuma yo kubyara kuva mu cyumweru gishize. Byatangiye gitunguranye. Ntegereze cyangwa nsuzumwe ubu?",kinyarwanda,CRITICAL,obstetric,kinyarwanda->kinyarwanda:CRITICAL:obstetric,{REL} arava amaraso menshi nyuma yo kubyara.,ndava amaraso menshi nyuma yo kubyara
"Naje hano mbere, umugore wanjye amaze iminsi itatu arwaye impiswi zikomeye kuva hashize iminsi itatu. Ntegereze cyangwa nsuzumwe ubu?",kinyarwanda,URGENT,gastrointestinal,kinyarwanda->kinyarwanda:URGENT:gastrointestinal,{REL} amaze iminsi itatu arwaye impiswi zikomeye.,maze iminsi itatu ndwaye impiswi zikomeye
"Mfasha vuba, ndatwite kandi ndashaka kujya kwa muganga kwisuzumisha kuva hashize iminsi ibiri biragenda bikagaruka. Ntabasha kubona amafaranga yo kongera kuza kwa muganga.",kinyarwanda,ROUTINE,obstetric,kinyarwanda->kinyarwanda:ROUTINE:obstetric,Ndatwite kandi ndashaka kujya kwa muganga kwisuzumisha.,Ndatwite kandi ndashaka kujya kwa muganga kwisuzumisha.
"Mfasha, ndatwite kandi mfite umuriro kuva mu masaha abiri ashize. Byatangiye gitunguranye. Mfasha muganga.",kinyarwanda,URGENT,obstetric,kinyarwanda->kinyarwanda:URGENT:obstetric,Ndatwite kandi mfite umuriro.,Ndatwite kandi mfite umuriro.
"Nzanye umwana wanjye, umukecuru isukari yo mu maraso ye yazamutse cyane kuva mu masaha abiri ashize nta miti imfasha. Ese ibi birakomeye?",kinyarwanda,URGENT,chronic_care,kinyarwanda->kinyarwanda:URGENT:chronic_care,{REL} isukari yo mu maraso ye yazamutse cyane.,isukari yo mu maraso yanjye yazamutse cyane
"Mfasha, umuturanyi wanjye iminwa ye yahindutse ubururu kuva mu masaha abiri ashize kandi sinshobora gusinzira. Mfasha muganga.",kinyarwanda,CRITICAL,cardiac_respiratory,kinyarwanda->kinyarwanda:CRITICAL:cardiac_respiratory,{REL} iminwa ye yahindutse ubururu.,Iminwa yanjye yahindutse ubururu.
"Nzanye umwana wanjye, mfite impiswi zirimo amaraso kuva hashize icyumweru. Byatangiye gitunguranye. Ese ibi birakomeye?",kinyarwanda,URGENT,gastrointestinal,kinyarwanda->kinyarwanda:URGENT:gastrointestinal,Mfite impiswi zirimo amaraso.,Mfite impiswi zirimo amaraso.
"Mfasha vuba, papa yagagaye kandi arimo guhinda umushyitsi kandi birushaho kuba bibi. Naje mvuye kure.",kinyarwanda,CRITICAL,neurological,kinyarwanda->kinyarwanda:CRITICAL:neurological,{REL} yagagaye kandi arimo guhinda umushyitsi.,{REL} yagagaye kandi arimo guhinda umushyitsi.
"Nyabuneka, mfite gahunda yo kwisuzumisha buri mwaka kuva hashize iminsi ibiri bikarushaho nijoro. Naje mvuye kure.",kinyarwanda,ROUTINE,preventive,kinyarwanda->kinyarwanda:ROUTINE:preventive,Mfite gahunda yo kwisuzumisha buri mwaka.,Mfite gahunda yo kwisuzumisha buri mwaka.
Umwana wanjye nta miti y'igituntu afite kuva ejo kandi birushaho kuba bibi. Nkora iki?,kinyarwanda,URGENT,chronic_care,kinyarwanda->kinyarwanda:URGENT:chronic_care,{REL} nta miti y'igituntu afite.,Nta miti y'igituntu mfite.
"Muraho, umwana wanjye akorora gake ariko nta muriro afite kuva hashize icyumweru kandi birushaho kuba bibi. Murakoze.",kinyarwanda,ROUTINE,cardiac_respiratory,kinyarwanda->kinyarwanda:ROUTINE:cardiac_respiratory,{REL} akorora gake ariko nta muriro afite.,Nkorora gake ariko nta muriro mfite.
Mushiki wanjye ashaka ko bapima SIDA kuva hashize icyumweru. Byatangiye gitunguranye. Naje mvuye kure.,kinyarwanda,ROUTINE,preventive,kinyarwanda->kinyarwanda:ROUTINE:preventive,{REL} ashaka ko bapima SIDA.,Ndashaka ko bapima SIDA.
"Mumbabarire, ndashaka kubabwira ikibazo mfite. Umwana wanjye ahumeka bimugora cyane kandi iminwa ye yahindutse ibara. Byatangiye gitunguranye. Ni imiti ki nafata?",kinyarwanda,CRITICAL,cardiac_respiratory,kinyarwanda->kinyarwanda:CRITICAL:cardiac_respiratory,{REL} ahumeka bimugora cyane kandi iminwa ye yahindutse ibara.,guhumeka birangora cyane kandi iminwa yanjye yahindutse ibara
Ndashaka kukubwira ikibazo mfite. Mu gituza harandya cyane kandi ububabare bukagera no ku kuboko kuva ubu gitondo cya kare kandi sinshobora gusinzira. Ndakeneye ubufasha vuba.,kinyarwanda,CRITICAL,cardiac_respiratory,kinyarwanda->kinyarwanda:CRITICAL:cardiac_respiratory,mu gituza harandya cyane kandi ububabare bukagera no ku kuboko,mu gituza harandya cyane kandi ububabare bukagera no ku kuboko
"Nyabuneka, ndabyara ariko habanje gusohoka umugozi w'umwana kuva mu cyumweru gishize biragenda bikagaruka. Nkora iki?",kinyarwanda,CRITICAL,obstetric,kinyarwanda->kinyarwanda:CRITICAL:obstetric,Ndabyara ariko habanje gusohoka umugozi w'umwana.,Ndabyara ariko habanje gusohoka umugozi w'umwana.
"Muganga, mushiki wanjye amaze iminsi itatu arwaye impiswi zikomeye kuva mu cyumweru gishize. Byatangiye gitunguranye. Ntegereze cyangwa nsuzumwe ubu?",kinyarwanda,URGENT,gastrointestinal,kinyarwanda->kinyarwanda:URGENT:gastrointestinal,{REL} amaze iminsi itatu arwaye impiswi zikomeye.,maze iminsi itatu ndwaye impiswi zikomeye
"Nzanye umwana wanjye, ndabyara ariko habanje gusohoka umugozi w'umwana kuva ijoro ryashize bikarushaho nijoro",kinyarwanda,CRITICAL,obstetric,kinyarwanda->kinyarwanda:CRITICAL:obstetric,Ndabyara ariko habanje gusohoka umugozi w'umwana.,Ndabyara ariko habanje gusohoka umugozi w'umwana.
"Nyabuneka, umugabo wanjye afite ibimenyetso bya malariya, umuriro n'imbeho kuva mu cyumweru gishize kandi nta miti mfite. Murakoze.",kinyarwanda,URGENT,infectious_fever,kinyarwanda->kinyarwanda:URGENT:infectious_fever,"{REL} afite ibimenyetso bya malariya, umuriro n'imbeho.","Mfite ibimenyetso bya malariya, umuriro n'imbeho."
"Nyabuneka, amazuru arantemba gake. Abandi bana na bo bafite iki kibazo. Ntabasha kubona amafaranga yo kongera kuza kwa muganga.",kinyarwanda,ROUTINE,infectious_fever,kinyarwanda->kinyarwanda:ROUTINE:infectious_fever,amazuru arantemba gake,amazuru arantemba gake
"Muraho, umwana wanjye akorora gake ariko nta muriro afite kuva hashize iminsi itatu. Abandi bana na bo bafite iki kibazo. Murakoze.",kinyarwanda,ROUTINE,cardiac_respiratory,kinyarwanda->kinyarwanda:ROUTINE:cardiac_respiratory,{REL} akorora gake ariko nta muriro afite.,Nkorora gake ariko nta muriro mfite.
"Nzanye umwana wanjye, papa ahumeka bimugora cyane ku buryo adashobora no kuvuga neza kuva ijoro ryashize biragenda bikagaruka. Naje mvuye kure.",kinyarwanda,CRITICAL,cardiac_respiratory,kinyarwanda->kinyarwanda:CRITICAL:cardiac_respiratory,{REL} ahumeka bimugora cyane ku buryo adashobora no kuvuga neza.,Guhumeka birangora cyane ku buryo ntabasha no kuvuga neza.
"Muraho, papa yataye ubwenge kandi ntasubiza kuva hashize icyumweru biragenda bikagaruka. Ndakeneye ubufasha vuba.",kinyarwanda,CRITICAL,neurological,kinyarwanda->kinyarwanda:CRITICAL:neurological,{REL} yataye ubwenge kandi ntasubiza.,{REL} yataye ubwenge kandi ntasubiza.
"Simbizi niba bikomeye ariko, nyuma yo kubyara, umugore wanjye afite umuriro kandi hari ibintu bisohoka bifite impumuro mbi kuva hashize icyumweru. Byatangiye gitunguranye. Ntegereze cyangwa nsuzumwe ubu?",kinyarwanda,CRITICAL,obstetric,kinyarwanda->kinyarwanda:CRITICAL:obstetric,"Nyuma yo kubyara, {REL} afite umuriro kandi hari ibintu bisohoka bifite impumuro mbi.",Nyuma yo kubyara mfite umuriro kandi hari ibintu bisohoka bifite impumuro mbi.
"Mfasha vuba, mushiki wanjye iminwa ye yahindutse ubururu kuva hashize icyumweru biragenda bikagaruka. Ndakeneye ubufasha vuba.",kinyarwanda,CRITICAL,cardiac_respiratory,kinyarwanda->kinyarwanda:CRITICAL:cardiac_respiratory,{REL} iminwa ye yahindutse ubururu.,Iminwa yanjye yahindutse ubururu.
"Muganga, ndaruka amaraso kuva hashize iminsi ibiri bikarushaho nijoro. Ndakeneye ubufasha vuba.",kinyarwanda,CRITICAL,gastrointestinal,kinyarwanda->kinyarwanda:CRITICAL:gastrointestinal,Ndaruka amaraso.,Ndaruka amaraso.
"Mumbabarire, ndashaka kubabwira ikibazo mfite. Umuturanyi wanjye afite ububabare bukabije mu nda kuva ejo kandi sinshobora gusinzira. Ndakeneye ubufasha vuba.",kinyarwanda,URGENT,gastrointestinal,kinyarwanda->kinyarwanda:URGENT:gastrointestinal,{REL} afite ububabare bukabije mu nda.,Mfite ububabare bukabije mu nda.
"Muganga, maze umunsi wose mbabara ngerageza kubyara ariko umwana ntarasohoka kuva ubu gitondo cya kare kandi ndahangayitse. Ese ibi birakomeye?",kinyarwanda,CRITICAL,obstetric,kinyarwanda->kinyarwanda:CRITICAL:obstetric,Maze umunsi wose mbabara ngerageza kubyara ariko umwana ntarasohoka.,Maze umunsi wose mbabara ngerageza kubyara ariko umwana ntarasohoka.
"Nyabuneka, umwana wanjye amaze ibyumweru birenga bibiri akorora kandi yatangiye no kunanuka kuva ejo kandi ndahangayitse. Nkora iki?",kinyarwanda,URGENT,cardiac_respiratory,kinyarwanda->kinyarwanda:URGENT:cardiac_respiratory,{REL} amaze ibyumweru birenga bibiri akorora kandi yatangiye no kunanuka.,Maze ibyumweru birenga bibiri nkorora kandi natangiye no kunanuka.
Ndashaka kukubwira ikibazo mfite. Mushiki wanjye ashaka imiti y'inzoka y'umwana we kuva ijoro ryashize kandi birushaho kuba bibi. Urakoze.,kinyarwanda,ROUTINE,preventive,kinyarwanda->kinyarwanda:ROUTINE:preventive,{REL} ashaka imiti y'inzoka y'umwana we.,Ndashaka imiti y'inzoka y'umwana wanjye.
"Ndakeneye ubufasha, mushiki wanjye araruka ibyo arya byose kandi ntashobora no kunywa kuva ubu gitondo cya kare biragenda bikagaruka. Nkora iki?",kinyarwanda,CRITICAL,gastrointestinal,kinyarwanda->kinyarwanda:CRITICAL:gastrointestinal,{REL} araruka ibyo arya byose kandi ntashobora no kunywa.,Ndaruka ibyo ndya byose kandi sinshobora no kunywa.
"Ndakeneye ubufasha, mushiki wanjye amaze ibyumweru birenga bibiri arwaye impiswi kuva hashize iminsi ibiri kandi ndahangayitse",kinyarwanda,URGENT,gastrointestinal,kinyarwanda->kinyarwanda:URGENT:gastrointestinal,{REL} amaze ibyumweru birenga bibiri arwaye impiswi.,Maze ibyumweru birenga bibiri ndwaye impiswi.
"Muraho, mama ashaka inama ku biryo byo kugaburira umwana we kuva mu cyumweru gishize kandi nta miti mfite. Ntegereze cyangwa nsuzumwe ubu?",kinyarwanda,ROUTINE,preventive,kinyarwanda->kinyarwanda:ROUTINE:preventive,{REL} ashaka inama ku biryo byo kugaburira umwana we.,Ndashaka inama ku biryo byo kugaburira umwana wanjye.
Ndashaka kukubwira ikibazo mfite. Guhumeka birangora cyane ku buryo ntabasha no kuvuga neza kuva ubu gitondo cya kare kandi sinshobora gusinzira. Ntegereze cyangwa nsuzumwe ubu?,kinyarwanda,CRITICAL,cardiac_respiratory,kinyarwanda->kinyarwanda:CRITICAL:cardiac_respiratory,Guhumeka birangora cyane ku buryo ntabasha no kuvuga neza.,Guhumeka birangora cyane ku buryo ntabasha no kuvuga neza.
"Mfasha, ndashaka kujya kwa muganga kwisuzumisha SIDA kuva ijoro ryashize nta miti imfasha. Ese ibi birakomeye?",kinyarwanda,ROUTINE,chronic_care,kinyarwanda->kinyarwanda:ROUTINE:chronic_care,Ndashaka kujya kwa muganga kwisuzumisha SIDA.,Ndashaka kujya kwa muganga kwisuzumisha SIDA.
"Mfasha vuba, mfite igikomere gito kandi amaraso yarahagaze kuva mu gitondo. Byatangiye gitunguranye. Ese ibi birakomeye?",kinyarwanda,ROUTINE,haemorrhage_trauma,kinyarwanda->kinyarwanda:ROUTINE:haemorrhage_trauma,Mfite igikomere gito kandi amaraso yarahagaze.,Mfite igikomere gito kandi amaraso yarahagaze.
"Simbizi niba bikomeye ariko, umutima uratera cyane kandi nkumva umeze nk'aho uhagarara kuva ijoro ryashize biragenda bikagaruka. Ntegereze cyangwa nsuzumwe ubu?",kinyarwanda,CRITICAL,cardiac_respiratory,kinyarwanda->kinyarwanda:CRITICAL:cardiac_respiratory,umutima uratera cyane kandi nkumva umeze nk'aho uhagarara,umutima uratera cyane kandi nkumva umeze nk'aho uhagarara
"Ndakeneye ubufasha, amazuru arantemba gake kuva mu gitondo. Ni imiti ki nafata?",kinyarwanda,ROUTINE,infectious_fever,kinyarwanda->kinyarwanda:ROUTINE:infectious_fever,amazuru arantemba gake,amazuru arantemba gake
"Ndakeneye ubufasha, ndatwite kandi mfite umuriro kuva ijoro ryashize kandi nta miti mfite",kinyarwanda,URGENT,obstetric,kinyarwanda->kinyarwanda:URGENT:obstetric,Ndatwite kandi mfite umuriro.,Ndatwite kandi mfite umuriro.
"Muraho, umwana wanjye afite umuriro mwinshi kandi ntarya kuva ijoro ryashize kandi ndahangayitse. Murakoze.",kinyarwanda,URGENT,paediatric,kinyarwanda->kinyarwanda:URGENT:paediatric,{REL} afite umuriro mwinshi kandi ntarya.,{REL} afite umuriro mwinshi kandi ntarya.
"Muraho, umukecuru nta miti ya SIDA afite kuva hashize iminsi itatu kandi birushaho kuba bibi. Ese ibi birakomeye?",kinyarwanda,URGENT,chronic_care,kinyarwanda->kinyarwanda:URGENT:chronic_care,{REL} nta miti ya SIDA afite.,Nta miti ya SIDA mfite.
"Nzanye umwana wanjye, umwana wanjye afite umuriro woroheje umaze umunsi umwe, ariko nta kindi kibazo afite kuva ejo kandi ndahangayitse. Ni imiti ki nafata?",kinyarwanda,ROUTINE,infectious_fever,kinyarwanda->kinyarwanda:ROUTINE:infectious_fever,"{REL} afite umuriro woroheje umaze umunsi umwe, ariko nta kindi kibazo afite.","mfite umuriro woroheje umaze umunsi umwe, ariko nta kindi kibazo mfite"
"Simbizi niba bikomeye ariko, ndaruka amaraso kuva mu cyumweru gishize kandi birushaho kuba bibi. Ni imiti ki nafata?",kinyarwanda,CRITICAL,gastrointestinal,kinyarwanda->kinyarwanda:CRITICAL:gastrointestinal,Ndaruka amaraso.,Ndaruka amaraso.
"Nyabuneka, mushiki wanjye arava amaraso menshi nyuma yo kubyara kuva mu cyumweru gishize kandi ndahangayitse. Ntegereze cyangwa nsuzumwe ubu?",kinyarwanda,CRITICAL,obstetric,kinyarwanda->kinyarwanda:CRITICAL:obstetric,{REL} arava amaraso menshi nyuma yo kubyara.,ndava amaraso menshi nyuma yo kubyara
"Nzanye umwana wanjye, papa afite ububabare bukabije mu nda kuva hashize icyumweru nta miti imfasha. Urakoze.",kinyarwanda,URGENT,gastrointestinal,kinyarwanda->kinyarwanda:URGENT:gastrointestinal,{REL} afite ububabare bukabije mu nda.,Mfite ububabare bukabije mu nda.
"Mfasha, iyo maze kurya numva mu nda ntameze neza kuva hashize icyumweru biragenda bikagaruka. Urakoze.",kinyarwanda,ROUTINE,gastrointestinal,kinyarwanda->kinyarwanda:ROUTINE:gastrointestinal,iyo maze kurya numva mu nda ntameze neza,"Iyo {REL} amaze kurya, yumva inda itameze neza."
"Mfasha, umugore wanjye aratwite kandi ashaka kwisuzumisha kwa muganga bwa mbere kandi nta miti mfite. Ntegereze cyangwa nsuzumwe ubu?",kinyarwanda,ROUTINE,preventive,kinyarwanda->kinyarwanda:ROUTINE:preventive,{REL} aratwite kandi ashaka kwisuzumisha kwa muganga bwa mbere.,Ndatwite kandi ndashaka kwisuzumisha kwa muganga bwa mbere.
"Nzanye umwana wanjye, umukecuru afite impiswi zikomeye kandi yagize umwuma kuva mu cyumweru gishize. Abandi bana na bo bafite iki kibazo. Ntabasha kubona amafaranga yo kongera kuza kwa muganga.",kinyarwanda,CRITICAL,gastrointestinal,kinyarwanda->kinyarwanda:CRITICAL:gastrointestinal,{REL} afite impiswi zikomeye kandi yagize umwuma.,{REL} afite impiswi zikomeye kandi yagize umwuma.
"Naje hano mbere, amazuru arantemba gake kuva ubu gitondo cya kare. Byatangiye gitunguranye. Ntabasha kubona amafaranga yo kongera kuza kwa muganga.",kinyarwanda,ROUTINE,infectious_fever,kinyarwanda->kinyarwanda:ROUTINE:infectious_fever,amazuru arantemba gake,amazuru arantemba gake
"Muganga, nyuma yo kubyara mfite umuriro kandi hari ibintu bisohoka bifite impumuro mbi kuva mu masaha abiri ashize nta miti imfasha. Ese ibi birakomeye?",kinyarwanda,CRITICAL,obstetric,kinyarwanda->kinyarwanda:CRITICAL:obstetric,Nyuma yo kubyara mfite umuriro kandi hari ibintu bisohoka bifite impumuro mbi.,Nyuma yo kubyara mfite umuriro kandi hari ibintu bisohoka bifite impumuro mbi.
"Muganga, mfite impiswi zirimo amaraso kuva mu gitondo",kinyarwanda,URGENT,gastrointestinal,kinyarwanda->kinyarwanda:URGENT:gastrointestinal,Mfite impiswi zirimo amaraso.,Mfite impiswi zirimo amaraso.
"Muganga, ndatwite, umutwe urandya cyane kandi sinshobora kureba neza kuva mu cyumweru gishize kandi ndahangayitse. Mfasha muganga.",kinyarwanda,CRITICAL,obstetric,kinyarwanda->kinyarwanda:CRITICAL:obstetric,"Ndatwite, umutwe urandya cyane kandi sinshobora kureba neza.","Ndatwite, umutwe urandya cyane kandi sinshobora kureba neza."
"Muraho, mu gituza harandya cyane kandi ububabare bukagera no ku kuboko kuva hashize iminsi ibiri biragenda bikagaruka. Ntegereze cyangwa nsuzumwe ubu?",kinyarwanda,CRITICAL,cardiac_respiratory,kinyarwanda->kinyarwanda:CRITICAL:cardiac_respiratory,mu gituza harandya cyane kandi ububabare bukagera no ku kuboko,mu gituza harandya cyane kandi ububabare bukagera no ku kuboko
Ndashaka kukubwira ikibazo mfite. Mu gituza harandya cyane kandi ububabare bukagera no ku kuboko kuva mu cyumweru gishize biragenda bikagaruka. Ntegereze cyangwa nsuzumwe ubu?,kinyarwanda,CRITICAL,cardiac_respiratory,kinyarwanda->kinyarwanda:CRITICAL:cardiac_respiratory,mu gituza harandya cyane kandi ububabare bukagera no ku kuboko,mu gituza harandya cyane kandi ububabare bukagera no ku kuboko
"Nzanye umwana wanjye, amazi yamenetse ariko igihe cyo kubyara ntikiragera kuva ejo kandi sinshobora gusinzira. Ni imiti ki nafata?",kinyarwanda,URGENT,obstetric,kinyarwanda->kinyarwanda:URGENT:obstetric,Amazi yamenetse ariko igihe cyo kubyara ntikiragera.,Amazi yamenetse ariko igihe cyo kubyara ntikiragera.
"Simbizi niba bikomeye ariko, umwana wanjye akorora gake ariko nta muriro afite kuva hashize icyumweru bikarushaho nijoro",kinyarwanda,ROUTINE,cardiac_respiratory,kinyarwanda->kinyarwanda:ROUTINE:cardiac_respiratory,{REL} akorora gake ariko nta muriro afite.,Nkorora gake ariko nta muriro mfite.
"Muraho, nyuma yo kubyara, mushiki wanjye afite umuriro kandi hari ibintu bisohoka bifite impumuro mbi. Abandi bana na bo bafite iki kibazo.",kinyarwanda,CRITICAL,obstetric,kinyarwanda->kinyarwanda:CRITICAL:obstetric,"Nyuma yo kubyara, {REL} afite umuriro kandi hari ibintu bisohoka bifite impumuro mbi.",Nyuma yo kubyara mfite umuriro kandi hari ibintu bisohoka bifite impumuro mbi.
"Ndakeneye ubufasha, mushiki wanjye arumva igituza kimuremereye cyane kandi ububabare bukagera no ku rwasaya cyangwa ku kuboko kuva mu cyumweru gishize",kinyarwanda,CRITICAL,cardiac_respiratory,kinyarwanda->kinyarwanda:CRITICAL:cardiac_respiratory,{REL} arumva igituza kimuremereye cyane kandi ububabare bukagera no ku rwasaya cyangwa ku kuboko.,{REL} arumva igituza kimuremereye cyane kandi ububabare bukagera no ku rwasaya cyangwa ku kuboko.
"Mumbabarire, ndashaka kubabwira ikibazo mfite. Umukecuru yagagaye kandi arimo guhinda umushyitsi kandi birushaho kuba bibi",kinyarwanda,CRITICAL,neurological,kinyarwanda->kinyarwanda:CRITICAL:neurological,{REL} yagagaye kandi arimo guhinda umushyitsi.,{REL} yagagaye kandi arimo guhinda umushyitsi.
"Mumbabarire, ndashaka kubabwira ikibazo mfite. Mu gituza harandya cyane kandi ububabare bukagera no ku kuboko kuva hashize iminsi ibiri kandi nta miti mfite. Ese ibi birakomeye?",kinyarwanda,CRITICAL,cardiac_respiratory,kinyarwanda->kinyarwanda:CRITICAL:cardiac_respiratory,mu gituza harandya cyane kandi ububabare bukagera no ku kuboko,mu gituza harandya cyane kandi ububabare bukagera no ku kuboko
"Mfasha vuba, mfite umuhaha kuva hashize icyumweru bikarushaho nijoro",kinyarwanda,URGENT,paediatric,kinyarwanda->kinyarwanda:URGENT:paediatric,Mfite umuhaha.,Mfite umuhaha.
"Nyabuneka, mama afite ububabare bukabije mu nda kuva ejo kandi sinshobora gusinzira. Mfasha muganga.",kinyarwanda,URGENT,gastrointestinal,kinyarwanda->kinyarwanda:URGENT:gastrointestinal,{REL} afite ububabare bukabije mu nda.,Mfite ububabare bukabije mu nda.
"Simbizi niba bikomeye ariko, umugore wanjye ari kuva amaraso menshi kandi ntahagarara kuva ejo nta miti imfasha. Naje mvuye kure.",kinyarwanda,CRITICAL,haemorrhage_trauma,kinyarwanda->kinyarwanda:CRITICAL:haemorrhage_trauma,{REL} ari kuva amaraso menshi kandi ntahagarara.,ndi kuva amaraso menshi kandi ntahagarara
"Mfasha vuba, mushiki wanjye aratwite kandi afite umuriro kuva mu masaha abiri ashize. Abandi bana na bo bafite iki kibazo. Ese ibi birakomeye?",kinyarwanda,URGENT,obstetric,kinyarwanda->kinyarwanda:URGENT:obstetric,{REL} aratwite kandi afite umuriro.,Ndatwite kandi mfite umuriro.
"Simbizi niba bikomeye ariko, nyuma yo kubyara, umugore wanjye afite umuriro kandi hari ibintu bisohoka bifite impumuro mbi kandi sinshobora gusinzira. Naje mvuye kure.",kinyarwanda,CRITICAL,obstetric,kinyarwanda->kinyarwanda:CRITICAL:obstetric,"Nyuma yo kubyara, {REL} afite umuriro kandi hari ibintu bisohoka bifite impumuro mbi.",Nyuma yo kubyara mfite umuriro kandi hari ibintu bisohoka bifite impumuro mbi.
"Mfasha, mfite gahunda yo kwisuzumisha buri mwaka kuva mu masaha abiri ashize bikarushaho nijoro. Ntabasha kubona amafaranga yo kongera kuza kwa muganga.",kinyarwanda,ROUTINE,preventive,kinyarwanda->kinyarwanda:ROUTINE:preventive,Mfite gahunda yo kwisuzumisha buri mwaka.,Mfite gahunda yo kwisuzumisha buri mwaka.
"Mfasha, ndatwite, umutwe urandya cyane kandi sinshobora kureba neza kandi sinshobora gusinzira. Ntegereze cyangwa nsuzumwe ubu?",kinyarwanda,CRITICAL,obstetric,kinyarwanda->kinyarwanda:CRITICAL:obstetric,"Ndatwite, umutwe urandya cyane kandi sinshobora kureba neza.","Ndatwite, umutwe urandya cyane kandi sinshobora kureba neza."
"Naje hano mbere, umwana wanjye arumva igituza kimuremereye cyane kandi ububabare bukagera no ku rwasaya cyangwa ku kuboko kuva mu masaha abiri ashize kandi sinshobora gusinzira. Naje mvuye kure.",kinyarwanda,CRITICAL,cardiac_respiratory,kinyarwanda->kinyarwanda:CRITICAL:cardiac_respiratory,{REL} arumva igituza kimuremereye cyane kandi ububabare bukagera no ku rwasaya cyangwa ku kuboko.,{REL} arumva igituza kimuremereye cyane kandi ububabare bukagera no ku rwasaya cyangwa ku kuboko.
"Mumbabarire, ndashaka kubabwira ikibazo mfite. Ndashaka imiti y'inzoka y'umwana wanjye kuva mu gitondo kandi nta miti mfite",kinyarwanda,ROUTINE,preventive,kinyarwanda->kinyarwanda:ROUTINE:preventive,Ndashaka imiti y'inzoka y'umwana wanjye.,Ndashaka imiti y'inzoka y'umwana wanjye.
"Mfasha vuba, umwana wanjye afite umuhaha kuva ijoro ryashize. Byatangiye gitunguranye. Murakoze.",kinyarwanda,URGENT,paediatric,kinyarwanda->kinyarwanda:URGENT:paediatric,{REL} afite umuhaha.,Mfite umuhaha.
"Ndakeneye ubufasha, uruhande rumwe rw'umubiri we ntirukora kuva ijoro ryashize biragenda bikagaruka. Ese ibi birakomeye?",kinyarwanda,CRITICAL,neurological,kinyarwanda->kinyarwanda:CRITICAL:neurological,Uruhande rumwe rw'umubiri we ntirukora.,Uruhande rumwe rw'umubiri we ntirukora.
"Naje hano mbere, papa afite igikomere ku mutwe nyuma yo kugwa kuva hashize iminsi itatu kandi nta miti mfite. Ndakeneye ubufasha vuba.",kinyarwanda,CRITICAL,haemorrhage_trauma,kinyarwanda->kinyarwanda:CRITICAL:haemorrhage_trauma,{REL} afite igikomere ku mutwe nyuma yo kugwa.,mfite igikomere ku mutwe nyuma yo kugwa
"Simbizi niba bikomeye ariko, umwana wanjye arumva igituza kimuremereye cyane kandi ububabare bukagera no ku rwasaya cyangwa ku kuboko. Naje mvuye kure.",kinyarwanda,CRITICAL,cardiac_respiratory,kinyarwanda->kinyarwanda:CRITICAL:cardiac_respiratory,{REL} arumva igituza kimuremereye cyane kandi ububabare bukagera no ku rwasaya cyangwa ku kuboko.,{REL} arumva igituza kimuremereye cyane kandi ububabare bukagera no ku rwasaya cyangwa ku kuboko.
"Naje hano mbere, nyuma yo kubyara mfite umuriro kandi hari ibintu bisohoka bifite impumuro mbi kuva hashize iminsi itatu kandi birushaho kuba bibi. Mfasha muganga.",kinyarwanda,CRITICAL,obstetric,kinyarwanda->kinyarwanda:CRITICAL:obstetric,Nyuma yo kubyara mfite umuriro kandi hari ibintu bisohoka bifite impumuro mbi.,Nyuma yo kubyara mfite umuriro kandi hari ibintu bisohoka bifite impumuro mbi.
"Ndakeneye ubufasha, maze umunsi wose mbabara ngerageza kubyara ariko umwana ntarasohoka kuva ejo biragenda bikagaruka. Naje mvuye kure.",kinyarwanda,CRITICAL,obstetric,kinyarwanda->kinyarwanda:CRITICAL:obstetric,Maze umunsi wose mbabara ngerageza kubyara ariko umwana ntarasohoka.,Maze umunsi wose mbabara ngerageza kubyara ariko umwana ntarasohoka.
"Mfasha vuba, mfite umuriro mwinshi kandi ndakorora cyane kuva ejo kandi ndahangayitse. Ndakeneye ubufasha vuba.",kinyarwanda,URGENT,infectious_fever,kinyarwanda->kinyarwanda:URGENT:infectious_fever,mfite umuriro mwinshi kandi ndakorora cyane,mfite umuriro mwinshi kandi ndakorora cyane
"Umwana wanjye afite igikomere cyanduye, kiratukura kandi kirimo amashyira kuva ubu gitondo cya kare nta miti imfasha. Ndakeneye ubufasha vuba.",kinyarwanda,URGENT,haemorrhage_trauma,kinyarwanda->kinyarwanda:URGENT:haemorrhage_trauma,"{REL} afite igikomere cyanduye, kiratukura kandi kirimo amashyira.","mfite igikomere cyanduye, kiratukura kandi kirimo amashyira"
Mfite umwanda usa umukara bikarushaho nijoro. Ntegereze cyangwa nsuzumwe ubu?,kinyarwanda,CRITICAL,gastrointestinal,kinyarwanda->kinyarwanda:CRITICAL:gastrointestinal,Mfite umwanda usa umukara.,Mfite umwanda usa umukara.
"Nyabuneka, mama afite igikomere cyanduye, kiratukura kandi kirimo amashyira kuva ejo. Ndakeneye ubufasha vuba.",kinyarwanda,URGENT,haemorrhage_trauma,kinyarwanda->kinyarwanda:URGENT:haemorrhage_trauma,"{REL} afite igikomere cyanduye, kiratukura kandi kirimo amashyira.","mfite igikomere cyanduye, kiratukura kandi kirimo amashyira"
"Mfasha vuba, papa afite igikomere ku mutwe nyuma yo kugwa kuva ejo kandi birushaho kuba bibi. Ndakeneye ubufasha vuba.",kinyarwanda,CRITICAL,haemorrhage_trauma,kinyarwanda->kinyarwanda:CRITICAL:haemorrhage_trauma,{REL} afite igikomere ku mutwe nyuma yo kugwa.,mfite igikomere ku mutwe nyuma yo kugwa
Ndashaka kukubwira ikibazo mfite. Mu rugo hari umuntu urwaye igituntu kandi ndashaka kwisuzumisha kuva hashize iminsi ibiri nta miti imfasha,kinyarwanda,URGENT,preventive,kinyarwanda->kinyarwanda:URGENT:preventive,Mu rugo hari umuntu urwaye igituntu kandi ndashaka kwisuzumisha.,Mu rugo hari umuntu urwaye igituntu kandi ndashaka kwisuzumisha.
"Nyabuneka, mama iminwa ye yahindutse ubururu kuva ejo biragenda bikagaruka. Ese ibi birakomeye?",kinyarwanda,CRITICAL,cardiac_respiratory,kinyarwanda->kinyarwanda:CRITICAL:cardiac_respiratory,{REL} iminwa ye yahindutse ubururu.,Iminwa yanjye yahindutse ubururu.
"Nzanye umwana wanjye, umugore wanjye ahumeka bimugora cyane kandi iminwa ye yahindutse ibara kuva mu masaha abiri ashize. Ni imiti ki nafata?",kinyarwanda,CRITICAL,cardiac_respiratory,kinyarwanda->kinyarwanda:CRITICAL:cardiac_respiratory,{REL} ahumeka bimugora cyane kandi iminwa ye yahindutse ibara.,guhumeka birangora cyane kandi iminwa yanjye yahindutse ibara
"Muraho, umwana wanjye akorora gake ariko nta muriro afite. Byatangiye gitunguranye. Ntabasha kubona amafaranga yo kongera kuza kwa muganga.",kinyarwanda,ROUTINE,cardiac_respiratory,kinyarwanda->kinyarwanda:ROUTINE:cardiac_respiratory,{REL} akorora gake ariko nta muriro afite.,Nkorora gake ariko nta muriro mfite.
"Muganga, umukecuru ntashobora kuvuga neza kandi umunwa we waragoramye kuva ijoro ryashize kandi birushaho kuba bibi. Ndakeneye ubufasha vuba.",kinyarwanda,CRITICAL,neurological,kinyarwanda->kinyarwanda:CRITICAL:neurological,{REL} ntashobora kuvuga neza kandi umunwa we waragoramye.,{REL} ntashobora kuvuga neza kandi umunwa we waragoramye.
"Nzanye umwana wanjye, mushiki wanjye ahumeka bimugora cyane ku buryo adashobora no kuvuga neza kuva hashize icyumweru bikarushaho nijoro. Nkora iki?",kinyarwanda,CRITICAL,cardiac_respiratory,kinyarwanda->kinyarwanda:CRITICAL:cardiac_respiratory,{REL} ahumeka bimugora cyane ku buryo adashobora no kuvuga neza.,Guhumeka birangora cyane ku buryo ntabasha no kuvuga neza.
"Simbizi niba bikomeye ariko, mfite umuhaha kuva hashize icyumweru biragenda bikagaruka. Nkora iki?",kinyarwanda,URGENT,paediatric,kinyarwanda->kinyarwanda:URGENT:paediatric,Mfite umuhaha.,Mfite umuhaha.
"Mfasha vuba, ndashaka kongererwa imiti mfata kuva hashize iminsi itatu kandi birushaho kuba bibi. Murakoze.",kinyarwanda,ROUTINE,chronic_care,kinyarwanda->kinyarwanda:ROUTINE:chronic_care,ndashaka kongererwa imiti mfata,ndashaka kongererwa imiti mfata
"Naje hano mbere, umuturanyi wanjye aratwite kandi yaragagaye kuva ubu gitondo cya kare biragenda bikagaruka. Ese ibi birakomeye?",kinyarwanda,CRITICAL,obstetric,kinyarwanda->kinyarwanda:CRITICAL:obstetric,{REL} aratwite kandi yaragagaye.,Ndatwite kandi nagagaye.
"Simbizi niba bikomeye ariko, ndashaka kujya kwa muganga kwisuzumisha diyabete. Urakoze.",kinyarwanda,ROUTINE,chronic_care,kinyarwanda->kinyarwanda:ROUTINE:chronic_care,Ndashaka kujya kwa muganga kwisuzumisha diyabete.,Ndashaka kujya kwa muganga kwisuzumisha SIDA.
"Nzanye umwana wanjye, umuturanyi wanjye aratwite kandi ashaka kwisuzumisha kwa muganga bwa mbere kuva hashize iminsi ibiri kandi nta miti mfite. Mfasha muganga.",kinyarwanda,ROUTINE,preventive,kinyarwanda->kinyarwanda:ROUTINE:preventive,{REL} aratwite kandi ashaka kwisuzumisha kwa muganga bwa mbere.,Ndatwite kandi ndashaka kwisuzumisha kwa muganga bwa mbere.
"Nyabuneka, umwana wanjye afite ububabare bukabije mu nda kuva hashize icyumweru kandi ndahangayitse. Murakoze.",kinyarwanda,URGENT,gastrointestinal,kinyarwanda->kinyarwanda:URGENT:gastrointestinal,{REL} afite ububabare bukabije mu nda.,Mfite ububabare bukabije mu nda.
"Simbizi niba bikomeye ariko, mama afite ubushye bunini ku mubiri kuva hashize iminsi ibiri. Abandi bana na bo bafite iki kibazo. Nkora iki?",kinyarwanda,CRITICAL,haemorrhage_trauma,kinyarwanda->kinyarwanda:CRITICAL:haemorrhage_trauma,{REL} afite ubushye bunini ku mubiri.,Mfite ubushye bunini ku mubiri.
Mama arava amaraso menshi nyuma yo kubyara kuva ijoro ryashize. Ni imiti ki nafata?,kinyarwanda,CRITICAL,obstetric,kinyarwanda->kinyarwanda:CRITICAL:obstetric,{REL} arava amaraso menshi nyuma yo kubyara.,ndava amaraso menshi nyuma yo kubyara
"Mumbabarire, ndashaka kubabwira ikibazo mfite. Umwana wanjye afite ibimenyetso bya malariya, umuriro n'imbeho kuva mu cyumweru gishize. Ese ibi birakomeye?",kinyarwanda,URGENT,infectious_fever,kinyarwanda->kinyarwanda:URGENT:infectious_fever,"{REL} afite ibimenyetso bya malariya, umuriro n'imbeho.","Mfite ibimenyetso bya malariya, umuriro n'imbeho."
"Nyabuneka, uruhande rumwe rw'umubiri we ntirukora kuva ubu gitondo cya kare kandi sinshobora gusinzira. Ese ibi birakomeye?",kinyarwanda,CRITICAL,neurological,kinyarwanda->kinyarwanda:CRITICAL:neurological,Uruhande rumwe rw'umubiri we ntirukora.,Uruhande rumwe rw'umubiri we ntirukora.
"Simbizi niba bikomeye ariko, umwana wanjye nta miti y'igituntu afite kuva mu gitondo nta miti imfasha",kinyarwanda,URGENT,chronic_care,kinyarwanda->kinyarwanda:URGENT:chronic_care,{REL} nta miti y'igituntu afite.,Nta miti y'igituntu mfite.
"Mfasha, mfite impiswi zirimo amaraso. Murakoze.",kinyarwanda,URGENT,gastrointestinal,kinyarwanda->kinyarwanda:URGENT:gastrointestinal,Mfite impiswi zirimo amaraso.,Mfite impiswi zirimo amaraso.
"Naje hano mbere, umugore wanjye afite ububabare bukabije mu nda kuva hashize iminsi itatu kandi nta miti mfite",kinyarwanda,URGENT,gastrointestinal,kinyarwanda->kinyarwanda:URGENT:gastrointestinal,{REL} afite ububabare bukabije mu nda.,Mfite ububabare bukabije mu nda.
"Naje hano mbere, umwana wanjye afite igikomere gito kandi amaraso yarahagaze kuva hashize iminsi ibiri biragenda bikagaruka. Murakoze.",kinyarwanda,ROUTINE,haemorrhage_trauma,kinyarwanda->kinyarwanda:ROUTINE:haemorrhage_trauma,{REL} afite igikomere gito kandi amaraso yarahagaze.,Mfite igikomere gito kandi amaraso yarahagaze.
"Muraho, ndava amaraso menshi nyuma yo kubyara kuva mu cyumweru gishize kandi nta miti mfite. Ntegereze cyangwa nsuzumwe ubu?",kinyarwanda,CRITICAL,obstetric,kinyarwanda->kinyarwanda:CRITICAL:obstetric,ndava amaraso menshi nyuma yo kubyara,ndava amaraso menshi nyuma yo kubyara
"Muganga, ndashaka imiti y'inzoka y'umwana wanjye kuva mu cyumweru gishize kandi nta miti mfite",kinyarwanda,ROUTINE,preventive,kinyarwanda->kinyarwanda:ROUTINE:preventive,Ndashaka imiti y'inzoka y'umwana wanjye.,Ndashaka imiti y'inzoka y'umwana wanjye.
"Muganga, nkorora gake ariko nta muriro mfite kuva ubu gitondo cya kare kandi birushaho kuba bibi. Murakoze.",kinyarwanda,ROUTINE,cardiac_respiratory,kinyarwanda->kinyarwanda:ROUTINE:cardiac_respiratory,Nkorora gake ariko nta muriro mfite.,Nkorora gake ariko nta muriro mfite.
Umuturanyi wanjye araruka amaraso kuva mu cyumweru gishize. Byatangiye gitunguranye. Ntegereze cyangwa nsuzumwe ubu?,kinyarwanda,CRITICAL,gastrointestinal,kinyarwanda->kinyarwanda:CRITICAL:gastrointestinal,{REL} araruka amaraso.,Ndaruka amaraso.
"Naje hano mbere, mfite umwanda usa umukara kuva hashize iminsi itatu bikarushaho nijoro. Ntegereze cyangwa nsuzumwe ubu?",kinyarwanda,CRITICAL,gastrointestinal,kinyarwanda->kinyarwanda:CRITICAL:gastrointestinal,Mfite umwanda usa umukara.,Mfite umwanda usa umukara.
"Mfasha vuba, mama afite ubushye bunini ku mubiri kuva mu masaha abiri ashize nta miti imfasha. Naje mvuye kure.",kinyarwanda,CRITICAL,haemorrhage_trauma,kinyarwanda->kinyarwanda:CRITICAL:haemorrhage_trauma,{REL} afite ubushye bunini ku mubiri.,Mfite ubushye bunini ku mubiri.
"Ndakeneye ubufasha, umugabo wanjye ashaka inama ku biryo byo kugaburira umwana we kuva ubu gitondo cya kare. Abandi bana na bo bafite iki kibazo. Ese ibi birakomeye?",kinyarwanda,ROUTINE,preventive,kinyarwanda->kinyarwanda:ROUTINE:preventive,{REL} ashaka inama ku biryo byo kugaburira umwana we.,Ndashaka inama ku biryo byo kugaburira umwana wanjye.
"Mfasha vuba, papa afite ibimenyetso bya malariya, umuriro n'imbeho kandi sinshobora gusinzira. Ndakeneye ubufasha vuba.",kinyarwanda,URGENT,infectious_fever,kinyarwanda->kinyarwanda:URGENT:infectious_fever,"{REL} afite ibimenyetso bya malariya, umuriro n'imbeho.","Mfite ibimenyetso bya malariya, umuriro n'imbeho."
Ndashaka kukubwira ikibazo mfite. Umwana wanjye afite umuhaha kuva hashize iminsi ibiri. Abandi bana na bo bafite iki kibazo. Ntabasha kubona amafaranga yo kongera kuza kwa muganga.,kinyarwanda,URGENT,paediatric,kinyarwanda->kinyarwanda:URGENT:paediatric,{REL} afite umuhaha.,Mfite umuhaha.
"Muganga, umugabo wanjye arakomeza kuruka kandi ntashobora kurya kuva mu masaha abiri ashize kandi nta miti mfite. Ndakeneye ubufasha vuba.",kinyarwanda,URGENT,gastrointestinal,kinyarwanda->kinyarwanda:URGENT:gastrointestinal,{REL} arakomeza kuruka kandi ntashobora kurya.,ndakomeza kuruka kandi sinshobora kurya
"Ndakeneye ubufasha, ndava amaraso menshi nyuma yo kubyara kuva hashize icyumweru. Abandi bana na bo bafite iki kibazo. Mfasha muganga.",kinyarwanda,CRITICAL,obstetric,kinyarwanda->kinyarwanda:CRITICAL:obstetric,ndava amaraso menshi nyuma yo kubyara,ndava amaraso menshi nyuma yo kubyara
"Mumbabarire, ndashaka kubabwira ikibazo mfite. Umugore wanjye ashaka imiti y'inzoka y'umwana we kandi ndahangayitse. Ntegereze cyangwa nsuzumwe ubu?",kinyarwanda,ROUTINE,preventive,kinyarwanda->kinyarwanda:ROUTINE:preventive,{REL} ashaka imiti y'inzoka y'umwana we.,Ndashaka imiti y'inzoka y'umwana wanjye.
"Ndakeneye ubufasha, mfite umuriro mwinshi kandi ndakorora cyane kuva mu gitondo nta miti imfasha. Nkora iki?",kinyarwanda,URGENT,infectious_fever,kinyarwanda->kinyarwanda:URGENT:infectious_fever,mfite umuriro mwinshi kandi ndakorora cyane,mfite umuriro mwinshi kandi ndakorora cyane
"Mfasha, ndatwite, umutwe urandya cyane kandi sinshobora kureba neza kuva hashize iminsi ibiri bikarushaho nijoro. Ndakeneye ubufasha vuba.",kinyarwanda,CRITICAL,obstetric,kinyarwanda->kinyarwanda:CRITICAL:obstetric,"Ndatwite, umutwe urandya cyane kandi sinshobora kureba neza.","Ndatwite, umutwe urandya cyane kandi sinshobora kureba neza."
Ndashaka kukubwira ikibazo mfite. Nkorora gake ariko nta muriro mfite kuva hashize iminsi itatu biragenda bikagaruka. Mfasha muganga.,kinyarwanda,ROUTINE,cardiac_respiratory,kinyarwanda->kinyarwanda:ROUTINE:cardiac_respiratory,Nkorora gake ariko nta muriro mfite.,Nkorora gake ariko nta muriro mfite.
"Mfasha, umutima uratera cyane kandi nkumva umeze nk'aho uhagarara kuva hashize iminsi itatu kandi sinshobora gusinzira",kinyarwanda,CRITICAL,cardiac_respiratory,kinyarwanda->kinyarwanda:CRITICAL:cardiac_respiratory,umutima uratera cyane kandi nkumva umeze nk'aho uhagarara,umutima uratera cyane kandi nkumva umeze nk'aho uhagarara
"Simbizi niba bikomeye ariko, nyuma yo kubyara mfite umuriro kandi hari ibintu bisohoka bifite impumuro mbi kuva hashize iminsi ibiri nta miti imfasha. Ntabasha kubona amafaranga yo kongera kuza kwa muganga.",kinyarwanda,CRITICAL,obstetric,kinyarwanda->kinyarwanda:CRITICAL:obstetric,Nyuma yo kubyara mfite umuriro kandi hari ibintu bisohoka bifite impumuro mbi.,Nyuma yo kubyara mfite umuriro kandi hari ibintu bisohoka bifite impumuro mbi.
Iyo maze kurya numva mu nda ntameze neza kuva ubu gitondo cya kare biragenda bikagaruka. Ese ibi birakomeye?,kinyarwanda,ROUTINE,gastrointestinal,kinyarwanda->kinyarwanda:ROUTINE:gastrointestinal,iyo maze kurya numva mu nda ntameze neza,"Iyo {REL} amaze kurya, yumva inda itameze neza."
"Nyabuneka, mama ashaka inama ku biryo byo kugaburira umwana we kuva ijoro ryashize kandi birushaho kuba bibi. Mfasha muganga.",kinyarwanda,ROUTINE,preventive,kinyarwanda->kinyarwanda:ROUTINE:preventive,{REL} ashaka inama ku biryo byo kugaburira umwana we.,Ndashaka inama ku biryo byo kugaburira umwana wanjye.
"Muraho, umuturanyi wanjye afite ububabare bukabije mu nda. Byatangiye gitunguranye. Nkora iki?",kinyarwanda,URGENT,gastrointestinal,kinyarwanda->kinyarwanda:URGENT:gastrointestinal,{REL} afite ububabare bukabije mu nda.,Mfite ububabare bukabije mu nda.
Ndatwite kandi nagagaye kuva mu gitondo biragenda bikagaruka. Naje mvuye kure.,kinyarwanda,CRITICAL,obstetric,kinyarwanda->kinyarwanda:CRITICAL:obstetric,Ndatwite kandi nagagaye.,Ndatwite kandi nagagaye.
"Nyabuneka, ndatwite kandi mfite umuriro kuva mu gitondo kandi ndahangayitse. Naje mvuye kure.",kinyarwanda,URGENT,obstetric,kinyarwanda->kinyarwanda:URGENT:obstetric,Ndatwite kandi mfite umuriro.,Ndatwite kandi mfite umuriro.
"Muraho, ndava amaraso menshi nyuma yo kubyara kuva ejo bikarushaho nijoro. Ni imiti ki nafata?",kinyarwanda,CRITICAL,obstetric,kinyarwanda->kinyarwanda:CRITICAL:obstetric,ndava amaraso menshi nyuma yo kubyara,ndava amaraso menshi nyuma yo kubyara
"Mumbabarire, ndashaka kubabwira ikibazo mfite. Umuturanyi wanjye amaze umunsi wose ari mu bubabare bwo kubyara ariko umwana ntarasohoka kuva ijoro ryashize kandi sinshobora gusinzira. Naje mvuye kure.",kinyarwanda,CRITICAL,obstetric,kinyarwanda->kinyarwanda:CRITICAL:obstetric,{REL} amaze umunsi wose ari mu bubabare bwo kubyara ariko umwana ntarasohoka.,Maze umunsi wose mbabara ngerageza kubyara ariko umwana ntarasohoka.
"Naje hano mbere, mu rugo hari umuntu urwaye igituntu kandi ndashaka kwisuzumisha kuva mu masaha abiri ashize kandi ndahangayitse. Mfasha muganga.",kinyarwanda,URGENT,preventive,kinyarwanda->kinyarwanda:URGENT:preventive,Mu rugo hari umuntu urwaye igituntu kandi ndashaka kwisuzumisha.,Mu rugo hari umuntu urwaye igituntu kandi ndashaka kwisuzumisha.
"Mumbabarire, ndashaka kubabwira ikibazo mfite. Nyuma yo kubyara, umuturanyi wanjye afite umuriro kandi hari ibintu bisohoka bifite impumuro mbi kuva mu masaha abiri ashize. Ni imiti ki nafata?",kinyarwanda,CRITICAL,obstetric,kinyarwanda->kinyarwanda:CRITICAL:obstetric,"Nyuma yo kubyara, {REL} afite umuriro kandi hari ibintu bisohoka bifite impumuro mbi.",Nyuma yo kubyara mfite umuriro kandi hari ibintu bisohoka bifite impumuro mbi.
"Mfasha, papa nta miti y'igituntu afite nta miti imfasha. Naje mvuye kure.",kinyarwanda,URGENT,chronic_care,kinyarwanda->kinyarwanda:URGENT:chronic_care,{REL} nta miti y'igituntu afite.,Nta miti y'igituntu mfite.
"Mumbabarire, ndashaka kubabwira ikibazo mfite. Umukecuru isukari yo mu maraso ye yazamutse cyane. Byatangiye gitunguranye. Ni imiti ki nafata?",kinyarwanda,URGENT,chronic_care,kinyarwanda->kinyarwanda:URGENT:chronic_care,{REL} isukari yo mu maraso ye yazamutse cyane.,isukari yo mu maraso yanjye yazamutse cyane
"Muraho, ndumva naniwe ariko si cyane kuva mu gitondo bikarushaho nijoro. Urakoze.",kinyarwanda,ROUTINE,neurological,kinyarwanda->kinyarwanda:ROUTINE:neurological,ndumva naniwe ariko si cyane,ndumva naniwe ariko si cyane
"Nyabuneka, umugabo wanjye amaze iminsi itatu arwaye impiswi zikomeye kuva mu gitondo biragenda bikagaruka",kinyarwanda,URGENT,gastrointestinal,kinyarwanda->kinyarwanda:URGENT:gastrointestinal,{REL} amaze iminsi itatu arwaye impiswi zikomeye.,maze iminsi itatu ndwaye impiswi zikomeye
"Muraho, mushiki wanjye arumva igituza kimuremereye cyane kandi ububabare bukagera no ku rwasaya cyangwa ku kuboko. Byatangiye gitunguranye. Mfasha muganga.",kinyarwanda,CRITICAL,cardiac_respiratory,kinyarwanda->kinyarwanda:CRITICAL:cardiac_respiratory,{REL} arumva igituza kimuremereye cyane kandi ububabare bukagera no ku rwasaya cyangwa ku kuboko.,{REL} arumva igituza kimuremereye cyane kandi ububabare bukagera no ku rwasaya cyangwa ku kuboko.
"Naje hano mbere, papa amaze ibyumweru birenga bibiri arwaye impiswi kuva hashize iminsi ibiri nta miti imfasha. Urakoze.",kinyarwanda,URGENT,gastrointestinal,kinyarwanda->kinyarwanda:URGENT:gastrointestinal,{REL} amaze ibyumweru birenga bibiri arwaye impiswi.,Maze ibyumweru birenga bibiri ndwaye impiswi.
"Ndakeneye ubufasha, mushiki wanjye arababara cyane mu gituza kandi ububabare bukagera no ku kuboko kuva hashize iminsi ibiri. Abandi bana na bo bafite iki kibazo. Naje mvuye kure.",kinyarwanda,CRITICAL,cardiac_respiratory,kinyarwanda->kinyarwanda:CRITICAL:cardiac_respiratory,{REL} arababara cyane mu gituza kandi ububabare bukagera no ku kuboko.,mu gituza harandya cyane kandi ububabare bukagera no ku kuboko
"Muraho, mushiki wanjye arababara cyane mu gituza kandi ububabare bukagera no ku kuboko kuva hashize iminsi itatu kandi ndahangayitse. Naje mvuye kure.",kinyarwanda,CRITICAL,cardiac_respiratory,kinyarwanda->kinyarwanda:CRITICAL:cardiac_respiratory,{REL} arababara cyane mu gituza kandi ububabare bukagera no ku kuboko.,mu gituza harandya cyane kandi ububabare bukagera no ku kuboko
"Mumbabarire, ndashaka kubabwira ikibazo mfite. Umwana wanjye afite umuriro mwinshi kandi ntarya kuva ubu gitondo cya kare biragenda bikagaruka",kinyarwanda,URGENT,paediatric,kinyarwanda->kinyarwanda:URGENT:paediatric,{REL} afite umuriro mwinshi kandi ntarya.,{REL} afite umuriro mwinshi kandi ntarya.
Ndashaka kukubwira ikibazo mfite. Ndaruka cyane kandi numva mfite intege nke kuva ejo biragenda bikagaruka. Urakoze.,kinyarwanda,URGENT,gastrointestinal,kinyarwanda->kinyarwanda:URGENT:gastrointestinal,ndaruka cyane kandi numva mfite intege nke,ndaruka cyane kandi numva mfite intege nke
Ndashaka kukubwira ikibazo mfite. Iyo maze kurya numva mu nda ntameze neza kuva mu masaha abiri ashize kandi birushaho kuba bibi. Nkora iki?,kinyarwanda,ROUTINE,gastrointestinal,kinyarwanda->kinyarwanda:ROUTINE:gastrointestinal,iyo maze kurya numva mu nda ntameze neza,"Iyo {REL} amaze kurya, yumva inda itameze neza."
"Muraho, umuturanyi wanjye araruka amaraso kuva hashize icyumweru. Byatangiye gitunguranye. Ndakeneye ubufasha vuba.",kinyarwanda,CRITICAL,gastrointestinal,kinyarwanda->kinyarwanda:CRITICAL:gastrointestinal,{REL} araruka amaraso.,Ndaruka amaraso.
Mfite umuriro mwinshi kandi ndakorora cyane kuva mu gitondo kandi nta miti mfite. Ni imiti ki nafata?,kinyarwanda,URGENT,infectious_fever,kinyarwanda->kinyarwanda:URGENT:infectious_fever,mfite umuriro mwinshi kandi ndakorora cyane,mfite umuriro mwinshi kandi ndakorora cyane
"Nyabuneka, umugore wanjye ntashobora kuvuga neza kandi umunwa we waragoramye kuva ijoro ryashize kandi ndahangayitse. Ntegereze cyangwa nsuzumwe ubu?",kinyarwanda,CRITICAL,neurological,kinyarwanda->kinyarwanda:CRITICAL:neurological,{REL} ntashobora kuvuga neza kandi umunwa we waragoramye.,{REL} ntashobora kuvuga neza kandi umunwa we waragoramye.
"Simbizi niba bikomeye ariko, umugore wanjye ashaka kugirwa inama ku mazi yo kunywa kuva mu gitondo. Abandi bana na bo bafite iki kibazo. Urakoze.",kinyarwanda,ROUTINE,preventive,kinyarwanda->kinyarwanda:ROUTINE:preventive,{REL} ashaka kugirwa inama ku mazi yo kunywa.,Ndashaka kugirwa inama ku mazi yo kunywa.
Ndashaka kukubwira ikibazo mfite. Papa ari kuva amaraso menshi kandi ntahagarara kuva ubu gitondo cya kare kandi sinshobora gusinzira. Ndakeneye ubufasha vuba.,kinyarwanda,CRITICAL,haemorrhage_trauma,kinyarwanda->kinyarwanda:CRITICAL:haemorrhage_trauma,{REL} ari kuva amaraso menshi kandi ntahagarara.,ndi kuva amaraso menshi kandi ntahagarara
"Mfasha vuba, umwana wanjye afite ibimenyetso bya malariya, umuriro n'imbeho kuva mu gitondo. Abandi bana na bo bafite iki kibazo. Naje mvuye kure.",kinyarwanda,URGENT,infectious_fever,kinyarwanda->kinyarwanda:URGENT:infectious_fever,"{REL} afite ibimenyetso bya malariya, umuriro n'imbeho.","Mfite ibimenyetso bya malariya, umuriro n'imbeho."
"Ndakeneye ubufasha, isukari yo mu maraso yanjye yazamutse cyane kuva ejo kandi ndahangayitse. Ndakeneye ubufasha vuba.",kinyarwanda,URGENT,chronic_care,kinyarwanda->kinyarwanda:URGENT:chronic_care,isukari yo mu maraso yanjye yazamutse cyane,isukari yo mu maraso yanjye yazamutse cyane
Ndashaka kukubwira ikibazo mfite. Mama aratwite kandi yaragagaye kuva hashize iminsi itatu. Abandi bana na bo bafite iki kibazo. Ese ibi birakomeye?,kinyarwanda,CRITICAL,obstetric,kinyarwanda->kinyarwanda:CRITICAL:obstetric,{REL} aratwite kandi yaragagaye.,Ndatwite kandi nagagaye.
Ndashaka kukubwira ikibazo mfite. Mfite umwanda usa umukara kuva ubu gitondo cya kare. Ndakeneye ubufasha vuba.,kinyarwanda,CRITICAL,gastrointestinal,kinyarwanda->kinyarwanda:CRITICAL:gastrointestinal,Mfite umwanda usa umukara.,Mfite umwanda usa umukara.
"Naje hano mbere, mu rugo hari umuntu urwaye igituntu kandi ndashaka kwisuzumisha kuva hashize iminsi ibiri kandi birushaho kuba bibi. Ndakeneye ubufasha vuba.",kinyarwanda,URGENT,preventive,kinyarwanda->kinyarwanda:URGENT:preventive,Mu rugo hari umuntu urwaye igituntu kandi ndashaka kwisuzumisha.,Mu rugo hari umuntu urwaye igituntu kandi ndashaka kwisuzumisha.
"Muganga, umugore wanjye arava amaraso menshi nyuma yo kubyara kuva mu masaha abiri ashize kandi birushaho kuba bibi. Ni imiti ki nafata?",kinyarwanda,CRITICAL,obstetric,kinyarwanda->kinyarwanda:CRITICAL:obstetric,{REL} arava amaraso menshi nyuma yo kubyara.,ndava amaraso menshi nyuma yo kubyara
"Naje hano mbere, umugore wanjye ashaka inama ku biryo byo kugaburira umwana we kuva ubu gitondo cya kare kandi sinshobora gusinzira. Urakoze.",kinyarwanda,ROUTINE,preventive,kinyarwanda->kinyarwanda:ROUTINE:preventive,{REL} ashaka inama ku biryo byo kugaburira umwana we.,Ndashaka inama ku biryo byo kugaburira umwana wanjye.
Umukecuru afite umuriro mwinshi kandi yaragagaye kuva mu gitondo biragenda bikagaruka. Ntabasha kubona amafaranga yo kongera kuza kwa muganga.,kinyarwanda,CRITICAL,infectious_fever,kinyarwanda->kinyarwanda:CRITICAL:infectious_fever,{REL} afite umuriro mwinshi kandi yaragagaye.,Mfite umuriro mwinshi kandi nagagaye.
"Nzanye umwana wanjye, umugore wanjye aratwite kandi yaragagaye kuva hashize iminsi itatu kandi ndahangayitse. Ntabasha kubona amafaranga yo kongera kuza kwa muganga.",kinyarwanda,CRITICAL,obstetric,kinyarwanda->kinyarwanda:CRITICAL:obstetric,{REL} aratwite kandi yaragagaye.,Ndatwite kandi nagagaye.
"Naje hano mbere, umuturanyi wanjye yataye ubwenge kandi ntasubiza kuva ijoro ryashize bikarushaho nijoro. Ni imiti ki nafata?",kinyarwanda,CRITICAL,neurological,kinyarwanda->kinyarwanda:CRITICAL:neurological,{REL} yataye ubwenge kandi ntasubiza.,{REL} yataye ubwenge kandi ntasubiza.
"Simbizi niba bikomeye ariko, uruhande rumwe rw'umubiri we ntirukora kuva ijoro ryashize. Byatangiye gitunguranye. Ntegereze cyangwa nsuzumwe ubu?",kinyarwanda,CRITICAL,neurological,kinyarwanda->kinyarwanda:CRITICAL:neurological,Uruhande rumwe rw'umubiri we ntirukora.,Uruhande rumwe rw'umubiri we ntirukora.
"Mfasha vuba, mfite gahunda yo kwisuzumisha buri mwaka kuva mu masaha abiri ashize. Abandi bana na bo bafite iki kibazo. Ntegereze cyangwa nsuzumwe ubu?",kinyarwanda,ROUTINE,preventive,kinyarwanda->kinyarwanda:ROUTINE:preventive,Mfite gahunda yo kwisuzumisha buri mwaka.,Mfite gahunda yo kwisuzumisha buri mwaka.
"Nzanye umwana wanjye, umugore wanjye ashaka inama ku biryo byo kugaburira umwana we kuva mu masaha abiri ashize nta miti imfasha. Ndakeneye ubufasha vuba.",kinyarwanda,ROUTINE,preventive,kinyarwanda->kinyarwanda:ROUTINE:preventive,{REL} ashaka inama ku biryo byo kugaburira umwana we.,Ndashaka inama ku biryo byo kugaburira umwana wanjye.
"Nzanye umwana wanjye, isukari yo mu maraso yanjye yazamutse cyane kuva ejo. Abandi bana na bo bafite iki kibazo. Mfasha muganga.",kinyarwanda,URGENT,chronic_care,kinyarwanda->kinyarwanda:URGENT:chronic_care,isukari yo mu maraso yanjye yazamutse cyane,isukari yo mu maraso yanjye yazamutse cyane
"Nzanye umwana wanjye, amazi yamenetse ariko igihe cyo kubyara ntikiragera kuva mu masaha abiri ashize bikarushaho nijoro. Nkora iki?",kinyarwanda,URGENT,obstetric,kinyarwanda->kinyarwanda:URGENT:obstetric,Amazi yamenetse ariko igihe cyo kubyara ntikiragera.,Amazi yamenetse ariko igihe cyo kubyara ntikiragera.
Papa nta miti y'igituntu afite kandi ndahangayitse. Murakoze.,kinyarwanda,URGENT,chronic_care,kinyarwanda->kinyarwanda:URGENT:chronic_care,{REL} nta miti y'igituntu afite.,Nta miti y'igituntu mfite.
"Mfasha vuba, mfite impiswi zirimo amaraso kuva mu cyumweru gishize kandi sinshobora gusinzira. Naje mvuye kure.",kinyarwanda,URGENT,gastrointestinal,kinyarwanda->kinyarwanda:URGENT:gastrointestinal,Mfite impiswi zirimo amaraso.,Mfite impiswi zirimo amaraso.
"Mfasha vuba, maze ibyumweru birenga bibiri nkorora kandi natangiye no kunanuka kuva mu cyumweru gishize. Abandi bana na bo bafite iki kibazo. Urakoze.",kinyarwanda,URGENT,cardiac_respiratory,kinyarwanda->kinyarwanda:URGENT:cardiac_respiratory,Maze ibyumweru birenga bibiri nkorora kandi natangiye no kunanuka.,Maze ibyumweru birenga bibiri nkorora kandi natangiye no kunanuka.
"Ndakeneye ubufasha, umugabo wanjye afite impiswi zikomeye kandi yagize umwuma kuva hashize iminsi itatu kandi sinshobora gusinzira. Ntabasha kubona amafaranga yo kongera kuza kwa muganga.",kinyarwanda,CRITICAL,gastrointestinal,kinyarwanda->kinyarwanda:CRITICAL:gastrointestinal,{REL} afite impiswi zikomeye kandi yagize umwuma.,{REL} afite impiswi zikomeye kandi yagize umwuma.
"Mfasha vuba, ndashaka kongererwa imiti mfata nta miti imfasha. Murakoze.",kinyarwanda,ROUTINE,chronic_care,kinyarwanda->kinyarwanda:ROUTINE:chronic_care,ndashaka kongererwa imiti mfata,ndashaka kongererwa imiti mfata
"Nyabuneka, umugore wanjye afite umuriro mwinshi kandi yaragagaye kandi birushaho kuba bibi. Ntegereze cyangwa nsuzumwe ubu?",kinyarwanda,CRITICAL,infectious_fever,kinyarwanda->kinyarwanda:CRITICAL:infectious_fever,{REL} afite umuriro mwinshi kandi yaragagaye.,Mfite umuriro mwinshi kandi nagagaye.
Ndashaka kukubwira ikibazo mfite. Umwana wanjye afite impiswi zirimo amaraso kuva hashize icyumweru kandi birushaho kuba bibi. Ntegereze cyangwa nsuzumwe ubu?,kinyarwanda,URGENT,gastrointestinal,kinyarwanda->kinyarwanda:URGENT:gastrointestinal,{REL} afite impiswi zirimo amaraso.,Mfite impiswi zirimo amaraso.
"Muraho, umwana wanjye afite igikomere gito kandi amaraso yarahagaze kuva mu cyumweru gishize biragenda bikagaruka. Mfasha muganga.",kinyarwanda,ROUTINE,haemorrhage_trauma,kinyarwanda->kinyarwanda:ROUTINE:haemorrhage_trauma,{REL} afite igikomere gito kandi amaraso yarahagaze.,Mfite igikomere gito kandi amaraso yarahagaze.
"Nyabuneka, ndava amaraso menshi nyuma yo kubyara kuva ubu gitondo cya kare kandi ndahangayitse. Mfasha muganga.",kinyarwanda,CRITICAL,obstetric,kinyarwanda->kinyarwanda:CRITICAL:obstetric,ndava amaraso menshi nyuma yo kubyara,ndava amaraso menshi nyuma yo kubyara
Ndashaka kukubwira ikibazo mfite. Mama amaze ibyumweru birenga bibiri arwaye impiswi kuva ubu gitondo cya kare kandi ndahangayitse. Ntegereze cyangwa nsuzumwe ubu?,kinyarwanda,URGENT,gastrointestinal,kinyarwanda->kinyarwanda:URGENT:gastrointestinal,{REL} amaze ibyumweru birenga bibiri arwaye impiswi.,Maze ibyumweru birenga bibiri ndwaye impiswi.
"Mumbabarire, ndashaka kubabwira ikibazo mfite. Umugabo wanjye arababara cyane mu gituza kandi ububabare bukagera no ku kuboko kuva hashize icyumweru. Ni imiti ki nafata?",kinyarwanda,CRITICAL,cardiac_respiratory,kinyarwanda->kinyarwanda:CRITICAL:cardiac_respiratory,{REL} arababara cyane mu gituza kandi ububabare bukagera no ku kuboko.,mu gituza harandya cyane kandi ububabare bukagera no ku kuboko
Mfite igikomere ku mutwe nyuma yo kugwa biragenda bikagaruka. Ndakeneye ubufasha vuba.,kinyarwanda,CRITICAL,haemorrhage_trauma,kinyarwanda->kinyarwanda:CRITICAL:haemorrhage_trauma,mfite igikomere ku mutwe nyuma yo kugwa,mfite igikomere ku mutwe nyuma yo kugwa
Ndashaka kukubwira ikibazo mfite. Maze ibyumweru birenga bibiri nkorora kandi natangiye no kunanuka kuva hashize iminsi ibiri. Naje mvuye kure.,kinyarwanda,URGENT,cardiac_respiratory,kinyarwanda->kinyarwanda:URGENT:cardiac_respiratory,Maze ibyumweru birenga bibiri nkorora kandi natangiye no kunanuka.,Maze ibyumweru birenga bibiri nkorora kandi natangiye no kunanuka.
"Ndakeneye ubufasha, ndashaka imiti y'inzoka y'umwana wanjye kuva ubu gitondo cya kare nta miti imfasha. Nkora iki?",kinyarwanda,ROUTINE,preventive,kinyarwanda->kinyarwanda:ROUTINE:preventive,Ndashaka imiti y'inzoka y'umwana wanjye.,Ndashaka imiti y'inzoka y'umwana wanjye.
"Nzanye umwana wanjye, ndabyara ariko habanje gusohoka umugozi w'umwana kuva hashize icyumweru. Mfasha muganga.",kinyarwanda,CRITICAL,obstetric,kinyarwanda->kinyarwanda:CRITICAL:obstetric,Ndabyara ariko habanje gusohoka umugozi w'umwana.,Ndabyara ariko habanje gusohoka umugozi w'umwana.
"Ndakeneye ubufasha, umwana wanjye akorora gake ariko nta muriro afite kuva mu gitondo kandi birushaho kuba bibi",kinyarwanda,ROUTINE,cardiac_respiratory,kinyarwanda->kinyarwanda:ROUTINE:cardiac_respiratory,{REL} akorora gake ariko nta muriro afite.,Nkorora gake ariko nta muriro mfite.
"Ndashaka kukubwira ikibazo mfite. Umugore wanjye afite ibimenyetso bya malariya, umuriro n'imbeho kandi birushaho kuba bibi. Mfasha muganga.",kinyarwanda,URGENT,infectious_fever,kinyarwanda->kinyarwanda:URGENT:infectious_fever,"{REL} afite ibimenyetso bya malariya, umuriro n'imbeho.","Mfite ibimenyetso bya malariya, umuriro n'imbeho."
"Mfasha vuba, mfite umuhaha biragenda bikagaruka. Ndakeneye ubufasha vuba.",kinyarwanda,URGENT,paediatric,kinyarwanda->kinyarwanda:URGENT:paediatric,Mfite umuhaha.,Mfite umuhaha.
"Simbizi niba bikomeye ariko, umugabo wanjye ashaka imiti y'inzoka y'umwana we kuva mu cyumweru gishize kandi ndahangayitse. Ndakeneye ubufasha vuba.",kinyarwanda,ROUTINE,preventive,kinyarwanda->kinyarwanda:ROUTINE:preventive,{REL} ashaka imiti y'inzoka y'umwana we.,Ndashaka imiti y'inzoka y'umwana wanjye.
Ndashaka kujya kwa muganga kwisuzumisha diyabete kuva mu cyumweru gishize bikarushaho nijoro. Ntegereze cyangwa nsuzumwe ubu?,kinyarwanda,ROUTINE,chronic_care,kinyarwanda->kinyarwanda:ROUTINE:chronic_care,Ndashaka kujya kwa muganga kwisuzumisha diyabete.,Ndashaka kujya kwa muganga kwisuzumisha SIDA.
"Nzanye umwana wanjye, mushiki wanjye amaze ibyumweru birenga bibiri akorora kandi yatangiye no kunanuka kuva mu gitondo. Abandi bana na bo bafite iki kibazo. Ndakeneye ubufasha vuba.",kinyarwanda,URGENT,cardiac_respiratory,kinyarwanda->kinyarwanda:URGENT:cardiac_respiratory,{REL} amaze ibyumweru birenga bibiri akorora kandi yatangiye no kunanuka.,Maze ibyumweru birenga bibiri nkorora kandi natangiye no kunanuka.
"Muraho, papa iminwa ye yahindutse ubururu kuva ubu gitondo cya kare kandi sinshobora gusinzira. Ese ibi birakomeye?",kinyarwanda,CRITICAL,cardiac_respiratory,kinyarwanda->kinyarwanda:CRITICAL:cardiac_respiratory,{REL} iminwa ye yahindutse ubururu.,Iminwa yanjye yahindutse ubururu.
"Naje hano mbere, iyo mpumeka, numva igituza gifashe kandi mpumeka nkumva hari ijwi ridasanzwe kuva hashize iminsi ibiri kandi sinshobora gusinzira. Ese ibi birakomeye?",kinyarwanda,URGENT,cardiac_respiratory,kinyarwanda->kinyarwanda:URGENT:cardiac_respiratory,"Iyo mpumeka, numva igituza gifashe kandi mpumeka nkumva hari ijwi ridasanzwe.","Iyo mpumeka, numva igituza gifashe kandi mpumeka nkumva hari ijwi ridasanzwe."
"Mfasha vuba, papa ashaka inama ku biryo byo kugaburira umwana we kuva ejo kandi birushaho kuba bibi. Ese ibi birakomeye?",kinyarwanda,ROUTINE,preventive,kinyarwanda->kinyarwanda:ROUTINE:preventive,{REL} ashaka inama ku biryo byo kugaburira umwana we.,Ndashaka inama ku biryo byo kugaburira umwana wanjye.
"Mfasha, umwana wanjye akorora gake ariko nta muriro afite kuva mu masaha abiri ashize kandi sinshobora gusinzira. Nkora iki?",kinyarwanda,ROUTINE,cardiac_respiratory,kinyarwanda->kinyarwanda:ROUTINE:cardiac_respiratory,{REL} akorora gake ariko nta muriro afite.,Nkorora gake ariko nta muriro mfite.
Guhumeka birangora cyane ku buryo ntabasha no kuvuga neza kuva hashize iminsi ibiri kandi birushaho kuba bibi. Ntegereze cyangwa nsuzumwe ubu?,kinyarwanda,CRITICAL,cardiac_respiratory,kinyarwanda->kinyarwanda:CRITICAL:cardiac_respiratory,Guhumeka birangora cyane ku buryo ntabasha no kuvuga neza.,Guhumeka birangora cyane ku buryo ntabasha no kuvuga neza.
Ndatwite kandi mfite umuriro kuva mu gitondo nta miti imfasha. Ntegereze cyangwa nsuzumwe ubu?,kinyarwanda,URGENT,obstetric,kinyarwanda->kinyarwanda:URGENT:obstetric,Ndatwite kandi mfite umuriro.,Ndatwite kandi mfite umuriro.
"Simbizi niba bikomeye ariko, umugore wanjye amaze ibyumweru birenga bibiri arwaye impiswi kuva mu cyumweru gishize kandi ndahangayitse",kinyarwanda,URGENT,gastrointestinal,kinyarwanda->kinyarwanda:URGENT:gastrointestinal,{REL} amaze ibyumweru birenga bibiri arwaye impiswi.,Maze ibyumweru birenga bibiri ndwaye impiswi.
"Mumbabarire, ndashaka kubabwira ikibazo mfite. Iyo umwana wanjye amaze kurya, yumva inda itameze neza kuva mu cyumweru gishize biragenda bikagaruka. Murakoze.",kinyarwanda,ROUTINE,gastrointestinal,kinyarwanda->kinyarwanda:ROUTINE:gastrointestinal,"Iyo {REL} amaze kurya, yumva inda itameze neza.","Iyo {REL} amaze kurya, yumva inda itameze neza."
"Muganga, umwana wanjye akorora gake ariko nta muriro afite kuva ijoro ryashize nta miti imfasha. Urakoze.",kinyarwanda,ROUTINE,cardiac_respiratory,kinyarwanda->kinyarwanda:ROUTINE:cardiac_respiratory,{REL} akorora gake ariko nta muriro afite.,Nkorora gake ariko nta muriro mfite.
"Mfasha vuba, nkorora gake ariko nta muriro mfite kuva mu masaha abiri ashize nta miti imfasha. Nkora iki?",kinyarwanda,ROUTINE,cardiac_respiratory,kinyarwanda->kinyarwanda:ROUTINE:cardiac_respiratory,Nkorora gake ariko nta muriro mfite.,Nkorora gake ariko nta muriro mfite.
Ndashaka kukubwira ikibazo mfite. Umuturanyi wanjye arava amaraso menshi nyuma yo kubyara kuva mu cyumweru gishize. Abandi bana na bo bafite iki kibazo. Naje mvuye kure.,kinyarwanda,CRITICAL,obstetric,kinyarwanda->kinyarwanda:CRITICAL:obstetric,{REL} arava amaraso menshi nyuma yo kubyara.,ndava amaraso menshi nyuma yo kubyara
"Mfasha vuba, umugore wanjye aratwite kandi afite umuriro kuva hashize iminsi itatu kandi ndahangayitse. Ntegereze cyangwa nsuzumwe ubu?",kinyarwanda,URGENT,obstetric,kinyarwanda->kinyarwanda:URGENT:obstetric,{REL} aratwite kandi afite umuriro.,Ndatwite kandi mfite umuriro.
"Naje hano mbere, papa ashaka imiti y'inzoka y'umwana we kuva ijoro ryashize. Byatangiye gitunguranye.",kinyarwanda,ROUTINE,preventive,kinyarwanda->kinyarwanda:ROUTINE:preventive,{REL} ashaka imiti y'inzoka y'umwana we.,Ndashaka imiti y'inzoka y'umwana wanjye.
"Mushiki wanjye afite ibimenyetso bya malariya, umuriro n'imbeho kuva mu masaha abiri ashize kandi ndahangayitse. Ntegereze cyangwa nsuzumwe ubu?",kinyarwanda,URGENT,infectious_fever,kinyarwanda->kinyarwanda:URGENT:infectious_fever,"{REL} afite ibimenyetso bya malariya, umuriro n'imbeho.","Mfite ibimenyetso bya malariya, umuriro n'imbeho."
"Mfasha, nyuma yo kubyara, umuturanyi wanjye afite umuriro kandi hari ibintu bisohoka bifite impumuro mbi kuva mu cyumweru gishize. Byatangiye gitunguranye. Ndakeneye ubufasha vuba.",kinyarwanda,CRITICAL,obstetric,kinyarwanda->kinyarwanda:CRITICAL:obstetric,"Nyuma yo kubyara, {REL} afite umuriro kandi hari ibintu bisohoka bifite impumuro mbi.",Nyuma yo kubyara mfite umuriro kandi hari ibintu bisohoka bifite impumuro mbi.
"Mfasha vuba, ndaruka amaraso kuva mu masaha abiri ashize kandi ndahangayitse. Ese ibi birakomeye?",kinyarwanda,CRITICAL,gastrointestinal,kinyarwanda->kinyarwanda:CRITICAL:gastrointestinal,Ndaruka amaraso.,Ndaruka amaraso.
"Ndakeneye ubufasha, nkorora gake ariko nta muriro mfite kuva ijoro ryashize. Byatangiye gitunguranye. Mfasha muganga.",kinyarwanda,ROUTINE,cardiac_respiratory,kinyarwanda->kinyarwanda:ROUTINE:cardiac_respiratory,Nkorora gake ariko nta muriro mfite.,Nkorora gake ariko nta muriro mfite.
"Muganga, umwana wanjye akorora gake ariko nta muriro afite kuva mu masaha abiri ashize kandi nta miti mfite. Mfasha muganga.",kinyarwanda,ROUTINE,cardiac_respiratory,kinyarwanda->kinyarwanda:ROUTINE:cardiac_respiratory,{REL} akorora gake ariko nta muriro afite.,Nkorora gake ariko nta muriro mfite.
"Nyabuneka, umugore wanjye arakomeza kuruka kandi ntashobora kurya kuva ijoro ryashize nta miti imfasha. Ese ibi birakomeye?",kinyarwanda,URGENT,gastrointestinal,kinyarwanda->kinyarwanda:URGENT:gastrointestinal,{REL} arakomeza kuruka kandi ntashobora kurya.,ndakomeza kuruka kandi sinshobora kurya
"Nzanye umwana wanjye, isukari yo mu maraso yanjye yazamutse cyane kuva hashize iminsi itatu kandi sinshobora gusinzira. Mfasha muganga.",kinyarwanda,URGENT,chronic_care,kinyarwanda->kinyarwanda:URGENT:chronic_care,isukari yo mu maraso yanjye yazamutse cyane,isukari yo mu maraso yanjye yazamutse cyane
"Simbizi niba bikomeye ariko, umuturanyi wanjye ntashobora kuvuga neza kandi umunwa we waragoramye kuva mu gitondo biragenda bikagaruka. Ntabasha kubona amafaranga yo kongera kuza kwa muganga.",kinyarwanda,CRITICAL,neurological,kinyarwanda->kinyarwanda:CRITICAL:neurological,{REL} ntashobora kuvuga neza kandi umunwa we waragoramye.,{REL} ntashobora kuvuga neza kandi umunwa we waragoramye.
"Nzanye umwana wanjye, ndashaka kujya kwa muganga kwisuzumisha SIDA kuva ubu gitondo cya kare biragenda bikagaruka. Ese ibi birakomeye?",kinyarwanda,ROUTINE,chronic_care,kinyarwanda->kinyarwanda:ROUTINE:chronic_care,Ndashaka kujya kwa muganga kwisuzumisha SIDA.,Ndashaka kujya kwa muganga kwisuzumisha SIDA.
"Simbizi niba bikomeye ariko, ndaruka cyane kandi numva mfite intege nke kuva hashize iminsi itatu. Ni imiti ki nafata?",kinyarwanda,URGENT,gastrointestinal,kinyarwanda->kinyarwanda:URGENT:gastrointestinal,ndaruka cyane kandi numva mfite intege nke,ndaruka cyane kandi numva mfite intege nke
"Muraho, ndaruka cyane kandi numva mfite intege nke kuva mu gitondo kandi nta miti mfite. Murakoze.",kinyarwanda,URGENT,gastrointestinal,kinyarwanda->kinyarwanda:URGENT:gastrointestinal,ndaruka cyane kandi numva mfite intege nke,ndaruka cyane kandi numva mfite intege nke
"Mfasha, mfite igikomere gito kandi amaraso yarahagaze kuva mu masaha abiri ashize kandi birushaho kuba bibi. Ni imiti ki nafata?",kinyarwanda,ROUTINE,haemorrhage_trauma,kinyarwanda->kinyarwanda:ROUTINE:haemorrhage_trauma,Mfite igikomere gito kandi amaraso yarahagaze.,Mfite igikomere gito kandi amaraso yarahagaze.
"Mumbabarire, ndashaka kubabwira ikibazo mfite. Mfite gahunda yo kwisuzumisha buri mwaka kuva hashize icyumweru kandi ndahangayitse. Ntabasha kubona amafaranga yo kongera kuza kwa muganga.",kinyarwanda,ROUTINE,preventive,kinyarwanda->kinyarwanda:ROUTINE:preventive,Mfite gahunda yo kwisuzumisha buri mwaka.,Mfite gahunda yo kwisuzumisha buri mwaka.
"Ndakeneye ubufasha, ndava amaraso menshi nyuma yo kubyara kuva hashize iminsi ibiri kandi sinshobora gusinzira. Mfasha muganga.",kinyarwanda,CRITICAL,obstetric,kinyarwanda->kinyarwanda:CRITICAL:obstetric,ndava amaraso menshi nyuma yo kubyara,ndava amaraso menshi nyuma yo kubyara
"Simbizi niba bikomeye ariko, ndatwite kandi ndashaka kujya kwa muganga kwisuzumisha kandi nta miti mfite. Naje mvuye kure.",kinyarwanda,ROUTINE,obstetric,kinyarwanda->kinyarwanda:ROUTINE:obstetric,Ndatwite kandi ndashaka kujya kwa muganga kwisuzumisha.,Ndatwite kandi ndashaka kujya kwa muganga kwisuzumisha.
Ndashaka kukubwira ikibazo mfite. Umugore wanjye arumva igituza kimuremereye cyane kandi ububabare bukagera no ku rwasaya cyangwa ku kuboko kuva ejo kandi ndahangayitse. Ese ibi birakomeye?,kinyarwanda,CRITICAL,cardiac_respiratory,kinyarwanda->kinyarwanda:CRITICAL:cardiac_respiratory,{REL} arumva igituza kimuremereye cyane kandi ububabare bukagera no ku rwasaya cyangwa ku kuboko.,{REL} arumva igituza kimuremereye cyane kandi ububabare bukagera no ku rwasaya cyangwa ku kuboko.
"Mfasha, ndashaka kongererwa imiti mfata kuva hashize iminsi ibiri bikarushaho nijoro. Ese ibi birakomeye?",kinyarwanda,ROUTINE,chronic_care,kinyarwanda->kinyarwanda:ROUTINE:chronic_care,ndashaka kongererwa imiti mfata,ndashaka kongererwa imiti mfata
"Naje hano mbere, mu gituza harandya cyane kandi ububabare bukagera no ku kuboko kuva mu masaha abiri ashize kandi ndahangayitse. Ndakeneye ubufasha vuba.",kinyarwanda,CRITICAL,cardiac_respiratory,kinyarwanda->kinyarwanda:CRITICAL:cardiac_respiratory,mu gituza harandya cyane kandi ububabare bukagera no ku kuboko,mu gituza harandya cyane kandi ububabare bukagera no ku kuboko
"Nyabuneka, mama ashaka inama ku biryo byo kugaburira umwana we kuva mu cyumweru gishize. Ntegereze cyangwa nsuzumwe ubu?",kinyarwanda,ROUTINE,preventive,kinyarwanda->kinyarwanda:ROUTINE:preventive,{REL} ashaka inama ku biryo byo kugaburira umwana we.,Ndashaka inama ku biryo byo kugaburira umwana wanjye.
"Nyabuneka, mfite igikomere gito kandi amaraso yarahagaze kuva mu masaha abiri ashize kandi ndahangayitse. Ntabasha kubona amafaranga yo kongera kuza kwa muganga.",kinyarwanda,ROUTINE,haemorrhage_trauma,kinyarwanda->kinyarwanda:ROUTINE:haemorrhage_trauma,Mfite igikomere gito kandi amaraso yarahagaze.,Mfite igikomere gito kandi amaraso yarahagaze.
Ndashaka kukubwira ikibazo mfite. Umuturanyi wanjye aratwite kandi afite umuriro kuva ijoro ryashize kandi nta miti mfite. Ndakeneye ubufasha vuba.,kinyarwanda,URGENT,obstetric,kinyarwanda->kinyarwanda:URGENT:obstetric,{REL} aratwite kandi afite umuriro.,Ndatwite kandi mfite umuriro.
"Muraho, ndaruka cyane kandi numva mfite intege nke kuva mu masaha abiri ashize. Abandi bana na bo bafite iki kibazo. Ntegereze cyangwa nsuzumwe ubu?",kinyarwanda,URGENT,gastrointestinal,kinyarwanda->kinyarwanda:URGENT:gastrointestinal,ndaruka cyane kandi numva mfite intege nke,ndaruka cyane kandi numva mfite intege nke
"Muganga, amazi yamenetse ariko igihe cyo kubyara ntikiragera kuva ubu gitondo cya kare bikarushaho nijoro. Ntegereze cyangwa nsuzumwe ubu?",kinyarwanda,URGENT,obstetric,kinyarwanda->kinyarwanda:URGENT:obstetric,Amazi yamenetse ariko igihe cyo kubyara ntikiragera.,Amazi yamenetse ariko igihe cyo kubyara ntikiragera.
"Simbizi niba bikomeye ariko, amazuru arantemba gake kuva mu masaha abiri ashize bikarushaho nijoro",kinyarwanda,ROUTINE,infectious_fever,kinyarwanda->kinyarwanda:ROUTINE:infectious_fever,amazuru arantemba gake,amazuru arantemba gake
"Muganga, papa afite ibimenyetso bya malariya, umuriro n'imbeho kuva hashize iminsi itatu biragenda bikagaruka. Naje mvuye kure.",kinyarwanda,URGENT,infectious_fever,kinyarwanda->kinyarwanda:URGENT:infectious_fever,"{REL} afite ibimenyetso bya malariya, umuriro n'imbeho.","Mfite ibimenyetso bya malariya, umuriro n'imbeho."
"Mumbabarire, ndashaka kubabwira ikibazo mfite. Mama yagagaye kandi arimo guhinda umushyitsi kuva hashize iminsi itatu kandi ndahangayitse. Ndakeneye ubufasha vuba.",kinyarwanda,CRITICAL,neurological,kinyarwanda->kinyarwanda:CRITICAL:neurological,{REL} yagagaye kandi arimo guhinda umushyitsi.,{REL} yagagaye kandi arimo guhinda umushyitsi.
"Naje hano mbere, mfite gahunda yo kwisuzumisha buri mwaka kuva hashize iminsi itatu. Abandi bana na bo bafite iki kibazo. Ndakeneye ubufasha vuba.",kinyarwanda,ROUTINE,preventive,kinyarwanda->kinyarwanda:ROUTINE:preventive,Mfite gahunda yo kwisuzumisha buri mwaka.,Mfite gahunda yo kwisuzumisha buri mwaka.
"Muganga, ndashaka kujya kwa muganga kwisuzumisha diyabete kuva mu gitondo kandi birushaho kuba bibi. Urakoze.",kinyarwanda,ROUTINE,chronic_care,kinyarwanda->kinyarwanda:ROUTINE:chronic_care,Ndashaka kujya kwa muganga kwisuzumisha diyabete.,Ndashaka kujya kwa muganga kwisuzumisha SIDA.
"Nzanye umwana wanjye, nta miti y'igituntu mfite kandi nta miti mfite. Ndakeneye ubufasha vuba.",kinyarwanda,URGENT,chronic_care,kinyarwanda->kinyarwanda:URGENT:chronic_care,Nta miti y'igituntu mfite.,Nta miti y'igituntu mfite.
"Simbizi niba bikomeye ariko, papa yabyimbye ibirenge kandi ntashobora guhumeka neza iyo aragaramye kuva ubu gitondo cya kare nta miti imfasha. Ntegereze cyangwa nsuzumwe ubu?",kinyarwanda,URGENT,chronic_care,kinyarwanda->kinyarwanda:URGENT:chronic_care,{REL} yabyimbye ibirenge kandi ntashobora guhumeka neza iyo aragaramye.,Nabyimbye ibirenge kandi sinshobora guhumeka neza iyo ndagaramye.
"Mfasha vuba, umukecuru ashaka imiti y'inzoka y'umwana we kuva ubu gitondo cya kare kandi sinshobora gusinzira. Ese ibi birakomeye?",kinyarwanda,ROUTINE,preventive,kinyarwanda->kinyarwanda:ROUTINE:preventive,{REL} ashaka imiti y'inzoka y'umwana we.,Ndashaka imiti y'inzoka y'umwana wanjye.
Ndashaka kukubwira ikibazo mfite. Ndatwite kandi ndashaka kujya kwa muganga kwisuzumisha kuva hashize icyumweru. Byatangiye gitunguranye. Nkora iki?,kinyarwanda,ROUTINE,obstetric,kinyarwanda->kinyarwanda:ROUTINE:obstetric,Ndatwite kandi ndashaka kujya kwa muganga kwisuzumisha.,Ndatwite kandi ndashaka kujya kwa muganga kwisuzumisha.
"Mfasha, mfite igikomere gito kandi amaraso yarahagaze kuva mu masaha abiri ashize kandi ndahangayitse. Urakoze.",kinyarwanda,ROUTINE,haemorrhage_trauma,kinyarwanda->kinyarwanda:ROUTINE:haemorrhage_trauma,Mfite igikomere gito kandi amaraso yarahagaze.,Mfite igikomere gito kandi amaraso yarahagaze.
"Mfasha vuba, umwana wanjye afite impiswi zirimo amaraso kuva ejo kandi nta miti mfite. Urakoze.",kinyarwanda,URGENT,gastrointestinal,kinyarwanda->kinyarwanda:URGENT:gastrointestinal,{REL} afite impiswi zirimo amaraso.,Mfite impiswi zirimo amaraso.
"Nyabuneka, umugore wanjye nta miti y'igituntu afite kuva mu masaha abiri ashize kandi sinshobora gusinzira. Urakoze.",kinyarwanda,URGENT,chronic_care,kinyarwanda->kinyarwanda:URGENT:chronic_care,{REL} nta miti y'igituntu afite.,Nta miti y'igituntu mfite.
"Nyabuneka, papa afite impiswi zikomeye kandi yagize umwuma. Byatangiye gitunguranye. Ese ibi birakomeye?",kinyarwanda,CRITICAL,gastrointestinal,kinyarwanda->kinyarwanda:CRITICAL:gastrointestinal,{REL} afite impiswi zikomeye kandi yagize umwuma.,{REL} afite impiswi zikomeye kandi yagize umwuma.
"Nyabuneka, mfite igikomere gito kandi amaraso yarahagaze kuva hashize iminsi ibiri nta miti imfasha. Nkora iki?",kinyarwanda,ROUTINE,haemorrhage_trauma,kinyarwanda->kinyarwanda:ROUTINE:haemorrhage_trauma,Mfite igikomere gito kandi amaraso yarahagaze.,Mfite igikomere gito kandi amaraso yarahagaze.
"Mfasha, umwana wanjye afite umuriro woroheje umaze umunsi umwe, ariko nta kindi kibazo afite kuva ubu gitondo cya kare kandi sinshobora gusinzira. Ni imiti ki nafata?",kinyarwanda,ROUTINE,infectious_fever,kinyarwanda->kinyarwanda:ROUTINE:infectious_fever,"{REL} afite umuriro woroheje umaze umunsi umwe, ariko nta kindi kibazo afite.","mfite umuriro woroheje umaze umunsi umwe, ariko nta kindi kibazo mfite"
"Mfasha, maze umunsi wose mbabara ngerageza kubyara ariko umwana ntarasohoka kuva hashize icyumweru. Byatangiye gitunguranye. Nkora iki?",kinyarwanda,CRITICAL,obstetric,kinyarwanda->kinyarwanda:CRITICAL:obstetric,Maze umunsi wose mbabara ngerageza kubyara ariko umwana ntarasohoka.,Maze umunsi wose mbabara ngerageza kubyara ariko umwana ntarasohoka.
"Mfasha vuba, umugabo wanjye ahumeka bimugora cyane kandi iminwa ye yahindutse ibara kuva hashize iminsi itatu kandi nta miti mfite. Ntabasha kubona amafaranga yo kongera kuza kwa muganga.",kinyarwanda,CRITICAL,cardiac_respiratory,kinyarwanda->kinyarwanda:CRITICAL:cardiac_respiratory,{REL} ahumeka bimugora cyane kandi iminwa ye yahindutse ibara.,guhumeka birangora cyane kandi iminwa yanjye yahindutse ibara
Ndashaka kukubwira ikibazo mfite. Umukecuru iminwa ye yahindutse ubururu kuva mu cyumweru gishize biragenda bikagaruka,kinyarwanda,CRITICAL,cardiac_respiratory,kinyarwanda->kinyarwanda:CRITICAL:cardiac_respiratory,{REL} iminwa ye yahindutse ubururu.,Iminwa yanjye yahindutse ubururu.
"Nzanye umwana wanjye, mfite igikomere ku mutwe nyuma yo kugwa kuva ubu gitondo cya kare. Abandi bana na bo bafite iki kibazo. Naje mvuye kure.",kinyarwanda,CRITICAL,haemorrhage_trauma,kinyarwanda->kinyarwanda:CRITICAL:haemorrhage_trauma,mfite igikomere ku mutwe nyuma yo kugwa,mfite igikomere ku mutwe nyuma yo kugwa
"Mumbabarire, ndashaka kubabwira ikibazo mfite. Umukecuru afite umuriro mwinshi kandi yaragagaye kuva mu masaha abiri ashize biragenda bikagaruka. Ntabasha kubona amafaranga yo kongera kuza kwa muganga.",kinyarwanda,CRITICAL,infectious_fever,kinyarwanda->kinyarwanda:CRITICAL:infectious_fever,{REL} afite umuriro mwinshi kandi yaragagaye.,Mfite umuriro mwinshi kandi nagagaye.
"Mumbabarire, ndashaka kubabwira ikibazo mfite. Umwana wanjye afite igikomere gito kandi amaraso yarahagaze kuva ejo. Byatangiye gitunguranye.",kinyarwanda,ROUTINE,haemorrhage_trauma,kinyarwanda->kinyarwanda:ROUTINE:haemorrhage_trauma,{REL} afite igikomere gito kandi amaraso yarahagaze.,Mfite igikomere gito kandi amaraso yarahagaze.
"Muraho, umutima uratera cyane kandi nkumva umeze nk'aho uhagarara kuva ejo bikarushaho nijoro. Naje mvuye kure.",kinyarwanda,CRITICAL,cardiac_respiratory,kinyarwanda->kinyarwanda:CRITICAL:cardiac_respiratory,umutima uratera cyane kandi nkumva umeze nk'aho uhagarara,umutima uratera cyane kandi nkumva umeze nk'aho uhagarara
"Mumbabarire, ndashaka kubabwira ikibazo mfite. Umwana wanjye afite umuhaha kuva hashize iminsi ibiri kandi nta miti mfite. Ese ibi birakomeye?",kinyarwanda,URGENT,paediatric,kinyarwanda->kinyarwanda:URGENT:paediatric,{REL} afite umuhaha.,Mfite umuhaha.
"Mumbabarire, ndashaka kubabwira ikibazo mfite. Mushiki wanjye afite impiswi zirimo amaraso kuva ubu gitondo cya kare. Abandi bana na bo bafite iki kibazo. Ni imiti ki nafata?",kinyarwanda,URGENT,gastrointestinal,kinyarwanda->kinyarwanda:URGENT:gastrointestinal,{REL} afite impiswi zirimo amaraso.,Mfite impiswi zirimo amaraso.
"Nyabuneka, umugabo wanjye afite umuriro mwinshi kandi yaragagaye kuva ijoro ryashize. Byatangiye gitunguranye. Mfasha muganga.",kinyarwanda,CRITICAL,infectious_fever,kinyarwanda->kinyarwanda:CRITICAL:infectious_fever,{REL} afite umuriro mwinshi kandi yaragagaye.,Mfite umuriro mwinshi kandi nagagaye.
"Muraho, ndumva naniwe ariko si cyane kuva mu cyumweru gishize nta miti imfasha. Ese ibi birakomeye?",kinyarwanda,ROUTINE,neurological,kinyarwanda->kinyarwanda:ROUTINE:neurological,ndumva naniwe ariko si cyane,ndumva naniwe ariko si cyane
Iyo maze kurya numva mu nda ntameze neza kuva mu cyumweru gishize kandi sinshobora gusinzira. Ntabasha kubona amafaranga yo kongera kuza kwa muganga.,kinyarwanda,ROUTINE,gastrointestinal,kinyarwanda->kinyarwanda:ROUTINE:gastrointestinal,iyo maze kurya numva mu nda ntameze neza,"Iyo {REL} amaze kurya, yumva inda itameze neza."
"Mumbabarire, ndashaka kubabwira ikibazo mfite. Nyuma yo kubyara mfite umuriro kandi hari ibintu bisohoka bifite impumuro mbi kuva mu gitondo kandi nta miti mfite. Ni imiti ki nafata?",kinyarwanda,CRITICAL,obstetric,kinyarwanda->kinyarwanda:CRITICAL:obstetric,Nyuma yo kubyara mfite umuriro kandi hari ibintu bisohoka bifite impumuro mbi.,Nyuma yo kubyara mfite umuriro kandi hari ibintu bisohoka bifite impumuro mbi.
"Ndakeneye ubufasha, papa afite igikomere cyanduye, kiratukura kandi kirimo amashyira kuva mu gitondo kandi sinshobora gusinzira. Ndakeneye ubufasha vuba.",kinyarwanda,URGENT,haemorrhage_trauma,kinyarwanda->kinyarwanda:URGENT:haemorrhage_trauma,"{REL} afite igikomere cyanduye, kiratukura kandi kirimo amashyira.","mfite igikomere cyanduye, kiratukura kandi kirimo amashyira"
"Muganga, ndatwite kandi ndashaka kujya kwa muganga kwisuzumisha kuva ijoro ryashize kandi birushaho kuba bibi. Ese ibi birakomeye?",kinyarwanda,ROUTINE,obstetric,kinyarwanda->kinyarwanda:ROUTINE:obstetric,Ndatwite kandi ndashaka kujya kwa muganga kwisuzumisha.,Ndatwite kandi ndashaka kujya kwa muganga kwisuzumisha.
"Ndakeneye ubufasha, umwana wanjye afite igikomere ku mutwe nyuma yo kugwa kuva mu gitondo kandi birushaho kuba bibi. Ntegereze cyangwa nsuzumwe ubu?",kinyarwanda,CRITICAL,haemorrhage_trauma,kinyarwanda->kinyarwanda:CRITICAL:haemorrhage_trauma,{REL} afite igikomere ku mutwe nyuma yo kugwa.,mfite igikomere ku mutwe nyuma yo kugwa
"Nzanye umwana wanjye, maze umunsi wose mbabara ngerageza kubyara ariko umwana ntarasohoka kuva hashize icyumweru. Byatangiye gitunguranye. Ntegereze cyangwa nsuzumwe ubu?",kinyarwanda,CRITICAL,obstetric,kinyarwanda->kinyarwanda:CRITICAL:obstetric,Maze umunsi wose mbabara ngerageza kubyara ariko umwana ntarasohoka.,Maze umunsi wose mbabara ngerageza kubyara ariko umwana ntarasohoka.
"Nyabuneka, umuturanyi wanjye yagagaye kandi arimo guhinda umushyitsi kuva hashize iminsi ibiri bikarushaho nijoro. Ntegereze cyangwa nsuzumwe ubu?",kinyarwanda,CRITICAL,neurological,kinyarwanda->kinyarwanda:CRITICAL:neurological,{REL} yagagaye kandi arimo guhinda umushyitsi.,{REL} yagagaye kandi arimo guhinda umushyitsi.
"Ndakeneye ubufasha, mama aratwite kandi yaragagaye kuva mu cyumweru gishize kandi birushaho kuba bibi. Mfasha muganga.",kinyarwanda,CRITICAL,obstetric,kinyarwanda->kinyarwanda:CRITICAL:obstetric,{REL} aratwite kandi yaragagaye.,Ndatwite kandi nagagaye.
"Muganga, nkorora gake ariko nta muriro mfite kuva ubu gitondo cya kare. Murakoze.",kinyarwanda,ROUTINE,cardiac_respiratory,kinyarwanda->kinyarwanda:ROUTINE:cardiac_respiratory,Nkorora gake ariko nta muriro mfite.,Nkorora gake ariko nta muriro mfite.
"Ndakeneye ubufasha, umwana wanjye afite umuhaha kuva ijoro ryashize. Abandi bana na bo bafite iki kibazo. Naje mvuye kure.",kinyarwanda,URGENT,paediatric,kinyarwanda->kinyarwanda:URGENT:paediatric,{REL} afite umuhaha.,Mfite umuhaha.
"Nyabuneka, umuturanyi wanjye aratwite kandi ashaka kwisuzumisha kwa muganga bwa mbere kuva ubu gitondo cya kare biragenda bikagaruka. Urakoze.",kinyarwanda,ROUTINE,preventive,kinyarwanda->kinyarwanda:ROUTINE:preventive,{REL} aratwite kandi ashaka kwisuzumisha kwa muganga bwa mbere.,Ndatwite kandi ndashaka kwisuzumisha kwa muganga bwa mbere.
"Mfasha vuba, ndaruka cyane kandi numva mfite intege nke kuva hashize iminsi itatu bikarushaho nijoro",kinyarwanda,URGENT,gastrointestinal,kinyarwanda->kinyarwanda:URGENT:gastrointestinal,ndaruka cyane kandi numva mfite intege nke,ndaruka cyane kandi numva mfite intege nke
"Nyabuneka, amazuru arantemba gake kuva mu masaha abiri ashize bikarushaho nijoro. Mfasha muganga.",kinyarwanda,ROUTINE,infectious_fever,kinyarwanda->kinyarwanda:ROUTINE:infectious_fever,amazuru arantemba gake,amazuru arantemba gake
Ndashaka kukubwira ikibazo mfite. Umugore wanjye ahumeka bimugora cyane ku buryo adashobora no kuvuga neza kuva ubu gitondo cya kare kandi nta miti mfite. Nkora iki?,kinyarwanda,CRITICAL,cardiac_respiratory,kinyarwanda->kinyarwanda:CRITICAL:cardiac_respiratory,{REL} ahumeka bimugora cyane ku buryo adashobora no kuvuga neza.,Guhumeka birangora cyane ku buryo ntabasha no kuvuga neza.
Mu rugo hari umuntu urwaye igituntu kandi ndashaka kwisuzumisha kuva hashize iminsi ibiri kandi nta miti mfite. Mfasha muganga.,kinyarwanda,URGENT,preventive,kinyarwanda->kinyarwanda:URGENT:preventive,Mu rugo hari umuntu urwaye igituntu kandi ndashaka kwisuzumisha.,Mu rugo hari umuntu urwaye igituntu kandi ndashaka kwisuzumisha.
"Simbizi niba bikomeye ariko, papa yataye ubwenge kandi ntasubiza kuva hashize iminsi itatu nta miti imfasha. Mfasha muganga.",kinyarwanda,CRITICAL,neurological,kinyarwanda->kinyarwanda:CRITICAL:neurological,{REL} yataye ubwenge kandi ntasubiza.,{REL} yataye ubwenge kandi ntasubiza.
"Mfasha vuba, ndabyara ariko habanje gusohoka umugozi w'umwana kuva mu gitondo kandi sinshobora gusinzira. Nkora iki?",kinyarwanda,CRITICAL,obstetric,kinyarwanda->kinyarwanda:CRITICAL:obstetric,Ndabyara ariko habanje gusohoka umugozi w'umwana.,Ndabyara ariko habanje gusohoka umugozi w'umwana.
"Mfasha vuba, ndashaka kongererwa imiti mfata kuva hashize iminsi ibiri kandi birushaho kuba bibi. Murakoze.",kinyarwanda,ROUTINE,chronic_care,kinyarwanda->kinyarwanda:ROUTINE:chronic_care,ndashaka kongererwa imiti mfata,ndashaka kongererwa imiti mfata
"Iyo umwana wanjye amaze kurya, yumva inda itameze neza kuva mu gitondo kandi nta miti mfite. Ni imiti ki nafata?",kinyarwanda,ROUTINE,gastrointestinal,kinyarwanda->kinyarwanda:ROUTINE:gastrointestinal,"Iyo {REL} amaze kurya, yumva inda itameze neza.","Iyo {REL} amaze kurya, yumva inda itameze neza."
Mu gituza harandya cyane kandi ububabare bukagera no ku kuboko kandi sinshobora gusinzira. Naje mvuye kure.,kinyarwanda,CRITICAL,cardiac_respiratory,kinyarwanda->kinyarwanda:CRITICAL:cardiac_respiratory,mu gituza harandya cyane kandi ububabare bukagera no ku kuboko,mu gituza harandya cyane kandi ububabare bukagera no ku kuboko
"Mumbabarire, ndashaka kubabwira ikibazo mfite. Umukecuru afite impiswi zirimo amaraso kuva hashize iminsi itatu. Byatangiye gitunguranye. Ntegereze cyangwa nsuzumwe ubu?",kinyarwanda,URGENT,gastrointestinal,kinyarwanda->kinyarwanda:URGENT:gastrointestinal,{REL} afite impiswi zirimo amaraso.,Mfite impiswi zirimo amaraso.
"Nyabuneka, umuturanyi wanjye amaze umunsi wose ari mu bubabare bwo kubyara ariko umwana ntarasohoka kuva ejo. Abandi bana na bo bafite iki kibazo. Ntabasha kubona amafaranga yo kongera kuza kwa muganga.",kinyarwanda,CRITICAL,obstetric,kinyarwanda->kinyarwanda:CRITICAL:obstetric,{REL} amaze umunsi wose ari mu bubabare bwo kubyara ariko umwana ntarasohoka.,Maze umunsi wose mbabara ngerageza kubyara ariko umwana ntarasohoka.
"Nyabuneka, ndatwite kandi ndashaka kujya kwa muganga kwisuzumisha kuva hashize iminsi itatu biragenda bikagaruka. Murakoze.",kinyarwanda,ROUTINE,obstetric,kinyarwanda->kinyarwanda:ROUTINE:obstetric,Ndatwite kandi ndashaka kujya kwa muganga kwisuzumisha.,Ndatwite kandi ndashaka kujya kwa muganga kwisuzumisha.
"Muganga, ndashaka kujya kwa muganga kwisuzumisha SIDA kuva hashize icyumweru kandi ndahangayitse. Ndakeneye ubufasha vuba.",kinyarwanda,ROUTINE,chronic_care,kinyarwanda->kinyarwanda:ROUTINE:chronic_care,Ndashaka kujya kwa muganga kwisuzumisha SIDA.,Ndashaka kujya kwa muganga kwisuzumisha SIDA.
"Muraho, mfite igikomere gito kandi amaraso yarahagaze kuva ejo. Nkora iki?",kinyarwanda,ROUTINE,haemorrhage_trauma,kinyarwanda->kinyarwanda:ROUTINE:haemorrhage_trauma,Mfite igikomere gito kandi amaraso yarahagaze.,Mfite igikomere gito kandi amaraso yarahagaze.
"Naje hano mbere, isukari yo mu maraso yanjye yazamutse cyane kuva mu gitondo biragenda bikagaruka. Murakoze.",kinyarwanda,URGENT,chronic_care,kinyarwanda->kinyarwanda:URGENT:chronic_care,isukari yo mu maraso yanjye yazamutse cyane,isukari yo mu maraso yanjye yazamutse cyane
"Nyabuneka, umugore wanjye ahumeka bimugora cyane kandi iminwa ye yahindutse ibara kuva ejo kandi ndahangayitse. Ntabasha kubona amafaranga yo kongera kuza kwa muganga.",kinyarwanda,CRITICAL,cardiac_respiratory,kinyarwanda->kinyarwanda:CRITICAL:cardiac_respiratory,{REL} ahumeka bimugora cyane kandi iminwa ye yahindutse ibara.,guhumeka birangora cyane kandi iminwa yanjye yahindutse ibara
"Nzanye umwana wanjye, ndatwite kandi ndashaka kujya kwa muganga kwisuzumisha kuva mu masaha abiri ashize kandi sinshobora gusinzira. Ntabasha kubona amafaranga yo kongera kuza kwa muganga.",kinyarwanda,ROUTINE,obstetric,kinyarwanda->kinyarwanda:ROUTINE:obstetric,Ndatwite kandi ndashaka kujya kwa muganga kwisuzumisha.,Ndatwite kandi ndashaka kujya kwa muganga kwisuzumisha.
"Simbizi niba bikomeye ariko, mfite umuhaha kuva mu cyumweru gishize nta miti imfasha. Naje mvuye kure.",kinyarwanda,URGENT,paediatric,kinyarwanda->kinyarwanda:URGENT:paediatric,Mfite umuhaha.,Mfite umuhaha.
Ndashaka kukubwira ikibazo mfite. Umwana wanjye afite umuhaha kuva hashize icyumweru kandi sinshobora gusinzira. Ese ibi birakomeye?,kinyarwanda,URGENT,paediatric,kinyarwanda->kinyarwanda:URGENT:paediatric,{REL} afite umuhaha.,Mfite umuhaha.
"Mumbabarire, ndashaka kubabwira ikibazo mfite. Mfite igikomere ku mutwe nyuma yo kugwa kuva ijoro ryashize bikarushaho nijoro. Ntegereze cyangwa nsuzumwe ubu?",kinyarwanda,CRITICAL,haemorrhage_trauma,kinyarwanda->kinyarwanda:CRITICAL:haemorrhage_trauma,mfite igikomere ku mutwe nyuma yo kugwa,mfite igikomere ku mutwe nyuma yo kugwa
"Nyabuneka, umukecuru ahumeka bimugora cyane ku buryo adashobora no kuvuga neza kuva hashize iminsi ibiri. Abandi bana na bo bafite iki kibazo. Ni imiti ki nafata?",kinyarwanda,CRITICAL,cardiac_respiratory,kinyarwanda->kinyarwanda:CRITICAL:cardiac_respiratory,{REL} ahumeka bimugora cyane ku buryo adashobora no kuvuga neza.,Guhumeka birangora cyane ku buryo ntabasha no kuvuga neza.
"Nyabuneka, maze ibyumweru birenga bibiri nkorora kandi natangiye no kunanuka kuva mu gitondo kandi sinshobora gusinzira. Ese ibi birakomeye?",kinyarwanda,URGENT,cardiac_respiratory,kinyarwanda->kinyarwanda:URGENT:cardiac_respiratory,Maze ibyumweru birenga bibiri nkorora kandi natangiye no kunanuka.,Maze ibyumweru birenga bibiri nkorora kandi natangiye no kunanuka.
"Simbizi niba bikomeye ariko, ndatwite kandi ndashaka kujya kwa muganga kwisuzumisha bikarushaho nijoro",kinyarwanda,ROUTINE,obstetric,kinyarwanda->kinyarwanda:ROUTINE:obstetric,Ndatwite kandi ndashaka kujya kwa muganga kwisuzumisha.,Ndatwite kandi ndashaka kujya kwa muganga kwisuzumisha.
"Muraho, mama aratwite kandi afite umuriro kuva hashize iminsi itatu nta miti imfasha. Ese ibi birakomeye?",kinyarwanda,URGENT,obstetric,kinyarwanda->kinyarwanda:URGENT:obstetric,{REL} aratwite kandi afite umuriro.,Ndatwite kandi mfite umuriro.
"Mumbabarire, ndashaka kubabwira ikibazo mfite. Mfite umuhaha kuva hashize icyumweru. Abandi bana na bo bafite iki kibazo. Nkora iki?",kinyarwanda,URGENT,paediatric,kinyarwanda->kinyarwanda:URGENT:paediatric,Mfite umuhaha.,Mfite umuhaha.
"Muganga, maze ibyumweru birenga bibiri nkorora kandi natangiye no kunanuka kuva mu cyumweru gishize nta miti imfasha. Ni imiti ki nafata?",kinyarwanda,URGENT,cardiac_respiratory,kinyarwanda->kinyarwanda:URGENT:cardiac_respiratory,Maze ibyumweru birenga bibiri nkorora kandi natangiye no kunanuka.,Maze ibyumweru birenga bibiri nkorora kandi natangiye no kunanuka.
"Muraho, umwana wanjye yagagaye kandi arimo guhinda umushyitsi. Abandi bana na bo bafite iki kibazo. Mfasha muganga.",kinyarwanda,CRITICAL,neurological,kinyarwanda->kinyarwanda:CRITICAL:neurological,{REL} yagagaye kandi arimo guhinda umushyitsi.,{REL} yagagaye kandi arimo guhinda umushyitsi.
"Mfasha, umugore wanjye arakomeza kuruka kandi ntashobora kurya kuva ubu gitondo cya kare nta miti imfasha. Ni imiti ki nafata?",kinyarwanda,URGENT,gastrointestinal,kinyarwanda->kinyarwanda:URGENT:gastrointestinal,{REL} arakomeza kuruka kandi ntashobora kurya.,ndakomeza kuruka kandi sinshobora kurya
"Nyabuneka, umwana wanjye araruka amaraso kuva ejo. Byatangiye gitunguranye.",kinyarwanda,CRITICAL,gastrointestinal,kinyarwanda->kinyarwanda:CRITICAL:gastrointestinal,{REL} araruka amaraso.,Ndaruka amaraso.
Iyo maze kurya numva mu nda ntameze neza kuva ubu gitondo cya kare kandi ndahangayitse. Ntegereze cyangwa nsuzumwe ubu?,kinyarwanda,ROUTINE,gastrointestinal,kinyarwanda->kinyarwanda:ROUTINE:gastrointestinal,iyo maze kurya numva mu nda ntameze neza,"Iyo {REL} amaze kurya, yumva inda itameze neza."
"Mfasha, umugore wanjye yagagaye kandi arimo guhinda umushyitsi kuva ijoro ryashize bikarushaho nijoro",kinyarwanda,CRITICAL,neurological,kinyarwanda->kinyarwanda:CRITICAL:neurological,{REL} yagagaye kandi arimo guhinda umushyitsi.,{REL} yagagaye kandi arimo guhinda umushyitsi.
"Muganga, nyuma yo kubyara mfite umuriro kandi hari ibintu bisohoka bifite impumuro mbi nta miti imfasha",kinyarwanda,CRITICAL,obstetric,kinyarwanda->kinyarwanda:CRITICAL:obstetric,Nyuma yo kubyara mfite umuriro kandi hari ibintu bisohoka bifite impumuro mbi.,Nyuma yo kubyara mfite umuriro kandi hari ibintu bisohoka bifite impumuro mbi.
Uruhande rumwe rw'umubiri we ntirukora kuva mu masaha abiri ashize biragenda bikagaruka. Ni imiti ki nafata?,kinyarwanda,CRITICAL,neurological,kinyarwanda->kinyarwanda:CRITICAL:neurological,Uruhande rumwe rw'umubiri we ntirukora.,Uruhande rumwe rw'umubiri we ntirukora.
Nyuma yo kubyara mfite umuriro kandi hari ibintu bisohoka bifite impumuro mbi kuva ejo kandi nta miti mfite. Ndakeneye ubufasha vuba.,kinyarwanda,CRITICAL,obstetric,kinyarwanda->kinyarwanda:CRITICAL:obstetric,Nyuma yo kubyara mfite umuriro kandi hari ibintu bisohoka bifite impumuro mbi.,Nyuma yo kubyara mfite umuriro kandi hari ibintu bisohoka bifite impumuro mbi.
"Ndakeneye ubufasha, ndashaka kujya kwa muganga kwisuzumisha diyabete kuva mu gitondo. Ni imiti ki nafata?",kinyarwanda,ROUTINE,chronic_care,kinyarwanda->kinyarwanda:ROUTINE:chronic_care,Ndashaka kujya kwa muganga kwisuzumisha diyabete.,Ndashaka kujya kwa muganga kwisuzumisha SIDA.
"Ndakeneye ubufasha, umukecuru afite ibimenyetso bya malariya, umuriro n'imbeho kuva ejo biragenda bikagaruka",kinyarwanda,URGENT,infectious_fever,kinyarwanda->kinyarwanda:URGENT:infectious_fever,"{REL} afite ibimenyetso bya malariya, umuriro n'imbeho.","Mfite ibimenyetso bya malariya, umuriro n'imbeho."
"Nzanye umwana wanjye, umugabo wanjye araruka ibyo arya byose kandi ntashobora no kunywa kuva ijoro ryashize. Mfasha muganga.",kinyarwanda,CRITICAL,gastrointestinal,kinyarwanda->kinyarwanda:CRITICAL:gastrointestinal,{REL} araruka ibyo arya byose kandi ntashobora no kunywa.,Ndaruka ibyo ndya byose kandi sinshobora no kunywa.
"Iyo umwana wanjye amaze kurya, yumva inda itameze neza kuva hashize iminsi ibiri kandi birushaho kuba bibi. Urakoze.",kinyarwanda,ROUTINE,gastrointestinal,kinyarwanda->kinyarwanda:ROUTINE:gastrointestinal,"Iyo {REL} amaze kurya, yumva inda itameze neza.","Iyo {REL} amaze kurya, yumva inda itameze neza."
"Mfasha, mama afite impiswi zikomeye kandi yagize umwuma kuva hashize iminsi itatu. Ndakeneye ubufasha vuba.",kinyarwanda,CRITICAL,gastrointestinal,kinyarwanda->kinyarwanda:CRITICAL:gastrointestinal,{REL} afite impiswi zikomeye kandi yagize umwuma.,{REL} afite impiswi zikomeye kandi yagize umwuma.
"Ndakeneye ubufasha, mfite umuhaha kuva hashize icyumweru kandi ndahangayitse. Urakoze.",kinyarwanda,URGENT,paediatric,kinyarwanda->kinyarwanda:URGENT:paediatric,Mfite umuhaha.,Mfite umuhaha.
"Mumbabarire, ndashaka kubabwira ikibazo mfite. Mushiki wanjye araruka amaraso kuva hashize icyumweru. Abandi bana na bo bafite iki kibazo. Naje mvuye kure.",kinyarwanda,CRITICAL,gastrointestinal,kinyarwanda->kinyarwanda:CRITICAL:gastrointestinal,{REL} araruka amaraso.,Ndaruka amaraso.
"Muganga, ndatwite kandi mfite umuriro kuva ubu gitondo cya kare. Abandi bana na bo bafite iki kibazo. Ndakeneye ubufasha vuba.",kinyarwanda,URGENT,obstetric,kinyarwanda->kinyarwanda:URGENT:obstetric,Ndatwite kandi mfite umuriro.,Ndatwite kandi mfite umuriro.
"Naje hano mbere, umwana wanjye afite ububabare bukabije mu nda kuva hashize iminsi ibiri. Byatangiye gitunguranye. Ese ibi birakomeye?",kinyarwanda,URGENT,gastrointestinal,kinyarwanda->kinyarwanda:URGENT:gastrointestinal,{REL} afite ububabare bukabije mu nda.,Mfite ububabare bukabije mu nda.
"Naje hano mbere, umuturanyi wanjye amaze umunsi wose ari mu bubabare bwo kubyara ariko umwana ntarasohoka kuva mu cyumweru gishize. Abandi bana na bo bafite iki kibazo. Ntabasha kubona amafaranga yo kongera kuza kwa muganga.",kinyarwanda,CRITICAL,obstetric,kinyarwanda->kinyarwanda:CRITICAL:obstetric,{REL} amaze umunsi wose ari mu bubabare bwo kubyara ariko umwana ntarasohoka.,Maze umunsi wose mbabara ngerageza kubyara ariko umwana ntarasohoka.
"Muraho, papa iminwa ye yahindutse ubururu kuva mu cyumweru gishize bikarushaho nijoro. Ese ibi birakomeye?",kinyarwanda,CRITICAL,cardiac_respiratory,kinyarwanda->kinyarwanda:CRITICAL:cardiac_respiratory,{REL} iminwa ye yahindutse ubururu.,Iminwa yanjye yahindutse ubururu.
"Mumbabarire, ndashaka kubabwira ikibazo mfite. Umwana wanjye ahumeka bimugora cyane ku buryo adashobora no kuvuga neza kuva ubu gitondo cya kare. Abandi bana na bo bafite iki kibazo. Ndakeneye ubufasha vuba.",kinyarwanda,CRITICAL,cardiac_respiratory,kinyarwanda->kinyarwanda:CRITICAL:cardiac_respiratory,{REL} ahumeka bimugora cyane ku buryo adashobora no kuvuga neza.,Guhumeka birangora cyane ku buryo ntabasha no kuvuga neza.
Umugabo wanjye nta miti ya SIDA afite kuva hashize icyumweru. Murakoze.,kinyarwanda,URGENT,chronic_care,kinyarwanda->kinyarwanda:URGENT:chronic_care,{REL} nta miti ya SIDA afite.,Nta miti ya SIDA mfite.
"Simbizi niba bikomeye ariko, umugore wanjye amaze iminsi itatu arwaye impiswi zikomeye. Abandi bana na bo bafite iki kibazo. Ese ibi birakomeye?",kinyarwanda,URGENT,gastrointestinal,kinyarwanda->kinyarwanda:URGENT:gastrointestinal,{REL} amaze iminsi itatu arwaye impiswi zikomeye.,maze iminsi itatu ndwaye impiswi zikomeye
"Muraho, papa arababara cyane mu gituza kandi ububabare bukagera no ku kuboko kuva ijoro ryashize nta miti imfasha. Ntabasha kubona amafaranga yo kongera kuza kwa muganga.",kinyarwanda,CRITICAL,cardiac_respiratory,kinyarwanda->kinyarwanda:CRITICAL:cardiac_respiratory,{REL} arababara cyane mu gituza kandi ububabare bukagera no ku kuboko.,mu gituza harandya cyane kandi ububabare bukagera no ku kuboko
"Mfasha, umugore wanjye arababara cyane mu gituza kandi ububabare bukagera no ku kuboko kuva mu cyumweru gishize. Nkora iki?",kinyarwanda,CRITICAL,cardiac_respiratory,kinyarwanda->kinyarwanda:CRITICAL:cardiac_respiratory,{REL} arababara cyane mu gituza kandi ububabare bukagera no ku kuboko.,mu gituza harandya cyane kandi ububabare bukagera no ku kuboko
"Nzanye umwana wanjye, nta miti y'igituntu mfite kuva ijoro ryashize kandi birushaho kuba bibi. Nkora iki?",kinyarwanda,URGENT,chronic_care,kinyarwanda->kinyarwanda:URGENT:chronic_care,Nta miti y'igituntu mfite.,Nta miti y'igituntu mfite.
"Mfasha, mushiki wanjye isukari yo mu maraso ye yazamutse cyane bikarushaho nijoro",kinyarwanda,URGENT,chronic_care,kinyarwanda->kinyarwanda:URGENT:chronic_care,{REL} isukari yo mu maraso ye yazamutse cyane.,isukari yo mu maraso yanjye yazamutse cyane
"Ndakeneye ubufasha, maze ibyumweru birenga bibiri nkorora kandi natangiye no kunanuka kuva hashize iminsi ibiri nta miti imfasha. Naje mvuye kure.",kinyarwanda,URGENT,cardiac_respiratory,kinyarwanda->kinyarwanda:URGENT:cardiac_respiratory,Maze ibyumweru birenga bibiri nkorora kandi natangiye no kunanuka.,Maze ibyumweru birenga bibiri nkorora kandi natangiye no kunanuka.
"Simbizi niba bikomeye ariko, maze umunsi wose mbabara ngerageza kubyara ariko umwana ntarasohoka kuva mu cyumweru gishize biragenda bikagaruka. Ndakeneye ubufasha vuba.",kinyarwanda,CRITICAL,obstetric,kinyarwanda->kinyarwanda:CRITICAL:obstetric,Maze umunsi wose mbabara ngerageza kubyara ariko umwana ntarasohoka.,Maze umunsi wose mbabara ngerageza kubyara ariko umwana ntarasohoka.
"Mfasha, ndava amaraso menshi nyuma yo kubyara kuva ijoro ryashize bikarushaho nijoro. Nkora iki?",kinyarwanda,CRITICAL,obstetric,kinyarwanda->kinyarwanda:CRITICAL:obstetric,ndava amaraso menshi nyuma yo kubyara,ndava amaraso menshi nyuma yo kubyara
"Mfasha vuba, mushiki wanjye ntashobora kuvuga neza kandi umunwa we waragoramye kuva ejo kandi nta miti mfite. Ntegereze cyangwa nsuzumwe ubu?",kinyarwanda,CRITICAL,neurological,kinyarwanda->kinyarwanda:CRITICAL:neurological,{REL} ntashobora kuvuga neza kandi umunwa we waragoramye.,{REL} ntashobora kuvuga neza kandi umunwa we waragoramye.
"Mfasha, mama arava amaraso menshi nyuma yo kubyara kandi sinshobora gusinzira. Naje mvuye kure.",kinyarwanda,CRITICAL,obstetric,kinyarwanda->kinyarwanda:CRITICAL:obstetric,{REL} arava amaraso menshi nyuma yo kubyara.,ndava amaraso menshi nyuma yo kubyara
"Nzanye umwana wanjye, mfite umuhaha kuva hashize icyumweru kandi ndahangayitse. Naje mvuye kure.",kinyarwanda,URGENT,paediatric,kinyarwanda->kinyarwanda:URGENT:paediatric,Mfite umuhaha.,Mfite umuhaha.
Umugore wanjye aratwite kandi afite umuriro kuva ijoro ryashize. Abandi bana na bo bafite iki kibazo. Nkora iki?,kinyarwanda,URGENT,obstetric,kinyarwanda->kinyarwanda:URGENT:obstetric,{REL} aratwite kandi afite umuriro.,Ndatwite kandi mfite umuriro.
"Muraho, mfite igikomere ku mutwe nyuma yo kugwa kuva mu cyumweru gishize biragenda bikagaruka",kinyarwanda,CRITICAL,haemorrhage_trauma,kinyarwanda->kinyarwanda:CRITICAL:haemorrhage_trauma,mfite igikomere ku mutwe nyuma yo kugwa,mfite igikomere ku mutwe nyuma yo kugwa
"Mfasha, umukecuru afite umuriro mwinshi kandi yaragagaye kuva mu cyumweru gishize kandi nta miti mfite. Naje mvuye kure.",kinyarwanda,CRITICAL,infectious_fever,kinyarwanda->kinyarwanda:CRITICAL:infectious_fever,{REL} afite umuriro mwinshi kandi yaragagaye.,Mfite umuriro mwinshi kandi nagagaye.
"Simbizi niba bikomeye ariko, umukecuru ari kuva amaraso menshi kandi ntahagarara kuva hashize iminsi itatu kandi ndahangayitse. Nkora iki?",kinyarwanda,CRITICAL,haemorrhage_trauma,kinyarwanda->kinyarwanda:CRITICAL:haemorrhage_trauma,{REL} ari kuva amaraso menshi kandi ntahagarara.,ndi kuva amaraso menshi kandi ntahagarara
"Ndakeneye ubufasha, amazi yamenetse ariko igihe cyo kubyara ntikiragera kuva hashize icyumweru biragenda bikagaruka",kinyarwanda,URGENT,obstetric,kinyarwanda->kinyarwanda:URGENT:obstetric,Amazi yamenetse ariko igihe cyo kubyara ntikiragera.,Amazi yamenetse ariko igihe cyo kubyara ntikiragera.
"Ndakeneye ubufasha, umugore wanjye arava amaraso menshi nyuma yo kubyara kuva ejo kandi birushaho kuba bibi. Naje mvuye kure.",kinyarwanda,CRITICAL,obstetric,kinyarwanda->kinyarwanda:CRITICAL:obstetric,{REL} arava amaraso menshi nyuma yo kubyara.,ndava amaraso menshi nyuma yo kubyara
"Naje hano mbere, papa iminwa ye yahindutse ubururu kuva ijoro ryashize. Byatangiye gitunguranye. Mfasha muganga.",kinyarwanda,CRITICAL,cardiac_respiratory,kinyarwanda->kinyarwanda:CRITICAL:cardiac_respiratory,{REL} iminwa ye yahindutse ubururu.,Iminwa yanjye yahindutse ubururu.
Umugabo wanjye araruka amaraso kuva hashize iminsi ibiri. Abandi bana na bo bafite iki kibazo. Ni imiti ki nafata?,kinyarwanda,CRITICAL,gastrointestinal,kinyarwanda->kinyarwanda:CRITICAL:gastrointestinal,{REL} araruka amaraso.,Ndaruka amaraso.
"Simbizi niba bikomeye ariko, mu gituza harandya cyane kandi ububabare bukagera no ku kuboko kuva ejo. Byatangiye gitunguranye. Ntegereze cyangwa nsuzumwe ubu?",kinyarwanda,CRITICAL,cardiac_respiratory,kinyarwanda->kinyarwanda:CRITICAL:cardiac_respiratory,mu gituza harandya cyane kandi ububabare bukagera no ku kuboko,mu gituza harandya cyane kandi ububabare bukagera no ku kuboko
"Muraho, umwana wanjye afite umuriro woroheje umaze umunsi umwe, ariko nta kindi kibazo afite kuva hashize icyumweru. Murakoze.",kinyarwanda,ROUTINE,infectious_fever,kinyarwanda->kinyarwanda:ROUTINE:infectious_fever,"{REL} afite umuriro woroheje umaze umunsi umwe, ariko nta kindi kibazo afite.","mfite umuriro woroheje umaze umunsi umwe, ariko nta kindi kibazo mfite"
"Ndakeneye ubufasha, umwana wanjye afite umuriro mwinshi kandi ntarya kuva mu gitondo",kinyarwanda,URGENT,paediatric,kinyarwanda->kinyarwanda:URGENT:paediatric,{REL} afite umuriro mwinshi kandi ntarya.,{REL} afite umuriro mwinshi kandi ntarya.
Umugore wanjye ashaka ko bapima ibiro by'umwana we kuva mu gitondo kandi sinshobora gusinzira. Naje mvuye kure.,kinyarwanda,ROUTINE,paediatric,kinyarwanda->kinyarwanda:ROUTINE:paediatric,{REL} ashaka ko bapima ibiro by'umwana we.,Ndashaka ko bapima ibiro by'umwana wanjye.
"Ndakeneye ubufasha, ndatwite, umutwe urandya cyane kandi sinshobora kureba neza kuva hashize icyumweru. Nkora iki?",kinyarwanda,CRITICAL,obstetric,kinyarwanda->kinyarwanda:CRITICAL:obstetric,"Ndatwite, umutwe urandya cyane kandi sinshobora kureba neza.","Ndatwite, umutwe urandya cyane kandi sinshobora kureba neza."
"Nzanye umwana wanjye, umukecuru afite impiswi zirimo amaraso. Byatangiye gitunguranye. Ntegereze cyangwa nsuzumwe ubu?",kinyarwanda,URGENT,gastrointestinal,kinyarwanda->kinyarwanda:URGENT:gastrointestinal,{REL} afite impiswi zirimo amaraso.,Mfite impiswi zirimo amaraso.
Umwana wanjye ahumeka bimugora cyane kandi iminwa ye yahindutse ibara nta miti imfasha. Ese ibi birakomeye?,kinyarwanda,CRITICAL,cardiac_respiratory,kinyarwanda->kinyarwanda:CRITICAL:cardiac_respiratory,{REL} ahumeka bimugora cyane kandi iminwa ye yahindutse ibara.,guhumeka birangora cyane kandi iminwa yanjye yahindutse ibara
"Simbizi niba bikomeye ariko, umugabo wanjye ashaka kugirwa inama ku mazi yo kunywa kuva hashize iminsi itatu kandi nta miti mfite. Naje mvuye kure.",kinyarwanda,ROUTINE,preventive,kinyarwanda->kinyarwanda:ROUTINE:preventive,{REL} ashaka kugirwa inama ku mazi yo kunywa.,Ndashaka kugirwa inama ku mazi yo kunywa.
"Naje hano mbere, ndashaka imiti y'inzoka y'umwana wanjye kuva ejo nta miti imfasha. Ntabasha kubona amafaranga yo kongera kuza kwa muganga.",kinyarwanda,ROUTINE,preventive,kinyarwanda->kinyarwanda:ROUTINE:preventive,Ndashaka imiti y'inzoka y'umwana wanjye.,Ndashaka imiti y'inzoka y'umwana wanjye.
"Nyabuneka, mushiki wanjye ashaka kugirwa inama ku mazi yo kunywa kuva hashize iminsi ibiri bikarushaho nijoro. Naje mvuye kure.",kinyarwanda,ROUTINE,preventive,kinyarwanda->kinyarwanda:ROUTINE:preventive,{REL} ashaka kugirwa inama ku mazi yo kunywa.,Ndashaka kugirwa inama ku mazi yo kunywa.
"Naje hano mbere, ndashaka imiti y'inzoka y'umwana wanjye kuva hashize iminsi ibiri. Urakoze.",kinyarwanda,ROUTINE,preventive,kinyarwanda->kinyarwanda:ROUTINE:preventive,Ndashaka imiti y'inzoka y'umwana wanjye.,Ndashaka imiti y'inzoka y'umwana wanjye.
"Nzanye umwana wanjye, umugore wanjye araruka ibyo arya byose kandi ntashobora no kunywa kuva ubu gitondo cya kare kandi sinshobora gusinzira. Naje mvuye kure.",kinyarwanda,CRITICAL,gastrointestinal,kinyarwanda->kinyarwanda:CRITICAL:gastrointestinal,{REL} araruka ibyo arya byose kandi ntashobora no kunywa.,Ndaruka ibyo ndya byose kandi sinshobora no kunywa.
"Ndashaka kukubwira ikibazo mfite. Umwana wanjye afite umuriro woroheje umaze umunsi umwe, ariko nta kindi kibazo afite kuva ejo. Byatangiye gitunguranye.",kinyarwanda,ROUTINE,infectious_fever,kinyarwanda->kinyarwanda:ROUTINE:infectious_fever,"{REL} afite umuriro woroheje umaze umunsi umwe, ariko nta kindi kibazo afite.","mfite umuriro woroheje umaze umunsi umwe, ariko nta kindi kibazo mfite"
Mu rugo hari umuntu urwaye igituntu kandi ndashaka kwisuzumisha kuva mu masaha abiri ashize biragenda bikagaruka. Ntabasha kubona amafaranga yo kongera kuza kwa muganga.,kinyarwanda,URGENT,preventive,kinyarwanda->kinyarwanda:URGENT:preventive,Mu rugo hari umuntu urwaye igituntu kandi ndashaka kwisuzumisha.,Mu rugo hari umuntu urwaye igituntu kandi ndashaka kwisuzumisha.
"Mfasha, papa yataye ubwenge kandi ntasubiza kuva hashize icyumweru bikarushaho nijoro. Ese ibi birakomeye?",kinyarwanda,CRITICAL,neurological,kinyarwanda->kinyarwanda:CRITICAL:neurological,{REL} yataye ubwenge kandi ntasubiza.,{REL} yataye ubwenge kandi ntasubiza.
"Muganga, umwana wanjye afite umuhaha kuva mu gitondo biragenda bikagaruka. Ni imiti ki nafata?",kinyarwanda,URGENT,paediatric,kinyarwanda->kinyarwanda:URGENT:paediatric,{REL} afite umuhaha.,Mfite umuhaha.
"Mfasha, mama arakomeza kuruka kandi ntashobora kurya kuva ijoro ryashize bikarushaho nijoro. Urakoze.",kinyarwanda,URGENT,gastrointestinal,kinyarwanda->kinyarwanda:URGENT:gastrointestinal,{REL} arakomeza kuruka kandi ntashobora kurya.,ndakomeza kuruka kandi sinshobora kurya
"Mfasha, mfite gahunda yo kwisuzumisha buri mwaka kuva hashize iminsi itatu kandi sinshobora gusinzira. Murakoze.",kinyarwanda,ROUTINE,preventive,kinyarwanda->kinyarwanda:ROUTINE:preventive,Mfite gahunda yo kwisuzumisha buri mwaka.,Mfite gahunda yo kwisuzumisha buri mwaka.
"Muganga, ndabyara ariko habanje gusohoka umugozi w'umwana kuva hashize icyumweru kandi sinshobora gusinzira. Ese ibi birakomeye?",kinyarwanda,CRITICAL,obstetric,kinyarwanda->kinyarwanda:CRITICAL:obstetric,Ndabyara ariko habanje gusohoka umugozi w'umwana.,Ndabyara ariko habanje gusohoka umugozi w'umwana.
Ndashaka kukubwira ikibazo mfite. Ndaruka cyane kandi numva mfite intege nke kuva ijoro ryashize kandi ndahangayitse. Ni imiti ki nafata?,kinyarwanda,URGENT,gastrointestinal,kinyarwanda->kinyarwanda:URGENT:gastrointestinal,ndaruka cyane kandi numva mfite intege nke,ndaruka cyane kandi numva mfite intege nke
"Mumbabarire, ndashaka kubabwira ikibazo mfite. Mama ari kuva amaraso menshi kandi ntahagarara kuva hashize iminsi ibiri. Abandi bana na bo bafite iki kibazo.",kinyarwanda,CRITICAL,haemorrhage_trauma,kinyarwanda->kinyarwanda:CRITICAL:haemorrhage_trauma,{REL} ari kuva amaraso menshi kandi ntahagarara.,ndi kuva amaraso menshi kandi ntahagarara
"Mfasha vuba, nyuma yo kubyara, mama afite umuriro kandi hari ibintu bisohoka bifite impumuro mbi kuva mu cyumweru gishize biragenda bikagaruka. Nkora iki?",kinyarwanda,CRITICAL,obstetric,kinyarwanda->kinyarwanda:CRITICAL:obstetric,"Nyuma yo kubyara, {REL} afite umuriro kandi hari ibintu bisohoka bifite impumuro mbi.",Nyuma yo kubyara mfite umuriro kandi hari ibintu bisohoka bifite impumuro mbi.
"Nzanye umwana wanjye, ndatwite kandi nagagaye kuva ejo nta miti imfasha. Ndakeneye ubufasha vuba.",kinyarwanda,CRITICAL,obstetric,kinyarwanda->kinyarwanda:CRITICAL:obstetric,Ndatwite kandi nagagaye.,Ndatwite kandi nagagaye.
"Muraho, uruhande rumwe rw'umubiri we ntirukora kuva hashize iminsi itatu. Ntabasha kubona amafaranga yo kongera kuza kwa muganga.",kinyarwanda,CRITICAL,neurological,kinyarwanda->kinyarwanda:CRITICAL:neurological,Uruhande rumwe rw'umubiri we ntirukora.,Uruhande rumwe rw'umubiri we ntirukora.
"Mfasha vuba, mama afite igikomere cyanduye, kiratukura kandi kirimo amashyira kuva mu gitondo bikarushaho nijoro. Ntabasha kubona amafaranga yo kongera kuza kwa muganga.",kinyarwanda,URGENT,haemorrhage_trauma,kinyarwanda->kinyarwanda:URGENT:haemorrhage_trauma,"{REL} afite igikomere cyanduye, kiratukura kandi kirimo amashyira.","mfite igikomere cyanduye, kiratukura kandi kirimo amashyira"
"Muganga, ndashaka imiti y'inzoka y'umwana wanjye kuva hashize icyumweru biragenda bikagaruka. Nkora iki?",kinyarwanda,ROUTINE,preventive,kinyarwanda->kinyarwanda:ROUTINE:preventive,Ndashaka imiti y'inzoka y'umwana wanjye.,Ndashaka imiti y'inzoka y'umwana wanjye.
"Nyabuneka, maze ibyumweru birenga bibiri nkorora kandi natangiye no kunanuka kuva hashize iminsi ibiri. Ese ibi birakomeye?",kinyarwanda,URGENT,cardiac_respiratory,kinyarwanda->kinyarwanda:URGENT:cardiac_respiratory,Maze ibyumweru birenga bibiri nkorora kandi natangiye no kunanuka.,Maze ibyumweru birenga bibiri nkorora kandi natangiye no kunanuka.
"Muganga, papa amaze iminsi itatu arwaye impiswi zikomeye kuva hashize iminsi ibiri biragenda bikagaruka. Ndakeneye ubufasha vuba.",kinyarwanda,URGENT,gastrointestinal,kinyarwanda->kinyarwanda:URGENT:gastrointestinal,{REL} amaze iminsi itatu arwaye impiswi zikomeye.,maze iminsi itatu ndwaye impiswi zikomeye
"Muganga, mushiki wanjye ari kuva amaraso menshi kandi ntahagarara kuva ejo. Ni imiti ki nafata?",kinyarwanda,CRITICAL,haemorrhage_trauma,kinyarwanda->kinyarwanda:CRITICAL:haemorrhage_trauma,{REL} ari kuva amaraso menshi kandi ntahagarara.,ndi kuva amaraso menshi kandi ntahagarara
Umuturanyi wanjye afite umuriro mwinshi kandi yaragagaye kuva mu gitondo bikarushaho nijoro. Ntabasha kubona amafaranga yo kongera kuza kwa muganga.,kinyarwanda,CRITICAL,infectious_fever,kinyarwanda->kinyarwanda:CRITICAL:infectious_fever,{REL} afite umuriro mwinshi kandi yaragagaye.,Mfite umuriro mwinshi kandi nagagaye.
Ndashaka kukubwira ikibazo mfite. Mu gituza harandya cyane kandi ububabare bukagera no ku kuboko kuva ubu gitondo cya kare kandi ndahangayitse. Nkora iki?,kinyarwanda,CRITICAL,cardiac_respiratory,kinyarwanda->kinyarwanda:CRITICAL:cardiac_respiratory,mu gituza harandya cyane kandi ububabare bukagera no ku kuboko,mu gituza harandya cyane kandi ububabare bukagera no ku kuboko
Umwana wanjye afite igikomere gito kandi amaraso yarahagaze kuva ubu gitondo cya kare. Urakoze.,kinyarwanda,ROUTINE,haemorrhage_trauma,kinyarwanda->kinyarwanda:ROUTINE:haemorrhage_trauma,{REL} afite igikomere gito kandi amaraso yarahagaze.,Mfite igikomere gito kandi amaraso yarahagaze.
"Simbizi niba bikomeye ariko, mushiki wanjye ari kuva amaraso menshi kandi ntahagarara kuva hashize iminsi itatu kandi ndahangayitse",kinyarwanda,CRITICAL,haemorrhage_trauma,kinyarwanda->kinyarwanda:CRITICAL:haemorrhage_trauma,{REL} ari kuva amaraso menshi kandi ntahagarara.,ndi kuva amaraso menshi kandi ntahagarara
"Nyabuneka, mfite umwanda usa umukara kuva mu masaha abiri ashize kandi ndahangayitse. Ese ibi birakomeye?",kinyarwanda,CRITICAL,gastrointestinal,kinyarwanda->kinyarwanda:CRITICAL:gastrointestinal,Mfite umwanda usa umukara.,Mfite umwanda usa umukara.
Ndashaka kukubwira ikibazo mfite. Ndumva naniwe ariko si cyane kuva ejo kandi sinshobora gusinzira. Nkora iki?,kinyarwanda,ROUTINE,neurological,kinyarwanda->kinyarwanda:ROUTINE:neurological,ndumva naniwe ariko si cyane,ndumva naniwe ariko si cyane
Ndabyara ariko habanje gusohoka umugozi w'umwana kuva ijoro ryashize kandi sinshobora gusinzira. Ntegereze cyangwa nsuzumwe ubu?,kinyarwanda,CRITICAL,obstetric,kinyarwanda->kinyarwanda:CRITICAL:obstetric,Ndabyara ariko habanje gusohoka umugozi w'umwana.,Ndabyara ariko habanje gusohoka umugozi w'umwana.
"Mumbabarire, ndashaka kubabwira ikibazo mfite. Mushiki wanjye arakomeza kuruka kandi ntashobora kurya kuva ejo kandi ndahangayitse",kinyarwanda,URGENT,gastrointestinal,kinyarwanda->kinyarwanda:URGENT:gastrointestinal,{REL} arakomeza kuruka kandi ntashobora kurya.,ndakomeza kuruka kandi sinshobora kurya
"Nzanye umwana wanjye, umutima uratera cyane kandi nkumva umeze nk'aho uhagarara kuva hashize icyumweru kandi sinshobora gusinzira. Mfasha muganga.",kinyarwanda,CRITICAL,cardiac_respiratory,kinyarwanda->kinyarwanda:CRITICAL:cardiac_respiratory,umutima uratera cyane kandi nkumva umeze nk'aho uhagarara,umutima uratera cyane kandi nkumva umeze nk'aho uhagarara
"Naje hano mbere, mfite igikomere ku mutwe nyuma yo kugwa kuva hashize iminsi itatu kandi ndahangayitse. Naje mvuye kure.",kinyarwanda,CRITICAL,haemorrhage_trauma,kinyarwanda->kinyarwanda:CRITICAL:haemorrhage_trauma,mfite igikomere ku mutwe nyuma yo kugwa,mfite igikomere ku mutwe nyuma yo kugwa
"Simbizi niba bikomeye ariko, mfite igikomere ku mutwe nyuma yo kugwa nta miti imfasha",kinyarwanda,CRITICAL,haemorrhage_trauma,kinyarwanda->kinyarwanda:CRITICAL:haemorrhage_trauma,mfite igikomere ku mutwe nyuma yo kugwa,mfite igikomere ku mutwe nyuma yo kugwa
"Simbizi niba bikomeye ariko, ndashaka imiti y'inzoka y'umwana wanjye kuva ubu gitondo cya kare. Abandi bana na bo bafite iki kibazo. Ntegereze cyangwa nsuzumwe ubu?",kinyarwanda,ROUTINE,preventive,kinyarwanda->kinyarwanda:ROUTINE:preventive,Ndashaka imiti y'inzoka y'umwana wanjye.,Ndashaka imiti y'inzoka y'umwana wanjye.
Umugabo wanjye araruka amaraso kuva hashize iminsi ibiri. Abandi bana na bo bafite iki kibazo. Nkora iki?,kinyarwanda,CRITICAL,gastrointestinal,kinyarwanda->kinyarwanda:CRITICAL:gastrointestinal,{REL} araruka amaraso.,Ndaruka amaraso.
"Mumbabarire, ndashaka kubabwira ikibazo mfite. Ndashaka kujya kwa muganga kwisuzumisha diyabete kuva hashize iminsi itatu. Abandi bana na bo bafite iki kibazo. Ni imiti ki nafata?",kinyarwanda,ROUTINE,chronic_care,kinyarwanda->kinyarwanda:ROUTINE:chronic_care,Ndashaka kujya kwa muganga kwisuzumisha diyabete.,Ndashaka kujya kwa muganga kwisuzumisha SIDA.
"Nzanye umwana wanjye, guhumeka birangora cyane ku buryo ntabasha no kuvuga neza kuva mu masaha abiri ashize bikarushaho nijoro. Naje mvuye kure.",kinyarwanda,CRITICAL,cardiac_respiratory,kinyarwanda->kinyarwanda:CRITICAL:cardiac_respiratory,Guhumeka birangora cyane ku buryo ntabasha no kuvuga neza.,Guhumeka birangora cyane ku buryo ntabasha no kuvuga neza.
"Naje hano mbere, mfite igikomere ku mutwe nyuma yo kugwa kuva ubu gitondo cya kare biragenda bikagaruka. Ni imiti ki nafata?",kinyarwanda,CRITICAL,haemorrhage_trauma,kinyarwanda->kinyarwanda:CRITICAL:haemorrhage_trauma,mfite igikomere ku mutwe nyuma yo kugwa,mfite igikomere ku mutwe nyuma yo kugwa
"Simbizi niba bikomeye ariko, ndatwite, umutwe urandya cyane kandi sinshobora kureba neza kandi ndahangayitse. Ntabasha kubona amafaranga yo kongera kuza kwa muganga.",kinyarwanda,CRITICAL,obstetric,kinyarwanda->kinyarwanda:CRITICAL:obstetric,"Ndatwite, umutwe urandya cyane kandi sinshobora kureba neza.","Ndatwite, umutwe urandya cyane kandi sinshobora kureba neza."
"Mumbabarire, ndashaka kubabwira ikibazo mfite. Mama yabyimbye ibirenge kandi ntashobora guhumeka neza iyo aragaramye kuva ijoro ryashize bikarushaho nijoro. Murakoze.",kinyarwanda,URGENT,chronic_care,kinyarwanda->kinyarwanda:URGENT:chronic_care,{REL} yabyimbye ibirenge kandi ntashobora guhumeka neza iyo aragaramye.,Nabyimbye ibirenge kandi sinshobora guhumeka neza iyo ndagaramye.
"Nyabuneka, umugore wanjye yagagaye kandi arimo guhinda umushyitsi kuva hashize iminsi itatu. Byatangiye gitunguranye.",kinyarwanda,CRITICAL,neurological,kinyarwanda->kinyarwanda:CRITICAL:neurological,{REL} yagagaye kandi arimo guhinda umushyitsi.,{REL} yagagaye kandi arimo guhinda umushyitsi.
"Muraho, umwana wanjye afite umuriro mwinshi kandi yaragagaye kuva hashize iminsi ibiri kandi birushaho kuba bibi. Nkora iki?",kinyarwanda,CRITICAL,infectious_fever,kinyarwanda->kinyarwanda:CRITICAL:infectious_fever,{REL} afite umuriro mwinshi kandi yaragagaye.,Mfite umuriro mwinshi kandi nagagaye.
"Ndakeneye ubufasha, ndatwite kandi nagagaye kuva hashize icyumweru nta miti imfasha. Naje mvuye kure.",kinyarwanda,CRITICAL,obstetric,kinyarwanda->kinyarwanda:CRITICAL:obstetric,Ndatwite kandi nagagaye.,Ndatwite kandi nagagaye.
"Ndakeneye ubufasha, ndatwite kandi nagagaye kuva hashize icyumweru bikarushaho nijoro. Ni imiti ki nafata?",kinyarwanda,CRITICAL,obstetric,kinyarwanda->kinyarwanda:CRITICAL:obstetric,Ndatwite kandi nagagaye.,Ndatwite kandi nagagaye.
"Mfasha vuba, mfite umuhaha kuva hashize icyumweru kandi sinshobora gusinzira. Mfasha muganga.",kinyarwanda,URGENT,paediatric,kinyarwanda->kinyarwanda:URGENT:paediatric,Mfite umuhaha.,Mfite umuhaha.
"Nzanye umwana wanjye, umukecuru yataye ubwenge kandi ntasubiza kuva hashize iminsi ibiri nta miti imfasha. Mfasha muganga.",kinyarwanda,CRITICAL,neurological,kinyarwanda->kinyarwanda:CRITICAL:neurological,{REL} yataye ubwenge kandi ntasubiza.,{REL} yataye ubwenge kandi ntasubiza.
"Mfasha, mfite gahunda yo kwisuzumisha buri mwaka kuva mu cyumweru gishize kandi sinshobora gusinzira. Murakoze.",kinyarwanda,ROUTINE,preventive,kinyarwanda->kinyarwanda:ROUTINE:preventive,Mfite gahunda yo kwisuzumisha buri mwaka.,Mfite gahunda yo kwisuzumisha buri mwaka.
Ndashaka kukubwira ikibazo mfite. Mu rugo hari umuntu urwaye igituntu kandi ndashaka kwisuzumisha kuva hashize iminsi itatu. Byatangiye gitunguranye. Ni imiti ki nafata?,kinyarwanda,URGENT,preventive,kinyarwanda->kinyarwanda:URGENT:preventive,Mu rugo hari umuntu urwaye igituntu kandi ndashaka kwisuzumisha.,Mu rugo hari umuntu urwaye igituntu kandi ndashaka kwisuzumisha.
"Naje hano mbere, mama afite impiswi zirimo amaraso kandi ndahangayitse. Ntegereze cyangwa nsuzumwe ubu?",kinyarwanda,URGENT,gastrointestinal,kinyarwanda->kinyarwanda:URGENT:gastrointestinal,{REL} afite impiswi zirimo amaraso.,Mfite impiswi zirimo amaraso.
Ndashaka kukubwira ikibazo mfite. Mushiki wanjye afite ububabare bukabije mu nda kuva hashize icyumweru. Ni imiti ki nafata?,kinyarwanda,URGENT,gastrointestinal,kinyarwanda->kinyarwanda:URGENT:gastrointestinal,{REL} afite ububabare bukabije mu nda.,Mfite ububabare bukabije mu nda.
Guhumeka birangora cyane ku buryo ntabasha no kuvuga neza kuva ijoro ryashize kandi ndahangayitse. Ndakeneye ubufasha vuba.,kinyarwanda,CRITICAL,cardiac_respiratory,kinyarwanda->kinyarwanda:CRITICAL:cardiac_respiratory,Guhumeka birangora cyane ku buryo ntabasha no kuvuga neza.,Guhumeka birangora cyane ku buryo ntabasha no kuvuga neza.
"Mfasha vuba, mama nta miti y'igituntu afite kuva mu cyumweru gishize. Ndakeneye ubufasha vuba.",kinyarwanda,URGENT,chronic_care,kinyarwanda->kinyarwanda:URGENT:chronic_care,{REL} nta miti y'igituntu afite.,Nta miti y'igituntu mfite.
"Ndakeneye ubufasha, papa arumva igituza kimuremereye cyane kandi ububabare bukagera no ku rwasaya cyangwa ku kuboko kuva hashize iminsi ibiri kandi nta miti mfite. Ni imiti ki nafata?",kinyarwanda,CRITICAL,cardiac_respiratory,kinyarwanda->kinyarwanda:CRITICAL:cardiac_respiratory,{REL} arumva igituza kimuremereye cyane kandi ububabare bukagera no ku rwasaya cyangwa ku kuboko.,{REL} arumva igituza kimuremereye cyane kandi ububabare bukagera no ku rwasaya cyangwa ku kuboko.
Ndashaka kukubwira ikibazo mfite. Mushiki wanjye ahumeka bimugora cyane kandi iminwa ye yahindutse ibara kuva ijoro ryashize kandi ndahangayitse. Ese ibi birakomeye?,kinyarwanda,CRITICAL,cardiac_respiratory,kinyarwanda->kinyarwanda:CRITICAL:cardiac_respiratory,{REL} ahumeka bimugora cyane kandi iminwa ye yahindutse ibara.,guhumeka birangora cyane kandi iminwa yanjye yahindutse ibara
Ndashaka kukubwira ikibazo mfite. Mushiki wanjye ashaka ko bapima ibiro by'umwana we kuva ejo bikarushaho nijoro. Murakoze.,kinyarwanda,ROUTINE,paediatric,kinyarwanda->kinyarwanda:ROUTINE:paediatric,{REL} ashaka ko bapima ibiro by'umwana we.,Ndashaka ko bapima ibiro by'umwana wanjye.
"Mfasha, papa amaze ibyumweru birenga bibiri akorora kandi yatangiye no kunanuka kuva hashize iminsi ibiri kandi nta miti mfite. Ni imiti ki nafata?",kinyarwanda,URGENT,cardiac_respiratory,kinyarwanda->kinyarwanda:URGENT:cardiac_respiratory,{REL} amaze ibyumweru birenga bibiri akorora kandi yatangiye no kunanuka.,Maze ibyumweru birenga bibiri nkorora kandi natangiye no kunanuka.
Ndashaka kukubwira ikibazo mfite. Mama ashaka imiti y'inzoka y'umwana we kuva ejo. Byatangiye gitunguranye. Urakoze.,kinyarwanda,ROUTINE,preventive,kinyarwanda->kinyarwanda:ROUTINE:preventive,{REL} ashaka imiti y'inzoka y'umwana we.,Ndashaka imiti y'inzoka y'umwana wanjye.
"Muganga, umuturanyi wanjye ntashobora kuvuga neza kandi umunwa we waragoramye kuva hashize iminsi ibiri. Mfasha muganga.",kinyarwanda,CRITICAL,neurological,kinyarwanda->kinyarwanda:CRITICAL:neurological,{REL} ntashobora kuvuga neza kandi umunwa we waragoramye.,{REL} ntashobora kuvuga neza kandi umunwa we waragoramye.
"Mumbabarire, ndashaka kubabwira ikibazo mfite. Mfite igikomere ku mutwe nyuma yo kugwa kuva ubu gitondo cya kare nta miti imfasha. Ni imiti ki nafata?",kinyarwanda,CRITICAL,haemorrhage_trauma,kinyarwanda->kinyarwanda:CRITICAL:haemorrhage_trauma,mfite igikomere ku mutwe nyuma yo kugwa,mfite igikomere ku mutwe nyuma yo kugwa
"Mfasha, ndava amaraso menshi nyuma yo kubyara kuva mu masaha abiri ashize bikarushaho nijoro. Mfasha muganga.",kinyarwanda,CRITICAL,obstetric,kinyarwanda->kinyarwanda:CRITICAL:obstetric,ndava amaraso menshi nyuma yo kubyara,ndava amaraso menshi nyuma yo kubyara
"Mfasha, ndashaka kongererwa imiti mfata kuva ejo. Byatangiye gitunguranye. Ese ibi birakomeye?",kinyarwanda,ROUTINE,chronic_care,kinyarwanda->kinyarwanda:ROUTINE:chronic_care,ndashaka kongererwa imiti mfata,ndashaka kongererwa imiti mfata
"Naje hano mbere, mama ahumeka bimugora cyane ku buryo adashobora no kuvuga neza kuva ejo. Mfasha muganga.",kinyarwanda,CRITICAL,cardiac_respiratory,kinyarwanda->kinyarwanda:CRITICAL:cardiac_respiratory,{REL} ahumeka bimugora cyane ku buryo adashobora no kuvuga neza.,Guhumeka birangora cyane ku buryo ntabasha no kuvuga neza.
"Mfasha, umwana wanjye yataye ubwenge kandi ntasubiza kuva hashize iminsi ibiri bikarushaho nijoro. Ntegereze cyangwa nsuzumwe ubu?",kinyarwanda,CRITICAL,neurological,kinyarwanda->kinyarwanda:CRITICAL:neurological,{REL} yataye ubwenge kandi ntasubiza.,{REL} yataye ubwenge kandi ntasubiza.
"Ndakeneye ubufasha, papa arumva igituza kimuremereye cyane kandi ububabare bukagera no ku rwasaya cyangwa ku kuboko kuva hashize icyumweru. Abandi bana na bo bafite iki kibazo. Nkora iki?",kinyarwanda,CRITICAL,cardiac_respiratory,kinyarwanda->kinyarwanda:CRITICAL:cardiac_respiratory,{REL} arumva igituza kimuremereye cyane kandi ububabare bukagera no ku rwasaya cyangwa ku kuboko.,{REL} arumva igituza kimuremereye cyane kandi ububabare bukagera no ku rwasaya cyangwa ku kuboko.
"Muraho, ndashaka kujya kwa muganga kwisuzumisha diyabete kuva ijoro ryashize. Abandi bana na bo bafite iki kibazo. Naje mvuye kure.",kinyarwanda,ROUTINE,chronic_care,kinyarwanda->kinyarwanda:ROUTINE:chronic_care,Ndashaka kujya kwa muganga kwisuzumisha diyabete.,Ndashaka kujya kwa muganga kwisuzumisha SIDA.
"Nzanye umwana wanjye, maze umunsi wose mbabara ngerageza kubyara ariko umwana ntarasohoka kuva mu gitondo nta miti imfasha. Ntegereze cyangwa nsuzumwe ubu?",kinyarwanda,CRITICAL,obstetric,kinyarwanda->kinyarwanda:CRITICAL:obstetric,Maze umunsi wose mbabara ngerageza kubyara ariko umwana ntarasohoka.,Maze umunsi wose mbabara ngerageza kubyara ariko umwana ntarasohoka.
Umwana wanjye afite igikomere gito kandi amaraso yarahagaze kuva hashize icyumweru. Nkora iki?,kinyarwanda,ROUTINE,haemorrhage_trauma,kinyarwanda->kinyarwanda:ROUTINE:haemorrhage_trauma,{REL} afite igikomere gito kandi amaraso yarahagaze.,Mfite igikomere gito kandi amaraso yarahagaze.
Ndatwite kandi nagagaye kuva ejo bikarushaho nijoro. Ndakeneye ubufasha vuba.,kinyarwanda,CRITICAL,obstetric,kinyarwanda->kinyarwanda:CRITICAL:obstetric,Ndatwite kandi nagagaye.,Ndatwite kandi nagagaye.
"Muganga, iyo umwana wanjye amaze kurya, yumva inda itameze neza kuva ijoro ryashize biragenda bikagaruka. Ni imiti ki nafata?",kinyarwanda,ROUTINE,gastrointestinal,kinyarwanda->kinyarwanda:ROUTINE:gastrointestinal,"Iyo {REL} amaze kurya, yumva inda itameze neza.","Iyo {REL} amaze kurya, yumva inda itameze neza."
"Nyabuneka, umwana wanjye afite umuriro mwinshi kandi ntarya kuva ubu gitondo cya kare. Byatangiye gitunguranye. Ese ibi birakomeye?",kinyarwanda,URGENT,paediatric,kinyarwanda->kinyarwanda:URGENT:paediatric,{REL} afite umuriro mwinshi kandi ntarya.,{REL} afite umuriro mwinshi kandi ntarya.
"Muraho, mfite umwanda usa umukara kuva mu masaha abiri ashize bikarushaho nijoro",kinyarwanda,CRITICAL,gastrointestinal,kinyarwanda->kinyarwanda:CRITICAL:gastrointestinal,Mfite umwanda usa umukara.,Mfite umwanda usa umukara.
"Mfasha vuba, umukecuru ahumeka bimugora cyane kandi iminwa ye yahindutse ibara kuva ejo biragenda bikagaruka. Nkora iki?",kinyarwanda,CRITICAL,cardiac_respiratory,kinyarwanda->kinyarwanda:CRITICAL:cardiac_respiratory,{REL} ahumeka bimugora cyane kandi iminwa ye yahindutse ibara.,guhumeka birangora cyane kandi iminwa yanjye yahindutse ibara
"Simbizi niba bikomeye ariko, umwana wanjye amaze iminsi itatu arwaye impiswi zikomeye kuva mu cyumweru gishize kandi ndahangayitse. Murakoze.",kinyarwanda,URGENT,gastrointestinal,kinyarwanda->kinyarwanda:URGENT:gastrointestinal,{REL} amaze iminsi itatu arwaye impiswi zikomeye.,maze iminsi itatu ndwaye impiswi zikomeye
Ndashaka kukubwira ikibazo mfite. Ndatwite kandi nagagaye kuva hashize iminsi ibiri bikarushaho nijoro. Ntabasha kubona amafaranga yo kongera kuza kwa muganga.,kinyarwanda,CRITICAL,obstetric,kinyarwanda->kinyarwanda:CRITICAL:obstetric,Ndatwite kandi nagagaye.,Ndatwite kandi nagagaye.
Mama arava amaraso menshi nyuma yo kubyara kandi birushaho kuba bibi. Ni imiti ki nafata?,kinyarwanda,CRITICAL,obstetric,kinyarwanda->kinyarwanda:CRITICAL:obstetric,{REL} arava amaraso menshi nyuma yo kubyara.,ndava amaraso menshi nyuma yo kubyara
"Mfasha, umukecuru yataye ubwenge kandi ntasubiza kuva ijoro ryashize. Ntegereze cyangwa nsuzumwe ubu?",kinyarwanda,CRITICAL,neurological,kinyarwanda->kinyarwanda:CRITICAL:neurological,{REL} yataye ubwenge kandi ntasubiza.,{REL} yataye ubwenge kandi ntasubiza.
"Mfasha vuba, umuturanyi wanjye aratwite kandi yaragagaye kuva ubu gitondo cya kare kandi nta miti mfite. Ntegereze cyangwa nsuzumwe ubu?",kinyarwanda,CRITICAL,obstetric,kinyarwanda->kinyarwanda:CRITICAL:obstetric,{REL} aratwite kandi yaragagaye.,Ndatwite kandi nagagaye.
"Nzanye umwana wanjye, umwana wanjye afite igikomere cyanduye, kiratukura kandi kirimo amashyira kuva ejo nta miti imfasha. Murakoze.",kinyarwanda,URGENT,haemorrhage_trauma,kinyarwanda->kinyarwanda:URGENT:haemorrhage_trauma,"{REL} afite igikomere cyanduye, kiratukura kandi kirimo amashyira.","mfite igikomere cyanduye, kiratukura kandi kirimo amashyira"
"Simbizi niba bikomeye ariko, mfite gahunda yo kwisuzumisha buri mwaka kuva hashize iminsi ibiri. Murakoze.",kinyarwanda,ROUTINE,preventive,kinyarwanda->kinyarwanda:ROUTINE:preventive,Mfite gahunda yo kwisuzumisha buri mwaka.,Mfite gahunda yo kwisuzumisha buri mwaka.
"Mfasha, ndatwite kandi nagagaye kuva mu gitondo biragenda bikagaruka. Mfasha muganga.",kinyarwanda,CRITICAL,obstetric,kinyarwanda->kinyarwanda:CRITICAL:obstetric,Ndatwite kandi nagagaye.,Ndatwite kandi nagagaye.
"Muganga, mama arakomeza kuruka kandi ntashobora kurya kuva hashize iminsi ibiri kandi sinshobora gusinzira. Murakoze.",kinyarwanda,URGENT,gastrointestinal,kinyarwanda->kinyarwanda:URGENT:gastrointestinal,{REL} arakomeza kuruka kandi ntashobora kurya.,ndakomeza kuruka kandi sinshobora kurya
"Muraho, ndashaka kongererwa imiti mfata kuva mu gitondo kandi birushaho kuba bibi. Ntegereze cyangwa nsuzumwe ubu?",kinyarwanda,ROUTINE,chronic_care,kinyarwanda->kinyarwanda:ROUTINE:chronic_care,ndashaka kongererwa imiti mfata,ndashaka kongererwa imiti mfata
"Naje hano mbere, papa araruka ibyo arya byose kandi ntashobora no kunywa biragenda bikagaruka. Mfasha muganga.",kinyarwanda,CRITICAL,gastrointestinal,kinyarwanda->kinyarwanda:CRITICAL:gastrointestinal,{REL} araruka ibyo arya byose kandi ntashobora no kunywa.,Ndaruka ibyo ndya byose kandi sinshobora no kunywa.
"Simbizi niba bikomeye ariko, amazi yamenetse ariko igihe cyo kubyara ntikiragera nta miti imfasha. Mfasha muganga.",kinyarwanda,URGENT,obstetric,kinyarwanda->kinyarwanda:URGENT:obstetric,Amazi yamenetse ariko igihe cyo kubyara ntikiragera.,Amazi yamenetse ariko igihe cyo kubyara ntikiragera.
Ndashaka kukubwira ikibazo mfite. Umuturanyi wanjye araruka ibyo arya byose kandi ntashobora no kunywa kuva ijoro ryashize kandi nta miti mfite. Ntegereze cyangwa nsuzumwe ubu?,kinyarwanda,CRITICAL,gastrointestinal,kinyarwanda->kinyarwanda:CRITICAL:gastrointestinal,{REL} araruka ibyo arya byose kandi ntashobora no kunywa.,Ndaruka ibyo ndya byose kandi sinshobora no kunywa.
"Simbizi niba bikomeye ariko, ndumva naniwe ariko si cyane kuva ijoro ryashize biragenda bikagaruka. Ndakeneye ubufasha vuba.",kinyarwanda,ROUTINE,neurological,kinyarwanda->kinyarwanda:ROUTINE:neurological,ndumva naniwe ariko si cyane,ndumva naniwe ariko si cyane
"Muraho, ndabyara ariko habanje gusohoka umugozi w'umwana kuva ijoro ryashize. Ntabasha kubona amafaranga yo kongera kuza kwa muganga.",kinyarwanda,CRITICAL,obstetric,kinyarwanda->kinyarwanda:CRITICAL:obstetric,Ndabyara ariko habanje gusohoka umugozi w'umwana.,Ndabyara ariko habanje gusohoka umugozi w'umwana.
"Mfasha, mfite igikomere gito kandi amaraso yarahagaze kuva ejo biragenda bikagaruka. Ndakeneye ubufasha vuba.",kinyarwanda,ROUTINE,haemorrhage_trauma,kinyarwanda->kinyarwanda:ROUTINE:haemorrhage_trauma,Mfite igikomere gito kandi amaraso yarahagaze.,Mfite igikomere gito kandi amaraso yarahagaze.
"Muraho, mfite impiswi zirimo amaraso kuva mu masaha abiri ashize biragenda bikagaruka. Murakoze.",kinyarwanda,URGENT,gastrointestinal,kinyarwanda->kinyarwanda:URGENT:gastrointestinal,Mfite impiswi zirimo amaraso.,Mfite impiswi zirimo amaraso.
"Mfasha, umwana wanjye afite umuhaha kuva mu masaha abiri ashize. Byatangiye gitunguranye.",kinyarwanda,URGENT,paediatric,kinyarwanda->kinyarwanda:URGENT:paediatric,{REL} afite umuhaha.,Mfite umuhaha.
Ndashaka kukubwira ikibazo mfite. Umuturanyi wanjye ashaka inama ku biryo byo kugaburira umwana we kuva hashize iminsi ibiri kandi nta miti mfite. Ndakeneye ubufasha vuba.,kinyarwanda,ROUTINE,preventive,kinyarwanda->kinyarwanda:ROUTINE:preventive,{REL} ashaka inama ku biryo byo kugaburira umwana we.,Ndashaka inama ku biryo byo kugaburira umwana wanjye.
"Muraho, umugore wanjye arakomeza kuruka kandi ntashobora kurya kuva mu gitondo kandi birushaho kuba bibi. Mfasha muganga.",kinyarwanda,URGENT,gastrointestinal,kinyarwanda->kinyarwanda:URGENT:gastrointestinal,{REL} arakomeza kuruka kandi ntashobora kurya.,ndakomeza kuruka kandi sinshobora kurya
"Muganga, umuturanyi wanjye afite igikomere ku mutwe nyuma yo kugwa kuva mu cyumweru gishize kandi nta miti mfite. Ntegereze cyangwa nsuzumwe ubu?",kinyarwanda,CRITICAL,haemorrhage_trauma,kinyarwanda->kinyarwanda:CRITICAL:haemorrhage_trauma,{REL} afite igikomere ku mutwe nyuma yo kugwa.,mfite igikomere ku mutwe nyuma yo kugwa
"Muraho, umugore wanjye araruka amaraso kuva ubu gitondo cya kare kandi sinshobora gusinzira. Naje mvuye kure.",kinyarwanda,CRITICAL,gastrointestinal,kinyarwanda->kinyarwanda:CRITICAL:gastrointestinal,{REL} araruka amaraso.,Ndaruka amaraso.
"Naje hano mbere, umwana wanjye akorora gake ariko nta muriro afite kuva ubu gitondo cya kare bikarushaho nijoro. Ese ibi birakomeye?",kinyarwanda,ROUTINE,cardiac_respiratory,kinyarwanda->kinyarwanda:ROUTINE:cardiac_respiratory,{REL} akorora gake ariko nta muriro afite.,Nkorora gake ariko nta muriro mfite.
"Naje hano mbere, mfite ubushye bunini ku mubiri kuva mu masaha abiri ashize. Abandi bana na bo bafite iki kibazo. Naje mvuye kure.",kinyarwanda,CRITICAL,haemorrhage_trauma,kinyarwanda->kinyarwanda:CRITICAL:haemorrhage_trauma,Mfite ubushye bunini ku mubiri.,Mfite ubushye bunini ku mubiri.
"Nyabuneka, umuturanyi wanjye ahumeka bimugora cyane kandi iminwa ye yahindutse ibara kuva ijoro ryashize biragenda bikagaruka. Nkora iki?",kinyarwanda,CRITICAL,cardiac_respiratory,kinyarwanda->kinyarwanda:CRITICAL:cardiac_respiratory,{REL} ahumeka bimugora cyane kandi iminwa ye yahindutse ibara.,guhumeka birangora cyane kandi iminwa yanjye yahindutse ibara
"Mumbabarire, ndashaka kubabwira ikibazo mfite. Isukari yo mu maraso yanjye yazamutse cyane kuva hashize icyumweru kandi nta miti mfite. Ndakeneye ubufasha vuba.",kinyarwanda,URGENT,chronic_care,kinyarwanda->kinyarwanda:URGENT:chronic_care,isukari yo mu maraso yanjye yazamutse cyane,isukari yo mu maraso yanjye yazamutse cyane
"Muraho, mama yataye ubwenge kandi ntasubiza kuva mu gitondo. Ese ibi birakomeye?",kinyarwanda,CRITICAL,neurological,kinyarwanda->kinyarwanda:CRITICAL:neurological,{REL} yataye ubwenge kandi ntasubiza.,{REL} yataye ubwenge kandi ntasubiza.
"Mfasha vuba, umugabo wanjye ashaka imiti y'inzoka y'umwana we kuva ijoro ryashize kandi birushaho kuba bibi. Naje mvuye kure.",kinyarwanda,ROUTINE,preventive,kinyarwanda->kinyarwanda:ROUTINE:preventive,{REL} ashaka imiti y'inzoka y'umwana we.,Ndashaka imiti y'inzoka y'umwana wanjye.
"Ndakeneye ubufasha, umukecuru ashaka imiti y'inzoka y'umwana we kuva mu gitondo bikarushaho nijoro. Nkora iki?",kinyarwanda,ROUTINE,preventive,kinyarwanda->kinyarwanda:ROUTINE:preventive,{REL} ashaka imiti y'inzoka y'umwana we.,Ndashaka imiti y'inzoka y'umwana wanjye.
"Naje hano mbere, papa yagagaye kandi arimo guhinda umushyitsi kuva hashize iminsi ibiri. Byatangiye gitunguranye. Ndakeneye ubufasha vuba.",kinyarwanda,CRITICAL,neurological,kinyarwanda->kinyarwanda:CRITICAL:neurological,{REL} yagagaye kandi arimo guhinda umushyitsi.,{REL} yagagaye kandi arimo guhinda umushyitsi.
"Simbizi niba bikomeye ariko, ndumva naniwe ariko si cyane. Abandi bana na bo bafite iki kibazo. Ntegereze cyangwa nsuzumwe ubu?",kinyarwanda,ROUTINE,neurological,kinyarwanda->kinyarwanda:ROUTINE:neurological,ndumva naniwe ariko si cyane,ndumva naniwe ariko si cyane
"Mfasha vuba, mfite umuriro mwinshi kandi ndakorora cyane kandi sinshobora gusinzira. Ni imiti ki nafata?",kinyarwanda,URGENT,infectious_fever,kinyarwanda->kinyarwanda:URGENT:infectious_fever,mfite umuriro mwinshi kandi ndakorora cyane,mfite umuriro mwinshi kandi ndakorora cyane
"Ndakeneye ubufasha, ndashaka kujya kwa muganga kwisuzumisha SIDA kuva mu masaha abiri ashize kandi sinshobora gusinzira. Ese ibi birakomeye?",kinyarwanda,ROUTINE,chronic_care,kinyarwanda->kinyarwanda:ROUTINE:chronic_care,Ndashaka kujya kwa muganga kwisuzumisha SIDA.,Ndashaka kujya kwa muganga kwisuzumisha SIDA.
"Naje hano mbere, mu rugo hari umuntu urwaye igituntu kandi ndashaka kwisuzumisha kuva hashize iminsi itatu biragenda bikagaruka. Ni imiti ki nafata?",kinyarwanda,URGENT,preventive,kinyarwanda->kinyarwanda:URGENT:preventive,Mu rugo hari umuntu urwaye igituntu kandi ndashaka kwisuzumisha.,Mu rugo hari umuntu urwaye igituntu kandi ndashaka kwisuzumisha.
"Naje hano mbere, umwana wanjye afite umuriro woroheje umaze umunsi umwe, ariko nta kindi kibazo afite kuva mu cyumweru gishize bikarushaho nijoro",kinyarwanda,ROUTINE,infectious_fever,kinyarwanda->kinyarwanda:ROUTINE:infectious_fever,"{REL} afite umuriro woroheje umaze umunsi umwe, ariko nta kindi kibazo afite.","mfite umuriro woroheje umaze umunsi umwe, ariko nta kindi kibazo mfite"
"Nyabuneka, mfite ubushye bunini ku mubiri kuva mu cyumweru gishize. Mfasha muganga.",kinyarwanda,CRITICAL,haemorrhage_trauma,kinyarwanda->kinyarwanda:CRITICAL:haemorrhage_trauma,Mfite ubushye bunini ku mubiri.,Mfite ubushye bunini ku mubiri.
"Mfasha vuba, iyo umwana wanjye amaze kurya, yumva inda itameze neza kuva hashize iminsi itatu biragenda bikagaruka. Ni imiti ki nafata?",kinyarwanda,ROUTINE,gastrointestinal,kinyarwanda->kinyarwanda:ROUTINE:gastrointestinal,"Iyo {REL} amaze kurya, yumva inda itameze neza.","Iyo {REL} amaze kurya, yumva inda itameze neza."
"Mfasha vuba, ndatwite kandi ndashaka kujya kwa muganga kwisuzumisha kuva ejo kandi nta miti mfite. Urakoze.",kinyarwanda,ROUTINE,obstetric,kinyarwanda->kinyarwanda:ROUTINE:obstetric,Ndatwite kandi ndashaka kujya kwa muganga kwisuzumisha.,Ndatwite kandi ndashaka kujya kwa muganga kwisuzumisha.
Ndashaka kukubwira ikibazo mfite. Umwana wanjye afite umuhaha kuva ubu gitondo cya kare bikarushaho nijoro. Urakoze.,kinyarwanda,URGENT,paediatric,kinyarwanda->kinyarwanda:URGENT:paediatric,{REL} afite umuhaha.,Mfite umuhaha.
"Mfasha, papa ashaka ko bapima ibiro by'umwana we kuva ubu gitondo cya kare bikarushaho nijoro. Ntegereze cyangwa nsuzumwe ubu?",kinyarwanda,ROUTINE,paediatric,kinyarwanda->kinyarwanda:ROUTINE:paediatric,{REL} ashaka ko bapima ibiro by'umwana we.,Ndashaka ko bapima ibiro by'umwana wanjye.
"Naje hano mbere, mushiki wanjye afite impiswi zikomeye kandi yagize umwuma kuva hashize iminsi ibiri bikarushaho nijoro. Ntegereze cyangwa nsuzumwe ubu?",kinyarwanda,CRITICAL,gastrointestinal,kinyarwanda->kinyarwanda:CRITICAL:gastrointestinal,{REL} afite impiswi zikomeye kandi yagize umwuma.,{REL} afite impiswi zikomeye kandi yagize umwuma.
"Ndakeneye ubufasha, mushiki wanjye ari kuva amaraso menshi kandi ntahagarara kuva ejo kandi sinshobora gusinzira. Mfasha muganga.",kinyarwanda,CRITICAL,haemorrhage_trauma,kinyarwanda->kinyarwanda:CRITICAL:haemorrhage_trauma,{REL} ari kuva amaraso menshi kandi ntahagarara.,ndi kuva amaraso menshi kandi ntahagarara
Ndashaka kukubwira ikibazo mfite. Mfite umuriro mwinshi kandi ndakorora cyane kuva mu cyumweru gishize,kinyarwanda,URGENT,infectious_fever,kinyarwanda->kinyarwanda:URGENT:infectious_fever,mfite umuriro mwinshi kandi ndakorora cyane,mfite umuriro mwinshi kandi ndakorora cyane
"Simbizi niba bikomeye ariko, umuturanyi wanjye yataye ubwenge kandi ntasubiza kuva ubu gitondo cya kare kandi sinshobora gusinzira. Ntegereze cyangwa nsuzumwe ubu?",kinyarwanda,CRITICAL,neurological,kinyarwanda->kinyarwanda:CRITICAL:neurological,{REL} yataye ubwenge kandi ntasubiza.,{REL} yataye ubwenge kandi ntasubiza.
"Mumbabarire, ndashaka kubabwira ikibazo mfite. Ndatwite kandi ndashaka kujya kwa muganga kwisuzumisha kuva hashize icyumweru. Byatangiye gitunguranye. Mfasha muganga.",kinyarwanda,ROUTINE,obstetric,kinyarwanda->kinyarwanda:ROUTINE:obstetric,Ndatwite kandi ndashaka kujya kwa muganga kwisuzumisha.,Ndatwite kandi ndashaka kujya kwa muganga kwisuzumisha.
"Mfasha, nyuma yo kubyara mfite umuriro kandi hari ibintu bisohoka bifite impumuro mbi kuva mu cyumweru gishize. Abandi bana na bo bafite iki kibazo. Ni imiti ki nafata?",kinyarwanda,CRITICAL,obstetric,kinyarwanda->kinyarwanda:CRITICAL:obstetric,Nyuma yo kubyara mfite umuriro kandi hari ibintu bisohoka bifite impumuro mbi.,Nyuma yo kubyara mfite umuriro kandi hari ibintu bisohoka bifite impumuro mbi.
"Simbizi niba bikomeye ariko, umwana wanjye afite igikomere ku mutwe nyuma yo kugwa kuva mu gitondo. Byatangiye gitunguranye. Ntegereze cyangwa nsuzumwe ubu?",kinyarwanda,CRITICAL,haemorrhage_trauma,kinyarwanda->kinyarwanda:CRITICAL:haemorrhage_trauma,{REL} afite igikomere ku mutwe nyuma yo kugwa.,mfite igikomere ku mutwe nyuma yo kugwa
"Simbizi niba bikomeye ariko, maze umunsi wose mbabara ngerageza kubyara ariko umwana ntarasohoka kuva hashize icyumweru biragenda bikagaruka. Ndakeneye ubufasha vuba.",kinyarwanda,CRITICAL,obstetric,kinyarwanda->kinyarwanda:CRITICAL:obstetric,Maze umunsi wose mbabara ngerageza kubyara ariko umwana ntarasohoka.,Maze umunsi wose mbabara ngerageza kubyara ariko umwana ntarasohoka.
"Mfasha, iyo mpumeka, numva igituza gifashe kandi mpumeka nkumva hari ijwi ridasanzwe kuva hashize icyumweru bikarushaho nijoro. Nkora iki?",kinyarwanda,URGENT,cardiac_respiratory,kinyarwanda->kinyarwanda:URGENT:cardiac_respiratory,"Iyo mpumeka, numva igituza gifashe kandi mpumeka nkumva hari ijwi ridasanzwe.","Iyo mpumeka, numva igituza gifashe kandi mpumeka nkumva hari ijwi ridasanzwe."
"Muraho, amazuru arantemba gake kuva mu gitondo kandi birushaho kuba bibi. Ntabasha kubona amafaranga yo kongera kuza kwa muganga.",kinyarwanda,ROUTINE,infectious_fever,kinyarwanda->kinyarwanda:ROUTINE:infectious_fever,amazuru arantemba gake,amazuru arantemba gake
"Ndakeneye ubufasha, mfite umuriro mwinshi kandi ndakorora cyane kandi nta miti mfite. Murakoze.",kinyarwanda,URGENT,infectious_fever,kinyarwanda->kinyarwanda:URGENT:infectious_fever,mfite umuriro mwinshi kandi ndakorora cyane,mfite umuriro mwinshi kandi ndakorora cyane
"Mfasha vuba, mama afite impiswi zikomeye kandi yagize umwuma kuva hashize iminsi ibiri kandi ndahangayitse. Mfasha muganga.",kinyarwanda,CRITICAL,gastrointestinal,kinyarwanda->kinyarwanda:CRITICAL:gastrointestinal,{REL} afite impiswi zikomeye kandi yagize umwuma.,{REL} afite impiswi zikomeye kandi yagize umwuma.
"Ndakeneye ubufasha, mushiki wanjye isukari yo mu maraso ye yazamutse cyane biragenda bikagaruka. Mfasha muganga.",kinyarwanda,URGENT,chronic_care,kinyarwanda->kinyarwanda:URGENT:chronic_care,{REL} isukari yo mu maraso ye yazamutse cyane.,isukari yo mu maraso yanjye yazamutse cyane
"Mumbabarire, ndashaka kubabwira ikibazo mfite. Nyuma yo kubyara mfite umuriro kandi hari ibintu bisohoka bifite impumuro mbi kuva ejo bikarushaho nijoro. Mfasha muganga.",kinyarwanda,CRITICAL,obstetric,kinyarwanda->kinyarwanda:CRITICAL:obstetric,Nyuma yo kubyara mfite umuriro kandi hari ibintu bisohoka bifite impumuro mbi.,Nyuma yo kubyara mfite umuriro kandi hari ibintu bisohoka bifite impumuro mbi.
"Nzanye umwana wanjye, mfite umuriro mwinshi kandi ndakorora cyane kuva hashize iminsi itatu. Abandi bana na bo bafite iki kibazo. Murakoze.",kinyarwanda,URGENT,infectious_fever,kinyarwanda->kinyarwanda:URGENT:infectious_fever,mfite umuriro mwinshi kandi ndakorora cyane,mfite umuriro mwinshi kandi ndakorora cyane
"Mfasha vuba, maze ibyumweru birenga bibiri nkorora kandi natangiye no kunanuka kuva hashize iminsi itatu. Ndakeneye ubufasha vuba.",kinyarwanda,URGENT,cardiac_respiratory,kinyarwanda->kinyarwanda:URGENT:cardiac_respiratory,Maze ibyumweru birenga bibiri nkorora kandi natangiye no kunanuka.,Maze ibyumweru birenga bibiri nkorora kandi natangiye no kunanuka.
"Mumbabarire, ndashaka kubabwira ikibazo mfite. Mfite umuriro mwinshi kandi ndakorora cyane kandi ndahangayitse. Murakoze.",kinyarwanda,URGENT,infectious_fever,kinyarwanda->kinyarwanda:URGENT:infectious_fever,mfite umuriro mwinshi kandi ndakorora cyane,mfite umuriro mwinshi kandi ndakorora cyane
"Ndakeneye ubufasha, umugabo wanjye isukari yo mu maraso ye yazamutse cyane kuva hashize iminsi itatu nta miti imfasha. Naje mvuye kure.",kinyarwanda,URGENT,chronic_care,kinyarwanda->kinyarwanda:URGENT:chronic_care,{REL} isukari yo mu maraso ye yazamutse cyane.,isukari yo mu maraso yanjye yazamutse cyane
"Naje hano mbere, nkorora gake ariko nta muriro mfite kuva hashize iminsi ibiri bikarushaho nijoro. Nkora iki?",kinyarwanda,ROUTINE,cardiac_respiratory,kinyarwanda->kinyarwanda:ROUTINE:cardiac_respiratory,Nkorora gake ariko nta muriro mfite.,Nkorora gake ariko nta muriro mfite.
"Nzanye umwana wanjye, umugore wanjye afite igikomere cyanduye, kiratukura kandi kirimo amashyira kuva mu gitondo bikarushaho nijoro. Murakoze.",kinyarwanda,URGENT,haemorrhage_trauma,kinyarwanda->kinyarwanda:URGENT:haemorrhage_trauma,"{REL} afite igikomere cyanduye, kiratukura kandi kirimo amashyira.","mfite igikomere cyanduye, kiratukura kandi kirimo amashyira"
"Naje hano mbere, uruhande rumwe rw'umubiri we ntirukora kuva ubu gitondo cya kare kandi ndahangayitse. Ntabasha kubona amafaranga yo kongera kuza kwa muganga.",kinyarwanda,CRITICAL,neurological,kinyarwanda->kinyarwanda:CRITICAL:neurological,Uruhande rumwe rw'umubiri we ntirukora.,Uruhande rumwe rw'umubiri we ntirukora.
"Muraho, mfite umuriro mwinshi kandi ndakorora cyane kuva mu masaha abiri ashize biragenda bikagaruka",kinyarwanda,URGENT,infectious_fever,kinyarwanda->kinyarwanda:URGENT:infectious_fever,mfite umuriro mwinshi kandi ndakorora cyane,mfite umuriro mwinshi kandi ndakorora cyane
Mushiki wanjye araruka amaraso kandi sinshobora gusinzira. Ntabasha kubona amafaranga yo kongera kuza kwa muganga.,kinyarwanda,CRITICAL,gastrointestinal,kinyarwanda->kinyarwanda:CRITICAL:gastrointestinal,{REL} araruka amaraso.,Ndaruka amaraso.
"Ndakeneye ubufasha, mfite umwanda usa umukara kandi nta miti mfite. Nkora iki?",kinyarwanda,CRITICAL,gastrointestinal,kinyarwanda->kinyarwanda:CRITICAL:gastrointestinal,Mfite umwanda usa umukara.,Mfite umwanda usa umukara.
"Mumbabarire, ndashaka kubabwira ikibazo mfite. Umwana wanjye afite igikomere gito kandi amaraso yarahagaze kuva ubu gitondo cya kare biragenda bikagaruka. Nkora iki?",kinyarwanda,ROUTINE,haemorrhage_trauma,kinyarwanda->kinyarwanda:ROUTINE:haemorrhage_trauma,{REL} afite igikomere gito kandi amaraso yarahagaze.,Mfite igikomere gito kandi amaraso yarahagaze.
"Simbizi niba bikomeye ariko, amazuru arantemba gake kuva ijoro ryashize nta miti imfasha. Ntegereze cyangwa nsuzumwe ubu?",kinyarwanda,ROUTINE,infectious_fever,kinyarwanda->kinyarwanda:ROUTINE:infectious_fever,amazuru arantemba gake,amazuru arantemba gake
"Simbizi niba bikomeye ariko, umwana wanjye afite igikomere gito kandi amaraso yarahagaze kuva mu masaha abiri ashize",kinyarwanda,ROUTINE,haemorrhage_trauma,kinyarwanda->kinyarwanda:ROUTINE:haemorrhage_trauma,{REL} afite igikomere gito kandi amaraso yarahagaze.,Mfite igikomere gito kandi amaraso yarahagaze.
"Muraho, mfite igikomere ku mutwe nyuma yo kugwa kuva mu masaha abiri ashize nta miti imfasha. Mfasha muganga.",kinyarwanda,CRITICAL,haemorrhage_trauma,kinyarwanda->kinyarwanda:CRITICAL:haemorrhage_trauma,mfite igikomere ku mutwe nyuma yo kugwa,mfite igikomere ku mutwe nyuma yo kugwa
"Nyabuneka, mama nta miti y'igituntu afite kuva mu cyumweru gishize biragenda bikagaruka",kinyarwanda,URGENT,chronic_care,kinyarwanda->kinyarwanda:URGENT:chronic_care,{REL} nta miti y'igituntu afite.,Nta miti y'igituntu mfite.
Umwana wanjye afite umuriro mwinshi kandi ntarya kuva hashize iminsi ibiri nta miti imfasha. Ni imiti ki nafata?,kinyarwanda,URGENT,paediatric,kinyarwanda->kinyarwanda:URGENT:paediatric,{REL} afite umuriro mwinshi kandi ntarya.,{REL} afite umuriro mwinshi kandi ntarya.
"Simbizi niba bikomeye ariko, mushiki wanjye yabyimbye ibirenge kandi ntashobora guhumeka neza iyo aragaramye kuva mu masaha abiri ashize biragenda bikagaruka. Ntegereze cyangwa nsuzumwe ubu?",kinyarwanda,URGENT,chronic_care,kinyarwanda->kinyarwanda:URGENT:chronic_care,{REL} yabyimbye ibirenge kandi ntashobora guhumeka neza iyo aragaramye.,Nabyimbye ibirenge kandi sinshobora guhumeka neza iyo ndagaramye.
"Mfasha, mfite igikomere ku mutwe nyuma yo kugwa kuva mu masaha abiri ashize kandi birushaho kuba bibi. Ntegereze cyangwa nsuzumwe ubu?",kinyarwanda,CRITICAL,haemorrhage_trauma,kinyarwanda->kinyarwanda:CRITICAL:haemorrhage_trauma,mfite igikomere ku mutwe nyuma yo kugwa,mfite igikomere ku mutwe nyuma yo kugwa
"Muraho, nyuma yo kubyara, umugore wanjye afite umuriro kandi hari ibintu bisohoka bifite impumuro mbi kuva ejo. Abandi bana na bo bafite iki kibazo. Nkora iki?",kinyarwanda,CRITICAL,obstetric,kinyarwanda->kinyarwanda:CRITICAL:obstetric,"Nyuma yo kubyara, {REL} afite umuriro kandi hari ibintu bisohoka bifite impumuro mbi.",Nyuma yo kubyara mfite umuriro kandi hari ibintu bisohoka bifite impumuro mbi.
"Mfasha, ndashaka kongererwa imiti mfata. Abandi bana na bo bafite iki kibazo. Ntegereze cyangwa nsuzumwe ubu?",kinyarwanda,ROUTINE,chronic_care,kinyarwanda->kinyarwanda:ROUTINE:chronic_care,ndashaka kongererwa imiti mfata,ndashaka kongererwa imiti mfata
"Mumbabarire, ndashaka kubabwira ikibazo mfite. Mama arava amaraso menshi nyuma yo kubyara kuva mu masaha abiri ashize kandi sinshobora gusinzira. Ntabasha kubona amafaranga yo kongera kuza kwa muganga.",kinyarwanda,CRITICAL,obstetric,kinyarwanda->kinyarwanda:CRITICAL:obstetric,{REL} arava amaraso menshi nyuma yo kubyara.,ndava amaraso menshi nyuma yo kubyara
"Mumbabarire, ndashaka kubabwira ikibazo mfite. Mushiki wanjye afite ibimenyetso bya malariya, umuriro n'imbeho kuva mu gitondo kandi birushaho kuba bibi. Mfasha muganga.",kinyarwanda,URGENT,infectious_fever,kinyarwanda->kinyarwanda:URGENT:infectious_fever,"{REL} afite ibimenyetso bya malariya, umuriro n'imbeho.","Mfite ibimenyetso bya malariya, umuriro n'imbeho."
"Muganga, uruhande rumwe rw'umubiri we ntirukora bikarushaho nijoro",kinyarwanda,CRITICAL,neurological,kinyarwanda->kinyarwanda:CRITICAL:neurological,Uruhande rumwe rw'umubiri we ntirukora.,Uruhande rumwe rw'umubiri we ntirukora.
Ndashaka kukubwira ikibazo mfite. Ndava amaraso menshi nyuma yo kubyara kuva hashize icyumweru kandi birushaho kuba bibi. Ni imiti ki nafata?,kinyarwanda,CRITICAL,obstetric,kinyarwanda->kinyarwanda:CRITICAL:obstetric,ndava amaraso menshi nyuma yo kubyara,ndava amaraso menshi nyuma yo kubyara
"Muganga, mushiki wanjye afite impiswi zirimo amaraso nta miti imfasha. Ese ibi birakomeye?",kinyarwanda,URGENT,gastrointestinal,kinyarwanda->kinyarwanda:URGENT:gastrointestinal,{REL} afite impiswi zirimo amaraso.,Mfite impiswi zirimo amaraso.
"Mumbabarire, ndashaka kubabwira ikibazo mfite. Nyuma yo kubyara, mama afite umuriro kandi hari ibintu bisohoka bifite impumuro mbi kandi birushaho kuba bibi",kinyarwanda,CRITICAL,obstetric,kinyarwanda->kinyarwanda:CRITICAL:obstetric,"Nyuma yo kubyara, {REL} afite umuriro kandi hari ibintu bisohoka bifite impumuro mbi.",Nyuma yo kubyara mfite umuriro kandi hari ibintu bisohoka bifite impumuro mbi.
"Nyabuneka, mama amaze iminsi itatu arwaye impiswi zikomeye kuva ubu gitondo cya kare. Ni imiti ki nafata?",kinyarwanda,URGENT,gastrointestinal,kinyarwanda->kinyarwanda:URGENT:gastrointestinal,{REL} amaze iminsi itatu arwaye impiswi zikomeye.,maze iminsi itatu ndwaye impiswi zikomeye
"Mumbabarire, ndashaka kubabwira ikibazo mfite. Mfite igikomere ku mutwe nyuma yo kugwa kuva mu cyumweru gishize. Ni imiti ki nafata?",kinyarwanda,CRITICAL,haemorrhage_trauma,kinyarwanda->kinyarwanda:CRITICAL:haemorrhage_trauma,mfite igikomere ku mutwe nyuma yo kugwa,mfite igikomere ku mutwe nyuma yo kugwa
"Mumbabarire, ndashaka kubabwira ikibazo mfite. Nta miti y'igituntu mfite kuva mu masaha abiri ashize kandi nta miti mfite. Ntabasha kubona amafaranga yo kongera kuza kwa muganga.",kinyarwanda,URGENT,chronic_care,kinyarwanda->kinyarwanda:URGENT:chronic_care,Nta miti y'igituntu mfite.,Nta miti y'igituntu mfite.
"Muganga, umugore wanjye yagagaye kandi arimo guhinda umushyitsi kuva hashize icyumweru biragenda bikagaruka. Ese ibi birakomeye?",kinyarwanda,CRITICAL,neurological,kinyarwanda->kinyarwanda:CRITICAL:neurological,{REL} yagagaye kandi arimo guhinda umushyitsi.,{REL} yagagaye kandi arimo guhinda umushyitsi.
"Mumbabarire, ndashaka kubabwira ikibazo mfite. Nyuma yo kubyara mfite umuriro kandi hari ibintu bisohoka bifite impumuro mbi kuva ijoro ryashize nta miti imfasha. Nkora iki?",kinyarwanda,CRITICAL,obstetric,kinyarwanda->kinyarwanda:CRITICAL:obstetric,Nyuma yo kubyara mfite umuriro kandi hari ibintu bisohoka bifite impumuro mbi.,Nyuma yo kubyara mfite umuriro kandi hari ibintu bisohoka bifite impumuro mbi.
"Mumbabarire, ndashaka kubabwira ikibazo mfite. Umugore wanjye afite impiswi zikomeye kandi yagize umwuma kuva ubu gitondo cya kare nta miti imfasha. Ntabasha kubona amafaranga yo kongera kuza kwa muganga.",kinyarwanda,CRITICAL,gastrointestinal,kinyarwanda->kinyarwanda:CRITICAL:gastrointestinal,{REL} afite impiswi zikomeye kandi yagize umwuma.,{REL} afite impiswi zikomeye kandi yagize umwuma.
"Naje hano mbere, mama araruka amaraso kuva ubu gitondo cya kare kandi birushaho kuba bibi. Nkora iki?",kinyarwanda,CRITICAL,gastrointestinal,kinyarwanda->kinyarwanda:CRITICAL:gastrointestinal,{REL} araruka amaraso.,Ndaruka amaraso.
"Nyabuneka, umwana wanjye afite umuhaha kuva ejo nta miti imfasha. Ntabasha kubona amafaranga yo kongera kuza kwa muganga.",kinyarwanda,URGENT,paediatric,kinyarwanda->kinyarwanda:URGENT:paediatric,{REL} afite umuhaha.,Mfite umuhaha.
"Nyabuneka, umugore wanjye amaze umunsi wose ari mu bubabare bwo kubyara ariko umwana ntarasohoka kuva ijoro ryashize kandi nta miti mfite. Nkora iki?",kinyarwanda,CRITICAL,obstetric,kinyarwanda->kinyarwanda:CRITICAL:obstetric,{REL} amaze umunsi wose ari mu bubabare bwo kubyara ariko umwana ntarasohoka.,Maze umunsi wose mbabara ngerageza kubyara ariko umwana ntarasohoka.
"Nyabuneka, mfite ubushye bunini ku mubiri kuva hashize icyumweru kandi ndahangayitse. Ese ibi birakomeye?",kinyarwanda,CRITICAL,haemorrhage_trauma,kinyarwanda->kinyarwanda:CRITICAL:haemorrhage_trauma,Mfite ubushye bunini ku mubiri.,Mfite ubushye bunini ku mubiri.
"Mfasha, umugabo wanjye ntashobora kuvuga neza kandi umunwa we waragoramye kuva mu masaha abiri ashize nta miti imfasha. Ni imiti ki nafata?",kinyarwanda,CRITICAL,neurological,kinyarwanda->kinyarwanda:CRITICAL:neurological,{REL} ntashobora kuvuga neza kandi umunwa we waragoramye.,{REL} ntashobora kuvuga neza kandi umunwa we waragoramye.
"Muraho, ndava amaraso menshi nyuma yo kubyara kuva mu masaha abiri ashize biragenda bikagaruka. Ni imiti ki nafata?",kinyarwanda,CRITICAL,obstetric,kinyarwanda->kinyarwanda:CRITICAL:obstetric,ndava amaraso menshi nyuma yo kubyara,ndava amaraso menshi nyuma yo kubyara
"Mfasha, mama aratwite kandi ashaka kwisuzumisha kwa muganga bwa mbere kuva hashize iminsi ibiri nta miti imfasha. Nkora iki?",kinyarwanda,ROUTINE,preventive,kinyarwanda->kinyarwanda:ROUTINE:preventive,{REL} aratwite kandi ashaka kwisuzumisha kwa muganga bwa mbere.,Ndatwite kandi ndashaka kwisuzumisha kwa muganga bwa mbere.
"Mfasha vuba, ndumva naniwe ariko si cyane kuva hashize icyumweru. Abandi bana na bo bafite iki kibazo. Naje mvuye kure.",kinyarwanda,ROUTINE,neurological,kinyarwanda->kinyarwanda:ROUTINE:neurological,ndumva naniwe ariko si cyane,ndumva naniwe ariko si cyane
"Iyo umwana wanjye amaze kurya, yumva inda itameze neza kuva mu cyumweru gishize kandi sinshobora gusinzira. Naje mvuye kure.",kinyarwanda,ROUTINE,gastrointestinal,kinyarwanda->kinyarwanda:ROUTINE:gastrointestinal,"Iyo {REL} amaze kurya, yumva inda itameze neza.","Iyo {REL} amaze kurya, yumva inda itameze neza."
"Nzanye umwana wanjye, ndatwite kandi mfite umuriro kuva hashize icyumweru bikarushaho nijoro. Ntegereze cyangwa nsuzumwe ubu?",kinyarwanda,URGENT,obstetric,kinyarwanda->kinyarwanda:URGENT:obstetric,Ndatwite kandi mfite umuriro.,Ndatwite kandi mfite umuriro.
"Mumbabarire, ndashaka kubabwira ikibazo mfite. Papa afite umuriro mwinshi kandi yaragagaye kuva hashize icyumweru. Abandi bana na bo bafite iki kibazo. Ni imiti ki nafata?",kinyarwanda,CRITICAL,infectious_fever,kinyarwanda->kinyarwanda:CRITICAL:infectious_fever,{REL} afite umuriro mwinshi kandi yaragagaye.,Mfite umuriro mwinshi kandi nagagaye.
"Nzanye umwana wanjye, umwana wanjye afite ibimenyetso bya malariya, umuriro n'imbeho kuva mu cyumweru gishize bikarushaho nijoro. Ndakeneye ubufasha vuba.",kinyarwanda,URGENT,infectious_fever,kinyarwanda->kinyarwanda:URGENT:infectious_fever,"{REL} afite ibimenyetso bya malariya, umuriro n'imbeho.","Mfite ibimenyetso bya malariya, umuriro n'imbeho."
"Simbizi niba bikomeye ariko, mfite igikomere gito kandi amaraso yarahagaze kuva mu cyumweru gishize biragenda bikagaruka. Ntegereze cyangwa nsuzumwe ubu?",kinyarwanda,ROUTINE,haemorrhage_trauma,kinyarwanda->kinyarwanda:ROUTINE:haemorrhage_trauma,Mfite igikomere gito kandi amaraso yarahagaze.,Mfite igikomere gito kandi amaraso yarahagaze.
"Mfasha, maze umunsi wose mbabara ngerageza kubyara ariko umwana ntarasohoka kuva mu gitondo kandi birushaho kuba bibi. Ntegereze cyangwa nsuzumwe ubu?",kinyarwanda,CRITICAL,obstetric,kinyarwanda->kinyarwanda:CRITICAL:obstetric,Maze umunsi wose mbabara ngerageza kubyara ariko umwana ntarasohoka.,Maze umunsi wose mbabara ngerageza kubyara ariko umwana ntarasohoka.
"Nyabuneka, umuturanyi wanjye afite impiswi zirimo amaraso kuva mu masaha abiri ashize. Mfasha muganga.",kinyarwanda,URGENT,gastrointestinal,kinyarwanda->kinyarwanda:URGENT:gastrointestinal,{REL} afite impiswi zirimo amaraso.,Mfite impiswi zirimo amaraso.
"Nyabuneka, nyuma yo kubyara, umugore wanjye afite umuriro kandi hari ibintu bisohoka bifite impumuro mbi kuva hashize icyumweru kandi nta miti mfite. Ese ibi birakomeye?",kinyarwanda,CRITICAL,obstetric,kinyarwanda->kinyarwanda:CRITICAL:obstetric,"Nyuma yo kubyara, {REL} afite umuriro kandi hari ibintu bisohoka bifite impumuro mbi.",Nyuma yo kubyara mfite umuriro kandi hari ibintu bisohoka bifite impumuro mbi.
"Mumbabarire, ndashaka kubabwira ikibazo mfite. Umugore wanjye afite impiswi zirimo amaraso kuva mu cyumweru gishize bikarushaho nijoro. Urakoze.",kinyarwanda,URGENT,gastrointestinal,kinyarwanda->kinyarwanda:URGENT:gastrointestinal,{REL} afite impiswi zirimo amaraso.,Mfite impiswi zirimo amaraso.
"Mfasha, mfite umuhaha kuva ubu gitondo cya kare kandi sinshobora gusinzira. Naje mvuye kure.",kinyarwanda,URGENT,paediatric,kinyarwanda->kinyarwanda:URGENT:paediatric,Mfite umuhaha.,Mfite umuhaha.
"Muraho, mushiki wanjye yabyimbye ibirenge kandi ntashobora guhumeka neza iyo aragaramye kandi nta miti mfite. Ntabasha kubona amafaranga yo kongera kuza kwa muganga.",kinyarwanda,URGENT,chronic_care,kinyarwanda->kinyarwanda:URGENT:chronic_care,{REL} yabyimbye ibirenge kandi ntashobora guhumeka neza iyo aragaramye.,Nabyimbye ibirenge kandi sinshobora guhumeka neza iyo ndagaramye.
"Naje hano mbere, mama aratwite kandi yaragagaye kandi sinshobora gusinzira. Mfasha muganga.",kinyarwanda,CRITICAL,obstetric,kinyarwanda->kinyarwanda:CRITICAL:obstetric,{REL} aratwite kandi yaragagaye.,Ndatwite kandi nagagaye.
"Naje hano mbere, mama afite igikomere cyanduye, kiratukura kandi kirimo amashyira kuva ejo. Abandi bana na bo bafite iki kibazo. Ni imiti ki nafata?",kinyarwanda,URGENT,haemorrhage_trauma,kinyarwanda->kinyarwanda:URGENT:haemorrhage_trauma,"{REL} afite igikomere cyanduye, kiratukura kandi kirimo amashyira.","mfite igikomere cyanduye, kiratukura kandi kirimo amashyira"
"Nzanye umwana wanjye, mama afite ibimenyetso bya malariya, umuriro n'imbeho kuva mu gitondo nta miti imfasha. Murakoze.",kinyarwanda,URGENT,infectious_fever,kinyarwanda->kinyarwanda:URGENT:infectious_fever,"{REL} afite ibimenyetso bya malariya, umuriro n'imbeho.","Mfite ibimenyetso bya malariya, umuriro n'imbeho."
"Nyabuneka, umuturanyi wanjye ari kuva amaraso menshi kandi ntahagarara kuva hashize iminsi itatu biragenda bikagaruka. Ntabasha kubona amafaranga yo kongera kuza kwa muganga.",kinyarwanda,CRITICAL,haemorrhage_trauma,kinyarwanda->kinyarwanda:CRITICAL:haemorrhage_trauma,{REL} ari kuva amaraso menshi kandi ntahagarara.,ndi kuva amaraso menshi kandi ntahagarara
"Ndakeneye ubufasha, mfite igikomere gito kandi amaraso yarahagaze kuva mu gitondo kandi sinshobora gusinzira. Ese ibi birakomeye?",kinyarwanda,ROUTINE,haemorrhage_trauma,kinyarwanda->kinyarwanda:ROUTINE:haemorrhage_trauma,Mfite igikomere gito kandi amaraso yarahagaze.,Mfite igikomere gito kandi amaraso yarahagaze.
Ndashaka kukubwira ikibazo mfite. Umwana wanjye afite umuriro mwinshi kandi ntarya kuva hashize iminsi itatu biragenda bikagaruka. Ni imiti ki nafata?,kinyarwanda,URGENT,paediatric,kinyarwanda->kinyarwanda:URGENT:paediatric,{REL} afite umuriro mwinshi kandi ntarya.,{REL} afite umuriro mwinshi kandi ntarya.
"Naje hano mbere, amazi yamenetse ariko igihe cyo kubyara ntikiragera kuva hashize iminsi itatu. Byatangiye gitunguranye. Naje mvuye kure.",kinyarwanda,URGENT,obstetric,kinyarwanda->kinyarwanda:URGENT:obstetric,Amazi yamenetse ariko igihe cyo kubyara ntikiragera.,Amazi yamenetse ariko igihe cyo kubyara ntikiragera.
"Mfasha, mfite ubushye bunini ku mubiri nta miti imfasha. Ese ibi birakomeye?",kinyarwanda,CRITICAL,haemorrhage_trauma,kinyarwanda->kinyarwanda:CRITICAL:haemorrhage_trauma,Mfite ubushye bunini ku mubiri.,Mfite ubushye bunini ku mubiri.
"Nzanye umwana wanjye, ndatwite kandi ndashaka kujya kwa muganga kwisuzumisha. Byatangiye gitunguranye. Ni imiti ki nafata?",kinyarwanda,ROUTINE,obstetric,kinyarwanda->kinyarwanda:ROUTINE:obstetric,Ndatwite kandi ndashaka kujya kwa muganga kwisuzumisha.,Ndatwite kandi ndashaka kujya kwa muganga kwisuzumisha.
"Muganga, papa amaze iminsi itatu arwaye impiswi zikomeye kuva ijoro ryashize. Byatangiye gitunguranye. Nkora iki?",kinyarwanda,URGENT,gastrointestinal,kinyarwanda->kinyarwanda:URGENT:gastrointestinal,{REL} amaze iminsi itatu arwaye impiswi zikomeye.,maze iminsi itatu ndwaye impiswi zikomeye
"Mumbabarire, ndashaka kubabwira ikibazo mfite. Ndumva naniwe ariko si cyane kuva ubu gitondo cya kare. Abandi bana na bo bafite iki kibazo. Ese ibi birakomeye?",kinyarwanda,ROUTINE,neurological,kinyarwanda->kinyarwanda:ROUTINE:neurological,ndumva naniwe ariko si cyane,ndumva naniwe ariko si cyane
"Nzanye umwana wanjye, nta miti y'igituntu mfite kuva hashize iminsi ibiri nta miti imfasha. Ni imiti ki nafata?",kinyarwanda,URGENT,chronic_care,kinyarwanda->kinyarwanda:URGENT:chronic_care,Nta miti y'igituntu mfite.,Nta miti y'igituntu mfite.
"Muraho, mfite igikomere ku mutwe nyuma yo kugwa kuva ejo biragenda bikagaruka",kinyarwanda,CRITICAL,haemorrhage_trauma,kinyarwanda->kinyarwanda:CRITICAL:haemorrhage_trauma,mfite igikomere ku mutwe nyuma yo kugwa,mfite igikomere ku mutwe nyuma yo kugwa
"Mfasha, umugore wanjye yataye ubwenge kandi ntasubiza kuva ubu gitondo cya kare kandi nta miti mfite. Ntabasha kubona amafaranga yo kongera kuza kwa muganga.",kinyarwanda,CRITICAL,neurological,kinyarwanda->kinyarwanda:CRITICAL:neurological,{REL} yataye ubwenge kandi ntasubiza.,{REL} yataye ubwenge kandi ntasubiza.
"Muraho, mfite impiswi zirimo amaraso kuva hashize iminsi itatu biragenda bikagaruka. Mfasha muganga.",kinyarwanda,URGENT,gastrointestinal,kinyarwanda->kinyarwanda:URGENT:gastrointestinal,Mfite impiswi zirimo amaraso.,Mfite impiswi zirimo amaraso.
"Ndakeneye ubufasha, umutima uratera cyane kandi nkumva umeze nk'aho uhagarara kuva mu gitondo. Byatangiye gitunguranye. Naje mvuye kure.",kinyarwanda,CRITICAL,cardiac_respiratory,kinyarwanda->kinyarwanda:CRITICAL:cardiac_respiratory,umutima uratera cyane kandi nkumva umeze nk'aho uhagarara,umutima uratera cyane kandi nkumva umeze nk'aho uhagarara
Ndashaka kukubwira ikibazo mfite. Nta miti y'igituntu mfite kuva ijoro ryashize. Abandi bana na bo bafite iki kibazo. Ese ibi birakomeye?,kinyarwanda,URGENT,chronic_care,kinyarwanda->kinyarwanda:URGENT:chronic_care,Nta miti y'igituntu mfite.,Nta miti y'igituntu mfite.
Ndashaka kukubwira ikibazo mfite. Umutima uratera cyane kandi nkumva umeze nk'aho uhagarara kuva mu gitondo bikarushaho nijoro. Ntabasha kubona amafaranga yo kongera kuza kwa muganga.,kinyarwanda,CRITICAL,cardiac_respiratory,kinyarwanda->kinyarwanda:CRITICAL:cardiac_respiratory,umutima uratera cyane kandi nkumva umeze nk'aho uhagarara,umutima uratera cyane kandi nkumva umeze nk'aho uhagarara
Ndashaka kujya kwa muganga kwisuzumisha SIDA kuva ijoro ryashize biragenda bikagaruka. Ntabasha kubona amafaranga yo kongera kuza kwa muganga.,kinyarwanda,ROUTINE,chronic_care,kinyarwanda->kinyarwanda:ROUTINE:chronic_care,Ndashaka kujya kwa muganga kwisuzumisha SIDA.,Ndashaka kujya kwa muganga kwisuzumisha SIDA.
"Nyabuneka, mama afite impiswi zirimo amaraso kuva ijoro ryashize bikarushaho nijoro. Urakoze.",kinyarwanda,URGENT,gastrointestinal,kinyarwanda->kinyarwanda:URGENT:gastrointestinal,{REL} afite impiswi zirimo amaraso.,Mfite impiswi zirimo amaraso.
"Nzanye umwana wanjye, papa ashaka imiti y'inzoka y'umwana we kuva ijoro ryashize. Ntabasha kubona amafaranga yo kongera kuza kwa muganga.",kinyarwanda,ROUTINE,preventive,kinyarwanda->kinyarwanda:ROUTINE:preventive,{REL} ashaka imiti y'inzoka y'umwana we.,Ndashaka imiti y'inzoka y'umwana wanjye.
"Mumbabarire, ndashaka kubabwira ikibazo mfite. Umugore wanjye afite igikomere cyanduye, kiratukura kandi kirimo amashyira nta miti imfasha. Mfasha muganga.",kinyarwanda,URGENT,haemorrhage_trauma,kinyarwanda->kinyarwanda:URGENT:haemorrhage_trauma,"{REL} afite igikomere cyanduye, kiratukura kandi kirimo amashyira.","mfite igikomere cyanduye, kiratukura kandi kirimo amashyira"
"Mfasha vuba, mu gituza harandya cyane kandi ububabare bukagera no ku kuboko kuva mu gitondo kandi birushaho kuba bibi. Ese ibi birakomeye?",kinyarwanda,CRITICAL,cardiac_respiratory,kinyarwanda->kinyarwanda:CRITICAL:cardiac_respiratory,mu gituza harandya cyane kandi ububabare bukagera no ku kuboko,mu gituza harandya cyane kandi ububabare bukagera no ku kuboko
Ndashaka kukubwira ikibazo mfite. Nta miti y'igituntu mfite kuva mu cyumweru gishize kandi nta miti mfite. Ndakeneye ubufasha vuba.,kinyarwanda,URGENT,chronic_care,kinyarwanda->kinyarwanda:URGENT:chronic_care,Nta miti y'igituntu mfite.,Nta miti y'igituntu mfite.
Ndashaka kukubwira ikibazo mfite. Mfite umuhaha kuva ubu gitondo cya kare kandi birushaho kuba bibi. Ndakeneye ubufasha vuba.,kinyarwanda,URGENT,paediatric,kinyarwanda->kinyarwanda:URGENT:paediatric,Mfite umuhaha.,Mfite umuhaha.
"Ndakeneye ubufasha, umugore wanjye araruka ibyo arya byose kandi ntashobora no kunywa kuva ubu gitondo cya kare. Abandi bana na bo bafite iki kibazo. Mfasha muganga.",kinyarwanda,CRITICAL,gastrointestinal,kinyarwanda->kinyarwanda:CRITICAL:gastrointestinal,{REL} araruka ibyo arya byose kandi ntashobora no kunywa.,Ndaruka ibyo ndya byose kandi sinshobora no kunywa.
Umugabo wanjye ntashobora kuvuga neza kandi umunwa we waragoramye kuva hashize iminsi itatu. Byatangiye gitunguranye. Mfasha muganga.,kinyarwanda,CRITICAL,neurological,kinyarwanda->kinyarwanda:CRITICAL:neurological,{REL} ntashobora kuvuga neza kandi umunwa we waragoramye.,{REL} ntashobora kuvuga neza kandi umunwa we waragoramye.
"Muganga, mushiki wanjye ashaka kugirwa inama ku mazi yo kunywa kuva ejo bikarushaho nijoro. Ntegereze cyangwa nsuzumwe ubu?",kinyarwanda,ROUTINE,preventive,kinyarwanda->kinyarwanda:ROUTINE:preventive,{REL} ashaka kugirwa inama ku mazi yo kunywa.,Ndashaka kugirwa inama ku mazi yo kunywa.
"Mumbabarire, ndashaka kubabwira ikibazo mfite. Maze ibyumweru birenga bibiri nkorora kandi natangiye no kunanuka kuva ejo. Byatangiye gitunguranye. Mfasha muganga.",kinyarwanda,URGENT,cardiac_respiratory,kinyarwanda->kinyarwanda:URGENT:cardiac_respiratory,Maze ibyumweru birenga bibiri nkorora kandi natangiye no kunanuka.,Maze ibyumweru birenga bibiri nkorora kandi natangiye no kunanuka.
Ndashaka kukubwira ikibazo mfite. Ndumva naniwe ariko si cyane kuva mu cyumweru gishize. Byatangiye gitunguranye. Ese ibi birakomeye?,kinyarwanda,ROUTINE,neurological,kinyarwanda->kinyarwanda:ROUTINE:neurological,ndumva naniwe ariko si cyane,ndumva naniwe ariko si cyane
"Muganga, iyo maze kurya numva mu nda ntameze neza kuva mu cyumweru gishize. Ni imiti ki nafata?",kinyarwanda,ROUTINE,gastrointestinal,kinyarwanda->kinyarwanda:ROUTINE:gastrointestinal,iyo maze kurya numva mu nda ntameze neza,"Iyo {REL} amaze kurya, yumva inda itameze neza."
"Simbizi niba bikomeye ariko, umugabo wanjye afite impiswi zikomeye kandi yagize umwuma kuva hashize iminsi itatu. Byatangiye gitunguranye. Ntegereze cyangwa nsuzumwe ubu?",kinyarwanda,CRITICAL,gastrointestinal,kinyarwanda->kinyarwanda:CRITICAL:gastrointestinal,{REL} afite impiswi zikomeye kandi yagize umwuma.,{REL} afite impiswi zikomeye kandi yagize umwuma.
Isukari yo mu maraso yanjye yazamutse cyane kuva ijoro ryashize. Byatangiye gitunguranye. Urakoze.,kinyarwanda,URGENT,chronic_care,kinyarwanda->kinyarwanda:URGENT:chronic_care,isukari yo mu maraso yanjye yazamutse cyane,isukari yo mu maraso yanjye yazamutse cyane
"Naje hano mbere, mfite gahunda yo kwisuzumisha buri mwaka kuva mu gitondo kandi sinshobora gusinzira. Mfasha muganga.",kinyarwanda,ROUTINE,preventive,kinyarwanda->kinyarwanda:ROUTINE:preventive,Mfite gahunda yo kwisuzumisha buri mwaka.,Mfite gahunda yo kwisuzumisha buri mwaka.
"Muganga, mfite umuriro mwinshi kandi ndakorora cyane kuva hashize iminsi ibiri biragenda bikagaruka. Urakoze.",kinyarwanda,URGENT,infectious_fever,kinyarwanda->kinyarwanda:URGENT:infectious_fever,mfite umuriro mwinshi kandi ndakorora cyane,mfite umuriro mwinshi kandi ndakorora cyane
"Simbizi niba bikomeye ariko, ndatwite kandi nagagaye kuva mu cyumweru gishize kandi sinshobora gusinzira",kinyarwanda,CRITICAL,obstetric,kinyarwanda->kinyarwanda:CRITICAL:obstetric,Ndatwite kandi nagagaye.,Ndatwite kandi nagagaye.
Ndashaka kukubwira ikibazo mfite. Mama araruka ibyo arya byose kandi ntashobora no kunywa kuva hashize icyumweru kandi nta miti mfite. Naje mvuye kure.,kinyarwanda,CRITICAL,gastrointestinal,kinyarwanda->kinyarwanda:CRITICAL:gastrointestinal,{REL} araruka ibyo arya byose kandi ntashobora no kunywa.,Ndaruka ibyo ndya byose kandi sinshobora no kunywa.
"Nyabuneka, umwana wanjye akorora gake ariko nta muriro afite kuva ijoro ryashize kandi sinshobora gusinzira. Nkora iki?",kinyarwanda,ROUTINE,cardiac_respiratory,kinyarwanda->kinyarwanda:ROUTINE:cardiac_respiratory,{REL} akorora gake ariko nta muriro afite.,Nkorora gake ariko nta muriro mfite.
Nkorora gake ariko nta muriro mfite kuva mu masaha abiri ashize bikarushaho nijoro. Ese ibi birakomeye?,kinyarwanda,ROUTINE,cardiac_respiratory,kinyarwanda->kinyarwanda:ROUTINE:cardiac_respiratory,Nkorora gake ariko nta muriro mfite.,Nkorora gake ariko nta muriro mfite.
"Mumbabarire, ndashaka kubabwira ikibazo mfite. Mama afite igikomere cyanduye, kiratukura kandi kirimo amashyira kuva hashize icyumweru kandi ndahangayitse. Murakoze.",kinyarwanda,URGENT,haemorrhage_trauma,kinyarwanda->kinyarwanda:URGENT:haemorrhage_trauma,"{REL} afite igikomere cyanduye, kiratukura kandi kirimo amashyira.","mfite igikomere cyanduye, kiratukura kandi kirimo amashyira"
"Mumbabarire, ndashaka kubabwira ikibazo mfite. Ndashaka kujya kwa muganga kwisuzumisha SIDA kuva mu cyumweru gishize kandi nta miti mfite. Ntegereze cyangwa nsuzumwe ubu?",kinyarwanda,ROUTINE,chronic_care,kinyarwanda->kinyarwanda:ROUTINE:chronic_care,Ndashaka kujya kwa muganga kwisuzumisha SIDA.,Ndashaka kujya kwa muganga kwisuzumisha SIDA.
"Muganga, umwana wanjye afite umuhaha kuva ubu gitondo cya kare kandi nta miti mfite. Nkora iki?",kinyarwanda,URGENT,paediatric,kinyarwanda->kinyarwanda:URGENT:paediatric,{REL} afite umuhaha.,Mfite umuhaha.
Ndashaka kukubwira ikibazo mfite. Mama arumva igituza kimuremereye cyane kandi ububabare bukagera no ku rwasaya cyangwa ku kuboko kuva ejo. Ndakeneye ubufasha vuba.,kinyarwanda,CRITICAL,cardiac_respiratory,kinyarwanda->kinyarwanda:CRITICAL:cardiac_respiratory,{REL} arumva igituza kimuremereye cyane kandi ububabare bukagera no ku rwasaya cyangwa ku kuboko.,{REL} arumva igituza kimuremereye cyane kandi ububabare bukagera no ku rwasaya cyangwa ku kuboko.
"Ndakeneye ubufasha, guhumeka birangora cyane ku buryo ntabasha no kuvuga neza kuva hashize iminsi itatu kandi birushaho kuba bibi. Ntegereze cyangwa nsuzumwe ubu?",kinyarwanda,CRITICAL,cardiac_respiratory,kinyarwanda->kinyarwanda:CRITICAL:cardiac_respiratory,Guhumeka birangora cyane ku buryo ntabasha no kuvuga neza.,Guhumeka birangora cyane ku buryo ntabasha no kuvuga neza.
Ndashaka kukubwira ikibazo mfite. Umwana wanjye araruka ibyo arya byose kandi ntashobora no kunywa kuva hashize iminsi ibiri. Ndakeneye ubufasha vuba.,kinyarwanda,CRITICAL,gastrointestinal,kinyarwanda->kinyarwanda:CRITICAL:gastrointestinal,{REL} araruka ibyo arya byose kandi ntashobora no kunywa.,Ndaruka ibyo ndya byose kandi sinshobora no kunywa.
"Naje hano mbere, maze ibyumweru birenga bibiri nkorora kandi natangiye no kunanuka bikarushaho nijoro. Urakoze.",kinyarwanda,URGENT,cardiac_respiratory,kinyarwanda->kinyarwanda:URGENT:cardiac_respiratory,Maze ibyumweru birenga bibiri nkorora kandi natangiye no kunanuka.,Maze ibyumweru birenga bibiri nkorora kandi natangiye no kunanuka.
Umwana wanjye ashaka ko bapima SIDA kuva mu cyumweru gishize kandi ndahangayitse. Mfasha muganga.,kinyarwanda,ROUTINE,preventive,kinyarwanda->kinyarwanda:ROUTINE:preventive,{REL} ashaka ko bapima SIDA.,Ndashaka ko bapima SIDA.
Umukecuru isukari yo mu maraso ye yazamutse cyane kuva mu cyumweru gishize. Byatangiye gitunguranye. Naje mvuye kure.,kinyarwanda,URGENT,chronic_care,kinyarwanda->kinyarwanda:URGENT:chronic_care,{REL} isukari yo mu maraso ye yazamutse cyane.,isukari yo mu maraso yanjye yazamutse cyane
"Muganga, ndatwite kandi mfite umuriro. Abandi bana na bo bafite iki kibazo. Nkora iki?",kinyarwanda,URGENT,obstetric,kinyarwanda->kinyarwanda:URGENT:obstetric,Ndatwite kandi mfite umuriro.,Ndatwite kandi mfite umuriro.
"Nzanye umwana wanjye, ndumva naniwe ariko si cyane kuva mu cyumweru gishize. Abandi bana na bo bafite iki kibazo. Nkora iki?",kinyarwanda,ROUTINE,neurological,kinyarwanda->kinyarwanda:ROUTINE:neurological,ndumva naniwe ariko si cyane,ndumva naniwe ariko si cyane
"Ndakeneye ubufasha, nta miti y'igituntu mfite kuva ijoro ryashize. Urakoze.",kinyarwanda,URGENT,chronic_care,kinyarwanda->kinyarwanda:URGENT:chronic_care,Nta miti y'igituntu mfite.,Nta miti y'igituntu mfite.
"Naje hano mbere, umukecuru afite umuriro mwinshi kandi yaragagaye kuva mu masaha abiri ashize kandi birushaho kuba bibi. Ntabasha kubona amafaranga yo kongera kuza kwa muganga.",kinyarwanda,CRITICAL,infectious_fever,kinyarwanda->kinyarwanda:CRITICAL:infectious_fever,{REL} afite umuriro mwinshi kandi yaragagaye.,Mfite umuriro mwinshi kandi nagagaye.
"Mumbabarire, ndashaka kubabwira ikibazo mfite. Papa ashaka kugirwa inama ku mazi yo kunywa kuva mu cyumweru gishize. Ntabasha kubona amafaranga yo kongera kuza kwa muganga.",kinyarwanda,ROUTINE,preventive,kinyarwanda->kinyarwanda:ROUTINE:preventive,{REL} ashaka kugirwa inama ku mazi yo kunywa.,Ndashaka kugirwa inama ku mazi yo kunywa.
"Mfasha, umwana wanjye nta miti y'igituntu afite kuva mu masaha abiri ashize kandi nta miti mfite. Nkora iki?",kinyarwanda,URGENT,chronic_care,kinyarwanda->kinyarwanda:URGENT:chronic_care,{REL} nta miti y'igituntu afite.,Nta miti y'igituntu mfite.
"Mfasha, ndashaka kongererwa imiti mfata kuva ijoro ryashize kandi nta miti mfite. Ni imiti ki nafata?",kinyarwanda,ROUTINE,chronic_care,kinyarwanda->kinyarwanda:ROUTINE:chronic_care,ndashaka kongererwa imiti mfata,ndashaka kongererwa imiti mfata
"Mumbabarire, ndashaka kubabwira ikibazo mfite. Nta miti y'igituntu mfite kuva hashize iminsi itatu kandi ndahangayitse. Ntabasha kubona amafaranga yo kongera kuza kwa muganga.",kinyarwanda,URGENT,chronic_care,kinyarwanda->kinyarwanda:URGENT:chronic_care,Nta miti y'igituntu mfite.,Nta miti y'igituntu mfite.
"Ndakeneye ubufasha, amazuru arantemba gake kuva ijoro ryashize kandi birushaho kuba bibi. Murakoze.",kinyarwanda,ROUTINE,infectious_fever,kinyarwanda->kinyarwanda:ROUTINE:infectious_fever,amazuru arantemba gake,amazuru arantemba gake
"Ndakeneye ubufasha, mushiki wanjye ahumeka bimugora cyane ku buryo adashobora no kuvuga neza kandi sinshobora gusinzira",kinyarwanda,CRITICAL,cardiac_respiratory,kinyarwanda->kinyarwanda:CRITICAL:cardiac_respiratory,{REL} ahumeka bimugora cyane ku buryo adashobora no kuvuga neza.,Guhumeka birangora cyane ku buryo ntabasha no kuvuga neza.
"Simbizi niba bikomeye ariko, mama araruka amaraso kuva ubu gitondo cya kare bikarushaho nijoro",kinyarwanda,CRITICAL,gastrointestinal,kinyarwanda->kinyarwanda:CRITICAL:gastrointestinal,{REL} araruka amaraso.,Ndaruka amaraso.
"Naje hano mbere, mfite igikomere gito kandi amaraso yarahagaze kuva hashize iminsi ibiri bikarushaho nijoro. Ese ibi birakomeye?",kinyarwanda,ROUTINE,haemorrhage_trauma,kinyarwanda->kinyarwanda:ROUTINE:haemorrhage_trauma,Mfite igikomere gito kandi amaraso yarahagaze.,Mfite igikomere gito kandi amaraso yarahagaze.
"Mfasha vuba, amazi yamenetse ariko igihe cyo kubyara ntikiragera kuva ijoro ryashize kandi ndahangayitse. Murakoze.",kinyarwanda,URGENT,obstetric,kinyarwanda->kinyarwanda:URGENT:obstetric,Amazi yamenetse ariko igihe cyo kubyara ntikiragera.,Amazi yamenetse ariko igihe cyo kubyara ntikiragera.
"Naje hano mbere, ndatwite kandi nagagaye kandi ndahangayitse. Ntegereze cyangwa nsuzumwe ubu?",kinyarwanda,CRITICAL,obstetric,kinyarwanda->kinyarwanda:CRITICAL:obstetric,Ndatwite kandi nagagaye.,Ndatwite kandi nagagaye.
"Ndakeneye ubufasha, papa afite impiswi zikomeye kandi yagize umwuma kuva mu gitondo biragenda bikagaruka. Ndakeneye ubufasha vuba.",kinyarwanda,CRITICAL,gastrointestinal,kinyarwanda->kinyarwanda:CRITICAL:gastrointestinal,{REL} afite impiswi zikomeye kandi yagize umwuma.,{REL} afite impiswi zikomeye kandi yagize umwuma.
"Ndakeneye ubufasha, umwana wanjye afite umuhaha kuva ijoro ryashize. Ntabasha kubona amafaranga yo kongera kuza kwa muganga.",kinyarwanda,URGENT,paediatric,kinyarwanda->kinyarwanda:URGENT:paediatric,{REL} afite umuhaha.,Mfite umuhaha.
"Ndakeneye ubufasha, ndumva naniwe ariko si cyane nta miti imfasha. Naje mvuye kure.",kinyarwanda,ROUTINE,neurological,kinyarwanda->kinyarwanda:ROUTINE:neurological,ndumva naniwe ariko si cyane,ndumva naniwe ariko si cyane
"Nzanye umwana wanjye, umugabo wanjye ntashobora kuvuga neza kandi umunwa we waragoramye bikarushaho nijoro",kinyarwanda,CRITICAL,neurological,kinyarwanda->kinyarwanda:CRITICAL:neurological,{REL} ntashobora kuvuga neza kandi umunwa we waragoramye.,{REL} ntashobora kuvuga neza kandi umunwa we waragoramye.
"Naje hano mbere, amazuru arantemba gake kuva mu masaha abiri ashize kandi ndahangayitse. Ni imiti ki nafata?",kinyarwanda,ROUTINE,infectious_fever,kinyarwanda->kinyarwanda:ROUTINE:infectious_fever,amazuru arantemba gake,amazuru arantemba gake
"Nzanye umwana wanjye, maze umunsi wose mbabara ngerageza kubyara ariko umwana ntarasohoka kuva hashize iminsi itatu bikarushaho nijoro. Ese ibi birakomeye?",kinyarwanda,CRITICAL,obstetric,kinyarwanda->kinyarwanda:CRITICAL:obstetric,Maze umunsi wose mbabara ngerageza kubyara ariko umwana ntarasohoka.,Maze umunsi wose mbabara ngerageza kubyara ariko umwana ntarasohoka.
"Muraho, ndabyara ariko habanje gusohoka umugozi w'umwana nta miti imfasha. Ntegereze cyangwa nsuzumwe ubu?",kinyarwanda,CRITICAL,obstetric,kinyarwanda->kinyarwanda:CRITICAL:obstetric,Ndabyara ariko habanje gusohoka umugozi w'umwana.,Ndabyara ariko habanje gusohoka umugozi w'umwana.
"Nzanye umwana wanjye, mushiki wanjye ahumeka bimugora cyane kandi iminwa ye yahindutse ibara kuva mu cyumweru gishize bikarushaho nijoro. Nkora iki?",kinyarwanda,CRITICAL,cardiac_respiratory,kinyarwanda->kinyarwanda:CRITICAL:cardiac_respiratory,{REL} ahumeka bimugora cyane kandi iminwa ye yahindutse ibara.,guhumeka birangora cyane kandi iminwa yanjye yahindutse ibara
Umuturanyi wanjye arava amaraso menshi nyuma yo kubyara kuva hashize icyumweru biragenda bikagaruka,kinyarwanda,CRITICAL,obstetric,kinyarwanda->kinyarwanda:CRITICAL:obstetric,{REL} arava amaraso menshi nyuma yo kubyara.,ndava amaraso menshi nyuma yo kubyara
"Mumbabarire, ndashaka kubabwira ikibazo mfite. Papa nta miti ya SIDA afite kuva ijoro ryashize nta miti imfasha. Ntabasha kubona amafaranga yo kongera kuza kwa muganga.",kinyarwanda,URGENT,chronic_care,kinyarwanda->kinyarwanda:URGENT:chronic_care,{REL} nta miti ya SIDA afite.,Nta miti ya SIDA mfite.
Ndashaka kukubwira ikibazo mfite. Umukecuru arababara cyane mu gituza kandi ububabare bukagera no ku kuboko kuva hashize iminsi ibiri. Naje mvuye kure.,kinyarwanda,CRITICAL,cardiac_respiratory,kinyarwanda->kinyarwanda:CRITICAL:cardiac_respiratory,{REL} arababara cyane mu gituza kandi ububabare bukagera no ku kuboko.,mu gituza harandya cyane kandi ububabare bukagera no ku kuboko
Ndashaka kukubwira ikibazo mfite. Uruhande rumwe rw'umubiri we ntirukora kuva hashize iminsi itatu. Ndakeneye ubufasha vuba.,kinyarwanda,CRITICAL,neurological,kinyarwanda->kinyarwanda:CRITICAL:neurological,Uruhande rumwe rw'umubiri we ntirukora.,Uruhande rumwe rw'umubiri we ntirukora.
"Ndashaka kukubwira ikibazo mfite. Nyuma yo kubyara, mama afite umuriro kandi hari ibintu bisohoka bifite impumuro mbi kuva ijoro ryashize kandi ndahangayitse",kinyarwanda,CRITICAL,obstetric,kinyarwanda->kinyarwanda:CRITICAL:obstetric,"Nyuma yo kubyara, {REL} afite umuriro kandi hari ibintu bisohoka bifite impumuro mbi.",Nyuma yo kubyara mfite umuriro kandi hari ibintu bisohoka bifite impumuro mbi.
"Ndakeneye ubufasha, umwana wanjye akorora gake ariko nta muriro afite kuva ijoro ryashize bikarushaho nijoro. Murakoze.",kinyarwanda,ROUTINE,cardiac_respiratory,kinyarwanda->kinyarwanda:ROUTINE:cardiac_respiratory,{REL} akorora gake ariko nta muriro afite.,Nkorora gake ariko nta muriro mfite.
"Mfasha, papa iminwa ye yahindutse ubururu kuva hashize iminsi ibiri biragenda bikagaruka. Nkora iki?",kinyarwanda,CRITICAL,cardiac_respiratory,kinyarwanda->kinyarwanda:CRITICAL:cardiac_respiratory,{REL} iminwa ye yahindutse ubururu.,Iminwa yanjye yahindutse ubururu.
"Umwana wanjye afite umuriro woroheje umaze umunsi umwe, ariko nta kindi kibazo afite kuva mu cyumweru gishize kandi ndahangayitse. Ese ibi birakomeye?",kinyarwanda,ROUTINE,infectious_fever,kinyarwanda->kinyarwanda:ROUTINE:infectious_fever,"{REL} afite umuriro woroheje umaze umunsi umwe, ariko nta kindi kibazo afite.","mfite umuriro woroheje umaze umunsi umwe, ariko nta kindi kibazo mfite"
Ndashaka imiti y'inzoka y'umwana wanjye kuva ubu gitondo cya kare nta miti imfasha. Ntabasha kubona amafaranga yo kongera kuza kwa muganga.,kinyarwanda,ROUTINE,preventive,kinyarwanda->kinyarwanda:ROUTINE:preventive,Ndashaka imiti y'inzoka y'umwana wanjye.,Ndashaka imiti y'inzoka y'umwana wanjye.
"Muganga, umuturanyi wanjye arababara cyane mu gituza kandi ububabare bukagera no ku kuboko kuva ubu gitondo cya kare kandi ndahangayitse. Ntegereze cyangwa nsuzumwe ubu?",kinyarwanda,CRITICAL,cardiac_respiratory,kinyarwanda->kinyarwanda:CRITICAL:cardiac_respiratory,{REL} arababara cyane mu gituza kandi ububabare bukagera no ku kuboko.,mu gituza harandya cyane kandi ububabare bukagera no ku kuboko
"Nzanye umwana wanjye, mama iminwa ye yahindutse ubururu kuva mu cyumweru gishize bikarushaho nijoro. Ntabasha kubona amafaranga yo kongera kuza kwa muganga.",kinyarwanda,CRITICAL,cardiac_respiratory,kinyarwanda->kinyarwanda:CRITICAL:cardiac_respiratory,{REL} iminwa ye yahindutse ubururu.,Iminwa yanjye yahindutse ubururu.
"Mumbabarire, ndashaka kubabwira ikibazo mfite. Ndashaka kujya kwa muganga kwisuzumisha SIDA kuva hashize iminsi itatu biragenda bikagaruka. Ese ibi birakomeye?",kinyarwanda,ROUTINE,chronic_care,kinyarwanda->kinyarwanda:ROUTINE:chronic_care,Ndashaka kujya kwa muganga kwisuzumisha SIDA.,Ndashaka kujya kwa muganga kwisuzumisha SIDA.
"Ndakeneye ubufasha, umwana wanjye arumva igituza kimuremereye cyane kandi ububabare bukagera no ku rwasaya cyangwa ku kuboko kuva hashize iminsi itatu kandi nta miti mfite. Mfasha muganga.",kinyarwanda,CRITICAL,cardiac_respiratory,kinyarwanda->kinyarwanda:CRITICAL:cardiac_respiratory,{REL} arumva igituza kimuremereye cyane kandi ububabare bukagera no ku rwasaya cyangwa ku kuboko.,{REL} arumva igituza kimuremereye cyane kandi ububabare bukagera no ku rwasaya cyangwa ku kuboko.
"Mfasha vuba, mushiki wanjye afite igikomere cyanduye, kiratukura kandi kirimo amashyira kuva mu gitondo bikarushaho nijoro. Mfasha muganga.",kinyarwanda,URGENT,haemorrhage_trauma,kinyarwanda->kinyarwanda:URGENT:haemorrhage_trauma,"{REL} afite igikomere cyanduye, kiratukura kandi kirimo amashyira.","mfite igikomere cyanduye, kiratukura kandi kirimo amashyira"
"Ndashaka kukubwira ikibazo mfite. Mushiki wanjye afite ibimenyetso bya malariya, umuriro n'imbeho kuva hashize icyumweru biragenda bikagaruka. Murakoze.",kinyarwanda,URGENT,infectious_fever,kinyarwanda->kinyarwanda:URGENT:infectious_fever,"{REL} afite ibimenyetso bya malariya, umuriro n'imbeho.","Mfite ibimenyetso bya malariya, umuriro n'imbeho."
Mfite igikomere ku mutwe nyuma yo kugwa kuva mu cyumweru gishize. Ese ibi birakomeye?,kinyarwanda,CRITICAL,haemorrhage_trauma,kinyarwanda->kinyarwanda:CRITICAL:haemorrhage_trauma,mfite igikomere ku mutwe nyuma yo kugwa,mfite igikomere ku mutwe nyuma yo kugwa
"Muraho, amazi yamenetse ariko igihe cyo kubyara ntikiragera kandi ndahangayitse",kinyarwanda,URGENT,obstetric,kinyarwanda->kinyarwanda:URGENT:obstetric,Amazi yamenetse ariko igihe cyo kubyara ntikiragera.,Amazi yamenetse ariko igihe cyo kubyara ntikiragera.
"Mfasha, ndava amaraso menshi nyuma yo kubyara kuva ejo. Abandi bana na bo bafite iki kibazo. Ntegereze cyangwa nsuzumwe ubu?",kinyarwanda,CRITICAL,obstetric,kinyarwanda->kinyarwanda:CRITICAL:obstetric,ndava amaraso menshi nyuma yo kubyara,ndava amaraso menshi nyuma yo kubyara
"Naje hano mbere, papa afite igikomere cyanduye, kiratukura kandi kirimo amashyira kuva ejo kandi birushaho kuba bibi. Naje mvuye kure.",kinyarwanda,URGENT,haemorrhage_trauma,kinyarwanda->kinyarwanda:URGENT:haemorrhage_trauma,"{REL} afite igikomere cyanduye, kiratukura kandi kirimo amashyira.","mfite igikomere cyanduye, kiratukura kandi kirimo amashyira"
"Ndakeneye ubufasha, nkorora gake ariko nta muriro mfite kuva mu masaha abiri ashize bikarushaho nijoro. Ese ibi birakomeye?",kinyarwanda,ROUTINE,cardiac_respiratory,kinyarwanda->kinyarwanda:ROUTINE:cardiac_respiratory,Nkorora gake ariko nta muriro mfite.,Nkorora gake ariko nta muriro mfite.
"Naje hano mbere, papa afite umuriro mwinshi kandi yaragagaye kuva hashize iminsi itatu. Byatangiye gitunguranye. Ntabasha kubona amafaranga yo kongera kuza kwa muganga.",kinyarwanda,CRITICAL,infectious_fever,kinyarwanda->kinyarwanda:CRITICAL:infectious_fever,{REL} afite umuriro mwinshi kandi yaragagaye.,Mfite umuriro mwinshi kandi nagagaye.
"Mfasha, ndatwite kandi ndashaka kujya kwa muganga kwisuzumisha kuva ejo kandi ndahangayitse. Naje mvuye kure.",kinyarwanda,ROUTINE,obstetric,kinyarwanda->kinyarwanda:ROUTINE:obstetric,Ndatwite kandi ndashaka kujya kwa muganga kwisuzumisha.,Ndatwite kandi ndashaka kujya kwa muganga kwisuzumisha.
"Ndakeneye ubufasha, mama arakomeza kuruka kandi ntashobora kurya kuva mu gitondo kandi birushaho kuba bibi. Naje mvuye kure.",kinyarwanda,URGENT,gastrointestinal,kinyarwanda->kinyarwanda:URGENT:gastrointestinal,{REL} arakomeza kuruka kandi ntashobora kurya.,ndakomeza kuruka kandi sinshobora kurya
Mushiki wanjye aratwite kandi ashaka kwisuzumisha kwa muganga bwa mbere kuva ejo. Byatangiye gitunguranye. Ntegereze cyangwa nsuzumwe ubu?,kinyarwanda,ROUTINE,preventive,kinyarwanda->kinyarwanda:ROUTINE:preventive,{REL} aratwite kandi ashaka kwisuzumisha kwa muganga bwa mbere.,Ndatwite kandi ndashaka kwisuzumisha kwa muganga bwa mbere.
Umwana wanjye afite igikomere gito kandi amaraso yarahagaze kuva hashize iminsi itatu kandi nta miti mfite. Ndakeneye ubufasha vuba.,kinyarwanda,ROUTINE,haemorrhage_trauma,kinyarwanda->kinyarwanda:ROUTINE:haemorrhage_trauma,{REL} afite igikomere gito kandi amaraso yarahagaze.,Mfite igikomere gito kandi amaraso yarahagaze.
"Naje hano mbere, ndashaka kujya kwa muganga kwisuzumisha SIDA kuva ejo kandi nta miti mfite",kinyarwanda,ROUTINE,chronic_care,kinyarwanda->kinyarwanda:ROUTINE:chronic_care,Ndashaka kujya kwa muganga kwisuzumisha SIDA.,Ndashaka kujya kwa muganga kwisuzumisha SIDA.
"Mfasha, umwana wanjye afite umuriro mwinshi kandi ntarya. Abandi bana na bo bafite iki kibazo. Ntegereze cyangwa nsuzumwe ubu?",kinyarwanda,URGENT,paediatric,kinyarwanda->kinyarwanda:URGENT:paediatric,{REL} afite umuriro mwinshi kandi ntarya.,{REL} afite umuriro mwinshi kandi ntarya.
"Simbizi niba bikomeye ariko, ndatwite kandi ndashaka kujya kwa muganga kwisuzumisha kuva hashize iminsi itatu. Byatangiye gitunguranye. Ndakeneye ubufasha vuba.",kinyarwanda,ROUTINE,obstetric,kinyarwanda->kinyarwanda:ROUTINE:obstetric,Ndatwite kandi ndashaka kujya kwa muganga kwisuzumisha.,Ndatwite kandi ndashaka kujya kwa muganga kwisuzumisha.
"Nyabuneka, mama afite igikomere cyanduye, kiratukura kandi kirimo amashyira kuva hashize iminsi itatu biragenda bikagaruka. Murakoze.",kinyarwanda,URGENT,haemorrhage_trauma,kinyarwanda->kinyarwanda:URGENT:haemorrhage_trauma,"{REL} afite igikomere cyanduye, kiratukura kandi kirimo amashyira.","mfite igikomere cyanduye, kiratukura kandi kirimo amashyira"
"Ndakeneye ubufasha, mfite impiswi zirimo amaraso kuva mu cyumweru gishize. Ni imiti ki nafata?",kinyarwanda,URGENT,gastrointestinal,kinyarwanda->kinyarwanda:URGENT:gastrointestinal,Mfite impiswi zirimo amaraso.,Mfite impiswi zirimo amaraso.
"Umwana wanjye afite umuriro woroheje umaze umunsi umwe, ariko nta kindi kibazo afite kuva ejo kandi ndahangayitse. Ni imiti ki nafata?",kinyarwanda,ROUTINE,infectious_fever,kinyarwanda->kinyarwanda:ROUTINE:infectious_fever,"{REL} afite umuriro woroheje umaze umunsi umwe, ariko nta kindi kibazo afite.","mfite umuriro woroheje umaze umunsi umwe, ariko nta kindi kibazo mfite"
Ndaruka amaraso kuva mu masaha abiri ashize biragenda bikagaruka. Naje mvuye kure.,kinyarwanda,CRITICAL,gastrointestinal,kinyarwanda->kinyarwanda:CRITICAL:gastrointestinal,Ndaruka amaraso.,Ndaruka amaraso.
"Naje hano mbere, umugore wanjye ashaka inama ku biryo byo kugaburira umwana we kuva mu masaha abiri ashize kandi sinshobora gusinzira. Ni imiti ki nafata?",kinyarwanda,ROUTINE,preventive,kinyarwanda->kinyarwanda:ROUTINE:preventive,{REL} ashaka inama ku biryo byo kugaburira umwana we.,Ndashaka inama ku biryo byo kugaburira umwana wanjye.
"Simbizi niba bikomeye ariko, umugore wanjye arakomeza kuruka kandi ntashobora kurya kuva mu gitondo bikarushaho nijoro. Ese ibi birakomeye?",kinyarwanda,URGENT,gastrointestinal,kinyarwanda->kinyarwanda:URGENT:gastrointestinal,{REL} arakomeza kuruka kandi ntashobora kurya.,ndakomeza kuruka kandi sinshobora kurya
"Mfasha vuba, ndabyara ariko habanje gusohoka umugozi w'umwana kuva ubu gitondo cya kare. Byatangiye gitunguranye. Ntegereze cyangwa nsuzumwe ubu?",kinyarwanda,CRITICAL,obstetric,kinyarwanda->kinyarwanda:CRITICAL:obstetric,Ndabyara ariko habanje gusohoka umugozi w'umwana.,Ndabyara ariko habanje gusohoka umugozi w'umwana.
"Muganga, umugabo wanjye amaze ibyumweru birenga bibiri arwaye impiswi kuva ubu gitondo cya kare bikarushaho nijoro. Mfasha muganga.",kinyarwanda,URGENT,gastrointestinal,kinyarwanda->kinyarwanda:URGENT:gastrointestinal,{REL} amaze ibyumweru birenga bibiri arwaye impiswi.,Maze ibyumweru birenga bibiri ndwaye impiswi.
"Naje hano mbere, umwana wanjye afite umuhaha kuva hashize icyumweru. Abandi bana na bo bafite iki kibazo. Murakoze.",kinyarwanda,URGENT,paediatric,kinyarwanda->kinyarwanda:URGENT:paediatric,{REL} afite umuhaha.,Mfite umuhaha.
Umwana wanjye afite igikomere gito kandi amaraso yarahagaze kuva mu cyumweru gishize. Byatangiye gitunguranye. Ntegereze cyangwa nsuzumwe ubu?,kinyarwanda,ROUTINE,haemorrhage_trauma,kinyarwanda->kinyarwanda:ROUTINE:haemorrhage_trauma,{REL} afite igikomere gito kandi amaraso yarahagaze.,Mfite igikomere gito kandi amaraso yarahagaze.
"Muganga, ndashaka kujya kwa muganga kwisuzumisha diyabete kuva mu masaha abiri ashize bikarushaho nijoro. Urakoze.",kinyarwanda,ROUTINE,chronic_care,kinyarwanda->kinyarwanda:ROUTINE:chronic_care,Ndashaka kujya kwa muganga kwisuzumisha diyabete.,Ndashaka kujya kwa muganga kwisuzumisha SIDA.
"Muganga, mfite gahunda yo kwisuzumisha buri mwaka kuva ubu gitondo cya kare kandi birushaho kuba bibi. Naje mvuye kure.",kinyarwanda,ROUTINE,preventive,kinyarwanda->kinyarwanda:ROUTINE:preventive,Mfite gahunda yo kwisuzumisha buri mwaka.,Mfite gahunda yo kwisuzumisha buri mwaka.
"Nyabuneka, umukecuru arumva igituza kimuremereye cyane kandi ububabare bukagera no ku rwasaya cyangwa ku kuboko kuva ejo. Ni imiti ki nafata?",kinyarwanda,CRITICAL,cardiac_respiratory,kinyarwanda->kinyarwanda:CRITICAL:cardiac_respiratory,{REL} arumva igituza kimuremereye cyane kandi ububabare bukagera no ku rwasaya cyangwa ku kuboko.,{REL} arumva igituza kimuremereye cyane kandi ububabare bukagera no ku rwasaya cyangwa ku kuboko.
"Muraho, papa afite impiswi zirimo amaraso kuva ubu gitondo cya kare. Byatangiye gitunguranye. Ntabasha kubona amafaranga yo kongera kuza kwa muganga.",kinyarwanda,URGENT,gastrointestinal,kinyarwanda->kinyarwanda:URGENT:gastrointestinal,{REL} afite impiswi zirimo amaraso.,Mfite impiswi zirimo amaraso.
"Ndakeneye ubufasha, umugabo wanjye ashaka kugirwa inama ku mazi yo kunywa kuva hashize iminsi itatu. Ese ibi birakomeye?",kinyarwanda,ROUTINE,preventive,kinyarwanda->kinyarwanda:ROUTINE:preventive,{REL} ashaka kugirwa inama ku mazi yo kunywa.,Ndashaka kugirwa inama ku mazi yo kunywa.
"Ndakeneye ubufasha, ndaruka amaraso kuva ubu gitondo cya kare. Byatangiye gitunguranye. Mfasha muganga.",kinyarwanda,CRITICAL,gastrointestinal,kinyarwanda->kinyarwanda:CRITICAL:gastrointestinal,Ndaruka amaraso.,Ndaruka amaraso.
"Naje hano mbere, umuturanyi wanjye aratwite kandi yaragagaye kuva ejo. Abandi bana na bo bafite iki kibazo. Ese ibi birakomeye?",kinyarwanda,CRITICAL,obstetric,kinyarwanda->kinyarwanda:CRITICAL:obstetric,{REL} aratwite kandi yaragagaye.,Ndatwite kandi nagagaye.
"Simbizi niba bikomeye ariko, umugabo wanjye yataye ubwenge kandi ntasubiza kuva hashize iminsi ibiri bikarushaho nijoro. Ni imiti ki nafata?",kinyarwanda,CRITICAL,neurological,kinyarwanda->kinyarwanda:CRITICAL:neurological,{REL} yataye ubwenge kandi ntasubiza.,{REL} yataye ubwenge kandi ntasubiza.
"Nzanye umwana wanjye, ndashaka kongererwa imiti mfata kuva hashize iminsi ibiri kandi sinshobora gusinzira. Nkora iki?",kinyarwanda,ROUTINE,chronic_care,kinyarwanda->kinyarwanda:ROUTINE:chronic_care,ndashaka kongererwa imiti mfata,ndashaka kongererwa imiti mfata
"Nzanye umwana wanjye, ndashaka kujya kwa muganga kwisuzumisha diyabete biragenda bikagaruka. Ndakeneye ubufasha vuba.",kinyarwanda,ROUTINE,chronic_care,kinyarwanda->kinyarwanda:ROUTINE:chronic_care,Ndashaka kujya kwa muganga kwisuzumisha diyabete.,Ndashaka kujya kwa muganga kwisuzumisha SIDA.
"Mfasha vuba, umuturanyi wanjye amaze iminsi itatu arwaye impiswi zikomeye kandi ndahangayitse. Ntabasha kubona amafaranga yo kongera kuza kwa muganga.",kinyarwanda,URGENT,gastrointestinal,kinyarwanda->kinyarwanda:URGENT:gastrointestinal,{REL} amaze iminsi itatu arwaye impiswi zikomeye.,maze iminsi itatu ndwaye impiswi zikomeye
"Simbizi niba bikomeye ariko, umutima uratera cyane kandi nkumva umeze nk'aho uhagarara kuva hashize iminsi itatu kandi nta miti mfite. Ntegereze cyangwa nsuzumwe ubu?",kinyarwanda,CRITICAL,cardiac_respiratory,kinyarwanda->kinyarwanda:CRITICAL:cardiac_respiratory,umutima uratera cyane kandi nkumva umeze nk'aho uhagarara,umutima uratera cyane kandi nkumva umeze nk'aho uhagarara
Umugabo wanjye afite igikomere ku mutwe nyuma yo kugwa kuva mu cyumweru gishize bikarushaho nijoro. Naje mvuye kure.,kinyarwanda,CRITICAL,haemorrhage_trauma,kinyarwanda->kinyarwanda:CRITICAL:haemorrhage_trauma,{REL} afite igikomere ku mutwe nyuma yo kugwa.,mfite igikomere ku mutwe nyuma yo kugwa
"Simbizi niba bikomeye ariko, uruhande rumwe rw'umubiri we ntirukora kuva hashize iminsi itatu. Byatangiye gitunguranye. Ntegereze cyangwa nsuzumwe ubu?",kinyarwanda,CRITICAL,neurological,kinyarwanda->kinyarwanda:CRITICAL:neurological,Uruhande rumwe rw'umubiri we ntirukora.,Uruhande rumwe rw'umubiri we ntirukora.
"Nzanye umwana wanjye, umugabo wanjye arumva igituza kimuremereye cyane kandi ububabare bukagera no ku rwasaya cyangwa ku kuboko kuva hashize icyumweru kandi nta miti mfite. Ntabasha kubona amafaranga yo kongera kuza kwa muganga.",kinyarwanda,CRITICAL,cardiac_respiratory,kinyarwanda->kinyarwanda:CRITICAL:cardiac_respiratory,{REL} arumva igituza kimuremereye cyane kandi ububabare bukagera no ku rwasaya cyangwa ku kuboko.,{REL} arumva igituza kimuremereye cyane kandi ububabare bukagera no ku rwasaya cyangwa ku kuboko.
Ndashaka kukubwira ikibazo mfite. Maze ibyumweru birenga bibiri nkorora kandi natangiye no kunanuka kuva hashize iminsi itatu. Byatangiye gitunguranye. Ntegereze cyangwa nsuzumwe ubu?,kinyarwanda,URGENT,cardiac_respiratory,kinyarwanda->kinyarwanda:URGENT:cardiac_respiratory,Maze ibyumweru birenga bibiri nkorora kandi natangiye no kunanuka.,Maze ibyumweru birenga bibiri nkorora kandi natangiye no kunanuka.
"Muraho, ndumva naniwe ariko si cyane kuva mu masaha abiri ashize. Ndakeneye ubufasha vuba.",kinyarwanda,ROUTINE,neurological,kinyarwanda->kinyarwanda:ROUTINE:neurological,ndumva naniwe ariko si cyane,ndumva naniwe ariko si cyane
"Nyabuneka, umwana wanjye afite impiswi zirimo amaraso kuva ejo. Abandi bana na bo bafite iki kibazo. Mfasha muganga.",kinyarwanda,URGENT,gastrointestinal,kinyarwanda->kinyarwanda:URGENT:gastrointestinal,{REL} afite impiswi zirimo amaraso.,Mfite impiswi zirimo amaraso.
Ndashaka kukubwira ikibazo mfite. Mushiki wanjye arababara cyane mu gituza kandi ububabare bukagera no ku kuboko kuva hashize iminsi itatu biragenda bikagaruka. Ndakeneye ubufasha vuba.,kinyarwanda,CRITICAL,cardiac_respiratory,kinyarwanda->kinyarwanda:CRITICAL:cardiac_respiratory,{REL} arababara cyane mu gituza kandi ububabare bukagera no ku kuboko.,mu gituza harandya cyane kandi ububabare bukagera no ku kuboko
"Mfasha, umwana wanjye araruka amaraso kuva ijoro ryashize. Byatangiye gitunguranye.",kinyarwanda,CRITICAL,gastrointestinal,kinyarwanda->kinyarwanda:CRITICAL:gastrointestinal,{REL} araruka amaraso.,Ndaruka amaraso.
"Naje hano mbere, mfite umuriro mwinshi kandi ndakorora cyane kuva mu cyumweru gishize. Ndakeneye ubufasha vuba.",kinyarwanda,URGENT,infectious_fever,kinyarwanda->kinyarwanda:URGENT:infectious_fever,mfite umuriro mwinshi kandi ndakorora cyane,mfite umuriro mwinshi kandi ndakorora cyane
"Ndakeneye ubufasha, umwana wanjye amaze ibyumweru birenga bibiri akorora kandi yatangiye no kunanuka kuva ubu gitondo cya kare. Abandi bana na bo bafite iki kibazo. Murakoze.",kinyarwanda,URGENT,cardiac_respiratory,kinyarwanda->kinyarwanda:URGENT:cardiac_respiratory,{REL} amaze ibyumweru birenga bibiri akorora kandi yatangiye no kunanuka.,Maze ibyumweru birenga bibiri nkorora kandi natangiye no kunanuka.
"Ndakeneye ubufasha, papa araruka amaraso kuva hashize iminsi itatu kandi sinshobora gusinzira. Mfasha muganga.",kinyarwanda,CRITICAL,gastrointestinal,kinyarwanda->kinyarwanda:CRITICAL:gastrointestinal,{REL} araruka amaraso.,Ndaruka amaraso.
"Mfasha vuba, umukecuru afite igikomere cyanduye, kiratukura kandi kirimo amashyira. Abandi bana na bo bafite iki kibazo. Murakoze.",kinyarwanda,URGENT,haemorrhage_trauma,kinyarwanda->kinyarwanda:URGENT:haemorrhage_trauma,"{REL} afite igikomere cyanduye, kiratukura kandi kirimo amashyira.","mfite igikomere cyanduye, kiratukura kandi kirimo amashyira"
"Naje hano mbere, ndashaka kongererwa imiti mfata kuva mu masaha abiri ashize. Byatangiye gitunguranye. Ndakeneye ubufasha vuba.",kinyarwanda,ROUTINE,chronic_care,kinyarwanda->kinyarwanda:ROUTINE:chronic_care,ndashaka kongererwa imiti mfata,ndashaka kongererwa imiti mfata
"Mumbabarire, ndashaka kubabwira ikibazo mfite. Mama amaze umunsi wose ari mu bubabare bwo kubyara ariko umwana ntarasohoka kuva mu gitondo kandi sinshobora gusinzira. Naje mvuye kure.",kinyarwanda,CRITICAL,obstetric,kinyarwanda->kinyarwanda:CRITICAL:obstetric,{REL} amaze umunsi wose ari mu bubabare bwo kubyara ariko umwana ntarasohoka.,Maze umunsi wose mbabara ngerageza kubyara ariko umwana ntarasohoka.
Mu rugo hari umuntu urwaye igituntu kandi ndashaka kwisuzumisha kuva ijoro ryashize kandi birushaho kuba bibi,kinyarwanda,URGENT,preventive,kinyarwanda->kinyarwanda:URGENT:preventive,Mu rugo hari umuntu urwaye igituntu kandi ndashaka kwisuzumisha.,Mu rugo hari umuntu urwaye igituntu kandi ndashaka kwisuzumisha.
"Mumbabarire, ndashaka kubabwira ikibazo mfite. Mfite umuhaha kuva mu gitondo kandi sinshobora gusinzira",kinyarwanda,URGENT,paediatric,kinyarwanda->kinyarwanda:URGENT:paediatric,Mfite umuhaha.,Mfite umuhaha.
"Mfasha vuba, umutima uratera cyane kandi nkumva umeze nk'aho uhagarara kandi sinshobora gusinzira",kinyarwanda,CRITICAL,cardiac_respiratory,kinyarwanda->kinyarwanda:CRITICAL:cardiac_respiratory,umutima uratera cyane kandi nkumva umeze nk'aho uhagarara,umutima uratera cyane kandi nkumva umeze nk'aho uhagarara
"Muganga, ndashaka imiti y'inzoka y'umwana wanjye kuva hashize iminsi itatu nta miti imfasha. Ese ibi birakomeye?",kinyarwanda,ROUTINE,preventive,kinyarwanda->kinyarwanda:ROUTINE:preventive,Ndashaka imiti y'inzoka y'umwana wanjye.,Ndashaka imiti y'inzoka y'umwana wanjye.
"Mumbabarire, ndashaka kubabwira ikibazo mfite. Papa yabyimbye ibirenge kandi ntashobora guhumeka neza iyo aragaramye kuva mu cyumweru gishize bikarushaho nijoro. Murakoze.",kinyarwanda,URGENT,chronic_care,kinyarwanda->kinyarwanda:URGENT:chronic_care,{REL} yabyimbye ibirenge kandi ntashobora guhumeka neza iyo aragaramye.,Nabyimbye ibirenge kandi sinshobora guhumeka neza iyo ndagaramye.
"Muraho, papa yabyimbye ibirenge kandi ntashobora guhumeka neza iyo aragaramye kuva mu masaha abiri ashize kandi birushaho kuba bibi. Urakoze.",kinyarwanda,URGENT,chronic_care,kinyarwanda->kinyarwanda:URGENT:chronic_care,{REL} yabyimbye ibirenge kandi ntashobora guhumeka neza iyo aragaramye.,Nabyimbye ibirenge kandi sinshobora guhumeka neza iyo ndagaramye.
"Simbizi niba bikomeye ariko, mushiki wanjye amaze umunsi wose ari mu bubabare bwo kubyara ariko umwana ntarasohoka kuva hashize icyumweru. Byatangiye gitunguranye. Ntegereze cyangwa nsuzumwe ubu?",kinyarwanda,CRITICAL,obstetric,kinyarwanda->kinyarwanda:CRITICAL:obstetric,{REL} amaze umunsi wose ari mu bubabare bwo kubyara ariko umwana ntarasohoka.,Maze umunsi wose mbabara ngerageza kubyara ariko umwana ntarasohoka.
"Mfasha, umuturanyi wanjye ahumeka bimugora cyane ku buryo adashobora no kuvuga neza kuva mu cyumweru gishize. Byatangiye gitunguranye. Ndakeneye ubufasha vuba.",kinyarwanda,CRITICAL,cardiac_respiratory,kinyarwanda->kinyarwanda:CRITICAL:cardiac_respiratory,{REL} ahumeka bimugora cyane ku buryo adashobora no kuvuga neza.,Guhumeka birangora cyane ku buryo ntabasha no kuvuga neza.
Ndashaka kukubwira ikibazo mfite. Mama aratwite kandi yaragagaye kuva hashize icyumweru kandi ndahangayitse. Ntabasha kubona amafaranga yo kongera kuza kwa muganga.,kinyarwanda,CRITICAL,obstetric,kinyarwanda->kinyarwanda:CRITICAL:obstetric,{REL} aratwite kandi yaragagaye.,Ndatwite kandi nagagaye.
Ndatwite kandi nagagaye kuva ejo nta miti imfasha. Naje mvuye kure.,kinyarwanda,CRITICAL,obstetric,kinyarwanda->kinyarwanda:CRITICAL:obstetric,Ndatwite kandi nagagaye.,Ndatwite kandi nagagaye.
"Mfasha, mfite impiswi zirimo amaraso kuva mu cyumweru gishize kandi birushaho kuba bibi. Nkora iki?",kinyarwanda,URGENT,gastrointestinal,kinyarwanda->kinyarwanda:URGENT:gastrointestinal,Mfite impiswi zirimo amaraso.,Mfite impiswi zirimo amaraso.
"Mfasha vuba, mama afite igikomere cyanduye, kiratukura kandi kirimo amashyira kuva ejo bikarushaho nijoro. Urakoze.",kinyarwanda,URGENT,haemorrhage_trauma,kinyarwanda->kinyarwanda:URGENT:haemorrhage_trauma,"{REL} afite igikomere cyanduye, kiratukura kandi kirimo amashyira.","mfite igikomere cyanduye, kiratukura kandi kirimo amashyira"
"Mfasha, umugore wanjye araruka amaraso kuva mu masaha abiri ashize kandi birushaho kuba bibi. Ntegereze cyangwa nsuzumwe ubu?",kinyarwanda,CRITICAL,gastrointestinal,kinyarwanda->kinyarwanda:CRITICAL:gastrointestinal,{REL} araruka amaraso.,Ndaruka amaraso.
"Nyabuneka, umuturanyi wanjye araruka ibyo arya byose kandi ntashobora no kunywa kuva hashize iminsi itatu kandi birushaho kuba bibi. Naje mvuye kure.",kinyarwanda,CRITICAL,gastrointestinal,kinyarwanda->kinyarwanda:CRITICAL:gastrointestinal,{REL} araruka ibyo arya byose kandi ntashobora no kunywa.,Ndaruka ibyo ndya byose kandi sinshobora no kunywa.
"Nzanye umwana wanjye, umwana wanjye amaze ibyumweru birenga bibiri akorora kandi yatangiye no kunanuka kuva ubu gitondo cya kare bikarushaho nijoro. Naje mvuye kure.",kinyarwanda,URGENT,cardiac_respiratory,kinyarwanda->kinyarwanda:URGENT:cardiac_respiratory,{REL} amaze ibyumweru birenga bibiri akorora kandi yatangiye no kunanuka.,Maze ibyumweru birenga bibiri nkorora kandi natangiye no kunanuka.
"Naje hano mbere, mushiki wanjye aratwite kandi ashaka kwisuzumisha kwa muganga bwa mbere kuva mu gitondo kandi ndahangayitse. Ndakeneye ubufasha vuba.",kinyarwanda,ROUTINE,preventive,kinyarwanda->kinyarwanda:ROUTINE:preventive,{REL} aratwite kandi ashaka kwisuzumisha kwa muganga bwa mbere.,Ndatwite kandi ndashaka kwisuzumisha kwa muganga bwa mbere.
"Mumbabarire, ndashaka kubabwira ikibazo mfite. Umuturanyi wanjye arumva igituza kimuremereye cyane kandi ububabare bukagera no ku rwasaya cyangwa ku kuboko kuva mu cyumweru gishize nta miti imfasha. Ndakeneye ubufasha vuba.",kinyarwanda,CRITICAL,cardiac_respiratory,kinyarwanda->kinyarwanda:CRITICAL:cardiac_respiratory,{REL} arumva igituza kimuremereye cyane kandi ububabare bukagera no ku rwasaya cyangwa ku kuboko.,{REL} arumva igituza kimuremereye cyane kandi ububabare bukagera no ku rwasaya cyangwa ku kuboko.
"Nyabuneka, umugore wanjye arababara cyane mu gituza kandi ububabare bukagera no ku kuboko kuva mu masaha abiri ashize bikarushaho nijoro. Ni imiti ki nafata?",kinyarwanda,CRITICAL,cardiac_respiratory,kinyarwanda->kinyarwanda:CRITICAL:cardiac_respiratory,{REL} arababara cyane mu gituza kandi ububabare bukagera no ku kuboko.,mu gituza harandya cyane kandi ububabare bukagera no ku kuboko
"Muganga, umugore wanjye amaze iminsi itatu arwaye impiswi zikomeye kandi nta miti mfite",kinyarwanda,URGENT,gastrointestinal,kinyarwanda->kinyarwanda:URGENT:gastrointestinal,{REL} amaze iminsi itatu arwaye impiswi zikomeye.,maze iminsi itatu ndwaye impiswi zikomeye
"Mfasha vuba, mu gituza harandya cyane kandi ububabare bukagera no ku kuboko kuva mu cyumweru gishize bikarushaho nijoro. Ntabasha kubona amafaranga yo kongera kuza kwa muganga.",kinyarwanda,CRITICAL,cardiac_respiratory,kinyarwanda->kinyarwanda:CRITICAL:cardiac_respiratory,mu gituza harandya cyane kandi ububabare bukagera no ku kuboko,mu gituza harandya cyane kandi ububabare bukagera no ku kuboko
"Muganga, umugore wanjye ashaka inama ku biryo byo kugaburira umwana we kuva hashize iminsi itatu nta miti imfasha. Mfasha muganga.",kinyarwanda,ROUTINE,preventive,kinyarwanda->kinyarwanda:ROUTINE:preventive,{REL} ashaka inama ku biryo byo kugaburira umwana we.,Ndashaka inama ku biryo byo kugaburira umwana wanjye.
Ndashaka kukubwira ikibazo mfite. Umwana wanjye yataye ubwenge kandi ntasubiza kuva ubu gitondo cya kare. Abandi bana na bo bafite iki kibazo.,kinyarwanda,CRITICAL,neurological,kinyarwanda->kinyarwanda:CRITICAL:neurological,{REL} yataye ubwenge kandi ntasubiza.,{REL} yataye ubwenge kandi ntasubiza.
"Naje hano mbere, papa nta miti ya SIDA afite kuva ejo biragenda bikagaruka. Ndakeneye ubufasha vuba.",kinyarwanda,URGENT,chronic_care,kinyarwanda->kinyarwanda:URGENT:chronic_care,{REL} nta miti ya SIDA afite.,Nta miti ya SIDA mfite.
"Ndakeneye ubufasha, umwana wanjye nta miti ya SIDA afite kandi ndahangayitse. Ni imiti ki nafata?",kinyarwanda,URGENT,chronic_care,kinyarwanda->kinyarwanda:URGENT:chronic_care,{REL} nta miti ya SIDA afite.,Nta miti ya SIDA mfite.
"Muraho, umwana wanjye afite umuriro mwinshi kandi ntarya. Ese ibi birakomeye?",kinyarwanda,URGENT,paediatric,kinyarwanda->kinyarwanda:URGENT:paediatric,{REL} afite umuriro mwinshi kandi ntarya.,{REL} afite umuriro mwinshi kandi ntarya.
"Nzanye umwana wanjye, mushiki wanjye yagagaye kandi arimo guhinda umushyitsi. Byatangiye gitunguranye. Ese ibi birakomeye?",kinyarwanda,CRITICAL,neurological,kinyarwanda->kinyarwanda:CRITICAL:neurological,{REL} yagagaye kandi arimo guhinda umushyitsi.,{REL} yagagaye kandi arimo guhinda umushyitsi.
"Simbizi niba bikomeye ariko, mama aratwite kandi yaragagaye kuva mu masaha abiri ashize kandi birushaho kuba bibi. Ni imiti ki nafata?",kinyarwanda,CRITICAL,obstetric,kinyarwanda->kinyarwanda:CRITICAL:obstetric,{REL} aratwite kandi yaragagaye.,Ndatwite kandi nagagaye.
"Mfasha vuba, umuturanyi wanjye afite ibimenyetso bya malariya, umuriro n'imbeho kuva mu cyumweru gishize kandi birushaho kuba bibi. Ese ibi birakomeye?",kinyarwanda,URGENT,infectious_fever,kinyarwanda->kinyarwanda:URGENT:infectious_fever,"{REL} afite ibimenyetso bya malariya, umuriro n'imbeho.","Mfite ibimenyetso bya malariya, umuriro n'imbeho."
"Mfasha, ndabyara ariko habanje gusohoka umugozi w'umwana kuva ejo kandi ndahangayitse. Mfasha muganga.",kinyarwanda,CRITICAL,obstetric,kinyarwanda->kinyarwanda:CRITICAL:obstetric,Ndabyara ariko habanje gusohoka umugozi w'umwana.,Ndabyara ariko habanje gusohoka umugozi w'umwana.
"Muganga, umugore wanjye ari kuva amaraso menshi kandi ntahagarara kuva mu masaha abiri ashize kandi sinshobora gusinzira. Ntabasha kubona amafaranga yo kongera kuza kwa muganga.",kinyarwanda,CRITICAL,haemorrhage_trauma,kinyarwanda->kinyarwanda:CRITICAL:haemorrhage_trauma,{REL} ari kuva amaraso menshi kandi ntahagarara.,ndi kuva amaraso menshi kandi ntahagarara
"Mfasha vuba, umuturanyi wanjye amaze ibyumweru birenga bibiri akorora kandi yatangiye no kunanuka kuva mu masaha abiri ashize kandi ndahangayitse. Urakoze.",kinyarwanda,URGENT,cardiac_respiratory,kinyarwanda->kinyarwanda:URGENT:cardiac_respiratory,{REL} amaze ibyumweru birenga bibiri akorora kandi yatangiye no kunanuka.,Maze ibyumweru birenga bibiri nkorora kandi natangiye no kunanuka.
"Mfasha vuba, mfite umuriro mwinshi kandi ndakorora cyane kuva mu gitondo kandi nta miti mfite. Naje mvuye kure.",kinyarwanda,URGENT,infectious_fever,kinyarwanda->kinyarwanda:URGENT:infectious_fever,mfite umuriro mwinshi kandi ndakorora cyane,mfite umuriro mwinshi kandi ndakorora cyane
Mama yagagaye kandi arimo guhinda umushyitsi kandi birushaho kuba bibi,kinyarwanda,CRITICAL,neurological,kinyarwanda->kinyarwanda:CRITICAL:neurological,{REL} yagagaye kandi arimo guhinda umushyitsi.,{REL} yagagaye kandi arimo guhinda umushyitsi.
"Mumbabarire, ndashaka kubabwira ikibazo mfite. Guhumeka birangora cyane ku buryo ntabasha no kuvuga neza kandi birushaho kuba bibi. Ni imiti ki nafata?",kinyarwanda,CRITICAL,cardiac_respiratory,kinyarwanda->kinyarwanda:CRITICAL:cardiac_respiratory,Guhumeka birangora cyane ku buryo ntabasha no kuvuga neza.,Guhumeka birangora cyane ku buryo ntabasha no kuvuga neza.
"Mumbabarire, ndashaka kubabwira ikibazo mfite. Nyuma yo kubyara mfite umuriro kandi hari ibintu bisohoka bifite impumuro mbi kuva mu cyumweru gishize. Byatangiye gitunguranye. Mfasha muganga.",kinyarwanda,CRITICAL,obstetric,kinyarwanda->kinyarwanda:CRITICAL:obstetric,Nyuma yo kubyara mfite umuriro kandi hari ibintu bisohoka bifite impumuro mbi.,Nyuma yo kubyara mfite umuriro kandi hari ibintu bisohoka bifite impumuro mbi.
"Nzanye umwana wanjye, iyo maze kurya numva mu nda ntameze neza kuva ijoro ryashize",kinyarwanda,ROUTINE,gastrointestinal,kinyarwanda->kinyarwanda:ROUTINE:gastrointestinal,iyo maze kurya numva mu nda ntameze neza,"Iyo {REL} amaze kurya, yumva inda itameze neza."
"Nzanye umwana wanjye, papa isukari yo mu maraso ye yazamutse cyane kuva mu cyumweru gishize kandi sinshobora gusinzira. Ni imiti ki nafata?",kinyarwanda,URGENT,chronic_care,kinyarwanda->kinyarwanda:URGENT:chronic_care,{REL} isukari yo mu maraso ye yazamutse cyane.,isukari yo mu maraso yanjye yazamutse cyane
Ndashaka kukubwira ikibazo mfite. Umukecuru ashaka ko bapima ibiro by'umwana we kuva hashize iminsi itatu nta miti imfasha. Ntegereze cyangwa nsuzumwe ubu?,kinyarwanda,ROUTINE,paediatric,kinyarwanda->kinyarwanda:ROUTINE:paediatric,{REL} ashaka ko bapima ibiro by'umwana we.,Ndashaka ko bapima ibiro by'umwana wanjye.
"Mfasha vuba, ndashaka kujya kwa muganga kwisuzumisha SIDA kuva ubu gitondo cya kare. Abandi bana na bo bafite iki kibazo. Ntegereze cyangwa nsuzumwe ubu?",kinyarwanda,ROUTINE,chronic_care,kinyarwanda->kinyarwanda:ROUTINE:chronic_care,Ndashaka kujya kwa muganga kwisuzumisha SIDA.,Ndashaka kujya kwa muganga kwisuzumisha SIDA.
"Nyabuneka, ndatwite kandi nagagaye kuva ubu gitondo cya kare kandi sinshobora gusinzira. Mfasha muganga.",kinyarwanda,CRITICAL,obstetric,kinyarwanda->kinyarwanda:CRITICAL:obstetric,Ndatwite kandi nagagaye.,Ndatwite kandi nagagaye.
"Nyabuneka, mushiki wanjye amaze ibyumweru birenga bibiri akorora kandi yatangiye no kunanuka kuva ejo. Abandi bana na bo bafite iki kibazo. Naje mvuye kure.",kinyarwanda,URGENT,cardiac_respiratory,kinyarwanda->kinyarwanda:URGENT:cardiac_respiratory,{REL} amaze ibyumweru birenga bibiri akorora kandi yatangiye no kunanuka.,Maze ibyumweru birenga bibiri nkorora kandi natangiye no kunanuka.
"Muraho, ndashaka kujya kwa muganga kwisuzumisha SIDA kuva ubu gitondo cya kare. Urakoze.",kinyarwanda,ROUTINE,chronic_care,kinyarwanda->kinyarwanda:ROUTINE:chronic_care,Ndashaka kujya kwa muganga kwisuzumisha SIDA.,Ndashaka kujya kwa muganga kwisuzumisha SIDA.
"Ndakeneye ubufasha, umukecuru yataye ubwenge kandi ntasubiza. Abandi bana na bo bafite iki kibazo. Ndakeneye ubufasha vuba.",kinyarwanda,CRITICAL,neurological,kinyarwanda->kinyarwanda:CRITICAL:neurological,{REL} yataye ubwenge kandi ntasubiza.,{REL} yataye ubwenge kandi ntasubiza.
"Naje hano mbere, ndatwite kandi mfite umuriro kuva hashize iminsi ibiri kandi nta miti mfite. Mfasha muganga.",kinyarwanda,URGENT,obstetric,kinyarwanda->kinyarwanda:URGENT:obstetric,Ndatwite kandi mfite umuriro.,Ndatwite kandi mfite umuriro.
"Nyabuneka, papa afite ibimenyetso bya malariya, umuriro n'imbeho kandi ndahangayitse",kinyarwanda,URGENT,infectious_fever,kinyarwanda->kinyarwanda:URGENT:infectious_fever,"{REL} afite ibimenyetso bya malariya, umuriro n'imbeho.","Mfite ibimenyetso bya malariya, umuriro n'imbeho."
"Ndakeneye ubufasha, umwana wanjye afite igikomere gito kandi amaraso yarahagaze kuva ejo bikarushaho nijoro. Naje mvuye kure.",kinyarwanda,ROUTINE,haemorrhage_trauma,kinyarwanda->kinyarwanda:ROUTINE:haemorrhage_trauma,{REL} afite igikomere gito kandi amaraso yarahagaze.,Mfite igikomere gito kandi amaraso yarahagaze.
Amazi yamenetse ariko igihe cyo kubyara ntikiragera kuva mu masaha abiri ashize biragenda bikagaruka. Urakoze.,kinyarwanda,URGENT,obstetric,kinyarwanda->kinyarwanda:URGENT:obstetric,Amazi yamenetse ariko igihe cyo kubyara ntikiragera.,Amazi yamenetse ariko igihe cyo kubyara ntikiragera.
"Nyabuneka, papa ari kuva amaraso menshi kandi ntahagarara kuva ijoro ryashize kandi nta miti mfite. Ni imiti ki nafata?",kinyarwanda,CRITICAL,haemorrhage_trauma,kinyarwanda->kinyarwanda:CRITICAL:haemorrhage_trauma,{REL} ari kuva amaraso menshi kandi ntahagarara.,ndi kuva amaraso menshi kandi ntahagarara
"Nzanye umwana wanjye, umwana wanjye afite umuhaha kuva hashize iminsi itatu kandi nta miti mfite. Ndakeneye ubufasha vuba.",kinyarwanda,URGENT,paediatric,kinyarwanda->kinyarwanda:URGENT:paediatric,{REL} afite umuhaha.,Mfite umuhaha.
"Simbizi niba bikomeye ariko, umuturanyi wanjye amaze umunsi wose ari mu bubabare bwo kubyara ariko umwana ntarasohoka kandi birushaho kuba bibi. Ntabasha kubona amafaranga yo kongera kuza kwa muganga.",kinyarwanda,CRITICAL,obstetric,kinyarwanda->kinyarwanda:CRITICAL:obstetric,{REL} amaze umunsi wose ari mu bubabare bwo kubyara ariko umwana ntarasohoka.,Maze umunsi wose mbabara ngerageza kubyara ariko umwana ntarasohoka.
Iyo maze kurya numva mu nda ntameze neza. Abandi bana na bo bafite iki kibazo. Ese ibi birakomeye?,kinyarwanda,ROUTINE,gastrointestinal,kinyarwanda->kinyarwanda:ROUTINE:gastrointestinal,iyo maze kurya numva mu nda ntameze neza,"Iyo {REL} amaze kurya, yumva inda itameze neza."
"Ndakeneye ubufasha, umuturanyi wanjye amaze umunsi wose ari mu bubabare bwo kubyara ariko umwana ntarasohoka kuva hashize icyumweru kandi birushaho kuba bibi",kinyarwanda,CRITICAL,obstetric,kinyarwanda->kinyarwanda:CRITICAL:obstetric,{REL} amaze umunsi wose ari mu bubabare bwo kubyara ariko umwana ntarasohoka.,Maze umunsi wose mbabara ngerageza kubyara ariko umwana ntarasohoka.
"Mumbabarire, ndashaka kubabwira ikibazo mfite. Nkorora gake ariko nta muriro mfite kuva mu gitondo kandi ndahangayitse. Urakoze.",kinyarwanda,ROUTINE,cardiac_respiratory,kinyarwanda->kinyarwanda:ROUTINE:cardiac_respiratory,Nkorora gake ariko nta muriro mfite.,Nkorora gake ariko nta muriro mfite.
"Mfasha, mushiki wanjye ntashobora kuvuga neza kandi umunwa we waragoramye kuva mu cyumweru gishize. Byatangiye gitunguranye. Ndakeneye ubufasha vuba.",kinyarwanda,CRITICAL,neurological,kinyarwanda->kinyarwanda:CRITICAL:neurological,{REL} ntashobora kuvuga neza kandi umunwa we waragoramye.,{REL} ntashobora kuvuga neza kandi umunwa we waragoramye.
"Muraho, mfite umuriro mwinshi kandi ndakorora cyane kuva mu gitondo kandi ndahangayitse. Naje mvuye kure.",kinyarwanda,URGENT,infectious_fever,kinyarwanda->kinyarwanda:URGENT:infectious_fever,mfite umuriro mwinshi kandi ndakorora cyane,mfite umuriro mwinshi kandi ndakorora cyane
Mfite umuhaha kuva ubu gitondo cya kare kandi birushaho kuba bibi. Nkora iki?,kinyarwanda,URGENT,paediatric,kinyarwanda->kinyarwanda:URGENT:paediatric,Mfite umuhaha.,Mfite umuhaha.
"Mumbabarire, ndashaka kubabwira ikibazo mfite. Iyo maze kurya numva mu nda ntameze neza kuva hashize icyumweru kandi sinshobora gusinzira. Ntegereze cyangwa nsuzumwe ubu?",kinyarwanda,ROUTINE,gastrointestinal,kinyarwanda->kinyarwanda:ROUTINE:gastrointestinal,iyo maze kurya numva mu nda ntameze neza,"Iyo {REL} amaze kurya, yumva inda itameze neza."
"Nyabuneka, ndatwite, umutwe urandya cyane kandi sinshobora kureba neza kuva mu gitondo kandi sinshobora gusinzira. Ntabasha kubona amafaranga yo kongera kuza kwa muganga.",kinyarwanda,CRITICAL,obstetric,kinyarwanda->kinyarwanda:CRITICAL:obstetric,"Ndatwite, umutwe urandya cyane kandi sinshobora kureba neza.","Ndatwite, umutwe urandya cyane kandi sinshobora kureba neza."
Ndashaka kukubwira ikibazo mfite. Umugore wanjye aratwite kandi afite umuriro kuva hashize iminsi itatu. Mfasha muganga.,kinyarwanda,URGENT,obstetric,kinyarwanda->kinyarwanda:URGENT:obstetric,{REL} aratwite kandi afite umuriro.,Ndatwite kandi mfite umuriro.
"Mfasha vuba, umwana wanjye afite igikomere gito kandi amaraso yarahagaze kuva ijoro ryashize. Byatangiye gitunguranye. Ntabasha kubona amafaranga yo kongera kuza kwa muganga.",kinyarwanda,ROUTINE,haemorrhage_trauma,kinyarwanda->kinyarwanda:ROUTINE:haemorrhage_trauma,{REL} afite igikomere gito kandi amaraso yarahagaze.,Mfite igikomere gito kandi amaraso yarahagaze.
"Simbizi niba bikomeye ariko, ndaruka cyane kandi numva mfite intege nke kandi ndahangayitse. Naje mvuye kure.",kinyarwanda,URGENT,gastrointestinal,kinyarwanda->kinyarwanda:URGENT:gastrointestinal,ndaruka cyane kandi numva mfite intege nke,ndaruka cyane kandi numva mfite intege nke
"Mfasha vuba, ndashaka kongererwa imiti mfata kuva mu cyumweru gishize. Nkora iki?",kinyarwanda,ROUTINE,chronic_care,kinyarwanda->kinyarwanda:ROUTINE:chronic_care,ndashaka kongererwa imiti mfata,ndashaka kongererwa imiti mfata
"Simbizi niba bikomeye ariko, umukecuru ntashobora kuvuga neza kandi umunwa we waragoramye kuva hashize icyumweru kandi nta miti mfite",kinyarwanda,CRITICAL,neurological,kinyarwanda->kinyarwanda:CRITICAL:neurological,{REL} ntashobora kuvuga neza kandi umunwa we waragoramye.,{REL} ntashobora kuvuga neza kandi umunwa we waragoramye.
"Simbizi niba bikomeye ariko, umugabo wanjye ashaka ko bapima ibiro by'umwana we kuva hashize icyumweru. Abandi bana na bo bafite iki kibazo. Nkora iki?",kinyarwanda,ROUTINE,paediatric,kinyarwanda->kinyarwanda:ROUTINE:paediatric,{REL} ashaka ko bapima ibiro by'umwana we.,Ndashaka ko bapima ibiro by'umwana wanjye.
"Muraho, ndaruka amaraso kuva mu gitondo kandi birushaho kuba bibi. Ntabasha kubona amafaranga yo kongera kuza kwa muganga.",kinyarwanda,CRITICAL,gastrointestinal,kinyarwanda->kinyarwanda:CRITICAL:gastrointestinal,Ndaruka amaraso.,Ndaruka amaraso.
Umugore wanjye ashaka inama ku biryo byo kugaburira umwana we kuva ejo kandi birushaho kuba bibi. Ni imiti ki nafata?,kinyarwanda,ROUTINE,preventive,kinyarwanda->kinyarwanda:ROUTINE:preventive,{REL} ashaka inama ku biryo byo kugaburira umwana we.,Ndashaka inama ku biryo byo kugaburira umwana wanjye.
"Muganga, nta miti y'igituntu mfite kuva mu gitondo nta miti imfasha. Mfasha muganga.",kinyarwanda,URGENT,chronic_care,kinyarwanda->kinyarwanda:URGENT:chronic_care,Nta miti y'igituntu mfite.,Nta miti y'igituntu mfite.
"Nyabuneka, umugore wanjye aratwite kandi afite umuriro kuva ijoro ryashize biragenda bikagaruka. Naje mvuye kure.",kinyarwanda,URGENT,obstetric,kinyarwanda->kinyarwanda:URGENT:obstetric,{REL} aratwite kandi afite umuriro.,Ndatwite kandi mfite umuriro.
"Simbizi niba bikomeye ariko, umuturanyi wanjye aratwite kandi ashaka kwisuzumisha kwa muganga bwa mbere bikarushaho nijoro. Ni imiti ki nafata?",kinyarwanda,ROUTINE,preventive,kinyarwanda->kinyarwanda:ROUTINE:preventive,{REL} aratwite kandi ashaka kwisuzumisha kwa muganga bwa mbere.,Ndatwite kandi ndashaka kwisuzumisha kwa muganga bwa mbere.
"Muganga, ndatwite kandi mfite umuriro kuva ejo kandi sinshobora gusinzira. Ni imiti ki nafata?",kinyarwanda,URGENT,obstetric,kinyarwanda->kinyarwanda:URGENT:obstetric,Ndatwite kandi mfite umuriro.,Ndatwite kandi mfite umuriro.
"Naje hano mbere, umuturanyi wanjye afite igikomere ku mutwe nyuma yo kugwa kuva mu masaha abiri ashize. Byatangiye gitunguranye. Ndakeneye ubufasha vuba.",kinyarwanda,CRITICAL,haemorrhage_trauma,kinyarwanda->kinyarwanda:CRITICAL:haemorrhage_trauma,{REL} afite igikomere ku mutwe nyuma yo kugwa.,mfite igikomere ku mutwe nyuma yo kugwa
Ndashaka kukubwira ikibazo mfite. Papa afite umuriro mwinshi kandi yaragagaye kuva ubu gitondo cya kare kandi nta miti mfite. Ndakeneye ubufasha vuba.,kinyarwanda,CRITICAL,infectious_fever,kinyarwanda->kinyarwanda:CRITICAL:infectious_fever,{REL} afite umuriro mwinshi kandi yaragagaye.,Mfite umuriro mwinshi kandi nagagaye.
"Mfasha vuba, nyuma yo kubyara, umugore wanjye afite umuriro kandi hari ibintu bisohoka bifite impumuro mbi kuva hashize iminsi itatu. Abandi bana na bo bafite iki kibazo. Ndakeneye ubufasha vuba.",kinyarwanda,CRITICAL,obstetric,kinyarwanda->kinyarwanda:CRITICAL:obstetric,"Nyuma yo kubyara, {REL} afite umuriro kandi hari ibintu bisohoka bifite impumuro mbi.",Nyuma yo kubyara mfite umuriro kandi hari ibintu bisohoka bifite impumuro mbi.
"Simbizi niba bikomeye ariko, iyo umwana wanjye amaze kurya, yumva inda itameze neza kuva ejo biragenda bikagaruka",kinyarwanda,ROUTINE,gastrointestinal,kinyarwanda->kinyarwanda:ROUTINE:gastrointestinal,"Iyo {REL} amaze kurya, yumva inda itameze neza.","Iyo {REL} amaze kurya, yumva inda itameze neza."
"Mfasha vuba, mushiki wanjye ashaka imiti y'inzoka y'umwana we kuva hashize icyumweru kandi nta miti mfite. Ndakeneye ubufasha vuba.",kinyarwanda,ROUTINE,preventive,kinyarwanda->kinyarwanda:ROUTINE:preventive,{REL} ashaka imiti y'inzoka y'umwana we.,Ndashaka imiti y'inzoka y'umwana wanjye.
"Nzanye umwana wanjye, amazi yamenetse ariko igihe cyo kubyara ntikiragera kuva ijoro ryashize kandi nta miti mfite. Ni imiti ki nafata?",kinyarwanda,URGENT,obstetric,kinyarwanda->kinyarwanda:URGENT:obstetric,Amazi yamenetse ariko igihe cyo kubyara ntikiragera.,Amazi yamenetse ariko igihe cyo kubyara ntikiragera.
"Simbizi niba bikomeye ariko, ndatwite kandi ndashaka kujya kwa muganga kwisuzumisha kuva ubu gitondo cya kare. Abandi bana na bo bafite iki kibazo. Ese ibi birakomeye?",kinyarwanda,ROUTINE,obstetric,kinyarwanda->kinyarwanda:ROUTINE:obstetric,Ndatwite kandi ndashaka kujya kwa muganga kwisuzumisha.,Ndatwite kandi ndashaka kujya kwa muganga kwisuzumisha.
"Muraho, mu rugo hari umuntu urwaye igituntu kandi ndashaka kwisuzumisha kuva ijoro ryashize kandi nta miti mfite. Ndakeneye ubufasha vuba.",kinyarwanda,URGENT,preventive,kinyarwanda->kinyarwanda:URGENT:preventive,Mu rugo hari umuntu urwaye igituntu kandi ndashaka kwisuzumisha.,Mu rugo hari umuntu urwaye igituntu kandi ndashaka kwisuzumisha.
"Ndakeneye ubufasha, amazuru arantemba gake kuva mu gitondo. Byatangiye gitunguranye. Ntegereze cyangwa nsuzumwe ubu?",kinyarwanda,ROUTINE,infectious_fever,kinyarwanda->kinyarwanda:ROUTINE:infectious_fever,amazuru arantemba gake,amazuru arantemba gake
"Mumbabarire, ndashaka kubabwira ikibazo mfite. Umwana wanjye yataye ubwenge kandi ntasubiza kuva hashize iminsi itatu. Abandi bana na bo bafite iki kibazo.",kinyarwanda,CRITICAL,neurological,kinyarwanda->kinyarwanda:CRITICAL:neurological,{REL} yataye ubwenge kandi ntasubiza.,{REL} yataye ubwenge kandi ntasubiza.
"Simbizi niba bikomeye ariko, papa ashaka inama ku biryo byo kugaburira umwana we kuva mu gitondo kandi birushaho kuba bibi. Ese ibi birakomeye?",kinyarwanda,ROUTINE,preventive,kinyarwanda->kinyarwanda:ROUTINE:preventive,{REL} ashaka inama ku biryo byo kugaburira umwana we.,Ndashaka inama ku biryo byo kugaburira umwana wanjye.
"Naje hano mbere, umuturanyi wanjye arava amaraso menshi nyuma yo kubyara kuva ijoro ryashize. Abandi bana na bo bafite iki kibazo. Nkora iki?",kinyarwanda,CRITICAL,obstetric,kinyarwanda->kinyarwanda:CRITICAL:obstetric,{REL} arava amaraso menshi nyuma yo kubyara.,ndava amaraso menshi nyuma yo kubyara
"Simbizi niba bikomeye ariko, mama arababara cyane mu gituza kandi ububabare bukagera no ku kuboko kuva mu gitondo. Ntegereze cyangwa nsuzumwe ubu?",kinyarwanda,CRITICAL,cardiac_respiratory,kinyarwanda->kinyarwanda:CRITICAL:cardiac_respiratory,{REL} arababara cyane mu gituza kandi ububabare bukagera no ku kuboko.,mu gituza harandya cyane kandi ububabare bukagera no ku kuboko
Mfite igikomere ku mutwe nyuma yo kugwa kuva ejo kandi ndahangayitse. Ese ibi birakomeye?,kinyarwanda,CRITICAL,haemorrhage_trauma,kinyarwanda->kinyarwanda:CRITICAL:haemorrhage_trauma,mfite igikomere ku mutwe nyuma yo kugwa,mfite igikomere ku mutwe nyuma yo kugwa
"Mfasha, umugabo wanjye iminwa ye yahindutse ubururu bikarushaho nijoro. Ese ibi birakomeye?",kinyarwanda,CRITICAL,cardiac_respiratory,kinyarwanda->kinyarwanda:CRITICAL:cardiac_respiratory,{REL} iminwa ye yahindutse ubururu.,Iminwa yanjye yahindutse ubururu.
"Mumbabarire, ndashaka kubabwira ikibazo mfite. Mama nta miti y'igituntu afite kuva hashize icyumweru kandi ndahangayitse. Ni imiti ki nafata?",kinyarwanda,URGENT,chronic_care,kinyarwanda->kinyarwanda:URGENT:chronic_care,{REL} nta miti y'igituntu afite.,Nta miti y'igituntu mfite.
Umuturanyi wanjye ntashobora kuvuga neza kandi umunwa we waragoramye kuva hashize iminsi ibiri. Ntegereze cyangwa nsuzumwe ubu?,kinyarwanda,CRITICAL,neurological,kinyarwanda->kinyarwanda:CRITICAL:neurological,{REL} ntashobora kuvuga neza kandi umunwa we waragoramye.,{REL} ntashobora kuvuga neza kandi umunwa we waragoramye.
Umugore wanjye isukari yo mu maraso ye yazamutse cyane kandi birushaho kuba bibi. Ese ibi birakomeye?,kinyarwanda,URGENT,chronic_care,kinyarwanda->kinyarwanda:URGENT:chronic_care,{REL} isukari yo mu maraso ye yazamutse cyane.,isukari yo mu maraso yanjye yazamutse cyane
"Mfasha vuba, amazuru arantemba gake kuva mu cyumweru gishize kandi nta miti mfite",kinyarwanda,ROUTINE,infectious_fever,kinyarwanda->kinyarwanda:ROUTINE:infectious_fever,amazuru arantemba gake,amazuru arantemba gake
"Ndakeneye ubufasha, ndaruka amaraso kuva ubu gitondo cya kare bikarushaho nijoro. Nkora iki?",kinyarwanda,CRITICAL,gastrointestinal,kinyarwanda->kinyarwanda:CRITICAL:gastrointestinal,Ndaruka amaraso.,Ndaruka amaraso.
"Nzanye umwana wanjye, umutima uratera cyane kandi nkumva umeze nk'aho uhagarara kuva hashize iminsi ibiri bikarushaho nijoro. Ni imiti ki nafata?",kinyarwanda,CRITICAL,cardiac_respiratory,kinyarwanda->kinyarwanda:CRITICAL:cardiac_respiratory,umutima uratera cyane kandi nkumva umeze nk'aho uhagarara,umutima uratera cyane kandi nkumva umeze nk'aho uhagarara
"Ndashaka kukubwira ikibazo mfite. Nyuma yo kubyara, umugore wanjye afite umuriro kandi hari ibintu bisohoka bifite impumuro mbi kuva hashize iminsi ibiri bikarushaho nijoro. Naje mvuye kure.",kinyarwanda,CRITICAL,obstetric,kinyarwanda->kinyarwanda:CRITICAL:obstetric,"Nyuma yo kubyara, {REL} afite umuriro kandi hari ibintu bisohoka bifite impumuro mbi.",Nyuma yo kubyara mfite umuriro kandi hari ibintu bisohoka bifite impumuro mbi.
"Simbizi niba bikomeye ariko, papa ashaka kugirwa inama ku mazi yo kunywa kuva mu gitondo kandi birushaho kuba bibi. Ntegereze cyangwa nsuzumwe ubu?",kinyarwanda,ROUTINE,preventive,kinyarwanda->kinyarwanda:ROUTINE:preventive,{REL} ashaka kugirwa inama ku mazi yo kunywa.,Ndashaka kugirwa inama ku mazi yo kunywa.
"Muraho, umugore wanjye arava amaraso menshi nyuma yo kubyara kuva ijoro ryashize kandi ndahangayitse",kinyarwanda,CRITICAL,obstetric,kinyarwanda->kinyarwanda:CRITICAL:obstetric,{REL} arava amaraso menshi nyuma yo kubyara.,ndava amaraso menshi nyuma yo kubyara
Uruhande rumwe rw'umubiri we ntirukora kuva mu masaha abiri ashize biragenda bikagaruka. Nkora iki?,kinyarwanda,CRITICAL,neurological,kinyarwanda->kinyarwanda:CRITICAL:neurological,Uruhande rumwe rw'umubiri we ntirukora.,Uruhande rumwe rw'umubiri we ntirukora.
"Simbizi niba bikomeye ariko, iyo umwana wanjye amaze kurya, yumva inda itameze neza kuva hashize iminsi ibiri kandi birushaho kuba bibi. Ese ibi birakomeye?",kinyarwanda,ROUTINE,gastrointestinal,kinyarwanda->kinyarwanda:ROUTINE:gastrointestinal,"Iyo {REL} amaze kurya, yumva inda itameze neza.","Iyo {REL} amaze kurya, yumva inda itameze neza."
"Naje hano mbere, ndaruka cyane kandi numva mfite intege nke kuva ubu gitondo cya kare. Abandi bana na bo bafite iki kibazo.",kinyarwanda,URGENT,gastrointestinal,kinyarwanda->kinyarwanda:URGENT:gastrointestinal,ndaruka cyane kandi numva mfite intege nke,ndaruka cyane kandi numva mfite intege nke
Nyuma yo kubyara mfite umuriro kandi hari ibintu bisohoka bifite impumuro mbi. Byatangiye gitunguranye. Ese ibi birakomeye?,kinyarwanda,CRITICAL,obstetric,kinyarwanda->kinyarwanda:CRITICAL:obstetric,Nyuma yo kubyara mfite umuriro kandi hari ibintu bisohoka bifite impumuro mbi.,Nyuma yo kubyara mfite umuriro kandi hari ibintu bisohoka bifite impumuro mbi.
