text,language,label,domain,family,phrase,phrase_group
"Mfasha vuba, umugabo wanjye araruka cyane kandi yumva afite intege nke kuva hashize iminsi itatu kandi ndahangayitse. Naje mvuye kure.",kinyarwanda,URGENT,gastrointestinal,kinyarwanda->kinyarwanda:URGENT:gastrointestinal,{REL} araruka cyane kandi yumva afite intege nke.,ndaruka cyane kandi numva mfite intege nke
"Mfasha, umugore wanjye nta miti ya SIDA afite kuva mu cyumweru gishize nta miti imfasha. Mfasha muganga.",kinyarwanda,URGENT,chronic_care,kinyarwanda->kinyarwanda:URGENT:chronic_care,{REL} nta miti ya SIDA afite.,Nta miti ya SIDA mfite.
"Muraho, mama amaze iminsi itatu arwaye impiswi zikomeye kuva mu masaha abiri ashize kandi nta miti mfite. Ndakeneye ubufasha vuba.",kinyarwanda,URGENT,gastrointestinal,kinyarwanda->kinyarwanda:URGENT:gastrointestinal,{REL} amaze iminsi itatu arwaye impiswi zikomeye.,maze iminsi itatu ndwaye impiswi zikomeye
Ndashaka kukubwira ikibazo mfite. Mfite ikibazo ku mutwe kandi kirimo guterwa n'urumuri kuva mu cyumweru gishize nta miti imfasha. Ndakeneye ubufasha vuba.,kinyarwanda,URGENT,neurological,kinyarwanda->kinyarwanda:URGENT:neurological,Mfite ikibazo ku mutwe kandi kirimo guterwa n'urumuri.,Mfite ikibazo ku mutwe kandi kirimo guterwa n'urumuri.
"Ndakeneye ubufasha, mu rugo hari umuntu urwaye igituntu kandi mushiki wanjye ashaka kwisuzumisha kuva ubu gitondo cya kare. Byatangiye gitunguranye. Ni imiti ki nafata?",kinyarwanda,URGENT,preventive,kinyarwanda->kinyarwanda:URGENT:preventive,Mu rugo hari umuntu urwaye igituntu kandi {REL} ashaka kwisuzumisha.,Mu rugo hari umuntu urwaye igituntu kandi ndashaka kwisuzumisha.
"Muganga, mfite gahunda yo gukingiza umwana kuva mu cyumweru gishize. Nkora iki?",kinyarwanda,ROUTINE,preventive,kinyarwanda->kinyarwanda:ROUTINE:preventive,Mfite gahunda yo gukingiza umwana.,Mfite gahunda yo gukingiza umwana.
"Nzanye umwana wanjye, ndashaka imiti y'inzoka y'umwana wanjye. Ndakeneye ubufasha vuba.",kinyarwanda,ROUTINE,preventive,kinyarwanda->kinyarwanda:ROUTINE:preventive,Ndashaka imiti y'inzoka y'umwana wanjye.,Ndashaka imiti y'inzoka y'umwana wanjye.
"Ndakeneye ubufasha, ndashaka ko bapima umuvuduko w'amaraso kuva mu cyumweru gishize nta miti imfasha. Ntegereze cyangwa nsuzumwe ubu?",kinyarwanda,ROUTINE,preventive,kinyarwanda->kinyarwanda:ROUTINE:preventive,Ndashaka ko bapima umuvuduko w'amaraso.,Ndashaka ko bapima umuvuduko w'amaraso.
"Mfasha vuba, ndashaka imiti y'inzoka y'umwana wanjye kuva hashize iminsi ibiri kandi sinshobora gusinzira. Ese ibi birakomeye?",kinyarwanda,ROUTINE,preventive,kinyarwanda->kinyarwanda:ROUTINE:preventive,Ndashaka imiti y'inzoka y'umwana wanjye.,Ndashaka imiti y'inzoka y'umwana wanjye.
Naraguye none ndababara cyane kuva mu cyumweru gishize. Byatangiye gitunguranye. Urakoze.,kinyarwanda,URGENT,haemorrhage_trauma,kinyarwanda->kinyarwanda:URGENT:haemorrhage_trauma,naraguye none ndababara cyane,naraguye none ndababara cyane
"Nzanye umwana wanjye, mama afite igikomere cyanduye, kiratukura kandi kirimo amashyira kuva mu gitondo. Byatangiye gitunguranye. Urakoze.",kinyarwanda,URGENT,haemorrhage_trauma,kinyarwanda->kinyarwanda:URGENT:haemorrhage_trauma,"{REL} afite igikomere cyanduye, kiratukura kandi kirimo amashyira.","mfite igikomere cyanduye, kiratukura kandi kirimo amashyira"
"Muganga, umugore wanjye ashaka inama ku biryo byo kugaburira umwana we kuva ejo. Byatangiye gitunguranye. Naje mvuye kure.",kinyarwanda,ROUTINE,preventive,kinyarwanda->kinyarwanda:ROUTINE:preventive,{REL} ashaka inama ku biryo byo kugaburira umwana we.,Ndashaka inama ku biryo byo kugaburira umwana wanjye.
"Mfasha, mfite igikomere cyanduye, kiratukura kandi kirimo amashyira kuva hashize iminsi itatu kandi birushaho kuba bibi. Ndakeneye ubufasha vuba.",kinyarwanda,URGENT,haemorrhage_trauma,kinyarwanda->kinyarwanda:URGENT:haemorrhage_trauma,"mfite igikomere cyanduye, kiratukura kandi kirimo amashyira","mfite igikomere cyanduye, kiratukura kandi kirimo amashyira"
"Mfasha, ndatwite kandi ndashaka kujya kwa muganga kwisuzumisha kuva hashize iminsi ibiri kandi sinshobora gusinzira. Ni imiti ki nafata?",kinyarwanda,ROUTINE,obstetric,kinyarwanda->kinyarwanda:ROUTINE:obstetric,Ndatwite kandi ndashaka kujya kwa muganga kwisuzumisha.,Ndatwite kandi ndashaka kujya kwa muganga kwisuzumisha.
"Nzanye umwana wanjye, umwana wanjye araruka amaraso kuva mu gitondo. Ntegereze cyangwa nsuzumwe ubu?",kinyarwanda,CRITICAL,gastrointestinal,kinyarwanda->kinyarwanda:CRITICAL:gastrointestinal,{REL} araruka amaraso.,Ndaruka amaraso.
"Nyabuneka, umugore wanjye ntashobora kuvuga neza kandi umunwa we waragoramye kuva mu cyumweru gishize kandi ndahangayitse. Ntabasha kubona amafaranga yo kongera kuza kwa muganga.",kinyarwanda,CRITICAL,neurological,kinyarwanda->kinyarwanda:CRITICAL:neurological,{REL} ntashobora kuvuga neza kandi umunwa we waragoramye.,{REL} ntashobora kuvuga neza kandi umunwa we waragoramye.
Ndashaka kukubwira ikibazo mfite. Amazuru arantemba gake kuva hashize icyumweru kandi sinshobora gusinzira. Ntegereze cyangwa nsuzumwe ubu?,kinyarwanda,ROUTINE,infectious_fever,kinyarwanda->kinyarwanda:ROUTINE:infectious_fever,amazuru arantemba gake,amazuru arantemba gake
"Simbizi niba bikomeye ariko, umwana wanjye akorora gake ariko nta muriro afite kuva mu masaha abiri ashize biragenda bikagaruka. Ese ibi birakomeye?",kinyarwanda,ROUTINE,cardiac_respiratory,kinyarwanda->kinyarwanda:ROUTINE:cardiac_respiratory,{REL} akorora gake ariko nta muriro afite.,Nkorora gake ariko nta muriro mfite.
Ndashaka kukubwira ikibazo mfite. Mama afite umuriro kandi umutwe uramubabaza cyane kuva hashize icyumweru kandi birushaho kuba bibi. Ntabasha kubona amafaranga yo kongera kuza kwa muganga.,kinyarwanda,URGENT,infectious_fever,kinyarwanda->kinyarwanda:URGENT:infectious_fever,{REL} afite umuriro kandi umutwe uramubabaza cyane.,mfite umuriro kandi umutwe urandya cyane
"Mumbabarire, ndashaka kubabwira ikibazo mfite. Mfite igikomere cyanduye, kiratukura kandi kirimo amashyira kuva ubu gitondo cya kare kandi nta miti mfite",kinyarwanda,URGENT,haemorrhage_trauma,kinyarwanda->kinyarwanda:URGENT:haemorrhage_trauma,"mfite igikomere cyanduye, kiratukura kandi kirimo amashyira","mfite igikomere cyanduye, kiratukura kandi kirimo amashyira"
"Muraho, naraguye none ndababara cyane kuva hashize icyumweru kandi ndahangayitse. Naje mvuye kure.",kinyarwanda,URGENT,haemorrhage_trauma,kinyarwanda->kinyarwanda:URGENT:haemorrhage_trauma,naraguye none ndababara cyane,naraguye none ndababara cyane
"Ndakeneye ubufasha, ndashaka kugirwa inama uko nakonsa umwana kuva hashize icyumweru bikarushaho nijoro. Urakoze.",kinyarwanda,ROUTINE,obstetric,kinyarwanda->kinyarwanda:ROUTINE:obstetric,Ndashaka kugirwa inama uko nakonsa umwana.,Ndashaka kugirwa inama uko nakonsa umwana.
"Simbizi niba bikomeye ariko, amazuru arantemba gake kuva mu masaha abiri ashize kandi ndahangayitse. Ntegereze cyangwa nsuzumwe ubu?",kinyarwanda,ROUTINE,infectious_fever,kinyarwanda->kinyarwanda:ROUTINE:infectious_fever,amazuru arantemba gake,amazuru arantemba gake
"Mfasha, ndatwite kandi ndashaka kujya kwa muganga kwisuzumisha nta miti imfasha",kinyarwanda,ROUTINE,obstetric,kinyarwanda->kinyarwanda:ROUTINE:obstetric,Ndatwite kandi ndashaka kujya kwa muganga kwisuzumisha.,Ndatwite kandi ndashaka kujya kwa muganga kwisuzumisha.
"Nzanye umwana wanjye, ndashaka kongererwa imiti y'umuvuduko w'amaraso kuva ejo. Ntabasha kubona amafaranga yo kongera kuza kwa muganga.",kinyarwanda,ROUTINE,chronic_care,kinyarwanda->kinyarwanda:ROUTINE:chronic_care,Ndashaka kongererwa imiti y'umuvuduko w'amaraso.,Ndashaka kongererwa imiti y'umuvuduko w'amaraso.
"Mfasha vuba, guhumeka birangora cyane ku buryo ntabasha no kuvuga neza kuva mu masaha abiri ashize bikarushaho nijoro. Nkora iki?",kinyarwanda,CRITICAL,cardiac_respiratory,kinyarwanda->kinyarwanda:CRITICAL:cardiac_respiratory,Guhumeka birangora cyane ku buryo ntabasha no kuvuga neza.,Guhumeka birangora cyane ku buryo ntabasha no kuvuga neza.
"Nyabuneka, ndaruka ibyo ndya byose kandi sinshobora no kunywa kuva hashize iminsi itatu kandi birushaho kuba bibi. Ntegereze cyangwa nsuzumwe ubu?",kinyarwanda,CRITICAL,gastrointestinal,kinyarwanda->kinyarwanda:CRITICAL:gastrointestinal,Ndaruka ibyo ndya byose kandi sinshobora no kunywa.,Ndaruka ibyo ndya byose kandi sinshobora no kunywa.
"Simbizi niba bikomeye ariko, ndatwite kandi ndaruka ibyo ndya byose kuva hashize iminsi itatu biragenda bikagaruka",kinyarwanda,URGENT,obstetric,kinyarwanda->kinyarwanda:URGENT:obstetric,Ndatwite kandi ndaruka ibyo ndya byose.,Ndatwite kandi ndaruka ibyo ndya byose.
"Muraho, ndatwite kandi nagagaye kuva hashize icyumweru biragenda bikagaruka. Nkora iki?",kinyarwanda,CRITICAL,obstetric,kinyarwanda->kinyarwanda:CRITICAL:obstetric,Ndatwite kandi nagagaye.,Ndatwite kandi nagagaye.
"Mumbabarire, ndashaka kubabwira ikibazo mfite. Ndatwite kandi ndaruka ibyo ndya byose kuva hashize iminsi ibiri. Byatangiye gitunguranye. Ntegereze cyangwa nsuzumwe ubu?",kinyarwanda,URGENT,obstetric,kinyarwanda->kinyarwanda:URGENT:obstetric,Ndatwite kandi ndaruka ibyo ndya byose.,Ndatwite kandi ndaruka ibyo ndya byose.
"Nyabuneka, mfite impiswi zirimo amaraso kuva ejo biragenda bikagaruka. Ni imiti ki nafata?",kinyarwanda,URGENT,gastrointestinal,kinyarwanda->kinyarwanda:URGENT:gastrointestinal,Mfite impiswi zirimo amaraso.,Mfite impiswi zirimo amaraso.
"Mfasha, ndaruka ibyo ndya byose kandi sinshobora no kunywa kuva mu gitondo biragenda bikagaruka. Ndakeneye ubufasha vuba.",kinyarwanda,CRITICAL,gastrointestinal,kinyarwanda->kinyarwanda:CRITICAL:gastrointestinal,Ndaruka ibyo ndya byose kandi sinshobora no kunywa.,Ndaruka ibyo ndya byose kandi sinshobora no kunywa.
Ndashaka kukubwira ikibazo mfite. Umwana wanjye afite umuhaha kuva ubu gitondo cya kare kandi nta miti mfite. Naje mvuye kure.,kinyarwanda,URGENT,paediatric,kinyarwanda->kinyarwanda:URGENT:paediatric,{REL} afite umuhaha.,Mfite umuhaha.
"Nzanye umwana wanjye, naguye, ukuguru kuragoramye ariko sinumva ko kuvunitse kuva mu cyumweru gishize. Ntegereze cyangwa nsuzumwe ubu?",kinyarwanda,URGENT,haemorrhage_trauma,kinyarwanda->kinyarwanda:URGENT:haemorrhage_trauma,"Naguye, ukuguru kuragoramye ariko sinumva ko kuvunitse.","Naguye, ukuguru kuragoramye ariko sinumva ko kuvunitse."
"Naje hano mbere, iyo umwana wanjye amaze kurya, yumva inda itameze neza kandi sinshobora gusinzira. Ntabasha kubona amafaranga yo kongera kuza kwa muganga.",kinyarwanda,ROUTINE,gastrointestinal,kinyarwanda->kinyarwanda:ROUTINE:gastrointestinal,"Iyo {REL} amaze kurya, yumva inda itameze neza.","Iyo {REL} amaze kurya, yumva inda itameze neza."
"Mfasha, mu rugo hari umuntu urwaye igituntu kandi mushiki wanjye ashaka kwisuzumisha kuva hashize icyumweru bikarushaho nijoro. Ndakeneye ubufasha vuba.",kinyarwanda,URGENT,preventive,kinyarwanda->kinyarwanda:URGENT:preventive,Mu rugo hari umuntu urwaye igituntu kandi {REL} ashaka kwisuzumisha.,Mu rugo hari umuntu urwaye igituntu kandi ndashaka kwisuzumisha.
"Ndashaka kukubwira ikibazo mfite. Umwana wanjye afite ikibazo cyo kutabasha guhumeka neza, kandi uruhu rwe rwahindutse ubururu kuva hashize iminsi itatu. Abandi bana na bo bafite iki kibazo.",kinyarwanda,CRITICAL,paediatric,kinyarwanda->kinyarwanda:CRITICAL:paediatric,"{REL} afite ikibazo cyo kutabasha guhumeka neza, kandi uruhu rwe rwahindutse ubururu","{REL} afite ikibazo cyo kutabasha guhumeka neza, kandi uruhu rwe rwahindutse ubururu"
"Naje hano mbere, nta miti y'igituntu mfite kuva hashize iminsi itatu nta miti imfasha. Ntabasha kubona amafaranga yo kongera kuza kwa muganga.",kinyarwanda,URGENT,chronic_care,kinyarwanda->kinyarwanda:URGENT:chronic_care,Nta miti y'igituntu mfite.,Nta miti y'igituntu mfite.
"Mfasha, ndashaka kongererwa imiti y'umuvuduko w'amaraso kuva mu masaha abiri ashize bikarushaho nijoro. Ntabasha kubona amafaranga yo kongera kuza kwa muganga.",kinyarwanda,ROUTINE,chronic_care,kinyarwanda->kinyarwanda:ROUTINE:chronic_care,Ndashaka kongererwa imiti y'umuvuduko w'amaraso.,Ndashaka kongererwa imiti y'umuvuduko w'amaraso.
"Muraho, mfite umuriro woroheje umaze umunsi umwe, ariko nta kindi kibazo mfite kuva hashize iminsi itatu kandi sinshobora gusinzira. Naje mvuye kure.",kinyarwanda,ROUTINE,infectious_fever,kinyarwanda->kinyarwanda:ROUTINE:infectious_fever,"mfite umuriro woroheje umaze umunsi umwe, ariko nta kindi kibazo mfite","mfite umuriro woroheje umaze umunsi umwe, ariko nta kindi kibazo mfite"
"Ndakeneye ubufasha, umwana wanjye ntashobora kuvuga neza kandi umunwa we waragoramye kuva ijoro ryashize",kinyarwanda,CRITICAL,neurological,kinyarwanda->kinyarwanda:CRITICAL:neurological,{REL} ntashobora kuvuga neza kandi umunwa we waragoramye.,{REL} ntashobora kuvuga neza kandi umunwa we waragoramye.
"Nzanye umwana wanjye, umutwe urandya ariko ntabwo cyane kuva ijoro ryashize biragenda bikagaruka. Urakoze.",kinyarwanda,ROUTINE,neurological,kinyarwanda->kinyarwanda:ROUTINE:neurological,umutwe urandya ariko ntabwo cyane,umutwe urandya ariko ntabwo cyane
Isukari yo mu maraso yanjye yazamutse cyane kuva hashize icyumweru kandi birushaho kuba bibi. Ni imiti ki nafata?,kinyarwanda,URGENT,chronic_care,kinyarwanda->kinyarwanda:URGENT:chronic_care,isukari yo mu maraso yanjye yazamutse cyane,isukari yo mu maraso yanjye yazamutse cyane
"Mfasha, naraguye none ndababara cyane kuva mu cyumweru gishize kandi ndahangayitse",kinyarwanda,URGENT,haemorrhage_trauma,kinyarwanda->kinyarwanda:URGENT:haemorrhage_trauma,naraguye none ndababara cyane,naraguye none ndababara cyane
"Nyabuneka, mfite igikomere gito kandi amaraso yarahagaze kuva hashize icyumweru. Abandi bana na bo bafite iki kibazo. Naje mvuye kure.",kinyarwanda,ROUTINE,haemorrhage_trauma,kinyarwanda->kinyarwanda:ROUTINE:haemorrhage_trauma,Mfite igikomere gito kandi amaraso yarahagaze.,Mfite igikomere gito kandi amaraso yarahagaze.
"Simbizi niba bikomeye ariko, ndava amaraso menshi nyuma yo kubyara kuva ijoro ryashize bikarushaho nijoro. Ndakeneye ubufasha vuba.",kinyarwanda,CRITICAL,obstetric,kinyarwanda->kinyarwanda:CRITICAL:obstetric,ndava amaraso menshi nyuma yo kubyara,ndava amaraso menshi nyuma yo kubyara
Ndashaka kukubwira ikibazo mfite. Mushiki wanjye aratwite kandi ashaka kwisuzumisha kwa muganga bwa mbere. Murakoze.,kinyarwanda,ROUTINE,preventive,kinyarwanda->kinyarwanda:ROUTINE:preventive,{REL} aratwite kandi ashaka kwisuzumisha kwa muganga bwa mbere.,Ndatwite kandi ndashaka kwisuzumisha kwa muganga bwa mbere.
"Simbizi niba bikomeye ariko, mfite gahunda yo gukingiza umwana kuva ubu gitondo cya kare nta miti imfasha",kinyarwanda,ROUTINE,preventive,kinyarwanda->kinyarwanda:ROUTINE:preventive,Mfite gahunda yo gukingiza umwana.,Mfite gahunda yo gukingiza umwana.
"Naje hano mbere, ndashaka kongererwa imiti y'umuvuduko w'amaraso kandi ndahangayitse",kinyarwanda,ROUTINE,chronic_care,kinyarwanda->kinyarwanda:ROUTINE:chronic_care,Ndashaka kongererwa imiti y'umuvuduko w'amaraso.,Ndashaka kongererwa imiti y'umuvuduko w'amaraso.
"Mfasha, guhumeka birangora cyane ku buryo ntabasha no kuvuga neza kuva mu cyumweru gishize. Byatangiye gitunguranye. Ni imiti ki nafata?",kinyarwanda,CRITICAL,cardiac_respiratory,kinyarwanda->kinyarwanda:CRITICAL:cardiac_respiratory,Guhumeka birangora cyane ku buryo ntabasha no kuvuga neza.,Guhumeka birangora cyane ku buryo ntabasha no kuvuga neza.
"Mfasha vuba, mfite umuhaha kuva hashize iminsi itatu. Byatangiye gitunguranye. Urakoze.",kinyarwanda,URGENT,paediatric,kinyarwanda->kinyarwanda:URGENT:paediatric,Mfite umuhaha.,Mfite umuhaha.
Umugabo wanjye ashaka ko bapima SIDA kuva ubu gitondo cya kare kandi birushaho kuba bibi. Ni imiti ki nafata?,kinyarwanda,ROUTINE,preventive,kinyarwanda->kinyarwanda:ROUTINE:preventive,{REL} ashaka ko bapima SIDA.,Ndashaka ko bapima SIDA.
"Simbizi niba bikomeye ariko, mfite umuriro mwinshi kandi nagagaye kuva mu cyumweru gishize. Byatangiye gitunguranye. Ntegereze cyangwa nsuzumwe ubu?",kinyarwanda,CRITICAL,infectious_fever,kinyarwanda->kinyarwanda:CRITICAL:infectious_fever,Mfite umuriro mwinshi kandi nagagaye.,Mfite umuriro mwinshi kandi nagagaye.
"Muganga, iyo umwana wanjye amaze kurya, yumva inda itameze neza kandi sinshobora gusinzira. Mfasha muganga.",kinyarwanda,ROUTINE,gastrointestinal,kinyarwanda->kinyarwanda:ROUTINE:gastrointestinal,"Iyo {REL} amaze kurya, yumva inda itameze neza.","Iyo {REL} amaze kurya, yumva inda itameze neza."
"Muraho, umwana wanjye akorora gake ariko nta muriro afite kuva hashize iminsi ibiri. Abandi bana na bo bafite iki kibazo.",kinyarwanda,ROUTINE,cardiac_respiratory,kinyarwanda->kinyarwanda:ROUTINE:cardiac_respiratory,{REL} akorora gake ariko nta muriro afite.,Nkorora gake ariko nta muriro mfite.
"Nzanye umwana wanjye, umugabo wanjye afite umuriro mwinshi kandi arakorora cyane kuva mu masaha abiri ashize bikarushaho nijoro. Mfasha muganga.",kinyarwanda,URGENT,infectious_fever,kinyarwanda->kinyarwanda:URGENT:infectious_fever,{REL} afite umuriro mwinshi kandi arakorora cyane.,mfite umuriro mwinshi kandi ndakorora cyane
"Muraho, mfite umuriro woroheje umaze umunsi umwe, ariko nta kindi kibazo mfite kuva hashize iminsi ibiri. Ndakeneye ubufasha vuba.",kinyarwanda,ROUTINE,infectious_fever,kinyarwanda->kinyarwanda:ROUTINE:infectious_fever,"mfite umuriro woroheje umaze umunsi umwe, ariko nta kindi kibazo mfite","mfite umuriro woroheje umaze umunsi umwe, ariko nta kindi kibazo mfite"
Umuturanyi wanjye afite ububabare bukabije mu nda kuva hashize iminsi ibiri. Abandi bana na bo bafite iki kibazo. Nkora iki?,kinyarwanda,URGENT,gastrointestinal,kinyarwanda->kinyarwanda:URGENT:gastrointestinal,{REL} afite ububabare bukabije mu nda.,Mfite ububabare bukabije mu nda.
"Mfasha vuba, umukecuru afite gahunda yo gukingiza umwana kuva ejo. Abandi bana na bo bafite iki kibazo. Urakoze.",kinyarwanda,ROUTINE,preventive,kinyarwanda->kinyarwanda:ROUTINE:preventive,{REL} afite gahunda yo gukingiza umwana.,Mfite gahunda yo gukingiza umwana.
"Ndakeneye ubufasha, naguye, ukuguru kuragoramye ariko sinumva ko kuvunitse kuva mu gitondo kandi birushaho kuba bibi. Murakoze.",kinyarwanda,URGENT,haemorrhage_trauma,kinyarwanda->kinyarwanda:URGENT:haemorrhage_trauma,"Naguye, ukuguru kuragoramye ariko sinumva ko kuvunitse.","Naguye, ukuguru kuragoramye ariko sinumva ko kuvunitse."
"Mumbabarire, ndashaka kubabwira ikibazo mfite. Umwana wanjye akorora gake ariko nta muriro afite kandi nta miti mfite. Nkora iki?",kinyarwanda,ROUTINE,cardiac_respiratory,kinyarwanda->kinyarwanda:ROUTINE:cardiac_respiratory,{REL} akorora gake ariko nta muriro afite.,Nkorora gake ariko nta muriro mfite.
"Simbizi niba bikomeye ariko, iyo umwana wanjye amaze kurya, yumva inda itameze neza kuva ijoro ryashize kandi nta miti mfite. Naje mvuye kure.",kinyarwanda,ROUTINE,gastrointestinal,kinyarwanda->kinyarwanda:ROUTINE:gastrointestinal,"Iyo {REL} amaze kurya, yumva inda itameze neza.","Iyo {REL} amaze kurya, yumva inda itameze neza."
"Muraho, mu gituza harandya cyane kandi ububabare bukagera no ku kuboko kuva mu masaha abiri ashize. Ese ibi birakomeye?",kinyarwanda,CRITICAL,cardiac_respiratory,kinyarwanda->kinyarwanda:CRITICAL:cardiac_respiratory,mu gituza harandya cyane kandi ububabare bukagera no ku kuboko,mu gituza harandya cyane kandi ububabare bukagera no ku kuboko
"Nzanye umwana wanjye, iminwa yanjye yahindutse ubururu kuva ubu gitondo cya kare kandi ndahangayitse. Mfasha muganga.",kinyarwanda,CRITICAL,cardiac_respiratory,kinyarwanda->kinyarwanda:CRITICAL:cardiac_respiratory,Iminwa yanjye yahindutse ubururu.,Iminwa yanjye yahindutse ubururu.
"Nzanye umwana wanjye, ndakorora cyane kandi guhumeka birangora kuva mu masaha abiri ashize bikarushaho nijoro. Ndakeneye ubufasha vuba.",kinyarwanda,URGENT,cardiac_respiratory,kinyarwanda->kinyarwanda:URGENT:cardiac_respiratory,ndakorora cyane kandi guhumeka birangora,ndakorora cyane kandi guhumeka birangora
"Nzanye umwana wanjye, ndakorora cyane kandi guhumeka birangora kuva ejo nta miti imfasha. Murakoze.",kinyarwanda,URGENT,cardiac_respiratory,kinyarwanda->kinyarwanda:URGENT:cardiac_respiratory,ndakorora cyane kandi guhumeka birangora,ndakorora cyane kandi guhumeka birangora
"Muganga, mama afite umuriro kandi umutwe uramubabaza cyane nta miti imfasha. Urakoze.",kinyarwanda,URGENT,infectious_fever,kinyarwanda->kinyarwanda:URGENT:infectious_fever,{REL} afite umuriro kandi umutwe uramubabaza cyane.,mfite umuriro kandi umutwe urandya cyane
"Muganga, mfite igikomere gito kandi amaraso yarahagaze kuva hashize iminsi itatu nta miti imfasha. Ndakeneye ubufasha vuba.",kinyarwanda,ROUTINE,haemorrhage_trauma,kinyarwanda->kinyarwanda:ROUTINE:haemorrhage_trauma,Mfite igikomere gito kandi amaraso yarahagaze.,Mfite igikomere gito kandi amaraso yarahagaze.
"Ndakeneye ubufasha, mfite igisebe ku kirenge kidakira kandi mfite diyabete kuva hashize iminsi ibiri kandi sinshobora gusinzira",kinyarwanda,URGENT,chronic_care,kinyarwanda->kinyarwanda:URGENT:chronic_care,Mfite igisebe ku kirenge kidakira kandi mfite diyabete.,Mfite igisebe ku kirenge kidakira kandi mfite diyabete.
"Muganga, guhumeka birangora cyane ku buryo ntabasha no kuvuga neza kuva hashize iminsi ibiri",kinyarwanda,CRITICAL,cardiac_respiratory,kinyarwanda->kinyarwanda:CRITICAL:cardiac_respiratory,Guhumeka birangora cyane ku buryo ntabasha no kuvuga neza.,Guhumeka birangora cyane ku buryo ntabasha no kuvuga neza.
"Muganga, ndashaka ko bapima ibiro by'umwana wanjye kuva mu cyumweru gishize kandi ndahangayitse. Nkora iki?",kinyarwanda,ROUTINE,paediatric,kinyarwanda->kinyarwanda:ROUTINE:paediatric,Ndashaka ko bapima ibiro by'umwana wanjye.,Ndashaka ko bapima ibiro by'umwana wanjye.
Ndashaka kukubwira ikibazo mfite. Narumwe n'inzoka kuva ubu gitondo cya kare. Nkora iki?,kinyarwanda,URGENT,haemorrhage_trauma,kinyarwanda->kinyarwanda:URGENT:haemorrhage_trauma,Narumwe n'inzoka.,Narumwe n'inzoka.
"Muraho, ndatwite kandi ndaruka ibyo ndya byose kuva ubu gitondo cya kare. Abandi bana na bo bafite iki kibazo. Murakoze.",kinyarwanda,URGENT,obstetric,kinyarwanda->kinyarwanda:URGENT:obstetric,Ndatwite kandi ndaruka ibyo ndya byose.,Ndatwite kandi ndaruka ibyo ndya byose.
"Simbizi niba bikomeye ariko, mu gituza harandya cyane kandi ububabare bukagera no ku kuboko kuva mu cyumweru gishize. Byatangiye gitunguranye. Ndakeneye ubufasha vuba.",kinyarwanda,CRITICAL,cardiac_respiratory,kinyarwanda->kinyarwanda:CRITICAL:cardiac_respiratory,mu gituza harandya cyane kandi ububabare bukagera no ku kuboko,mu gituza harandya cyane kandi ububabare bukagera no ku kuboko
"Mfasha, ndabyara ariko habanje gusohoka umugozi w'umwana kuva hashize iminsi itatu kandi birushaho kuba bibi",kinyarwanda,CRITICAL,obstetric,kinyarwanda->kinyarwanda:CRITICAL:obstetric,Ndabyara ariko habanje gusohoka umugozi w'umwana.,Ndabyara ariko habanje gusohoka umugozi w'umwana.
"Nzanye umwana wanjye, mfite umuriro mwinshi kandi nagagaye kuva ejo kandi nta miti mfite. Ndakeneye ubufasha vuba.",kinyarwanda,CRITICAL,infectious_fever,kinyarwanda->kinyarwanda:CRITICAL:infectious_fever,Mfite umuriro mwinshi kandi nagagaye.,Mfite umuriro mwinshi kandi nagagaye.
"Nyabuneka, mfite igisebe ku kirenge kidakira kandi mfite diyabete kuva ejo nta miti imfasha. Ndakeneye ubufasha vuba.",kinyarwanda,URGENT,chronic_care,kinyarwanda->kinyarwanda:URGENT:chronic_care,Mfite igisebe ku kirenge kidakira kandi mfite diyabete.,Mfite igisebe ku kirenge kidakira kandi mfite diyabete.
"Muganga, umwana wanjye yaraguye none arababara cyane kuva ubu gitondo cya kare kandi ndahangayitse",kinyarwanda,URGENT,haemorrhage_trauma,kinyarwanda->kinyarwanda:URGENT:haemorrhage_trauma,{REL} yaraguye none arababara cyane.,naraguye none ndababara cyane
"Mfasha, papa ashaka inama ku biryo byo kugaburira umwana we kuva hashize icyumweru kandi ndahangayitse. Ni imiti ki nafata?",kinyarwanda,ROUTINE,preventive,kinyarwanda->kinyarwanda:ROUTINE:preventive,{REL} ashaka inama ku biryo byo kugaburira umwana we.,Ndashaka inama ku biryo byo kugaburira umwana wanjye.
"Nyabuneka, umugore wanjye araruka amaraso kuva mu cyumweru gishize kandi sinshobora gusinzira. Ntegereze cyangwa nsuzumwe ubu?",kinyarwanda,CRITICAL,gastrointestinal,kinyarwanda->kinyarwanda:CRITICAL:gastrointestinal,{REL} araruka amaraso.,Ndaruka amaraso.
"Mumbabarire, ndashaka kubabwira ikibazo mfite. Ndakomeza kuruka kandi sinshobora kurya kuva mu cyumweru gishize bikarushaho nijoro. Naje mvuye kure.",kinyarwanda,URGENT,gastrointestinal,kinyarwanda->kinyarwanda:URGENT:gastrointestinal,ndakomeza kuruka kandi sinshobora kurya,ndakomeza kuruka kandi sinshobora kurya
"Muraho, umwana wanjye yaraguye none arababara cyane kuva hashize iminsi ibiri biragenda bikagaruka. Ese ibi birakomeye?",kinyarwanda,URGENT,haemorrhage_trauma,kinyarwanda->kinyarwanda:URGENT:haemorrhage_trauma,{REL} yaraguye none arababara cyane.,naraguye none ndababara cyane
"Muraho, mfite umuhaha kuva hashize iminsi itatu. Ntabasha kubona amafaranga yo kongera kuza kwa muganga.",kinyarwanda,URGENT,paediatric,kinyarwanda->kinyarwanda:URGENT:paediatric,Mfite umuhaha.,Mfite umuhaha.
"Mfasha vuba, ndakomeza kuruka kandi sinshobora kurya kuva hashize icyumweru. Ndakeneye ubufasha vuba.",kinyarwanda,URGENT,gastrointestinal,kinyarwanda->kinyarwanda:URGENT:gastrointestinal,ndakomeza kuruka kandi sinshobora kurya,ndakomeza kuruka kandi sinshobora kurya
"Ndakeneye ubufasha, ndava amaraso menshi nyuma yo kubyara kuva ubu gitondo cya kare nta miti imfasha",kinyarwanda,CRITICAL,obstetric,kinyarwanda->kinyarwanda:CRITICAL:obstetric,ndava amaraso menshi nyuma yo kubyara,ndava amaraso menshi nyuma yo kubyara
"Mfasha, uruhande rumwe rw'umubiri we ntirukora kuva hashize iminsi itatu bikarushaho nijoro. Ntabasha kubona amafaranga yo kongera kuza kwa muganga.",kinyarwanda,CRITICAL,neurological,kinyarwanda->kinyarwanda:CRITICAL:neurological,Uruhande rumwe rw'umubiri we ntirukora.,Uruhande rumwe rw'umubiri we ntirukora.
"Nyabuneka, mu gituza harandya cyane kandi ububabare bukagera no ku kuboko kuva ejo. Ese ibi birakomeye?",kinyarwanda,CRITICAL,cardiac_respiratory,kinyarwanda->kinyarwanda:CRITICAL:cardiac_respiratory,mu gituza harandya cyane kandi ububabare bukagera no ku kuboko,mu gituza harandya cyane kandi ububabare bukagera no ku kuboko
"Naje hano mbere, umugore wanjye yaraguye none arababara cyane kuva ubu gitondo cya kare kandi nta miti mfite. Murakoze.",kinyarwanda,URGENT,haemorrhage_trauma,kinyarwanda->kinyarwanda:URGENT:haemorrhage_trauma,{REL} yaraguye none arababara cyane.,naraguye none ndababara cyane
"Mumbabarire, ndashaka kubabwira ikibazo mfite. Papa afite igikomere cyanduye, kiratukura kandi kirimo amashyira kuva hashize iminsi itatu. Byatangiye gitunguranye. Urakoze.",kinyarwanda,URGENT,haemorrhage_trauma,kinyarwanda->kinyarwanda:URGENT:haemorrhage_trauma,"{REL} afite igikomere cyanduye, kiratukura kandi kirimo amashyira.","mfite igikomere cyanduye, kiratukura kandi kirimo amashyira"
"Ndashaka kukubwira ikibazo mfite. Mfite ibimenyetso bya malariya, umuriro n'imbeho kuva hashize icyumweru bikarushaho nijoro",kinyarwanda,URGENT,infectious_fever,kinyarwanda->kinyarwanda:URGENT:infectious_fever,"Mfite ibimenyetso bya malariya, umuriro n'imbeho.","Mfite ibimenyetso bya malariya, umuriro n'imbeho."
"Muraho, umwana wanjye amazuru ye aratemba gake kuva hashize iminsi itatu. Abandi bana na bo bafite iki kibazo. Nkora iki?",kinyarwanda,ROUTINE,infectious_fever,kinyarwanda->kinyarwanda:ROUTINE:infectious_fever,{REL} amazuru ye aratemba gake.,amazuru arantemba gake
"Muraho, umwana wanjye araruka amaraso kuva mu gitondo biragenda bikagaruka. Ese ibi birakomeye?",kinyarwanda,CRITICAL,gastrointestinal,kinyarwanda->kinyarwanda:CRITICAL:gastrointestinal,{REL} araruka amaraso.,Ndaruka amaraso.
"Muraho, mfite igikomere cyanduye, kiratukura kandi kirimo amashyira kuva ubu gitondo cya kare. Byatangiye gitunguranye. Urakoze.",kinyarwanda,URGENT,haemorrhage_trauma,kinyarwanda->kinyarwanda:URGENT:haemorrhage_trauma,"mfite igikomere cyanduye, kiratukura kandi kirimo amashyira","mfite igikomere cyanduye, kiratukura kandi kirimo amashyira"
"Muganga, mfite umuriro mwinshi kandi nagagaye kuva mu gitondo. Abandi bana na bo bafite iki kibazo. Nkora iki?",kinyarwanda,CRITICAL,infectious_fever,kinyarwanda->kinyarwanda:CRITICAL:infectious_fever,Mfite umuriro mwinshi kandi nagagaye.,Mfite umuriro mwinshi kandi nagagaye.
"Nyabuneka, ndashaka ko bapima umuvuduko w'amaraso kuva hashize iminsi ibiri nta miti imfasha. Naje mvuye kure.",kinyarwanda,ROUTINE,preventive,kinyarwanda->kinyarwanda:ROUTINE:preventive,Ndashaka ko bapima umuvuduko w'amaraso.,Ndashaka ko bapima umuvuduko w'amaraso.
"Mfasha, mushiki wanjye amaze iminsi itatu arwaye impiswi zikomeye kuva hashize iminsi itatu kandi sinshobora gusinzira. Urakoze.",kinyarwanda,URGENT,gastrointestinal,kinyarwanda->kinyarwanda:URGENT:gastrointestinal,{REL} amaze iminsi itatu arwaye impiswi zikomeye.,maze iminsi itatu ndwaye impiswi zikomeye
"Nzanye umwana wanjye, papa afite igikomere cyanduye, kiratukura kandi kirimo amashyira kuva mu cyumweru gishize kandi sinshobora gusinzira. Urakoze.",kinyarwanda,URGENT,haemorrhage_trauma,kinyarwanda->kinyarwanda:URGENT:haemorrhage_trauma,"{REL} afite igikomere cyanduye, kiratukura kandi kirimo amashyira.","mfite igikomere cyanduye, kiratukura kandi kirimo amashyira"
"Nzanye umwana wanjye, mushiki wanjye afite umuriro kandi umutwe uramubabaza cyane kuva hashize icyumweru. Abandi bana na bo bafite iki kibazo. Ese ibi birakomeye?",kinyarwanda,URGENT,infectious_fever,kinyarwanda->kinyarwanda:URGENT:infectious_fever,{REL} afite umuriro kandi umutwe uramubabaza cyane.,mfite umuriro kandi umutwe urandya cyane
"Mumbabarire, ndashaka kubabwira ikibazo mfite. Ndashaka kujya kwa muganga kwisuzumisha diyabete biragenda bikagaruka. Ese ibi birakomeye?",kinyarwanda,ROUTINE,chronic_care,kinyarwanda->kinyarwanda:ROUTINE:chronic_care,Ndashaka kujya kwa muganga kwisuzumisha diyabete.,Ndashaka kujya kwa muganga kwisuzumisha SIDA.
"Muganga, ndashaka kujya kwa muganga kwisuzumisha diyabete kuva ejo biragenda bikagaruka. Nkora iki?",kinyarwanda,ROUTINE,chronic_care,kinyarwanda->kinyarwanda:ROUTINE:chronic_care,Ndashaka kujya kwa muganga kwisuzumisha diyabete.,Ndashaka kujya kwa muganga kwisuzumisha SIDA.
"Simbizi niba bikomeye ariko, umwana wanjye ntashobora kuvuga neza kandi umunwa we waragoramye kuva mu cyumweru gishize biragenda bikagaruka. Ese ibi birakomeye?",kinyarwanda,CRITICAL,neurological,kinyarwanda->kinyarwanda:CRITICAL:neurological,{REL} ntashobora kuvuga neza kandi umunwa we waragoramye.,{REL} ntashobora kuvuga neza kandi umunwa we waragoramye.
"Mfasha, naguye, ukuguru kuragoramye ariko sinumva ko kuvunitse kuva mu cyumweru gishize nta miti imfasha. Murakoze.",kinyarwanda,URGENT,haemorrhage_trauma,kinyarwanda->kinyarwanda:URGENT:haemorrhage_trauma,"Naguye, ukuguru kuragoramye ariko sinumva ko kuvunitse.","Naguye, ukuguru kuragoramye ariko sinumva ko kuvunitse."
"Muraho, umuturanyi wanjye afite ibimenyetso bya malariya, umuriro n'imbeho kuva mu cyumweru gishize kandi ndahangayitse",kinyarwanda,URGENT,infectious_fever,kinyarwanda->kinyarwanda:URGENT:infectious_fever,"{REL} afite ibimenyetso bya malariya, umuriro n'imbeho.","Mfite ibimenyetso bya malariya, umuriro n'imbeho."
"Nzanye umwana wanjye, mushiki wanjye afite ubushye bunini ku mubiri kuva hashize iminsi itatu kandi nta miti mfite",kinyarwanda,CRITICAL,haemorrhage_trauma,kinyarwanda->kinyarwanda:CRITICAL:haemorrhage_trauma,{REL} afite ubushye bunini ku mubiri.,Mfite ubushye bunini ku mubiri.
"Mfasha vuba, umwana wanjye ashaka guhabwa inzitiramubu kuva hashize iminsi itatu kandi birushaho kuba bibi. Murakoze.",kinyarwanda,ROUTINE,preventive,kinyarwanda->kinyarwanda:ROUTINE:preventive,{REL} ashaka guhabwa inzitiramubu.,Ndashaka guhabwa inzitiramubu.
"Ndakeneye ubufasha, umugore wanjye nta miti ya SIDA afite kuva hashize iminsi ibiri kandi ndahangayitse. Naje mvuye kure.",kinyarwanda,URGENT,chronic_care,kinyarwanda->kinyarwanda:URGENT:chronic_care,{REL} nta miti ya SIDA afite.,Nta miti ya SIDA mfite.
"Muganga, umutima uratera cyane kandi nkumva umeze nk'aho uhagarara kuva hashize iminsi itatu. Abandi bana na bo bafite iki kibazo. Ntegereze cyangwa nsuzumwe ubu?",kinyarwanda,CRITICAL,cardiac_respiratory,kinyarwanda->kinyarwanda:CRITICAL:cardiac_respiratory,umutima uratera cyane kandi nkumva umeze nk'aho uhagarara,umutima uratera cyane kandi nkumva umeze nk'aho uhagarara
Uruhande rumwe rw'umubiri we ntirukora kuva mu masaha abiri ashize kandi birushaho kuba bibi. Naje mvuye kure.,kinyarwanda,CRITICAL,neurological,kinyarwanda->kinyarwanda:CRITICAL:neurological,Uruhande rumwe rw'umubiri we ntirukora.,Uruhande rumwe rw'umubiri we ntirukora.
Umukecuru afite umuriro mwinshi kandi arakorora cyane kuva mu masaha abiri ashize kandi birushaho kuba bibi. Ndakeneye ubufasha vuba.,kinyarwanda,URGENT,infectious_fever,kinyarwanda->kinyarwanda:URGENT:infectious_fever,{REL} afite umuriro mwinshi kandi arakorora cyane.,mfite umuriro mwinshi kandi ndakorora cyane
"Muganga, mfite umuriro mwinshi kandi nagagaye kandi nta miti mfite. Mfasha muganga.",kinyarwanda,CRITICAL,infectious_fever,kinyarwanda->kinyarwanda:CRITICAL:infectious_fever,Mfite umuriro mwinshi kandi nagagaye.,Mfite umuriro mwinshi kandi nagagaye.
"Mumbabarire, ndashaka kubabwira ikibazo mfite. Umugore wanjye yaraguye none arababara cyane kuva ubu gitondo cya kare biragenda bikagaruka. Ni imiti ki nafata?",kinyarwanda,URGENT,haemorrhage_trauma,kinyarwanda->kinyarwanda:URGENT:haemorrhage_trauma,{REL} yaraguye none arababara cyane.,naraguye none ndababara cyane
"Naje hano mbere, mfite umuriro woroheje umaze umunsi umwe, ariko nta kindi kibazo mfite kuva mu cyumweru gishize nta miti imfasha",kinyarwanda,ROUTINE,infectious_fever,kinyarwanda->kinyarwanda:ROUTINE:infectious_fever,"mfite umuriro woroheje umaze umunsi umwe, ariko nta kindi kibazo mfite","mfite umuriro woroheje umaze umunsi umwe, ariko nta kindi kibazo mfite"
"Mfasha vuba, iyo mpumeka, numva igituza gifashe kandi mpumeka nkumva hari ijwi ridasanzwe kuva mu gitondo kandi ndahangayitse. Mfasha muganga.",kinyarwanda,URGENT,cardiac_respiratory,kinyarwanda->kinyarwanda:URGENT:cardiac_respiratory,"Iyo mpumeka, numva igituza gifashe kandi mpumeka nkumva hari ijwi ridasanzwe.","Iyo mpumeka, numva igituza gifashe kandi mpumeka nkumva hari ijwi ridasanzwe."
"Muraho, mushiki wanjye isukari yo mu maraso ye yazamutse cyane kuva mu gitondo bikarushaho nijoro. Mfasha muganga.",kinyarwanda,URGENT,chronic_care,kinyarwanda->kinyarwanda:URGENT:chronic_care,{REL} isukari yo mu maraso ye yazamutse cyane.,isukari yo mu maraso yanjye yazamutse cyane
"Nyabuneka, umwana wanjye amazuru ye aratemba gake kuva ejo nta miti imfasha. Ntabasha kubona amafaranga yo kongera kuza kwa muganga.",kinyarwanda,ROUTINE,infectious_fever,kinyarwanda->kinyarwanda:ROUTINE:infectious_fever,{REL} amazuru ye aratemba gake.,amazuru arantemba gake
"Muganga, iyo umwana wanjye amaze kurya, yumva inda itameze neza kuva ijoro ryashize. Nkora iki?",kinyarwanda,ROUTINE,gastrointestinal,kinyarwanda->kinyarwanda:ROUTINE:gastrointestinal,"Iyo {REL} amaze kurya, yumva inda itameze neza.","Iyo {REL} amaze kurya, yumva inda itameze neza."
"Mumbabarire, ndashaka kubabwira ikibazo mfite. Mama aratwite kandi ashaka kwisuzumisha kwa muganga bwa mbere kuva mu cyumweru gishize biragenda bikagaruka. Mfasha muganga.",kinyarwanda,ROUTINE,preventive,kinyarwanda->kinyarwanda:ROUTINE:preventive,{REL} aratwite kandi ashaka kwisuzumisha kwa muganga bwa mbere.,Ndatwite kandi ndashaka kwisuzumisha kwa muganga bwa mbere.
Ndashaka kukubwira ikibazo mfite. Ndashaka imiti y'inzoka y'umwana wanjye kuva mu masaha abiri ashize kandi birushaho kuba bibi. Murakoze.,kinyarwanda,ROUTINE,preventive,kinyarwanda->kinyarwanda:ROUTINE:preventive,Ndashaka imiti y'inzoka y'umwana wanjye.,Ndashaka imiti y'inzoka y'umwana wanjye.
"Muraho, papa arakomeza kuruka kandi ntashobora kurya kuva hashize iminsi ibiri kandi sinshobora gusinzira. Urakoze.",kinyarwanda,URGENT,gastrointestinal,kinyarwanda->kinyarwanda:URGENT:gastrointestinal,{REL} arakomeza kuruka kandi ntashobora kurya.,ndakomeza kuruka kandi sinshobora kurya
"Mfasha vuba, ndashaka kugirwa inama uko nakonsa umwana kandi ndahangayitse. Murakoze.",kinyarwanda,ROUTINE,obstetric,kinyarwanda->kinyarwanda:ROUTINE:obstetric,Ndashaka kugirwa inama uko nakonsa umwana.,Ndashaka kugirwa inama uko nakonsa umwana.
"Mumbabarire, ndashaka kubabwira ikibazo mfite. Ndashaka inama ku biryo byo kugaburira umwana wanjye kuva mu gitondo kandi ndahangayitse. Ni imiti ki nafata?",kinyarwanda,ROUTINE,preventive,kinyarwanda->kinyarwanda:ROUTINE:preventive,Ndashaka inama ku biryo byo kugaburira umwana wanjye.,Ndashaka inama ku biryo byo kugaburira umwana wanjye.
"Mfasha vuba, mushiki wanjye aratwite kandi yaragagaye kuva hashize iminsi ibiri. Byatangiye gitunguranye.",kinyarwanda,CRITICAL,obstetric,kinyarwanda->kinyarwanda:CRITICAL:obstetric,{REL} aratwite kandi yaragagaye.,Ndatwite kandi nagagaye.
"Mfasha, umwana wanjye ashaka guhabwa inzitiramubu nta miti imfasha",kinyarwanda,ROUTINE,preventive,kinyarwanda->kinyarwanda:ROUTINE:preventive,{REL} ashaka guhabwa inzitiramubu.,Ndashaka guhabwa inzitiramubu.
"Mfasha vuba, umugabo wanjye nta miti ya SIDA afite kuva hashize iminsi ibiri kandi birushaho kuba bibi. Ntabasha kubona amafaranga yo kongera kuza kwa muganga.",kinyarwanda,URGENT,chronic_care,kinyarwanda->kinyarwanda:URGENT:chronic_care,{REL} nta miti ya SIDA afite.,Nta miti ya SIDA mfite.
"Simbizi niba bikomeye ariko, umutima uratera cyane kandi nkumva umeze nk'aho uhagarara kuva ijoro ryashize biragenda bikagaruka. Ntegereze cyangwa nsuzumwe ubu?",kinyarwanda,CRITICAL,cardiac_respiratory,kinyarwanda->kinyarwanda:CRITICAL:cardiac_respiratory,umutima uratera cyane kandi nkumva umeze nk'aho uhagarara,umutima uratera cyane kandi nkumva umeze nk'aho uhagarara
"Mfasha vuba, ndakorora cyane kandi guhumeka birangora. Abandi bana na bo bafite iki kibazo. Naje mvuye kure.",kinyarwanda,URGENT,cardiac_respiratory,kinyarwanda->kinyarwanda:URGENT:cardiac_respiratory,ndakorora cyane kandi guhumeka birangora,ndakorora cyane kandi guhumeka birangora
"Nyabuneka, mama afite umuriro mwinshi kandi arakorora cyane kandi sinshobora gusinzira. Naje mvuye kure.",kinyarwanda,URGENT,infectious_fever,kinyarwanda->kinyarwanda:URGENT:infectious_fever,{REL} afite umuriro mwinshi kandi arakorora cyane.,mfite umuriro mwinshi kandi ndakorora cyane
"Ndakeneye ubufasha, guhumeka birangora cyane ku buryo ntabasha no kuvuga neza kuva hashize iminsi itatu kandi birushaho kuba bibi. Ntegereze cyangwa nsuzumwe ubu?",kinyarwanda,CRITICAL,cardiac_respiratory,kinyarwanda->kinyarwanda:CRITICAL:cardiac_respiratory,Guhumeka birangora cyane ku buryo ntabasha no kuvuga neza.,Guhumeka birangora cyane ku buryo ntabasha no kuvuga neza.
"Mfasha, mama ashaka ko bapima SIDA biragenda bikagaruka. Ntegereze cyangwa nsuzumwe ubu?",kinyarwanda,ROUTINE,preventive,kinyarwanda->kinyarwanda:ROUTINE:preventive,{REL} ashaka ko bapima SIDA.,Ndashaka ko bapima SIDA.
"Mumbabarire, ndashaka kubabwira ikibazo mfite. Nta miti y'igituntu mfite kuva ijoro ryashize kandi nta miti mfite. Ese ibi birakomeye?",kinyarwanda,URGENT,chronic_care,kinyarwanda->kinyarwanda:URGENT:chronic_care,Nta miti y'igituntu mfite.,Nta miti y'igituntu mfite.
"Mfasha vuba, umwana wanjye afite ikibazo cyo kutabasha guhumeka neza, kandi uruhu rwe rwahindutse ubururu kuva mu masaha abiri ashize bikarushaho nijoro. Ndakeneye ubufasha vuba.",kinyarwanda,CRITICAL,paediatric,kinyarwanda->kinyarwanda:CRITICAL:paediatric,"{REL} afite ikibazo cyo kutabasha guhumeka neza, kandi uruhu rwe rwahindutse ubururu","{REL} afite ikibazo cyo kutabasha guhumeka neza, kandi uruhu rwe rwahindutse ubururu"
"Simbizi niba bikomeye ariko, umugabo wanjye ashaka ko bapima SIDA kuva hashize iminsi ibiri kandi birushaho kuba bibi. Ese ibi birakomeye?",kinyarwanda,ROUTINE,preventive,kinyarwanda->kinyarwanda:ROUTINE:preventive,{REL} ashaka ko bapima SIDA.,Ndashaka ko bapima SIDA.
"Muraho, mushiki wanjye amaze umunsi wose ari mu bubabare bwo kubyara ariko umwana ntarasohoka kuva hashize iminsi itatu. Byatangiye gitunguranye. Ndakeneye ubufasha vuba.",kinyarwanda,CRITICAL,obstetric,kinyarwanda->kinyarwanda:CRITICAL:obstetric,{REL} amaze umunsi wose ari mu bubabare bwo kubyara ariko umwana ntarasohoka.,Maze umunsi wose mbabara ngerageza kubyara ariko umwana ntarasohoka.
"Ndakeneye ubufasha, mama afite umuriro kandi umutwe uramubabaza cyane kuva hashize iminsi ibiri kandi sinshobora gusinzira. Ntabasha kubona amafaranga yo kongera kuza kwa muganga.",kinyarwanda,URGENT,infectious_fever,kinyarwanda->kinyarwanda:URGENT:infectious_fever,{REL} afite umuriro kandi umutwe uramubabaza cyane.,mfite umuriro kandi umutwe urandya cyane
"Nyabuneka, ndaruka ibyo ndya byose kandi sinshobora no kunywa kuva ijoro ryashize",kinyarwanda,CRITICAL,gastrointestinal,kinyarwanda->kinyarwanda:CRITICAL:gastrointestinal,Ndaruka ibyo ndya byose kandi sinshobora no kunywa.,Ndaruka ibyo ndya byose kandi sinshobora no kunywa.
"Nzanye umwana wanjye, ndatwite kandi ndashaka kujya kwa muganga kwisuzumisha kuva ejo. Abandi bana na bo bafite iki kibazo. Urakoze.",kinyarwanda,ROUTINE,obstetric,kinyarwanda->kinyarwanda:ROUTINE:obstetric,Ndatwite kandi ndashaka kujya kwa muganga kwisuzumisha.,Ndatwite kandi ndashaka kujya kwa muganga kwisuzumisha.
"Naje hano mbere, mfite ibimenyetso bya malariya, umuriro n'imbeho kuva hashize iminsi ibiri nta miti imfasha. Ni imiti ki nafata?",kinyarwanda,URGENT,infectious_fever,kinyarwanda->kinyarwanda:URGENT:infectious_fever,"Mfite ibimenyetso bya malariya, umuriro n'imbeho.","Mfite ibimenyetso bya malariya, umuriro n'imbeho."
"Simbizi niba bikomeye ariko, mama ntashobora kuvuga neza kandi umunwa we waragoramye kuva ijoro ryashize nta miti imfasha. Nkora iki?",kinyarwanda,CRITICAL,neurological,kinyarwanda->kinyarwanda:CRITICAL:neurological,{REL} ntashobora kuvuga neza kandi umunwa we waragoramye.,{REL} ntashobora kuvuga neza kandi umunwa we waragoramye.
"Muraho, mfite igikomere gito kandi amaraso yarahagaze kuva mu gitondo kandi ndahangayitse. Ntabasha kubona amafaranga yo kongera kuza kwa muganga.",kinyarwanda,ROUTINE,haemorrhage_trauma,kinyarwanda->kinyarwanda:ROUTINE:haemorrhage_trauma,Mfite igikomere gito kandi amaraso yarahagaze.,Mfite igikomere gito kandi amaraso yarahagaze.
"Naje hano mbere, ndashaka guhabwa inzitiramubu kuva mu cyumweru gishize bikarushaho nijoro",kinyarwanda,ROUTINE,preventive,kinyarwanda->kinyarwanda:ROUTINE:preventive,Ndashaka guhabwa inzitiramubu.,Ndashaka guhabwa inzitiramubu.
Ndaruka ibyo ndya byose kandi sinshobora no kunywa kuva hashize icyumweru bikarushaho nijoro. Mfasha muganga.,kinyarwanda,CRITICAL,gastrointestinal,kinyarwanda->kinyarwanda:CRITICAL:gastrointestinal,Ndaruka ibyo ndya byose kandi sinshobora no kunywa.,Ndaruka ibyo ndya byose kandi sinshobora no kunywa.
"Mumbabarire, ndashaka kubabwira ikibazo mfite. Ndakomeza kuruka kandi sinshobora kurya kuva hashize iminsi ibiri nta miti imfasha. Ese ibi birakomeye?",kinyarwanda,URGENT,gastrointestinal,kinyarwanda->kinyarwanda:URGENT:gastrointestinal,ndakomeza kuruka kandi sinshobora kurya,ndakomeza kuruka kandi sinshobora kurya
"Simbizi niba bikomeye ariko, mfite igikomere cyanduye, kiratukura kandi kirimo amashyira kuva ubu gitondo cya kare kandi ndahangayitse. Urakoze.",kinyarwanda,URGENT,haemorrhage_trauma,kinyarwanda->kinyarwanda:URGENT:haemorrhage_trauma,"mfite igikomere cyanduye, kiratukura kandi kirimo amashyira","mfite igikomere cyanduye, kiratukura kandi kirimo amashyira"
"Mumbabarire, ndashaka kubabwira ikibazo mfite. Umuturanyi wanjye amaze umunsi wose ari mu bubabare bwo kubyara ariko umwana ntarasohoka kuva ubu gitondo cya kare. Nkora iki?",kinyarwanda,CRITICAL,obstetric,kinyarwanda->kinyarwanda:CRITICAL:obstetric,{REL} amaze umunsi wose ari mu bubabare bwo kubyara ariko umwana ntarasohoka.,Maze umunsi wose mbabara ngerageza kubyara ariko umwana ntarasohoka.
"Ndashaka kukubwira ikibazo mfite. Mfite umuriro woroheje umaze umunsi umwe, ariko nta kindi kibazo mfite kuva hashize icyumweru. Abandi bana na bo bafite iki kibazo. Ese ibi birakomeye?",kinyarwanda,ROUTINE,infectious_fever,kinyarwanda->kinyarwanda:ROUTINE:infectious_fever,"mfite umuriro woroheje umaze umunsi umwe, ariko nta kindi kibazo mfite","mfite umuriro woroheje umaze umunsi umwe, ariko nta kindi kibazo mfite"
Ndashaka kukubwira ikibazo mfite. Ndatwite kandi ndashaka kujya kwa muganga kwisuzumisha kuva hashize icyumweru nta miti imfasha. Mfasha muganga.,kinyarwanda,ROUTINE,obstetric,kinyarwanda->kinyarwanda:ROUTINE:obstetric,Ndatwite kandi ndashaka kujya kwa muganga kwisuzumisha.,Ndatwite kandi ndashaka kujya kwa muganga kwisuzumisha.
Ndashaka kukubwira ikibazo mfite. Mfite ikibazo ku mutwe kandi kirimo guterwa n'urumuri kuva mu masaha abiri ashize kandi nta miti mfite. Ntabasha kubona amafaranga yo kongera kuza kwa muganga.,kinyarwanda,URGENT,neurological,kinyarwanda->kinyarwanda:URGENT:neurological,Mfite ikibazo ku mutwe kandi kirimo guterwa n'urumuri.,Mfite ikibazo ku mutwe kandi kirimo guterwa n'urumuri.
"Nyabuneka, mushiki wanjye ashaka ko bapima SIDA kuva ijoro ryashize biragenda bikagaruka. Nkora iki?",kinyarwanda,ROUTINE,preventive,kinyarwanda->kinyarwanda:ROUTINE:preventive,{REL} ashaka ko bapima SIDA.,Ndashaka ko bapima SIDA.
"Ndakeneye ubufasha, ndashaka imiti y'inzoka y'umwana wanjye kuva hashize iminsi ibiri. Byatangiye gitunguranye. Ntabasha kubona amafaranga yo kongera kuza kwa muganga.",kinyarwanda,ROUTINE,preventive,kinyarwanda->kinyarwanda:ROUTINE:preventive,Ndashaka imiti y'inzoka y'umwana wanjye.,Ndashaka imiti y'inzoka y'umwana wanjye.
"Mfite umuriro kandi numva mfite imbeho, nkeka ko ari malariya kuva hashize iminsi ibiri bikarushaho nijoro. Naje mvuye kure.",kinyarwanda,URGENT,infectious_fever,kinyarwanda->kinyarwanda:URGENT:infectious_fever,"mfite umuriro kandi numva mfite imbeho, nkeka ko ari malariya","mfite umuriro kandi numva mfite imbeho, nkeka ko ari malariya"
"Simbizi niba bikomeye ariko, umuturanyi wanjye aratwite kandi yaragagaye kuva mu cyumweru gishize bikarushaho nijoro. Ese ibi birakomeye?",kinyarwanda,CRITICAL,obstetric,kinyarwanda->kinyarwanda:CRITICAL:obstetric,{REL} aratwite kandi yaragagaye.,Ndatwite kandi nagagaye.
"Nzanye umwana wanjye, ndashaka kugirwa inama uko nakonsa umwana kuva hashize iminsi itatu kandi nta miti mfite",kinyarwanda,ROUTINE,obstetric,kinyarwanda->kinyarwanda:ROUTINE:obstetric,Ndashaka kugirwa inama uko nakonsa umwana.,Ndashaka kugirwa inama uko nakonsa umwana.
"Mfasha, mfite igikomere cyanduye, kiratukura kandi kirimo amashyira kuva ubu gitondo cya kare kandi sinshobora gusinzira. Ntegereze cyangwa nsuzumwe ubu?",kinyarwanda,URGENT,haemorrhage_trauma,kinyarwanda->kinyarwanda:URGENT:haemorrhage_trauma,"mfite igikomere cyanduye, kiratukura kandi kirimo amashyira","mfite igikomere cyanduye, kiratukura kandi kirimo amashyira"
"Mfasha, umwana wanjye afite ikibazo cyo kutabasha guhumeka neza, kandi uruhu rwe rwahindutse ubururu kuva mu cyumweru gishize. Naje mvuye kure.",kinyarwanda,CRITICAL,paediatric,kinyarwanda->kinyarwanda:CRITICAL:paediatric,"{REL} afite ikibazo cyo kutabasha guhumeka neza, kandi uruhu rwe rwahindutse ubururu","{REL} afite ikibazo cyo kutabasha guhumeka neza, kandi uruhu rwe rwahindutse ubururu"
"Ndakeneye ubufasha, umuturanyi wanjye afite ibimenyetso bya malariya, umuriro n'imbeho kuva ijoro ryashize. Abandi bana na bo bafite iki kibazo. Ese ibi birakomeye?",kinyarwanda,URGENT,infectious_fever,kinyarwanda->kinyarwanda:URGENT:infectious_fever,"{REL} afite ibimenyetso bya malariya, umuriro n'imbeho.","Mfite ibimenyetso bya malariya, umuriro n'imbeho."
"Nyabuneka, ndashaka kongererwa imiti y'umuvuduko w'amaraso kuva ijoro ryashize. Abandi bana na bo bafite iki kibazo. Nkora iki?",kinyarwanda,ROUTINE,chronic_care,kinyarwanda->kinyarwanda:ROUTINE:chronic_care,Ndashaka kongererwa imiti y'umuvuduko w'amaraso.,Ndashaka kongererwa imiti y'umuvuduko w'amaraso.
"Muraho, mfite gahunda yo gukingiza umwana kuva ejo biragenda bikagaruka. Ndakeneye ubufasha vuba.",kinyarwanda,ROUTINE,preventive,kinyarwanda->kinyarwanda:ROUTINE:preventive,Mfite gahunda yo gukingiza umwana.,Mfite gahunda yo gukingiza umwana.
"Naje hano mbere, papa umutima we utera cyane kandi yumva umeze nk'aho uhagarara kuva mu gitondo kandi ndahangayitse. Ni imiti ki nafata?",kinyarwanda,CRITICAL,cardiac_respiratory,kinyarwanda->kinyarwanda:CRITICAL:cardiac_respiratory,{REL} umutima we utera cyane kandi yumva umeze nk'aho uhagarara.,umutima uratera cyane kandi nkumva umeze nk'aho uhagarara
"Simbizi niba bikomeye ariko, ndashaka ko bapima umuvuduko w'amaraso kuva mu masaha abiri ashize. Urakoze.",kinyarwanda,ROUTINE,preventive,kinyarwanda->kinyarwanda:ROUTINE:preventive,Ndashaka ko bapima umuvuduko w'amaraso.,Ndashaka ko bapima umuvuduko w'amaraso.
"Ndakeneye ubufasha, papa ntashobora kuvuga neza kandi umunwa we waragoramye kuva ijoro ryashize bikarushaho nijoro. Nkora iki?",kinyarwanda,CRITICAL,neurological,kinyarwanda->kinyarwanda:CRITICAL:neurological,{REL} ntashobora kuvuga neza kandi umunwa we waragoramye.,{REL} ntashobora kuvuga neza kandi umunwa we waragoramye.
"Mfasha vuba, maze umunsi wose mbabara ngerageza kubyara ariko umwana ntarasohoka bikarushaho nijoro",kinyarwanda,CRITICAL,obstetric,kinyarwanda->kinyarwanda:CRITICAL:obstetric,Maze umunsi wose mbabara ngerageza kubyara ariko umwana ntarasohoka.,Maze umunsi wose mbabara ngerageza kubyara ariko umwana ntarasohoka.
"Simbizi niba bikomeye ariko, naraguye none ndababara cyane kuva hashize iminsi itatu kandi ndahangayitse. Ese ibi birakomeye?",kinyarwanda,URGENT,haemorrhage_trauma,kinyarwanda->kinyarwanda:URGENT:haemorrhage_trauma,naraguye none ndababara cyane,naraguye none ndababara cyane
"Mumbabarire, ndashaka kubabwira ikibazo mfite. Ndaruka ibyo ndya byose kandi sinshobora no kunywa kuva hashize iminsi ibiri. Ni imiti ki nafata?",kinyarwanda,CRITICAL,gastrointestinal,kinyarwanda->kinyarwanda:CRITICAL:gastrointestinal,Ndaruka ibyo ndya byose kandi sinshobora no kunywa.,Ndaruka ibyo ndya byose kandi sinshobora no kunywa.
"Naje hano mbere, nta miti y'igituntu mfite kuva hashize iminsi ibiri kandi ndahangayitse. Naje mvuye kure.",kinyarwanda,URGENT,chronic_care,kinyarwanda->kinyarwanda:URGENT:chronic_care,Nta miti y'igituntu mfite.,Nta miti y'igituntu mfite.
"Muganga, ndashaka imiti y'inzoka y'umwana wanjye kuva hashize icyumweru. Byatangiye gitunguranye. Urakoze.",kinyarwanda,ROUTINE,preventive,kinyarwanda->kinyarwanda:ROUTINE:preventive,Ndashaka imiti y'inzoka y'umwana wanjye.,Ndashaka imiti y'inzoka y'umwana wanjye.
"Nyabuneka, papa yaraguye none arababara cyane kuva ejo. Byatangiye gitunguranye. Naje mvuye kure.",kinyarwanda,URGENT,haemorrhage_trauma,kinyarwanda->kinyarwanda:URGENT:haemorrhage_trauma,{REL} yaraguye none arababara cyane.,naraguye none ndababara cyane
"Naje hano mbere, umwana wanjye afite umuriro woroheje umaze umunsi umwe, ariko nta kindi kibazo afite kandi sinshobora gusinzira. Ntabasha kubona amafaranga yo kongera kuza kwa muganga.",kinyarwanda,ROUTINE,infectious_fever,kinyarwanda->kinyarwanda:ROUTINE:infectious_fever,"{REL} afite umuriro woroheje umaze umunsi umwe, ariko nta kindi kibazo afite.","mfite umuriro woroheje umaze umunsi umwe, ariko nta kindi kibazo mfite"
"Mumbabarire, ndashaka kubabwira ikibazo mfite. Mfite umwanda usa umukara kuva ejo kandi nta miti mfite. Ntegereze cyangwa nsuzumwe ubu?",kinyarwanda,CRITICAL,gastrointestinal,kinyarwanda->kinyarwanda:CRITICAL:gastrointestinal,Mfite umwanda usa umukara.,Mfite umwanda usa umukara.
"Muganga, ndabyara ariko habanje gusohoka umugozi w'umwana kuva mu cyumweru gishize. Byatangiye gitunguranye.",kinyarwanda,CRITICAL,obstetric,kinyarwanda->kinyarwanda:CRITICAL:obstetric,Ndabyara ariko habanje gusohoka umugozi w'umwana.,Ndabyara ariko habanje gusohoka umugozi w'umwana.
"Mumbabarire, ndashaka kubabwira ikibazo mfite. Ndabyara ariko habanje gusohoka umugozi w'umwana kuva hashize icyumweru. Ntegereze cyangwa nsuzumwe ubu?",kinyarwanda,CRITICAL,obstetric,kinyarwanda->kinyarwanda:CRITICAL:obstetric,Ndabyara ariko habanje gusohoka umugozi w'umwana.,Ndabyara ariko habanje gusohoka umugozi w'umwana.
"Nzanye umwana wanjye, ndashaka kongererwa imiti y'umuvuduko w'amaraso kuva mu masaha abiri ashize biragenda bikagaruka. Nkora iki?",kinyarwanda,ROUTINE,chronic_care,kinyarwanda->kinyarwanda:ROUTINE:chronic_care,Ndashaka kongererwa imiti y'umuvuduko w'amaraso.,Ndashaka kongererwa imiti y'umuvuduko w'amaraso.
"Muganga, ndashaka ko bapima umuvuduko w'amaraso kuva ijoro ryashize kandi birushaho kuba bibi. Ni imiti ki nafata?",kinyarwanda,ROUTINE,preventive,kinyarwanda->kinyarwanda:ROUTINE:preventive,Ndashaka ko bapima umuvuduko w'amaraso.,Ndashaka ko bapima umuvuduko w'amaraso.
"Muganga, umugore wanjye ashaka inama ku biryo byo kugaburira umwana we kuva mu masaha abiri ashize biragenda bikagaruka. Mfasha muganga.",kinyarwanda,ROUTINE,preventive,kinyarwanda->kinyarwanda:ROUTINE:preventive,{REL} ashaka inama ku biryo byo kugaburira umwana we.,Ndashaka inama ku biryo byo kugaburira umwana wanjye.
Ndashaka kukubwira ikibazo mfite. Mfite umwanda usa umukara kuva hashize icyumweru kandi nta miti mfite. Ndakeneye ubufasha vuba.,kinyarwanda,CRITICAL,gastrointestinal,kinyarwanda->kinyarwanda:CRITICAL:gastrointestinal,Mfite umwanda usa umukara.,Mfite umwanda usa umukara.
"Mumbabarire, ndashaka kubabwira ikibazo mfite. Mfite umwanda usa umukara kuva mu masaha abiri ashize nta miti imfasha. Ni imiti ki nafata?",kinyarwanda,CRITICAL,gastrointestinal,kinyarwanda->kinyarwanda:CRITICAL:gastrointestinal,Mfite umwanda usa umukara.,Mfite umwanda usa umukara.
"Muraho, ndashaka kongererwa imiti y'umuvuduko w'amaraso kuva mu cyumweru gishize bikarushaho nijoro",kinyarwanda,ROUTINE,chronic_care,kinyarwanda->kinyarwanda:ROUTINE:chronic_care,Ndashaka kongererwa imiti y'umuvuduko w'amaraso.,Ndashaka kongererwa imiti y'umuvuduko w'amaraso.
"Simbizi niba bikomeye ariko, papa umutima we utera cyane kandi yumva umeze nk'aho uhagarara kuva mu gitondo bikarushaho nijoro. Ndakeneye ubufasha vuba.",kinyarwanda,CRITICAL,cardiac_respiratory,kinyarwanda->kinyarwanda:CRITICAL:cardiac_respiratory,{REL} umutima we utera cyane kandi yumva umeze nk'aho uhagarara.,umutima uratera cyane kandi nkumva umeze nk'aho uhagarara
Ndashaka kukubwira ikibazo mfite. Amazuru arantemba gake kuva mu cyumweru gishize. Byatangiye gitunguranye. Ntabasha kubona amafaranga yo kongera kuza kwa muganga.,kinyarwanda,ROUTINE,infectious_fever,kinyarwanda->kinyarwanda:ROUTINE:infectious_fever,amazuru arantemba gake,amazuru arantemba gake
"Nzanye umwana wanjye, ndakomeza kuruka kandi sinshobora kurya kuva hashize iminsi ibiri kandi nta miti mfite. Ntegereze cyangwa nsuzumwe ubu?",kinyarwanda,URGENT,gastrointestinal,kinyarwanda->kinyarwanda:URGENT:gastrointestinal,ndakomeza kuruka kandi sinshobora kurya,ndakomeza kuruka kandi sinshobora kurya
"Muganga, umukecuru amaze iminsi itatu arwaye impiswi zikomeye kandi nta miti mfite. Ni imiti ki nafata?",kinyarwanda,URGENT,gastrointestinal,kinyarwanda->kinyarwanda:URGENT:gastrointestinal,{REL} amaze iminsi itatu arwaye impiswi zikomeye.,maze iminsi itatu ndwaye impiswi zikomeye
"Mumbabarire, ndashaka kubabwira ikibazo mfite. Ndakorora cyane kandi guhumeka birangora kuva ijoro ryashize. Byatangiye gitunguranye. Urakoze.",kinyarwanda,URGENT,cardiac_respiratory,kinyarwanda->kinyarwanda:URGENT:cardiac_respiratory,ndakorora cyane kandi guhumeka birangora,ndakorora cyane kandi guhumeka birangora
"Mfasha vuba, ndabyara ariko habanje gusohoka umugozi w'umwana kuva mu masaha abiri ashize. Ntabasha kubona amafaranga yo kongera kuza kwa muganga.",kinyarwanda,CRITICAL,obstetric,kinyarwanda->kinyarwanda:CRITICAL:obstetric,Ndabyara ariko habanje gusohoka umugozi w'umwana.,Ndabyara ariko habanje gusohoka umugozi w'umwana.
"Muraho, umugore wanjye afite igikomere cyanduye, kiratukura kandi kirimo amashyira kuva ejo. Nkora iki?",kinyarwanda,URGENT,haemorrhage_trauma,kinyarwanda->kinyarwanda:URGENT:haemorrhage_trauma,"{REL} afite igikomere cyanduye, kiratukura kandi kirimo amashyira.","mfite igikomere cyanduye, kiratukura kandi kirimo amashyira"
"Simbizi niba bikomeye ariko, ndakomeza kuruka kandi sinshobora kurya kuva hashize iminsi itatu kandi nta miti mfite. Ndakeneye ubufasha vuba.",kinyarwanda,URGENT,gastrointestinal,kinyarwanda->kinyarwanda:URGENT:gastrointestinal,ndakomeza kuruka kandi sinshobora kurya,ndakomeza kuruka kandi sinshobora kurya
"Mfasha, mfite umuhaha kuva hashize icyumweru bikarushaho nijoro. Murakoze.",kinyarwanda,URGENT,paediatric,kinyarwanda->kinyarwanda:URGENT:paediatric,Mfite umuhaha.,Mfite umuhaha.
"Naje hano mbere, ndakorora cyane kandi guhumeka birangora kuva ubu gitondo cya kare nta miti imfasha. Ntegereze cyangwa nsuzumwe ubu?",kinyarwanda,URGENT,cardiac_respiratory,kinyarwanda->kinyarwanda:URGENT:cardiac_respiratory,ndakorora cyane kandi guhumeka birangora,ndakorora cyane kandi guhumeka birangora
"Mfasha, iminwa yanjye yahindutse ubururu kuva hashize icyumweru kandi nta miti mfite. Ntegereze cyangwa nsuzumwe ubu?",kinyarwanda,CRITICAL,cardiac_respiratory,kinyarwanda->kinyarwanda:CRITICAL:cardiac_respiratory,Iminwa yanjye yahindutse ubururu.,Iminwa yanjye yahindutse ubururu.
"Muraho, mfite igikomere gikomeye kirimo kuva amaraso menshi kuva mu masaha abiri ashize kandi sinshobora gusinzira. Mfasha muganga.",kinyarwanda,CRITICAL,haemorrhage_trauma,kinyarwanda->kinyarwanda:CRITICAL:haemorrhage_trauma,mfite igikomere gikomeye kirimo kuva amaraso menshi,mfite igikomere gikomeye kirimo kuva amaraso menshi
"Nyabuneka, mfite umuhaha kuva ijoro ryashize kandi birushaho kuba bibi. Ndakeneye ubufasha vuba.",kinyarwanda,URGENT,paediatric,kinyarwanda->kinyarwanda:URGENT:paediatric,Mfite umuhaha.,Mfite umuhaha.
"Muganga, umugore wanjye iminwa ye yahindutse ubururu kuva ijoro ryashize kandi sinshobora gusinzira. Ndakeneye ubufasha vuba.",kinyarwanda,CRITICAL,cardiac_respiratory,kinyarwanda->kinyarwanda:CRITICAL:cardiac_respiratory,{REL} iminwa ye yahindutse ubururu.,Iminwa yanjye yahindutse ubururu.
"Mfasha, iyo umwana wanjye amaze kurya, yumva inda itameze neza kuva hashize icyumweru. Abandi bana na bo bafite iki kibazo. Mfasha muganga.",kinyarwanda,ROUTINE,gastrointestinal,kinyarwanda->kinyarwanda:ROUTINE:gastrointestinal,"Iyo {REL} amaze kurya, yumva inda itameze neza.","Iyo {REL} amaze kurya, yumva inda itameze neza."
"Mfasha, mfite umuriro woroheje umaze umunsi umwe, ariko nta kindi kibazo mfite kuva mu gitondo bikarushaho nijoro. Ntabasha kubona amafaranga yo kongera kuza kwa muganga.",kinyarwanda,ROUTINE,infectious_fever,kinyarwanda->kinyarwanda:ROUTINE:infectious_fever,"mfite umuriro woroheje umaze umunsi umwe, ariko nta kindi kibazo mfite","mfite umuriro woroheje umaze umunsi umwe, ariko nta kindi kibazo mfite"
"Naje hano mbere, mfite umuriro kandi numva mfite imbeho, nkeka ko ari malariya kuva ijoro ryashize kandi nta miti mfite. Ese ibi birakomeye?",kinyarwanda,URGENT,infectious_fever,kinyarwanda->kinyarwanda:URGENT:infectious_fever,"mfite umuriro kandi numva mfite imbeho, nkeka ko ari malariya","mfite umuriro kandi numva mfite imbeho, nkeka ko ari malariya"
"Muraho, umukecuru afite ubushye bunini ku mubiri kuva hashize iminsi ibiri kandi sinshobora gusinzira. Naje mvuye kure.",kinyarwanda,CRITICAL,haemorrhage_trauma,kinyarwanda->kinyarwanda:CRITICAL:haemorrhage_trauma,{REL} afite ubushye bunini ku mubiri.,Mfite ubushye bunini ku mubiri.
"Mumbabarire, ndashaka kubabwira ikibazo mfite. Ndashaka ko bapima ibiro by'umwana wanjye kuva ijoro ryashize biragenda bikagaruka. Nkora iki?",kinyarwanda,ROUTINE,paediatric,kinyarwanda->kinyarwanda:ROUTINE:paediatric,Ndashaka ko bapima ibiro by'umwana wanjye.,Ndashaka ko bapima ibiro by'umwana wanjye.
"Mumbabarire, ndashaka kubabwira ikibazo mfite. Umugabo wanjye umutima we utera cyane kandi yumva umeze nk'aho uhagarara kuva mu masaha abiri ashize. Byatangiye gitunguranye. Ni imiti ki nafata?",kinyarwanda,CRITICAL,cardiac_respiratory,kinyarwanda->kinyarwanda:CRITICAL:cardiac_respiratory,{REL} umutima we utera cyane kandi yumva umeze nk'aho uhagarara.,umutima uratera cyane kandi nkumva umeze nk'aho uhagarara
"Nyabuneka, mu gituza harandya cyane kandi ububabare bukagera no ku kuboko kuva mu gitondo kandi ndahangayitse. Nkora iki?",kinyarwanda,CRITICAL,cardiac_respiratory,kinyarwanda->kinyarwanda:CRITICAL:cardiac_respiratory,mu gituza harandya cyane kandi ububabare bukagera no ku kuboko,mu gituza harandya cyane kandi ububabare bukagera no ku kuboko
"Mumbabarire, ndashaka kubabwira ikibazo mfite. Papa ashaka inama ku biryo byo kugaburira umwana we kuva hashize iminsi ibiri kandi nta miti mfite. Mfasha muganga.",kinyarwanda,ROUTINE,preventive,kinyarwanda->kinyarwanda:ROUTINE:preventive,{REL} ashaka inama ku biryo byo kugaburira umwana we.,Ndashaka inama ku biryo byo kugaburira umwana wanjye.
"Nzanye umwana wanjye, ndashaka kongererwa imiti y'umuvuduko w'amaraso kuva ubu gitondo cya kare. Naje mvuye kure.",kinyarwanda,ROUTINE,chronic_care,kinyarwanda->kinyarwanda:ROUTINE:chronic_care,Ndashaka kongererwa imiti y'umuvuduko w'amaraso.,Ndashaka kongererwa imiti y'umuvuduko w'amaraso.
"Nyabuneka, narumwe n'inzoka kuva ijoro ryashize kandi ndahangayitse. Mfasha muganga.",kinyarwanda,URGENT,haemorrhage_trauma,kinyarwanda->kinyarwanda:URGENT:haemorrhage_trauma,Narumwe n'inzoka.,Narumwe n'inzoka.
Umukecuru ashaka inama ku biryo byo kugaburira umwana we kuva ejo. Byatangiye gitunguranye. Ntegereze cyangwa nsuzumwe ubu?,kinyarwanda,ROUTINE,preventive,kinyarwanda->kinyarwanda:ROUTINE:preventive,{REL} ashaka inama ku biryo byo kugaburira umwana we.,Ndashaka inama ku biryo byo kugaburira umwana wanjye.
"Simbizi niba bikomeye ariko, papa afite gahunda yo gukingiza umwana kuva ijoro ryashize nta miti imfasha. Mfasha muganga.",kinyarwanda,ROUTINE,preventive,kinyarwanda->kinyarwanda:ROUTINE:preventive,{REL} afite gahunda yo gukingiza umwana.,Mfite gahunda yo gukingiza umwana.
"Nyabuneka, ndava amaraso menshi nyuma yo kubyara kuva mu gitondo kandi ndahangayitse. Mfasha muganga.",kinyarwanda,CRITICAL,obstetric,kinyarwanda->kinyarwanda:CRITICAL:obstetric,ndava amaraso menshi nyuma yo kubyara,ndava amaraso menshi nyuma yo kubyara
"Ndakeneye ubufasha, mfite umuhaha kuva ijoro ryashize biragenda bikagaruka. Mfasha muganga.",kinyarwanda,URGENT,paediatric,kinyarwanda->kinyarwanda:URGENT:paediatric,Mfite umuhaha.,Mfite umuhaha.
"Simbizi niba bikomeye ariko, mama afite gahunda yo gukingiza umwana kuva hashize iminsi ibiri kandi nta miti mfite. Mfasha muganga.",kinyarwanda,ROUTINE,preventive,kinyarwanda->kinyarwanda:ROUTINE:preventive,{REL} afite gahunda yo gukingiza umwana.,Mfite gahunda yo gukingiza umwana.
"Muraho, umugore wanjye aratwite kandi umutwe uramubabaza cyane, kandi ntashobora kureba neza kuva hashize iminsi ibiri biragenda bikagaruka. Ntegereze cyangwa nsuzumwe ubu?",kinyarwanda,CRITICAL,obstetric,kinyarwanda->kinyarwanda:CRITICAL:obstetric,"{REL} aratwite kandi umutwe uramubabaza cyane, kandi ntashobora kureba neza.","Ndatwite, umutwe urandya cyane kandi sinshobora kureba neza."
"Ndakeneye ubufasha, maze ibyumweru birenga bibiri ndwaye impiswi bikarushaho nijoro. Naje mvuye kure.",kinyarwanda,URGENT,gastrointestinal,kinyarwanda->kinyarwanda:URGENT:gastrointestinal,Maze ibyumweru birenga bibiri ndwaye impiswi.,Maze ibyumweru birenga bibiri ndwaye impiswi.
"Mumbabarire, ndashaka kubabwira ikibazo mfite. Umukecuru araruka cyane kandi yumva afite intege nke kuva ijoro ryashize. Mfasha muganga.",kinyarwanda,URGENT,gastrointestinal,kinyarwanda->kinyarwanda:URGENT:gastrointestinal,{REL} araruka cyane kandi yumva afite intege nke.,ndaruka cyane kandi numva mfite intege nke
"Mfasha vuba, ndaruka ibyo ndya byose kandi sinshobora no kunywa kuva ubu gitondo cya kare biragenda bikagaruka. Mfasha muganga.",kinyarwanda,CRITICAL,gastrointestinal,kinyarwanda->kinyarwanda:CRITICAL:gastrointestinal,Ndaruka ibyo ndya byose kandi sinshobora no kunywa.,Ndaruka ibyo ndya byose kandi sinshobora no kunywa.
"Mumbabarire, ndashaka kubabwira ikibazo mfite. Papa nta miti ya SIDA afite kuva ijoro ryashize kandi birushaho kuba bibi. Ese ibi birakomeye?",kinyarwanda,URGENT,chronic_care,kinyarwanda->kinyarwanda:URGENT:chronic_care,{REL} nta miti ya SIDA afite.,Nta miti ya SIDA mfite.
"Mumbabarire, ndashaka kubabwira ikibazo mfite. Ndatwite kandi ndaruka ibyo ndya byose kuva hashize iminsi ibiri. Byatangiye gitunguranye. Mfasha muganga.",kinyarwanda,URGENT,obstetric,kinyarwanda->kinyarwanda:URGENT:obstetric,Ndatwite kandi ndaruka ibyo ndya byose.,Ndatwite kandi ndaruka ibyo ndya byose.
"Nyabuneka, umugore wanjye aratwite kandi yaragagaye kuva mu cyumweru gishize nta miti imfasha. Ntabasha kubona amafaranga yo kongera kuza kwa muganga.",kinyarwanda,CRITICAL,obstetric,kinyarwanda->kinyarwanda:CRITICAL:obstetric,{REL} aratwite kandi yaragagaye.,Ndatwite kandi nagagaye.
"Ndakeneye ubufasha, guhumeka birangora cyane ku buryo ntabasha no kuvuga neza kuva ubu gitondo cya kare kandi nta miti mfite. Nkora iki?",kinyarwanda,CRITICAL,cardiac_respiratory,kinyarwanda->kinyarwanda:CRITICAL:cardiac_respiratory,Guhumeka birangora cyane ku buryo ntabasha no kuvuga neza.,Guhumeka birangora cyane ku buryo ntabasha no kuvuga neza.
"Muganga, mfite igikomere gikomeye kirimo kuva amaraso menshi kuva ejo kandi sinshobora gusinzira. Nkora iki?",kinyarwanda,CRITICAL,haemorrhage_trauma,kinyarwanda->kinyarwanda:CRITICAL:haemorrhage_trauma,mfite igikomere gikomeye kirimo kuva amaraso menshi,mfite igikomere gikomeye kirimo kuva amaraso menshi
Ndashaka kukubwira ikibazo mfite. Narumwe n'inzoka kuva ijoro ryashize kandi ndahangayitse. Mfasha muganga.,kinyarwanda,URGENT,haemorrhage_trauma,kinyarwanda->kinyarwanda:URGENT:haemorrhage_trauma,Narumwe n'inzoka.,Narumwe n'inzoka.
"Nyabuneka, umugabo wanjye afite igikomere cyanduye, kiratukura kandi kirimo amashyira kuva ijoro ryashize bikarushaho nijoro. Ntegereze cyangwa nsuzumwe ubu?",kinyarwanda,URGENT,haemorrhage_trauma,kinyarwanda->kinyarwanda:URGENT:haemorrhage_trauma,"{REL} afite igikomere cyanduye, kiratukura kandi kirimo amashyira.","mfite igikomere cyanduye, kiratukura kandi kirimo amashyira"
"Muganga, umugore wanjye amaze iminsi itatu arwaye impiswi zikomeye kuva mu masaha abiri ashize kandi nta miti mfite. Murakoze.",kinyarwanda,URGENT,gastrointestinal,kinyarwanda->kinyarwanda:URGENT:gastrointestinal,{REL} amaze iminsi itatu arwaye impiswi zikomeye.,maze iminsi itatu ndwaye impiswi zikomeye
"Simbizi niba bikomeye ariko, mushiki wanjye ntashobora kuvuga neza kandi umunwa we waragoramye kuva hashize iminsi ibiri kandi ndahangayitse. Mfasha muganga.",kinyarwanda,CRITICAL,neurological,kinyarwanda->kinyarwanda:CRITICAL:neurological,{REL} ntashobora kuvuga neza kandi umunwa we waragoramye.,{REL} ntashobora kuvuga neza kandi umunwa we waragoramye.
"Muraho, umuturanyi wanjye amaze iminsi itatu arwaye impiswi zikomeye nta miti imfasha. Ese ibi birakomeye?",kinyarwanda,URGENT,gastrointestinal,kinyarwanda->kinyarwanda:URGENT:gastrointestinal,{REL} amaze iminsi itatu arwaye impiswi zikomeye.,maze iminsi itatu ndwaye impiswi zikomeye
Nkorora gake ariko nta muriro mfite kuva hashize iminsi ibiri. Byatangiye gitunguranye.,kinyarwanda,ROUTINE,cardiac_respiratory,kinyarwanda->kinyarwanda:ROUTINE:cardiac_respiratory,Nkorora gake ariko nta muriro mfite.,Nkorora gake ariko nta muriro mfite.
"Muraho, ndashaka guhabwa inzitiramubu kuva ubu gitondo cya kare kandi nta miti mfite. Nkora iki?",kinyarwanda,ROUTINE,preventive,kinyarwanda->kinyarwanda:ROUTINE:preventive,Ndashaka guhabwa inzitiramubu.,Ndashaka guhabwa inzitiramubu.
"Simbizi niba bikomeye ariko, ndatwite kandi ndashaka kujya kwa muganga kwisuzumisha kuva hashize iminsi ibiri. Ni imiti ki nafata?",kinyarwanda,ROUTINE,obstetric,kinyarwanda->kinyarwanda:ROUTINE:obstetric,Ndatwite kandi ndashaka kujya kwa muganga kwisuzumisha.,Ndatwite kandi ndashaka kujya kwa muganga kwisuzumisha.
"Mfasha vuba, umuturanyi wanjye ari kubyara ariko umugozi w'umwana wabanje gusohoka kuva hashize iminsi ibiri. Byatangiye gitunguranye. Naje mvuye kure.",kinyarwanda,CRITICAL,obstetric,kinyarwanda->kinyarwanda:CRITICAL:obstetric,{REL} ari kubyara ariko umugozi w'umwana wabanje gusohoka.,Ndabyara ariko habanje gusohoka umugozi w'umwana.
"Muraho, ndashaka kongererwa imiti y'umuvuduko w'amaraso kuva hashize icyumweru biragenda bikagaruka. Ndakeneye ubufasha vuba.",kinyarwanda,ROUTINE,chronic_care,kinyarwanda->kinyarwanda:ROUTINE:chronic_care,Ndashaka kongererwa imiti y'umuvuduko w'amaraso.,Ndashaka kongererwa imiti y'umuvuduko w'amaraso.
"Simbizi niba bikomeye ariko, umukecuru nta miti ya SIDA afite kuva ubu gitondo cya kare kandi ndahangayitse. Nkora iki?",kinyarwanda,URGENT,chronic_care,kinyarwanda->kinyarwanda:URGENT:chronic_care,{REL} nta miti ya SIDA afite.,Nta miti ya SIDA mfite.
"Mumbabarire, ndashaka kubabwira ikibazo mfite. Umugore wanjye aratwite kandi araruka ibyo arya byose kuva ubu gitondo cya kare bikarushaho nijoro. Mfasha muganga.",kinyarwanda,URGENT,obstetric,kinyarwanda->kinyarwanda:URGENT:obstetric,{REL} aratwite kandi araruka ibyo arya byose.,Ndatwite kandi ndaruka ibyo ndya byose.
"Muraho, ndashaka ko bapima umuvuduko w'amaraso kuva ijoro ryashize kandi ndahangayitse. Murakoze.",kinyarwanda,ROUTINE,preventive,kinyarwanda->kinyarwanda:ROUTINE:preventive,Ndashaka ko bapima umuvuduko w'amaraso.,Ndashaka ko bapima umuvuduko w'amaraso.
"Ndakeneye ubufasha, iminwa yanjye yahindutse ubururu kuva ubu gitondo cya kare kandi nta miti mfite. Ni imiti ki nafata?",kinyarwanda,CRITICAL,cardiac_respiratory,kinyarwanda->kinyarwanda:CRITICAL:cardiac_respiratory,Iminwa yanjye yahindutse ubururu.,Iminwa yanjye yahindutse ubururu.
"Muraho, naguye, ukuguru kuragoramye ariko sinumva ko kuvunitse kuva ejo. Mfasha muganga.",kinyarwanda,URGENT,haemorrhage_trauma,kinyarwanda->kinyarwanda:URGENT:haemorrhage_trauma,"Naguye, ukuguru kuragoramye ariko sinumva ko kuvunitse.","Naguye, ukuguru kuragoramye ariko sinumva ko kuvunitse."
"Muraho, umuturanyi wanjye aratwite kandi ashaka kwisuzumisha kwa muganga bwa mbere kuva ejo. Abandi bana na bo bafite iki kibazo. Ni imiti ki nafata?",kinyarwanda,ROUTINE,preventive,kinyarwanda->kinyarwanda:ROUTINE:preventive,{REL} aratwite kandi ashaka kwisuzumisha kwa muganga bwa mbere.,Ndatwite kandi ndashaka kwisuzumisha kwa muganga bwa mbere.
"Nyabuneka, naguye, ukuguru kuragoramye ariko sinumva ko kuvunitse kuva hashize iminsi itatu kandi ndahangayitse. Ndakeneye ubufasha vuba.",kinyarwanda,URGENT,haemorrhage_trauma,kinyarwanda->kinyarwanda:URGENT:haemorrhage_trauma,"Naguye, ukuguru kuragoramye ariko sinumva ko kuvunitse.","Naguye, ukuguru kuragoramye ariko sinumva ko kuvunitse."
"Mfasha vuba, ndakomeza kuruka kandi sinshobora kurya kuva ijoro ryashize kandi ndahangayitse. Ntabasha kubona amafaranga yo kongera kuza kwa muganga.",kinyarwanda,URGENT,gastrointestinal,kinyarwanda->kinyarwanda:URGENT:gastrointestinal,ndakomeza kuruka kandi sinshobora kurya,ndakomeza kuruka kandi sinshobora kurya
"Mfasha, umugore wanjye afite ibimenyetso bya malariya, umuriro n'imbeho kuva mu masaha abiri ashize kandi nta miti mfite. Urakoze.",kinyarwanda,URGENT,infectious_fever,kinyarwanda->kinyarwanda:URGENT:infectious_fever,"{REL} afite ibimenyetso bya malariya, umuriro n'imbeho.","Mfite ibimenyetso bya malariya, umuriro n'imbeho."
Ndashaka kukubwira ikibazo mfite. Umwana wanjye amazuru ye aratemba gake kuva hashize icyumweru kandi nta miti mfite. Ntegereze cyangwa nsuzumwe ubu?,kinyarwanda,ROUTINE,infectious_fever,kinyarwanda->kinyarwanda:ROUTINE:infectious_fever,{REL} amazuru ye aratemba gake.,amazuru arantemba gake
"Muganga, umugore wanjye araruka cyane kandi yumva afite intege nke kuva mu cyumweru gishize kandi ndahangayitse. Ni imiti ki nafata?",kinyarwanda,URGENT,gastrointestinal,kinyarwanda->kinyarwanda:URGENT:gastrointestinal,{REL} araruka cyane kandi yumva afite intege nke.,ndaruka cyane kandi numva mfite intege nke
"Mumbabarire, ndashaka kubabwira ikibazo mfite. Ndashaka kongererwa imiti y'umuvuduko w'amaraso kuva ubu gitondo cya kare. Byatangiye gitunguranye. Murakoze.",kinyarwanda,ROUTINE,chronic_care,kinyarwanda->kinyarwanda:ROUTINE:chronic_care,Ndashaka kongererwa imiti y'umuvuduko w'amaraso.,Ndashaka kongererwa imiti y'umuvuduko w'amaraso.
"Ndakeneye ubufasha, iminwa yanjye yahindutse ubururu kuva ijoro ryashize biragenda bikagaruka",kinyarwanda,CRITICAL,cardiac_respiratory,kinyarwanda->kinyarwanda:CRITICAL:cardiac_respiratory,Iminwa yanjye yahindutse ubururu.,Iminwa yanjye yahindutse ubururu.
"Muraho, ndashaka inama ku biryo byo kugaburira umwana wanjye kuva ubu gitondo cya kare. Ndakeneye ubufasha vuba.",kinyarwanda,ROUTINE,preventive,kinyarwanda->kinyarwanda:ROUTINE:preventive,Ndashaka inama ku biryo byo kugaburira umwana wanjye.,Ndashaka inama ku biryo byo kugaburira umwana wanjye.
"Nzanye umwana wanjye, ndava amaraso menshi nyuma yo kubyara kuva hashize icyumweru. Ni imiti ki nafata?",kinyarwanda,CRITICAL,obstetric,kinyarwanda->kinyarwanda:CRITICAL:obstetric,ndava amaraso menshi nyuma yo kubyara,ndava amaraso menshi nyuma yo kubyara
"Simbizi niba bikomeye ariko, umwana wanjye afite umuhaha kuva ijoro ryashize. Byatangiye gitunguranye. Nkora iki?",kinyarwanda,URGENT,paediatric,kinyarwanda->kinyarwanda:URGENT:paediatric,{REL} afite umuhaha.,Mfite umuhaha.
"Mumbabarire, ndashaka kubabwira ikibazo mfite. Ndabyara ariko habanje gusohoka umugozi w'umwana kuva mu gitondo kandi ndahangayitse. Nkora iki?",kinyarwanda,CRITICAL,obstetric,kinyarwanda->kinyarwanda:CRITICAL:obstetric,Ndabyara ariko habanje gusohoka umugozi w'umwana.,Ndabyara ariko habanje gusohoka umugozi w'umwana.
"Naje hano mbere, iyo mpumeka, numva igituza gifashe kandi mpumeka nkumva hari ijwi ridasanzwe nta miti imfasha. Ntabasha kubona amafaranga yo kongera kuza kwa muganga.",kinyarwanda,URGENT,cardiac_respiratory,kinyarwanda->kinyarwanda:URGENT:cardiac_respiratory,"Iyo mpumeka, numva igituza gifashe kandi mpumeka nkumva hari ijwi ridasanzwe.","Iyo mpumeka, numva igituza gifashe kandi mpumeka nkumva hari ijwi ridasanzwe."
"Nyabuneka, umwana wanjye ashaka kugirwa inama ku mazi yo kunywa kuva hashize iminsi itatu. Byatangiye gitunguranye. Ni imiti ki nafata?",kinyarwanda,ROUTINE,preventive,kinyarwanda->kinyarwanda:ROUTINE:preventive,{REL} ashaka kugirwa inama ku mazi yo kunywa.,Ndashaka kugirwa inama ku mazi yo kunywa.
"Nyabuneka, papa iminwa ye yahindutse ubururu kuva mu cyumweru gishize. Byatangiye gitunguranye.",kinyarwanda,CRITICAL,cardiac_respiratory,kinyarwanda->kinyarwanda:CRITICAL:cardiac_respiratory,{REL} iminwa ye yahindutse ubururu.,Iminwa yanjye yahindutse ubururu.
"Nzanye umwana wanjye, papa araruka amaraso kuva mu masaha abiri ashize. Abandi bana na bo bafite iki kibazo. Naje mvuye kure.",kinyarwanda,CRITICAL,gastrointestinal,kinyarwanda->kinyarwanda:CRITICAL:gastrointestinal,{REL} araruka amaraso.,Ndaruka amaraso.
Ndashaka kukubwira ikibazo mfite. Mu rugo hari umuntu urwaye igituntu kandi umukecuru ashaka kwisuzumisha kuva hashize iminsi itatu nta miti imfasha. Naje mvuye kure.,kinyarwanda,URGENT,preventive,kinyarwanda->kinyarwanda:URGENT:preventive,Mu rugo hari umuntu urwaye igituntu kandi {REL} ashaka kwisuzumisha.,Mu rugo hari umuntu urwaye igituntu kandi ndashaka kwisuzumisha.
"Umwana wanjye afite igikomere cyanduye, kiratukura kandi kirimo amashyira kuva mu gitondo. Byatangiye gitunguranye. Urakoze.",kinyarwanda,URGENT,haemorrhage_trauma,kinyarwanda->kinyarwanda:URGENT:haemorrhage_trauma,"{REL} afite igikomere cyanduye, kiratukura kandi kirimo amashyira.","mfite igikomere cyanduye, kiratukura kandi kirimo amashyira"
"Ndakeneye ubufasha, ndatwite kandi ndashaka kujya kwa muganga kwisuzumisha. Abandi bana na bo bafite iki kibazo.",kinyarwanda,ROUTINE,obstetric,kinyarwanda->kinyarwanda:ROUTINE:obstetric,Ndatwite kandi ndashaka kujya kwa muganga kwisuzumisha.,Ndatwite kandi ndashaka kujya kwa muganga kwisuzumisha.
"Mfasha vuba, papa ashaka ko bapima ibiro by'umwana we. Ni imiti ki nafata?",kinyarwanda,ROUTINE,paediatric,kinyarwanda->kinyarwanda:ROUTINE:paediatric,{REL} ashaka ko bapima ibiro by'umwana we.,Ndashaka ko bapima ibiro by'umwana wanjye.
"Mfasha, mfite umuriro mwinshi kandi nagagaye kuva ubu gitondo cya kare kandi nta miti mfite. Nkora iki?",kinyarwanda,CRITICAL,infectious_fever,kinyarwanda->kinyarwanda:CRITICAL:infectious_fever,Mfite umuriro mwinshi kandi nagagaye.,Mfite umuriro mwinshi kandi nagagaye.
"Ndakeneye ubufasha, umugore wanjye aratwite kandi umutwe uramubabaza cyane, kandi ntashobora kureba neza kuva hashize iminsi ibiri kandi birushaho kuba bibi. Naje mvuye kure.",kinyarwanda,CRITICAL,obstetric,kinyarwanda->kinyarwanda:CRITICAL:obstetric,"{REL} aratwite kandi umutwe uramubabaza cyane, kandi ntashobora kureba neza.","Ndatwite, umutwe urandya cyane kandi sinshobora kureba neza."
Ndatwite kandi ndaruka ibyo ndya byose kuva mu masaha abiri ashize biragenda bikagaruka. Mfasha muganga.,kinyarwanda,URGENT,obstetric,kinyarwanda->kinyarwanda:URGENT:obstetric,Ndatwite kandi ndaruka ibyo ndya byose.,Ndatwite kandi ndaruka ibyo ndya byose.
"Muraho, nta miti y'igituntu mfite kuva mu masaha abiri ashize kandi ndahangayitse. Ese ibi birakomeye?",kinyarwanda,URGENT,chronic_care,kinyarwanda->kinyarwanda:URGENT:chronic_care,Nta miti y'igituntu mfite.,Nta miti y'igituntu mfite.
"Muraho, umugore wanjye amaze umunsi wose ari mu bubabare bwo kubyara ariko umwana ntarasohoka kuva ijoro ryashize kandi birushaho kuba bibi. Ni imiti ki nafata?",kinyarwanda,CRITICAL,obstetric,kinyarwanda->kinyarwanda:CRITICAL:obstetric,{REL} amaze umunsi wose ari mu bubabare bwo kubyara ariko umwana ntarasohoka.,Maze umunsi wose mbabara ngerageza kubyara ariko umwana ntarasohoka.
"Mfasha vuba, ndashaka ko bapima ibiro by'umwana wanjye kuva ejo nta miti imfasha",kinyarwanda,ROUTINE,paediatric,kinyarwanda->kinyarwanda:ROUTINE:paediatric,Ndashaka ko bapima ibiro by'umwana wanjye.,Ndashaka ko bapima ibiro by'umwana wanjye.
"Muraho, umugabo wanjye nta miti ya SIDA afite kuva hashize iminsi ibiri. Byatangiye gitunguranye. Mfasha muganga.",kinyarwanda,URGENT,chronic_care,kinyarwanda->kinyarwanda:URGENT:chronic_care,{REL} nta miti ya SIDA afite.,Nta miti ya SIDA mfite.
"Simbizi niba bikomeye ariko, papa afite umuriro mwinshi kandi arakorora cyane kuva ubu gitondo cya kare. Urakoze.",kinyarwanda,URGENT,infectious_fever,kinyarwanda->kinyarwanda:URGENT:infectious_fever,{REL} afite umuriro mwinshi kandi arakorora cyane.,mfite umuriro mwinshi kandi ndakorora cyane
"Nyabuneka, umutima uratera cyane kandi nkumva umeze nk'aho uhagarara kuva mu masaha abiri ashize nta miti imfasha",kinyarwanda,CRITICAL,cardiac_respiratory,kinyarwanda->kinyarwanda:CRITICAL:cardiac_respiratory,umutima uratera cyane kandi nkumva umeze nk'aho uhagarara,umutima uratera cyane kandi nkumva umeze nk'aho uhagarara
"Muganga, mfite umuriro woroheje umaze umunsi umwe, ariko nta kindi kibazo mfite kuva hashize iminsi ibiri biragenda bikagaruka. Ntegereze cyangwa nsuzumwe ubu?",kinyarwanda,ROUTINE,infectious_fever,kinyarwanda->kinyarwanda:ROUTINE:infectious_fever,"mfite umuriro woroheje umaze umunsi umwe, ariko nta kindi kibazo mfite","mfite umuriro woroheje umaze umunsi umwe, ariko nta kindi kibazo mfite"
Narumwe n'inzoka kuva mu cyumweru gishize bikarushaho nijoro. Ni imiti ki nafata?,kinyarwanda,URGENT,haemorrhage_trauma,kinyarwanda->kinyarwanda:URGENT:haemorrhage_trauma,Narumwe n'inzoka.,Narumwe n'inzoka.
"Nzanye umwana wanjye, mfite igikomere cyanduye, kiratukura kandi kirimo amashyira kuva mu masaha abiri ashize kandi nta miti mfite. Nkora iki?",kinyarwanda,URGENT,haemorrhage_trauma,kinyarwanda->kinyarwanda:URGENT:haemorrhage_trauma,"mfite igikomere cyanduye, kiratukura kandi kirimo amashyira","mfite igikomere cyanduye, kiratukura kandi kirimo amashyira"
"Nzanye umwana wanjye, umwana wanjye afite umuriro woroheje umaze umunsi umwe, ariko nta kindi kibazo afite kuva mu gitondo kandi nta miti mfite. Ese ibi birakomeye?",kinyarwanda,ROUTINE,infectious_fever,kinyarwanda->kinyarwanda:ROUTINE:infectious_fever,"{REL} afite umuriro woroheje umaze umunsi umwe, ariko nta kindi kibazo afite.","mfite umuriro woroheje umaze umunsi umwe, ariko nta kindi kibazo mfite"
"Nyabuneka, umugore wanjye ashaka guhabwa inzitiramubu kuva ubu gitondo cya kare bikarushaho nijoro. Ni imiti ki nafata?",kinyarwanda,ROUTINE,preventive,kinyarwanda->kinyarwanda:ROUTINE:preventive,{REL} ashaka guhabwa inzitiramubu.,Ndashaka guhabwa inzitiramubu.
"Mumbabarire, ndashaka kubabwira ikibazo mfite. Umuturanyi wanjye ntashobora kuvuga neza kandi umunwa we waragoramye kuva mu masaha abiri ashize bikarushaho nijoro. Ntegereze cyangwa nsuzumwe ubu?",kinyarwanda,CRITICAL,neurological,kinyarwanda->kinyarwanda:CRITICAL:neurological,{REL} ntashobora kuvuga neza kandi umunwa we waragoramye.,{REL} ntashobora kuvuga neza kandi umunwa we waragoramye.
"Muganga, mfite igisebe ku kirenge kidakira kandi mfite diyabete kuva mu cyumweru gishize kandi nta miti mfite. Ndakeneye ubufasha vuba.",kinyarwanda,URGENT,chronic_care,kinyarwanda->kinyarwanda:URGENT:chronic_care,Mfite igisebe ku kirenge kidakira kandi mfite diyabete.,Mfite igisebe ku kirenge kidakira kandi mfite diyabete.
"Nzanye umwana wanjye, mfite umuriro woroheje umaze umunsi umwe, ariko nta kindi kibazo mfite kuva mu masaha abiri ashize bikarushaho nijoro. Ese ibi birakomeye?",kinyarwanda,ROUTINE,infectious_fever,kinyarwanda->kinyarwanda:ROUTINE:infectious_fever,"mfite umuriro woroheje umaze umunsi umwe, ariko nta kindi kibazo mfite","mfite umuriro woroheje umaze umunsi umwe, ariko nta kindi kibazo mfite"
"Mfasha, umugore wanjye nta miti ya SIDA afite kuva ubu gitondo cya kare kandi nta miti mfite. Mfasha muganga.",kinyarwanda,URGENT,chronic_care,kinyarwanda->kinyarwanda:URGENT:chronic_care,{REL} nta miti ya SIDA afite.,Nta miti ya SIDA mfite.
Ndashaka kukubwira ikibazo mfite. Umwana wanjye afite umuriro kandi umutwe uramubabaza cyane kuva ubu gitondo cya kare kandi ndahangayitse. Ntegereze cyangwa nsuzumwe ubu?,kinyarwanda,URGENT,infectious_fever,kinyarwanda->kinyarwanda:URGENT:infectious_fever,{REL} afite umuriro kandi umutwe uramubabaza cyane.,mfite umuriro kandi umutwe urandya cyane
"Simbizi niba bikomeye ariko, umukecuru yaraguye none arababara cyane kuva hashize iminsi itatu kandi nta miti mfite. Murakoze.",kinyarwanda,URGENT,haemorrhage_trauma,kinyarwanda->kinyarwanda:URGENT:haemorrhage_trauma,{REL} yaraguye none arababara cyane.,naraguye none ndababara cyane
"Mfasha, mfite umwanda usa umukara. Abandi bana na bo bafite iki kibazo.",kinyarwanda,CRITICAL,gastrointestinal,kinyarwanda->kinyarwanda:CRITICAL:gastrointestinal,Mfite umwanda usa umukara.,Mfite umwanda usa umukara.
"Simbizi niba bikomeye ariko, umuturanyi wanjye arakomeza kuruka kandi ntashobora kurya kuva mu cyumweru gishize biragenda bikagaruka. Urakoze.",kinyarwanda,URGENT,gastrointestinal,kinyarwanda->kinyarwanda:URGENT:gastrointestinal,{REL} arakomeza kuruka kandi ntashobora kurya.,ndakomeza kuruka kandi sinshobora kurya
Ndashaka kukubwira ikibazo mfite. Ndashaka inama ku biryo byo kugaburira umwana wanjye kuva hashize icyumweru kandi nta miti mfite,kinyarwanda,ROUTINE,preventive,kinyarwanda->kinyarwanda:ROUTINE:preventive,Ndashaka inama ku biryo byo kugaburira umwana wanjye.,Ndashaka inama ku biryo byo kugaburira umwana wanjye.
"Nzanye umwana wanjye, ndaruka ibyo ndya byose kandi sinshobora no kunywa kuva mu masaha abiri ashize kandi nta miti mfite",kinyarwanda,CRITICAL,gastrointestinal,kinyarwanda->kinyarwanda:CRITICAL:gastrointestinal,Ndaruka ibyo ndya byose kandi sinshobora no kunywa.,Ndaruka ibyo ndya byose kandi sinshobora no kunywa.
"Nzanye umwana wanjye, nta miti y'igituntu mfite kuva ijoro ryashize kandi sinshobora gusinzira. Ntegereze cyangwa nsuzumwe ubu?",kinyarwanda,URGENT,chronic_care,kinyarwanda->kinyarwanda:URGENT:chronic_care,Nta miti y'igituntu mfite.,Nta miti y'igituntu mfite.
"Mfasha vuba, mfite umuriro mwinshi kandi nagagaye kuva mu cyumweru gishize. Abandi bana na bo bafite iki kibazo. Mfasha muganga.",kinyarwanda,CRITICAL,infectious_fever,kinyarwanda->kinyarwanda:CRITICAL:infectious_fever,Mfite umuriro mwinshi kandi nagagaye.,Mfite umuriro mwinshi kandi nagagaye.
"Muganga, umwana wanjye afite umuhaha kuva hashize iminsi ibiri kandi nta miti mfite. Mfasha muganga.",kinyarwanda,URGENT,paediatric,kinyarwanda->kinyarwanda:URGENT:paediatric,{REL} afite umuhaha.,Mfite umuhaha.
"Nzanye umwana wanjye, mama ari kubyara ariko umugozi w'umwana wabanje gusohoka kuva ejo biragenda bikagaruka. Ntabasha kubona amafaranga yo kongera kuza kwa muganga.",kinyarwanda,CRITICAL,obstetric,kinyarwanda->kinyarwanda:CRITICAL:obstetric,{REL} ari kubyara ariko umugozi w'umwana wabanje gusohoka.,Ndabyara ariko habanje gusohoka umugozi w'umwana.
"Muraho, nta miti y'igituntu mfite kandi sinshobora gusinzira. Urakoze.",kinyarwanda,URGENT,chronic_care,kinyarwanda->kinyarwanda:URGENT:chronic_care,Nta miti y'igituntu mfite.,Nta miti y'igituntu mfite.
"Muraho, mfite igikomere gito kandi amaraso yarahagaze kuva mu cyumweru gishize biragenda bikagaruka. Ni imiti ki nafata?",kinyarwanda,ROUTINE,haemorrhage_trauma,kinyarwanda->kinyarwanda:ROUTINE:haemorrhage_trauma,Mfite igikomere gito kandi amaraso yarahagaze.,Mfite igikomere gito kandi amaraso yarahagaze.
"Mfasha, mfite umuriro woroheje umaze umunsi umwe, ariko nta kindi kibazo mfite kuva hashize icyumweru nta miti imfasha",kinyarwanda,ROUTINE,infectious_fever,kinyarwanda->kinyarwanda:ROUTINE:infectious_fever,"mfite umuriro woroheje umaze umunsi umwe, ariko nta kindi kibazo mfite","mfite umuriro woroheje umaze umunsi umwe, ariko nta kindi kibazo mfite"
"Mfasha vuba, ndashaka ko bapima umuvuduko w'amaraso kuva mu cyumweru gishize bikarushaho nijoro. Ese ibi birakomeye?",kinyarwanda,ROUTINE,preventive,kinyarwanda->kinyarwanda:ROUTINE:preventive,Ndashaka ko bapima umuvuduko w'amaraso.,Ndashaka ko bapima umuvuduko w'amaraso.
"Nyabuneka, mfite ikibazo ku mutwe kandi kirimo guterwa n'urumuri kuva hashize iminsi itatu kandi ndahangayitse. Ntegereze cyangwa nsuzumwe ubu?",kinyarwanda,URGENT,neurological,kinyarwanda->kinyarwanda:URGENT:neurological,Mfite ikibazo ku mutwe kandi kirimo guterwa n'urumuri.,Mfite ikibazo ku mutwe kandi kirimo guterwa n'urumuri.
"Muganga, mfite igikomere cyanduye, kiratukura kandi kirimo amashyira kuva ijoro ryashize bikarushaho nijoro. Ntabasha kubona amafaranga yo kongera kuza kwa muganga.",kinyarwanda,URGENT,haemorrhage_trauma,kinyarwanda->kinyarwanda:URGENT:haemorrhage_trauma,"mfite igikomere cyanduye, kiratukura kandi kirimo amashyira","mfite igikomere cyanduye, kiratukura kandi kirimo amashyira"
"Mumbabarire, ndashaka kubabwira ikibazo mfite. Ndashaka kugirwa inama uko nakonsa umwana kuva hashize iminsi ibiri kandi sinshobora gusinzira. Urakoze.",kinyarwanda,ROUTINE,obstetric,kinyarwanda->kinyarwanda:ROUTINE:obstetric,Ndashaka kugirwa inama uko nakonsa umwana.,Ndashaka kugirwa inama uko nakonsa umwana.
"Nzanye umwana wanjye, mu rugo hari umuntu urwaye igituntu kandi umugabo wanjye ashaka kwisuzumisha kuva hashize iminsi ibiri biragenda bikagaruka. Naje mvuye kure.",kinyarwanda,URGENT,preventive,kinyarwanda->kinyarwanda:URGENT:preventive,Mu rugo hari umuntu urwaye igituntu kandi {REL} ashaka kwisuzumisha.,Mu rugo hari umuntu urwaye igituntu kandi ndashaka kwisuzumisha.
"Mfasha vuba, mushiki wanjye afite ibimenyetso bya malariya, umuriro n'imbeho kuva ejo. Byatangiye gitunguranye. Nkora iki?",kinyarwanda,URGENT,infectious_fever,kinyarwanda->kinyarwanda:URGENT:infectious_fever,"{REL} afite ibimenyetso bya malariya, umuriro n'imbeho.","Mfite ibimenyetso bya malariya, umuriro n'imbeho."
"Muganga, guhumeka birangora cyane ku buryo ntabasha no kuvuga neza kuva hashize icyumweru. Abandi bana na bo bafite iki kibazo. Ese ibi birakomeye?",kinyarwanda,CRITICAL,cardiac_respiratory,kinyarwanda->kinyarwanda:CRITICAL:cardiac_respiratory,Guhumeka birangora cyane ku buryo ntabasha no kuvuga neza.,Guhumeka birangora cyane ku buryo ntabasha no kuvuga neza.
"Mumbabarire, ndashaka kubabwira ikibazo mfite. Mama araruka cyane kandi yumva afite intege nke kuva mu masaha abiri ashize bikarushaho nijoro. Ese ibi birakomeye?",kinyarwanda,URGENT,gastrointestinal,kinyarwanda->kinyarwanda:URGENT:gastrointestinal,{REL} araruka cyane kandi yumva afite intege nke.,ndaruka cyane kandi numva mfite intege nke
"Mfasha, mfite igikomere gito kandi amaraso yarahagaze kuva ijoro ryashize biragenda bikagaruka. Ntabasha kubona amafaranga yo kongera kuza kwa muganga.",kinyarwanda,ROUTINE,haemorrhage_trauma,kinyarwanda->kinyarwanda:ROUTINE:haemorrhage_trauma,Mfite igikomere gito kandi amaraso yarahagaze.,Mfite igikomere gito kandi amaraso yarahagaze.
"Muraho, umutima uratera cyane kandi nkumva umeze nk'aho uhagarara kuva mu masaha abiri ashize bikarushaho nijoro. Ese ibi birakomeye?",kinyarwanda,CRITICAL,cardiac_respiratory,kinyarwanda->kinyarwanda:CRITICAL:cardiac_respiratory,umutima uratera cyane kandi nkumva umeze nk'aho uhagarara,umutima uratera cyane kandi nkumva umeze nk'aho uhagarara
"Nyabuneka, umugabo wanjye ashaka kugirwa inama ku mazi yo kunywa kuva hashize icyumweru biragenda bikagaruka. Ndakeneye ubufasha vuba.",kinyarwanda,ROUTINE,preventive,kinyarwanda->kinyarwanda:ROUTINE:preventive,{REL} ashaka kugirwa inama ku mazi yo kunywa.,Ndashaka kugirwa inama ku mazi yo kunywa.
"Naje hano mbere, maze ibyumweru birenga bibiri ndwaye impiswi kuva mu masaha abiri ashize nta miti imfasha. Urakoze.",kinyarwanda,URGENT,gastrointestinal,kinyarwanda->kinyarwanda:URGENT:gastrointestinal,Maze ibyumweru birenga bibiri ndwaye impiswi.,Maze ibyumweru birenga bibiri ndwaye impiswi.
"Mumbabarire, ndashaka kubabwira ikibazo mfite. Mfite umuriro kandi numva mfite imbeho, nkeka ko ari malariya kuva hashize icyumweru kandi nta miti mfite. Ntabasha kubona amafaranga yo kongera kuza kwa muganga.",kinyarwanda,URGENT,infectious_fever,kinyarwanda->kinyarwanda:URGENT:infectious_fever,"mfite umuriro kandi numva mfite imbeho, nkeka ko ari malariya","mfite umuriro kandi numva mfite imbeho, nkeka ko ari malariya"
"Mfasha vuba, mfite impiswi zirimo amaraso kuva mu cyumweru gishize. Ntegereze cyangwa nsuzumwe ubu?",kinyarwanda,URGENT,gastrointestinal,kinyarwanda->kinyarwanda:URGENT:gastrointestinal,Mfite impiswi zirimo amaraso.,Mfite impiswi zirimo amaraso.
"Naje hano mbere, iyo mpumeka, numva igituza gifashe kandi mpumeka nkumva hari ijwi ridasanzwe kuva ejo nta miti imfasha. Mfasha muganga.",kinyarwanda,URGENT,cardiac_respiratory,kinyarwanda->kinyarwanda:URGENT:cardiac_respiratory,"Iyo mpumeka, numva igituza gifashe kandi mpumeka nkumva hari ijwi ridasanzwe.","Iyo mpumeka, numva igituza gifashe kandi mpumeka nkumva hari ijwi ridasanzwe."
"Mumbabarire, ndashaka kubabwira ikibazo mfite. Isukari yo mu maraso yanjye yazamutse cyane kuva hashize iminsi ibiri. Abandi bana na bo bafite iki kibazo. Ntabasha kubona amafaranga yo kongera kuza kwa muganga.",kinyarwanda,URGENT,chronic_care,kinyarwanda->kinyarwanda:URGENT:chronic_care,isukari yo mu maraso yanjye yazamutse cyane,isukari yo mu maraso yanjye yazamutse cyane
"Mfasha vuba, umugabo wanjye ashaka kugirwa inama ku mazi yo kunywa kuva ejo nta miti imfasha. Mfasha muganga.",kinyarwanda,ROUTINE,preventive,kinyarwanda->kinyarwanda:ROUTINE:preventive,{REL} ashaka kugirwa inama ku mazi yo kunywa.,Ndashaka kugirwa inama ku mazi yo kunywa.
"Mfasha, mfite ikibazo ku mutwe kandi kirimo guterwa n'urumuri kuva hashize icyumweru kandi nta miti mfite",kinyarwanda,URGENT,neurological,kinyarwanda->kinyarwanda:URGENT:neurological,Mfite ikibazo ku mutwe kandi kirimo guterwa n'urumuri.,Mfite ikibazo ku mutwe kandi kirimo guterwa n'urumuri.
"Nzanye umwana wanjye, umutima uratera cyane kandi nkumva umeze nk'aho uhagarara kuva hashize icyumweru kandi sinshobora gusinzira. Mfasha muganga.",kinyarwanda,CRITICAL,cardiac_respiratory,kinyarwanda->kinyarwanda:CRITICAL:cardiac_respiratory,umutima uratera cyane kandi nkumva umeze nk'aho uhagarara,umutima uratera cyane kandi nkumva umeze nk'aho uhagarara
Umugore wanjye umutima we utera cyane kandi yumva umeze nk'aho uhagarara kuva ijoro ryashize. Ndakeneye ubufasha vuba.,kinyarwanda,CRITICAL,cardiac_respiratory,kinyarwanda->kinyarwanda:CRITICAL:cardiac_respiratory,{REL} umutima we utera cyane kandi yumva umeze nk'aho uhagarara.,umutima uratera cyane kandi nkumva umeze nk'aho uhagarara
"Nyabuneka, naraguye none ndababara cyane kuva ejo bikarushaho nijoro. Ni imiti ki nafata?",kinyarwanda,URGENT,haemorrhage_trauma,kinyarwanda->kinyarwanda:URGENT:haemorrhage_trauma,naraguye none ndababara cyane,naraguye none ndababara cyane
"Nzanye umwana wanjye, mama afite ububabare bukabije mu nda kandi nta miti mfite. Ni imiti ki nafata?",kinyarwanda,URGENT,gastrointestinal,kinyarwanda->kinyarwanda:URGENT:gastrointestinal,{REL} afite ububabare bukabije mu nda.,Mfite ububabare bukabije mu nda.
"Muganga, mushiki wanjye ashaka inama ku biryo byo kugaburira umwana we kuva mu gitondo biragenda bikagaruka. Ni imiti ki nafata?",kinyarwanda,ROUTINE,preventive,kinyarwanda->kinyarwanda:ROUTINE:preventive,{REL} ashaka inama ku biryo byo kugaburira umwana we.,Ndashaka inama ku biryo byo kugaburira umwana wanjye.
"Muraho, iyo mpumeka, numva igituza gifashe kandi mpumeka nkumva hari ijwi ridasanzwe kuva mu gitondo biragenda bikagaruka. Ntabasha kubona amafaranga yo kongera kuza kwa muganga.",kinyarwanda,URGENT,cardiac_respiratory,kinyarwanda->kinyarwanda:URGENT:cardiac_respiratory,"Iyo mpumeka, numva igituza gifashe kandi mpumeka nkumva hari ijwi ridasanzwe.","Iyo mpumeka, numva igituza gifashe kandi mpumeka nkumva hari ijwi ridasanzwe."
"Muraho, papa nta miti ya SIDA afite kuva mu cyumweru gishize kandi sinshobora gusinzira",kinyarwanda,URGENT,chronic_care,kinyarwanda->kinyarwanda:URGENT:chronic_care,{REL} nta miti ya SIDA afite.,Nta miti ya SIDA mfite.
"Ndashaka kukubwira ikibazo mfite. Mfite igikomere cyanduye, kiratukura kandi kirimo amashyira kuva ijoro ryashize. Byatangiye gitunguranye. Urakoze.",kinyarwanda,URGENT,haemorrhage_trauma,kinyarwanda->kinyarwanda:URGENT:haemorrhage_trauma,"mfite igikomere cyanduye, kiratukura kandi kirimo amashyira","mfite igikomere cyanduye, kiratukura kandi kirimo amashyira"
"Nzanye umwana wanjye, mushiki wanjye afite ubushye bunini ku mubiri kuva mu cyumweru gishize nta miti imfasha",kinyarwanda,CRITICAL,haemorrhage_trauma,kinyarwanda->kinyarwanda:CRITICAL:haemorrhage_trauma,{REL} afite ubushye bunini ku mubiri.,Mfite ubushye bunini ku mubiri.
"Ndakeneye ubufasha, mfite ikibazo ku mutwe kandi kirimo guterwa n'urumuri kuva hashize iminsi itatu. Abandi bana na bo bafite iki kibazo. Nkora iki?",kinyarwanda,URGENT,neurological,kinyarwanda->kinyarwanda:URGENT:neurological,Mfite ikibazo ku mutwe kandi kirimo guterwa n'urumuri.,Mfite ikibazo ku mutwe kandi kirimo guterwa n'urumuri.
"Mumbabarire, ndashaka kubabwira ikibazo mfite. Umugabo wanjye araruka amaraso kuva ubu gitondo cya kare kandi ndahangayitse. Ntabasha kubona amafaranga yo kongera kuza kwa muganga.",kinyarwanda,CRITICAL,gastrointestinal,kinyarwanda->kinyarwanda:CRITICAL:gastrointestinal,{REL} araruka amaraso.,Ndaruka amaraso.
"Muraho, papa ashaka ko bapima ibiro by'umwana we kuva mu gitondo nta miti imfasha. Urakoze.",kinyarwanda,ROUTINE,paediatric,kinyarwanda->kinyarwanda:ROUTINE:paediatric,{REL} ashaka ko bapima ibiro by'umwana we.,Ndashaka ko bapima ibiro by'umwana wanjye.
"Mfasha vuba, ndatwite kandi nagagaye kuva ejo kandi birushaho kuba bibi. Ese ibi birakomeye?",kinyarwanda,CRITICAL,obstetric,kinyarwanda->kinyarwanda:CRITICAL:obstetric,Ndatwite kandi nagagaye.,Ndatwite kandi nagagaye.
Ndashaka kukubwira ikibazo mfite. Mama iminwa ye yahindutse ubururu kuva hashize icyumweru. Byatangiye gitunguranye. Ntegereze cyangwa nsuzumwe ubu?,kinyarwanda,CRITICAL,cardiac_respiratory,kinyarwanda->kinyarwanda:CRITICAL:cardiac_respiratory,{REL} iminwa ye yahindutse ubururu.,Iminwa yanjye yahindutse ubururu.
"Simbizi niba bikomeye ariko, mushiki wanjye aratwite kandi yaragagaye biragenda bikagaruka. Ndakeneye ubufasha vuba.",kinyarwanda,CRITICAL,obstetric,kinyarwanda->kinyarwanda:CRITICAL:obstetric,{REL} aratwite kandi yaragagaye.,Ndatwite kandi nagagaye.
"Mumbabarire, ndashaka kubabwira ikibazo mfite. Mushiki wanjye aratwite kandi araruka ibyo arya byose kuva mu cyumweru gishize. Abandi bana na bo bafite iki kibazo. Ese ibi birakomeye?",kinyarwanda,URGENT,obstetric,kinyarwanda->kinyarwanda:URGENT:obstetric,{REL} aratwite kandi araruka ibyo arya byose.,Ndatwite kandi ndaruka ibyo ndya byose.
"Naje hano mbere, ndabyara ariko habanje gusohoka umugozi w'umwana kuva ubu gitondo cya kare. Byatangiye gitunguranye. Naje mvuye kure.",kinyarwanda,CRITICAL,obstetric,kinyarwanda->kinyarwanda:CRITICAL:obstetric,Ndabyara ariko habanje gusohoka umugozi w'umwana.,Ndabyara ariko habanje gusohoka umugozi w'umwana.
"Mfasha, uruhande rumwe rw'umubiri we ntirukora kuva ijoro ryashize kandi sinshobora gusinzira. Ndakeneye ubufasha vuba.",kinyarwanda,CRITICAL,neurological,kinyarwanda->kinyarwanda:CRITICAL:neurological,Uruhande rumwe rw'umubiri we ntirukora.,Uruhande rumwe rw'umubiri we ntirukora.
Amazuru arantemba gake kuva hashize icyumweru kandi birushaho kuba bibi. Ni imiti ki nafata?,kinyarwanda,ROUTINE,infectious_fever,kinyarwanda->kinyarwanda:ROUTINE:infectious_fever,amazuru arantemba gake,amazuru arantemba gake
"Nyabuneka, mfite umuriro woroheje umaze umunsi umwe, ariko nta kindi kibazo mfite kuva hashize iminsi ibiri kandi birushaho kuba bibi. Ntegereze cyangwa nsuzumwe ubu?",kinyarwanda,ROUTINE,infectious_fever,kinyarwanda->kinyarwanda:ROUTINE:infectious_fever,"mfite umuriro woroheje umaze umunsi umwe, ariko nta kindi kibazo mfite","mfite umuriro woroheje umaze umunsi umwe, ariko nta kindi kibazo mfite"
"Muraho, mfite impiswi zirimo amaraso kuva hashize iminsi ibiri kandi sinshobora gusinzira",kinyarwanda,URGENT,gastrointestinal,kinyarwanda->kinyarwanda:URGENT:gastrointestinal,Mfite impiswi zirimo amaraso.,Mfite impiswi zirimo amaraso.
"Mfasha, ndashaka guhabwa inzitiramubu kuva mu cyumweru gishize nta miti imfasha. Murakoze.",kinyarwanda,ROUTINE,preventive,kinyarwanda->kinyarwanda:ROUTINE:preventive,Ndashaka guhabwa inzitiramubu.,Ndashaka guhabwa inzitiramubu.
"Mumbabarire, ndashaka kubabwira ikibazo mfite. Ndakomeza kuruka kandi sinshobora kurya kuva hashize iminsi ibiri kandi nta miti mfite. Mfasha muganga.",kinyarwanda,URGENT,gastrointestinal,kinyarwanda->kinyarwanda:URGENT:gastrointestinal,ndakomeza kuruka kandi sinshobora kurya,ndakomeza kuruka kandi sinshobora kurya
"Simbizi niba bikomeye ariko, umukecuru iminwa ye yahindutse ubururu kuva mu gitondo. Abandi bana na bo bafite iki kibazo. Nkora iki?",kinyarwanda,CRITICAL,cardiac_respiratory,kinyarwanda->kinyarwanda:CRITICAL:cardiac_respiratory,{REL} iminwa ye yahindutse ubururu.,Iminwa yanjye yahindutse ubururu.
"Naje hano mbere, mushiki wanjye ashaka guhabwa inzitiramubu kuva ijoro ryashize kandi sinshobora gusinzira. Ndakeneye ubufasha vuba.",kinyarwanda,ROUTINE,preventive,kinyarwanda->kinyarwanda:ROUTINE:preventive,{REL} ashaka guhabwa inzitiramubu.,Ndashaka guhabwa inzitiramubu.
"Muganga, ndatwite kandi ndashaka kujya kwa muganga kwisuzumisha kuva ejo biragenda bikagaruka. Ntegereze cyangwa nsuzumwe ubu?",kinyarwanda,ROUTINE,obstetric,kinyarwanda->kinyarwanda:ROUTINE:obstetric,Ndatwite kandi ndashaka kujya kwa muganga kwisuzumisha.,Ndatwite kandi ndashaka kujya kwa muganga kwisuzumisha.
"Ndakeneye ubufasha, amazuru arantemba gake kuva hashize iminsi ibiri bikarushaho nijoro. Ntegereze cyangwa nsuzumwe ubu?",kinyarwanda,ROUTINE,infectious_fever,kinyarwanda->kinyarwanda:ROUTINE:infectious_fever,amazuru arantemba gake,amazuru arantemba gake
"Muraho, ndashaka inama ku biryo byo kugaburira umwana wanjye. Abandi bana na bo bafite iki kibazo. Murakoze.",kinyarwanda,ROUTINE,preventive,kinyarwanda->kinyarwanda:ROUTINE:preventive,Ndashaka inama ku biryo byo kugaburira umwana wanjye.,Ndashaka inama ku biryo byo kugaburira umwana wanjye.
"Mfasha, maze umunsi wose mbabara ngerageza kubyara ariko umwana ntarasohoka kuva mu cyumweru gishize kandi birushaho kuba bibi. Ntabasha kubona amafaranga yo kongera kuza kwa muganga.",kinyarwanda,CRITICAL,obstetric,kinyarwanda->kinyarwanda:CRITICAL:obstetric,Maze umunsi wose mbabara ngerageza kubyara ariko umwana ntarasohoka.,Maze umunsi wose mbabara ngerageza kubyara ariko umwana ntarasohoka.
"Simbizi niba bikomeye ariko, mfite ibimenyetso bya malariya, umuriro n'imbeho kuva ubu gitondo cya kare kandi ndahangayitse. Urakoze.",kinyarwanda,URGENT,infectious_fever,kinyarwanda->kinyarwanda:URGENT:infectious_fever,"Mfite ibimenyetso bya malariya, umuriro n'imbeho.","Mfite ibimenyetso bya malariya, umuriro n'imbeho."
"Nyabuneka, ndakorora cyane kandi guhumeka birangora kuva mu gitondo kandi nta miti mfite. Naje mvuye kure.",kinyarwanda,URGENT,cardiac_respiratory,kinyarwanda->kinyarwanda:URGENT:cardiac_respiratory,ndakorora cyane kandi guhumeka birangora,ndakorora cyane kandi guhumeka birangora
"Muraho, maze umunsi wose mbabara ngerageza kubyara ariko umwana ntarasohoka kuva ijoro ryashize bikarushaho nijoro. Ntegereze cyangwa nsuzumwe ubu?",kinyarwanda,CRITICAL,obstetric,kinyarwanda->kinyarwanda:CRITICAL:obstetric,Maze umunsi wose mbabara ngerageza kubyara ariko umwana ntarasohoka.,Maze umunsi wose mbabara ngerageza kubyara ariko umwana ntarasohoka.
"Naje hano mbere, mushiki wanjye ntashobora kuvuga neza kandi umunwa we waragoramye bikarushaho nijoro. Ese ibi birakomeye?",kinyarwanda,CRITICAL,neurological,kinyarwanda->kinyarwanda:CRITICAL:neurological,{REL} ntashobora kuvuga neza kandi umunwa we waragoramye.,{REL} ntashobora kuvuga neza kandi umunwa we waragoramye.
"Muganga, umwana wanjye afite umuhaha kuva hashize icyumweru bikarushaho nijoro. Murakoze.",kinyarwanda,URGENT,paediatric,kinyarwanda->kinyarwanda:URGENT:paediatric,{REL} afite umuhaha.,Mfite umuhaha.
"Nzanye umwana wanjye, papa afite igikomere cyanduye, kiratukura kandi kirimo amashyira kuva ejo kandi sinshobora gusinzira. Naje mvuye kure.",kinyarwanda,URGENT,haemorrhage_trauma,kinyarwanda->kinyarwanda:URGENT:haemorrhage_trauma,"{REL} afite igikomere cyanduye, kiratukura kandi kirimo amashyira.","mfite igikomere cyanduye, kiratukura kandi kirimo amashyira"
"Simbizi niba bikomeye ariko, mfite ibimenyetso bya malariya, umuriro n'imbeho kuva mu masaha abiri ashize biragenda bikagaruka. Ndakeneye ubufasha vuba.",kinyarwanda,URGENT,infectious_fever,kinyarwanda->kinyarwanda:URGENT:infectious_fever,"Mfite ibimenyetso bya malariya, umuriro n'imbeho.","Mfite ibimenyetso bya malariya, umuriro n'imbeho."
"Muraho, umuturanyi wanjye ashaka ko bapima ibiro by'umwana we kuva hashize icyumweru kandi nta miti mfite. Ntabasha kubona amafaranga yo kongera kuza kwa muganga.",kinyarwanda,ROUTINE,paediatric,kinyarwanda->kinyarwanda:ROUTINE:paediatric,{REL} ashaka ko bapima ibiro by'umwana we.,Ndashaka ko bapima ibiro by'umwana wanjye.
"Naje hano mbere, mfite umwanda usa umukara kuva ejo. Byatangiye gitunguranye. Ni imiti ki nafata?",kinyarwanda,CRITICAL,gastrointestinal,kinyarwanda->kinyarwanda:CRITICAL:gastrointestinal,Mfite umwanda usa umukara.,Mfite umwanda usa umukara.
"Muraho, mfite igikomere gito kandi amaraso yarahagaze kuva ubu gitondo cya kare kandi birushaho kuba bibi. Ese ibi birakomeye?",kinyarwanda,ROUTINE,haemorrhage_trauma,kinyarwanda->kinyarwanda:ROUTINE:haemorrhage_trauma,Mfite igikomere gito kandi amaraso yarahagaze.,Mfite igikomere gito kandi amaraso yarahagaze.
"Mumbabarire, ndashaka kubabwira ikibazo mfite. Umugabo wanjye afite ibimenyetso bya malariya, umuriro n'imbeho kuva mu masaha abiri ashize. Byatangiye gitunguranye. Ni imiti ki nafata?",kinyarwanda,URGENT,infectious_fever,kinyarwanda->kinyarwanda:URGENT:infectious_fever,"{REL} afite ibimenyetso bya malariya, umuriro n'imbeho.","Mfite ibimenyetso bya malariya, umuriro n'imbeho."
"Muganga, mfite umwanda usa umukara kuva ubu gitondo cya kare kandi sinshobora gusinzira. Ntabasha kubona amafaranga yo kongera kuza kwa muganga.",kinyarwanda,CRITICAL,gastrointestinal,kinyarwanda->kinyarwanda:CRITICAL:gastrointestinal,Mfite umwanda usa umukara.,Mfite umwanda usa umukara.
"Muganga, mfite umuriro mwinshi kandi nagagaye kuva ijoro ryashize. Ni imiti ki nafata?",kinyarwanda,CRITICAL,infectious_fever,kinyarwanda->kinyarwanda:CRITICAL:infectious_fever,Mfite umuriro mwinshi kandi nagagaye.,Mfite umuriro mwinshi kandi nagagaye.
"Naje hano mbere, umwana wanjye afite umuhaha kuva hashize icyumweru. Urakoze.",kinyarwanda,URGENT,paediatric,kinyarwanda->kinyarwanda:URGENT:paediatric,{REL} afite umuhaha.,Mfite umuhaha.
"Simbizi niba bikomeye ariko, umutwe urandya ariko ntabwo cyane kuva ijoro ryashize. Abandi bana na bo bafite iki kibazo.",kinyarwanda,ROUTINE,neurological,kinyarwanda->kinyarwanda:ROUTINE:neurological,umutwe urandya ariko ntabwo cyane,umutwe urandya ariko ntabwo cyane
"Nyabuneka, naraguye none ndababara cyane kuva ejo bikarushaho nijoro. Mfasha muganga.",kinyarwanda,URGENT,haemorrhage_trauma,kinyarwanda->kinyarwanda:URGENT:haemorrhage_trauma,naraguye none ndababara cyane,naraguye none ndababara cyane
"Mfasha vuba, mfite umuhaha kuva mu gitondo kandi nta miti mfite. Naje mvuye kure.",kinyarwanda,URGENT,paediatric,kinyarwanda->kinyarwanda:URGENT:paediatric,Mfite umuhaha.,Mfite umuhaha.
"Nzanye umwana wanjye, mfite impiswi zirimo amaraso kuva ejo kandi nta miti mfite. Nkora iki?",kinyarwanda,URGENT,gastrointestinal,kinyarwanda->kinyarwanda:URGENT:gastrointestinal,Mfite impiswi zirimo amaraso.,Mfite impiswi zirimo amaraso.
"Naje hano mbere, narumwe n'inzoka kuva mu masaha abiri ashize kandi birushaho kuba bibi. Nkora iki?",kinyarwanda,URGENT,haemorrhage_trauma,kinyarwanda->kinyarwanda:URGENT:haemorrhage_trauma,Narumwe n'inzoka.,Narumwe n'inzoka.
Ndashaka kukubwira ikibazo mfite. Mama aratwite kandi ashaka kwisuzumisha kwa muganga bwa mbere kuva hashize iminsi ibiri kandi sinshobora gusinzira. Ndakeneye ubufasha vuba.,kinyarwanda,ROUTINE,preventive,kinyarwanda->kinyarwanda:ROUTINE:preventive,{REL} aratwite kandi ashaka kwisuzumisha kwa muganga bwa mbere.,Ndatwite kandi ndashaka kwisuzumisha kwa muganga bwa mbere.
"Nzanye umwana wanjye, ndatwite kandi nagagaye kuva ijoro ryashize biragenda bikagaruka. Ntegereze cyangwa nsuzumwe ubu?",kinyarwanda,CRITICAL,obstetric,kinyarwanda->kinyarwanda:CRITICAL:obstetric,Ndatwite kandi nagagaye.,Ndatwite kandi nagagaye.
Ndashaka kukubwira ikibazo mfite. Ndashaka guhabwa inzitiramubu kuva mu cyumweru gishize kandi birushaho kuba bibi. Mfasha muganga.,kinyarwanda,ROUTINE,preventive,kinyarwanda->kinyarwanda:ROUTINE:preventive,Ndashaka guhabwa inzitiramubu.,Ndashaka guhabwa inzitiramubu.
"Nyabuneka, ndabyara ariko habanje gusohoka umugozi w'umwana kandi birushaho kuba bibi. Mfasha muganga.",kinyarwanda,CRITICAL,obstetric,kinyarwanda->kinyarwanda:CRITICAL:obstetric,Ndabyara ariko habanje gusohoka umugozi w'umwana.,Ndabyara ariko habanje gusohoka umugozi w'umwana.
"Naje hano mbere, mfite impiswi zirimo amaraso kuva mu masaha abiri ashize. Ese ibi birakomeye?",kinyarwanda,URGENT,gastrointestinal,kinyarwanda->kinyarwanda:URGENT:gastrointestinal,Mfite impiswi zirimo amaraso.,Mfite impiswi zirimo amaraso.
"Mfasha, umugore wanjye aratwite kandi umutwe uramubabaza cyane, kandi ntashobora kureba neza kuva ejo. Mfasha muganga.",kinyarwanda,CRITICAL,obstetric,kinyarwanda->kinyarwanda:CRITICAL:obstetric,"{REL} aratwite kandi umutwe uramubabaza cyane, kandi ntashobora kureba neza.","Ndatwite, umutwe urandya cyane kandi sinshobora kureba neza."
"Muraho, mu rugo hari umuntu urwaye igituntu kandi umugabo wanjye ashaka kwisuzumisha kuva mu masaha abiri ashize bikarushaho nijoro. Ndakeneye ubufasha vuba.",kinyarwanda,URGENT,preventive,kinyarwanda->kinyarwanda:URGENT:preventive,Mu rugo hari umuntu urwaye igituntu kandi {REL} ashaka kwisuzumisha.,Mu rugo hari umuntu urwaye igituntu kandi ndashaka kwisuzumisha.
Ndatwite kandi nagagaye kuva mu gitondo kandi ndahangayitse. Ntabasha kubona amafaranga yo kongera kuza kwa muganga.,kinyarwanda,CRITICAL,obstetric,kinyarwanda->kinyarwanda:CRITICAL:obstetric,Ndatwite kandi nagagaye.,Ndatwite kandi nagagaye.
"Nzanye umwana wanjye, umuturanyi wanjye aratwite kandi yaragagaye kuva ijoro ryashize kandi nta miti mfite",kinyarwanda,CRITICAL,obstetric,kinyarwanda->kinyarwanda:CRITICAL:obstetric,{REL} aratwite kandi yaragagaye.,Ndatwite kandi nagagaye.
"Mfasha, mfite igikomere gikomeye kirimo kuva amaraso menshi kuva mu gitondo nta miti imfasha. Ni imiti ki nafata?",kinyarwanda,CRITICAL,haemorrhage_trauma,kinyarwanda->kinyarwanda:CRITICAL:haemorrhage_trauma,mfite igikomere gikomeye kirimo kuva amaraso menshi,mfite igikomere gikomeye kirimo kuva amaraso menshi
"Nzanye umwana wanjye, umugore wanjye araruka amaraso kuva hashize icyumweru biragenda bikagaruka. Ese ibi birakomeye?",kinyarwanda,CRITICAL,gastrointestinal,kinyarwanda->kinyarwanda:CRITICAL:gastrointestinal,{REL} araruka amaraso.,Ndaruka amaraso.
"Simbizi niba bikomeye ariko, papa afite umuriro kandi umutwe uramubabaza cyane kuva ubu gitondo cya kare. Abandi bana na bo bafite iki kibazo. Mfasha muganga.",kinyarwanda,URGENT,infectious_fever,kinyarwanda->kinyarwanda:URGENT:infectious_fever,{REL} afite umuriro kandi umutwe uramubabaza cyane.,mfite umuriro kandi umutwe urandya cyane
Ndakorora cyane kandi guhumeka birangora kuva mu gitondo kandi sinshobora gusinzira. Mfasha muganga.,kinyarwanda,URGENT,cardiac_respiratory,kinyarwanda->kinyarwanda:URGENT:cardiac_respiratory,ndakorora cyane kandi guhumeka birangora,ndakorora cyane kandi guhumeka birangora
"Muganga, mfite ibimenyetso bya malariya, umuriro n'imbeho kuva mu gitondo kandi sinshobora gusinzira. Murakoze.",kinyarwanda,URGENT,infectious_fever,kinyarwanda->kinyarwanda:URGENT:infectious_fever,"Mfite ibimenyetso bya malariya, umuriro n'imbeho.","Mfite ibimenyetso bya malariya, umuriro n'imbeho."
"Nzanye umwana wanjye, mfite ikibazo ku mutwe kandi kirimo guterwa n'urumuri kuva mu gitondo. Ntabasha kubona amafaranga yo kongera kuza kwa muganga.",kinyarwanda,URGENT,neurological,kinyarwanda->kinyarwanda:URGENT:neurological,Mfite ikibazo ku mutwe kandi kirimo guterwa n'urumuri.,Mfite ikibazo ku mutwe kandi kirimo guterwa n'urumuri.
"Simbizi niba bikomeye ariko, nkorora gake ariko nta muriro mfite kuva hashize icyumweru biragenda bikagaruka",kinyarwanda,ROUTINE,cardiac_respiratory,kinyarwanda->kinyarwanda:ROUTINE:cardiac_respiratory,Nkorora gake ariko nta muriro mfite.,Nkorora gake ariko nta muriro mfite.
Ndashaka kukubwira ikibazo mfite. Mfite igikomere gito kandi amaraso yarahagaze kuva ubu gitondo cya kare. Abandi bana na bo bafite iki kibazo. Ndakeneye ubufasha vuba.,kinyarwanda,ROUTINE,haemorrhage_trauma,kinyarwanda->kinyarwanda:ROUTINE:haemorrhage_trauma,Mfite igikomere gito kandi amaraso yarahagaze.,Mfite igikomere gito kandi amaraso yarahagaze.
"Muganga, umwana wanjye ashaka kugirwa inama ku mazi yo kunywa kuva mu masaha abiri ashize kandi ndahangayitse. Ntabasha kubona amafaranga yo kongera kuza kwa muganga.",kinyarwanda,ROUTINE,preventive,kinyarwanda->kinyarwanda:ROUTINE:preventive,{REL} ashaka kugirwa inama ku mazi yo kunywa.,Ndashaka kugirwa inama ku mazi yo kunywa.
"Muraho, ndatwite kandi nagagaye kuva hashize iminsi itatu. Mfasha muganga.",kinyarwanda,CRITICAL,obstetric,kinyarwanda->kinyarwanda:CRITICAL:obstetric,Ndatwite kandi nagagaye.,Ndatwite kandi nagagaye.
"Mfasha vuba, mfite impiswi zirimo amaraso kuva ejo nta miti imfasha. Ndakeneye ubufasha vuba.",kinyarwanda,URGENT,gastrointestinal,kinyarwanda->kinyarwanda:URGENT:gastrointestinal,Mfite impiswi zirimo amaraso.,Mfite impiswi zirimo amaraso.
"Naje hano mbere, mu gituza harandya cyane kandi ububabare bukagera no ku kuboko kuva hashize iminsi itatu. Abandi bana na bo bafite iki kibazo.",kinyarwanda,CRITICAL,cardiac_respiratory,kinyarwanda->kinyarwanda:CRITICAL:cardiac_respiratory,mu gituza harandya cyane kandi ububabare bukagera no ku kuboko,mu gituza harandya cyane kandi ububabare bukagera no ku kuboko
"Mfasha, umwana wanjye araruka cyane kandi yumva afite intege nke kuva ejo kandi sinshobora gusinzira. Ni imiti ki nafata?",kinyarwanda,URGENT,gastrointestinal,kinyarwanda->kinyarwanda:URGENT:gastrointestinal,{REL} araruka cyane kandi yumva afite intege nke.,ndaruka cyane kandi numva mfite intege nke
"Mfasha, naguye, ukuguru kuragoramye ariko sinumva ko kuvunitse kuva hashize iminsi itatu. Abandi bana na bo bafite iki kibazo. Ndakeneye ubufasha vuba.",kinyarwanda,URGENT,haemorrhage_trauma,kinyarwanda->kinyarwanda:URGENT:haemorrhage_trauma,"Naguye, ukuguru kuragoramye ariko sinumva ko kuvunitse.","Naguye, ukuguru kuragoramye ariko sinumva ko kuvunitse."
"Ndashaka kukubwira ikibazo mfite. Umwana wanjye afite umuriro woroheje umaze umunsi umwe, ariko nta kindi kibazo afite kuva mu gitondo nta miti imfasha. Ntabasha kubona amafaranga yo kongera kuza kwa muganga.",kinyarwanda,ROUTINE,infectious_fever,kinyarwanda->kinyarwanda:ROUTINE:infectious_fever,"{REL} afite umuriro woroheje umaze umunsi umwe, ariko nta kindi kibazo afite.","mfite umuriro woroheje umaze umunsi umwe, ariko nta kindi kibazo mfite"
Mfite igikomere gikomeye kirimo kuva amaraso menshi kuva mu masaha abiri ashize. Ntabasha kubona amafaranga yo kongera kuza kwa muganga.,kinyarwanda,CRITICAL,haemorrhage_trauma,kinyarwanda->kinyarwanda:CRITICAL:haemorrhage_trauma,mfite igikomere gikomeye kirimo kuva amaraso menshi,mfite igikomere gikomeye kirimo kuva amaraso menshi
Ndashaka kukubwira ikibazo mfite. Mfite ikibazo ku mutwe kandi kirimo guterwa n'urumuri biragenda bikagaruka. Ntegereze cyangwa nsuzumwe ubu?,kinyarwanda,URGENT,neurological,kinyarwanda->kinyarwanda:URGENT:neurological,Mfite ikibazo ku mutwe kandi kirimo guterwa n'urumuri.,Mfite ikibazo ku mutwe kandi kirimo guterwa n'urumuri.
Ndashaka kukubwira ikibazo mfite. Umutima uratera cyane kandi nkumva umeze nk'aho uhagarara kuva hashize iminsi ibiri kandi ndahangayitse. Ndakeneye ubufasha vuba.,kinyarwanda,CRITICAL,cardiac_respiratory,kinyarwanda->kinyarwanda:CRITICAL:cardiac_respiratory,umutima uratera cyane kandi nkumva umeze nk'aho uhagarara,umutima uratera cyane kandi nkumva umeze nk'aho uhagarara
Ndashaka imiti y'inzoka y'umwana wanjye kuva hashize iminsi itatu nta miti imfasha. Urakoze.,kinyarwanda,ROUTINE,preventive,kinyarwanda->kinyarwanda:ROUTINE:preventive,Ndashaka imiti y'inzoka y'umwana wanjye.,Ndashaka imiti y'inzoka y'umwana wanjye.
"Ndakeneye ubufasha, isukari yo mu maraso yanjye yazamutse cyane kandi ndahangayitse. Mfasha muganga.",kinyarwanda,URGENT,chronic_care,kinyarwanda->kinyarwanda:URGENT:chronic_care,isukari yo mu maraso yanjye yazamutse cyane,isukari yo mu maraso yanjye yazamutse cyane
Maze umunsi wose mbabara ngerageza kubyara ariko umwana ntarasohoka kuva hashize iminsi itatu kandi birushaho kuba bibi. Nkora iki?,kinyarwanda,CRITICAL,obstetric,kinyarwanda->kinyarwanda:CRITICAL:obstetric,Maze umunsi wose mbabara ngerageza kubyara ariko umwana ntarasohoka.,Maze umunsi wose mbabara ngerageza kubyara ariko umwana ntarasohoka.
"Nzanye umwana wanjye, iyo mpumeka, numva igituza gifashe kandi mpumeka nkumva hari ijwi ridasanzwe kandi ndahangayitse. Ni imiti ki nafata?",kinyarwanda,URGENT,cardiac_respiratory,kinyarwanda->kinyarwanda:URGENT:cardiac_respiratory,"Iyo mpumeka, numva igituza gifashe kandi mpumeka nkumva hari ijwi ridasanzwe.","Iyo mpumeka, numva igituza gifashe kandi mpumeka nkumva hari ijwi ridasanzwe."
"Mfasha vuba, mfite umuriro kandi numva mfite imbeho, nkeka ko ari malariya kuva ijoro ryashize nta miti imfasha. Mfasha muganga.",kinyarwanda,URGENT,infectious_fever,kinyarwanda->kinyarwanda:URGENT:infectious_fever,"mfite umuriro kandi numva mfite imbeho, nkeka ko ari malariya","mfite umuriro kandi numva mfite imbeho, nkeka ko ari malariya"
"Mumbabarire, ndashaka kubabwira ikibazo mfite. Mfite umuriro woroheje umaze umunsi umwe, ariko nta kindi kibazo mfite kuva hashize iminsi ibiri kandi sinshobora gusinzira. Ntegereze cyangwa nsuzumwe ubu?",kinyarwanda,ROUTINE,infectious_fever,kinyarwanda->kinyarwanda:ROUTINE:infectious_fever,"mfite umuriro woroheje umaze umunsi umwe, ariko nta kindi kibazo mfite","mfite umuriro woroheje umaze umunsi umwe, ariko nta kindi kibazo mfite"
"Naje hano mbere, ndava amaraso menshi nyuma yo kubyara kuva hashize icyumweru kandi sinshobora gusinzira. Mfasha muganga.",kinyarwanda,CRITICAL,obstetric,kinyarwanda->kinyarwanda:CRITICAL:obstetric,ndava amaraso menshi nyuma yo kubyara,ndava amaraso menshi nyuma yo kubyara
"Nyabuneka, umuturanyi wanjye araruka cyane kandi yumva afite intege nke kuva ijoro ryashize bikarushaho nijoro. Naje mvuye kure.",kinyarwanda,URGENT,gastrointestinal,kinyarwanda->kinyarwanda:URGENT:gastrointestinal,{REL} araruka cyane kandi yumva afite intege nke.,ndaruka cyane kandi numva mfite intege nke
"Simbizi niba bikomeye ariko, ndashaka guhabwa inzitiramubu kuva ejo nta miti imfasha. Murakoze.",kinyarwanda,ROUTINE,preventive,kinyarwanda->kinyarwanda:ROUTINE:preventive,Ndashaka guhabwa inzitiramubu.,Ndashaka guhabwa inzitiramubu.
Narumwe n'inzoka kuva mu cyumweru gishize kandi nta miti mfite. Mfasha muganga.,kinyarwanda,URGENT,haemorrhage_trauma,kinyarwanda->kinyarwanda:URGENT:haemorrhage_trauma,Narumwe n'inzoka.,Narumwe n'inzoka.
"Nyabuneka, uruhande rumwe rw'umubiri we ntirukora kuva ubu gitondo cya kare. Abandi bana na bo bafite iki kibazo. Naje mvuye kure.",kinyarwanda,CRITICAL,neurological,kinyarwanda->kinyarwanda:CRITICAL:neurological,Uruhande rumwe rw'umubiri we ntirukora.,Uruhande rumwe rw'umubiri we ntirukora.
"Mfasha, mfite gahunda yo gukingiza umwana kandi sinshobora gusinzira. Ese ibi birakomeye?",kinyarwanda,ROUTINE,preventive,kinyarwanda->kinyarwanda:ROUTINE:preventive,Mfite gahunda yo gukingiza umwana.,Mfite gahunda yo gukingiza umwana.
"Muganga, umwana wanjye amazuru ye aratemba gake kuva mu masaha abiri ashize kandi sinshobora gusinzira",kinyarwanda,ROUTINE,infectious_fever,kinyarwanda->kinyarwanda:ROUTINE:infectious_fever,{REL} amazuru ye aratemba gake.,amazuru arantemba gake
"Mfasha vuba, ndashaka kugirwa inama uko nakonsa umwana kuva mu cyumweru gishize kandi ndahangayitse",kinyarwanda,ROUTINE,obstetric,kinyarwanda->kinyarwanda:ROUTINE:obstetric,Ndashaka kugirwa inama uko nakonsa umwana.,Ndashaka kugirwa inama uko nakonsa umwana.
"Muganga, ndakomeza kuruka kandi sinshobora kurya kuva hashize iminsi ibiri bikarushaho nijoro. Ni imiti ki nafata?",kinyarwanda,URGENT,gastrointestinal,kinyarwanda->kinyarwanda:URGENT:gastrointestinal,ndakomeza kuruka kandi sinshobora kurya,ndakomeza kuruka kandi sinshobora kurya
"Mfasha vuba, ndashaka kugirwa inama uko nakonsa umwana kuva ubu gitondo cya kare biragenda bikagaruka. Ntegereze cyangwa nsuzumwe ubu?",kinyarwanda,ROUTINE,obstetric,kinyarwanda->kinyarwanda:ROUTINE:obstetric,Ndashaka kugirwa inama uko nakonsa umwana.,Ndashaka kugirwa inama uko nakonsa umwana.
"Muraho, uruhande rumwe rw'umubiri we ntirukora kuva hashize iminsi ibiri kandi sinshobora gusinzira. Ese ibi birakomeye?",kinyarwanda,CRITICAL,neurological,kinyarwanda->kinyarwanda:CRITICAL:neurological,Uruhande rumwe rw'umubiri we ntirukora.,Uruhande rumwe rw'umubiri we ntirukora.
"Nzanye umwana wanjye, umukecuru isukari yo mu maraso ye yazamutse cyane kuva hashize iminsi ibiri biragenda bikagaruka. Ndakeneye ubufasha vuba.",kinyarwanda,URGENT,chronic_care,kinyarwanda->kinyarwanda:URGENT:chronic_care,{REL} isukari yo mu maraso ye yazamutse cyane.,isukari yo mu maraso yanjye yazamutse cyane
"Ndakeneye ubufasha, mfite igikomere cyanduye, kiratukura kandi kirimo amashyira kuva mu masaha abiri ashize kandi sinshobora gusinzira. Ni imiti ki nafata?",kinyarwanda,URGENT,haemorrhage_trauma,kinyarwanda->kinyarwanda:URGENT:haemorrhage_trauma,"mfite igikomere cyanduye, kiratukura kandi kirimo amashyira","mfite igikomere cyanduye, kiratukura kandi kirimo amashyira"
"Ndakeneye ubufasha, ndatwite kandi ndaruka ibyo ndya byose kuva hashize iminsi itatu. Abandi bana na bo bafite iki kibazo. Ntegereze cyangwa nsuzumwe ubu?",kinyarwanda,URGENT,obstetric,kinyarwanda->kinyarwanda:URGENT:obstetric,Ndatwite kandi ndaruka ibyo ndya byose.,Ndatwite kandi ndaruka ibyo ndya byose.
"Mumbabarire, ndashaka kubabwira ikibazo mfite. Papa amaze iminsi itatu arwaye impiswi zikomeye kuva ubu gitondo cya kare kandi nta miti mfite. Ni imiti ki nafata?",kinyarwanda,URGENT,gastrointestinal,kinyarwanda->kinyarwanda:URGENT:gastrointestinal,{REL} amaze iminsi itatu arwaye impiswi zikomeye.,maze iminsi itatu ndwaye impiswi zikomeye
"Mfasha vuba, amazuru arantemba gake kandi ndahangayitse. Ese ibi birakomeye?",kinyarwanda,ROUTINE,infectious_fever,kinyarwanda->kinyarwanda:ROUTINE:infectious_fever,amazuru arantemba gake,amazuru arantemba gake
Ndashaka kukubwira ikibazo mfite. Ndabyara ariko habanje gusohoka umugozi w'umwana kuva hashize iminsi ibiri biragenda bikagaruka. Naje mvuye kure.,kinyarwanda,CRITICAL,obstetric,kinyarwanda->kinyarwanda:CRITICAL:obstetric,Ndabyara ariko habanje gusohoka umugozi w'umwana.,Ndabyara ariko habanje gusohoka umugozi w'umwana.
Ndabyara ariko habanje gusohoka umugozi w'umwana kuva ubu gitondo cya kare. Byatangiye gitunguranye.,kinyarwanda,CRITICAL,obstetric,kinyarwanda->kinyarwanda:CRITICAL:obstetric,Ndabyara ariko habanje gusohoka umugozi w'umwana.,Ndabyara ariko habanje gusohoka umugozi w'umwana.
"Nzanye umwana wanjye, umugore wanjye afite ububabare bukabije mu nda kuva mu masaha abiri ashize. Ese ibi birakomeye?",kinyarwanda,URGENT,gastrointestinal,kinyarwanda->kinyarwanda:URGENT:gastrointestinal,{REL} afite ububabare bukabije mu nda.,Mfite ububabare bukabije mu nda.
"Naje hano mbere, mushiki wanjye ashaka kugirwa inama ku mazi yo kunywa. Byatangiye gitunguranye. Naje mvuye kure.",kinyarwanda,ROUTINE,preventive,kinyarwanda->kinyarwanda:ROUTINE:preventive,{REL} ashaka kugirwa inama ku mazi yo kunywa.,Ndashaka kugirwa inama ku mazi yo kunywa.
"Naje hano mbere, ndashaka inama ku biryo byo kugaburira umwana wanjye kuva hashize iminsi ibiri bikarushaho nijoro. Ntabasha kubona amafaranga yo kongera kuza kwa muganga.",kinyarwanda,ROUTINE,preventive,kinyarwanda->kinyarwanda:ROUTINE:preventive,Ndashaka inama ku biryo byo kugaburira umwana wanjye.,Ndashaka inama ku biryo byo kugaburira umwana wanjye.
"Mumbabarire, ndashaka kubabwira ikibazo mfite. Ndashaka kongererwa imiti y'umuvuduko w'amaraso kuva ejo. Byatangiye gitunguranye. Murakoze.",kinyarwanda,ROUTINE,chronic_care,kinyarwanda->kinyarwanda:ROUTINE:chronic_care,Ndashaka kongererwa imiti y'umuvuduko w'amaraso.,Ndashaka kongererwa imiti y'umuvuduko w'amaraso.
Ndashaka kukubwira ikibazo mfite. Umukecuru arakomeza kuruka kandi ntashobora kurya kuva hashize iminsi itatu biragenda bikagaruka. Naje mvuye kure.,kinyarwanda,URGENT,gastrointestinal,kinyarwanda->kinyarwanda:URGENT:gastrointestinal,{REL} arakomeza kuruka kandi ntashobora kurya.,ndakomeza kuruka kandi sinshobora kurya
"Mfasha vuba, mfite umuriro kandi numva mfite imbeho, nkeka ko ari malariya kuva mu masaha abiri ashize. Ese ibi birakomeye?",kinyarwanda,URGENT,infectious_fever,kinyarwanda->kinyarwanda:URGENT:infectious_fever,"mfite umuriro kandi numva mfite imbeho, nkeka ko ari malariya","mfite umuriro kandi numva mfite imbeho, nkeka ko ari malariya"
"Umuturanyi wanjye afite igikomere cyanduye, kiratukura kandi kirimo amashyira kuva ubu gitondo cya kare. Naje mvuye kure.",kinyarwanda,URGENT,haemorrhage_trauma,kinyarwanda->kinyarwanda:URGENT:haemorrhage_trauma,"{REL} afite igikomere cyanduye, kiratukura kandi kirimo amashyira.","mfite igikomere cyanduye, kiratukura kandi kirimo amashyira"
"Muraho, isukari yo mu maraso yanjye yazamutse cyane kandi nta miti mfite. Ndakeneye ubufasha vuba.",kinyarwanda,URGENT,chronic_care,kinyarwanda->kinyarwanda:URGENT:chronic_care,isukari yo mu maraso yanjye yazamutse cyane,isukari yo mu maraso yanjye yazamutse cyane
"Ndakeneye ubufasha, umwana wanjye afite igikomere cyanduye, kiratukura kandi kirimo amashyira kuva hashize iminsi itatu. Byatangiye gitunguranye. Ntegereze cyangwa nsuzumwe ubu?",kinyarwanda,URGENT,haemorrhage_trauma,kinyarwanda->kinyarwanda:URGENT:haemorrhage_trauma,"{REL} afite igikomere cyanduye, kiratukura kandi kirimo amashyira.","mfite igikomere cyanduye, kiratukura kandi kirimo amashyira"
"Mfasha, mfite ikibazo ku mutwe kandi kirimo guterwa n'urumuri kuva ubu gitondo cya kare kandi ndahangayitse. Ese ibi birakomeye?",kinyarwanda,URGENT,neurological,kinyarwanda->kinyarwanda:URGENT:neurological,Mfite ikibazo ku mutwe kandi kirimo guterwa n'urumuri.,Mfite ikibazo ku mutwe kandi kirimo guterwa n'urumuri.
"Muganga, mfite umuriro mwinshi kandi nagagaye kandi ndahangayitse. Naje mvuye kure.",kinyarwanda,CRITICAL,infectious_fever,kinyarwanda->kinyarwanda:CRITICAL:infectious_fever,Mfite umuriro mwinshi kandi nagagaye.,Mfite umuriro mwinshi kandi nagagaye.
"Mumbabarire, ndashaka kubabwira ikibazo mfite. Umwana wanjye afite umuriro woroheje umaze umunsi umwe, ariko nta kindi kibazo afite kuva hashize iminsi ibiri kandi sinshobora gusinzira. Naje mvuye kure.",kinyarwanda,ROUTINE,infectious_fever,kinyarwanda->kinyarwanda:ROUTINE:infectious_fever,"{REL} afite umuriro woroheje umaze umunsi umwe, ariko nta kindi kibazo afite.","mfite umuriro woroheje umaze umunsi umwe, ariko nta kindi kibazo mfite"
"Naje hano mbere, umwana wanjye arakomeza kuruka kandi ntashobora kurya kuva ijoro ryashize kandi ndahangayitse. Mfasha muganga.",kinyarwanda,URGENT,gastrointestinal,kinyarwanda->kinyarwanda:URGENT:gastrointestinal,{REL} arakomeza kuruka kandi ntashobora kurya.,ndakomeza kuruka kandi sinshobora kurya
"Nyabuneka, ndakorora cyane kandi guhumeka birangora kuva hashize icyumweru nta miti imfasha. Naje mvuye kure.",kinyarwanda,URGENT,cardiac_respiratory,kinyarwanda->kinyarwanda:URGENT:cardiac_respiratory,ndakorora cyane kandi guhumeka birangora,ndakorora cyane kandi guhumeka birangora
"Muganga, papa afite umuriro kandi umutwe uramubabaza cyane kuva hashize icyumweru. Byatangiye gitunguranye. Ese ibi birakomeye?",kinyarwanda,URGENT,infectious_fever,kinyarwanda->kinyarwanda:URGENT:infectious_fever,{REL} afite umuriro kandi umutwe uramubabaza cyane.,mfite umuriro kandi umutwe urandya cyane
"Nzanye umwana wanjye, umugore wanjye aratwite kandi umutwe uramubabaza cyane, kandi ntashobora kureba neza kuva hashize iminsi itatu kandi birushaho kuba bibi. Mfasha muganga.",kinyarwanda,CRITICAL,obstetric,kinyarwanda->kinyarwanda:CRITICAL:obstetric,"{REL} aratwite kandi umutwe uramubabaza cyane, kandi ntashobora kureba neza.","Ndatwite, umutwe urandya cyane kandi sinshobora kureba neza."
"Mfasha, umugabo wanjye araruka amaraso kuva hashize icyumweru. Abandi bana na bo bafite iki kibazo. Ntabasha kubona amafaranga yo kongera kuza kwa muganga.",kinyarwanda,CRITICAL,gastrointestinal,kinyarwanda->kinyarwanda:CRITICAL:gastrointestinal,{REL} araruka amaraso.,Ndaruka amaraso.
Papa ashaka ko bapima SIDA. Ndakeneye ubufasha vuba.,kinyarwanda,ROUTINE,preventive,kinyarwanda->kinyarwanda:ROUTINE:preventive,{REL} ashaka ko bapima SIDA.,Ndashaka ko bapima SIDA.
"Mfite ibimenyetso bya malariya, umuriro n'imbeho kuva mu masaha abiri ashize. Abandi bana na bo bafite iki kibazo. Nkora iki?",kinyarwanda,URGENT,infectious_fever,kinyarwanda->kinyarwanda:URGENT:infectious_fever,"Mfite ibimenyetso bya malariya, umuriro n'imbeho.","Mfite ibimenyetso bya malariya, umuriro n'imbeho."
"Muraho, ndashaka kujya kwa muganga kwisuzumisha diyabete kuva mu gitondo nta miti imfasha. Murakoze.",kinyarwanda,ROUTINE,chronic_care,kinyarwanda->kinyarwanda:ROUTINE:chronic_care,Ndashaka kujya kwa muganga kwisuzumisha diyabete.,Ndashaka kujya kwa muganga kwisuzumisha SIDA.
Ndashaka kukubwira ikibazo mfite. Umuturanyi wanjye aratwite kandi araruka ibyo arya byose kuva mu cyumweru gishize kandi sinshobora gusinzira. Naje mvuye kure.,kinyarwanda,URGENT,obstetric,kinyarwanda->kinyarwanda:URGENT:obstetric,{REL} aratwite kandi araruka ibyo arya byose.,Ndatwite kandi ndaruka ibyo ndya byose.
Ndaruka ibyo ndya byose kandi sinshobora no kunywa kuva mu masaha abiri ashize. Ndakeneye ubufasha vuba.,kinyarwanda,CRITICAL,gastrointestinal,kinyarwanda->kinyarwanda:CRITICAL:gastrointestinal,Ndaruka ibyo ndya byose kandi sinshobora no kunywa.,Ndaruka ibyo ndya byose kandi sinshobora no kunywa.
"Nzanye umwana wanjye, ndashaka kongererwa imiti y'umuvuduko w'amaraso kuva hashize iminsi ibiri kandi nta miti mfite. Murakoze.",kinyarwanda,ROUTINE,chronic_care,kinyarwanda->kinyarwanda:ROUTINE:chronic_care,Ndashaka kongererwa imiti y'umuvuduko w'amaraso.,Ndashaka kongererwa imiti y'umuvuduko w'amaraso.
"Simbizi niba bikomeye ariko, amazuru arantemba gake kuva mu masaha abiri ashize nta miti imfasha. Murakoze.",kinyarwanda,ROUTINE,infectious_fever,kinyarwanda->kinyarwanda:ROUTINE:infectious_fever,amazuru arantemba gake,amazuru arantemba gake
"Simbizi niba bikomeye ariko, mfite ikibazo ku mutwe kandi kirimo guterwa n'urumuri kuva hashize icyumweru nta miti imfasha. Ndakeneye ubufasha vuba.",kinyarwanda,URGENT,neurological,kinyarwanda->kinyarwanda:URGENT:neurological,Mfite ikibazo ku mutwe kandi kirimo guterwa n'urumuri.,Mfite ikibazo ku mutwe kandi kirimo guterwa n'urumuri.
"Muganga, mfite igisebe ku kirenge kidakira kandi mfite diyabete kuva ubu gitondo cya kare kandi ndahangayitse. Nkora iki?",kinyarwanda,URGENT,chronic_care,kinyarwanda->kinyarwanda:URGENT:chronic_care,Mfite igisebe ku kirenge kidakira kandi mfite diyabete.,Mfite igisebe ku kirenge kidakira kandi mfite diyabete.
"Simbizi niba bikomeye ariko, mfite igikomere gikomeye kirimo kuva amaraso menshi kuva ijoro ryashize kandi birushaho kuba bibi. Nkora iki?",kinyarwanda,CRITICAL,haemorrhage_trauma,kinyarwanda->kinyarwanda:CRITICAL:haemorrhage_trauma,mfite igikomere gikomeye kirimo kuva amaraso menshi,mfite igikomere gikomeye kirimo kuva amaraso menshi
"Muganga, mama aratwite kandi araruka ibyo arya byose kuva hashize iminsi ibiri. Byatangiye gitunguranye. Ndakeneye ubufasha vuba.",kinyarwanda,URGENT,obstetric,kinyarwanda->kinyarwanda:URGENT:obstetric,{REL} aratwite kandi araruka ibyo arya byose.,Ndatwite kandi ndaruka ibyo ndya byose.
"Simbizi niba bikomeye ariko, mfite gahunda yo gukingiza umwana kandi sinshobora gusinzira. Mfasha muganga.",kinyarwanda,ROUTINE,preventive,kinyarwanda->kinyarwanda:ROUTINE:preventive,Mfite gahunda yo gukingiza umwana.,Mfite gahunda yo gukingiza umwana.
"Ndakeneye ubufasha, mfite umuriro woroheje umaze umunsi umwe, ariko nta kindi kibazo mfite kuva hashize iminsi ibiri. Abandi bana na bo bafite iki kibazo. Nkora iki?",kinyarwanda,ROUTINE,infectious_fever,kinyarwanda->kinyarwanda:ROUTINE:infectious_fever,"mfite umuriro woroheje umaze umunsi umwe, ariko nta kindi kibazo mfite","mfite umuriro woroheje umaze umunsi umwe, ariko nta kindi kibazo mfite"
"Mfasha, mama aratwite kandi umutwe uramubabaza cyane, kandi ntashobora kureba neza kuva ejo. Byatangiye gitunguranye. Ndakeneye ubufasha vuba.",kinyarwanda,CRITICAL,obstetric,kinyarwanda->kinyarwanda:CRITICAL:obstetric,"{REL} aratwite kandi umutwe uramubabaza cyane, kandi ntashobora kureba neza.","Ndatwite, umutwe urandya cyane kandi sinshobora kureba neza."
"Mumbabarire, ndashaka kubabwira ikibazo mfite. Iminwa yanjye yahindutse ubururu kuva hashize icyumweru. Mfasha muganga.",kinyarwanda,CRITICAL,cardiac_respiratory,kinyarwanda->kinyarwanda:CRITICAL:cardiac_respiratory,Iminwa yanjye yahindutse ubururu.,Iminwa yanjye yahindutse ubururu.
"Nzanye umwana wanjye, ndashaka inama ku biryo byo kugaburira umwana wanjye kuva ejo nta miti imfasha. Naje mvuye kure.",kinyarwanda,ROUTINE,preventive,kinyarwanda->kinyarwanda:ROUTINE:preventive,Ndashaka inama ku biryo byo kugaburira umwana wanjye.,Ndashaka inama ku biryo byo kugaburira umwana wanjye.
Ndava amaraso menshi nyuma yo kubyara kuva mu gitondo. Nkora iki?,kinyarwanda,CRITICAL,obstetric,kinyarwanda->kinyarwanda:CRITICAL:obstetric,ndava amaraso menshi nyuma yo kubyara,ndava amaraso menshi nyuma yo kubyara
"Ndakeneye ubufasha, mfite igisebe ku kirenge kidakira kandi mfite diyabete kandi birushaho kuba bibi. Urakoze.",kinyarwanda,URGENT,chronic_care,kinyarwanda->kinyarwanda:URGENT:chronic_care,Mfite igisebe ku kirenge kidakira kandi mfite diyabete.,Mfite igisebe ku kirenge kidakira kandi mfite diyabete.
"Mfasha, mfite umuriro woroheje umaze umunsi umwe, ariko nta kindi kibazo mfite kuva ubu gitondo cya kare kandi birushaho kuba bibi. Nkora iki?",kinyarwanda,ROUTINE,infectious_fever,kinyarwanda->kinyarwanda:ROUTINE:infectious_fever,"mfite umuriro woroheje umaze umunsi umwe, ariko nta kindi kibazo mfite","mfite umuriro woroheje umaze umunsi umwe, ariko nta kindi kibazo mfite"
"Mfasha vuba, narumwe n'inzoka kuva ubu gitondo cya kare. Byatangiye gitunguranye. Ntegereze cyangwa nsuzumwe ubu?",kinyarwanda,URGENT,haemorrhage_trauma,kinyarwanda->kinyarwanda:URGENT:haemorrhage_trauma,Narumwe n'inzoka.,Narumwe n'inzoka.
"Naje hano mbere, ndaruka ibyo ndya byose kandi sinshobora no kunywa kuva mu masaha abiri ashize kandi nta miti mfite. Ese ibi birakomeye?",kinyarwanda,CRITICAL,gastrointestinal,kinyarwanda->kinyarwanda:CRITICAL:gastrointestinal,Ndaruka ibyo ndya byose kandi sinshobora no kunywa.,Ndaruka ibyo ndya byose kandi sinshobora no kunywa.
"Simbizi niba bikomeye ariko, mfite umuriro woroheje umaze umunsi umwe, ariko nta kindi kibazo mfite kuva hashize iminsi ibiri biragenda bikagaruka. Nkora iki?",kinyarwanda,ROUTINE,infectious_fever,kinyarwanda->kinyarwanda:ROUTINE:infectious_fever,"mfite umuriro woroheje umaze umunsi umwe, ariko nta kindi kibazo mfite","mfite umuriro woroheje umaze umunsi umwe, ariko nta kindi kibazo mfite"
"Nzanye umwana wanjye, amazuru arantemba gake kuva ejo kandi nta miti mfite. Naje mvuye kure.",kinyarwanda,ROUTINE,infectious_fever,kinyarwanda->kinyarwanda:ROUTINE:infectious_fever,amazuru arantemba gake,amazuru arantemba gake
"Nzanye umwana wanjye, iminwa yanjye yahindutse ubururu kuva ejo kandi birushaho kuba bibi. Nkora iki?",kinyarwanda,CRITICAL,cardiac_respiratory,kinyarwanda->kinyarwanda:CRITICAL:cardiac_respiratory,Iminwa yanjye yahindutse ubururu.,Iminwa yanjye yahindutse ubururu.
"Muganga, ndakomeza kuruka kandi sinshobora kurya kuva mu gitondo kandi sinshobora gusinzira. Mfasha muganga.",kinyarwanda,URGENT,gastrointestinal,kinyarwanda->kinyarwanda:URGENT:gastrointestinal,ndakomeza kuruka kandi sinshobora kurya,ndakomeza kuruka kandi sinshobora kurya
"Nzanye umwana wanjye, ndashaka ko bapima umuvuduko w'amaraso kuva mu masaha abiri ashize kandi ndahangayitse. Ntegereze cyangwa nsuzumwe ubu?",kinyarwanda,ROUTINE,preventive,kinyarwanda->kinyarwanda:ROUTINE:preventive,Ndashaka ko bapima umuvuduko w'amaraso.,Ndashaka ko bapima umuvuduko w'amaraso.
"Muganga, ndashaka kujya kwa muganga kwisuzumisha diyabete kuva ejo kandi nta miti mfite. Ni imiti ki nafata?",kinyarwanda,ROUTINE,chronic_care,kinyarwanda->kinyarwanda:ROUTINE:chronic_care,Ndashaka kujya kwa muganga kwisuzumisha diyabete.,Ndashaka kujya kwa muganga kwisuzumisha SIDA.
"Muganga, ndava amaraso menshi nyuma yo kubyara kuva ijoro ryashize kandi sinshobora gusinzira. Ntegereze cyangwa nsuzumwe ubu?",kinyarwanda,CRITICAL,obstetric,kinyarwanda->kinyarwanda:CRITICAL:obstetric,ndava amaraso menshi nyuma yo kubyara,ndava amaraso menshi nyuma yo kubyara
"Simbizi niba bikomeye ariko, umuturanyi wanjye aratwite kandi ashaka kwisuzumisha kwa muganga bwa mbere kuva mu masaha abiri ashize. Abandi bana na bo bafite iki kibazo. Naje mvuye kure.",kinyarwanda,ROUTINE,preventive,kinyarwanda->kinyarwanda:ROUTINE:preventive,{REL} aratwite kandi ashaka kwisuzumisha kwa muganga bwa mbere.,Ndatwite kandi ndashaka kwisuzumisha kwa muganga bwa mbere.
"Mfasha vuba, mfite umuhaha kuva ijoro ryashize kandi ndahangayitse. Mfasha muganga.",kinyarwanda,URGENT,paediatric,kinyarwanda->kinyarwanda:URGENT:paediatric,Mfite umuhaha.,Mfite umuhaha.
"Ndakeneye ubufasha, ndashaka guhabwa inzitiramubu kuva hashize iminsi ibiri nta miti imfasha. Ni imiti ki nafata?",kinyarwanda,ROUTINE,preventive,kinyarwanda->kinyarwanda:ROUTINE:preventive,Ndashaka guhabwa inzitiramubu.,Ndashaka guhabwa inzitiramubu.
Mfite igikomere gikomeye kirimo kuva amaraso menshi kuva ijoro ryashize. Byatangiye gitunguranye. Ese ibi birakomeye?,kinyarwanda,CRITICAL,haemorrhage_trauma,kinyarwanda->kinyarwanda:CRITICAL:haemorrhage_trauma,mfite igikomere gikomeye kirimo kuva amaraso menshi,mfite igikomere gikomeye kirimo kuva amaraso menshi
"Naje hano mbere, papa nta miti ya SIDA afite kuva mu cyumweru gishize. Abandi bana na bo bafite iki kibazo. Ntabasha kubona amafaranga yo kongera kuza kwa muganga.",kinyarwanda,URGENT,chronic_care,kinyarwanda->kinyarwanda:URGENT:chronic_care,{REL} nta miti ya SIDA afite.,Nta miti ya SIDA mfite.
"Nyabuneka, iyo umwana wanjye amaze kurya, yumva inda itameze neza kuva ubu gitondo cya kare kandi birushaho kuba bibi. Mfasha muganga.",kinyarwanda,ROUTINE,gastrointestinal,kinyarwanda->kinyarwanda:ROUTINE:gastrointestinal,"Iyo {REL} amaze kurya, yumva inda itameze neza.","Iyo {REL} amaze kurya, yumva inda itameze neza."
"Mfasha, ndashaka guhabwa inzitiramubu bikarushaho nijoro. Ese ibi birakomeye?",kinyarwanda,ROUTINE,preventive,kinyarwanda->kinyarwanda:ROUTINE:preventive,Ndashaka guhabwa inzitiramubu.,Ndashaka guhabwa inzitiramubu.
"Muganga, naguye, ukuguru kuragoramye ariko sinumva ko kuvunitse kuva hashize iminsi ibiri kandi sinshobora gusinzira. Nkora iki?",kinyarwanda,URGENT,haemorrhage_trauma,kinyarwanda->kinyarwanda:URGENT:haemorrhage_trauma,"Naguye, ukuguru kuragoramye ariko sinumva ko kuvunitse.","Naguye, ukuguru kuragoramye ariko sinumva ko kuvunitse."
"Nzanye umwana wanjye, umwana wanjye akorora gake ariko nta muriro afite kuva ijoro ryashize kandi sinshobora gusinzira. Ndakeneye ubufasha vuba.",kinyarwanda,ROUTINE,cardiac_respiratory,kinyarwanda->kinyarwanda:ROUTINE:cardiac_respiratory,{REL} akorora gake ariko nta muriro afite.,Nkorora gake ariko nta muriro mfite.
"Muganga, mfite igikomere gito kandi amaraso yarahagaze kuva mu masaha abiri ashize kandi sinshobora gusinzira. Murakoze.",kinyarwanda,ROUTINE,haemorrhage_trauma,kinyarwanda->kinyarwanda:ROUTINE:haemorrhage_trauma,Mfite igikomere gito kandi amaraso yarahagaze.,Mfite igikomere gito kandi amaraso yarahagaze.
"Mfasha, mushiki wanjye amaze iminsi itatu arwaye impiswi zikomeye kuva ejo kandi birushaho kuba bibi. Murakoze.",kinyarwanda,URGENT,gastrointestinal,kinyarwanda->kinyarwanda:URGENT:gastrointestinal,{REL} amaze iminsi itatu arwaye impiswi zikomeye.,maze iminsi itatu ndwaye impiswi zikomeye
"Mumbabarire, ndashaka kubabwira ikibazo mfite. Mushiki wanjye aratwite kandi ashaka kwisuzumisha kwa muganga bwa mbere kuva mu gitondo kandi nta miti mfite. Naje mvuye kure.",kinyarwanda,ROUTINE,preventive,kinyarwanda->kinyarwanda:ROUTINE:preventive,{REL} aratwite kandi ashaka kwisuzumisha kwa muganga bwa mbere.,Ndatwite kandi ndashaka kwisuzumisha kwa muganga bwa mbere.
"Mumbabarire, ndashaka kubabwira ikibazo mfite. Ndashaka kongererwa imiti y'umuvuduko w'amaraso kuva ubu gitondo cya kare kandi ndahangayitse. Mfasha muganga.",kinyarwanda,ROUTINE,chronic_care,kinyarwanda->kinyarwanda:ROUTINE:chronic_care,Ndashaka kongererwa imiti y'umuvuduko w'amaraso.,Ndashaka kongererwa imiti y'umuvuduko w'amaraso.
"Nyabuneka, nkorora gake ariko nta muriro mfite kuva hashize iminsi ibiri. Abandi bana na bo bafite iki kibazo. Murakoze.",kinyarwanda,ROUTINE,cardiac_respiratory,kinyarwanda->kinyarwanda:ROUTINE:cardiac_respiratory,Nkorora gake ariko nta muriro mfite.,Nkorora gake ariko nta muriro mfite.
"Naje hano mbere, papa ashaka kugirwa inama ku mazi yo kunywa kuva mu masaha abiri ashize. Byatangiye gitunguranye. Ntabasha kubona amafaranga yo kongera kuza kwa muganga.",kinyarwanda,ROUTINE,preventive,kinyarwanda->kinyarwanda:ROUTINE:preventive,{REL} ashaka kugirwa inama ku mazi yo kunywa.,Ndashaka kugirwa inama ku mazi yo kunywa.
"Ndakeneye ubufasha, mushiki wanjye amaze umunsi wose ari mu bubabare bwo kubyara ariko umwana ntarasohoka kuva mu masaha abiri ashize kandi nta miti mfite. Ntegereze cyangwa nsuzumwe ubu?",kinyarwanda,CRITICAL,obstetric,kinyarwanda->kinyarwanda:CRITICAL:obstetric,{REL} amaze umunsi wose ari mu bubabare bwo kubyara ariko umwana ntarasohoka.,Maze umunsi wose mbabara ngerageza kubyara ariko umwana ntarasohoka.
"Muraho, ndashaka ko bapima ibiro by'umwana wanjye kuva ijoro ryashize kandi sinshobora gusinzira. Ntegereze cyangwa nsuzumwe ubu?",kinyarwanda,ROUTINE,paediatric,kinyarwanda->kinyarwanda:ROUTINE:paediatric,Ndashaka ko bapima ibiro by'umwana wanjye.,Ndashaka ko bapima ibiro by'umwana wanjye.
"Nzanye umwana wanjye, mushiki wanjye nta miti ya SIDA afite kuva mu gitondo nta miti imfasha. Murakoze.",kinyarwanda,URGENT,chronic_care,kinyarwanda->kinyarwanda:URGENT:chronic_care,{REL} nta miti ya SIDA afite.,Nta miti ya SIDA mfite.
Ndashaka kukubwira ikibazo mfite. Mama ashaka ko bapima SIDA kuva hashize iminsi itatu. Abandi bana na bo bafite iki kibazo. Ndakeneye ubufasha vuba.,kinyarwanda,ROUTINE,preventive,kinyarwanda->kinyarwanda:ROUTINE:preventive,{REL} ashaka ko bapima SIDA.,Ndashaka ko bapima SIDA.
"Simbizi niba bikomeye ariko, umugore wanjye aratwite kandi yaragagaye kuva ejo biragenda bikagaruka. Ni imiti ki nafata?",kinyarwanda,CRITICAL,obstetric,kinyarwanda->kinyarwanda:CRITICAL:obstetric,{REL} aratwite kandi yaragagaye.,Ndatwite kandi nagagaye.
"Mfasha vuba, mfite umuhaha biragenda bikagaruka. Ndakeneye ubufasha vuba.",kinyarwanda,URGENT,paediatric,kinyarwanda->kinyarwanda:URGENT:paediatric,Mfite umuhaha.,Mfite umuhaha.
"Mfasha, narumwe n'inzoka kuva mu masaha abiri ashize biragenda bikagaruka. Ese ibi birakomeye?",kinyarwanda,URGENT,haemorrhage_trauma,kinyarwanda->kinyarwanda:URGENT:haemorrhage_trauma,Narumwe n'inzoka.,Narumwe n'inzoka.
"Muganga, iminwa yanjye yahindutse ubururu kandi sinshobora gusinzira. Ese ibi birakomeye?",kinyarwanda,CRITICAL,cardiac_respiratory,kinyarwanda->kinyarwanda:CRITICAL:cardiac_respiratory,Iminwa yanjye yahindutse ubururu.,Iminwa yanjye yahindutse ubururu.
"Naje hano mbere, mama yaraguye none arababara cyane nta miti imfasha. Ese ibi birakomeye?",kinyarwanda,URGENT,haemorrhage_trauma,kinyarwanda->kinyarwanda:URGENT:haemorrhage_trauma,{REL} yaraguye none arababara cyane.,naraguye none ndababara cyane
Ndashaka kukubwira ikibazo mfite. Ndashaka ko bapima ibiro by'umwana wanjye kuva mu gitondo kandi birushaho kuba bibi. Urakoze.,kinyarwanda,ROUTINE,paediatric,kinyarwanda->kinyarwanda:ROUTINE:paediatric,Ndashaka ko bapima ibiro by'umwana wanjye.,Ndashaka ko bapima ibiro by'umwana wanjye.
"Muganga, mfite umuhaha kuva mu masaha abiri ashize. Abandi bana na bo bafite iki kibazo. Mfasha muganga.",kinyarwanda,URGENT,paediatric,kinyarwanda->kinyarwanda:URGENT:paediatric,Mfite umuhaha.,Mfite umuhaha.
"Mfasha vuba, umwana wanjye afite umuriro woroheje umaze umunsi umwe, ariko nta kindi kibazo afite kuva mu cyumweru gishize kandi sinshobora gusinzira. Ntegereze cyangwa nsuzumwe ubu?",kinyarwanda,ROUTINE,infectious_fever,kinyarwanda->kinyarwanda:ROUTINE:infectious_fever,"{REL} afite umuriro woroheje umaze umunsi umwe, ariko nta kindi kibazo afite.","mfite umuriro woroheje umaze umunsi umwe, ariko nta kindi kibazo mfite"
"Simbizi niba bikomeye ariko, umwana wanjye akorora gake ariko nta muriro afite kuva mu masaha abiri ashize kandi birushaho kuba bibi. Nkora iki?",kinyarwanda,ROUTINE,cardiac_respiratory,kinyarwanda->kinyarwanda:ROUTINE:cardiac_respiratory,{REL} akorora gake ariko nta muriro afite.,Nkorora gake ariko nta muriro mfite.
"Nyabuneka, ndashaka kongererwa imiti y'umuvuduko w'amaraso kuva hashize icyumweru kandi nta miti mfite. Naje mvuye kure.",kinyarwanda,ROUTINE,chronic_care,kinyarwanda->kinyarwanda:ROUTINE:chronic_care,Ndashaka kongererwa imiti y'umuvuduko w'amaraso.,Ndashaka kongererwa imiti y'umuvuduko w'amaraso.
"Muganga, mfite ibimenyetso bya malariya, umuriro n'imbeho bikarushaho nijoro. Ndakeneye ubufasha vuba.",kinyarwanda,URGENT,infectious_fever,kinyarwanda->kinyarwanda:URGENT:infectious_fever,"Mfite ibimenyetso bya malariya, umuriro n'imbeho.","Mfite ibimenyetso bya malariya, umuriro n'imbeho."
"Muganga, mfite umwanda usa umukara kandi nta miti mfite. Ese ibi birakomeye?",kinyarwanda,CRITICAL,gastrointestinal,kinyarwanda->kinyarwanda:CRITICAL:gastrointestinal,Mfite umwanda usa umukara.,Mfite umwanda usa umukara.
"Nyabuneka, umutima uratera cyane kandi nkumva umeze nk'aho uhagarara kuva mu gitondo. Abandi bana na bo bafite iki kibazo. Ntegereze cyangwa nsuzumwe ubu?",kinyarwanda,CRITICAL,cardiac_respiratory,kinyarwanda->kinyarwanda:CRITICAL:cardiac_respiratory,umutima uratera cyane kandi nkumva umeze nk'aho uhagarara,umutima uratera cyane kandi nkumva umeze nk'aho uhagarara
"Nzanye umwana wanjye, mama ashaka guhabwa inzitiramubu kuva ubu gitondo cya kare. Mfasha muganga.",kinyarwanda,ROUTINE,preventive,kinyarwanda->kinyarwanda:ROUTINE:preventive,{REL} ashaka guhabwa inzitiramubu.,Ndashaka guhabwa inzitiramubu.
"Ndakeneye ubufasha, umutwe urandya ariko ntabwo cyane kuva mu masaha abiri ashize kandi ndahangayitse. Ndakeneye ubufasha vuba.",kinyarwanda,ROUTINE,neurological,kinyarwanda->kinyarwanda:ROUTINE:neurological,umutwe urandya ariko ntabwo cyane,umutwe urandya ariko ntabwo cyane
Ndashaka kukubwira ikibazo mfite. Mfite gahunda yo gukingiza umwana kuva hashize iminsi ibiri bikarushaho nijoro. Ese ibi birakomeye?,kinyarwanda,ROUTINE,preventive,kinyarwanda->kinyarwanda:ROUTINE:preventive,Mfite gahunda yo gukingiza umwana.,Mfite gahunda yo gukingiza umwana.
"Ndakeneye ubufasha, naraguye none ndababara cyane kuva ubu gitondo cya kare bikarushaho nijoro. Nkora iki?",kinyarwanda,URGENT,haemorrhage_trauma,kinyarwanda->kinyarwanda:URGENT:haemorrhage_trauma,naraguye none ndababara cyane,naraguye none ndababara cyane
"Simbizi niba bikomeye ariko, umugabo wanjye afite ibimenyetso bya malariya, umuriro n'imbeho kuva hashize iminsi itatu kandi birushaho kuba bibi. Urakoze.",kinyarwanda,URGENT,infectious_fever,kinyarwanda->kinyarwanda:URGENT:infectious_fever,"{REL} afite ibimenyetso bya malariya, umuriro n'imbeho.","Mfite ibimenyetso bya malariya, umuriro n'imbeho."
"Muraho, ndatwite kandi nagagaye kandi birushaho kuba bibi. Nkora iki?",kinyarwanda,CRITICAL,obstetric,kinyarwanda->kinyarwanda:CRITICAL:obstetric,Ndatwite kandi nagagaye.,Ndatwite kandi nagagaye.
"Mumbabarire, ndashaka kubabwira ikibazo mfite. Ndatwite kandi ndaruka ibyo ndya byose kuva hashize iminsi ibiri nta miti imfasha. Mfasha muganga.",kinyarwanda,URGENT,obstetric,kinyarwanda->kinyarwanda:URGENT:obstetric,Ndatwite kandi ndaruka ibyo ndya byose.,Ndatwite kandi ndaruka ibyo ndya byose.
"Naje hano mbere, uruhande rumwe rw'umubiri we ntirukora kuva ejo. Abandi bana na bo bafite iki kibazo.",kinyarwanda,CRITICAL,neurological,kinyarwanda->kinyarwanda:CRITICAL:neurological,Uruhande rumwe rw'umubiri we ntirukora.,Uruhande rumwe rw'umubiri we ntirukora.
"Muraho, ndaruka ibyo ndya byose kandi sinshobora no kunywa kuva hashize iminsi itatu kandi ndahangayitse. Ntabasha kubona amafaranga yo kongera kuza kwa muganga.",kinyarwanda,CRITICAL,gastrointestinal,kinyarwanda->kinyarwanda:CRITICAL:gastrointestinal,Ndaruka ibyo ndya byose kandi sinshobora no kunywa.,Ndaruka ibyo ndya byose kandi sinshobora no kunywa.
"Simbizi niba bikomeye ariko, narumwe n'inzoka kuva ijoro ryashize kandi ndahangayitse. Murakoze.",kinyarwanda,URGENT,haemorrhage_trauma,kinyarwanda->kinyarwanda:URGENT:haemorrhage_trauma,Narumwe n'inzoka.,Narumwe n'inzoka.
"Ndakeneye ubufasha, mfite umwanda usa umukara kuva hashize iminsi ibiri. Abandi bana na bo bafite iki kibazo. Ntabasha kubona amafaranga yo kongera kuza kwa muganga.",kinyarwanda,CRITICAL,gastrointestinal,kinyarwanda->kinyarwanda:CRITICAL:gastrointestinal,Mfite umwanda usa umukara.,Mfite umwanda usa umukara.
"Muraho, ndashaka ko bapima umuvuduko w'amaraso kuva mu cyumweru gishize biragenda bikagaruka. Urakoze.",kinyarwanda,ROUTINE,preventive,kinyarwanda->kinyarwanda:ROUTINE:preventive,Ndashaka ko bapima umuvuduko w'amaraso.,Ndashaka ko bapima umuvuduko w'amaraso.
"Muraho, umwana wanjye yaraguye none arababara cyane kuva ubu gitondo cya kare. Ntabasha kubona amafaranga yo kongera kuza kwa muganga.",kinyarwanda,URGENT,haemorrhage_trauma,kinyarwanda->kinyarwanda:URGENT:haemorrhage_trauma,{REL} yaraguye none arababara cyane.,naraguye none ndababara cyane
Ndashaka kukubwira ikibazo mfite. Ndashaka kujya kwa muganga kwisuzumisha diyabete kuva hashize iminsi itatu nta miti imfasha. Murakoze.,kinyarwanda,ROUTINE,chronic_care,kinyarwanda->kinyarwanda:ROUTINE:chronic_care,Ndashaka kujya kwa muganga kwisuzumisha diyabete.,Ndashaka kujya kwa muganga kwisuzumisha SIDA.
"Muraho, mfite umuriro kandi numva mfite imbeho, nkeka ko ari malariya kuva ijoro ryashize kandi birushaho kuba bibi. Ntegereze cyangwa nsuzumwe ubu?",kinyarwanda,URGENT,infectious_fever,kinyarwanda->kinyarwanda:URGENT:infectious_fever,"mfite umuriro kandi numva mfite imbeho, nkeka ko ari malariya","mfite umuriro kandi numva mfite imbeho, nkeka ko ari malariya"
"Muganga, ndatwite kandi nagagaye kuva hashize icyumweru kandi nta miti mfite. Ndakeneye ubufasha vuba.",kinyarwanda,CRITICAL,obstetric,kinyarwanda->kinyarwanda:CRITICAL:obstetric,Ndatwite kandi nagagaye.,Ndatwite kandi nagagaye.
"Mfasha vuba, mushiki wanjye aratwite kandi araruka ibyo arya byose kuva ubu gitondo cya kare. Ntabasha kubona amafaranga yo kongera kuza kwa muganga.",kinyarwanda,URGENT,obstetric,kinyarwanda->kinyarwanda:URGENT:obstetric,{REL} aratwite kandi araruka ibyo arya byose.,Ndatwite kandi ndaruka ibyo ndya byose.
"Muraho, umwana wanjye afite ikibazo cyo kutabasha guhumeka neza, kandi uruhu rwe rwahindutse ubururu kuva ejo bikarushaho nijoro. Naje mvuye kure.",kinyarwanda,CRITICAL,paediatric,kinyarwanda->kinyarwanda:CRITICAL:paediatric,"{REL} afite ikibazo cyo kutabasha guhumeka neza, kandi uruhu rwe rwahindutse ubururu","{REL} afite ikibazo cyo kutabasha guhumeka neza, kandi uruhu rwe rwahindutse ubururu"
Ndaruka ibyo ndya byose kandi sinshobora no kunywa kandi ndahangayitse,kinyarwanda,CRITICAL,gastrointestinal,kinyarwanda->kinyarwanda:CRITICAL:gastrointestinal,Ndaruka ibyo ndya byose kandi sinshobora no kunywa.,Ndaruka ibyo ndya byose kandi sinshobora no kunywa.
"Ndashaka kukubwira ikibazo mfite. Naguye, ukuguru kuragoramye ariko sinumva ko kuvunitse kuva mu masaha abiri ashize biragenda bikagaruka. Nkora iki?",kinyarwanda,URGENT,haemorrhage_trauma,kinyarwanda->kinyarwanda:URGENT:haemorrhage_trauma,"Naguye, ukuguru kuragoramye ariko sinumva ko kuvunitse.","Naguye, ukuguru kuragoramye ariko sinumva ko kuvunitse."
"Mfasha, umwana wanjye afite ikibazo cyo kutabasha guhumeka neza, kandi uruhu rwe rwahindutse ubururu kuva ijoro ryashize kandi nta miti mfite. Nkora iki?",kinyarwanda,CRITICAL,paediatric,kinyarwanda->kinyarwanda:CRITICAL:paediatric,"{REL} afite ikibazo cyo kutabasha guhumeka neza, kandi uruhu rwe rwahindutse ubururu","{REL} afite ikibazo cyo kutabasha guhumeka neza, kandi uruhu rwe rwahindutse ubururu"
"Muganga, isukari yo mu maraso yanjye yazamutse cyane kuva ubu gitondo cya kare",kinyarwanda,URGENT,chronic_care,kinyarwanda->kinyarwanda:URGENT:chronic_care,isukari yo mu maraso yanjye yazamutse cyane,isukari yo mu maraso yanjye yazamutse cyane
"Mumbabarire, ndashaka kubabwira ikibazo mfite. Iyo umwana wanjye amaze kurya, yumva inda itameze neza kuva hashize iminsi ibiri nta miti imfasha. Urakoze.",kinyarwanda,ROUTINE,gastrointestinal,kinyarwanda->kinyarwanda:ROUTINE:gastrointestinal,"Iyo {REL} amaze kurya, yumva inda itameze neza.","Iyo {REL} amaze kurya, yumva inda itameze neza."
"Mumbabarire, ndashaka kubabwira ikibazo mfite. Naraguye none ndababara cyane kuva ijoro ryashize kandi birushaho kuba bibi. Urakoze.",kinyarwanda,URGENT,haemorrhage_trauma,kinyarwanda->kinyarwanda:URGENT:haemorrhage_trauma,naraguye none ndababara cyane,naraguye none ndababara cyane
"Simbizi niba bikomeye ariko, ndatwite kandi nagagaye kuva ijoro ryashize kandi sinshobora gusinzira. Ntabasha kubona amafaranga yo kongera kuza kwa muganga.",kinyarwanda,CRITICAL,obstetric,kinyarwanda->kinyarwanda:CRITICAL:obstetric,Ndatwite kandi nagagaye.,Ndatwite kandi nagagaye.
Ndakorora cyane kandi guhumeka birangora kuva ijoro ryashize. Abandi bana na bo bafite iki kibazo.,kinyarwanda,URGENT,cardiac_respiratory,kinyarwanda->kinyarwanda:URGENT:cardiac_respiratory,ndakorora cyane kandi guhumeka birangora,ndakorora cyane kandi guhumeka birangora
"Simbizi niba bikomeye ariko, mfite gahunda yo gukingiza umwana kuva ubu gitondo cya kare. Byatangiye gitunguranye. Ndakeneye ubufasha vuba.",kinyarwanda,ROUTINE,preventive,kinyarwanda->kinyarwanda:ROUTINE:preventive,Mfite gahunda yo gukingiza umwana.,Mfite gahunda yo gukingiza umwana.
"Mfasha, ndashaka inama ku biryo byo kugaburira umwana wanjye kuva hashize icyumweru kandi sinshobora gusinzira. Ni imiti ki nafata?",kinyarwanda,ROUTINE,preventive,kinyarwanda->kinyarwanda:ROUTINE:preventive,Ndashaka inama ku biryo byo kugaburira umwana wanjye.,Ndashaka inama ku biryo byo kugaburira umwana wanjye.
"Mumbabarire, ndashaka kubabwira ikibazo mfite. Mushiki wanjye iminwa ye yahindutse ubururu kuva ubu gitondo cya kare nta miti imfasha. Naje mvuye kure.",kinyarwanda,CRITICAL,cardiac_respiratory,kinyarwanda->kinyarwanda:CRITICAL:cardiac_respiratory,{REL} iminwa ye yahindutse ubururu.,Iminwa yanjye yahindutse ubururu.
"Naje hano mbere, umutwe urandya ariko ntabwo cyane kuva hashize iminsi ibiri kandi nta miti mfite. Naje mvuye kure.",kinyarwanda,ROUTINE,neurological,kinyarwanda->kinyarwanda:ROUTINE:neurological,umutwe urandya ariko ntabwo cyane,umutwe urandya ariko ntabwo cyane
"Nzanye umwana wanjye, umuturanyi wanjye afite gahunda yo gukingiza umwana kuva ubu gitondo cya kare. Murakoze.",kinyarwanda,ROUTINE,preventive,kinyarwanda->kinyarwanda:ROUTINE:preventive,{REL} afite gahunda yo gukingiza umwana.,Mfite gahunda yo gukingiza umwana.
Mama aratwite kandi yaragagaye kuva mu masaha abiri ashize nta miti imfasha. Ndakeneye ubufasha vuba.,kinyarwanda,CRITICAL,obstetric,kinyarwanda->kinyarwanda:CRITICAL:obstetric,{REL} aratwite kandi yaragagaye.,Ndatwite kandi nagagaye.
"Ndakeneye ubufasha, mfite umuriro woroheje umaze umunsi umwe, ariko nta kindi kibazo mfite kuva mu gitondo kandi ndahangayitse. Ndakeneye ubufasha vuba.",kinyarwanda,ROUTINE,infectious_fever,kinyarwanda->kinyarwanda:ROUTINE:infectious_fever,"mfite umuriro woroheje umaze umunsi umwe, ariko nta kindi kibazo mfite","mfite umuriro woroheje umaze umunsi umwe, ariko nta kindi kibazo mfite"
"Mfasha vuba, umwana wanjye amazuru ye aratemba gake kuva hashize icyumweru biragenda bikagaruka. Ni imiti ki nafata?",kinyarwanda,ROUTINE,infectious_fever,kinyarwanda->kinyarwanda:ROUTINE:infectious_fever,{REL} amazuru ye aratemba gake.,amazuru arantemba gake
"Simbizi niba bikomeye ariko, ndakorora cyane kandi guhumeka birangora kandi birushaho kuba bibi. Ni imiti ki nafata?",kinyarwanda,URGENT,cardiac_respiratory,kinyarwanda->kinyarwanda:URGENT:cardiac_respiratory,ndakorora cyane kandi guhumeka birangora,ndakorora cyane kandi guhumeka birangora
"Simbizi niba bikomeye ariko, iyo mpumeka, numva igituza gifashe kandi mpumeka nkumva hari ijwi ridasanzwe kuva mu cyumweru gishize kandi ndahangayitse. Ese ibi birakomeye?",kinyarwanda,URGENT,cardiac_respiratory,kinyarwanda->kinyarwanda:URGENT:cardiac_respiratory,"Iyo mpumeka, numva igituza gifashe kandi mpumeka nkumva hari ijwi ridasanzwe.","Iyo mpumeka, numva igituza gifashe kandi mpumeka nkumva hari ijwi ridasanzwe."
"Ndakeneye ubufasha, ndashaka kongererwa imiti y'umuvuduko w'amaraso kuva ejo nta miti imfasha. Ntegereze cyangwa nsuzumwe ubu?",kinyarwanda,ROUTINE,chronic_care,kinyarwanda->kinyarwanda:ROUTINE:chronic_care,Ndashaka kongererwa imiti y'umuvuduko w'amaraso.,Ndashaka kongererwa imiti y'umuvuduko w'amaraso.
"Nzanye umwana wanjye, ndashaka kugirwa inama uko nakonsa umwana kuva hashize iminsi ibiri kandi sinshobora gusinzira. Mfasha muganga.",kinyarwanda,ROUTINE,obstetric,kinyarwanda->kinyarwanda:ROUTINE:obstetric,Ndashaka kugirwa inama uko nakonsa umwana.,Ndashaka kugirwa inama uko nakonsa umwana.
"Muraho, mama ari kubyara ariko umugozi w'umwana wabanje gusohoka kuva hashize icyumweru biragenda bikagaruka. Ntegereze cyangwa nsuzumwe ubu?",kinyarwanda,CRITICAL,obstetric,kinyarwanda->kinyarwanda:CRITICAL:obstetric,{REL} ari kubyara ariko umugozi w'umwana wabanje gusohoka.,Ndabyara ariko habanje gusohoka umugozi w'umwana.
"Mfasha vuba, mushiki wanjye aratwite kandi umutwe uramubabaza cyane, kandi ntashobora kureba neza kuva ijoro ryashize kandi birushaho kuba bibi. Naje mvuye kure.",kinyarwanda,CRITICAL,obstetric,kinyarwanda->kinyarwanda:CRITICAL:obstetric,"{REL} aratwite kandi umutwe uramubabaza cyane, kandi ntashobora kureba neza.","Ndatwite, umutwe urandya cyane kandi sinshobora kureba neza."
"Muraho, umwana wanjye afite ikibazo cyo kutabasha guhumeka neza, kandi uruhu rwe rwahindutse ubururu kuva ejo kandi nta miti mfite. Ndakeneye ubufasha vuba.",kinyarwanda,CRITICAL,paediatric,kinyarwanda->kinyarwanda:CRITICAL:paediatric,"{REL} afite ikibazo cyo kutabasha guhumeka neza, kandi uruhu rwe rwahindutse ubururu","{REL} afite ikibazo cyo kutabasha guhumeka neza, kandi uruhu rwe rwahindutse ubururu"
"Ndakeneye ubufasha, ndaruka ibyo ndya byose kandi sinshobora no kunywa kuva mu cyumweru gishize nta miti imfasha. Ntabasha kubona amafaranga yo kongera kuza kwa muganga.",kinyarwanda,CRITICAL,gastrointestinal,kinyarwanda->kinyarwanda:CRITICAL:gastrointestinal,Ndaruka ibyo ndya byose kandi sinshobora no kunywa.,Ndaruka ibyo ndya byose kandi sinshobora no kunywa.
"Ndakeneye ubufasha, umwana wanjye araruka cyane kandi yumva afite intege nke kuva ejo. Byatangiye gitunguranye. Mfasha muganga.",kinyarwanda,URGENT,gastrointestinal,kinyarwanda->kinyarwanda:URGENT:gastrointestinal,{REL} araruka cyane kandi yumva afite intege nke.,ndaruka cyane kandi numva mfite intege nke
"Ndakeneye ubufasha, naraguye none ndababara cyane kuva ejo kandi ndahangayitse. Ese ibi birakomeye?",kinyarwanda,URGENT,haemorrhage_trauma,kinyarwanda->kinyarwanda:URGENT:haemorrhage_trauma,naraguye none ndababara cyane,naraguye none ndababara cyane
"Mfasha, nta miti y'igituntu mfite kuva hashize iminsi itatu bikarushaho nijoro. Ese ibi birakomeye?",kinyarwanda,URGENT,chronic_care,kinyarwanda->kinyarwanda:URGENT:chronic_care,Nta miti y'igituntu mfite.,Nta miti y'igituntu mfite.
"Simbizi niba bikomeye ariko, umukecuru ntashobora kuvuga neza kandi umunwa we waragoramye kuva mu cyumweru gishize kandi birushaho kuba bibi. Ntabasha kubona amafaranga yo kongera kuza kwa muganga.",kinyarwanda,CRITICAL,neurological,kinyarwanda->kinyarwanda:CRITICAL:neurological,{REL} ntashobora kuvuga neza kandi umunwa we waragoramye.,{REL} ntashobora kuvuga neza kandi umunwa we waragoramye.
"Nyabuneka, papa ashaka inama ku biryo byo kugaburira umwana we kuva ejo. Byatangiye gitunguranye. Mfasha muganga.",kinyarwanda,ROUTINE,preventive,kinyarwanda->kinyarwanda:ROUTINE:preventive,{REL} ashaka inama ku biryo byo kugaburira umwana we.,Ndashaka inama ku biryo byo kugaburira umwana wanjye.
"Ndakeneye ubufasha, mushiki wanjye amaze umunsi wose ari mu bubabare bwo kubyara ariko umwana ntarasohoka kuva hashize icyumweru nta miti imfasha",kinyarwanda,CRITICAL,obstetric,kinyarwanda->kinyarwanda:CRITICAL:obstetric,{REL} amaze umunsi wose ari mu bubabare bwo kubyara ariko umwana ntarasohoka.,Maze umunsi wose mbabara ngerageza kubyara ariko umwana ntarasohoka.
"Nzanye umwana wanjye, maze ibyumweru birenga bibiri ndwaye impiswi kuva mu gitondo. Urakoze.",kinyarwanda,URGENT,gastrointestinal,kinyarwanda->kinyarwanda:URGENT:gastrointestinal,Maze ibyumweru birenga bibiri ndwaye impiswi.,Maze ibyumweru birenga bibiri ndwaye impiswi.
"Simbizi niba bikomeye ariko, umugore wanjye aratwite kandi ashaka kwisuzumisha kwa muganga bwa mbere kuva mu cyumweru gishize. Abandi bana na bo bafite iki kibazo. Murakoze.",kinyarwanda,ROUTINE,preventive,kinyarwanda->kinyarwanda:ROUTINE:preventive,{REL} aratwite kandi ashaka kwisuzumisha kwa muganga bwa mbere.,Ndatwite kandi ndashaka kwisuzumisha kwa muganga bwa mbere.
Umugore wanjye aratwite kandi yaragagaye kuva hashize iminsi itatu biragenda bikagaruka. Ni imiti ki nafata?,kinyarwanda,CRITICAL,obstetric,kinyarwanda->kinyarwanda:CRITICAL:obstetric,{REL} aratwite kandi yaragagaye.,Ndatwite kandi nagagaye.
"Simbizi niba bikomeye ariko, mushiki wanjye afite umuriro mwinshi kandi arakorora cyane kuva mu gitondo kandi nta miti mfite. Ntabasha kubona amafaranga yo kongera kuza kwa muganga.",kinyarwanda,URGENT,infectious_fever,kinyarwanda->kinyarwanda:URGENT:infectious_fever,{REL} afite umuriro mwinshi kandi arakorora cyane.,mfite umuriro mwinshi kandi ndakorora cyane
"Muganga, iyo mpumeka, numva igituza gifashe kandi mpumeka nkumva hari ijwi ridasanzwe kuva ijoro ryashize. Abandi bana na bo bafite iki kibazo. Ntegereze cyangwa nsuzumwe ubu?",kinyarwanda,URGENT,cardiac_respiratory,kinyarwanda->kinyarwanda:URGENT:cardiac_respiratory,"Iyo mpumeka, numva igituza gifashe kandi mpumeka nkumva hari ijwi ridasanzwe.","Iyo mpumeka, numva igituza gifashe kandi mpumeka nkumva hari ijwi ridasanzwe."
"Naje hano mbere, ndatwite kandi ndashaka kujya kwa muganga kwisuzumisha kuva ejo kandi ndahangayitse. Ndakeneye ubufasha vuba.",kinyarwanda,ROUTINE,obstetric,kinyarwanda->kinyarwanda:ROUTINE:obstetric,Ndatwite kandi ndashaka kujya kwa muganga kwisuzumisha.,Ndatwite kandi ndashaka kujya kwa muganga kwisuzumisha.
"Mfasha, ndatwite kandi nagagaye kuva mu gitondo kandi ndahangayitse. Ndakeneye ubufasha vuba.",kinyarwanda,CRITICAL,obstetric,kinyarwanda->kinyarwanda:CRITICAL:obstetric,Ndatwite kandi nagagaye.,Ndatwite kandi nagagaye.
"Mfasha, umwana wanjye ashaka guhabwa inzitiramubu kuva mu cyumweru gishize bikarushaho nijoro. Ntabasha kubona amafaranga yo kongera kuza kwa muganga.",kinyarwanda,ROUTINE,preventive,kinyarwanda->kinyarwanda:ROUTINE:preventive,{REL} ashaka guhabwa inzitiramubu.,Ndashaka guhabwa inzitiramubu.
"Mfasha vuba, mama ashaka inama ku biryo byo kugaburira umwana we kuva mu masaha abiri ashize. Abandi bana na bo bafite iki kibazo. Urakoze.",kinyarwanda,ROUTINE,preventive,kinyarwanda->kinyarwanda:ROUTINE:preventive,{REL} ashaka inama ku biryo byo kugaburira umwana we.,Ndashaka inama ku biryo byo kugaburira umwana wanjye.
Ndashaka kukubwira ikibazo mfite. Guhumeka birangora cyane ku buryo ntabasha no kuvuga neza kuva mu masaha abiri ashize kandi birushaho kuba bibi. Ntabasha kubona amafaranga yo kongera kuza kwa muganga.,kinyarwanda,CRITICAL,cardiac_respiratory,kinyarwanda->kinyarwanda:CRITICAL:cardiac_respiratory,Guhumeka birangora cyane ku buryo ntabasha no kuvuga neza.,Guhumeka birangora cyane ku buryo ntabasha no kuvuga neza.
"Nzanye umwana wanjye, mu gituza harandya cyane kandi ububabare bukagera no ku kuboko kuva hashize iminsi itatu kandi birushaho kuba bibi. Ntegereze cyangwa nsuzumwe ubu?",kinyarwanda,CRITICAL,cardiac_respiratory,kinyarwanda->kinyarwanda:CRITICAL:cardiac_respiratory,mu gituza harandya cyane kandi ububabare bukagera no ku kuboko,mu gituza harandya cyane kandi ububabare bukagera no ku kuboko
"Ndakeneye ubufasha, ndaruka ibyo ndya byose kandi sinshobora no kunywa kuva hashize iminsi ibiri. Byatangiye gitunguranye.",kinyarwanda,CRITICAL,gastrointestinal,kinyarwanda->kinyarwanda:CRITICAL:gastrointestinal,Ndaruka ibyo ndya byose kandi sinshobora no kunywa.,Ndaruka ibyo ndya byose kandi sinshobora no kunywa.
"Muraho, ndashaka guhabwa inzitiramubu kuva ubu gitondo cya kare kandi ndahangayitse. Nkora iki?",kinyarwanda,ROUTINE,preventive,kinyarwanda->kinyarwanda:ROUTINE:preventive,Ndashaka guhabwa inzitiramubu.,Ndashaka guhabwa inzitiramubu.
"Mfasha vuba, mfite umuhaha kuva ijoro ryashize kandi nta miti mfite. Ndakeneye ubufasha vuba.",kinyarwanda,URGENT,paediatric,kinyarwanda->kinyarwanda:URGENT:paediatric,Mfite umuhaha.,Mfite umuhaha.
"Nzanye umwana wanjye, mfite igikomere gito kandi amaraso yarahagaze kuva ubu gitondo cya kare nta miti imfasha. Ntegereze cyangwa nsuzumwe ubu?",kinyarwanda,ROUTINE,haemorrhage_trauma,kinyarwanda->kinyarwanda:ROUTINE:haemorrhage_trauma,Mfite igikomere gito kandi amaraso yarahagaze.,Mfite igikomere gito kandi amaraso yarahagaze.
Ndashaka kukubwira ikibazo mfite. Umwana wanjye ashaka guhabwa inzitiramubu kuva hashize iminsi itatu. Ndakeneye ubufasha vuba.,kinyarwanda,ROUTINE,preventive,kinyarwanda->kinyarwanda:ROUTINE:preventive,{REL} ashaka guhabwa inzitiramubu.,Ndashaka guhabwa inzitiramubu.
"Muganga, ndava amaraso menshi nyuma yo kubyara kandi ndahangayitse. Ntegereze cyangwa nsuzumwe ubu?",kinyarwanda,CRITICAL,obstetric,kinyarwanda->kinyarwanda:CRITICAL:obstetric,ndava amaraso menshi nyuma yo kubyara,ndava amaraso menshi nyuma yo kubyara
"Nzanye umwana wanjye, mfite umuhaha kuva hashize iminsi itatu nta miti imfasha. Murakoze.",kinyarwanda,URGENT,paediatric,kinyarwanda->kinyarwanda:URGENT:paediatric,Mfite umuhaha.,Mfite umuhaha.
Ndashaka guhabwa inzitiramubu kuva hashize icyumweru. Nkora iki?,kinyarwanda,ROUTINE,preventive,kinyarwanda->kinyarwanda:ROUTINE:preventive,Ndashaka guhabwa inzitiramubu.,Ndashaka guhabwa inzitiramubu.
"Mumbabarire, ndashaka kubabwira ikibazo mfite. Mfite umuhaha kuva hashize iminsi itatu nta miti imfasha. Ese ibi birakomeye?",kinyarwanda,URGENT,paediatric,kinyarwanda->kinyarwanda:URGENT:paediatric,Mfite umuhaha.,Mfite umuhaha.
Ndashaka kukubwira ikibazo mfite. Isukari yo mu maraso yanjye yazamutse cyane kuva ijoro ryashize bikarushaho nijoro. Murakoze.,kinyarwanda,URGENT,chronic_care,kinyarwanda->kinyarwanda:URGENT:chronic_care,isukari yo mu maraso yanjye yazamutse cyane,isukari yo mu maraso yanjye yazamutse cyane
"Nyabuneka, ndashaka kugirwa inama uko nakonsa umwana kuva ubu gitondo cya kare biragenda bikagaruka. Urakoze.",kinyarwanda,ROUTINE,obstetric,kinyarwanda->kinyarwanda:ROUTINE:obstetric,Ndashaka kugirwa inama uko nakonsa umwana.,Ndashaka kugirwa inama uko nakonsa umwana.
"Ndakeneye ubufasha, maze umunsi wose mbabara ngerageza kubyara ariko umwana ntarasohoka kuva mu cyumweru gishize kandi birushaho kuba bibi. Ese ibi birakomeye?",kinyarwanda,CRITICAL,obstetric,kinyarwanda->kinyarwanda:CRITICAL:obstetric,Maze umunsi wose mbabara ngerageza kubyara ariko umwana ntarasohoka.,Maze umunsi wose mbabara ngerageza kubyara ariko umwana ntarasohoka.
Ndashaka inama ku biryo byo kugaburira umwana wanjye kandi nta miti mfite. Murakoze.,kinyarwanda,ROUTINE,preventive,kinyarwanda->kinyarwanda:ROUTINE:preventive,Ndashaka inama ku biryo byo kugaburira umwana wanjye.,Ndashaka inama ku biryo byo kugaburira umwana wanjye.
Naraguye none ndababara cyane kuva ubu gitondo cya kare. Abandi bana na bo bafite iki kibazo. Naje mvuye kure.,kinyarwanda,URGENT,haemorrhage_trauma,kinyarwanda->kinyarwanda:URGENT:haemorrhage_trauma,naraguye none ndababara cyane,naraguye none ndababara cyane
Papa ntashobora kuvuga neza kandi umunwa we waragoramye kuva mu cyumweru gishize kandi birushaho kuba bibi. Ese ibi birakomeye?,kinyarwanda,CRITICAL,neurological,kinyarwanda->kinyarwanda:CRITICAL:neurological,{REL} ntashobora kuvuga neza kandi umunwa we waragoramye.,{REL} ntashobora kuvuga neza kandi umunwa we waragoramye.
"Ndakeneye ubufasha, guhumeka birangora cyane ku buryo ntabasha no kuvuga neza kuva hashize icyumweru nta miti imfasha",kinyarwanda,CRITICAL,cardiac_respiratory,kinyarwanda->kinyarwanda:CRITICAL:cardiac_respiratory,Guhumeka birangora cyane ku buryo ntabasha no kuvuga neza.,Guhumeka birangora cyane ku buryo ntabasha no kuvuga neza.
"Mfasha vuba, mushiki wanjye ashaka guhabwa inzitiramubu kuva ubu gitondo cya kare kandi birushaho kuba bibi. Mfasha muganga.",kinyarwanda,ROUTINE,preventive,kinyarwanda->kinyarwanda:ROUTINE:preventive,{REL} ashaka guhabwa inzitiramubu.,Ndashaka guhabwa inzitiramubu.
Ndashaka kukubwira ikibazo mfite. Ndashaka ko bapima umuvuduko w'amaraso kuva mu gitondo kandi ndahangayitse. Mfasha muganga.,kinyarwanda,ROUTINE,preventive,kinyarwanda->kinyarwanda:ROUTINE:preventive,Ndashaka ko bapima umuvuduko w'amaraso.,Ndashaka ko bapima umuvuduko w'amaraso.
"Ndashaka kukubwira ikibazo mfite. Iyo mpumeka, numva igituza gifashe kandi mpumeka nkumva hari ijwi ridasanzwe kuva hashize icyumweru kandi nta miti mfite. Urakoze.",kinyarwanda,URGENT,cardiac_respiratory,kinyarwanda->kinyarwanda:URGENT:cardiac_respiratory,"Iyo mpumeka, numva igituza gifashe kandi mpumeka nkumva hari ijwi ridasanzwe.","Iyo mpumeka, numva igituza gifashe kandi mpumeka nkumva hari ijwi ridasanzwe."
"Nyabuneka, mfite igikomere gikomeye kirimo kuva amaraso menshi kuva mu cyumweru gishize bikarushaho nijoro. Naje mvuye kure.",kinyarwanda,CRITICAL,haemorrhage_trauma,kinyarwanda->kinyarwanda:CRITICAL:haemorrhage_trauma,mfite igikomere gikomeye kirimo kuva amaraso menshi,mfite igikomere gikomeye kirimo kuva amaraso menshi
"Simbizi niba bikomeye ariko, mfite ikibazo ku mutwe kandi kirimo guterwa n'urumuri kuva ijoro ryashize. Byatangiye gitunguranye. Urakoze.",kinyarwanda,URGENT,neurological,kinyarwanda->kinyarwanda:URGENT:neurological,Mfite ikibazo ku mutwe kandi kirimo guterwa n'urumuri.,Mfite ikibazo ku mutwe kandi kirimo guterwa n'urumuri.
"Muraho, ndaruka ibyo ndya byose kandi sinshobora no kunywa. Ese ibi birakomeye?",kinyarwanda,CRITICAL,gastrointestinal,kinyarwanda->kinyarwanda:CRITICAL:gastrointestinal,Ndaruka ibyo ndya byose kandi sinshobora no kunywa.,Ndaruka ibyo ndya byose kandi sinshobora no kunywa.
"Simbizi niba bikomeye ariko, umugore wanjye aratwite kandi ashaka kwisuzumisha kwa muganga bwa mbere kuva hashize iminsi itatu kandi nta miti mfite. Ntabasha kubona amafaranga yo kongera kuza kwa muganga.",kinyarwanda,ROUTINE,preventive,kinyarwanda->kinyarwanda:ROUTINE:preventive,{REL} aratwite kandi ashaka kwisuzumisha kwa muganga bwa mbere.,Ndatwite kandi ndashaka kwisuzumisha kwa muganga bwa mbere.
"Mfite igikomere cyanduye, kiratukura kandi kirimo amashyira kuva ubu gitondo cya kare kandi ndahangayitse. Ntegereze cyangwa nsuzumwe ubu?",kinyarwanda,URGENT,haemorrhage_trauma,kinyarwanda->kinyarwanda:URGENT:haemorrhage_trauma,"mfite igikomere cyanduye, kiratukura kandi kirimo amashyira","mfite igikomere cyanduye, kiratukura kandi kirimo amashyira"
"Mfasha vuba, umugabo wanjye umutima we utera cyane kandi yumva umeze nk'aho uhagarara kuva mu masaha abiri ashize bikarushaho nijoro. Nkora iki?",kinyarwanda,CRITICAL,cardiac_respiratory,kinyarwanda->kinyarwanda:CRITICAL:cardiac_respiratory,{REL} umutima we utera cyane kandi yumva umeze nk'aho uhagarara.,umutima uratera cyane kandi nkumva umeze nk'aho uhagarara
"Ndakeneye ubufasha, mfite umwanda usa umukara kandi nta miti mfite. Nkora iki?",kinyarwanda,CRITICAL,gastrointestinal,kinyarwanda->kinyarwanda:CRITICAL:gastrointestinal,Mfite umwanda usa umukara.,Mfite umwanda usa umukara.
"Naje hano mbere, ndatwite kandi ndashaka kujya kwa muganga kwisuzumisha kuva hashize icyumweru. Ntabasha kubona amafaranga yo kongera kuza kwa muganga.",kinyarwanda,ROUTINE,obstetric,kinyarwanda->kinyarwanda:ROUTINE:obstetric,Ndatwite kandi ndashaka kujya kwa muganga kwisuzumisha.,Ndatwite kandi ndashaka kujya kwa muganga kwisuzumisha.
"Ndakeneye ubufasha, ndashaka ko bapima umuvuduko w'amaraso kuva ejo bikarushaho nijoro. Ese ibi birakomeye?",kinyarwanda,ROUTINE,preventive,kinyarwanda->kinyarwanda:ROUTINE:preventive,Ndashaka ko bapima umuvuduko w'amaraso.,Ndashaka ko bapima umuvuduko w'amaraso.
"Naje hano mbere, umutwe urandya ariko ntabwo cyane kuva ijoro ryashize kandi nta miti mfite. Nkora iki?",kinyarwanda,ROUTINE,neurological,kinyarwanda->kinyarwanda:ROUTINE:neurological,umutwe urandya ariko ntabwo cyane,umutwe urandya ariko ntabwo cyane
"Mfasha vuba, ndatwite kandi ndaruka ibyo ndya byose bikarushaho nijoro. Murakoze.",kinyarwanda,URGENT,obstetric,kinyarwanda->kinyarwanda:URGENT:obstetric,Ndatwite kandi ndaruka ibyo ndya byose.,Ndatwite kandi ndaruka ibyo ndya byose.
"Nyabuneka, mfite igisebe ku kirenge kidakira kandi mfite diyabete kuva mu gitondo kandi birushaho kuba bibi. Naje mvuye kure.",kinyarwanda,URGENT,chronic_care,kinyarwanda->kinyarwanda:URGENT:chronic_care,Mfite igisebe ku kirenge kidakira kandi mfite diyabete.,Mfite igisebe ku kirenge kidakira kandi mfite diyabete.
"Ndakeneye ubufasha, mfite igisebe ku kirenge kidakira kandi mfite diyabete kuva hashize icyumweru nta miti imfasha. Ntabasha kubona amafaranga yo kongera kuza kwa muganga.",kinyarwanda,URGENT,chronic_care,kinyarwanda->kinyarwanda:URGENT:chronic_care,Mfite igisebe ku kirenge kidakira kandi mfite diyabete.,Mfite igisebe ku kirenge kidakira kandi mfite diyabete.
Ndashaka kukubwira ikibazo mfite. Umwana wanjye amaze iminsi itatu arwaye impiswi zikomeye kuva mu cyumweru gishize kandi birushaho kuba bibi. Ese ibi birakomeye?,kinyarwanda,URGENT,gastrointestinal,kinyarwanda->kinyarwanda:URGENT:gastrointestinal,{REL} amaze iminsi itatu arwaye impiswi zikomeye.,maze iminsi itatu ndwaye impiswi zikomeye
"Naje hano mbere, ndashaka kugirwa inama uko nakonsa umwana kuva hashize iminsi ibiri. Byatangiye gitunguranye. Murakoze.",kinyarwanda,ROUTINE,obstetric,kinyarwanda->kinyarwanda:ROUTINE:obstetric,Ndashaka kugirwa inama uko nakonsa umwana.,Ndashaka kugirwa inama uko nakonsa umwana.
"Nzanye umwana wanjye, umwana wanjye afite umuriro woroheje umaze umunsi umwe, ariko nta kindi kibazo afite kuva ubu gitondo cya kare. Abandi bana na bo bafite iki kibazo. Mfasha muganga.",kinyarwanda,ROUTINE,infectious_fever,kinyarwanda->kinyarwanda:ROUTINE:infectious_fever,"{REL} afite umuriro woroheje umaze umunsi umwe, ariko nta kindi kibazo afite.","mfite umuriro woroheje umaze umunsi umwe, ariko nta kindi kibazo mfite"
"Naje hano mbere, mushiki wanjye isukari yo mu maraso ye yazamutse cyane. Byatangiye gitunguranye.",kinyarwanda,URGENT,chronic_care,kinyarwanda->kinyarwanda:URGENT:chronic_care,{REL} isukari yo mu maraso ye yazamutse cyane.,isukari yo mu maraso yanjye yazamutse cyane
"Mfasha, maze ibyumweru birenga bibiri ndwaye impiswi kuva ejo. Abandi bana na bo bafite iki kibazo. Ntabasha kubona amafaranga yo kongera kuza kwa muganga.",kinyarwanda,URGENT,gastrointestinal,kinyarwanda->kinyarwanda:URGENT:gastrointestinal,Maze ibyumweru birenga bibiri ndwaye impiswi.,Maze ibyumweru birenga bibiri ndwaye impiswi.
"Mumbabarire, ndashaka kubabwira ikibazo mfite. Umwana wanjye yaraguye none arababara cyane kuva hashize iminsi ibiri kandi nta miti mfite. Ni imiti ki nafata?",kinyarwanda,URGENT,haemorrhage_trauma,kinyarwanda->kinyarwanda:URGENT:haemorrhage_trauma,{REL} yaraguye none arababara cyane.,naraguye none ndababara cyane
"Ndakeneye ubufasha, ndashaka ko bapima umuvuduko w'amaraso kuva hashize iminsi itatu kandi ndahangayitse. Ese ibi birakomeye?",kinyarwanda,ROUTINE,preventive,kinyarwanda->kinyarwanda:ROUTINE:preventive,Ndashaka ko bapima umuvuduko w'amaraso.,Ndashaka ko bapima umuvuduko w'amaraso.
"Ndakeneye ubufasha, ndashaka guhabwa inzitiramubu. Ni imiti ki nafata?",kinyarwanda,ROUTINE,preventive,kinyarwanda->kinyarwanda:ROUTINE:preventive,Ndashaka guhabwa inzitiramubu.,Ndashaka guhabwa inzitiramubu.
"Ndakeneye ubufasha, umwana wanjye afite umuhaha kuva mu gitondo. Byatangiye gitunguranye. Mfasha muganga.",kinyarwanda,URGENT,paediatric,kinyarwanda->kinyarwanda:URGENT:paediatric,{REL} afite umuhaha.,Mfite umuhaha.
"Nzanye umwana wanjye, iminwa yanjye yahindutse ubururu kuva ejo kandi birushaho kuba bibi. Ese ibi birakomeye?",kinyarwanda,CRITICAL,cardiac_respiratory,kinyarwanda->kinyarwanda:CRITICAL:cardiac_respiratory,Iminwa yanjye yahindutse ubururu.,Iminwa yanjye yahindutse ubururu.
"Muganga, mama afite ububabare bukabije mu nda kuva ijoro ryashize bikarushaho nijoro. Ni imiti ki nafata?",kinyarwanda,URGENT,gastrointestinal,kinyarwanda->kinyarwanda:URGENT:gastrointestinal,{REL} afite ububabare bukabije mu nda.,Mfite ububabare bukabije mu nda.
"Nyabuneka, umuturanyi wanjye aratwite kandi araruka ibyo arya byose kuva hashize icyumweru. Abandi bana na bo bafite iki kibazo. Ni imiti ki nafata?",kinyarwanda,URGENT,obstetric,kinyarwanda->kinyarwanda:URGENT:obstetric,{REL} aratwite kandi araruka ibyo arya byose.,Ndatwite kandi ndaruka ibyo ndya byose.
"Nzanye umwana wanjye, ndashaka inama ku biryo byo kugaburira umwana wanjye kuva hashize iminsi itatu biragenda bikagaruka. Naje mvuye kure.",kinyarwanda,ROUTINE,preventive,kinyarwanda->kinyarwanda:ROUTINE:preventive,Ndashaka inama ku biryo byo kugaburira umwana wanjye.,Ndashaka inama ku biryo byo kugaburira umwana wanjye.
"Muganga, umuturanyi wanjye isukari yo mu maraso ye yazamutse cyane kuva ubu gitondo cya kare nta miti imfasha. Nkora iki?",kinyarwanda,URGENT,chronic_care,kinyarwanda->kinyarwanda:URGENT:chronic_care,{REL} isukari yo mu maraso ye yazamutse cyane.,isukari yo mu maraso yanjye yazamutse cyane
Ndashaka kukubwira ikibazo mfite. Ndashaka kongererwa imiti y'umuvuduko w'amaraso kuva ubu gitondo cya kare kandi sinshobora gusinzira. Murakoze.,kinyarwanda,ROUTINE,chronic_care,kinyarwanda->kinyarwanda:ROUTINE:chronic_care,Ndashaka kongererwa imiti y'umuvuduko w'amaraso.,Ndashaka kongererwa imiti y'umuvuduko w'amaraso.
"Mumbabarire, ndashaka kubabwira ikibazo mfite. Umugore wanjye afite gahunda yo gukingiza umwana nta miti imfasha. Ese ibi birakomeye?",kinyarwanda,ROUTINE,preventive,kinyarwanda->kinyarwanda:ROUTINE:preventive,{REL} afite gahunda yo gukingiza umwana.,Mfite gahunda yo gukingiza umwana.
"Muraho, narumwe n'inzoka kuva mu cyumweru gishize kandi birushaho kuba bibi. Ndakeneye ubufasha vuba.",kinyarwanda,URGENT,haemorrhage_trauma,kinyarwanda->kinyarwanda:URGENT:haemorrhage_trauma,Narumwe n'inzoka.,Narumwe n'inzoka.
Ndashaka kukubwira ikibazo mfite. Umugabo wanjye afite ububabare bukabije mu nda kuva mu gitondo kandi ndahangayitse,kinyarwanda,URGENT,gastrointestinal,kinyarwanda->kinyarwanda:URGENT:gastrointestinal,{REL} afite ububabare bukabije mu nda.,Mfite ububabare bukabije mu nda.
"Muraho, isukari yo mu maraso yanjye yazamutse cyane kuva ijoro ryashize kandi birushaho kuba bibi. Ntegereze cyangwa nsuzumwe ubu?",kinyarwanda,URGENT,chronic_care,kinyarwanda->kinyarwanda:URGENT:chronic_care,isukari yo mu maraso yanjye yazamutse cyane,isukari yo mu maraso yanjye yazamutse cyane
"Nzanye umwana wanjye, umwana wanjye afite umuhaha kuva hashize iminsi itatu kandi birushaho kuba bibi. Mfasha muganga.",kinyarwanda,URGENT,paediatric,kinyarwanda->kinyarwanda:URGENT:paediatric,{REL} afite umuhaha.,Mfite umuhaha.
"Nyabuneka, mfite umuriro woroheje umaze umunsi umwe, ariko nta kindi kibazo mfite kuva hashize iminsi ibiri kandi birushaho kuba bibi. Ni imiti ki nafata?",kinyarwanda,ROUTINE,infectious_fever,kinyarwanda->kinyarwanda:ROUTINE:infectious_fever,"mfite umuriro woroheje umaze umunsi umwe, ariko nta kindi kibazo mfite","mfite umuriro woroheje umaze umunsi umwe, ariko nta kindi kibazo mfite"
"Muganga, umugabo wanjye afite umuriro kandi umutwe uramubabaza cyane kuva hashize iminsi ibiri kandi ndahangayitse. Ese ibi birakomeye?",kinyarwanda,URGENT,infectious_fever,kinyarwanda->kinyarwanda:URGENT:infectious_fever,{REL} afite umuriro kandi umutwe uramubabaza cyane.,mfite umuriro kandi umutwe urandya cyane
"Mfasha, umwana wanjye amazuru ye aratemba gake kuva mu masaha abiri ashize. Urakoze.",kinyarwanda,ROUTINE,infectious_fever,kinyarwanda->kinyarwanda:ROUTINE:infectious_fever,{REL} amazuru ye aratemba gake.,amazuru arantemba gake
"Nzanye umwana wanjye, umugore wanjye afite gahunda yo gukingiza umwana. Byatangiye gitunguranye. Urakoze.",kinyarwanda,ROUTINE,preventive,kinyarwanda->kinyarwanda:ROUTINE:preventive,{REL} afite gahunda yo gukingiza umwana.,Mfite gahunda yo gukingiza umwana.
"Mfasha vuba, mushiki wanjye afite ubushye bunini ku mubiri kuva hashize iminsi itatu nta miti imfasha. Ni imiti ki nafata?",kinyarwanda,CRITICAL,haemorrhage_trauma,kinyarwanda->kinyarwanda:CRITICAL:haemorrhage_trauma,{REL} afite ubushye bunini ku mubiri.,Mfite ubushye bunini ku mubiri.
"Muraho, umugabo wanjye isukari yo mu maraso ye yazamutse cyane kuva ijoro ryashize bikarushaho nijoro. Murakoze.",kinyarwanda,URGENT,chronic_care,kinyarwanda->kinyarwanda:URGENT:chronic_care,{REL} isukari yo mu maraso ye yazamutse cyane.,isukari yo mu maraso yanjye yazamutse cyane
"Nyabuneka, ndashaka ko bapima ibiro by'umwana wanjye kuva ijoro ryashize. Urakoze.",kinyarwanda,ROUTINE,paediatric,kinyarwanda->kinyarwanda:ROUTINE:paediatric,Ndashaka ko bapima ibiro by'umwana wanjye.,Ndashaka ko bapima ibiro by'umwana wanjye.
"Naje hano mbere, ndashaka kujya kwa muganga kwisuzumisha diyabete kuva ejo. Ni imiti ki nafata?",kinyarwanda,ROUTINE,chronic_care,kinyarwanda->kinyarwanda:ROUTINE:chronic_care,Ndashaka kujya kwa muganga kwisuzumisha diyabete.,Ndashaka kujya kwa muganga kwisuzumisha SIDA.
"Muraho, mfite umuriro kandi numva mfite imbeho, nkeka ko ari malariya kuva mu masaha abiri ashize nta miti imfasha. Ndakeneye ubufasha vuba.",kinyarwanda,URGENT,infectious_fever,kinyarwanda->kinyarwanda:URGENT:infectious_fever,"mfite umuriro kandi numva mfite imbeho, nkeka ko ari malariya","mfite umuriro kandi numva mfite imbeho, nkeka ko ari malariya"
Umuturanyi wanjye amaze umunsi wose ari mu bubabare bwo kubyara ariko umwana ntarasohoka kuva hashize iminsi itatu. Abandi bana na bo bafite iki kibazo. Ntegereze cyangwa nsuzumwe ubu?,kinyarwanda,CRITICAL,obstetric,kinyarwanda->kinyarwanda:CRITICAL:obstetric,{REL} amaze umunsi wose ari mu bubabare bwo kubyara ariko umwana ntarasohoka.,Maze umunsi wose mbabara ngerageza kubyara ariko umwana ntarasohoka.
"Nzanye umwana wanjye, umukecuru nta miti ya SIDA afite kuva ubu gitondo cya kare. Byatangiye gitunguranye.",kinyarwanda,URGENT,chronic_care,kinyarwanda->kinyarwanda:URGENT:chronic_care,{REL} nta miti ya SIDA afite.,Nta miti ya SIDA mfite.
"Ndashaka kukubwira ikibazo mfite. Umuturanyi wanjye afite igikomere cyanduye, kiratukura kandi kirimo amashyira kuva mu gitondo bikarushaho nijoro. Ntegereze cyangwa nsuzumwe ubu?",kinyarwanda,URGENT,haemorrhage_trauma,kinyarwanda->kinyarwanda:URGENT:haemorrhage_trauma,"{REL} afite igikomere cyanduye, kiratukura kandi kirimo amashyira.","mfite igikomere cyanduye, kiratukura kandi kirimo amashyira"
"Mfasha, umwana wanjye iminwa ye yahindutse ubururu kuva hashize iminsi ibiri kandi nta miti mfite",kinyarwanda,CRITICAL,cardiac_respiratory,kinyarwanda->kinyarwanda:CRITICAL:cardiac_respiratory,{REL} iminwa ye yahindutse ubururu.,Iminwa yanjye yahindutse ubururu.
"Muraho, umuturanyi wanjye amaze iminsi itatu arwaye impiswi zikomeye kuva hashize iminsi ibiri kandi nta miti mfite. Ndakeneye ubufasha vuba.",kinyarwanda,URGENT,gastrointestinal,kinyarwanda->kinyarwanda:URGENT:gastrointestinal,{REL} amaze iminsi itatu arwaye impiswi zikomeye.,maze iminsi itatu ndwaye impiswi zikomeye
"Mfasha vuba, umugore wanjye afite ububabare bukabije mu nda kuva mu gitondo kandi ndahangayitse. Ndakeneye ubufasha vuba.",kinyarwanda,URGENT,gastrointestinal,kinyarwanda->kinyarwanda:URGENT:gastrointestinal,{REL} afite ububabare bukabije mu nda.,Mfite ububabare bukabije mu nda.
"Simbizi niba bikomeye ariko, umugore wanjye araruka amaraso kuva hashize iminsi ibiri kandi ndahangayitse. Ntegereze cyangwa nsuzumwe ubu?",kinyarwanda,CRITICAL,gastrointestinal,kinyarwanda->kinyarwanda:CRITICAL:gastrointestinal,{REL} araruka amaraso.,Ndaruka amaraso.
"Nyabuneka, papa afite umuriro mwinshi kandi arakorora cyane kuva ejo kandi nta miti mfite. Ntabasha kubona amafaranga yo kongera kuza kwa muganga.",kinyarwanda,URGENT,infectious_fever,kinyarwanda->kinyarwanda:URGENT:infectious_fever,{REL} afite umuriro mwinshi kandi arakorora cyane.,mfite umuriro mwinshi kandi ndakorora cyane
"Nzanye umwana wanjye, umwana wanjye afite ikibazo cyo kutabasha guhumeka neza, kandi uruhu rwe rwahindutse ubururu kuva ubu gitondo cya kare kandi birushaho kuba bibi. Ntegereze cyangwa nsuzumwe ubu?",kinyarwanda,CRITICAL,paediatric,kinyarwanda->kinyarwanda:CRITICAL:paediatric,"{REL} afite ikibazo cyo kutabasha guhumeka neza, kandi uruhu rwe rwahindutse ubururu","{REL} afite ikibazo cyo kutabasha guhumeka neza, kandi uruhu rwe rwahindutse ubururu"
"Mfasha vuba, ndashaka guhabwa inzitiramubu kandi nta miti mfite. Murakoze.",kinyarwanda,ROUTINE,preventive,kinyarwanda->kinyarwanda:ROUTINE:preventive,Ndashaka guhabwa inzitiramubu.,Ndashaka guhabwa inzitiramubu.
"Ndakeneye ubufasha, mfite gahunda yo gukingiza umwana kuva hashize iminsi itatu bikarushaho nijoro. Ntabasha kubona amafaranga yo kongera kuza kwa muganga.",kinyarwanda,ROUTINE,preventive,kinyarwanda->kinyarwanda:ROUTINE:preventive,Mfite gahunda yo gukingiza umwana.,Mfite gahunda yo gukingiza umwana.
"Mfasha vuba, ndashaka kongererwa imiti y'umuvuduko w'amaraso kuva ubu gitondo cya kare biragenda bikagaruka. Murakoze.",kinyarwanda,ROUTINE,chronic_care,kinyarwanda->kinyarwanda:ROUTINE:chronic_care,Ndashaka kongererwa imiti y'umuvuduko w'amaraso.,Ndashaka kongererwa imiti y'umuvuduko w'amaraso.
"Muraho, ndava amaraso menshi nyuma yo kubyara kuva hashize iminsi itatu. Byatangiye gitunguranye. Ntabasha kubona amafaranga yo kongera kuza kwa muganga.",kinyarwanda,CRITICAL,obstetric,kinyarwanda->kinyarwanda:CRITICAL:obstetric,ndava amaraso menshi nyuma yo kubyara,ndava amaraso menshi nyuma yo kubyara
"Nzanye umwana wanjye, guhumeka birangora cyane ku buryo ntabasha no kuvuga neza kandi sinshobora gusinzira. Ni imiti ki nafata?",kinyarwanda,CRITICAL,cardiac_respiratory,kinyarwanda->kinyarwanda:CRITICAL:cardiac_respiratory,Guhumeka birangora cyane ku buryo ntabasha no kuvuga neza.,Guhumeka birangora cyane ku buryo ntabasha no kuvuga neza.
"Muraho, amazuru arantemba gake kuva mu masaha abiri ashize. Abandi bana na bo bafite iki kibazo. Ntegereze cyangwa nsuzumwe ubu?",kinyarwanda,ROUTINE,infectious_fever,kinyarwanda->kinyarwanda:ROUTINE:infectious_fever,amazuru arantemba gake,amazuru arantemba gake
"Naje hano mbere, umwana wanjye afite ikibazo cyo kutabasha guhumeka neza, kandi uruhu rwe rwahindutse ubururu kuva hashize icyumweru kandi birushaho kuba bibi. Ese ibi birakomeye?",kinyarwanda,CRITICAL,paediatric,kinyarwanda->kinyarwanda:CRITICAL:paediatric,"{REL} afite ikibazo cyo kutabasha guhumeka neza, kandi uruhu rwe rwahindutse ubururu","{REL} afite ikibazo cyo kutabasha guhumeka neza, kandi uruhu rwe rwahindutse ubururu"
"Ndashaka kukubwira ikibazo mfite. Naguye, ukuguru kuragoramye ariko sinumva ko kuvunitse kuva ejo. Abandi bana na bo bafite iki kibazo. Nkora iki?",kinyarwanda,URGENT,haemorrhage_trauma,kinyarwanda->kinyarwanda:URGENT:haemorrhage_trauma,"Naguye, ukuguru kuragoramye ariko sinumva ko kuvunitse.","Naguye, ukuguru kuragoramye ariko sinumva ko kuvunitse."
"Muraho, nkorora gake ariko nta muriro mfite kuva hashize icyumweru kandi ndahangayitse. Naje mvuye kure.",kinyarwanda,ROUTINE,cardiac_respiratory,kinyarwanda->kinyarwanda:ROUTINE:cardiac_respiratory,Nkorora gake ariko nta muriro mfite.,Nkorora gake ariko nta muriro mfite.
"Mfasha, ndakorora cyane kandi guhumeka birangora kuva hashize icyumweru. Abandi bana na bo bafite iki kibazo. Ndakeneye ubufasha vuba.",kinyarwanda,URGENT,cardiac_respiratory,kinyarwanda->kinyarwanda:URGENT:cardiac_respiratory,ndakorora cyane kandi guhumeka birangora,ndakorora cyane kandi guhumeka birangora
"Mfasha, papa ashaka inama ku biryo byo kugaburira umwana we bikarushaho nijoro. Urakoze.",kinyarwanda,ROUTINE,preventive,kinyarwanda->kinyarwanda:ROUTINE:preventive,{REL} ashaka inama ku biryo byo kugaburira umwana we.,Ndashaka inama ku biryo byo kugaburira umwana wanjye.
"Ndakeneye ubufasha, umwana wanjye amazuru ye aratemba gake kuva mu masaha abiri ashize bikarushaho nijoro. Ese ibi birakomeye?",kinyarwanda,ROUTINE,infectious_fever,kinyarwanda->kinyarwanda:ROUTINE:infectious_fever,{REL} amazuru ye aratemba gake.,amazuru arantemba gake
Ndashaka kukubwira ikibazo mfite. Maze ibyumweru birenga bibiri ndwaye impiswi kuva mu masaha abiri ashize kandi nta miti mfite. Urakoze.,kinyarwanda,URGENT,gastrointestinal,kinyarwanda->kinyarwanda:URGENT:gastrointestinal,Maze ibyumweru birenga bibiri ndwaye impiswi.,Maze ibyumweru birenga bibiri ndwaye impiswi.
"Nyabuneka, mfite gahunda yo gukingiza umwana kuva hashize icyumweru bikarushaho nijoro. Ndakeneye ubufasha vuba.",kinyarwanda,ROUTINE,preventive,kinyarwanda->kinyarwanda:ROUTINE:preventive,Mfite gahunda yo gukingiza umwana.,Mfite gahunda yo gukingiza umwana.
"Ndakeneye ubufasha, umwana wanjye afite ubushye bunini ku mubiri kandi nta miti mfite. Naje mvuye kure.",kinyarwanda,CRITICAL,haemorrhage_trauma,kinyarwanda->kinyarwanda:CRITICAL:haemorrhage_trauma,{REL} afite ubushye bunini ku mubiri.,Mfite ubushye bunini ku mubiri.
Ndatwite kandi ndashaka kujya kwa muganga kwisuzumisha kuva ejo nta miti imfasha. Ntegereze cyangwa nsuzumwe ubu?,kinyarwanda,ROUTINE,obstetric,kinyarwanda->kinyarwanda:ROUTINE:obstetric,Ndatwite kandi ndashaka kujya kwa muganga kwisuzumisha.,Ndatwite kandi ndashaka kujya kwa muganga kwisuzumisha.
"Mumbabarire, ndashaka kubabwira ikibazo mfite. Umukecuru afite gahunda yo gukingiza umwana kuva hashize iminsi itatu",kinyarwanda,ROUTINE,preventive,kinyarwanda->kinyarwanda:ROUTINE:preventive,{REL} afite gahunda yo gukingiza umwana.,Mfite gahunda yo gukingiza umwana.
Ndashaka kukubwira ikibazo mfite. Umuturanyi wanjye aratwite kandi yaragagaye kuva mu masaha abiri ashize kandi ndahangayitse. Nkora iki?,kinyarwanda,CRITICAL,obstetric,kinyarwanda->kinyarwanda:CRITICAL:obstetric,{REL} aratwite kandi yaragagaye.,Ndatwite kandi nagagaye.
"Ndashaka kukubwira ikibazo mfite. Umuturanyi wanjye afite igikomere cyanduye, kiratukura kandi kirimo amashyira kuva hashize iminsi itatu bikarushaho nijoro. Murakoze.",kinyarwanda,URGENT,haemorrhage_trauma,kinyarwanda->kinyarwanda:URGENT:haemorrhage_trauma,"{REL} afite igikomere cyanduye, kiratukura kandi kirimo amashyira.","mfite igikomere cyanduye, kiratukura kandi kirimo amashyira"
"Mfasha, mushiki wanjye afite ibimenyetso bya malariya, umuriro n'imbeho kuva ubu gitondo cya kare kandi birushaho kuba bibi. Nkora iki?",kinyarwanda,URGENT,infectious_fever,kinyarwanda->kinyarwanda:URGENT:infectious_fever,"{REL} afite ibimenyetso bya malariya, umuriro n'imbeho.","Mfite ibimenyetso bya malariya, umuriro n'imbeho."
"Mumbabarire, ndashaka kubabwira ikibazo mfite. Mushiki wanjye aratwite kandi yaragagaye kuva ijoro ryashize biragenda bikagaruka. Ese ibi birakomeye?",kinyarwanda,CRITICAL,obstetric,kinyarwanda->kinyarwanda:CRITICAL:obstetric,{REL} aratwite kandi yaragagaye.,Ndatwite kandi nagagaye.
"Mfasha, mfite umuriro kandi numva mfite imbeho, nkeka ko ari malariya kuva ubu gitondo cya kare bikarushaho nijoro. Ese ibi birakomeye?",kinyarwanda,URGENT,infectious_fever,kinyarwanda->kinyarwanda:URGENT:infectious_fever,"mfite umuriro kandi numva mfite imbeho, nkeka ko ari malariya","mfite umuriro kandi numva mfite imbeho, nkeka ko ari malariya"
"Simbizi niba bikomeye ariko, umugore wanjye arakomeza kuruka kandi ntashobora kurya kuva ijoro ryashize. Abandi bana na bo bafite iki kibazo. Ndakeneye ubufasha vuba.",kinyarwanda,URGENT,gastrointestinal,kinyarwanda->kinyarwanda:URGENT:gastrointestinal,{REL} arakomeza kuruka kandi ntashobora kurya.,ndakomeza kuruka kandi sinshobora kurya
Ndashaka kukubwira ikibazo mfite. Mama ashaka ko bapima SIDA kuva hashize icyumweru. Byatangiye gitunguranye. Ndakeneye ubufasha vuba.,kinyarwanda,ROUTINE,preventive,kinyarwanda->kinyarwanda:ROUTINE:preventive,{REL} ashaka ko bapima SIDA.,Ndashaka ko bapima SIDA.
"Mfasha, iyo mpumeka, numva igituza gifashe kandi mpumeka nkumva hari ijwi ridasanzwe kuva hashize iminsi itatu. Ese ibi birakomeye?",kinyarwanda,URGENT,cardiac_respiratory,kinyarwanda->kinyarwanda:URGENT:cardiac_respiratory,"Iyo mpumeka, numva igituza gifashe kandi mpumeka nkumva hari ijwi ridasanzwe.","Iyo mpumeka, numva igituza gifashe kandi mpumeka nkumva hari ijwi ridasanzwe."
"Mfasha vuba, mushiki wanjye ari kubyara ariko umugozi w'umwana wabanje gusohoka kuva ijoro ryashize. Mfasha muganga.",kinyarwanda,CRITICAL,obstetric,kinyarwanda->kinyarwanda:CRITICAL:obstetric,{REL} ari kubyara ariko umugozi w'umwana wabanje gusohoka.,Ndabyara ariko habanje gusohoka umugozi w'umwana.
"Mushiki wanjye aratwite kandi umutwe uramubabaza cyane, kandi ntashobora kureba neza kuva hashize icyumweru. Abandi bana na bo bafite iki kibazo. Mfasha muganga.",kinyarwanda,CRITICAL,obstetric,kinyarwanda->kinyarwanda:CRITICAL:obstetric,"{REL} aratwite kandi umutwe uramubabaza cyane, kandi ntashobora kureba neza.","Ndatwite, umutwe urandya cyane kandi sinshobora kureba neza."
"Mumbabarire, ndashaka kubabwira ikibazo mfite. Ndashaka ko bapima ibiro by'umwana wanjye kuva mu cyumweru gishize. Abandi bana na bo bafite iki kibazo. Ntegereze cyangwa nsuzumwe ubu?",kinyarwanda,ROUTINE,paediatric,kinyarwanda->kinyarwanda:ROUTINE:paediatric,Ndashaka ko bapima ibiro by'umwana wanjye.,Ndashaka ko bapima ibiro by'umwana wanjye.
"Muganga, mfite umuriro mwinshi kandi nagagaye kuva mu cyumweru gishize. Byatangiye gitunguranye. Naje mvuye kure.",kinyarwanda,CRITICAL,infectious_fever,kinyarwanda->kinyarwanda:CRITICAL:infectious_fever,Mfite umuriro mwinshi kandi nagagaye.,Mfite umuriro mwinshi kandi nagagaye.
"Muraho, nkorora gake ariko nta muriro mfite kuva mu gitondo. Abandi bana na bo bafite iki kibazo. Ese ibi birakomeye?",kinyarwanda,ROUTINE,cardiac_respiratory,kinyarwanda->kinyarwanda:ROUTINE:cardiac_respiratory,Nkorora gake ariko nta muriro mfite.,Nkorora gake ariko nta muriro mfite.
"Simbizi niba bikomeye ariko, narumwe n'inzoka kuva mu masaha abiri ashize bikarushaho nijoro. Ni imiti ki nafata?",kinyarwanda,URGENT,haemorrhage_trauma,kinyarwanda->kinyarwanda:URGENT:haemorrhage_trauma,Narumwe n'inzoka.,Narumwe n'inzoka.
"Nzanye umwana wanjye, maze umunsi wose mbabara ngerageza kubyara ariko umwana ntarasohoka kuva ejo. Byatangiye gitunguranye. Naje mvuye kure.",kinyarwanda,CRITICAL,obstetric,kinyarwanda->kinyarwanda:CRITICAL:obstetric,Maze umunsi wose mbabara ngerageza kubyara ariko umwana ntarasohoka.,Maze umunsi wose mbabara ngerageza kubyara ariko umwana ntarasohoka.
"Muraho, umukecuru afite ububabare bukabije mu nda kuva mu cyumweru gishize kandi ndahangayitse. Ese ibi birakomeye?",kinyarwanda,URGENT,gastrointestinal,kinyarwanda->kinyarwanda:URGENT:gastrointestinal,{REL} afite ububabare bukabije mu nda.,Mfite ububabare bukabije mu nda.
"Mumbabarire, ndashaka kubabwira ikibazo mfite. Umwana wanjye araruka cyane kandi yumva afite intege nke kuva hashize iminsi ibiri kandi ndahangayitse. Naje mvuye kure.",kinyarwanda,URGENT,gastrointestinal,kinyarwanda->kinyarwanda:URGENT:gastrointestinal,{REL} araruka cyane kandi yumva afite intege nke.,ndaruka cyane kandi numva mfite intege nke
"Mfasha, umugabo wanjye araruka cyane kandi yumva afite intege nke kuva mu masaha abiri ashize. Abandi bana na bo bafite iki kibazo. Naje mvuye kure.",kinyarwanda,URGENT,gastrointestinal,kinyarwanda->kinyarwanda:URGENT:gastrointestinal,{REL} araruka cyane kandi yumva afite intege nke.,ndaruka cyane kandi numva mfite intege nke
"Mumbabarire, ndashaka kubabwira ikibazo mfite. Mu rugo hari umuntu urwaye igituntu kandi papa ashaka kwisuzumisha kuva hashize icyumweru bikarushaho nijoro. Ntabasha kubona amafaranga yo kongera kuza kwa muganga.",kinyarwanda,URGENT,preventive,kinyarwanda->kinyarwanda:URGENT:preventive,Mu rugo hari umuntu urwaye igituntu kandi {REL} ashaka kwisuzumisha.,Mu rugo hari umuntu urwaye igituntu kandi ndashaka kwisuzumisha.
"Mumbabarire, ndashaka kubabwira ikibazo mfite. Umuturanyi wanjye aratwite kandi araruka ibyo arya byose kuva ejo biragenda bikagaruka. Nkora iki?",kinyarwanda,URGENT,obstetric,kinyarwanda->kinyarwanda:URGENT:obstetric,{REL} aratwite kandi araruka ibyo arya byose.,Ndatwite kandi ndaruka ibyo ndya byose.
Ndashaka kukubwira ikibazo mfite. Mfite ikibazo ku mutwe kandi kirimo guterwa n'urumuri kuva ubu gitondo cya kare nta miti imfasha. Ntegereze cyangwa nsuzumwe ubu?,kinyarwanda,URGENT,neurological,kinyarwanda->kinyarwanda:URGENT:neurological,Mfite ikibazo ku mutwe kandi kirimo guterwa n'urumuri.,Mfite ikibazo ku mutwe kandi kirimo guterwa n'urumuri.
"Ndakeneye ubufasha, umwana wanjye afite umuhaha kuva hashize iminsi ibiri nta miti imfasha. Ntabasha kubona amafaranga yo kongera kuza kwa muganga.",kinyarwanda,URGENT,paediatric,kinyarwanda->kinyarwanda:URGENT:paediatric,{REL} afite umuhaha.,Mfite umuhaha.
Ndashaka kongererwa imiti y'umuvuduko w'amaraso kuva ubu gitondo cya kare kandi birushaho kuba bibi. Mfasha muganga.,kinyarwanda,ROUTINE,chronic_care,kinyarwanda->kinyarwanda:ROUTINE:chronic_care,Ndashaka kongererwa imiti y'umuvuduko w'amaraso.,Ndashaka kongererwa imiti y'umuvuduko w'amaraso.
"Mfasha, umwana wanjye afite umuhaha kuva ejo nta miti imfasha. Naje mvuye kure.",kinyarwanda,URGENT,paediatric,kinyarwanda->kinyarwanda:URGENT:paediatric,{REL} afite umuhaha.,Mfite umuhaha.
"Mfasha, mfite impiswi zirimo amaraso kuva ejo. Mfasha muganga.",kinyarwanda,URGENT,gastrointestinal,kinyarwanda->kinyarwanda:URGENT:gastrointestinal,Mfite impiswi zirimo amaraso.,Mfite impiswi zirimo amaraso.
"Simbizi niba bikomeye ariko, mu rugo hari umuntu urwaye igituntu kandi umuturanyi wanjye ashaka kwisuzumisha kuva mu gitondo. Abandi bana na bo bafite iki kibazo. Mfasha muganga.",kinyarwanda,URGENT,preventive,kinyarwanda->kinyarwanda:URGENT:preventive,Mu rugo hari umuntu urwaye igituntu kandi {REL} ashaka kwisuzumisha.,Mu rugo hari umuntu urwaye igituntu kandi ndashaka kwisuzumisha.
Mfite gahunda yo gukingiza umwana kuva mu cyumweru gishize bikarushaho nijoro. Ni imiti ki nafata?,kinyarwanda,ROUTINE,preventive,kinyarwanda->kinyarwanda:ROUTINE:preventive,Mfite gahunda yo gukingiza umwana.,Mfite gahunda yo gukingiza umwana.
"Mfasha vuba, mushiki wanjye aratwite kandi umutwe uramubabaza cyane, kandi ntashobora kureba neza kuva mu cyumweru gishize. Byatangiye gitunguranye. Naje mvuye kure.",kinyarwanda,CRITICAL,obstetric,kinyarwanda->kinyarwanda:CRITICAL:obstetric,"{REL} aratwite kandi umutwe uramubabaza cyane, kandi ntashobora kureba neza.","Ndatwite, umutwe urandya cyane kandi sinshobora kureba neza."
Mfite umuriro mwinshi kandi nagagaye kuva hashize iminsi itatu kandi birushaho kuba bibi. Ntabasha kubona amafaranga yo kongera kuza kwa muganga.,kinyarwanda,CRITICAL,infectious_fever,kinyarwanda->kinyarwanda:CRITICAL:infectious_fever,Mfite umuriro mwinshi kandi nagagaye.,Mfite umuriro mwinshi kandi nagagaye.
"Nzanye umwana wanjye, umugabo wanjye afite gahunda yo gukingiza umwana kuva hashize iminsi itatu. Byatangiye gitunguranye. Ntabasha kubona amafaranga yo kongera kuza kwa muganga.",kinyarwanda,ROUTINE,preventive,kinyarwanda->kinyarwanda:ROUTINE:preventive,{REL} afite gahunda yo gukingiza umwana.,Mfite gahunda yo gukingiza umwana.
"Muraho, mfite umuriro kandi numva mfite imbeho, nkeka ko ari malariya kuva hashize iminsi itatu. Byatangiye gitunguranye. Urakoze.",kinyarwanda,URGENT,infectious_fever,kinyarwanda->kinyarwanda:URGENT:infectious_fever,"mfite umuriro kandi numva mfite imbeho, nkeka ko ari malariya","mfite umuriro kandi numva mfite imbeho, nkeka ko ari malariya"
"Ndakeneye ubufasha, mushiki wanjye afite igikomere cyanduye, kiratukura kandi kirimo amashyira kuva ejo. Urakoze.",kinyarwanda,URGENT,haemorrhage_trauma,kinyarwanda->kinyarwanda:URGENT:haemorrhage_trauma,"{REL} afite igikomere cyanduye, kiratukura kandi kirimo amashyira.","mfite igikomere cyanduye, kiratukura kandi kirimo amashyira"
"Mfasha, isukari yo mu maraso yanjye yazamutse cyane kuva hashize iminsi itatu nta miti imfasha",kinyarwanda,URGENT,chronic_care,kinyarwanda->kinyarwanda:URGENT:chronic_care,isukari yo mu maraso yanjye yazamutse cyane,isukari yo mu maraso yanjye yazamutse cyane
"Simbizi niba bikomeye ariko, ndaruka ibyo ndya byose kandi sinshobora no kunywa kuva mu masaha abiri ashize kandi nta miti mfite. Ntegereze cyangwa nsuzumwe ubu?",kinyarwanda,CRITICAL,gastrointestinal,kinyarwanda->kinyarwanda:CRITICAL:gastrointestinal,Ndaruka ibyo ndya byose kandi sinshobora no kunywa.,Ndaruka ibyo ndya byose kandi sinshobora no kunywa.
"Nzanye umwana wanjye, naraguye none ndababara cyane kuva hashize iminsi ibiri kandi birushaho kuba bibi. Ndakeneye ubufasha vuba.",kinyarwanda,URGENT,haemorrhage_trauma,kinyarwanda->kinyarwanda:URGENT:haemorrhage_trauma,naraguye none ndababara cyane,naraguye none ndababara cyane
"Muganga, mu gituza harandya cyane kandi ububabare bukagera no ku kuboko kuva ijoro ryashize. Byatangiye gitunguranye. Ntegereze cyangwa nsuzumwe ubu?",kinyarwanda,CRITICAL,cardiac_respiratory,kinyarwanda->kinyarwanda:CRITICAL:cardiac_respiratory,mu gituza harandya cyane kandi ububabare bukagera no ku kuboko,mu gituza harandya cyane kandi ububabare bukagera no ku kuboko
"Mfasha vuba, umwana wanjye amazuru ye aratemba gake kuva hashize icyumweru kandi nta miti mfite. Ndakeneye ubufasha vuba.",kinyarwanda,ROUTINE,infectious_fever,kinyarwanda->kinyarwanda:ROUTINE:infectious_fever,{REL} amazuru ye aratemba gake.,amazuru arantemba gake
"Mumbabarire, ndashaka kubabwira ikibazo mfite. Umugabo wanjye afite gahunda yo gukingiza umwana kuva mu gitondo. Byatangiye gitunguranye. Urakoze.",kinyarwanda,ROUTINE,preventive,kinyarwanda->kinyarwanda:ROUTINE:preventive,{REL} afite gahunda yo gukingiza umwana.,Mfite gahunda yo gukingiza umwana.
"Naje hano mbere, umugore wanjye aratwite kandi yaragagaye kuva mu masaha abiri ashize biragenda bikagaruka. Nkora iki?",kinyarwanda,CRITICAL,obstetric,kinyarwanda->kinyarwanda:CRITICAL:obstetric,{REL} aratwite kandi yaragagaye.,Ndatwite kandi nagagaye.
"Mfasha vuba, mushiki wanjye aratwite kandi ashaka kwisuzumisha kwa muganga bwa mbere kuva mu cyumweru gishize kandi birushaho kuba bibi. Naje mvuye kure.",kinyarwanda,ROUTINE,preventive,kinyarwanda->kinyarwanda:ROUTINE:preventive,{REL} aratwite kandi ashaka kwisuzumisha kwa muganga bwa mbere.,Ndatwite kandi ndashaka kwisuzumisha kwa muganga bwa mbere.
"Mfasha, umugore wanjye iminwa ye yahindutse ubururu kuva ijoro ryashize kandi ndahangayitse. Mfasha muganga.",kinyarwanda,CRITICAL,cardiac_respiratory,kinyarwanda->kinyarwanda:CRITICAL:cardiac_respiratory,{REL} iminwa ye yahindutse ubururu.,Iminwa yanjye yahindutse ubururu.
Ndashaka kukubwira ikibazo mfite. Maze ibyumweru birenga bibiri ndwaye impiswi kuva hashize iminsi ibiri biragenda bikagaruka. Ntegereze cyangwa nsuzumwe ubu?,kinyarwanda,URGENT,gastrointestinal,kinyarwanda->kinyarwanda:URGENT:gastrointestinal,Maze ibyumweru birenga bibiri ndwaye impiswi.,Maze ibyumweru birenga bibiri ndwaye impiswi.
Mushiki wanjye isukari yo mu maraso ye yazamutse cyane kuva mu masaha abiri ashize kandi birushaho kuba bibi. Ntabasha kubona amafaranga yo kongera kuza kwa muganga.,kinyarwanda,URGENT,chronic_care,kinyarwanda->kinyarwanda:URGENT:chronic_care,{REL} isukari yo mu maraso ye yazamutse cyane.,isukari yo mu maraso yanjye yazamutse cyane
Mfite umuriro mwinshi kandi nagagaye kuva mu masaha abiri ashize bikarushaho nijoro. Mfasha muganga.,kinyarwanda,CRITICAL,infectious_fever,kinyarwanda->kinyarwanda:CRITICAL:infectious_fever,Mfite umuriro mwinshi kandi nagagaye.,Mfite umuriro mwinshi kandi nagagaye.
"Simbizi niba bikomeye ariko, mama amaze umunsi wose ari mu bubabare bwo kubyara ariko umwana ntarasohoka biragenda bikagaruka",kinyarwanda,CRITICAL,obstetric,kinyarwanda->kinyarwanda:CRITICAL:obstetric,{REL} amaze umunsi wose ari mu bubabare bwo kubyara ariko umwana ntarasohoka.,Maze umunsi wose mbabara ngerageza kubyara ariko umwana ntarasohoka.
"Naje hano mbere, nta miti y'igituntu mfite kuva mu cyumweru gishize. Abandi bana na bo bafite iki kibazo. Ndakeneye ubufasha vuba.",kinyarwanda,URGENT,chronic_care,kinyarwanda->kinyarwanda:URGENT:chronic_care,Nta miti y'igituntu mfite.,Nta miti y'igituntu mfite.
"Simbizi niba bikomeye ariko, mu rugo hari umuntu urwaye igituntu kandi papa ashaka kwisuzumisha kuva mu masaha abiri ashize. Byatangiye gitunguranye. Ndakeneye ubufasha vuba.",kinyarwanda,URGENT,preventive,kinyarwanda->kinyarwanda:URGENT:preventive,Mu rugo hari umuntu urwaye igituntu kandi {REL} ashaka kwisuzumisha.,Mu rugo hari umuntu urwaye igituntu kandi ndashaka kwisuzumisha.
"Simbizi niba bikomeye ariko, ndashaka kugirwa inama uko nakonsa umwana kuva ejo biragenda bikagaruka. Ni imiti ki nafata?",kinyarwanda,ROUTINE,obstetric,kinyarwanda->kinyarwanda:ROUTINE:obstetric,Ndashaka kugirwa inama uko nakonsa umwana.,Ndashaka kugirwa inama uko nakonsa umwana.
Mfite gahunda yo gukingiza umwana kuva hashize iminsi ibiri kandi ndahangayitse. Murakoze.,kinyarwanda,ROUTINE,preventive,kinyarwanda->kinyarwanda:ROUTINE:preventive,Mfite gahunda yo gukingiza umwana.,Mfite gahunda yo gukingiza umwana.
"Ndakeneye ubufasha, mushiki wanjye aratwite kandi ashaka kwisuzumisha kwa muganga bwa mbere biragenda bikagaruka. Ntegereze cyangwa nsuzumwe ubu?",kinyarwanda,ROUTINE,preventive,kinyarwanda->kinyarwanda:ROUTINE:preventive,{REL} aratwite kandi ashaka kwisuzumisha kwa muganga bwa mbere.,Ndatwite kandi ndashaka kwisuzumisha kwa muganga bwa mbere.
"Muraho, ndashaka inama ku biryo byo kugaburira umwana wanjye kuva mu masaha abiri ashize. Ndakeneye ubufasha vuba.",kinyarwanda,ROUTINE,preventive,kinyarwanda->kinyarwanda:ROUTINE:preventive,Ndashaka inama ku biryo byo kugaburira umwana wanjye.,Ndashaka inama ku biryo byo kugaburira umwana wanjye.
"Nyabuneka, umutima uratera cyane kandi nkumva umeze nk'aho uhagarara kuva hashize iminsi ibiri bikarushaho nijoro. Ese ibi birakomeye?",kinyarwanda,CRITICAL,cardiac_respiratory,kinyarwanda->kinyarwanda:CRITICAL:cardiac_respiratory,umutima uratera cyane kandi nkumva umeze nk'aho uhagarara,umutima uratera cyane kandi nkumva umeze nk'aho uhagarara
"Muraho, mfite umuriro kandi numva mfite imbeho, nkeka ko ari malariya kuva ijoro ryashize. Byatangiye gitunguranye. Ntegereze cyangwa nsuzumwe ubu?",kinyarwanda,URGENT,infectious_fever,kinyarwanda->kinyarwanda:URGENT:infectious_fever,"mfite umuriro kandi numva mfite imbeho, nkeka ko ari malariya","mfite umuriro kandi numva mfite imbeho, nkeka ko ari malariya"
"Ndakeneye ubufasha, umugore wanjye nta miti ya SIDA afite kuva ejo bikarushaho nijoro. Ndakeneye ubufasha vuba.",kinyarwanda,URGENT,chronic_care,kinyarwanda->kinyarwanda:URGENT:chronic_care,{REL} nta miti ya SIDA afite.,Nta miti ya SIDA mfite.
"Naje hano mbere, mfite igisebe ku kirenge kidakira kandi mfite diyabete kuva hashize iminsi ibiri kandi nta miti mfite. Murakoze.",kinyarwanda,URGENT,chronic_care,kinyarwanda->kinyarwanda:URGENT:chronic_care,Mfite igisebe ku kirenge kidakira kandi mfite diyabete.,Mfite igisebe ku kirenge kidakira kandi mfite diyabete.
"Mfasha, papa ashaka ko bapima SIDA kuva ubu gitondo cya kare kandi nta miti mfite. Murakoze.",kinyarwanda,ROUTINE,preventive,kinyarwanda->kinyarwanda:ROUTINE:preventive,{REL} ashaka ko bapima SIDA.,Ndashaka ko bapima SIDA.
Ndashaka kukubwira ikibazo mfite. Umwana wanjye afite umuriro mwinshi kandi arakorora cyane kuva hashize iminsi ibiri kandi ndahangayitse. Ntegereze cyangwa nsuzumwe ubu?,kinyarwanda,URGENT,infectious_fever,kinyarwanda->kinyarwanda:URGENT:infectious_fever,{REL} afite umuriro mwinshi kandi arakorora cyane.,mfite umuriro mwinshi kandi ndakorora cyane
"Mfasha vuba, mfite umuriro mwinshi kandi nagagaye kuva hashize icyumweru. Byatangiye gitunguranye. Ni imiti ki nafata?",kinyarwanda,CRITICAL,infectious_fever,kinyarwanda->kinyarwanda:CRITICAL:infectious_fever,Mfite umuriro mwinshi kandi nagagaye.,Mfite umuriro mwinshi kandi nagagaye.
"Simbizi niba bikomeye ariko, papa umutima we utera cyane kandi yumva umeze nk'aho uhagarara kuva ubu gitondo cya kare kandi birushaho kuba bibi. Nkora iki?",kinyarwanda,CRITICAL,cardiac_respiratory,kinyarwanda->kinyarwanda:CRITICAL:cardiac_respiratory,{REL} umutima we utera cyane kandi yumva umeze nk'aho uhagarara.,umutima uratera cyane kandi nkumva umeze nk'aho uhagarara
"Nzanye umwana wanjye, mfite igikomere cyanduye, kiratukura kandi kirimo amashyira kuva mu gitondo. Abandi bana na bo bafite iki kibazo. Ndakeneye ubufasha vuba.",kinyarwanda,URGENT,haemorrhage_trauma,kinyarwanda->kinyarwanda:URGENT:haemorrhage_trauma,"mfite igikomere cyanduye, kiratukura kandi kirimo amashyira","mfite igikomere cyanduye, kiratukura kandi kirimo amashyira"
Ndashaka kukubwira ikibazo mfite. Mfite igikomere gito kandi amaraso yarahagaze kuva hashize iminsi ibiri. Abandi bana na bo bafite iki kibazo. Ntegereze cyangwa nsuzumwe ubu?,kinyarwanda,ROUTINE,haemorrhage_trauma,kinyarwanda->kinyarwanda:ROUTINE:haemorrhage_trauma,Mfite igikomere gito kandi amaraso yarahagaze.,Mfite igikomere gito kandi amaraso yarahagaze.
Ndashaka kukubwira ikibazo mfite. Amazuru arantemba gake kuva ubu gitondo cya kare. Abandi bana na bo bafite iki kibazo. Urakoze.,kinyarwanda,ROUTINE,infectious_fever,kinyarwanda->kinyarwanda:ROUTINE:infectious_fever,amazuru arantemba gake,amazuru arantemba gake
"Mumbabarire, ndashaka kubabwira ikibazo mfite. Isukari yo mu maraso yanjye yazamutse cyane kuva hashize iminsi ibiri kandi ndahangayitse. Ntegereze cyangwa nsuzumwe ubu?",kinyarwanda,URGENT,chronic_care,kinyarwanda->kinyarwanda:URGENT:chronic_care,isukari yo mu maraso yanjye yazamutse cyane,isukari yo mu maraso yanjye yazamutse cyane
"Muganga, umuturanyi wanjye aratwite kandi ashaka kwisuzumisha kwa muganga bwa mbere kuva mu gitondo. Byatangiye gitunguranye. Ni imiti ki nafata?",kinyarwanda,ROUTINE,preventive,kinyarwanda->kinyarwanda:ROUTINE:preventive,{REL} aratwite kandi ashaka kwisuzumisha kwa muganga bwa mbere.,Ndatwite kandi ndashaka kwisuzumisha kwa muganga bwa mbere.
"Simbizi niba bikomeye ariko, umuturanyi wanjye ashaka ko bapima ibiro by'umwana we kuva ubu gitondo cya kare. Murakoze.",kinyarwanda,ROUTINE,paediatric,kinyarwanda->kinyarwanda:ROUTINE:paediatric,{REL} ashaka ko bapima ibiro by'umwana we.,Ndashaka ko bapima ibiro by'umwana wanjye.
"Muraho, naguye, ukuguru kuragoramye ariko sinumva ko kuvunitse kuva hashize iminsi itatu kandi ndahangayitse",kinyarwanda,URGENT,haemorrhage_trauma,kinyarwanda->kinyarwanda:URGENT:haemorrhage_trauma,"Naguye, ukuguru kuragoramye ariko sinumva ko kuvunitse.","Naguye, ukuguru kuragoramye ariko sinumva ko kuvunitse."
"Mfasha vuba, ndatwite kandi ndashaka kujya kwa muganga kwisuzumisha kuva mu gitondo kandi birushaho kuba bibi. Ese ibi birakomeye?",kinyarwanda,ROUTINE,obstetric,kinyarwanda->kinyarwanda:ROUTINE:obstetric,Ndatwite kandi ndashaka kujya kwa muganga kwisuzumisha.,Ndatwite kandi ndashaka kujya kwa muganga kwisuzumisha.
"Nyabuneka, ndatwite kandi ndashaka kujya kwa muganga kwisuzumisha kuva hashize iminsi itatu. Abandi bana na bo bafite iki kibazo. Ntabasha kubona amafaranga yo kongera kuza kwa muganga.",kinyarwanda,ROUTINE,obstetric,kinyarwanda->kinyarwanda:ROUTINE:obstetric,Ndatwite kandi ndashaka kujya kwa muganga kwisuzumisha.,Ndatwite kandi ndashaka kujya kwa muganga kwisuzumisha.
"Simbizi niba bikomeye ariko, papa ashaka kugirwa inama ku mazi yo kunywa kuva ubu gitondo cya kare nta miti imfasha",kinyarwanda,ROUTINE,preventive,kinyarwanda->kinyarwanda:ROUTINE:preventive,{REL} ashaka kugirwa inama ku mazi yo kunywa.,Ndashaka kugirwa inama ku mazi yo kunywa.
Ndashaka kukubwira ikibazo mfite. Ndashaka kujya kwa muganga kwisuzumisha diyabete kuva mu gitondo bikarushaho nijoro. Mfasha muganga.,kinyarwanda,ROUTINE,chronic_care,kinyarwanda->kinyarwanda:ROUTINE:chronic_care,Ndashaka kujya kwa muganga kwisuzumisha diyabete.,Ndashaka kujya kwa muganga kwisuzumisha SIDA.
"Muraho, isukari yo mu maraso yanjye yazamutse cyane kuva mu cyumweru gishize biragenda bikagaruka",kinyarwanda,URGENT,chronic_care,kinyarwanda->kinyarwanda:URGENT:chronic_care,isukari yo mu maraso yanjye yazamutse cyane,isukari yo mu maraso yanjye yazamutse cyane
"Ndakeneye ubufasha, narumwe n'inzoka kuva ejo kandi ndahangayitse. Ese ibi birakomeye?",kinyarwanda,URGENT,haemorrhage_trauma,kinyarwanda->kinyarwanda:URGENT:haemorrhage_trauma,Narumwe n'inzoka.,Narumwe n'inzoka.
"Mfasha vuba, ndabyara ariko habanje gusohoka umugozi w'umwana kuva mu gitondo biragenda bikagaruka. Naje mvuye kure.",kinyarwanda,CRITICAL,obstetric,kinyarwanda->kinyarwanda:CRITICAL:obstetric,Ndabyara ariko habanje gusohoka umugozi w'umwana.,Ndabyara ariko habanje gusohoka umugozi w'umwana.
"Simbizi niba bikomeye ariko, naguye, ukuguru kuragoramye ariko sinumva ko kuvunitse kuva ejo. Byatangiye gitunguranye.",kinyarwanda,URGENT,haemorrhage_trauma,kinyarwanda->kinyarwanda:URGENT:haemorrhage_trauma,"Naguye, ukuguru kuragoramye ariko sinumva ko kuvunitse.","Naguye, ukuguru kuragoramye ariko sinumva ko kuvunitse."
"Nyabuneka, umugore wanjye ntashobora kuvuga neza kandi umunwa we waragoramye kuva ijoro ryashize kandi ndahangayitse. Ntegereze cyangwa nsuzumwe ubu?",kinyarwanda,CRITICAL,neurological,kinyarwanda->kinyarwanda:CRITICAL:neurological,{REL} ntashobora kuvuga neza kandi umunwa we waragoramye.,{REL} ntashobora kuvuga neza kandi umunwa we waragoramye.
"Muganga, papa umutima we utera cyane kandi yumva umeze nk'aho uhagarara nta miti imfasha. Naje mvuye kure.",kinyarwanda,CRITICAL,cardiac_respiratory,kinyarwanda->kinyarwanda:CRITICAL:cardiac_respiratory,{REL} umutima we utera cyane kandi yumva umeze nk'aho uhagarara.,umutima uratera cyane kandi nkumva umeze nk'aho uhagarara
Maze ibyumweru birenga bibiri ndwaye impiswi kuva ejo. Byatangiye gitunguranye. Murakoze.,kinyarwanda,URGENT,gastrointestinal,kinyarwanda->kinyarwanda:URGENT:gastrointestinal,Maze ibyumweru birenga bibiri ndwaye impiswi.,Maze ibyumweru birenga bibiri ndwaye impiswi.
Ndashaka kukubwira ikibazo mfite. Mfite impiswi zirimo amaraso. Abandi bana na bo bafite iki kibazo. Naje mvuye kure.,kinyarwanda,URGENT,gastrointestinal,kinyarwanda->kinyarwanda:URGENT:gastrointestinal,Mfite impiswi zirimo amaraso.,Mfite impiswi zirimo amaraso.
"Nzanye umwana wanjye, ndakorora cyane kandi guhumeka birangora bikarushaho nijoro. Nkora iki?",kinyarwanda,URGENT,cardiac_respiratory,kinyarwanda->kinyarwanda:URGENT:cardiac_respiratory,ndakorora cyane kandi guhumeka birangora,ndakorora cyane kandi guhumeka birangora
"Muraho, mfite igikomere gito kandi amaraso yarahagaze kuva ijoro ryashize nta miti imfasha. Murakoze.",kinyarwanda,ROUTINE,haemorrhage_trauma,kinyarwanda->kinyarwanda:ROUTINE:haemorrhage_trauma,Mfite igikomere gito kandi amaraso yarahagaze.,Mfite igikomere gito kandi amaraso yarahagaze.
"Mumbabarire, ndashaka kubabwira ikibazo mfite. Ndashaka imiti y'inzoka y'umwana wanjye kuva hashize icyumweru. Ni imiti ki nafata?",kinyarwanda,ROUTINE,preventive,kinyarwanda->kinyarwanda:ROUTINE:preventive,Ndashaka imiti y'inzoka y'umwana wanjye.,Ndashaka imiti y'inzoka y'umwana wanjye.
"Muraho, umwana wanjye afite ibimenyetso bya malariya, umuriro n'imbeho kuva hashize iminsi ibiri",kinyarwanda,URGENT,infectious_fever,kinyarwanda->kinyarwanda:URGENT:infectious_fever,"{REL} afite ibimenyetso bya malariya, umuriro n'imbeho.","Mfite ibimenyetso bya malariya, umuriro n'imbeho."
"Mumbabarire, ndashaka kubabwira ikibazo mfite. Iyo umwana wanjye amaze kurya, yumva inda itameze neza kuva hashize iminsi itatu. Ese ibi birakomeye?",kinyarwanda,ROUTINE,gastrointestinal,kinyarwanda->kinyarwanda:ROUTINE:gastrointestinal,"Iyo {REL} amaze kurya, yumva inda itameze neza.","Iyo {REL} amaze kurya, yumva inda itameze neza."
"Muraho, umukecuru afite gahunda yo gukingiza umwana kuva ubu gitondo cya kare bikarushaho nijoro. Ntabasha kubona amafaranga yo kongera kuza kwa muganga.",kinyarwanda,ROUTINE,preventive,kinyarwanda->kinyarwanda:ROUTINE:preventive,{REL} afite gahunda yo gukingiza umwana.,Mfite gahunda yo gukingiza umwana.
Amazuru arantemba gake kuva ejo. Mfasha muganga.,kinyarwanda,ROUTINE,infectious_fever,kinyarwanda->kinyarwanda:ROUTINE:infectious_fever,amazuru arantemba gake,amazuru arantemba gake
"Nzanye umwana wanjye, ndatwite kandi ndashaka kujya kwa muganga kwisuzumisha kuva ubu gitondo cya kare bikarushaho nijoro. Ntabasha kubona amafaranga yo kongera kuza kwa muganga.",kinyarwanda,ROUTINE,obstetric,kinyarwanda->kinyarwanda:ROUTINE:obstetric,Ndatwite kandi ndashaka kujya kwa muganga kwisuzumisha.,Ndatwite kandi ndashaka kujya kwa muganga kwisuzumisha.
"Mumbabarire, ndashaka kubabwira ikibazo mfite. Umwana wanjye afite umuhaha kuva mu masaha abiri ashize nta miti imfasha. Ese ibi birakomeye?",kinyarwanda,URGENT,paediatric,kinyarwanda->kinyarwanda:URGENT:paediatric,{REL} afite umuhaha.,Mfite umuhaha.
"Simbizi niba bikomeye ariko, mfite igikomere gikomeye kirimo kuva amaraso menshi kuva hashize iminsi itatu kandi ndahangayitse. Ese ibi birakomeye?",kinyarwanda,CRITICAL,haemorrhage_trauma,kinyarwanda->kinyarwanda:CRITICAL:haemorrhage_trauma,mfite igikomere gikomeye kirimo kuva amaraso menshi,mfite igikomere gikomeye kirimo kuva amaraso menshi
"Muraho, umugore wanjye aratwite kandi yaragagaye kuva ubu gitondo cya kare biragenda bikagaruka. Ntabasha kubona amafaranga yo kongera kuza kwa muganga.",kinyarwanda,CRITICAL,obstetric,kinyarwanda->kinyarwanda:CRITICAL:obstetric,{REL} aratwite kandi yaragagaye.,Ndatwite kandi nagagaye.
"Ndakeneye ubufasha, umwana wanjye amazuru ye aratemba gake kuva hashize iminsi itatu kandi ndahangayitse. Naje mvuye kure.",kinyarwanda,ROUTINE,infectious_fever,kinyarwanda->kinyarwanda:ROUTINE:infectious_fever,{REL} amazuru ye aratemba gake.,amazuru arantemba gake
"Simbizi niba bikomeye ariko, mfite igikomere gito kandi amaraso yarahagaze kuva hashize iminsi itatu nta miti imfasha. Ntegereze cyangwa nsuzumwe ubu?",kinyarwanda,ROUTINE,haemorrhage_trauma,kinyarwanda->kinyarwanda:ROUTINE:haemorrhage_trauma,Mfite igikomere gito kandi amaraso yarahagaze.,Mfite igikomere gito kandi amaraso yarahagaze.
"Mfasha, umwana wanjye nta miti ya SIDA afite kuva mu cyumweru gishize nta miti imfasha. Urakoze.",kinyarwanda,URGENT,chronic_care,kinyarwanda->kinyarwanda:URGENT:chronic_care,{REL} nta miti ya SIDA afite.,Nta miti ya SIDA mfite.
"Simbizi niba bikomeye ariko, iyo umwana wanjye amaze kurya, yumva inda itameze neza kuva ijoro ryashize nta miti imfasha. Ntabasha kubona amafaranga yo kongera kuza kwa muganga.",kinyarwanda,ROUTINE,gastrointestinal,kinyarwanda->kinyarwanda:ROUTINE:gastrointestinal,"Iyo {REL} amaze kurya, yumva inda itameze neza.","Iyo {REL} amaze kurya, yumva inda itameze neza."
Nta miti y'igituntu mfite kuva mu cyumweru gishize. Byatangiye gitunguranye. Ntegereze cyangwa nsuzumwe ubu?,kinyarwanda,URGENT,chronic_care,kinyarwanda->kinyarwanda:URGENT:chronic_care,Nta miti y'igituntu mfite.,Nta miti y'igituntu mfite.
"Muraho, papa ashaka ko bapima ibiro by'umwana we kuva ijoro ryashize nta miti imfasha. Ntegereze cyangwa nsuzumwe ubu?",kinyarwanda,ROUTINE,paediatric,kinyarwanda->kinyarwanda:ROUTINE:paediatric,{REL} ashaka ko bapima ibiro by'umwana we.,Ndashaka ko bapima ibiro by'umwana wanjye.
Ndashaka kukubwira ikibazo mfite. Mfite umuhaha kuva hashize icyumweru kandi sinshobora gusinzira. Ni imiti ki nafata?,kinyarwanda,URGENT,paediatric,kinyarwanda->kinyarwanda:URGENT:paediatric,Mfite umuhaha.,Mfite umuhaha.
"Simbizi niba bikomeye ariko, ndashaka ko bapima umuvuduko w'amaraso kuva mu cyumweru gishize kandi ndahangayitse. Naje mvuye kure.",kinyarwanda,ROUTINE,preventive,kinyarwanda->kinyarwanda:ROUTINE:preventive,Ndashaka ko bapima umuvuduko w'amaraso.,Ndashaka ko bapima umuvuduko w'amaraso.
"Simbizi niba bikomeye ariko, ndashaka kujya kwa muganga kwisuzumisha diyabete. Abandi bana na bo bafite iki kibazo. Nkora iki?",kinyarwanda,ROUTINE,chronic_care,kinyarwanda->kinyarwanda:ROUTINE:chronic_care,Ndashaka kujya kwa muganga kwisuzumisha diyabete.,Ndashaka kujya kwa muganga kwisuzumisha SIDA.
"Muganga, papa nta miti ya SIDA afite kuva ijoro ryashize kandi ndahangayitse. Ese ibi birakomeye?",kinyarwanda,URGENT,chronic_care,kinyarwanda->kinyarwanda:URGENT:chronic_care,{REL} nta miti ya SIDA afite.,Nta miti ya SIDA mfite.
Umugabo wanjye arakomeza kuruka kandi ntashobora kurya kandi nta miti mfite,kinyarwanda,URGENT,gastrointestinal,kinyarwanda->kinyarwanda:URGENT:gastrointestinal,{REL} arakomeza kuruka kandi ntashobora kurya.,ndakomeza kuruka kandi sinshobora kurya
"Mfasha, ndakorora cyane kandi guhumeka birangora kuva ejo. Byatangiye gitunguranye. Ese ibi birakomeye?",kinyarwanda,URGENT,cardiac_respiratory,kinyarwanda->kinyarwanda:URGENT:cardiac_respiratory,ndakorora cyane kandi guhumeka birangora,ndakorora cyane kandi guhumeka birangora
"Naje hano mbere, umwana wanjye akorora gake ariko nta muriro afite kuva ubu gitondo cya kare kandi sinshobora gusinzira. Mfasha muganga.",kinyarwanda,ROUTINE,cardiac_respiratory,kinyarwanda->kinyarwanda:ROUTINE:cardiac_respiratory,{REL} akorora gake ariko nta muriro afite.,Nkorora gake ariko nta muriro mfite.
"Muraho, mushiki wanjye aratwite kandi umutwe uramubabaza cyane, kandi ntashobora kureba neza kuva hashize iminsi ibiri bikarushaho nijoro",kinyarwanda,CRITICAL,obstetric,kinyarwanda->kinyarwanda:CRITICAL:obstetric,"{REL} aratwite kandi umutwe uramubabaza cyane, kandi ntashobora kureba neza.","Ndatwite, umutwe urandya cyane kandi sinshobora kureba neza."
"Mfasha, isukari yo mu maraso yanjye yazamutse cyane kuva ubu gitondo cya kare kandi nta miti mfite. Nkora iki?",kinyarwanda,URGENT,chronic_care,kinyarwanda->kinyarwanda:URGENT:chronic_care,isukari yo mu maraso yanjye yazamutse cyane,isukari yo mu maraso yanjye yazamutse cyane
"Mfasha vuba, mfite ibimenyetso bya malariya, umuriro n'imbeho kuva hashize iminsi ibiri kandi nta miti mfite. Ntegereze cyangwa nsuzumwe ubu?",kinyarwanda,URGENT,infectious_fever,kinyarwanda->kinyarwanda:URGENT:infectious_fever,"Mfite ibimenyetso bya malariya, umuriro n'imbeho.","Mfite ibimenyetso bya malariya, umuriro n'imbeho."
"Muraho, umwana wanjye amazuru ye aratemba gake kuva hashize icyumweru biragenda bikagaruka. Nkora iki?",kinyarwanda,ROUTINE,infectious_fever,kinyarwanda->kinyarwanda:ROUTINE:infectious_fever,{REL} amazuru ye aratemba gake.,amazuru arantemba gake
"Muraho, mfite umuriro kandi numva mfite imbeho, nkeka ko ari malariya kuva ijoro ryashize kandi sinshobora gusinzira. Ni imiti ki nafata?",kinyarwanda,URGENT,infectious_fever,kinyarwanda->kinyarwanda:URGENT:infectious_fever,"mfite umuriro kandi numva mfite imbeho, nkeka ko ari malariya","mfite umuriro kandi numva mfite imbeho, nkeka ko ari malariya"
"Simbizi niba bikomeye ariko, umugore wanjye aratwite kandi umutwe uramubabaza cyane, kandi ntashobora kureba neza kuva mu masaha abiri ashize kandi birushaho kuba bibi. Nkora iki?",kinyarwanda,CRITICAL,obstetric,kinyarwanda->kinyarwanda:CRITICAL:obstetric,"{REL} aratwite kandi umutwe uramubabaza cyane, kandi ntashobora kureba neza.","Ndatwite, umutwe urandya cyane kandi sinshobora kureba neza."
"Naje hano mbere, mushiki wanjye aratwite kandi araruka ibyo arya byose kuva mu masaha abiri ashize. Byatangiye gitunguranye. Ntabasha kubona amafaranga yo kongera kuza kwa muganga.",kinyarwanda,URGENT,obstetric,kinyarwanda->kinyarwanda:URGENT:obstetric,{REL} aratwite kandi araruka ibyo arya byose.,Ndatwite kandi ndaruka ibyo ndya byose.
Ndashaka ko bapima ibiro by'umwana wanjye kuva hashize iminsi ibiri. Byatangiye gitunguranye. Naje mvuye kure.,kinyarwanda,ROUTINE,paediatric,kinyarwanda->kinyarwanda:ROUTINE:paediatric,Ndashaka ko bapima ibiro by'umwana wanjye.,Ndashaka ko bapima ibiro by'umwana wanjye.
Ndashaka kukubwira ikibazo mfite. Ndashaka kugirwa inama uko nakonsa umwana kuva ubu gitondo cya kare nta miti imfasha,kinyarwanda,ROUTINE,obstetric,kinyarwanda->kinyarwanda:ROUTINE:obstetric,Ndashaka kugirwa inama uko nakonsa umwana.,Ndashaka kugirwa inama uko nakonsa umwana.
"Nzanye umwana wanjye, mfite umwanda usa umukara kuva ubu gitondo cya kare kandi nta miti mfite. Nkora iki?",kinyarwanda,CRITICAL,gastrointestinal,kinyarwanda->kinyarwanda:CRITICAL:gastrointestinal,Mfite umwanda usa umukara.,Mfite umwanda usa umukara.
"Ndakeneye ubufasha, ndava amaraso menshi nyuma yo kubyara kuva mu gitondo kandi ndahangayitse. Nkora iki?",kinyarwanda,CRITICAL,obstetric,kinyarwanda->kinyarwanda:CRITICAL:obstetric,ndava amaraso menshi nyuma yo kubyara,ndava amaraso menshi nyuma yo kubyara
"Nzanye umwana wanjye, ndatwite kandi ndaruka ibyo ndya byose kuva ubu gitondo cya kare bikarushaho nijoro. Naje mvuye kure.",kinyarwanda,URGENT,obstetric,kinyarwanda->kinyarwanda:URGENT:obstetric,Ndatwite kandi ndaruka ibyo ndya byose.,Ndatwite kandi ndaruka ibyo ndya byose.
"Mumbabarire, ndashaka kubabwira ikibazo mfite. Ndava amaraso menshi nyuma yo kubyara kuva hashize icyumweru. Byatangiye gitunguranye. Mfasha muganga.",kinyarwanda,CRITICAL,obstetric,kinyarwanda->kinyarwanda:CRITICAL:obstetric,ndava amaraso menshi nyuma yo kubyara,ndava amaraso menshi nyuma yo kubyara
"Simbizi niba bikomeye ariko, umutima uratera cyane kandi nkumva umeze nk'aho uhagarara. Ese ibi birakomeye?",kinyarwanda,CRITICAL,cardiac_respiratory,kinyarwanda->kinyarwanda:CRITICAL:cardiac_respiratory,umutima uratera cyane kandi nkumva umeze nk'aho uhagarara,umutima uratera cyane kandi nkumva umeze nk'aho uhagarara
"Muganga, mushiki wanjye ashaka inama ku biryo byo kugaburira umwana we kuva hashize icyumweru kandi birushaho kuba bibi. Naje mvuye kure.",kinyarwanda,ROUTINE,preventive,kinyarwanda->kinyarwanda:ROUTINE:preventive,{REL} ashaka inama ku biryo byo kugaburira umwana we.,Ndashaka inama ku biryo byo kugaburira umwana wanjye.
"Mumbabarire, ndashaka kubabwira ikibazo mfite. Umugore wanjye afite gahunda yo gukingiza umwana kuva hashize iminsi itatu. Ntegereze cyangwa nsuzumwe ubu?",kinyarwanda,ROUTINE,preventive,kinyarwanda->kinyarwanda:ROUTINE:preventive,{REL} afite gahunda yo gukingiza umwana.,Mfite gahunda yo gukingiza umwana.
"Mumbabarire, ndashaka kubabwira ikibazo mfite. Umukecuru afite ubushye bunini ku mubiri kuva ubu gitondo cya kare kandi nta miti mfite. Nkora iki?",kinyarwanda,CRITICAL,haemorrhage_trauma,kinyarwanda->kinyarwanda:CRITICAL:haemorrhage_trauma,{REL} afite ubushye bunini ku mubiri.,Mfite ubushye bunini ku mubiri.
Isukari yo mu maraso yanjye yazamutse cyane kuva hashize iminsi itatu kandi birushaho kuba bibi. Urakoze.,kinyarwanda,URGENT,chronic_care,kinyarwanda->kinyarwanda:URGENT:chronic_care,isukari yo mu maraso yanjye yazamutse cyane,isukari yo mu maraso yanjye yazamutse cyane
"Simbizi niba bikomeye ariko, mama ari kubyara ariko umugozi w'umwana wabanje gusohoka kuva hashize iminsi itatu kandi birushaho kuba bibi. Naje mvuye kure.",kinyarwanda,CRITICAL,obstetric,kinyarwanda->kinyarwanda:CRITICAL:obstetric,{REL} ari kubyara ariko umugozi w'umwana wabanje gusohoka.,Ndabyara ariko habanje gusohoka umugozi w'umwana.
Ndashaka kukubwira ikibazo mfite. Ndashaka ko bapima ibiro by'umwana wanjye kuva mu gitondo. Byatangiye gitunguranye. Nkora iki?,kinyarwanda,ROUTINE,paediatric,kinyarwanda->kinyarwanda:ROUTINE:paediatric,Ndashaka ko bapima ibiro by'umwana wanjye.,Ndashaka ko bapima ibiro by'umwana wanjye.
"Nyabuneka, umwana wanjye amazuru ye aratemba gake kuva mu masaha abiri ashize biragenda bikagaruka. Ntegereze cyangwa nsuzumwe ubu?",kinyarwanda,ROUTINE,infectious_fever,kinyarwanda->kinyarwanda:ROUTINE:infectious_fever,{REL} amazuru ye aratemba gake.,amazuru arantemba gake
"Muraho, mushiki wanjye ashaka ko bapima SIDA bikarushaho nijoro. Ese ibi birakomeye?",kinyarwanda,ROUTINE,preventive,kinyarwanda->kinyarwanda:ROUTINE:preventive,{REL} ashaka ko bapima SIDA.,Ndashaka ko bapima SIDA.
"Mfasha, umuturanyi wanjye afite gahunda yo gukingiza umwana kuva hashize iminsi itatu kandi ndahangayitse. Ni imiti ki nafata?",kinyarwanda,ROUTINE,preventive,kinyarwanda->kinyarwanda:ROUTINE:preventive,{REL} afite gahunda yo gukingiza umwana.,Mfite gahunda yo gukingiza umwana.
"Muganga, ndashaka ko bapima umuvuduko w'amaraso kuva ijoro ryashize kandi sinshobora gusinzira. Urakoze.",kinyarwanda,ROUTINE,preventive,kinyarwanda->kinyarwanda:ROUTINE:preventive,Ndashaka ko bapima umuvuduko w'amaraso.,Ndashaka ko bapima umuvuduko w'amaraso.
"Muganga, umwana wanjye akorora gake ariko nta muriro afite kuva hashize iminsi itatu. Byatangiye gitunguranye. Ntabasha kubona amafaranga yo kongera kuza kwa muganga.",kinyarwanda,ROUTINE,cardiac_respiratory,kinyarwanda->kinyarwanda:ROUTINE:cardiac_respiratory,{REL} akorora gake ariko nta muriro afite.,Nkorora gake ariko nta muriro mfite.
"Muraho, ndashaka kujya kwa muganga kwisuzumisha diyabete kuva hashize icyumweru kandi ndahangayitse. Ntegereze cyangwa nsuzumwe ubu?",kinyarwanda,ROUTINE,chronic_care,kinyarwanda->kinyarwanda:ROUTINE:chronic_care,Ndashaka kujya kwa muganga kwisuzumisha diyabete.,Ndashaka kujya kwa muganga kwisuzumisha SIDA.
"Muganga, umwana wanjye nta miti ya SIDA afite kuva mu cyumweru gishize biragenda bikagaruka. Ntegereze cyangwa nsuzumwe ubu?",kinyarwanda,URGENT,chronic_care,kinyarwanda->kinyarwanda:URGENT:chronic_care,{REL} nta miti ya SIDA afite.,Nta miti ya SIDA mfite.
"Muganga, umuturanyi wanjye afite ububabare bukabije mu nda kuva ejo nta miti imfasha. Nkora iki?",kinyarwanda,URGENT,gastrointestinal,kinyarwanda->kinyarwanda:URGENT:gastrointestinal,{REL} afite ububabare bukabije mu nda.,Mfite ububabare bukabije mu nda.
"Mfasha vuba, mushiki wanjye aratwite kandi araruka ibyo arya byose kuva mu cyumweru gishize bikarushaho nijoro. Nkora iki?",kinyarwanda,URGENT,obstetric,kinyarwanda->kinyarwanda:URGENT:obstetric,{REL} aratwite kandi araruka ibyo arya byose.,Ndatwite kandi ndaruka ibyo ndya byose.
"Nzanye umwana wanjye, ndaruka ibyo ndya byose kandi sinshobora no kunywa kuva mu masaha abiri ashize. Nkora iki?",kinyarwanda,CRITICAL,gastrointestinal,kinyarwanda->kinyarwanda:CRITICAL:gastrointestinal,Ndaruka ibyo ndya byose kandi sinshobora no kunywa.,Ndaruka ibyo ndya byose kandi sinshobora no kunywa.
"Muganga, ndabyara ariko habanje gusohoka umugozi w'umwana kuva hashize iminsi ibiri. Ni imiti ki nafata?",kinyarwanda,CRITICAL,obstetric,kinyarwanda->kinyarwanda:CRITICAL:obstetric,Ndabyara ariko habanje gusohoka umugozi w'umwana.,Ndabyara ariko habanje gusohoka umugozi w'umwana.
"Nzanye umwana wanjye, mu rugo hari umuntu urwaye igituntu kandi umukecuru ashaka kwisuzumisha kuva hashize iminsi ibiri nta miti imfasha. Mfasha muganga.",kinyarwanda,URGENT,preventive,kinyarwanda->kinyarwanda:URGENT:preventive,Mu rugo hari umuntu urwaye igituntu kandi {REL} ashaka kwisuzumisha.,Mu rugo hari umuntu urwaye igituntu kandi ndashaka kwisuzumisha.
Ndashaka kukubwira ikibazo mfite. Umwana wanjye araruka amaraso kuva ijoro ryashize kandi nta miti mfite. Ntegereze cyangwa nsuzumwe ubu?,kinyarwanda,CRITICAL,gastrointestinal,kinyarwanda->kinyarwanda:CRITICAL:gastrointestinal,{REL} araruka amaraso.,Ndaruka amaraso.
"Mfasha vuba, umugabo wanjye isukari yo mu maraso ye yazamutse cyane. Abandi bana na bo bafite iki kibazo. Naje mvuye kure.",kinyarwanda,URGENT,chronic_care,kinyarwanda->kinyarwanda:URGENT:chronic_care,{REL} isukari yo mu maraso ye yazamutse cyane.,isukari yo mu maraso yanjye yazamutse cyane
"Mfasha, umwana wanjye afite umuriro mwinshi kandi arakorora cyane. Abandi bana na bo bafite iki kibazo. Ni imiti ki nafata?",kinyarwanda,URGENT,infectious_fever,kinyarwanda->kinyarwanda:URGENT:infectious_fever,{REL} afite umuriro mwinshi kandi arakorora cyane.,mfite umuriro mwinshi kandi ndakorora cyane
Ndashaka kukubwira ikibazo mfite. Uruhande rumwe rw'umubiri we ntirukora kuva mu gitondo bikarushaho nijoro. Ese ibi birakomeye?,kinyarwanda,CRITICAL,neurological,kinyarwanda->kinyarwanda:CRITICAL:neurological,Uruhande rumwe rw'umubiri we ntirukora.,Uruhande rumwe rw'umubiri we ntirukora.
"Muganga, mfite ikibazo ku mutwe kandi kirimo guterwa n'urumuri kuva mu cyumweru gishize nta miti imfasha. Ntabasha kubona amafaranga yo kongera kuza kwa muganga.",kinyarwanda,URGENT,neurological,kinyarwanda->kinyarwanda:URGENT:neurological,Mfite ikibazo ku mutwe kandi kirimo guterwa n'urumuri.,Mfite ikibazo ku mutwe kandi kirimo guterwa n'urumuri.
"Simbizi niba bikomeye ariko, umutwe urandya ariko ntabwo cyane kuva ejo biragenda bikagaruka. Nkora iki?",kinyarwanda,ROUTINE,neurological,kinyarwanda->kinyarwanda:ROUTINE:neurological,umutwe urandya ariko ntabwo cyane,umutwe urandya ariko ntabwo cyane
"Mumbabarire, ndashaka kubabwira ikibazo mfite. Uruhande rumwe rw'umubiri we ntirukora kuva hashize iminsi ibiri kandi ndahangayitse. Mfasha muganga.",kinyarwanda,CRITICAL,neurological,kinyarwanda->kinyarwanda:CRITICAL:neurological,Uruhande rumwe rw'umubiri we ntirukora.,Uruhande rumwe rw'umubiri we ntirukora.
"Muganga, ndaruka ibyo ndya byose kandi sinshobora no kunywa kuva hashize icyumweru kandi sinshobora gusinzira. Mfasha muganga.",kinyarwanda,CRITICAL,gastrointestinal,kinyarwanda->kinyarwanda:CRITICAL:gastrointestinal,Ndaruka ibyo ndya byose kandi sinshobora no kunywa.,Ndaruka ibyo ndya byose kandi sinshobora no kunywa.
"Ndakeneye ubufasha, umukecuru afite umuriro mwinshi kandi arakorora cyane kuva mu cyumweru gishize bikarushaho nijoro. Murakoze.",kinyarwanda,URGENT,infectious_fever,kinyarwanda->kinyarwanda:URGENT:infectious_fever,{REL} afite umuriro mwinshi kandi arakorora cyane.,mfite umuriro mwinshi kandi ndakorora cyane
"Ndakeneye ubufasha, naraguye none ndababara cyane kuva mu gitondo bikarushaho nijoro. Ntabasha kubona amafaranga yo kongera kuza kwa muganga.",kinyarwanda,URGENT,haemorrhage_trauma,kinyarwanda->kinyarwanda:URGENT:haemorrhage_trauma,naraguye none ndababara cyane,naraguye none ndababara cyane
Ndashaka kukubwira ikibazo mfite. Umugabo wanjye amaze iminsi itatu arwaye impiswi zikomeye kuva mu gitondo. Byatangiye gitunguranye. Ndakeneye ubufasha vuba.,kinyarwanda,URGENT,gastrointestinal,kinyarwanda->kinyarwanda:URGENT:gastrointestinal,{REL} amaze iminsi itatu arwaye impiswi zikomeye.,maze iminsi itatu ndwaye impiswi zikomeye
"Ndakeneye ubufasha, papa iminwa ye yahindutse ubururu kandi nta miti mfite",kinyarwanda,CRITICAL,cardiac_respiratory,kinyarwanda->kinyarwanda:CRITICAL:cardiac_respiratory,{REL} iminwa ye yahindutse ubururu.,Iminwa yanjye yahindutse ubururu.
"Nyabuneka, umugore wanjye ashaka ko bapima SIDA kuva ubu gitondo cya kare. Abandi bana na bo bafite iki kibazo. Naje mvuye kure.",kinyarwanda,ROUTINE,preventive,kinyarwanda->kinyarwanda:ROUTINE:preventive,{REL} ashaka ko bapima SIDA.,Ndashaka ko bapima SIDA.
"Mfasha vuba, uruhande rumwe rw'umubiri we ntirukora kuva hashize iminsi ibiri kandi ndahangayitse. Mfasha muganga.",kinyarwanda,CRITICAL,neurological,kinyarwanda->kinyarwanda:CRITICAL:neurological,Uruhande rumwe rw'umubiri we ntirukora.,Uruhande rumwe rw'umubiri we ntirukora.
"Nyabuneka, mfite impiswi zirimo amaraso kuva mu cyumweru gishize. Ndakeneye ubufasha vuba.",kinyarwanda,URGENT,gastrointestinal,kinyarwanda->kinyarwanda:URGENT:gastrointestinal,Mfite impiswi zirimo amaraso.,Mfite impiswi zirimo amaraso.
"Muraho, mfite ikibazo ku mutwe kandi kirimo guterwa n'urumuri kuva ejo biragenda bikagaruka. Nkora iki?",kinyarwanda,URGENT,neurological,kinyarwanda->kinyarwanda:URGENT:neurological,Mfite ikibazo ku mutwe kandi kirimo guterwa n'urumuri.,Mfite ikibazo ku mutwe kandi kirimo guterwa n'urumuri.
"Mumbabarire, ndashaka kubabwira ikibazo mfite. Umugabo wanjye isukari yo mu maraso ye yazamutse cyane kuva ubu gitondo cya kare bikarushaho nijoro. Ntabasha kubona amafaranga yo kongera kuza kwa muganga.",kinyarwanda,URGENT,chronic_care,kinyarwanda->kinyarwanda:URGENT:chronic_care,{REL} isukari yo mu maraso ye yazamutse cyane.,isukari yo mu maraso yanjye yazamutse cyane
"Naje hano mbere, umugabo wanjye afite ibimenyetso bya malariya, umuriro n'imbeho kuva ubu gitondo cya kare kandi ndahangayitse. Ntegereze cyangwa nsuzumwe ubu?",kinyarwanda,URGENT,infectious_fever,kinyarwanda->kinyarwanda:URGENT:infectious_fever,"{REL} afite ibimenyetso bya malariya, umuriro n'imbeho.","Mfite ibimenyetso bya malariya, umuriro n'imbeho."
"Muraho, nta miti y'igituntu mfite kuva mu gitondo nta miti imfasha",kinyarwanda,URGENT,chronic_care,kinyarwanda->kinyarwanda:URGENT:chronic_care,Nta miti y'igituntu mfite.,Nta miti y'igituntu mfite.
"Nzanye umwana wanjye, mfite ikibazo ku mutwe kandi kirimo guterwa n'urumuri kuva hashize icyumweru kandi nta miti mfite. Ntabasha kubona amafaranga yo kongera kuza kwa muganga.",kinyarwanda,URGENT,neurological,kinyarwanda->kinyarwanda:URGENT:neurological,Mfite ikibazo ku mutwe kandi kirimo guterwa n'urumuri.,Mfite ikibazo ku mutwe kandi kirimo guterwa n'urumuri.
"Ndakeneye ubufasha, mama afite ibimenyetso bya malariya, umuriro n'imbeho kuva mu cyumweru gishize. Abandi bana na bo bafite iki kibazo. Ntabasha kubona amafaranga yo kongera kuza kwa muganga.",kinyarwanda,URGENT,infectious_fever,kinyarwanda->kinyarwanda:URGENT:infectious_fever,"{REL} afite ibimenyetso bya malariya, umuriro n'imbeho.","Mfite ibimenyetso bya malariya, umuriro n'imbeho."
"Nyabuneka, iyo umwana wanjye amaze kurya, yumva inda itameze neza kuva ijoro ryashize bikarushaho nijoro. Ntegereze cyangwa nsuzumwe ubu?",kinyarwanda,ROUTINE,gastrointestinal,kinyarwanda->kinyarwanda:ROUTINE:gastrointestinal,"Iyo {REL} amaze kurya, yumva inda itameze neza.","Iyo {REL} amaze kurya, yumva inda itameze neza."
Umwana wanjye araruka cyane kandi yumva afite intege nke kuva ijoro ryashize kandi ndahangayitse. Naje mvuye kure.,kinyarwanda,URGENT,gastrointestinal,kinyarwanda->kinyarwanda:URGENT:gastrointestinal,{REL} araruka cyane kandi yumva afite intege nke.,ndaruka cyane kandi numva mfite intege nke
"Muraho, iyo mpumeka, numva igituza gifashe kandi mpumeka nkumva hari ijwi ridasanzwe kuva mu cyumweru gishize kandi birushaho kuba bibi. Naje mvuye kure.",kinyarwanda,URGENT,cardiac_respiratory,kinyarwanda->kinyarwanda:URGENT:cardiac_respiratory,"Iyo mpumeka, numva igituza gifashe kandi mpumeka nkumva hari ijwi ridasanzwe.","Iyo mpumeka, numva igituza gifashe kandi mpumeka nkumva hari ijwi ridasanzwe."
"Simbizi niba bikomeye ariko, ndaruka ibyo ndya byose kandi sinshobora no kunywa kuva ejo. Abandi bana na bo bafite iki kibazo.",kinyarwanda,CRITICAL,gastrointestinal,kinyarwanda->kinyarwanda:CRITICAL:gastrointestinal,Ndaruka ibyo ndya byose kandi sinshobora no kunywa.,Ndaruka ibyo ndya byose kandi sinshobora no kunywa.
"Nyabuneka, guhumeka birangora cyane ku buryo ntabasha no kuvuga neza kuva hashize icyumweru kandi sinshobora gusinzira. Ndakeneye ubufasha vuba.",kinyarwanda,CRITICAL,cardiac_respiratory,kinyarwanda->kinyarwanda:CRITICAL:cardiac_respiratory,Guhumeka birangora cyane ku buryo ntabasha no kuvuga neza.,Guhumeka birangora cyane ku buryo ntabasha no kuvuga neza.
"Mumbabarire, ndashaka kubabwira ikibazo mfite. Mama aratwite kandi yaragagaye kuva ubu gitondo cya kare kandi sinshobora gusinzira. Naje mvuye kure.",kinyarwanda,CRITICAL,obstetric,kinyarwanda->kinyarwanda:CRITICAL:obstetric,{REL} aratwite kandi yaragagaye.,Ndatwite kandi nagagaye.
Mama araruka amaraso kuva hashize iminsi itatu. Abandi bana na bo bafite iki kibazo. Ntegereze cyangwa nsuzumwe ubu?,kinyarwanda,CRITICAL,gastrointestinal,kinyarwanda->kinyarwanda:CRITICAL:gastrointestinal,{REL} araruka amaraso.,Ndaruka amaraso.
"Mumbabarire, ndashaka kubabwira ikibazo mfite. Mama ashaka ko bapima ibiro by'umwana we kuva hashize icyumweru. Abandi bana na bo bafite iki kibazo. Urakoze.",kinyarwanda,ROUTINE,paediatric,kinyarwanda->kinyarwanda:ROUTINE:paediatric,{REL} ashaka ko bapima ibiro by'umwana we.,Ndashaka ko bapima ibiro by'umwana wanjye.
"Muganga, mfite ikibazo ku mutwe kandi kirimo guterwa n'urumuri kuva mu masaha abiri ashize biragenda bikagaruka. Murakoze.",kinyarwanda,URGENT,neurological,kinyarwanda->kinyarwanda:URGENT:neurological,Mfite ikibazo ku mutwe kandi kirimo guterwa n'urumuri.,Mfite ikibazo ku mutwe kandi kirimo guterwa n'urumuri.
Mushiki wanjye aratwite kandi ashaka kwisuzumisha kwa muganga bwa mbere kuva hashize iminsi ibiri kandi birushaho kuba bibi. Ese ibi birakomeye?,kinyarwanda,ROUTINE,preventive,kinyarwanda->kinyarwanda:ROUTINE:preventive,{REL} aratwite kandi ashaka kwisuzumisha kwa muganga bwa mbere.,Ndatwite kandi ndashaka kwisuzumisha kwa muganga bwa mbere.
"Nyabuneka, mfite umuriro woroheje umaze umunsi umwe, ariko nta kindi kibazo mfite kuva hashize iminsi itatu. Byatangiye gitunguranye. Ese ibi birakomeye?",kinyarwanda,ROUTINE,infectious_fever,kinyarwanda->kinyarwanda:ROUTINE:infectious_fever,"mfite umuriro woroheje umaze umunsi umwe, ariko nta kindi kibazo mfite","mfite umuriro woroheje umaze umunsi umwe, ariko nta kindi kibazo mfite"
"Ndakeneye ubufasha, guhumeka birangora cyane ku buryo ntabasha no kuvuga neza kuva mu masaha abiri ashize kandi birushaho kuba bibi. Ese ibi birakomeye?",kinyarwanda,CRITICAL,cardiac_respiratory,kinyarwanda->kinyarwanda:CRITICAL:cardiac_respiratory,Guhumeka birangora cyane ku buryo ntabasha no kuvuga neza.,Guhumeka birangora cyane ku buryo ntabasha no kuvuga neza.
"Nzanye umwana wanjye, naguye, ukuguru kuragoramye ariko sinumva ko kuvunitse kuva mu cyumweru gishize kandi sinshobora gusinzira. Ntabasha kubona amafaranga yo kongera kuza kwa muganga.",kinyarwanda,URGENT,haemorrhage_trauma,kinyarwanda->kinyarwanda:URGENT:haemorrhage_trauma,"Naguye, ukuguru kuragoramye ariko sinumva ko kuvunitse.","Naguye, ukuguru kuragoramye ariko sinumva ko kuvunitse."
"Ndakeneye ubufasha, umugabo wanjye ashaka ko bapima SIDA kuva mu cyumweru gishize kandi ndahangayitse. Ntabasha kubona amafaranga yo kongera kuza kwa muganga.",kinyarwanda,ROUTINE,preventive,kinyarwanda->kinyarwanda:ROUTINE:preventive,{REL} ashaka ko bapima SIDA.,Ndashaka ko bapima SIDA.
"Mumbabarire, ndashaka kubabwira ikibazo mfite. Umwana wanjye akorora gake ariko nta muriro afite kuva mu cyumweru gishize bikarushaho nijoro. Ni imiti ki nafata?",kinyarwanda,ROUTINE,cardiac_respiratory,kinyarwanda->kinyarwanda:ROUTINE:cardiac_respiratory,{REL} akorora gake ariko nta muriro afite.,Nkorora gake ariko nta muriro mfite.
"Ndakeneye ubufasha, umutwe urandya ariko ntabwo cyane kuva hashize iminsi itatu. Ntegereze cyangwa nsuzumwe ubu?",kinyarwanda,ROUTINE,neurological,kinyarwanda->kinyarwanda:ROUTINE:neurological,umutwe urandya ariko ntabwo cyane,umutwe urandya ariko ntabwo cyane
"Mumbabarire, ndashaka kubabwira ikibazo mfite. Iminwa yanjye yahindutse ubururu kuva hashize iminsi ibiri. Ni imiti ki nafata?",kinyarwanda,CRITICAL,cardiac_respiratory,kinyarwanda->kinyarwanda:CRITICAL:cardiac_respiratory,Iminwa yanjye yahindutse ubururu.,Iminwa yanjye yahindutse ubururu.
Ndashaka kukubwira ikibazo mfite. Ndashaka kujya kwa muganga kwisuzumisha diyabete kuva hashize icyumweru. Ndakeneye ubufasha vuba.,kinyarwanda,ROUTINE,chronic_care,kinyarwanda->kinyarwanda:ROUTINE:chronic_care,Ndashaka kujya kwa muganga kwisuzumisha diyabete.,Ndashaka kujya kwa muganga kwisuzumisha SIDA.
"Naje hano mbere, ndashaka kujya kwa muganga kwisuzumisha diyabete kuva mu masaha abiri ashize bikarushaho nijoro. Ntegereze cyangwa nsuzumwe ubu?",kinyarwanda,ROUTINE,chronic_care,kinyarwanda->kinyarwanda:ROUTINE:chronic_care,Ndashaka kujya kwa muganga kwisuzumisha diyabete.,Ndashaka kujya kwa muganga kwisuzumisha SIDA.
"Naje hano mbere, umutwe urandya ariko ntabwo cyane kuva ijoro ryashize kandi nta miti mfite. Urakoze.",kinyarwanda,ROUTINE,neurological,kinyarwanda->kinyarwanda:ROUTINE:neurological,umutwe urandya ariko ntabwo cyane,umutwe urandya ariko ntabwo cyane
"Nzanye umwana wanjye, mfite impiswi zirimo amaraso nta miti imfasha. Murakoze.",kinyarwanda,URGENT,gastrointestinal,kinyarwanda->kinyarwanda:URGENT:gastrointestinal,Mfite impiswi zirimo amaraso.,Mfite impiswi zirimo amaraso.
"Ndakeneye ubufasha, umukecuru umutima we utera cyane kandi yumva umeze nk'aho uhagarara kuva mu masaha abiri ashize kandi ndahangayitse. Ese ibi birakomeye?",kinyarwanda,CRITICAL,cardiac_respiratory,kinyarwanda->kinyarwanda:CRITICAL:cardiac_respiratory,{REL} umutima we utera cyane kandi yumva umeze nk'aho uhagarara.,umutima uratera cyane kandi nkumva umeze nk'aho uhagarara
"Mushiki wanjye afite ibimenyetso bya malariya, umuriro n'imbeho kuva hashize iminsi ibiri kandi nta miti mfite. Ese ibi birakomeye?",kinyarwanda,URGENT,infectious_fever,kinyarwanda->kinyarwanda:URGENT:infectious_fever,"{REL} afite ibimenyetso bya malariya, umuriro n'imbeho.","Mfite ibimenyetso bya malariya, umuriro n'imbeho."
"Muganga, mu gituza harandya cyane kandi ububabare bukagera no ku kuboko. Abandi bana na bo bafite iki kibazo.",kinyarwanda,CRITICAL,cardiac_respiratory,kinyarwanda->kinyarwanda:CRITICAL:cardiac_respiratory,mu gituza harandya cyane kandi ububabare bukagera no ku kuboko,mu gituza harandya cyane kandi ububabare bukagera no ku kuboko
"Simbizi niba bikomeye ariko, mushiki wanjye ari kubyara ariko umugozi w'umwana wabanje gusohoka kuva ubu gitondo cya kare nta miti imfasha. Ni imiti ki nafata?",kinyarwanda,CRITICAL,obstetric,kinyarwanda->kinyarwanda:CRITICAL:obstetric,{REL} ari kubyara ariko umugozi w'umwana wabanje gusohoka.,Ndabyara ariko habanje gusohoka umugozi w'umwana.
"Muraho, iyo umwana wanjye amaze kurya, yumva inda itameze neza kuva ejo kandi sinshobora gusinzira. Ntegereze cyangwa nsuzumwe ubu?",kinyarwanda,ROUTINE,gastrointestinal,kinyarwanda->kinyarwanda:ROUTINE:gastrointestinal,"Iyo {REL} amaze kurya, yumva inda itameze neza.","Iyo {REL} amaze kurya, yumva inda itameze neza."
"Simbizi niba bikomeye ariko, mfite gahunda yo gukingiza umwana kuva hashize iminsi ibiri kandi birushaho kuba bibi. Murakoze.",kinyarwanda,ROUTINE,preventive,kinyarwanda->kinyarwanda:ROUTINE:preventive,Mfite gahunda yo gukingiza umwana.,Mfite gahunda yo gukingiza umwana.
Ndashaka kukubwira ikibazo mfite. Mama ashaka ko bapima ibiro by'umwana we kuva ejo biragenda bikagaruka. Ntegereze cyangwa nsuzumwe ubu?,kinyarwanda,ROUTINE,paediatric,kinyarwanda->kinyarwanda:ROUTINE:paediatric,{REL} ashaka ko bapima ibiro by'umwana we.,Ndashaka ko bapima ibiro by'umwana wanjye.
"Mfasha, umugabo wanjye ashaka ko bapima SIDA kuva ubu gitondo cya kare. Byatangiye gitunguranye. Ntegereze cyangwa nsuzumwe ubu?",kinyarwanda,ROUTINE,preventive,kinyarwanda->kinyarwanda:ROUTINE:preventive,{REL} ashaka ko bapima SIDA.,Ndashaka ko bapima SIDA.
Ndashaka kukubwira ikibazo mfite. Umugabo wanjye ashaka ko bapima SIDA kuva ubu gitondo cya kare kandi sinshobora gusinzira. Ntabasha kubona amafaranga yo kongera kuza kwa muganga.,kinyarwanda,ROUTINE,preventive,kinyarwanda->kinyarwanda:ROUTINE:preventive,{REL} ashaka ko bapima SIDA.,Ndashaka ko bapima SIDA.
"Mumbabarire, ndashaka kubabwira ikibazo mfite. Mama ari kubyara ariko umugozi w'umwana wabanje gusohoka kuva mu gitondo biragenda bikagaruka. Ntegereze cyangwa nsuzumwe ubu?",kinyarwanda,CRITICAL,obstetric,kinyarwanda->kinyarwanda:CRITICAL:obstetric,{REL} ari kubyara ariko umugozi w'umwana wabanje gusohoka.,Ndabyara ariko habanje gusohoka umugozi w'umwana.
"Mfasha vuba, mushiki wanjye amaze umunsi wose ari mu bubabare bwo kubyara ariko umwana ntarasohoka kuva mu gitondo kandi nta miti mfite. Ndakeneye ubufasha vuba.",kinyarwanda,CRITICAL,obstetric,kinyarwanda->kinyarwanda:CRITICAL:obstetric,{REL} amaze umunsi wose ari mu bubabare bwo kubyara ariko umwana ntarasohoka.,Maze umunsi wose mbabara ngerageza kubyara ariko umwana ntarasohoka.
"Mfasha vuba, ndashaka kongererwa imiti y'umuvuduko w'amaraso kuva mu cyumweru gishize kandi nta miti mfite. Ese ibi birakomeye?",kinyarwanda,ROUTINE,chronic_care,kinyarwanda->kinyarwanda:ROUTINE:chronic_care,Ndashaka kongererwa imiti y'umuvuduko w'amaraso.,Ndashaka kongererwa imiti y'umuvuduko w'amaraso.
"Nyabuneka, mfite umuriro mwinshi kandi nagagaye kuva ejo kandi nta miti mfite. Ndakeneye ubufasha vuba.",kinyarwanda,CRITICAL,infectious_fever,kinyarwanda->kinyarwanda:CRITICAL:infectious_fever,Mfite umuriro mwinshi kandi nagagaye.,Mfite umuriro mwinshi kandi nagagaye.
"Nyabuneka, mfite umuriro woroheje umaze umunsi umwe, ariko nta kindi kibazo mfite kuva hashize icyumweru bikarushaho nijoro. Ese ibi birakomeye?",kinyarwanda,ROUTINE,infectious_fever,kinyarwanda->kinyarwanda:ROUTINE:infectious_fever,"mfite umuriro woroheje umaze umunsi umwe, ariko nta kindi kibazo mfite","mfite umuriro woroheje umaze umunsi umwe, ariko nta kindi kibazo mfite"
"Ndakeneye ubufasha, umugore wanjye ashaka guhabwa inzitiramubu kuva hashize icyumweru kandi ndahangayitse. Nkora iki?",kinyarwanda,ROUTINE,preventive,kinyarwanda->kinyarwanda:ROUTINE:preventive,{REL} ashaka guhabwa inzitiramubu.,Ndashaka guhabwa inzitiramubu.
"Muraho, ndakorora cyane kandi guhumeka birangora kuva hashize iminsi ibiri. Mfasha muganga.",kinyarwanda,URGENT,cardiac_respiratory,kinyarwanda->kinyarwanda:URGENT:cardiac_respiratory,ndakorora cyane kandi guhumeka birangora,ndakorora cyane kandi guhumeka birangora
"Mfasha, ndashaka kujya kwa muganga kwisuzumisha diyabete kandi sinshobora gusinzira. Nkora iki?",kinyarwanda,ROUTINE,chronic_care,kinyarwanda->kinyarwanda:ROUTINE:chronic_care,Ndashaka kujya kwa muganga kwisuzumisha diyabete.,Ndashaka kujya kwa muganga kwisuzumisha SIDA.
"Muganga, umukecuru arakomeza kuruka kandi ntashobora kurya kuva mu masaha abiri ashize. Ntabasha kubona amafaranga yo kongera kuza kwa muganga.",kinyarwanda,URGENT,gastrointestinal,kinyarwanda->kinyarwanda:URGENT:gastrointestinal,{REL} arakomeza kuruka kandi ntashobora kurya.,ndakomeza kuruka kandi sinshobora kurya
"Naje hano mbere, mushiki wanjye aratwite kandi ashaka kwisuzumisha kwa muganga bwa mbere kuva mu masaha abiri ashize kandi ndahangayitse. Murakoze.",kinyarwanda,ROUTINE,preventive,kinyarwanda->kinyarwanda:ROUTINE:preventive,{REL} aratwite kandi ashaka kwisuzumisha kwa muganga bwa mbere.,Ndatwite kandi ndashaka kwisuzumisha kwa muganga bwa mbere.
"Nyabuneka, ndashaka inama ku biryo byo kugaburira umwana wanjye kuva mu masaha abiri ashize kandi sinshobora gusinzira. Naje mvuye kure.",kinyarwanda,ROUTINE,preventive,kinyarwanda->kinyarwanda:ROUTINE:preventive,Ndashaka inama ku biryo byo kugaburira umwana wanjye.,Ndashaka inama ku biryo byo kugaburira umwana wanjye.
"Mfasha vuba, umuturanyi wanjye aratwite kandi yaragagaye kuva mu cyumweru gishize. Abandi bana na bo bafite iki kibazo. Naje mvuye kure.",kinyarwanda,CRITICAL,obstetric,kinyarwanda->kinyarwanda:CRITICAL:obstetric,{REL} aratwite kandi yaragagaye.,Ndatwite kandi nagagaye.
"Mfasha vuba, naraguye none ndababara cyane kuva ejo kandi ndahangayitse. Ndakeneye ubufasha vuba.",kinyarwanda,URGENT,haemorrhage_trauma,kinyarwanda->kinyarwanda:URGENT:haemorrhage_trauma,naraguye none ndababara cyane,naraguye none ndababara cyane
"Mfasha, umugore wanjye ashaka kugirwa inama ku mazi yo kunywa biragenda bikagaruka. Ndakeneye ubufasha vuba.",kinyarwanda,ROUTINE,preventive,kinyarwanda->kinyarwanda:ROUTINE:preventive,{REL} ashaka kugirwa inama ku mazi yo kunywa.,Ndashaka kugirwa inama ku mazi yo kunywa.
"Ndakeneye ubufasha, umugore wanjye umutima we utera cyane kandi yumva umeze nk'aho uhagarara kuva hashize iminsi itatu kandi birushaho kuba bibi",kinyarwanda,CRITICAL,cardiac_respiratory,kinyarwanda->kinyarwanda:CRITICAL:cardiac_respiratory,{REL} umutima we utera cyane kandi yumva umeze nk'aho uhagarara.,umutima uratera cyane kandi nkumva umeze nk'aho uhagarara
"Nyabuneka, umwana wanjye amazuru ye aratemba gake kuva hashize iminsi ibiri kandi birushaho kuba bibi. Nkora iki?",kinyarwanda,ROUTINE,infectious_fever,kinyarwanda->kinyarwanda:ROUTINE:infectious_fever,{REL} amazuru ye aratemba gake.,amazuru arantemba gake
"Nyabuneka, umugabo wanjye isukari yo mu maraso ye yazamutse cyane kuva hashize icyumweru. Urakoze.",kinyarwanda,URGENT,chronic_care,kinyarwanda->kinyarwanda:URGENT:chronic_care,{REL} isukari yo mu maraso ye yazamutse cyane.,isukari yo mu maraso yanjye yazamutse cyane
"Simbizi niba bikomeye ariko, umwana wanjye afite ikibazo cyo kutabasha guhumeka neza, kandi uruhu rwe rwahindutse ubururu kuva hashize icyumweru kandi birushaho kuba bibi. Ese ibi birakomeye?",kinyarwanda,CRITICAL,paediatric,kinyarwanda->kinyarwanda:CRITICAL:paediatric,"{REL} afite ikibazo cyo kutabasha guhumeka neza, kandi uruhu rwe rwahindutse ubururu","{REL} afite ikibazo cyo kutabasha guhumeka neza, kandi uruhu rwe rwahindutse ubururu"
"Ndakeneye ubufasha, umugore wanjye aratwite kandi ashaka kwisuzumisha kwa muganga bwa mbere kuva hashize iminsi ibiri kandi birushaho kuba bibi. Ntabasha kubona amafaranga yo kongera kuza kwa muganga.",kinyarwanda,ROUTINE,preventive,kinyarwanda->kinyarwanda:ROUTINE:preventive,{REL} aratwite kandi ashaka kwisuzumisha kwa muganga bwa mbere.,Ndatwite kandi ndashaka kwisuzumisha kwa muganga bwa mbere.
"Mfasha vuba, umugabo wanjye isukari yo mu maraso ye yazamutse cyane kuva mu masaha abiri ashize kandi sinshobora gusinzira. Ni imiti ki nafata?",kinyarwanda,URGENT,chronic_care,kinyarwanda->kinyarwanda:URGENT:chronic_care,{REL} isukari yo mu maraso ye yazamutse cyane.,isukari yo mu maraso yanjye yazamutse cyane
"Muganga, narumwe n'inzoka kuva hashize icyumweru. Abandi bana na bo bafite iki kibazo. Ni imiti ki nafata?",kinyarwanda,URGENT,haemorrhage_trauma,kinyarwanda->kinyarwanda:URGENT:haemorrhage_trauma,Narumwe n'inzoka.,Narumwe n'inzoka.
"Muraho, ndashaka guhabwa inzitiramubu kuva hashize iminsi itatu kandi nta miti mfite. Naje mvuye kure.",kinyarwanda,ROUTINE,preventive,kinyarwanda->kinyarwanda:ROUTINE:preventive,Ndashaka guhabwa inzitiramubu.,Ndashaka guhabwa inzitiramubu.
"Muganga, papa ashaka guhabwa inzitiramubu kuva ubu gitondo cya kare kandi nta miti mfite. Naje mvuye kure.",kinyarwanda,ROUTINE,preventive,kinyarwanda->kinyarwanda:ROUTINE:preventive,{REL} ashaka guhabwa inzitiramubu.,Ndashaka guhabwa inzitiramubu.
"Muraho, umutima uratera cyane kandi nkumva umeze nk'aho uhagarara kuva mu cyumweru gishize kandi birushaho kuba bibi. Naje mvuye kure.",kinyarwanda,CRITICAL,cardiac_respiratory,kinyarwanda->kinyarwanda:CRITICAL:cardiac_respiratory,umutima uratera cyane kandi nkumva umeze nk'aho uhagarara,umutima uratera cyane kandi nkumva umeze nk'aho uhagarara
Ndashaka kukubwira ikibazo mfite. Nta miti y'igituntu mfite kuva ijoro ryashize. Abandi bana na bo bafite iki kibazo. Ese ibi birakomeye?,kinyarwanda,URGENT,chronic_care,kinyarwanda->kinyarwanda:URGENT:chronic_care,Nta miti y'igituntu mfite.,Nta miti y'igituntu mfite.
"Simbizi niba bikomeye ariko, nta miti y'igituntu mfite kuva ijoro ryashize nta miti imfasha. Naje mvuye kure.",kinyarwanda,URGENT,chronic_care,kinyarwanda->kinyarwanda:URGENT:chronic_care,Nta miti y'igituntu mfite.,Nta miti y'igituntu mfite.
Umugabo wanjye isukari yo mu maraso ye yazamutse cyane kuva hashize iminsi ibiri kandi sinshobora gusinzira. Naje mvuye kure.,kinyarwanda,URGENT,chronic_care,kinyarwanda->kinyarwanda:URGENT:chronic_care,{REL} isukari yo mu maraso ye yazamutse cyane.,isukari yo mu maraso yanjye yazamutse cyane
Ndashaka kukubwira ikibazo mfite. Mfite igikomere gito kandi amaraso yarahagaze kuva hashize iminsi itatu. Abandi bana na bo bafite iki kibazo. Ese ibi birakomeye?,kinyarwanda,ROUTINE,haemorrhage_trauma,kinyarwanda->kinyarwanda:ROUTINE:haemorrhage_trauma,Mfite igikomere gito kandi amaraso yarahagaze.,Mfite igikomere gito kandi amaraso yarahagaze.
"Muraho, mfite igisebe ku kirenge kidakira kandi mfite diyabete kuva hashize icyumweru bikarushaho nijoro. Naje mvuye kure.",kinyarwanda,URGENT,chronic_care,kinyarwanda->kinyarwanda:URGENT:chronic_care,Mfite igisebe ku kirenge kidakira kandi mfite diyabete.,Mfite igisebe ku kirenge kidakira kandi mfite diyabete.
"Mfasha vuba, nta miti y'igituntu mfite kuva hashize icyumweru kandi nta miti mfite. Ni imiti ki nafata?",kinyarwanda,URGENT,chronic_care,kinyarwanda->kinyarwanda:URGENT:chronic_care,Nta miti y'igituntu mfite.,Nta miti y'igituntu mfite.
"Simbizi niba bikomeye ariko, iyo umwana wanjye amaze kurya, yumva inda itameze neza kuva hashize icyumweru kandi nta miti mfite. Ni imiti ki nafata?",kinyarwanda,ROUTINE,gastrointestinal,kinyarwanda->kinyarwanda:ROUTINE:gastrointestinal,"Iyo {REL} amaze kurya, yumva inda itameze neza.","Iyo {REL} amaze kurya, yumva inda itameze neza."
"Mfasha vuba, ndatwite kandi nagagaye kuva hashize icyumweru kandi birushaho kuba bibi. Ntegereze cyangwa nsuzumwe ubu?",kinyarwanda,CRITICAL,obstetric,kinyarwanda->kinyarwanda:CRITICAL:obstetric,Ndatwite kandi nagagaye.,Ndatwite kandi nagagaye.
"Mfasha, mfite umuriro mwinshi kandi nagagaye kuva mu masaha abiri ashize kandi nta miti mfite",kinyarwanda,CRITICAL,infectious_fever,kinyarwanda->kinyarwanda:CRITICAL:infectious_fever,Mfite umuriro mwinshi kandi nagagaye.,Mfite umuriro mwinshi kandi nagagaye.
"Mfasha, mfite igisebe ku kirenge kidakira kandi mfite diyabete kuva ubu gitondo cya kare. Abandi bana na bo bafite iki kibazo. Naje mvuye kure.",kinyarwanda,URGENT,chronic_care,kinyarwanda->kinyarwanda:URGENT:chronic_care,Mfite igisebe ku kirenge kidakira kandi mfite diyabete.,Mfite igisebe ku kirenge kidakira kandi mfite diyabete.
"Nyabuneka, mama nta miti ya SIDA afite kuva hashize iminsi itatu biragenda bikagaruka",kinyarwanda,URGENT,chronic_care,kinyarwanda->kinyarwanda:URGENT:chronic_care,{REL} nta miti ya SIDA afite.,Nta miti ya SIDA mfite.
"Nzanye umwana wanjye, ndashaka ko bapima ibiro by'umwana wanjye kuva hashize iminsi itatu kandi birushaho kuba bibi",kinyarwanda,ROUTINE,paediatric,kinyarwanda->kinyarwanda:ROUTINE:paediatric,Ndashaka ko bapima ibiro by'umwana wanjye.,Ndashaka ko bapima ibiro by'umwana wanjye.
"Naje hano mbere, ndaruka ibyo ndya byose kandi sinshobora no kunywa kuva ubu gitondo cya kare nta miti imfasha. Ndakeneye ubufasha vuba.",kinyarwanda,CRITICAL,gastrointestinal,kinyarwanda->kinyarwanda:CRITICAL:gastrointestinal,Ndaruka ibyo ndya byose kandi sinshobora no kunywa.,Ndaruka ibyo ndya byose kandi sinshobora no kunywa.
"Muganga, mu rugo hari umuntu urwaye igituntu kandi papa ashaka kwisuzumisha kuva mu cyumweru gishize biragenda bikagaruka. Naje mvuye kure.",kinyarwanda,URGENT,preventive,kinyarwanda->kinyarwanda:URGENT:preventive,Mu rugo hari umuntu urwaye igituntu kandi {REL} ashaka kwisuzumisha.,Mu rugo hari umuntu urwaye igituntu kandi ndashaka kwisuzumisha.
"Ndakeneye ubufasha, umugore wanjye ntashobora kuvuga neza kandi umunwa we waragoramye kuva ejo. Abandi bana na bo bafite iki kibazo. Mfasha muganga.",kinyarwanda,CRITICAL,neurological,kinyarwanda->kinyarwanda:CRITICAL:neurological,{REL} ntashobora kuvuga neza kandi umunwa we waragoramye.,{REL} ntashobora kuvuga neza kandi umunwa we waragoramye.
"Ndakeneye ubufasha, umugore wanjye araruka amaraso kuva ijoro ryashize biragenda bikagaruka",kinyarwanda,CRITICAL,gastrointestinal,kinyarwanda->kinyarwanda:CRITICAL:gastrointestinal,{REL} araruka amaraso.,Ndaruka amaraso.
Ndashaka kukubwira ikibazo mfite. Ndatwite kandi nagagaye. Abandi bana na bo bafite iki kibazo. Naje mvuye kure.,kinyarwanda,CRITICAL,obstetric,kinyarwanda->kinyarwanda:CRITICAL:obstetric,Ndatwite kandi nagagaye.,Ndatwite kandi nagagaye.
Ndashaka kukubwira ikibazo mfite. Naraguye none ndababara cyane kuva hashize icyumweru. Ndakeneye ubufasha vuba.,kinyarwanda,URGENT,haemorrhage_trauma,kinyarwanda->kinyarwanda:URGENT:haemorrhage_trauma,naraguye none ndababara cyane,naraguye none ndababara cyane
"Nzanye umwana wanjye, papa yaraguye none arababara cyane kuva mu masaha abiri ashize kandi birushaho kuba bibi. Mfasha muganga.",kinyarwanda,URGENT,haemorrhage_trauma,kinyarwanda->kinyarwanda:URGENT:haemorrhage_trauma,{REL} yaraguye none arababara cyane.,naraguye none ndababara cyane
"Simbizi niba bikomeye ariko, umwana wanjye amazuru ye aratemba gake kuva mu masaha abiri ashize. Byatangiye gitunguranye. Murakoze.",kinyarwanda,ROUTINE,infectious_fever,kinyarwanda->kinyarwanda:ROUTINE:infectious_fever,{REL} amazuru ye aratemba gake.,amazuru arantemba gake
Ndashaka ko bapima umuvuduko w'amaraso kuva ejo,kinyarwanda,ROUTINE,preventive,kinyarwanda->kinyarwanda:ROUTINE:preventive,Ndashaka ko bapima umuvuduko w'amaraso.,Ndashaka ko bapima umuvuduko w'amaraso.
"Simbizi niba bikomeye ariko, ndashaka kujya kwa muganga kwisuzumisha diyabete kuva mu masaha abiri ashize biragenda bikagaruka. Ntabasha kubona amafaranga yo kongera kuza kwa muganga.",kinyarwanda,ROUTINE,chronic_care,kinyarwanda->kinyarwanda:ROUTINE:chronic_care,Ndashaka kujya kwa muganga kwisuzumisha diyabete.,Ndashaka kujya kwa muganga kwisuzumisha SIDA.
"Naje hano mbere, mfite umuriro mwinshi kandi nagagaye kandi ndahangayitse",kinyarwanda,CRITICAL,infectious_fever,kinyarwanda->kinyarwanda:CRITICAL:infectious_fever,Mfite umuriro mwinshi kandi nagagaye.,Mfite umuriro mwinshi kandi nagagaye.
"Ndakeneye ubufasha, mama afite gahunda yo gukingiza umwana kuva mu gitondo biragenda bikagaruka. Urakoze.",kinyarwanda,ROUTINE,preventive,kinyarwanda->kinyarwanda:ROUTINE:preventive,{REL} afite gahunda yo gukingiza umwana.,Mfite gahunda yo gukingiza umwana.
"Nyabuneka, ndashaka imiti y'inzoka y'umwana wanjye kuva ubu gitondo cya kare. Byatangiye gitunguranye. Ntegereze cyangwa nsuzumwe ubu?",kinyarwanda,ROUTINE,preventive,kinyarwanda->kinyarwanda:ROUTINE:preventive,Ndashaka imiti y'inzoka y'umwana wanjye.,Ndashaka imiti y'inzoka y'umwana wanjye.
"Muganga, ndashaka ko bapima umuvuduko w'amaraso kuva ubu gitondo cya kare. Abandi bana na bo bafite iki kibazo. Urakoze.",kinyarwanda,ROUTINE,preventive,kinyarwanda->kinyarwanda:ROUTINE:preventive,Ndashaka ko bapima umuvuduko w'amaraso.,Ndashaka ko bapima umuvuduko w'amaraso.
Umukecuru araruka amaraso nta miti imfasha. Ni imiti ki nafata?,kinyarwanda,CRITICAL,gastrointestinal,kinyarwanda->kinyarwanda:CRITICAL:gastrointestinal,{REL} araruka amaraso.,Ndaruka amaraso.
"Mumbabarire, ndashaka kubabwira ikibazo mfite. Papa ntashobora kuvuga neza kandi umunwa we waragoramye kuva ejo. Ntegereze cyangwa nsuzumwe ubu?",kinyarwanda,CRITICAL,neurological,kinyarwanda->kinyarwanda:CRITICAL:neurological,{REL} ntashobora kuvuga neza kandi umunwa we waragoramye.,{REL} ntashobora kuvuga neza kandi umunwa we waragoramye.
"Muraho, umukecuru nta miti ya SIDA afite kuva hashize iminsi itatu kandi birushaho kuba bibi. Ese ibi birakomeye?",kinyarwanda,URGENT,chronic_care,kinyarwanda->kinyarwanda:URGENT:chronic_care,{REL} nta miti ya SIDA afite.,Nta miti ya SIDA mfite.
"Mumbabarire, ndashaka kubabwira ikibazo mfite. Naguye, ukuguru kuragoramye ariko sinumva ko kuvunitse kuva hashize icyumweru bikarushaho nijoro. Ntegereze cyangwa nsuzumwe ubu?",kinyarwanda,URGENT,haemorrhage_trauma,kinyarwanda->kinyarwanda:URGENT:haemorrhage_trauma,"Naguye, ukuguru kuragoramye ariko sinumva ko kuvunitse.","Naguye, ukuguru kuragoramye ariko sinumva ko kuvunitse."
"Simbizi niba bikomeye ariko, mfite umuriro mwinshi kandi nagagaye kuva mu cyumweru gishize kandi nta miti mfite. Ntegereze cyangwa nsuzumwe ubu?",kinyarwanda,CRITICAL,infectious_fever,kinyarwanda->kinyarwanda:CRITICAL:infectious_fever,Mfite umuriro mwinshi kandi nagagaye.,Mfite umuriro mwinshi kandi nagagaye.
"Mumbabarire, ndashaka kubabwira ikibazo mfite. Mushiki wanjye amaze umunsi wose ari mu bubabare bwo kubyara ariko umwana ntarasohoka kuva hashize iminsi ibiri kandi ndahangayitse. Ese ibi birakomeye?",kinyarwanda,CRITICAL,obstetric,kinyarwanda->kinyarwanda:CRITICAL:obstetric,{REL} amaze umunsi wose ari mu bubabare bwo kubyara ariko umwana ntarasohoka.,Maze umunsi wose mbabara ngerageza kubyara ariko umwana ntarasohoka.
"Mfasha vuba, mfite igisebe ku kirenge kidakira kandi mfite diyabete kuva hashize iminsi itatu. Abandi bana na bo bafite iki kibazo. Ntegereze cyangwa nsuzumwe ubu?",kinyarwanda,URGENT,chronic_care,kinyarwanda->kinyarwanda:URGENT:chronic_care,Mfite igisebe ku kirenge kidakira kandi mfite diyabete.,Mfite igisebe ku kirenge kidakira kandi mfite diyabete.
"Simbizi niba bikomeye ariko, mushiki wanjye yaraguye none arababara cyane kuva hashize iminsi itatu biragenda bikagaruka. Ntegereze cyangwa nsuzumwe ubu?",kinyarwanda,URGENT,haemorrhage_trauma,kinyarwanda->kinyarwanda:URGENT:haemorrhage_trauma,{REL} yaraguye none arababara cyane.,naraguye none ndababara cyane
"Nyabuneka, umukecuru afite umuriro mwinshi kandi arakorora cyane kuva mu masaha abiri ashize kandi ndahangayitse. Ntegereze cyangwa nsuzumwe ubu?",kinyarwanda,URGENT,infectious_fever,kinyarwanda->kinyarwanda:URGENT:infectious_fever,{REL} afite umuriro mwinshi kandi arakorora cyane.,mfite umuriro mwinshi kandi ndakorora cyane
"Nyabuneka, umwana wanjye afite ikibazo cyo kutabasha guhumeka neza, kandi uruhu rwe rwahindutse ubururu kuva hashize iminsi itatu. Byatangiye gitunguranye.",kinyarwanda,CRITICAL,paediatric,kinyarwanda->kinyarwanda:CRITICAL:paediatric,"{REL} afite ikibazo cyo kutabasha guhumeka neza, kandi uruhu rwe rwahindutse ubururu","{REL} afite ikibazo cyo kutabasha guhumeka neza, kandi uruhu rwe rwahindutse ubururu"
"Ndakeneye ubufasha, mama ashaka inama ku biryo byo kugaburira umwana we kandi nta miti mfite. Mfasha muganga.",kinyarwanda,ROUTINE,preventive,kinyarwanda->kinyarwanda:ROUTINE:preventive,{REL} ashaka inama ku biryo byo kugaburira umwana we.,Ndashaka inama ku biryo byo kugaburira umwana wanjye.
"Naje hano mbere, umugabo wanjye ashaka ko bapima ibiro by'umwana we biragenda bikagaruka. Ntegereze cyangwa nsuzumwe ubu?",kinyarwanda,ROUTINE,paediatric,kinyarwanda->kinyarwanda:ROUTINE:paediatric,{REL} ashaka ko bapima ibiro by'umwana we.,Ndashaka ko bapima ibiro by'umwana wanjye.
"Iyo umwana wanjye amaze kurya, yumva inda itameze neza kuva mu masaha abiri ashize kandi nta miti mfite. Ndakeneye ubufasha vuba.",kinyarwanda,ROUTINE,gastrointestinal,kinyarwanda->kinyarwanda:ROUTINE:gastrointestinal,"Iyo {REL} amaze kurya, yumva inda itameze neza.","Iyo {REL} amaze kurya, yumva inda itameze neza."
"Mfasha vuba, mama ashaka ko bapima SIDA kuva ejo bikarushaho nijoro. Ese ibi birakomeye?",kinyarwanda,ROUTINE,preventive,kinyarwanda->kinyarwanda:ROUTINE:preventive,{REL} ashaka ko bapima SIDA.,Ndashaka ko bapima SIDA.
Ndatwite kandi ndashaka kujya kwa muganga kwisuzumisha kuva mu masaha abiri ashize bikarushaho nijoro. Urakoze.,kinyarwanda,ROUTINE,obstetric,kinyarwanda->kinyarwanda:ROUTINE:obstetric,Ndatwite kandi ndashaka kujya kwa muganga kwisuzumisha.,Ndatwite kandi ndashaka kujya kwa muganga kwisuzumisha.
Umuturanyi wanjye araruka cyane kandi yumva afite intege nke kuva mu cyumweru gishize kandi birushaho kuba bibi. Ntegereze cyangwa nsuzumwe ubu?,kinyarwanda,URGENT,gastrointestinal,kinyarwanda->kinyarwanda:URGENT:gastrointestinal,{REL} araruka cyane kandi yumva afite intege nke.,ndaruka cyane kandi numva mfite intege nke
"Nyabuneka, maze umunsi wose mbabara ngerageza kubyara ariko umwana ntarasohoka kuva hashize iminsi ibiri. Byatangiye gitunguranye. Ntegereze cyangwa nsuzumwe ubu?",kinyarwanda,CRITICAL,obstetric,kinyarwanda->kinyarwanda:CRITICAL:obstetric,Maze umunsi wose mbabara ngerageza kubyara ariko umwana ntarasohoka.,Maze umunsi wose mbabara ngerageza kubyara ariko umwana ntarasohoka.
"Muganga, naraguye none ndababara cyane kuva ijoro ryashize biragenda bikagaruka. Ese ibi birakomeye?",kinyarwanda,URGENT,haemorrhage_trauma,kinyarwanda->kinyarwanda:URGENT:haemorrhage_trauma,naraguye none ndababara cyane,naraguye none ndababara cyane
"Mfasha, umuturanyi wanjye afite umuriro mwinshi kandi arakorora cyane kuva hashize icyumweru biragenda bikagaruka. Ntabasha kubona amafaranga yo kongera kuza kwa muganga.",kinyarwanda,URGENT,infectious_fever,kinyarwanda->kinyarwanda:URGENT:infectious_fever,{REL} afite umuriro mwinshi kandi arakorora cyane.,mfite umuriro mwinshi kandi ndakorora cyane
Ndashaka kukubwira ikibazo mfite. Ndashaka ko bapima umuvuduko w'amaraso kuva mu gitondo kandi nta miti mfite. Nkora iki?,kinyarwanda,ROUTINE,preventive,kinyarwanda->kinyarwanda:ROUTINE:preventive,Ndashaka ko bapima umuvuduko w'amaraso.,Ndashaka ko bapima umuvuduko w'amaraso.
"Nzanye umwana wanjye, mfite ibimenyetso bya malariya, umuriro n'imbeho kuva ejo kandi birushaho kuba bibi",kinyarwanda,URGENT,infectious_fever,kinyarwanda->kinyarwanda:URGENT:infectious_fever,"Mfite ibimenyetso bya malariya, umuriro n'imbeho.","Mfite ibimenyetso bya malariya, umuriro n'imbeho."
"Nyabuneka, umwana wanjye afite umuriro kandi umutwe uramubabaza cyane kuva hashize icyumweru biragenda bikagaruka. Ntabasha kubona amafaranga yo kongera kuza kwa muganga.",kinyarwanda,URGENT,infectious_fever,kinyarwanda->kinyarwanda:URGENT:infectious_fever,{REL} afite umuriro kandi umutwe uramubabaza cyane.,mfite umuriro kandi umutwe urandya cyane
Uruhande rumwe rw'umubiri we ntirukora kuva mu cyumweru gishize kandi birushaho kuba bibi,kinyarwanda,CRITICAL,neurological,kinyarwanda->kinyarwanda:CRITICAL:neurological,Uruhande rumwe rw'umubiri we ntirukora.,Uruhande rumwe rw'umubiri we ntirukora.
"Nzanye umwana wanjye, ndashaka kugirwa inama uko nakonsa umwana kuva mu gitondo kandi sinshobora gusinzira. Ndakeneye ubufasha vuba.",kinyarwanda,ROUTINE,obstetric,kinyarwanda->kinyarwanda:ROUTINE:obstetric,Ndashaka kugirwa inama uko nakonsa umwana.,Ndashaka kugirwa inama uko nakonsa umwana.
"Mfasha, maze ibyumweru birenga bibiri ndwaye impiswi kuva ijoro ryashize. Byatangiye gitunguranye. Ni imiti ki nafata?",kinyarwanda,URGENT,gastrointestinal,kinyarwanda->kinyarwanda:URGENT:gastrointestinal,Maze ibyumweru birenga bibiri ndwaye impiswi.,Maze ibyumweru birenga bibiri ndwaye impiswi.
"Mumbabarire, ndashaka kubabwira ikibazo mfite. Papa yaraguye none arababara cyane kuva hashize icyumweru. Ntegereze cyangwa nsuzumwe ubu?",kinyarwanda,URGENT,haemorrhage_trauma,kinyarwanda->kinyarwanda:URGENT:haemorrhage_trauma,{REL} yaraguye none arababara cyane.,naraguye none ndababara cyane
"Nzanye umwana wanjye, papa araruka cyane kandi yumva afite intege nke kuva hashize icyumweru. Abandi bana na bo bafite iki kibazo. Naje mvuye kure.",kinyarwanda,URGENT,gastrointestinal,kinyarwanda->kinyarwanda:URGENT:gastrointestinal,{REL} araruka cyane kandi yumva afite intege nke.,ndaruka cyane kandi numva mfite intege nke
"Mumbabarire, ndashaka kubabwira ikibazo mfite. Isukari yo mu maraso yanjye yazamutse cyane kuva hashize iminsi itatu nta miti imfasha",kinyarwanda,URGENT,chronic_care,kinyarwanda->kinyarwanda:URGENT:chronic_care,isukari yo mu maraso yanjye yazamutse cyane,isukari yo mu maraso yanjye yazamutse cyane
"Nzanye umwana wanjye, umutima uratera cyane kandi nkumva umeze nk'aho uhagarara kuva mu gitondo bikarushaho nijoro. Nkora iki?",kinyarwanda,CRITICAL,cardiac_respiratory,kinyarwanda->kinyarwanda:CRITICAL:cardiac_respiratory,umutima uratera cyane kandi nkumva umeze nk'aho uhagarara,umutima uratera cyane kandi nkumva umeze nk'aho uhagarara
"Mumbabarire, ndashaka kubabwira ikibazo mfite. Umwana wanjye afite umuhaha kuva mu cyumweru gishize. Murakoze.",kinyarwanda,URGENT,paediatric,kinyarwanda->kinyarwanda:URGENT:paediatric,{REL} afite umuhaha.,Mfite umuhaha.
"Mumbabarire, ndashaka kubabwira ikibazo mfite. Mushiki wanjye ashaka kugirwa inama ku mazi yo kunywa kuva hashize iminsi itatu. Abandi bana na bo bafite iki kibazo. Urakoze.",kinyarwanda,ROUTINE,preventive,kinyarwanda->kinyarwanda:ROUTINE:preventive,{REL} ashaka kugirwa inama ku mazi yo kunywa.,Ndashaka kugirwa inama ku mazi yo kunywa.
"Muraho, maze ibyumweru birenga bibiri ndwaye impiswi kuva mu cyumweru gishize kandi birushaho kuba bibi. Nkora iki?",kinyarwanda,URGENT,gastrointestinal,kinyarwanda->kinyarwanda:URGENT:gastrointestinal,Maze ibyumweru birenga bibiri ndwaye impiswi.,Maze ibyumweru birenga bibiri ndwaye impiswi.
Naraguye none ndababara cyane bikarushaho nijoro. Ese ibi birakomeye?,kinyarwanda,URGENT,haemorrhage_trauma,kinyarwanda->kinyarwanda:URGENT:haemorrhage_trauma,naraguye none ndababara cyane,naraguye none ndababara cyane
"Nyabuneka, ndashaka inama ku biryo byo kugaburira umwana wanjye kuva ubu gitondo cya kare. Nkora iki?",kinyarwanda,ROUTINE,preventive,kinyarwanda->kinyarwanda:ROUTINE:preventive,Ndashaka inama ku biryo byo kugaburira umwana wanjye.,Ndashaka inama ku biryo byo kugaburira umwana wanjye.
"Muganga, ndatwite kandi nagagaye bikarushaho nijoro",kinyarwanda,CRITICAL,obstetric,kinyarwanda->kinyarwanda:CRITICAL:obstetric,Ndatwite kandi nagagaye.,Ndatwite kandi nagagaye.
"Naje hano mbere, umwana wanjye afite umuriro woroheje umaze umunsi umwe, ariko nta kindi kibazo afite kuva mu masaha abiri ashize nta miti imfasha. Nkora iki?",kinyarwanda,ROUTINE,infectious_fever,kinyarwanda->kinyarwanda:ROUTINE:infectious_fever,"{REL} afite umuriro woroheje umaze umunsi umwe, ariko nta kindi kibazo afite.","mfite umuriro woroheje umaze umunsi umwe, ariko nta kindi kibazo mfite"
"Nzanye umwana wanjye, narumwe n'inzoka kuva mu cyumweru gishize kandi nta miti mfite. Naje mvuye kure.",kinyarwanda,URGENT,haemorrhage_trauma,kinyarwanda->kinyarwanda:URGENT:haemorrhage_trauma,Narumwe n'inzoka.,Narumwe n'inzoka.
"Simbizi niba bikomeye ariko, isukari yo mu maraso yanjye yazamutse cyane kuva mu cyumweru gishize kandi sinshobora gusinzira. Mfasha muganga.",kinyarwanda,URGENT,chronic_care,kinyarwanda->kinyarwanda:URGENT:chronic_care,isukari yo mu maraso yanjye yazamutse cyane,isukari yo mu maraso yanjye yazamutse cyane
"Nzanye umwana wanjye, naguye, ukuguru kuragoramye ariko sinumva ko kuvunitse kuva ijoro ryashize kandi nta miti mfite. Ese ibi birakomeye?",kinyarwanda,URGENT,haemorrhage_trauma,kinyarwanda->kinyarwanda:URGENT:haemorrhage_trauma,"Naguye, ukuguru kuragoramye ariko sinumva ko kuvunitse.","Naguye, ukuguru kuragoramye ariko sinumva ko kuvunitse."
"Mfasha, ndashaka kongererwa imiti y'umuvuduko w'amaraso kuva mu gitondo nta miti imfasha. Ese ibi birakomeye?",kinyarwanda,ROUTINE,chronic_care,kinyarwanda->kinyarwanda:ROUTINE:chronic_care,Ndashaka kongererwa imiti y'umuvuduko w'amaraso.,Ndashaka kongererwa imiti y'umuvuduko w'amaraso.
"Mfasha, maze umunsi wose mbabara ngerageza kubyara ariko umwana ntarasohoka kuva ijoro ryashize. Abandi bana na bo bafite iki kibazo.",kinyarwanda,CRITICAL,obstetric,kinyarwanda->kinyarwanda:CRITICAL:obstetric,Maze umunsi wose mbabara ngerageza kubyara ariko umwana ntarasohoka.,Maze umunsi wose mbabara ngerageza kubyara ariko umwana ntarasohoka.
"Muraho, naguye, ukuguru kuragoramye ariko sinumva ko kuvunitse kuva mu masaha abiri ashize nta miti imfasha. Ni imiti ki nafata?",kinyarwanda,URGENT,haemorrhage_trauma,kinyarwanda->kinyarwanda:URGENT:haemorrhage_trauma,"Naguye, ukuguru kuragoramye ariko sinumva ko kuvunitse.","Naguye, ukuguru kuragoramye ariko sinumva ko kuvunitse."
"Simbizi niba bikomeye ariko, umutwe urandya ariko ntabwo cyane kuva mu cyumweru gishize. Abandi bana na bo bafite iki kibazo. Ndakeneye ubufasha vuba.",kinyarwanda,ROUTINE,neurological,kinyarwanda->kinyarwanda:ROUTINE:neurological,umutwe urandya ariko ntabwo cyane,umutwe urandya ariko ntabwo cyane
"Muraho, umugore wanjye iminwa ye yahindutse ubururu kuva hashize iminsi itatu. Abandi bana na bo bafite iki kibazo.",kinyarwanda,CRITICAL,cardiac_respiratory,kinyarwanda->kinyarwanda:CRITICAL:cardiac_respiratory,{REL} iminwa ye yahindutse ubururu.,Iminwa yanjye yahindutse ubururu.
"Mfasha, ndashaka ko bapima ibiro by'umwana wanjye kuva hashize iminsi ibiri kandi ndahangayitse. Urakoze.",kinyarwanda,ROUTINE,paediatric,kinyarwanda->kinyarwanda:ROUTINE:paediatric,Ndashaka ko bapima ibiro by'umwana wanjye.,Ndashaka ko bapima ibiro by'umwana wanjye.
"Muraho, umwana wanjye afite umuriro woroheje umaze umunsi umwe, ariko nta kindi kibazo afite kuva ubu gitondo cya kare kandi birushaho kuba bibi. Ntegereze cyangwa nsuzumwe ubu?",kinyarwanda,ROUTINE,infectious_fever,kinyarwanda->kinyarwanda:ROUTINE:infectious_fever,"{REL} afite umuriro woroheje umaze umunsi umwe, ariko nta kindi kibazo afite.","mfite umuriro woroheje umaze umunsi umwe, ariko nta kindi kibazo mfite"
"Muraho, iyo mpumeka, numva igituza gifashe kandi mpumeka nkumva hari ijwi ridasanzwe kuva hashize iminsi itatu. Abandi bana na bo bafite iki kibazo.",kinyarwanda,URGENT,cardiac_respiratory,kinyarwanda->kinyarwanda:URGENT:cardiac_respiratory,"Iyo mpumeka, numva igituza gifashe kandi mpumeka nkumva hari ijwi ridasanzwe.","Iyo mpumeka, numva igituza gifashe kandi mpumeka nkumva hari ijwi ridasanzwe."
Ndashaka kukubwira ikibazo mfite. Umuturanyi wanjye nta miti ya SIDA afite kuva mu gitondo. Urakoze.,kinyarwanda,URGENT,chronic_care,kinyarwanda->kinyarwanda:URGENT:chronic_care,{REL} nta miti ya SIDA afite.,Nta miti ya SIDA mfite.
"Simbizi niba bikomeye ariko, papa iminwa ye yahindutse ubururu kuva hashize icyumweru. Byatangiye gitunguranye. Naje mvuye kure.",kinyarwanda,CRITICAL,cardiac_respiratory,kinyarwanda->kinyarwanda:CRITICAL:cardiac_respiratory,{REL} iminwa ye yahindutse ubururu.,Iminwa yanjye yahindutse ubururu.
"Mfasha, umwana wanjye afite umuhaha kuva ijoro ryashize kandi ndahangayitse. Naje mvuye kure.",kinyarwanda,URGENT,paediatric,kinyarwanda->kinyarwanda:URGENT:paediatric,{REL} afite umuhaha.,Mfite umuhaha.
Mu gituza harandya cyane kandi ububabare bukagera no ku kuboko. Byatangiye gitunguranye. Nkora iki?,kinyarwanda,CRITICAL,cardiac_respiratory,kinyarwanda->kinyarwanda:CRITICAL:cardiac_respiratory,mu gituza harandya cyane kandi ububabare bukagera no ku kuboko,mu gituza harandya cyane kandi ububabare bukagera no ku kuboko
"Nyabuneka, mfite umwanda usa umukara kuva mu cyumweru gishize. Ese ibi birakomeye?",kinyarwanda,CRITICAL,gastrointestinal,kinyarwanda->kinyarwanda:CRITICAL:gastrointestinal,Mfite umwanda usa umukara.,Mfite umwanda usa umukara.
"Mfasha, papa arakomeza kuruka kandi ntashobora kurya kuva ijoro ryashize kandi ndahangayitse. Naje mvuye kure.",kinyarwanda,URGENT,gastrointestinal,kinyarwanda->kinyarwanda:URGENT:gastrointestinal,{REL} arakomeza kuruka kandi ntashobora kurya.,ndakomeza kuruka kandi sinshobora kurya
Umugore wanjye yaraguye none arababara cyane kuva ejo kandi ndahangayitse. Ntegereze cyangwa nsuzumwe ubu?,kinyarwanda,URGENT,haemorrhage_trauma,kinyarwanda->kinyarwanda:URGENT:haemorrhage_trauma,{REL} yaraguye none arababara cyane.,naraguye none ndababara cyane
"Nzanye umwana wanjye, mfite igikomere cyanduye, kiratukura kandi kirimo amashyira kuva hashize iminsi ibiri. Ntabasha kubona amafaranga yo kongera kuza kwa muganga.",kinyarwanda,URGENT,haemorrhage_trauma,kinyarwanda->kinyarwanda:URGENT:haemorrhage_trauma,"mfite igikomere cyanduye, kiratukura kandi kirimo amashyira","mfite igikomere cyanduye, kiratukura kandi kirimo amashyira"
"Mumbabarire, ndashaka kubabwira ikibazo mfite. Umwana wanjye afite ikibazo cyo kutabasha guhumeka neza, kandi uruhu rwe rwahindutse ubururu kuva mu masaha abiri ashize biragenda bikagaruka. Ndakeneye ubufasha vuba.",kinyarwanda,CRITICAL,paediatric,kinyarwanda->kinyarwanda:CRITICAL:paediatric,"{REL} afite ikibazo cyo kutabasha guhumeka neza, kandi uruhu rwe rwahindutse ubururu","{REL} afite ikibazo cyo kutabasha guhumeka neza, kandi uruhu rwe rwahindutse ubururu"
"Mumbabarire, ndashaka kubabwira ikibazo mfite. Ndakomeza kuruka kandi sinshobora kurya. Nkora iki?",kinyarwanda,URGENT,gastrointestinal,kinyarwanda->kinyarwanda:URGENT:gastrointestinal,ndakomeza kuruka kandi sinshobora kurya,ndakomeza kuruka kandi sinshobora kurya
"Mfasha, umwana wanjye afite ububabare bukabije mu nda kuva hashize iminsi itatu. Abandi bana na bo bafite iki kibazo. Mfasha muganga.",kinyarwanda,URGENT,gastrointestinal,kinyarwanda->kinyarwanda:URGENT:gastrointestinal,{REL} afite ububabare bukabije mu nda.,Mfite ububabare bukabije mu nda.
"Nzanye umwana wanjye, mama arakomeza kuruka kandi ntashobora kurya kuva ijoro ryashize nta miti imfasha. Ese ibi birakomeye?",kinyarwanda,URGENT,gastrointestinal,kinyarwanda->kinyarwanda:URGENT:gastrointestinal,{REL} arakomeza kuruka kandi ntashobora kurya.,ndakomeza kuruka kandi sinshobora kurya
"Muraho, iminwa yanjye yahindutse ubururu kuva mu gitondo kandi sinshobora gusinzira. Nkora iki?",kinyarwanda,CRITICAL,cardiac_respiratory,kinyarwanda->kinyarwanda:CRITICAL:cardiac_respiratory,Iminwa yanjye yahindutse ubururu.,Iminwa yanjye yahindutse ubururu.
"Muraho, ndabyara ariko habanje gusohoka umugozi w'umwana kuva ejo nta miti imfasha. Nkora iki?",kinyarwanda,CRITICAL,obstetric,kinyarwanda->kinyarwanda:CRITICAL:obstetric,Ndabyara ariko habanje gusohoka umugozi w'umwana.,Ndabyara ariko habanje gusohoka umugozi w'umwana.
"Mfasha vuba, ndashaka kugirwa inama uko nakonsa umwana kuva ijoro ryashize kandi nta miti mfite. Ntegereze cyangwa nsuzumwe ubu?",kinyarwanda,ROUTINE,obstetric,kinyarwanda->kinyarwanda:ROUTINE:obstetric,Ndashaka kugirwa inama uko nakonsa umwana.,Ndashaka kugirwa inama uko nakonsa umwana.
"Ndakeneye ubufasha, mfite umuhaha kuva mu masaha abiri ashize nta miti imfasha. Naje mvuye kure.",kinyarwanda,URGENT,paediatric,kinyarwanda->kinyarwanda:URGENT:paediatric,Mfite umuhaha.,Mfite umuhaha.
"Muraho, umugore wanjye ntashobora kuvuga neza kandi umunwa we waragoramye kuva ijoro ryashize kandi birushaho kuba bibi. Ntegereze cyangwa nsuzumwe ubu?",kinyarwanda,CRITICAL,neurological,kinyarwanda->kinyarwanda:CRITICAL:neurological,{REL} ntashobora kuvuga neza kandi umunwa we waragoramye.,{REL} ntashobora kuvuga neza kandi umunwa we waragoramye.
"Mumbabarire, ndashaka kubabwira ikibazo mfite. Ndakomeza kuruka kandi sinshobora kurya nta miti imfasha. Ese ibi birakomeye?",kinyarwanda,URGENT,gastrointestinal,kinyarwanda->kinyarwanda:URGENT:gastrointestinal,ndakomeza kuruka kandi sinshobora kurya,ndakomeza kuruka kandi sinshobora kurya
"Muganga, ndatwite kandi ndaruka ibyo ndya byose kuva ubu gitondo cya kare kandi ndahangayitse",kinyarwanda,URGENT,obstetric,kinyarwanda->kinyarwanda:URGENT:obstetric,Ndatwite kandi ndaruka ibyo ndya byose.,Ndatwite kandi ndaruka ibyo ndya byose.
"Naje hano mbere, umugore wanjye ashaka kugirwa inama ku mazi yo kunywa kuva mu masaha abiri ashize. Mfasha muganga.",kinyarwanda,ROUTINE,preventive,kinyarwanda->kinyarwanda:ROUTINE:preventive,{REL} ashaka kugirwa inama ku mazi yo kunywa.,Ndashaka kugirwa inama ku mazi yo kunywa.
"Ndashaka kukubwira ikibazo mfite. Umwana wanjye afite ikibazo cyo kutabasha guhumeka neza, kandi uruhu rwe rwahindutse ubururu kuva ejo. Abandi bana na bo bafite iki kibazo. Ntabasha kubona amafaranga yo kongera kuza kwa muganga.",kinyarwanda,CRITICAL,paediatric,kinyarwanda->kinyarwanda:CRITICAL:paediatric,"{REL} afite ikibazo cyo kutabasha guhumeka neza, kandi uruhu rwe rwahindutse ubururu","{REL} afite ikibazo cyo kutabasha guhumeka neza, kandi uruhu rwe rwahindutse ubururu"
Ndashaka kongererwa imiti y'umuvuduko w'amaraso kuva hashize icyumweru kandi ndahangayitse. Ndakeneye ubufasha vuba.,kinyarwanda,ROUTINE,chronic_care,kinyarwanda->kinyarwanda:ROUTINE:chronic_care,Ndashaka kongererwa imiti y'umuvuduko w'amaraso.,Ndashaka kongererwa imiti y'umuvuduko w'amaraso.
Ndatwite kandi ndaruka ibyo ndya byose kuva mu cyumweru gishize kandi birushaho kuba bibi. Urakoze.,kinyarwanda,URGENT,obstetric,kinyarwanda->kinyarwanda:URGENT:obstetric,Ndatwite kandi ndaruka ibyo ndya byose.,Ndatwite kandi ndaruka ibyo ndya byose.
"Naje hano mbere, papa araruka amaraso kuva mu masaha abiri ashize. Ntegereze cyangwa nsuzumwe ubu?",kinyarwanda,CRITICAL,gastrointestinal,kinyarwanda->kinyarwanda:CRITICAL:gastrointestinal,{REL} araruka amaraso.,Ndaruka amaraso.
"Ndakeneye ubufasha, mushiki wanjye ashaka ko bapima SIDA kuva ijoro ryashize. Ntabasha kubona amafaranga yo kongera kuza kwa muganga.",kinyarwanda,ROUTINE,preventive,kinyarwanda->kinyarwanda:ROUTINE:preventive,{REL} ashaka ko bapima SIDA.,Ndashaka ko bapima SIDA.
"Mumbabarire, ndashaka kubabwira ikibazo mfite. Umwana wanjye afite umuriro woroheje umaze umunsi umwe, ariko nta kindi kibazo afite kuva mu cyumweru gishize kandi sinshobora gusinzira. Ese ibi birakomeye?",kinyarwanda,ROUTINE,infectious_fever,kinyarwanda->kinyarwanda:ROUTINE:infectious_fever,"{REL} afite umuriro woroheje umaze umunsi umwe, ariko nta kindi kibazo afite.","mfite umuriro woroheje umaze umunsi umwe, ariko nta kindi kibazo mfite"
"Simbizi niba bikomeye ariko, ndashaka ko bapima umuvuduko w'amaraso kuva ejo kandi birushaho kuba bibi. Ntabasha kubona amafaranga yo kongera kuza kwa muganga.",kinyarwanda,ROUTINE,preventive,kinyarwanda->kinyarwanda:ROUTINE:preventive,Ndashaka ko bapima umuvuduko w'amaraso.,Ndashaka ko bapima umuvuduko w'amaraso.
Amazuru arantemba gake kuva hashize iminsi ibiri. Byatangiye gitunguranye. Nkora iki?,kinyarwanda,ROUTINE,infectious_fever,kinyarwanda->kinyarwanda:ROUTINE:infectious_fever,amazuru arantemba gake,amazuru arantemba gake
"Simbizi niba bikomeye ariko, umugore wanjye aratwite kandi ashaka kwisuzumisha kwa muganga bwa mbere kuva hashize icyumweru bikarushaho nijoro",kinyarwanda,ROUTINE,preventive,kinyarwanda->kinyarwanda:ROUTINE:preventive,{REL} aratwite kandi ashaka kwisuzumisha kwa muganga bwa mbere.,Ndatwite kandi ndashaka kwisuzumisha kwa muganga bwa mbere.
"Mfasha vuba, umwana wanjye iminwa ye yahindutse ubururu kuva hashize iminsi ibiri kandi ndahangayitse. Nkora iki?",kinyarwanda,CRITICAL,cardiac_respiratory,kinyarwanda->kinyarwanda:CRITICAL:cardiac_respiratory,{REL} iminwa ye yahindutse ubururu.,Iminwa yanjye yahindutse ubururu.
"Mfasha, ndakomeza kuruka kandi sinshobora kurya kuva mu cyumweru gishize. Ntabasha kubona amafaranga yo kongera kuza kwa muganga.",kinyarwanda,URGENT,gastrointestinal,kinyarwanda->kinyarwanda:URGENT:gastrointestinal,ndakomeza kuruka kandi sinshobora kurya,ndakomeza kuruka kandi sinshobora kurya
"Mfasha, mfite gahunda yo gukingiza umwana kuva ejo. Ntegereze cyangwa nsuzumwe ubu?",kinyarwanda,ROUTINE,preventive,kinyarwanda->kinyarwanda:ROUTINE:preventive,Mfite gahunda yo gukingiza umwana.,Mfite gahunda yo gukingiza umwana.
"Naje hano mbere, umuturanyi wanjye afite umuriro kandi umutwe uramubabaza cyane kuva mu gitondo. Byatangiye gitunguranye. Naje mvuye kure.",kinyarwanda,URGENT,infectious_fever,kinyarwanda->kinyarwanda:URGENT:infectious_fever,{REL} afite umuriro kandi umutwe uramubabaza cyane.,mfite umuriro kandi umutwe urandya cyane
"Mfasha vuba, umuturanyi wanjye afite gahunda yo gukingiza umwana kuva mu cyumweru gishize kandi nta miti mfite. Naje mvuye kure.",kinyarwanda,ROUTINE,preventive,kinyarwanda->kinyarwanda:ROUTINE:preventive,{REL} afite gahunda yo gukingiza umwana.,Mfite gahunda yo gukingiza umwana.
"Muganga, mfite umwanda usa umukara kuva hashize icyumweru kandi birushaho kuba bibi. Ni imiti ki nafata?",kinyarwanda,CRITICAL,gastrointestinal,kinyarwanda->kinyarwanda:CRITICAL:gastrointestinal,Mfite umwanda usa umukara.,Mfite umwanda usa umukara.
"Nzanye umwana wanjye, mfite igikomere gito kandi amaraso yarahagaze kuva hashize iminsi ibiri. Abandi bana na bo bafite iki kibazo. Ntegereze cyangwa nsuzumwe ubu?",kinyarwanda,ROUTINE,haemorrhage_trauma,kinyarwanda->kinyarwanda:ROUTINE:haemorrhage_trauma,Mfite igikomere gito kandi amaraso yarahagaze.,Mfite igikomere gito kandi amaraso yarahagaze.
"Nzanye umwana wanjye, mfite umwanda usa umukara kuva ijoro ryashize kandi nta miti mfite. Ndakeneye ubufasha vuba.",kinyarwanda,CRITICAL,gastrointestinal,kinyarwanda->kinyarwanda:CRITICAL:gastrointestinal,Mfite umwanda usa umukara.,Mfite umwanda usa umukara.
Amazuru arantemba gake kuva hashize iminsi itatu kandi sinshobora gusinzira. Nkora iki?,kinyarwanda,ROUTINE,infectious_fever,kinyarwanda->kinyarwanda:ROUTINE:infectious_fever,amazuru arantemba gake,amazuru arantemba gake
"Mfasha, mfite umuhaha kuva ejo kandi sinshobora gusinzira. Ese ibi birakomeye?",kinyarwanda,URGENT,paediatric,kinyarwanda->kinyarwanda:URGENT:paediatric,Mfite umuhaha.,Mfite umuhaha.
"Ndakeneye ubufasha, mama ari kubyara ariko umugozi w'umwana wabanje gusohoka kuva mu masaha abiri ashize kandi birushaho kuba bibi. Ndakeneye ubufasha vuba.",kinyarwanda,CRITICAL,obstetric,kinyarwanda->kinyarwanda:CRITICAL:obstetric,{REL} ari kubyara ariko umugozi w'umwana wabanje gusohoka.,Ndabyara ariko habanje gusohoka umugozi w'umwana.
"Muraho, ndashaka inama ku biryo byo kugaburira umwana wanjye kuva hashize iminsi ibiri. Abandi bana na bo bafite iki kibazo. Naje mvuye kure.",kinyarwanda,ROUTINE,preventive,kinyarwanda->kinyarwanda:ROUTINE:preventive,Ndashaka inama ku biryo byo kugaburira umwana wanjye.,Ndashaka inama ku biryo byo kugaburira umwana wanjye.
"Mfasha, umukecuru iminwa ye yahindutse ubururu kuva hashize iminsi ibiri bikarushaho nijoro. Mfasha muganga.",kinyarwanda,CRITICAL,cardiac_respiratory,kinyarwanda->kinyarwanda:CRITICAL:cardiac_respiratory,{REL} iminwa ye yahindutse ubururu.,Iminwa yanjye yahindutse ubururu.
"Muraho, mu gituza harandya cyane kandi ububabare bukagera no ku kuboko kuva ubu gitondo cya kare kandi sinshobora gusinzira. Mfasha muganga.",kinyarwanda,CRITICAL,cardiac_respiratory,kinyarwanda->kinyarwanda:CRITICAL:cardiac_respiratory,mu gituza harandya cyane kandi ububabare bukagera no ku kuboko,mu gituza harandya cyane kandi ububabare bukagera no ku kuboko
"Simbizi niba bikomeye ariko, umwana wanjye arakomeza kuruka kandi ntashobora kurya. Byatangiye gitunguranye. Nkora iki?",kinyarwanda,URGENT,gastrointestinal,kinyarwanda->kinyarwanda:URGENT:gastrointestinal,{REL} arakomeza kuruka kandi ntashobora kurya.,ndakomeza kuruka kandi sinshobora kurya
"Muraho, umugore wanjye afite igikomere cyanduye, kiratukura kandi kirimo amashyira kuva ejo. Byatangiye gitunguranye. Ni imiti ki nafata?",kinyarwanda,URGENT,haemorrhage_trauma,kinyarwanda->kinyarwanda:URGENT:haemorrhage_trauma,"{REL} afite igikomere cyanduye, kiratukura kandi kirimo amashyira.","mfite igikomere cyanduye, kiratukura kandi kirimo amashyira"
Umugore wanjye ashaka ko bapima ibiro by'umwana we kuva ubu gitondo cya kare. Ntegereze cyangwa nsuzumwe ubu?,kinyarwanda,ROUTINE,paediatric,kinyarwanda->kinyarwanda:ROUTINE:paediatric,{REL} ashaka ko bapima ibiro by'umwana we.,Ndashaka ko bapima ibiro by'umwana wanjye.
"Muganga, uruhande rumwe rw'umubiri we ntirukora kuva hashize icyumweru kandi ndahangayitse. Ndakeneye ubufasha vuba.",kinyarwanda,CRITICAL,neurological,kinyarwanda->kinyarwanda:CRITICAL:neurological,Uruhande rumwe rw'umubiri we ntirukora.,Uruhande rumwe rw'umubiri we ntirukora.
"Ndakeneye ubufasha, uruhande rumwe rw'umubiri we ntirukora kuva mu gitondo. Abandi bana na bo bafite iki kibazo. Mfasha muganga.",kinyarwanda,CRITICAL,neurological,kinyarwanda->kinyarwanda:CRITICAL:neurological,Uruhande rumwe rw'umubiri we ntirukora.,Uruhande rumwe rw'umubiri we ntirukora.
"Simbizi niba bikomeye ariko, umukecuru afite umuriro kandi umutwe uramubabaza cyane kuva ejo kandi nta miti mfite. Ntegereze cyangwa nsuzumwe ubu?",kinyarwanda,URGENT,infectious_fever,kinyarwanda->kinyarwanda:URGENT:infectious_fever,{REL} afite umuriro kandi umutwe uramubabaza cyane.,mfite umuriro kandi umutwe urandya cyane
"Mumbabarire, ndashaka kubabwira ikibazo mfite. Umwana wanjye afite umuriro woroheje umaze umunsi umwe, ariko nta kindi kibazo afite kuva ijoro ryashize bikarushaho nijoro. Ni imiti ki nafata?",kinyarwanda,ROUTINE,infectious_fever,kinyarwanda->kinyarwanda:ROUTINE:infectious_fever,"{REL} afite umuriro woroheje umaze umunsi umwe, ariko nta kindi kibazo afite.","mfite umuriro woroheje umaze umunsi umwe, ariko nta kindi kibazo mfite"
"Muraho, umuturanyi wanjye ntashobora kuvuga neza kandi umunwa we waragoramye kuva mu cyumweru gishize kandi ndahangayitse. Ese ibi birakomeye?",kinyarwanda,CRITICAL,neurological,kinyarwanda->kinyarwanda:CRITICAL:neurological,{REL} ntashobora kuvuga neza kandi umunwa we waragoramye.,{REL} ntashobora kuvuga neza kandi umunwa we waragoramye.
"Muraho, umukecuru arakomeza kuruka kandi ntashobora kurya. Murakoze.",kinyarwanda,URGENT,gastrointestinal,kinyarwanda->kinyarwanda:URGENT:gastrointestinal,{REL} arakomeza kuruka kandi ntashobora kurya.,ndakomeza kuruka kandi sinshobora kurya
"Umwana wanjye afite ikibazo cyo kutabasha guhumeka neza, kandi uruhu rwe rwahindutse ubururu kuva ijoro ryashize. Abandi bana na bo bafite iki kibazo. Nkora iki?",kinyarwanda,CRITICAL,paediatric,kinyarwanda->kinyarwanda:CRITICAL:paediatric,"{REL} afite ikibazo cyo kutabasha guhumeka neza, kandi uruhu rwe rwahindutse ubururu","{REL} afite ikibazo cyo kutabasha guhumeka neza, kandi uruhu rwe rwahindutse ubururu"
"Simbizi niba bikomeye ariko, maze umunsi wose mbabara ngerageza kubyara ariko umwana ntarasohoka kuva mu cyumweru gishize kandi birushaho kuba bibi. Ni imiti ki nafata?",kinyarwanda,CRITICAL,obstetric,kinyarwanda->kinyarwanda:CRITICAL:obstetric,Maze umunsi wose mbabara ngerageza kubyara ariko umwana ntarasohoka.,Maze umunsi wose mbabara ngerageza kubyara ariko umwana ntarasohoka.
Ndashaka kukubwira ikibazo mfite. Amazuru arantemba gake kuva hashize icyumweru. Abandi bana na bo bafite iki kibazo. Ni imiti ki nafata?,kinyarwanda,ROUTINE,infectious_fever,kinyarwanda->kinyarwanda:ROUTINE:infectious_fever,amazuru arantemba gake,amazuru arantemba gake
"Ndakeneye ubufasha, ndashaka inama ku biryo byo kugaburira umwana wanjye kuva ubu gitondo cya kare kandi nta miti mfite. Murakoze.",kinyarwanda,ROUTINE,preventive,kinyarwanda->kinyarwanda:ROUTINE:preventive,Ndashaka inama ku biryo byo kugaburira umwana wanjye.,Ndashaka inama ku biryo byo kugaburira umwana wanjye.
"Mumbabarire, ndashaka kubabwira ikibazo mfite. Umugabo wanjye afite umuriro kandi umutwe uramubabaza cyane. Abandi bana na bo bafite iki kibazo. Naje mvuye kure.",kinyarwanda,URGENT,infectious_fever,kinyarwanda->kinyarwanda:URGENT:infectious_fever,{REL} afite umuriro kandi umutwe uramubabaza cyane.,mfite umuriro kandi umutwe urandya cyane
"Muraho, guhumeka birangora cyane ku buryo ntabasha no kuvuga neza kuva hashize iminsi itatu kandi nta miti mfite. Ni imiti ki nafata?",kinyarwanda,CRITICAL,cardiac_respiratory,kinyarwanda->kinyarwanda:CRITICAL:cardiac_respiratory,Guhumeka birangora cyane ku buryo ntabasha no kuvuga neza.,Guhumeka birangora cyane ku buryo ntabasha no kuvuga neza.
"Mfasha, narumwe n'inzoka kuva hashize iminsi itatu nta miti imfasha. Urakoze.",kinyarwanda,URGENT,haemorrhage_trauma,kinyarwanda->kinyarwanda:URGENT:haemorrhage_trauma,Narumwe n'inzoka.,Narumwe n'inzoka.
"Mfasha vuba, mama afite umuriro kandi umutwe uramubabaza cyane kuva ejo nta miti imfasha. Ni imiti ki nafata?",kinyarwanda,URGENT,infectious_fever,kinyarwanda->kinyarwanda:URGENT:infectious_fever,{REL} afite umuriro kandi umutwe uramubabaza cyane.,mfite umuriro kandi umutwe urandya cyane
"Mfasha, umugabo wanjye arakomeza kuruka kandi ntashobora kurya kuva ejo. Ntegereze cyangwa nsuzumwe ubu?",kinyarwanda,URGENT,gastrointestinal,kinyarwanda->kinyarwanda:URGENT:gastrointestinal,{REL} arakomeza kuruka kandi ntashobora kurya.,ndakomeza kuruka kandi sinshobora kurya
"Simbizi niba bikomeye ariko, mushiki wanjye amaze umunsi wose ari mu bubabare bwo kubyara ariko umwana ntarasohoka kuva ubu gitondo cya kare kandi birushaho kuba bibi. Nkora iki?",kinyarwanda,CRITICAL,obstetric,kinyarwanda->kinyarwanda:CRITICAL:obstetric,{REL} amaze umunsi wose ari mu bubabare bwo kubyara ariko umwana ntarasohoka.,Maze umunsi wose mbabara ngerageza kubyara ariko umwana ntarasohoka.
"Muganga, umuturanyi wanjye arakomeza kuruka kandi ntashobora kurya kuva ijoro ryashize kandi nta miti mfite. Nkora iki?",kinyarwanda,URGENT,gastrointestinal,kinyarwanda->kinyarwanda:URGENT:gastrointestinal,{REL} arakomeza kuruka kandi ntashobora kurya.,ndakomeza kuruka kandi sinshobora kurya
"Simbizi niba bikomeye ariko, ndatwite kandi ndaruka ibyo ndya byose kuva ejo. Byatangiye gitunguranye. Ndakeneye ubufasha vuba.",kinyarwanda,URGENT,obstetric,kinyarwanda->kinyarwanda:URGENT:obstetric,Ndatwite kandi ndaruka ibyo ndya byose.,Ndatwite kandi ndaruka ibyo ndya byose.
"Muganga, ndashaka kongererwa imiti y'umuvuduko w'amaraso kuva mu cyumweru gishize biragenda bikagaruka",kinyarwanda,ROUTINE,chronic_care,kinyarwanda->kinyarwanda:ROUTINE:chronic_care,Ndashaka kongererwa imiti y'umuvuduko w'amaraso.,Ndashaka kongererwa imiti y'umuvuduko w'amaraso.
"Muganga, nta miti y'igituntu mfite kuva mu gitondo kandi nta miti mfite",kinyarwanda,URGENT,chronic_care,kinyarwanda->kinyarwanda:URGENT:chronic_care,Nta miti y'igituntu mfite.,Nta miti y'igituntu mfite.
"Nyabuneka, ndaruka ibyo ndya byose kandi sinshobora no kunywa kuva hashize iminsi itatu kandi nta miti mfite",kinyarwanda,CRITICAL,gastrointestinal,kinyarwanda->kinyarwanda:CRITICAL:gastrointestinal,Ndaruka ibyo ndya byose kandi sinshobora no kunywa.,Ndaruka ibyo ndya byose kandi sinshobora no kunywa.
"Naje hano mbere, umuturanyi wanjye aratwite kandi ashaka kwisuzumisha kwa muganga bwa mbere kuva hashize iminsi ibiri kandi sinshobora gusinzira. Murakoze.",kinyarwanda,ROUTINE,preventive,kinyarwanda->kinyarwanda:ROUTINE:preventive,{REL} aratwite kandi ashaka kwisuzumisha kwa muganga bwa mbere.,Ndatwite kandi ndashaka kwisuzumisha kwa muganga bwa mbere.
"Muraho, mama iminwa ye yahindutse ubururu kuva mu masaha abiri ashize biragenda bikagaruka. Ni imiti ki nafata?",kinyarwanda,CRITICAL,cardiac_respiratory,kinyarwanda->kinyarwanda:CRITICAL:cardiac_respiratory,{REL} iminwa ye yahindutse ubururu.,Iminwa yanjye yahindutse ubururu.
Ndashaka kukubwira ikibazo mfite. Papa umutima we utera cyane kandi yumva umeze nk'aho uhagarara kuva ubu gitondo cya kare. Byatangiye gitunguranye. Ntegereze cyangwa nsuzumwe ubu?,kinyarwanda,CRITICAL,cardiac_respiratory,kinyarwanda->kinyarwanda:CRITICAL:cardiac_respiratory,{REL} umutima we utera cyane kandi yumva umeze nk'aho uhagarara.,umutima uratera cyane kandi nkumva umeze nk'aho uhagarara
"Muraho, ndashaka ko bapima ibiro by'umwana wanjye kuva ubu gitondo cya kare. Byatangiye gitunguranye. Ndakeneye ubufasha vuba.",kinyarwanda,ROUTINE,paediatric,kinyarwanda->kinyarwanda:ROUTINE:paediatric,Ndashaka ko bapima ibiro by'umwana wanjye.,Ndashaka ko bapima ibiro by'umwana wanjye.
"Muganga, mfite umuriro mwinshi kandi nagagaye kuva mu masaha abiri ashize kandi nta miti mfite. Ni imiti ki nafata?",kinyarwanda,CRITICAL,infectious_fever,kinyarwanda->kinyarwanda:CRITICAL:infectious_fever,Mfite umuriro mwinshi kandi nagagaye.,Mfite umuriro mwinshi kandi nagagaye.
"Muraho, mushiki wanjye iminwa ye yahindutse ubururu kandi birushaho kuba bibi. Ese ibi birakomeye?",kinyarwanda,CRITICAL,cardiac_respiratory,kinyarwanda->kinyarwanda:CRITICAL:cardiac_respiratory,{REL} iminwa ye yahindutse ubururu.,Iminwa yanjye yahindutse ubururu.
"Mumbabarire, ndashaka kubabwira ikibazo mfite. Mfite impiswi zirimo amaraso kuva ejo kandi sinshobora gusinzira. Ndakeneye ubufasha vuba.",kinyarwanda,URGENT,gastrointestinal,kinyarwanda->kinyarwanda:URGENT:gastrointestinal,Mfite impiswi zirimo amaraso.,Mfite impiswi zirimo amaraso.
"Naje hano mbere, mfite ibimenyetso bya malariya, umuriro n'imbeho kuva ijoro ryashize bikarushaho nijoro. Naje mvuye kure.",kinyarwanda,URGENT,infectious_fever,kinyarwanda->kinyarwanda:URGENT:infectious_fever,"Mfite ibimenyetso bya malariya, umuriro n'imbeho.","Mfite ibimenyetso bya malariya, umuriro n'imbeho."
"Muganga, ndava amaraso menshi nyuma yo kubyara. Ni imiti ki nafata?",kinyarwanda,CRITICAL,obstetric,kinyarwanda->kinyarwanda:CRITICAL:obstetric,ndava amaraso menshi nyuma yo kubyara,ndava amaraso menshi nyuma yo kubyara
Ndashaka kukubwira ikibazo mfite. Mfite impiswi zirimo amaraso kuva mu gitondo bikarushaho nijoro. Ese ibi birakomeye?,kinyarwanda,URGENT,gastrointestinal,kinyarwanda->kinyarwanda:URGENT:gastrointestinal,Mfite impiswi zirimo amaraso.,Mfite impiswi zirimo amaraso.
"Naje hano mbere, mama ashaka ko bapima SIDA kuva hashize icyumweru nta miti imfasha",kinyarwanda,ROUTINE,preventive,kinyarwanda->kinyarwanda:ROUTINE:preventive,{REL} ashaka ko bapima SIDA.,Ndashaka ko bapima SIDA.
Ndashaka kukubwira ikibazo mfite. Mfite umuriro mwinshi kandi nagagaye kuva hashize icyumweru bikarushaho nijoro. Nkora iki?,kinyarwanda,CRITICAL,infectious_fever,kinyarwanda->kinyarwanda:CRITICAL:infectious_fever,Mfite umuriro mwinshi kandi nagagaye.,Mfite umuriro mwinshi kandi nagagaye.
"Nyabuneka, naguye, ukuguru kuragoramye ariko sinumva ko kuvunitse kuva mu cyumweru gishize kandi sinshobora gusinzira. Ni imiti ki nafata?",kinyarwanda,URGENT,haemorrhage_trauma,kinyarwanda->kinyarwanda:URGENT:haemorrhage_trauma,"Naguye, ukuguru kuragoramye ariko sinumva ko kuvunitse.","Naguye, ukuguru kuragoramye ariko sinumva ko kuvunitse."
"Mfasha, mushiki wanjye aratwite kandi araruka ibyo arya byose kuva hashize icyumweru bikarushaho nijoro. Ndakeneye ubufasha vuba.",kinyarwanda,URGENT,obstetric,kinyarwanda->kinyarwanda:URGENT:obstetric,{REL} aratwite kandi araruka ibyo arya byose.,Ndatwite kandi ndaruka ibyo ndya byose.
"Nyabuneka, mfite igisebe ku kirenge kidakira kandi mfite diyabete kuva hashize iminsi itatu kandi sinshobora gusinzira. Mfasha muganga.",kinyarwanda,URGENT,chronic_care,kinyarwanda->kinyarwanda:URGENT:chronic_care,Mfite igisebe ku kirenge kidakira kandi mfite diyabete.,Mfite igisebe ku kirenge kidakira kandi mfite diyabete.
Ndashaka kukubwira ikibazo mfite. Maze umunsi wose mbabara ngerageza kubyara ariko umwana ntarasohoka kuva hashize iminsi itatu. Byatangiye gitunguranye.,kinyarwanda,CRITICAL,obstetric,kinyarwanda->kinyarwanda:CRITICAL:obstetric,Maze umunsi wose mbabara ngerageza kubyara ariko umwana ntarasohoka.,Maze umunsi wose mbabara ngerageza kubyara ariko umwana ntarasohoka.
Ndashaka kugirwa inama uko nakonsa umwana nta miti imfasha. Murakoze.,kinyarwanda,ROUTINE,obstetric,kinyarwanda->kinyarwanda:ROUTINE:obstetric,Ndashaka kugirwa inama uko nakonsa umwana.,Ndashaka kugirwa inama uko nakonsa umwana.
"Simbizi niba bikomeye ariko, mu rugo hari umuntu urwaye igituntu kandi umugabo wanjye ashaka kwisuzumisha kuva ubu gitondo cya kare nta miti imfasha. Ndakeneye ubufasha vuba.",kinyarwanda,URGENT,preventive,kinyarwanda->kinyarwanda:URGENT:preventive,Mu rugo hari umuntu urwaye igituntu kandi {REL} ashaka kwisuzumisha.,Mu rugo hari umuntu urwaye igituntu kandi ndashaka kwisuzumisha.
Ndashaka kukubwira ikibazo mfite. Mama ashaka kugirwa inama ku mazi yo kunywa kuva ijoro ryashize. Abandi bana na bo bafite iki kibazo. Murakoze.,kinyarwanda,ROUTINE,preventive,kinyarwanda->kinyarwanda:ROUTINE:preventive,{REL} ashaka kugirwa inama ku mazi yo kunywa.,Ndashaka kugirwa inama ku mazi yo kunywa.
"Ndashaka kukubwira ikibazo mfite. Iyo mpumeka, numva igituza gifashe kandi mpumeka nkumva hari ijwi ridasanzwe kuva hashize iminsi ibiri. Abandi bana na bo bafite iki kibazo. Ese ibi birakomeye?",kinyarwanda,URGENT,cardiac_respiratory,kinyarwanda->kinyarwanda:URGENT:cardiac_respiratory,"Iyo mpumeka, numva igituza gifashe kandi mpumeka nkumva hari ijwi ridasanzwe.","Iyo mpumeka, numva igituza gifashe kandi mpumeka nkumva hari ijwi ridasanzwe."
"Ndakeneye ubufasha, nta miti y'igituntu mfite kuva hashize iminsi ibiri kandi ndahangayitse. Ndakeneye ubufasha vuba.",kinyarwanda,URGENT,chronic_care,kinyarwanda->kinyarwanda:URGENT:chronic_care,Nta miti y'igituntu mfite.,Nta miti y'igituntu mfite.
"Mfasha, umwana wanjye akorora gake ariko nta muriro afite kuva hashize icyumweru kandi birushaho kuba bibi. Nkora iki?",kinyarwanda,ROUTINE,cardiac_respiratory,kinyarwanda->kinyarwanda:ROUTINE:cardiac_respiratory,{REL} akorora gake ariko nta muriro afite.,Nkorora gake ariko nta muriro mfite.
"Naje hano mbere, mu gituza harandya cyane kandi ububabare bukagera no ku kuboko kuva ijoro ryashize kandi nta miti mfite. Ntabasha kubona amafaranga yo kongera kuza kwa muganga.",kinyarwanda,CRITICAL,cardiac_respiratory,kinyarwanda->kinyarwanda:CRITICAL:cardiac_respiratory,mu gituza harandya cyane kandi ububabare bukagera no ku kuboko,mu gituza harandya cyane kandi ububabare bukagera no ku kuboko
"Naje hano mbere, umwana wanjye amazuru ye aratemba gake kuva hashize iminsi itatu biragenda bikagaruka. Ntegereze cyangwa nsuzumwe ubu?",kinyarwanda,ROUTINE,infectious_fever,kinyarwanda->kinyarwanda:ROUTINE:infectious_fever,{REL} amazuru ye aratemba gake.,amazuru arantemba gake
Ndashaka kugirwa inama uko nakonsa umwana kuva hashize iminsi ibiri kandi ndahangayitse. Mfasha muganga.,kinyarwanda,ROUTINE,obstetric,kinyarwanda->kinyarwanda:ROUTINE:obstetric,Ndashaka kugirwa inama uko nakonsa umwana.,Ndashaka kugirwa inama uko nakonsa umwana.
"Simbizi niba bikomeye ariko, umuturanyi wanjye amaze iminsi itatu arwaye impiswi zikomeye kuva mu masaha abiri ashize kandi birushaho kuba bibi. Urakoze.",kinyarwanda,URGENT,gastrointestinal,kinyarwanda->kinyarwanda:URGENT:gastrointestinal,{REL} amaze iminsi itatu arwaye impiswi zikomeye.,maze iminsi itatu ndwaye impiswi zikomeye
"Mumbabarire, ndashaka kubabwira ikibazo mfite. Ndatwite kandi ndaruka ibyo ndya byose kuva mu cyumweru gishize kandi ndahangayitse. Murakoze.",kinyarwanda,URGENT,obstetric,kinyarwanda->kinyarwanda:URGENT:obstetric,Ndatwite kandi ndaruka ibyo ndya byose.,Ndatwite kandi ndaruka ibyo ndya byose.
Ndashaka kukubwira ikibazo mfite. Maze ibyumweru birenga bibiri ndwaye impiswi. Byatangiye gitunguranye. Urakoze.,kinyarwanda,URGENT,gastrointestinal,kinyarwanda->kinyarwanda:URGENT:gastrointestinal,Maze ibyumweru birenga bibiri ndwaye impiswi.,Maze ibyumweru birenga bibiri ndwaye impiswi.
"Muraho, umugabo wanjye yaraguye none arababara cyane kuva mu gitondo kandi ndahangayitse. Ntabasha kubona amafaranga yo kongera kuza kwa muganga.",kinyarwanda,URGENT,haemorrhage_trauma,kinyarwanda->kinyarwanda:URGENT:haemorrhage_trauma,{REL} yaraguye none arababara cyane.,naraguye none ndababara cyane
Ndashaka kukubwira ikibazo mfite. Mu gituza harandya cyane kandi ububabare bukagera no ku kuboko kuva hashize iminsi ibiri kandi ndahangayitse. Ndakeneye ubufasha vuba.,kinyarwanda,CRITICAL,cardiac_respiratory,kinyarwanda->kinyarwanda:CRITICAL:cardiac_respiratory,mu gituza harandya cyane kandi ububabare bukagera no ku kuboko,mu gituza harandya cyane kandi ububabare bukagera no ku kuboko
"Mfasha vuba, mfite igikomere gito kandi amaraso yarahagaze kuva ubu gitondo cya kare. Ndakeneye ubufasha vuba.",kinyarwanda,ROUTINE,haemorrhage_trauma,kinyarwanda->kinyarwanda:ROUTINE:haemorrhage_trauma,Mfite igikomere gito kandi amaraso yarahagaze.,Mfite igikomere gito kandi amaraso yarahagaze.
Mfite umwanda usa umukara kuva mu cyumweru gishize bikarushaho nijoro. Ntegereze cyangwa nsuzumwe ubu?,kinyarwanda,CRITICAL,gastrointestinal,kinyarwanda->kinyarwanda:CRITICAL:gastrointestinal,Mfite umwanda usa umukara.,Mfite umwanda usa umukara.
Ndashaka kukubwira ikibazo mfite. Mama aratwite kandi araruka ibyo arya byose kuva hashize iminsi ibiri kandi nta miti mfite. Murakoze.,kinyarwanda,URGENT,obstetric,kinyarwanda->kinyarwanda:URGENT:obstetric,{REL} aratwite kandi araruka ibyo arya byose.,Ndatwite kandi ndaruka ibyo ndya byose.
"Mumbabarire, ndashaka kubabwira ikibazo mfite. Ndakomeza kuruka kandi sinshobora kurya kuva hashize iminsi itatu. Byatangiye gitunguranye. Urakoze.",kinyarwanda,URGENT,gastrointestinal,kinyarwanda->kinyarwanda:URGENT:gastrointestinal,ndakomeza kuruka kandi sinshobora kurya,ndakomeza kuruka kandi sinshobora kurya
"Mfasha vuba, umukecuru afite umuriro kandi umutwe uramubabaza cyane kandi birushaho kuba bibi. Naje mvuye kure.",kinyarwanda,URGENT,infectious_fever,kinyarwanda->kinyarwanda:URGENT:infectious_fever,{REL} afite umuriro kandi umutwe uramubabaza cyane.,mfite umuriro kandi umutwe urandya cyane
"Nzanye umwana wanjye, umukecuru amaze iminsi itatu arwaye impiswi zikomeye kuva mu cyumweru gishize bikarushaho nijoro. Ntegereze cyangwa nsuzumwe ubu?",kinyarwanda,URGENT,gastrointestinal,kinyarwanda->kinyarwanda:URGENT:gastrointestinal,{REL} amaze iminsi itatu arwaye impiswi zikomeye.,maze iminsi itatu ndwaye impiswi zikomeye
"Nyabuneka, umutima uratera cyane kandi nkumva umeze nk'aho uhagarara kuva hashize iminsi itatu. Ese ibi birakomeye?",kinyarwanda,CRITICAL,cardiac_respiratory,kinyarwanda->kinyarwanda:CRITICAL:cardiac_respiratory,umutima uratera cyane kandi nkumva umeze nk'aho uhagarara,umutima uratera cyane kandi nkumva umeze nk'aho uhagarara
Umutwe urandya ariko ntabwo cyane kuva ijoro ryashize bikarushaho nijoro. Ese ibi birakomeye?,kinyarwanda,ROUTINE,neurological,kinyarwanda->kinyarwanda:ROUTINE:neurological,umutwe urandya ariko ntabwo cyane,umutwe urandya ariko ntabwo cyane
"Nyabuneka, ndava amaraso menshi nyuma yo kubyara kuva mu gitondo. Abandi bana na bo bafite iki kibazo. Ntabasha kubona amafaranga yo kongera kuza kwa muganga.",kinyarwanda,CRITICAL,obstetric,kinyarwanda->kinyarwanda:CRITICAL:obstetric,ndava amaraso menshi nyuma yo kubyara,ndava amaraso menshi nyuma yo kubyara
"Nyabuneka, umwana wanjye iminwa ye yahindutse ubururu kuva ijoro ryashize biragenda bikagaruka. Ni imiti ki nafata?",kinyarwanda,CRITICAL,cardiac_respiratory,kinyarwanda->kinyarwanda:CRITICAL:cardiac_respiratory,{REL} iminwa ye yahindutse ubururu.,Iminwa yanjye yahindutse ubururu.
"Muganga, nkorora gake ariko nta muriro mfite kuva ijoro ryashize kandi ndahangayitse. Ntegereze cyangwa nsuzumwe ubu?",kinyarwanda,ROUTINE,cardiac_respiratory,kinyarwanda->kinyarwanda:ROUTINE:cardiac_respiratory,Nkorora gake ariko nta muriro mfite.,Nkorora gake ariko nta muriro mfite.
"Naje hano mbere, mama aratwite kandi araruka ibyo arya byose kuva hashize icyumweru. Byatangiye gitunguranye. Nkora iki?",kinyarwanda,URGENT,obstetric,kinyarwanda->kinyarwanda:URGENT:obstetric,{REL} aratwite kandi araruka ibyo arya byose.,Ndatwite kandi ndaruka ibyo ndya byose.
"Muraho, ndatwite kandi nagagaye kuva ijoro ryashize kandi sinshobora gusinzira. Nkora iki?",kinyarwanda,CRITICAL,obstetric,kinyarwanda->kinyarwanda:CRITICAL:obstetric,Ndatwite kandi nagagaye.,Ndatwite kandi nagagaye.
"Ndakeneye ubufasha, umukecuru afite ubushye bunini ku mubiri kuva hashize icyumweru kandi nta miti mfite. Ntabasha kubona amafaranga yo kongera kuza kwa muganga.",kinyarwanda,CRITICAL,haemorrhage_trauma,kinyarwanda->kinyarwanda:CRITICAL:haemorrhage_trauma,{REL} afite ubushye bunini ku mubiri.,Mfite ubushye bunini ku mubiri.
"Simbizi niba bikomeye ariko, mfite igikomere cyanduye, kiratukura kandi kirimo amashyira kuva mu cyumweru gishize. Byatangiye gitunguranye. Murakoze.",kinyarwanda,URGENT,haemorrhage_trauma,kinyarwanda->kinyarwanda:URGENT:haemorrhage_trauma,"mfite igikomere cyanduye, kiratukura kandi kirimo amashyira","mfite igikomere cyanduye, kiratukura kandi kirimo amashyira"
Ndashaka kukubwira ikibazo mfite. Mama ntashobora kuvuga neza kandi umunwa we waragoramye kuva hashize iminsi itatu kandi nta miti mfite. Ni imiti ki nafata?,kinyarwanda,CRITICAL,neurological,kinyarwanda->kinyarwanda:CRITICAL:neurological,{REL} ntashobora kuvuga neza kandi umunwa we waragoramye.,{REL} ntashobora kuvuga neza kandi umunwa we waragoramye.
Ndashaka kukubwira ikibazo mfite. Umwana wanjye umutima we utera cyane kandi yumva umeze nk'aho uhagarara kuva hashize iminsi itatu. Abandi bana na bo bafite iki kibazo. Mfasha muganga.,kinyarwanda,CRITICAL,cardiac_respiratory,kinyarwanda->kinyarwanda:CRITICAL:cardiac_respiratory,{REL} umutima we utera cyane kandi yumva umeze nk'aho uhagarara.,umutima uratera cyane kandi nkumva umeze nk'aho uhagarara
"Mfasha, ndakorora cyane kandi guhumeka birangora kuva mu cyumweru gishize kandi nta miti mfite. Ntegereze cyangwa nsuzumwe ubu?",kinyarwanda,URGENT,cardiac_respiratory,kinyarwanda->kinyarwanda:URGENT:cardiac_respiratory,ndakorora cyane kandi guhumeka birangora,ndakorora cyane kandi guhumeka birangora
"Naje hano mbere, umwana wanjye ashaka guhabwa inzitiramubu kuva hashize iminsi ibiri. Byatangiye gitunguranye. Ntabasha kubona amafaranga yo kongera kuza kwa muganga.",kinyarwanda,ROUTINE,preventive,kinyarwanda->kinyarwanda:ROUTINE:preventive,{REL} ashaka guhabwa inzitiramubu.,Ndashaka guhabwa inzitiramubu.
"Nzanye umwana wanjye, umuturanyi wanjye afite ibimenyetso bya malariya, umuriro n'imbeho kuva ubu gitondo cya kare. Byatangiye gitunguranye. Ntabasha kubona amafaranga yo kongera kuza kwa muganga.",kinyarwanda,URGENT,infectious_fever,kinyarwanda->kinyarwanda:URGENT:infectious_fever,"{REL} afite ibimenyetso bya malariya, umuriro n'imbeho.","Mfite ibimenyetso bya malariya, umuriro n'imbeho."
"Simbizi niba bikomeye ariko, uruhande rumwe rw'umubiri we ntirukora kuva mu cyumweru gishize biragenda bikagaruka. Ntegereze cyangwa nsuzumwe ubu?",kinyarwanda,CRITICAL,neurological,kinyarwanda->kinyarwanda:CRITICAL:neurological,Uruhande rumwe rw'umubiri we ntirukora.,Uruhande rumwe rw'umubiri we ntirukora.
"Mfasha, umuturanyi wanjye iminwa ye yahindutse ubururu kuva hashize iminsi itatu. Byatangiye gitunguranye.",kinyarwanda,CRITICAL,cardiac_respiratory,kinyarwanda->kinyarwanda:CRITICAL:cardiac_respiratory,{REL} iminwa ye yahindutse ubururu.,Iminwa yanjye yahindutse ubururu.
Ndashaka kukubwira ikibazo mfite. Ndashaka ko bapima ibiro by'umwana wanjye kuva ijoro ryashize. Ese ibi birakomeye?,kinyarwanda,ROUTINE,paediatric,kinyarwanda->kinyarwanda:ROUTINE:paediatric,Ndashaka ko bapima ibiro by'umwana wanjye.,Ndashaka ko bapima ibiro by'umwana wanjye.
"Mumbabarire, ndashaka kubabwira ikibazo mfite. Umwana wanjye amazuru ye aratemba gake kuva hashize iminsi itatu kandi nta miti mfite",kinyarwanda,ROUTINE,infectious_fever,kinyarwanda->kinyarwanda:ROUTINE:infectious_fever,{REL} amazuru ye aratemba gake.,amazuru arantemba gake
"Nzanye umwana wanjye, nta miti y'igituntu mfite kuva mu cyumweru gishize biragenda bikagaruka. Nkora iki?",kinyarwanda,URGENT,chronic_care,kinyarwanda->kinyarwanda:URGENT:chronic_care,Nta miti y'igituntu mfite.,Nta miti y'igituntu mfite.
"Nzanye umwana wanjye, maze ibyumweru birenga bibiri ndwaye impiswi kuva hashize iminsi itatu nta miti imfasha. Ni imiti ki nafata?",kinyarwanda,URGENT,gastrointestinal,kinyarwanda->kinyarwanda:URGENT:gastrointestinal,Maze ibyumweru birenga bibiri ndwaye impiswi.,Maze ibyumweru birenga bibiri ndwaye impiswi.
Ndashaka kukubwira ikibazo mfite. Umuturanyi wanjye ashaka ko bapima ibiro by'umwana we kuva ejo kandi nta miti mfite. Urakoze.,kinyarwanda,ROUTINE,paediatric,kinyarwanda->kinyarwanda:ROUTINE:paediatric,{REL} ashaka ko bapima ibiro by'umwana we.,Ndashaka ko bapima ibiro by'umwana wanjye.
"Mfasha vuba, umugore wanjye umutima we utera cyane kandi yumva umeze nk'aho uhagarara kuva mu cyumweru gishize. Ntabasha kubona amafaranga yo kongera kuza kwa muganga.",kinyarwanda,CRITICAL,cardiac_respiratory,kinyarwanda->kinyarwanda:CRITICAL:cardiac_respiratory,{REL} umutima we utera cyane kandi yumva umeze nk'aho uhagarara.,umutima uratera cyane kandi nkumva umeze nk'aho uhagarara
"Nyabuneka, mfite umuhaha kuva hashize iminsi itatu. Abandi bana na bo bafite iki kibazo. Ndakeneye ubufasha vuba.",kinyarwanda,URGENT,paediatric,kinyarwanda->kinyarwanda:URGENT:paediatric,Mfite umuhaha.,Mfite umuhaha.
"Ndakeneye ubufasha, guhumeka birangora cyane ku buryo ntabasha no kuvuga neza kuva ijoro ryashize. Ni imiti ki nafata?",kinyarwanda,CRITICAL,cardiac_respiratory,kinyarwanda->kinyarwanda:CRITICAL:cardiac_respiratory,Guhumeka birangora cyane ku buryo ntabasha no kuvuga neza.,Guhumeka birangora cyane ku buryo ntabasha no kuvuga neza.
"Nyabuneka, ndava amaraso menshi nyuma yo kubyara kuva ejo kandi sinshobora gusinzira. Ndakeneye ubufasha vuba.",kinyarwanda,CRITICAL,obstetric,kinyarwanda->kinyarwanda:CRITICAL:obstetric,ndava amaraso menshi nyuma yo kubyara,ndava amaraso menshi nyuma yo kubyara
"Mumbabarire, ndashaka kubabwira ikibazo mfite. Umuturanyi wanjye afite ubushye bunini ku mubiri kuva hashize iminsi itatu kandi sinshobora gusinzira. Nkora iki?",kinyarwanda,CRITICAL,haemorrhage_trauma,kinyarwanda->kinyarwanda:CRITICAL:haemorrhage_trauma,{REL} afite ubushye bunini ku mubiri.,Mfite ubushye bunini ku mubiri.
Mfite impiswi zirimo amaraso kuva mu gitondo. Abandi bana na bo bafite iki kibazo. Nkora iki?,kinyarwanda,URGENT,gastrointestinal,kinyarwanda->kinyarwanda:URGENT:gastrointestinal,Mfite impiswi zirimo amaraso.,Mfite impiswi zirimo amaraso.
"Muraho, umugore wanjye amaze iminsi itatu arwaye impiswi zikomeye kuva ubu gitondo cya kare. Abandi bana na bo bafite iki kibazo. Ntabasha kubona amafaranga yo kongera kuza kwa muganga.",kinyarwanda,URGENT,gastrointestinal,kinyarwanda->kinyarwanda:URGENT:gastrointestinal,{REL} amaze iminsi itatu arwaye impiswi zikomeye.,maze iminsi itatu ndwaye impiswi zikomeye
"Mfasha, umutwe urandya ariko ntabwo cyane kuva hashize icyumweru kandi nta miti mfite",kinyarwanda,ROUTINE,neurological,kinyarwanda->kinyarwanda:ROUTINE:neurological,umutwe urandya ariko ntabwo cyane,umutwe urandya ariko ntabwo cyane
"Nzanye umwana wanjye, ndashaka ko bapima ibiro by'umwana wanjye kuva mu cyumweru gishize kandi nta miti mfite. Mfasha muganga.",kinyarwanda,ROUTINE,paediatric,kinyarwanda->kinyarwanda:ROUTINE:paediatric,Ndashaka ko bapima ibiro by'umwana wanjye.,Ndashaka ko bapima ibiro by'umwana wanjye.
Umugore wanjye ntashobora kuvuga neza kandi umunwa we waragoramye kuva ubu gitondo cya kare kandi nta miti mfite. Ese ibi birakomeye?,kinyarwanda,CRITICAL,neurological,kinyarwanda->kinyarwanda:CRITICAL:neurological,{REL} ntashobora kuvuga neza kandi umunwa we waragoramye.,{REL} ntashobora kuvuga neza kandi umunwa we waragoramye.
"Muganga, mushiki wanjye nta miti ya SIDA afite kuva hashize icyumweru biragenda bikagaruka. Urakoze.",kinyarwanda,URGENT,chronic_care,kinyarwanda->kinyarwanda:URGENT:chronic_care,{REL} nta miti ya SIDA afite.,Nta miti ya SIDA mfite.
Ndashaka kukubwira ikibazo mfite. Guhumeka birangora cyane ku buryo ntabasha no kuvuga neza kuva mu masaha abiri ashize kandi nta miti mfite. Nkora iki?,kinyarwanda,CRITICAL,cardiac_respiratory,kinyarwanda->kinyarwanda:CRITICAL:cardiac_respiratory,Guhumeka birangora cyane ku buryo ntabasha no kuvuga neza.,Guhumeka birangora cyane ku buryo ntabasha no kuvuga neza.
Maze ibyumweru birenga bibiri ndwaye impiswi kuva mu gitondo. Abandi bana na bo bafite iki kibazo.,kinyarwanda,URGENT,gastrointestinal,kinyarwanda->kinyarwanda:URGENT:gastrointestinal,Maze ibyumweru birenga bibiri ndwaye impiswi.,Maze ibyumweru birenga bibiri ndwaye impiswi.
Mama umutima we utera cyane kandi yumva umeze nk'aho uhagarara kuva ijoro ryashize. Ni imiti ki nafata?,kinyarwanda,CRITICAL,cardiac_respiratory,kinyarwanda->kinyarwanda:CRITICAL:cardiac_respiratory,{REL} umutima we utera cyane kandi yumva umeze nk'aho uhagarara.,umutima uratera cyane kandi nkumva umeze nk'aho uhagarara
"Muraho, mfite umuhaha kuva mu masaha abiri ashize kandi birushaho kuba bibi. Ntegereze cyangwa nsuzumwe ubu?",kinyarwanda,URGENT,paediatric,kinyarwanda->kinyarwanda:URGENT:paediatric,Mfite umuhaha.,Mfite umuhaha.
"Nyabuneka, ndashaka inama ku biryo byo kugaburira umwana wanjye kuva ubu gitondo cya kare. Abandi bana na bo bafite iki kibazo. Ni imiti ki nafata?",kinyarwanda,ROUTINE,preventive,kinyarwanda->kinyarwanda:ROUTINE:preventive,Ndashaka inama ku biryo byo kugaburira umwana wanjye.,Ndashaka inama ku biryo byo kugaburira umwana wanjye.
"Mfasha vuba, ndashaka kujya kwa muganga kwisuzumisha diyabete kuva mu gitondo kandi birushaho kuba bibi. Mfasha muganga.",kinyarwanda,ROUTINE,chronic_care,kinyarwanda->kinyarwanda:ROUTINE:chronic_care,Ndashaka kujya kwa muganga kwisuzumisha diyabete.,Ndashaka kujya kwa muganga kwisuzumisha SIDA.
Umutima uratera cyane kandi nkumva umeze nk'aho uhagarara kuva hashize icyumweru kandi nta miti mfite. Nkora iki?,kinyarwanda,CRITICAL,cardiac_respiratory,kinyarwanda->kinyarwanda:CRITICAL:cardiac_respiratory,umutima uratera cyane kandi nkumva umeze nk'aho uhagarara,umutima uratera cyane kandi nkumva umeze nk'aho uhagarara
"Nzanye umwana wanjye, mfite ibimenyetso bya malariya, umuriro n'imbeho kuva ejo kandi birushaho kuba bibi. Ndakeneye ubufasha vuba.",kinyarwanda,URGENT,infectious_fever,kinyarwanda->kinyarwanda:URGENT:infectious_fever,"Mfite ibimenyetso bya malariya, umuriro n'imbeho.","Mfite ibimenyetso bya malariya, umuriro n'imbeho."
"Nyabuneka, mfite umuhaha kuva ejo. Abandi bana na bo bafite iki kibazo. Nkora iki?",kinyarwanda,URGENT,paediatric,kinyarwanda->kinyarwanda:URGENT:paediatric,Mfite umuhaha.,Mfite umuhaha.
"Ndakeneye ubufasha, mfite umwanda usa umukara kuva mu masaha abiri ashize kandi birushaho kuba bibi. Mfasha muganga.",kinyarwanda,CRITICAL,gastrointestinal,kinyarwanda->kinyarwanda:CRITICAL:gastrointestinal,Mfite umwanda usa umukara.,Mfite umwanda usa umukara.
Ndashaka imiti y'inzoka y'umwana wanjye kuva hashize iminsi ibiri kandi sinshobora gusinzira. Ni imiti ki nafata?,kinyarwanda,ROUTINE,preventive,kinyarwanda->kinyarwanda:ROUTINE:preventive,Ndashaka imiti y'inzoka y'umwana wanjye.,Ndashaka imiti y'inzoka y'umwana wanjye.
"Naje hano mbere, mfite gahunda yo gukingiza umwana kuva hashize icyumweru kandi ndahangayitse. Murakoze.",kinyarwanda,ROUTINE,preventive,kinyarwanda->kinyarwanda:ROUTINE:preventive,Mfite gahunda yo gukingiza umwana.,Mfite gahunda yo gukingiza umwana.
Ndashaka kukubwira ikibazo mfite. Umugabo wanjye afite umuriro mwinshi kandi arakorora cyane kuva mu gitondo. Ni imiti ki nafata?,kinyarwanda,URGENT,infectious_fever,kinyarwanda->kinyarwanda:URGENT:infectious_fever,{REL} afite umuriro mwinshi kandi arakorora cyane.,mfite umuriro mwinshi kandi ndakorora cyane
"Mfasha vuba, umwana wanjye afite umuriro kandi umutwe uramubabaza cyane kuva mu cyumweru gishize nta miti imfasha. Urakoze.",kinyarwanda,URGENT,infectious_fever,kinyarwanda->kinyarwanda:URGENT:infectious_fever,{REL} afite umuriro kandi umutwe uramubabaza cyane.,mfite umuriro kandi umutwe urandya cyane
"Muganga, ndashaka kugirwa inama uko nakonsa umwana kuva hashize iminsi ibiri kandi nta miti mfite. Mfasha muganga.",kinyarwanda,ROUTINE,obstetric,kinyarwanda->kinyarwanda:ROUTINE:obstetric,Ndashaka kugirwa inama uko nakonsa umwana.,Ndashaka kugirwa inama uko nakonsa umwana.
"Mfasha, narumwe n'inzoka kuva mu cyumweru gishize kandi birushaho kuba bibi. Urakoze.",kinyarwanda,URGENT,haemorrhage_trauma,kinyarwanda->kinyarwanda:URGENT:haemorrhage_trauma,Narumwe n'inzoka.,Narumwe n'inzoka.
"Nzanye umwana wanjye, mfite gahunda yo gukingiza umwana kuva mu gitondo. Byatangiye gitunguranye. Ndakeneye ubufasha vuba.",kinyarwanda,ROUTINE,preventive,kinyarwanda->kinyarwanda:ROUTINE:preventive,Mfite gahunda yo gukingiza umwana.,Mfite gahunda yo gukingiza umwana.
"Ndakeneye ubufasha, mama amaze umunsi wose ari mu bubabare bwo kubyara ariko umwana ntarasohoka kuva ubu gitondo cya kare nta miti imfasha. Naje mvuye kure.",kinyarwanda,CRITICAL,obstetric,kinyarwanda->kinyarwanda:CRITICAL:obstetric,{REL} amaze umunsi wose ari mu bubabare bwo kubyara ariko umwana ntarasohoka.,Maze umunsi wose mbabara ngerageza kubyara ariko umwana ntarasohoka.
"Mfasha vuba, ndaruka ibyo ndya byose kandi sinshobora no kunywa kuva mu cyumweru gishize bikarushaho nijoro. Nkora iki?",kinyarwanda,CRITICAL,gastrointestinal,kinyarwanda->kinyarwanda:CRITICAL:gastrointestinal,Ndaruka ibyo ndya byose kandi sinshobora no kunywa.,Ndaruka ibyo ndya byose kandi sinshobora no kunywa.
"Naje hano mbere, uruhande rumwe rw'umubiri we ntirukora kuva ejo kandi nta miti mfite. Ndakeneye ubufasha vuba.",kinyarwanda,CRITICAL,neurological,kinyarwanda->kinyarwanda:CRITICAL:neurological,Uruhande rumwe rw'umubiri we ntirukora.,Uruhande rumwe rw'umubiri we ntirukora.
"Mfasha vuba, umwana wanjye afite umuriro woroheje umaze umunsi umwe, ariko nta kindi kibazo afite kuva ejo kandi ndahangayitse. Mfasha muganga.",kinyarwanda,ROUTINE,infectious_fever,kinyarwanda->kinyarwanda:ROUTINE:infectious_fever,"{REL} afite umuriro woroheje umaze umunsi umwe, ariko nta kindi kibazo afite.","mfite umuriro woroheje umaze umunsi umwe, ariko nta kindi kibazo mfite"
Ndashaka kukubwira ikibazo mfite. Ndakomeza kuruka kandi sinshobora kurya kandi sinshobora gusinzira. Mfasha muganga.,kinyarwanda,URGENT,gastrointestinal,kinyarwanda->kinyarwanda:URGENT:gastrointestinal,ndakomeza kuruka kandi sinshobora kurya,ndakomeza kuruka kandi sinshobora kurya
"Mumbabarire, ndashaka kubabwira ikibazo mfite. Ndatwite kandi ndaruka ibyo ndya byose kuva ijoro ryashize kandi sinshobora gusinzira",kinyarwanda,URGENT,obstetric,kinyarwanda->kinyarwanda:URGENT:obstetric,Ndatwite kandi ndaruka ibyo ndya byose.,Ndatwite kandi ndaruka ibyo ndya byose.
Ndashaka kukubwira ikibazo mfite. Mama afite umuriro mwinshi kandi arakorora cyane kuva mu masaha abiri ashize kandi ndahangayitse. Murakoze.,kinyarwanda,URGENT,infectious_fever,kinyarwanda->kinyarwanda:URGENT:infectious_fever,{REL} afite umuriro mwinshi kandi arakorora cyane.,mfite umuriro mwinshi kandi ndakorora cyane
"Nyabuneka, ndashaka guhabwa inzitiramubu kuva ijoro ryashize kandi birushaho kuba bibi. Ese ibi birakomeye?",kinyarwanda,ROUTINE,preventive,kinyarwanda->kinyarwanda:ROUTINE:preventive,Ndashaka guhabwa inzitiramubu.,Ndashaka guhabwa inzitiramubu.
"Ndashaka kukubwira ikibazo mfite. Umwana wanjye afite umuriro woroheje umaze umunsi umwe, ariko nta kindi kibazo afite kuva ejo kandi ndahangayitse. Ni imiti ki nafata?",kinyarwanda,ROUTINE,infectious_fever,kinyarwanda->kinyarwanda:ROUTINE:infectious_fever,"{REL} afite umuriro woroheje umaze umunsi umwe, ariko nta kindi kibazo afite.","mfite umuriro woroheje umaze umunsi umwe, ariko nta kindi kibazo mfite"
Ndashaka kukubwira ikibazo mfite. Umwana wanjye afite umuhaha kuva hashize iminsi itatu. Nkora iki?,kinyarwanda,URGENT,paediatric,kinyarwanda->kinyarwanda:URGENT:paediatric,{REL} afite umuhaha.,Mfite umuhaha.
"Mumbabarire, ndashaka kubabwira ikibazo mfite. Umukecuru afite ubushye bunini ku mubiri kuva mu cyumweru gishize kandi sinshobora gusinzira. Naje mvuye kure.",kinyarwanda,CRITICAL,haemorrhage_trauma,kinyarwanda->kinyarwanda:CRITICAL:haemorrhage_trauma,{REL} afite ubushye bunini ku mubiri.,Mfite ubushye bunini ku mubiri.
"Mumbabarire, ndashaka kubabwira ikibazo mfite. Mfite igikomere cyanduye, kiratukura kandi kirimo amashyira kuva ubu gitondo cya kare kandi sinshobora gusinzira. Ndakeneye ubufasha vuba.",kinyarwanda,URGENT,haemorrhage_trauma,kinyarwanda->kinyarwanda:URGENT:haemorrhage_trauma,"mfite igikomere cyanduye, kiratukura kandi kirimo amashyira","mfite igikomere cyanduye, kiratukura kandi kirimo amashyira"
"Naje hano mbere, ndakomeza kuruka kandi sinshobora kurya kuva ijoro ryashize. Byatangiye gitunguranye. Mfasha muganga.",kinyarwanda,URGENT,gastrointestinal,kinyarwanda->kinyarwanda:URGENT:gastrointestinal,ndakomeza kuruka kandi sinshobora kurya,ndakomeza kuruka kandi sinshobora kurya
"Nzanye umwana wanjye, ndashaka kujya kwa muganga kwisuzumisha diyabete kuva ejo kandi birushaho kuba bibi. Mfasha muganga.",kinyarwanda,ROUTINE,chronic_care,kinyarwanda->kinyarwanda:ROUTINE:chronic_care,Ndashaka kujya kwa muganga kwisuzumisha diyabete.,Ndashaka kujya kwa muganga kwisuzumisha SIDA.
"Nzanye umwana wanjye, mu rugo hari umuntu urwaye igituntu kandi umwana wanjye ashaka kwisuzumisha kuva mu masaha abiri ashize bikarushaho nijoro. Ndakeneye ubufasha vuba.",kinyarwanda,URGENT,preventive,kinyarwanda->kinyarwanda:URGENT:preventive,Mu rugo hari umuntu urwaye igituntu kandi {REL} ashaka kwisuzumisha.,Mu rugo hari umuntu urwaye igituntu kandi ndashaka kwisuzumisha.
"Mumbabarire, ndashaka kubabwira ikibazo mfite. Mama ashaka kugirwa inama ku mazi yo kunywa kuva ejo bikarushaho nijoro. Mfasha muganga.",kinyarwanda,ROUTINE,preventive,kinyarwanda->kinyarwanda:ROUTINE:preventive,{REL} ashaka kugirwa inama ku mazi yo kunywa.,Ndashaka kugirwa inama ku mazi yo kunywa.
"Mfasha, mfite impiswi zirimo amaraso kuva hashize iminsi itatu. Abandi bana na bo bafite iki kibazo.",kinyarwanda,URGENT,gastrointestinal,kinyarwanda->kinyarwanda:URGENT:gastrointestinal,Mfite impiswi zirimo amaraso.,Mfite impiswi zirimo amaraso.
"Muganga, mama ashaka guhabwa inzitiramubu kuva ejo nta miti imfasha. Naje mvuye kure.",kinyarwanda,ROUTINE,preventive,kinyarwanda->kinyarwanda:ROUTINE:preventive,{REL} ashaka guhabwa inzitiramubu.,Ndashaka guhabwa inzitiramubu.
"Nzanye umwana wanjye, mama arakomeza kuruka kandi ntashobora kurya kuva mu masaha abiri ashize kandi sinshobora gusinzira. Urakoze.",kinyarwanda,URGENT,gastrointestinal,kinyarwanda->kinyarwanda:URGENT:gastrointestinal,{REL} arakomeza kuruka kandi ntashobora kurya.,ndakomeza kuruka kandi sinshobora kurya
"Simbizi niba bikomeye ariko, umwana wanjye akorora gake ariko nta muriro afite kuva mu gitondo nta miti imfasha. Urakoze.",kinyarwanda,ROUTINE,cardiac_respiratory,kinyarwanda->kinyarwanda:ROUTINE:cardiac_respiratory,{REL} akorora gake ariko nta muriro afite.,Nkorora gake ariko nta muriro mfite.
"Muraho, ndatwite kandi ndaruka ibyo ndya byose kuva hashize iminsi itatu biragenda bikagaruka. Ntabasha kubona amafaranga yo kongera kuza kwa muganga.",kinyarwanda,URGENT,obstetric,kinyarwanda->kinyarwanda:URGENT:obstetric,Ndatwite kandi ndaruka ibyo ndya byose.,Ndatwite kandi ndaruka ibyo ndya byose.
"Nzanye umwana wanjye, mfite igikomere gikomeye kirimo kuva amaraso menshi kuva ejo kandi sinshobora gusinzira. Ntegereze cyangwa nsuzumwe ubu?",kinyarwanda,CRITICAL,haemorrhage_trauma,kinyarwanda->kinyarwanda:CRITICAL:haemorrhage_trauma,mfite igikomere gikomeye kirimo kuva amaraso menshi,mfite igikomere gikomeye kirimo kuva amaraso menshi
"Ndakeneye ubufasha, mushiki wanjye yaraguye none arababara cyane kuva ejo kandi sinshobora gusinzira",kinyarwanda,URGENT,haemorrhage_trauma,kinyarwanda->kinyarwanda:URGENT:haemorrhage_trauma,{REL} yaraguye none arababara cyane.,naraguye none ndababara cyane
Ndashaka kongererwa imiti y'umuvuduko w'amaraso kuva ijoro ryashize biragenda bikagaruka. Ntabasha kubona amafaranga yo kongera kuza kwa muganga.,kinyarwanda,ROUTINE,chronic_care,kinyarwanda->kinyarwanda:ROUTINE:chronic_care,Ndashaka kongererwa imiti y'umuvuduko w'amaraso.,Ndashaka kongererwa imiti y'umuvuduko w'amaraso.
"Simbizi niba bikomeye ariko, ndashaka kujya kwa muganga kwisuzumisha diyabete kuva ijoro ryashize kandi birushaho kuba bibi. Naje mvuye kure.",kinyarwanda,ROUTINE,chronic_care,kinyarwanda->kinyarwanda:ROUTINE:chronic_care,Ndashaka kujya kwa muganga kwisuzumisha diyabete.,Ndashaka kujya kwa muganga kwisuzumisha SIDA.
"Nzanye umwana wanjye, umutima uratera cyane kandi nkumva umeze nk'aho uhagarara kuva hashize icyumweru. Ntegereze cyangwa nsuzumwe ubu?",kinyarwanda,CRITICAL,cardiac_respiratory,kinyarwanda->kinyarwanda:CRITICAL:cardiac_respiratory,umutima uratera cyane kandi nkumva umeze nk'aho uhagarara,umutima uratera cyane kandi nkumva umeze nk'aho uhagarara
"Nyabuneka, umwana wanjye afite ikibazo cyo kutabasha guhumeka neza, kandi uruhu rwe rwahindutse ubururu kuva ubu gitondo cya kare. Abandi bana na bo bafite iki kibazo.",kinyarwanda,CRITICAL,paediatric,kinyarwanda->kinyarwanda:CRITICAL:paediatric,"{REL} afite ikibazo cyo kutabasha guhumeka neza, kandi uruhu rwe rwahindutse ubururu","{REL} afite ikibazo cyo kutabasha guhumeka neza, kandi uruhu rwe rwahindutse ubururu"
"Mumbabarire, ndashaka kubabwira ikibazo mfite. Iyo umwana wanjye amaze kurya, yumva inda itameze neza kuva mu cyumweru gishize bikarushaho nijoro. Mfasha muganga.",kinyarwanda,ROUTINE,gastrointestinal,kinyarwanda->kinyarwanda:ROUTINE:gastrointestinal,"Iyo {REL} amaze kurya, yumva inda itameze neza.","Iyo {REL} amaze kurya, yumva inda itameze neza."
"Naje hano mbere, iyo umwana wanjye amaze kurya, yumva inda itameze neza kuva ubu gitondo cya kare kandi ndahangayitse. Mfasha muganga.",kinyarwanda,ROUTINE,gastrointestinal,kinyarwanda->kinyarwanda:ROUTINE:gastrointestinal,"Iyo {REL} amaze kurya, yumva inda itameze neza.","Iyo {REL} amaze kurya, yumva inda itameze neza."
"Naje hano mbere, umugore wanjye afite igikomere cyanduye, kiratukura kandi kirimo amashyira kuva mu cyumweru gishize. Murakoze.",kinyarwanda,URGENT,haemorrhage_trauma,kinyarwanda->kinyarwanda:URGENT:haemorrhage_trauma,"{REL} afite igikomere cyanduye, kiratukura kandi kirimo amashyira.","mfite igikomere cyanduye, kiratukura kandi kirimo amashyira"
"Ndakeneye ubufasha, maze umunsi wose mbabara ngerageza kubyara ariko umwana ntarasohoka kuva hashize iminsi ibiri nta miti imfasha. Mfasha muganga.",kinyarwanda,CRITICAL,obstetric,kinyarwanda->kinyarwanda:CRITICAL:obstetric,Maze umunsi wose mbabara ngerageza kubyara ariko umwana ntarasohoka.,Maze umunsi wose mbabara ngerageza kubyara ariko umwana ntarasohoka.
"Mfasha, mfite igisebe ku kirenge kidakira kandi mfite diyabete kuva mu cyumweru gishize kandi sinshobora gusinzira. Ndakeneye ubufasha vuba.",kinyarwanda,URGENT,chronic_care,kinyarwanda->kinyarwanda:URGENT:chronic_care,Mfite igisebe ku kirenge kidakira kandi mfite diyabete.,Mfite igisebe ku kirenge kidakira kandi mfite diyabete.
Umukecuru ashaka inama ku biryo byo kugaburira umwana we kuva hashize iminsi ibiri kandi nta miti mfite. Urakoze.,kinyarwanda,ROUTINE,preventive,kinyarwanda->kinyarwanda:ROUTINE:preventive,{REL} ashaka inama ku biryo byo kugaburira umwana we.,Ndashaka inama ku biryo byo kugaburira umwana wanjye.
"Ndakeneye ubufasha, mfite gahunda yo gukingiza umwana kuva ubu gitondo cya kare. Nkora iki?",kinyarwanda,ROUTINE,preventive,kinyarwanda->kinyarwanda:ROUTINE:preventive,Mfite gahunda yo gukingiza umwana.,Mfite gahunda yo gukingiza umwana.
"Muraho, umwana wanjye afite umuhaha kuva hashize iminsi itatu. Byatangiye gitunguranye. Nkora iki?",kinyarwanda,URGENT,paediatric,kinyarwanda->kinyarwanda:URGENT:paediatric,{REL} afite umuhaha.,Mfite umuhaha.
"Mfasha, mfite umuriro kandi numva mfite imbeho, nkeka ko ari malariya kuva mu masaha abiri ashize biragenda bikagaruka. Ni imiti ki nafata?",kinyarwanda,URGENT,infectious_fever,kinyarwanda->kinyarwanda:URGENT:infectious_fever,"mfite umuriro kandi numva mfite imbeho, nkeka ko ari malariya","mfite umuriro kandi numva mfite imbeho, nkeka ko ari malariya"
"Nzanye umwana wanjye, naraguye none ndababara cyane kuva mu gitondo biragenda bikagaruka. Murakoze.",kinyarwanda,URGENT,haemorrhage_trauma,kinyarwanda->kinyarwanda:URGENT:haemorrhage_trauma,naraguye none ndababara cyane,naraguye none ndababara cyane
"Simbizi niba bikomeye ariko, maze ibyumweru birenga bibiri ndwaye impiswi kuva mu cyumweru gishize nta miti imfasha. Ndakeneye ubufasha vuba.",kinyarwanda,URGENT,gastrointestinal,kinyarwanda->kinyarwanda:URGENT:gastrointestinal,Maze ibyumweru birenga bibiri ndwaye impiswi.,Maze ibyumweru birenga bibiri ndwaye impiswi.
"Naje hano mbere, ndatwite kandi nagagaye kuva mu gitondo biragenda bikagaruka. Nkora iki?",kinyarwanda,CRITICAL,obstetric,kinyarwanda->kinyarwanda:CRITICAL:obstetric,Ndatwite kandi nagagaye.,Ndatwite kandi nagagaye.
"Muraho, papa afite ibimenyetso bya malariya, umuriro n'imbeho kuva hashize iminsi itatu nta miti imfasha. Ni imiti ki nafata?",kinyarwanda,URGENT,infectious_fever,kinyarwanda->kinyarwanda:URGENT:infectious_fever,"{REL} afite ibimenyetso bya malariya, umuriro n'imbeho.","Mfite ibimenyetso bya malariya, umuriro n'imbeho."
"Ndakeneye ubufasha, umukecuru ashaka ko bapima ibiro by'umwana we kuva ejo kandi nta miti mfite. Ntabasha kubona amafaranga yo kongera kuza kwa muganga.",kinyarwanda,ROUTINE,paediatric,kinyarwanda->kinyarwanda:ROUTINE:paediatric,{REL} ashaka ko bapima ibiro by'umwana we.,Ndashaka ko bapima ibiro by'umwana wanjye.
"Mfasha vuba, iyo mpumeka, numva igituza gifashe kandi mpumeka nkumva hari ijwi ridasanzwe kuva hashize icyumweru nta miti imfasha. Murakoze.",kinyarwanda,URGENT,cardiac_respiratory,kinyarwanda->kinyarwanda:URGENT:cardiac_respiratory,"Iyo mpumeka, numva igituza gifashe kandi mpumeka nkumva hari ijwi ridasanzwe.","Iyo mpumeka, numva igituza gifashe kandi mpumeka nkumva hari ijwi ridasanzwe."
Ndashaka inama ku biryo byo kugaburira umwana wanjye kuva hashize iminsi ibiri bikarushaho nijoro. Ese ibi birakomeye?,kinyarwanda,ROUTINE,preventive,kinyarwanda->kinyarwanda:ROUTINE:preventive,Ndashaka inama ku biryo byo kugaburira umwana wanjye.,Ndashaka inama ku biryo byo kugaburira umwana wanjye.
Umugore wanjye amaze umunsi wose ari mu bubabare bwo kubyara ariko umwana ntarasohoka kuva hashize icyumweru biragenda bikagaruka. Nkora iki?,kinyarwanda,CRITICAL,obstetric,kinyarwanda->kinyarwanda:CRITICAL:obstetric,{REL} amaze umunsi wose ari mu bubabare bwo kubyara ariko umwana ntarasohoka.,Maze umunsi wose mbabara ngerageza kubyara ariko umwana ntarasohoka.
"Mumbabarire, ndashaka kubabwira ikibazo mfite. Uruhande rumwe rw'umubiri we ntirukora kuva hashize icyumweru kandi nta miti mfite",kinyarwanda,CRITICAL,neurological,kinyarwanda->kinyarwanda:CRITICAL:neurological,Uruhande rumwe rw'umubiri we ntirukora.,Uruhande rumwe rw'umubiri we ntirukora.
"Mumbabarire, ndashaka kubabwira ikibazo mfite. Amazuru arantemba gake kuva mu gitondo kandi nta miti mfite. Ndakeneye ubufasha vuba.",kinyarwanda,ROUTINE,infectious_fever,kinyarwanda->kinyarwanda:ROUTINE:infectious_fever,amazuru arantemba gake,amazuru arantemba gake
"Muganga, ndatwite kandi nagagaye kuva ubu gitondo cya kare kandi sinshobora gusinzira. Naje mvuye kure.",kinyarwanda,CRITICAL,obstetric,kinyarwanda->kinyarwanda:CRITICAL:obstetric,Ndatwite kandi nagagaye.,Ndatwite kandi nagagaye.
"Simbizi niba bikomeye ariko, narumwe n'inzoka kuva mu gitondo kandi ndahangayitse. Ni imiti ki nafata?",kinyarwanda,URGENT,haemorrhage_trauma,kinyarwanda->kinyarwanda:URGENT:haemorrhage_trauma,Narumwe n'inzoka.,Narumwe n'inzoka.
"Mfasha, umwana wanjye afite umuhaha kuva mu masaha abiri ashize bikarushaho nijoro. Murakoze.",kinyarwanda,URGENT,paediatric,kinyarwanda->kinyarwanda:URGENT:paediatric,{REL} afite umuhaha.,Mfite umuhaha.
"Naje hano mbere, ndashaka imiti y'inzoka y'umwana wanjye kuva ejo kandi birushaho kuba bibi. Ndakeneye ubufasha vuba.",kinyarwanda,ROUTINE,preventive,kinyarwanda->kinyarwanda:ROUTINE:preventive,Ndashaka imiti y'inzoka y'umwana wanjye.,Ndashaka imiti y'inzoka y'umwana wanjye.
"Naje hano mbere, ndatwite kandi nagagaye kuva ejo biragenda bikagaruka. Ndakeneye ubufasha vuba.",kinyarwanda,CRITICAL,obstetric,kinyarwanda->kinyarwanda:CRITICAL:obstetric,Ndatwite kandi nagagaye.,Ndatwite kandi nagagaye.
"Muraho, umugore wanjye nta miti ya SIDA afite kuva ijoro ryashize biragenda bikagaruka. Nkora iki?",kinyarwanda,URGENT,chronic_care,kinyarwanda->kinyarwanda:URGENT:chronic_care,{REL} nta miti ya SIDA afite.,Nta miti ya SIDA mfite.
"Nyabuneka, umwana wanjye afite igikomere cyanduye, kiratukura kandi kirimo amashyira kuva ijoro ryashize kandi nta miti mfite. Ntabasha kubona amafaranga yo kongera kuza kwa muganga.",kinyarwanda,URGENT,haemorrhage_trauma,kinyarwanda->kinyarwanda:URGENT:haemorrhage_trauma,"{REL} afite igikomere cyanduye, kiratukura kandi kirimo amashyira.","mfite igikomere cyanduye, kiratukura kandi kirimo amashyira"
"Muganga, maze ibyumweru birenga bibiri ndwaye impiswi kuva ejo nta miti imfasha. Murakoze.",kinyarwanda,URGENT,gastrointestinal,kinyarwanda->kinyarwanda:URGENT:gastrointestinal,Maze ibyumweru birenga bibiri ndwaye impiswi.,Maze ibyumweru birenga bibiri ndwaye impiswi.
"Mfasha, ndashaka guhabwa inzitiramubu kuva mu masaha abiri ashize nta miti imfasha. Nkora iki?",kinyarwanda,ROUTINE,preventive,kinyarwanda->kinyarwanda:ROUTINE:preventive,Ndashaka guhabwa inzitiramubu.,Ndashaka guhabwa inzitiramubu.
"Nyabuneka, ndatwite kandi nagagaye kuva ijoro ryashize. Mfasha muganga.",kinyarwanda,CRITICAL,obstetric,kinyarwanda->kinyarwanda:CRITICAL:obstetric,Ndatwite kandi nagagaye.,Ndatwite kandi nagagaye.
"Ndakeneye ubufasha, uruhande rumwe rw'umubiri we ntirukora kandi nta miti mfite",kinyarwanda,CRITICAL,neurological,kinyarwanda->kinyarwanda:CRITICAL:neurological,Uruhande rumwe rw'umubiri we ntirukora.,Uruhande rumwe rw'umubiri we ntirukora.
"Nzanye umwana wanjye, ndatwite kandi ndaruka ibyo ndya byose kandi ndahangayitse. Ese ibi birakomeye?",kinyarwanda,URGENT,obstetric,kinyarwanda->kinyarwanda:URGENT:obstetric,Ndatwite kandi ndaruka ibyo ndya byose.,Ndatwite kandi ndaruka ibyo ndya byose.
"Ndakeneye ubufasha, umugore wanjye ashaka kugirwa inama ku mazi yo kunywa kuva mu gitondo kandi birushaho kuba bibi. Ese ibi birakomeye?",kinyarwanda,ROUTINE,preventive,kinyarwanda->kinyarwanda:ROUTINE:preventive,{REL} ashaka kugirwa inama ku mazi yo kunywa.,Ndashaka kugirwa inama ku mazi yo kunywa.
"Nzanye umwana wanjye, umugore wanjye aratwite kandi yaragagaye biragenda bikagaruka",kinyarwanda,CRITICAL,obstetric,kinyarwanda->kinyarwanda:CRITICAL:obstetric,{REL} aratwite kandi yaragagaye.,Ndatwite kandi nagagaye.
Ndashaka kukubwira ikibazo mfite. Ndabyara ariko habanje gusohoka umugozi w'umwana kuva ejo biragenda bikagaruka. Ese ibi birakomeye?,kinyarwanda,CRITICAL,obstetric,kinyarwanda->kinyarwanda:CRITICAL:obstetric,Ndabyara ariko habanje gusohoka umugozi w'umwana.,Ndabyara ariko habanje gusohoka umugozi w'umwana.
"Naje hano mbere, umugabo wanjye arakomeza kuruka kandi ntashobora kurya kuva hashize iminsi ibiri nta miti imfasha. Naje mvuye kure.",kinyarwanda,URGENT,gastrointestinal,kinyarwanda->kinyarwanda:URGENT:gastrointestinal,{REL} arakomeza kuruka kandi ntashobora kurya.,ndakomeza kuruka kandi sinshobora kurya
"Mfasha vuba, umugabo wanjye arakomeza kuruka kandi ntashobora kurya kuva mu gitondo. Byatangiye gitunguranye. Nkora iki?",kinyarwanda,URGENT,gastrointestinal,kinyarwanda->kinyarwanda:URGENT:gastrointestinal,{REL} arakomeza kuruka kandi ntashobora kurya.,ndakomeza kuruka kandi sinshobora kurya
"Muraho, umutima uratera cyane kandi nkumva umeze nk'aho uhagarara kuva hashize icyumweru nta miti imfasha. Ntabasha kubona amafaranga yo kongera kuza kwa muganga.",kinyarwanda,CRITICAL,cardiac_respiratory,kinyarwanda->kinyarwanda:CRITICAL:cardiac_respiratory,umutima uratera cyane kandi nkumva umeze nk'aho uhagarara,umutima uratera cyane kandi nkumva umeze nk'aho uhagarara
"Mfasha, umuturanyi wanjye ashaka inama ku biryo byo kugaburira umwana we biragenda bikagaruka",kinyarwanda,ROUTINE,preventive,kinyarwanda->kinyarwanda:ROUTINE:preventive,{REL} ashaka inama ku biryo byo kugaburira umwana we.,Ndashaka inama ku biryo byo kugaburira umwana wanjye.
"Muganga, umugore wanjye aratwite kandi yaragagaye kuva ijoro ryashize kandi birushaho kuba bibi. Ni imiti ki nafata?",kinyarwanda,CRITICAL,obstetric,kinyarwanda->kinyarwanda:CRITICAL:obstetric,{REL} aratwite kandi yaragagaye.,Ndatwite kandi nagagaye.
"Muraho, mama aratwite kandi umutwe uramubabaza cyane, kandi ntashobora kureba neza kuva hashize iminsi ibiri",kinyarwanda,CRITICAL,obstetric,kinyarwanda->kinyarwanda:CRITICAL:obstetric,"{REL} aratwite kandi umutwe uramubabaza cyane, kandi ntashobora kureba neza.","Ndatwite, umutwe urandya cyane kandi sinshobora kureba neza."
"Muganga, nkorora gake ariko nta muriro mfite kuva mu cyumweru gishize. Mfasha muganga.",kinyarwanda,ROUTINE,cardiac_respiratory,kinyarwanda->kinyarwanda:ROUTINE:cardiac_respiratory,Nkorora gake ariko nta muriro mfite.,Nkorora gake ariko nta muriro mfite.
"Simbizi niba bikomeye ariko, papa afite ubushye bunini ku mubiri kuva mu gitondo kandi nta miti mfite. Ndakeneye ubufasha vuba.",kinyarwanda,CRITICAL,haemorrhage_trauma,kinyarwanda->kinyarwanda:CRITICAL:haemorrhage_trauma,{REL} afite ubushye bunini ku mubiri.,Mfite ubushye bunini ku mubiri.
"Nyabuneka, mu rugo hari umuntu urwaye igituntu kandi papa ashaka kwisuzumisha. Byatangiye gitunguranye. Mfasha muganga.",kinyarwanda,URGENT,preventive,kinyarwanda->kinyarwanda:URGENT:preventive,Mu rugo hari umuntu urwaye igituntu kandi {REL} ashaka kwisuzumisha.,Mu rugo hari umuntu urwaye igituntu kandi ndashaka kwisuzumisha.
"Ndakeneye ubufasha, iminwa yanjye yahindutse ubururu kuva ijoro ryashize kandi nta miti mfite. Ni imiti ki nafata?",kinyarwanda,CRITICAL,cardiac_respiratory,kinyarwanda->kinyarwanda:CRITICAL:cardiac_respiratory,Iminwa yanjye yahindutse ubururu.,Iminwa yanjye yahindutse ubururu.
"Nyabuneka, uruhande rumwe rw'umubiri we ntirukora kuva mu gitondo. Ntabasha kubona amafaranga yo kongera kuza kwa muganga.",kinyarwanda,CRITICAL,neurological,kinyarwanda->kinyarwanda:CRITICAL:neurological,Uruhande rumwe rw'umubiri we ntirukora.,Uruhande rumwe rw'umubiri we ntirukora.
Mama yaraguye none arababara cyane biragenda bikagaruka. Ndakeneye ubufasha vuba.,kinyarwanda,URGENT,haemorrhage_trauma,kinyarwanda->kinyarwanda:URGENT:haemorrhage_trauma,{REL} yaraguye none arababara cyane.,naraguye none ndababara cyane
Umugabo wanjye iminwa ye yahindutse ubururu kuva ubu gitondo cya kare. Abandi bana na bo bafite iki kibazo. Ndakeneye ubufasha vuba.,kinyarwanda,CRITICAL,cardiac_respiratory,kinyarwanda->kinyarwanda:CRITICAL:cardiac_respiratory,{REL} iminwa ye yahindutse ubururu.,Iminwa yanjye yahindutse ubururu.
"Muraho, mama aratwite kandi araruka ibyo arya byose kuva mu masaha abiri ashize. Murakoze.",kinyarwanda,URGENT,obstetric,kinyarwanda->kinyarwanda:URGENT:obstetric,{REL} aratwite kandi araruka ibyo arya byose.,Ndatwite kandi ndaruka ibyo ndya byose.
"Muganga, mama araruka amaraso kuva mu cyumweru gishize. Byatangiye gitunguranye. Naje mvuye kure.",kinyarwanda,CRITICAL,gastrointestinal,kinyarwanda->kinyarwanda:CRITICAL:gastrointestinal,{REL} araruka amaraso.,Ndaruka amaraso.
"Mumbabarire, ndashaka kubabwira ikibazo mfite. Narumwe n'inzoka kuva mu masaha abiri ashize nta miti imfasha. Nkora iki?",kinyarwanda,URGENT,haemorrhage_trauma,kinyarwanda->kinyarwanda:URGENT:haemorrhage_trauma,Narumwe n'inzoka.,Narumwe n'inzoka.
"Nyabuneka, umuturanyi wanjye aratwite kandi ashaka kwisuzumisha kwa muganga bwa mbere kuva hashize icyumweru. Byatangiye gitunguranye. Ntegereze cyangwa nsuzumwe ubu?",kinyarwanda,ROUTINE,preventive,kinyarwanda->kinyarwanda:ROUTINE:preventive,{REL} aratwite kandi ashaka kwisuzumisha kwa muganga bwa mbere.,Ndatwite kandi ndashaka kwisuzumisha kwa muganga bwa mbere.
"Simbizi niba bikomeye ariko, mfite umwanda usa umukara kuva mu masaha abiri ashize kandi birushaho kuba bibi. Ndakeneye ubufasha vuba.",kinyarwanda,CRITICAL,gastrointestinal,kinyarwanda->kinyarwanda:CRITICAL:gastrointestinal,Mfite umwanda usa umukara.,Mfite umwanda usa umukara.
"Nyabuneka, ndatwite kandi nagagaye kuva hashize iminsi itatu kandi nta miti mfite. Ni imiti ki nafata?",kinyarwanda,CRITICAL,obstetric,kinyarwanda->kinyarwanda:CRITICAL:obstetric,Ndatwite kandi nagagaye.,Ndatwite kandi nagagaye.
"Mfasha, ndakomeza kuruka kandi sinshobora kurya kuva hashize iminsi ibiri. Byatangiye gitunguranye. Ndakeneye ubufasha vuba.",kinyarwanda,URGENT,gastrointestinal,kinyarwanda->kinyarwanda:URGENT:gastrointestinal,ndakomeza kuruka kandi sinshobora kurya,ndakomeza kuruka kandi sinshobora kurya
"Muraho, maze umunsi wose mbabara ngerageza kubyara ariko umwana ntarasohoka kuva ubu gitondo cya kare biragenda bikagaruka. Ndakeneye ubufasha vuba.",kinyarwanda,CRITICAL,obstetric,kinyarwanda->kinyarwanda:CRITICAL:obstetric,Maze umunsi wose mbabara ngerageza kubyara ariko umwana ntarasohoka.,Maze umunsi wose mbabara ngerageza kubyara ariko umwana ntarasohoka.
"Muganga, maze ibyumweru birenga bibiri ndwaye impiswi kandi ndahangayitse. Urakoze.",kinyarwanda,URGENT,gastrointestinal,kinyarwanda->kinyarwanda:URGENT:gastrointestinal,Maze ibyumweru birenga bibiri ndwaye impiswi.,Maze ibyumweru birenga bibiri ndwaye impiswi.
"Naje hano mbere, umugabo wanjye ashaka ko bapima SIDA kuva mu cyumweru gishize nta miti imfasha. Ese ibi birakomeye?",kinyarwanda,ROUTINE,preventive,kinyarwanda->kinyarwanda:ROUTINE:preventive,{REL} ashaka ko bapima SIDA.,Ndashaka ko bapima SIDA.
"Ndakeneye ubufasha, ndashaka guhabwa inzitiramubu bikarushaho nijoro. Murakoze.",kinyarwanda,ROUTINE,preventive,kinyarwanda->kinyarwanda:ROUTINE:preventive,Ndashaka guhabwa inzitiramubu.,Ndashaka guhabwa inzitiramubu.
"Mfasha vuba, narumwe n'inzoka kuva mu masaha abiri ashize kandi nta miti mfite. Naje mvuye kure.",kinyarwanda,URGENT,haemorrhage_trauma,kinyarwanda->kinyarwanda:URGENT:haemorrhage_trauma,Narumwe n'inzoka.,Narumwe n'inzoka.
"Naje hano mbere, mushiki wanjye yaraguye none arababara cyane kuva hashize iminsi itatu bikarushaho nijoro. Mfasha muganga.",kinyarwanda,URGENT,haemorrhage_trauma,kinyarwanda->kinyarwanda:URGENT:haemorrhage_trauma,{REL} yaraguye none arababara cyane.,naraguye none ndababara cyane
"Ndashaka kukubwira ikibazo mfite. Mfite igikomere cyanduye, kiratukura kandi kirimo amashyira kuva ijoro ryashize biragenda bikagaruka. Naje mvuye kure.",kinyarwanda,URGENT,haemorrhage_trauma,kinyarwanda->kinyarwanda:URGENT:haemorrhage_trauma,"mfite igikomere cyanduye, kiratukura kandi kirimo amashyira","mfite igikomere cyanduye, kiratukura kandi kirimo amashyira"
"Mumbabarire, ndashaka kubabwira ikibazo mfite. Mfite ibimenyetso bya malariya, umuriro n'imbeho kuva hashize icyumweru kandi birushaho kuba bibi. Ese ibi birakomeye?",kinyarwanda,URGENT,infectious_fever,kinyarwanda->kinyarwanda:URGENT:infectious_fever,"Mfite ibimenyetso bya malariya, umuriro n'imbeho.","Mfite ibimenyetso bya malariya, umuriro n'imbeho."
"Muganga, umwana wanjye umutima we utera cyane kandi yumva umeze nk'aho uhagarara kuva ijoro ryashize. Abandi bana na bo bafite iki kibazo. Ntabasha kubona amafaranga yo kongera kuza kwa muganga.",kinyarwanda,CRITICAL,cardiac_respiratory,kinyarwanda->kinyarwanda:CRITICAL:cardiac_respiratory,{REL} umutima we utera cyane kandi yumva umeze nk'aho uhagarara.,umutima uratera cyane kandi nkumva umeze nk'aho uhagarara
"Muganga, mushiki wanjye nta miti ya SIDA afite kuva mu masaha abiri ashize biragenda bikagaruka",kinyarwanda,URGENT,chronic_care,kinyarwanda->kinyarwanda:URGENT:chronic_care,{REL} nta miti ya SIDA afite.,Nta miti ya SIDA mfite.
"Nyabuneka, ndashaka kongererwa imiti y'umuvuduko w'amaraso kandi nta miti mfite. Nkora iki?",kinyarwanda,ROUTINE,chronic_care,kinyarwanda->kinyarwanda:ROUTINE:chronic_care,Ndashaka kongererwa imiti y'umuvuduko w'amaraso.,Ndashaka kongererwa imiti y'umuvuduko w'amaraso.
"Muganga, iminwa yanjye yahindutse ubururu kuva mu cyumweru gishize. Naje mvuye kure.",kinyarwanda,CRITICAL,cardiac_respiratory,kinyarwanda->kinyarwanda:CRITICAL:cardiac_respiratory,Iminwa yanjye yahindutse ubururu.,Iminwa yanjye yahindutse ubururu.
"Mumbabarire, ndashaka kubabwira ikibazo mfite. Iminwa yanjye yahindutse ubururu kuva mu gitondo kandi nta miti mfite",kinyarwanda,CRITICAL,cardiac_respiratory,kinyarwanda->kinyarwanda:CRITICAL:cardiac_respiratory,Iminwa yanjye yahindutse ubururu.,Iminwa yanjye yahindutse ubururu.
"Naje hano mbere, uruhande rumwe rw'umubiri we ntirukora bikarushaho nijoro. Ni imiti ki nafata?",kinyarwanda,CRITICAL,neurological,kinyarwanda->kinyarwanda:CRITICAL:neurological,Uruhande rumwe rw'umubiri we ntirukora.,Uruhande rumwe rw'umubiri we ntirukora.
"Mfasha, nkorora gake ariko nta muriro mfite kuva mu masaha abiri ashize. Abandi bana na bo bafite iki kibazo. Naje mvuye kure.",kinyarwanda,ROUTINE,cardiac_respiratory,kinyarwanda->kinyarwanda:ROUTINE:cardiac_respiratory,Nkorora gake ariko nta muriro mfite.,Nkorora gake ariko nta muriro mfite.
"Simbizi niba bikomeye ariko, naguye, ukuguru kuragoramye ariko sinumva ko kuvunitse kuva mu cyumweru gishize kandi nta miti mfite. Ndakeneye ubufasha vuba.",kinyarwanda,URGENT,haemorrhage_trauma,kinyarwanda->kinyarwanda:URGENT:haemorrhage_trauma,"Naguye, ukuguru kuragoramye ariko sinumva ko kuvunitse.","Naguye, ukuguru kuragoramye ariko sinumva ko kuvunitse."
"Ndakeneye ubufasha, umwana wanjye amazuru ye aratemba gake kuva ejo kandi birushaho kuba bibi. Ntegereze cyangwa nsuzumwe ubu?",kinyarwanda,ROUTINE,infectious_fever,kinyarwanda->kinyarwanda:ROUTINE:infectious_fever,{REL} amazuru ye aratemba gake.,amazuru arantemba gake
"Ndakeneye ubufasha, umuturanyi wanjye araruka amaraso kuva ejo. Ntabasha kubona amafaranga yo kongera kuza kwa muganga.",kinyarwanda,CRITICAL,gastrointestinal,kinyarwanda->kinyarwanda:CRITICAL:gastrointestinal,{REL} araruka amaraso.,Ndaruka amaraso.
"Mumbabarire, ndashaka kubabwira ikibazo mfite. Ndashaka inama ku biryo byo kugaburira umwana wanjye kuva ubu gitondo cya kare. Murakoze.",kinyarwanda,ROUTINE,preventive,kinyarwanda->kinyarwanda:ROUTINE:preventive,Ndashaka inama ku biryo byo kugaburira umwana wanjye.,Ndashaka inama ku biryo byo kugaburira umwana wanjye.
"Muraho, ndashaka ko bapima ibiro by'umwana wanjye kuva ejo. Byatangiye gitunguranye. Ntegereze cyangwa nsuzumwe ubu?",kinyarwanda,ROUTINE,paediatric,kinyarwanda->kinyarwanda:ROUTINE:paediatric,Ndashaka ko bapima ibiro by'umwana wanjye.,Ndashaka ko bapima ibiro by'umwana wanjye.
"Nzanye umwana wanjye, iminwa yanjye yahindutse ubururu kuva ejo bikarushaho nijoro. Naje mvuye kure.",kinyarwanda,CRITICAL,cardiac_respiratory,kinyarwanda->kinyarwanda:CRITICAL:cardiac_respiratory,Iminwa yanjye yahindutse ubururu.,Iminwa yanjye yahindutse ubururu.
"Ndakeneye ubufasha, umukecuru isukari yo mu maraso ye yazamutse cyane kuva ijoro ryashize nta miti imfasha. Urakoze.",kinyarwanda,URGENT,chronic_care,kinyarwanda->kinyarwanda:URGENT:chronic_care,{REL} isukari yo mu maraso ye yazamutse cyane.,isukari yo mu maraso yanjye yazamutse cyane
"Muraho, umutima uratera cyane kandi nkumva umeze nk'aho uhagarara kuva mu masaha abiri ashize. Ntabasha kubona amafaranga yo kongera kuza kwa muganga.",kinyarwanda,CRITICAL,cardiac_respiratory,kinyarwanda->kinyarwanda:CRITICAL:cardiac_respiratory,umutima uratera cyane kandi nkumva umeze nk'aho uhagarara,umutima uratera cyane kandi nkumva umeze nk'aho uhagarara
"Muraho, mama afite umuriro mwinshi kandi arakorora cyane kuva ijoro ryashize bikarushaho nijoro. Ntabasha kubona amafaranga yo kongera kuza kwa muganga.",kinyarwanda,URGENT,infectious_fever,kinyarwanda->kinyarwanda:URGENT:infectious_fever,{REL} afite umuriro mwinshi kandi arakorora cyane.,mfite umuriro mwinshi kandi ndakorora cyane
"Ndakeneye ubufasha, narumwe n'inzoka kuva mu cyumweru gishize. Byatangiye gitunguranye. Ntabasha kubona amafaranga yo kongera kuza kwa muganga.",kinyarwanda,URGENT,haemorrhage_trauma,kinyarwanda->kinyarwanda:URGENT:haemorrhage_trauma,Narumwe n'inzoka.,Narumwe n'inzoka.
"Naje hano mbere, ndakomeza kuruka kandi sinshobora kurya kuva ubu gitondo cya kare. Urakoze.",kinyarwanda,URGENT,gastrointestinal,kinyarwanda->kinyarwanda:URGENT:gastrointestinal,ndakomeza kuruka kandi sinshobora kurya,ndakomeza kuruka kandi sinshobora kurya
"Naje hano mbere, nta miti y'igituntu mfite kuva mu masaha abiri ashize kandi sinshobora gusinzira. Ntegereze cyangwa nsuzumwe ubu?",kinyarwanda,URGENT,chronic_care,kinyarwanda->kinyarwanda:URGENT:chronic_care,Nta miti y'igituntu mfite.,Nta miti y'igituntu mfite.
"Mfasha vuba, mfite igikomere gikomeye kirimo kuva amaraso menshi kuva hashize iminsi ibiri. Ni imiti ki nafata?",kinyarwanda,CRITICAL,haemorrhage_trauma,kinyarwanda->kinyarwanda:CRITICAL:haemorrhage_trauma,mfite igikomere gikomeye kirimo kuva amaraso menshi,mfite igikomere gikomeye kirimo kuva amaraso menshi
"Nzanye umwana wanjye, mfite igikomere gito kandi amaraso yarahagaze kuva mu masaha abiri ashize. Abandi bana na bo bafite iki kibazo. Murakoze.",kinyarwanda,ROUTINE,haemorrhage_trauma,kinyarwanda->kinyarwanda:ROUTINE:haemorrhage_trauma,Mfite igikomere gito kandi amaraso yarahagaze.,Mfite igikomere gito kandi amaraso yarahagaze.
"Muraho, ndava amaraso menshi nyuma yo kubyara kuva hashize iminsi itatu. Mfasha muganga.",kinyarwanda,CRITICAL,obstetric,kinyarwanda->kinyarwanda:CRITICAL:obstetric,ndava amaraso menshi nyuma yo kubyara,ndava amaraso menshi nyuma yo kubyara
"Ndakeneye ubufasha, ndabyara ariko habanje gusohoka umugozi w'umwana kuva ubu gitondo cya kare bikarushaho nijoro. Mfasha muganga.",kinyarwanda,CRITICAL,obstetric,kinyarwanda->kinyarwanda:CRITICAL:obstetric,Ndabyara ariko habanje gusohoka umugozi w'umwana.,Ndabyara ariko habanje gusohoka umugozi w'umwana.
"Muganga, ndakomeza kuruka kandi sinshobora kurya kuva hashize icyumweru nta miti imfasha. Ntegereze cyangwa nsuzumwe ubu?",kinyarwanda,URGENT,gastrointestinal,kinyarwanda->kinyarwanda:URGENT:gastrointestinal,ndakomeza kuruka kandi sinshobora kurya,ndakomeza kuruka kandi sinshobora kurya
"Ndakeneye ubufasha, umukecuru ntashobora kuvuga neza kandi umunwa we waragoramye kuva hashize icyumweru kandi birushaho kuba bibi",kinyarwanda,CRITICAL,neurological,kinyarwanda->kinyarwanda:CRITICAL:neurological,{REL} ntashobora kuvuga neza kandi umunwa we waragoramye.,{REL} ntashobora kuvuga neza kandi umunwa we waragoramye.
"Mfasha, mfite umuhaha kuva hashize icyumweru kandi ndahangayitse. Ntegereze cyangwa nsuzumwe ubu?",kinyarwanda,URGENT,paediatric,kinyarwanda->kinyarwanda:URGENT:paediatric,Mfite umuhaha.,Mfite umuhaha.
"Naje hano mbere, umwana wanjye afite umuriro mwinshi kandi arakorora cyane kuva hashize icyumweru. Abandi bana na bo bafite iki kibazo. Ni imiti ki nafata?",kinyarwanda,URGENT,infectious_fever,kinyarwanda->kinyarwanda:URGENT:infectious_fever,{REL} afite umuriro mwinshi kandi arakorora cyane.,mfite umuriro mwinshi kandi ndakorora cyane
"Naje hano mbere, umugabo wanjye afite gahunda yo gukingiza umwana kuva hashize iminsi itatu. Byatangiye gitunguranye. Naje mvuye kure.",kinyarwanda,ROUTINE,preventive,kinyarwanda->kinyarwanda:ROUTINE:preventive,{REL} afite gahunda yo gukingiza umwana.,Mfite gahunda yo gukingiza umwana.
"Mumbabarire, ndashaka kubabwira ikibazo mfite. Umwana wanjye afite umuriro woroheje umaze umunsi umwe, ariko nta kindi kibazo afite kuva ejo. Ni imiti ki nafata?",kinyarwanda,ROUTINE,infectious_fever,kinyarwanda->kinyarwanda:ROUTINE:infectious_fever,"{REL} afite umuriro woroheje umaze umunsi umwe, ariko nta kindi kibazo afite.","mfite umuriro woroheje umaze umunsi umwe, ariko nta kindi kibazo mfite"
"Muganga, mfite gahunda yo gukingiza umwana kuva hashize icyumweru nta miti imfasha. Urakoze.",kinyarwanda,ROUTINE,preventive,kinyarwanda->kinyarwanda:ROUTINE:preventive,Mfite gahunda yo gukingiza umwana.,Mfite gahunda yo gukingiza umwana.
"Nyabuneka, umwana wanjye afite ubushye bunini ku mubiri. Abandi bana na bo bafite iki kibazo. Ni imiti ki nafata?",kinyarwanda,CRITICAL,haemorrhage_trauma,kinyarwanda->kinyarwanda:CRITICAL:haemorrhage_trauma,{REL} afite ubushye bunini ku mubiri.,Mfite ubushye bunini ku mubiri.
"Muraho, ndatwite kandi nagagaye kuva hashize iminsi ibiri bikarushaho nijoro",kinyarwanda,CRITICAL,obstetric,kinyarwanda->kinyarwanda:CRITICAL:obstetric,Ndatwite kandi nagagaye.,Ndatwite kandi nagagaye.
"Mfasha, mfite umuhaha kuva hashize iminsi itatu bikarushaho nijoro. Ndakeneye ubufasha vuba.",kinyarwanda,URGENT,paediatric,kinyarwanda->kinyarwanda:URGENT:paediatric,Mfite umuhaha.,Mfite umuhaha.
"Simbizi niba bikomeye ariko, umugore wanjye aratwite kandi umutwe uramubabaza cyane, kandi ntashobora kureba neza kuva mu cyumweru gishize biragenda bikagaruka. Nkora iki?",kinyarwanda,CRITICAL,obstetric,kinyarwanda->kinyarwanda:CRITICAL:obstetric,"{REL} aratwite kandi umutwe uramubabaza cyane, kandi ntashobora kureba neza.","Ndatwite, umutwe urandya cyane kandi sinshobora kureba neza."
"Mumbabarire, ndashaka kubabwira ikibazo mfite. Umukecuru araruka amaraso kuva ijoro ryashize kandi birushaho kuba bibi. Ni imiti ki nafata?",kinyarwanda,CRITICAL,gastrointestinal,kinyarwanda->kinyarwanda:CRITICAL:gastrointestinal,{REL} araruka amaraso.,Ndaruka amaraso.
"Muraho, mama afite gahunda yo gukingiza umwana kuva ijoro ryashize bikarushaho nijoro. Mfasha muganga.",kinyarwanda,ROUTINE,preventive,kinyarwanda->kinyarwanda:ROUTINE:preventive,{REL} afite gahunda yo gukingiza umwana.,Mfite gahunda yo gukingiza umwana.
"Muganga, mfite ikibazo ku mutwe kandi kirimo guterwa n'urumuri kuva ejo kandi ndahangayitse. Urakoze.",kinyarwanda,URGENT,neurological,kinyarwanda->kinyarwanda:URGENT:neurological,Mfite ikibazo ku mutwe kandi kirimo guterwa n'urumuri.,Mfite ikibazo ku mutwe kandi kirimo guterwa n'urumuri.
"Naje hano mbere, umwana wanjye afite umuriro woroheje umaze umunsi umwe, ariko nta kindi kibazo afite kuva hashize iminsi itatu kandi sinshobora gusinzira",kinyarwanda,ROUTINE,infectious_fever,kinyarwanda->kinyarwanda:ROUTINE:infectious_fever,"{REL} afite umuriro woroheje umaze umunsi umwe, ariko nta kindi kibazo afite.","mfite umuriro woroheje umaze umunsi umwe, ariko nta kindi kibazo mfite"
Ndashaka kukubwira ikibazo mfite. Ndatwite kandi ndaruka ibyo ndya byose. Byatangiye gitunguranye. Ese ibi birakomeye?,kinyarwanda,URGENT,obstetric,kinyarwanda->kinyarwanda:URGENT:obstetric,Ndatwite kandi ndaruka ibyo ndya byose.,Ndatwite kandi ndaruka ibyo ndya byose.
"Muraho, mama afite ububabare bukabije mu nda kuva ubu gitondo cya kare nta miti imfasha. Ndakeneye ubufasha vuba.",kinyarwanda,URGENT,gastrointestinal,kinyarwanda->kinyarwanda:URGENT:gastrointestinal,{REL} afite ububabare bukabije mu nda.,Mfite ububabare bukabije mu nda.
"Muraho, mama amaze umunsi wose ari mu bubabare bwo kubyara ariko umwana ntarasohoka kuva ijoro ryashize. Ese ibi birakomeye?",kinyarwanda,CRITICAL,obstetric,kinyarwanda->kinyarwanda:CRITICAL:obstetric,{REL} amaze umunsi wose ari mu bubabare bwo kubyara ariko umwana ntarasohoka.,Maze umunsi wose mbabara ngerageza kubyara ariko umwana ntarasohoka.
"Mfasha vuba, mfite igisebe ku kirenge kidakira kandi mfite diyabete kuva mu cyumweru gishize. Byatangiye gitunguranye. Naje mvuye kure.",kinyarwanda,URGENT,chronic_care,kinyarwanda->kinyarwanda:URGENT:chronic_care,Mfite igisebe ku kirenge kidakira kandi mfite diyabete.,Mfite igisebe ku kirenge kidakira kandi mfite diyabete.
"Mumbabarire, ndashaka kubabwira ikibazo mfite. Umugabo wanjye araruka amaraso kuva hashize icyumweru. Byatangiye gitunguranye. Ntegereze cyangwa nsuzumwe ubu?",kinyarwanda,CRITICAL,gastrointestinal,kinyarwanda->kinyarwanda:CRITICAL:gastrointestinal,{REL} araruka amaraso.,Ndaruka amaraso.
"Nzanye umwana wanjye, mama amaze umunsi wose ari mu bubabare bwo kubyara ariko umwana ntarasohoka kuva hashize iminsi itatu biragenda bikagaruka. Nkora iki?",kinyarwanda,CRITICAL,obstetric,kinyarwanda->kinyarwanda:CRITICAL:obstetric,{REL} amaze umunsi wose ari mu bubabare bwo kubyara ariko umwana ntarasohoka.,Maze umunsi wose mbabara ngerageza kubyara ariko umwana ntarasohoka.
"Mfasha vuba, umwana wanjye afite umuriro woroheje umaze umunsi umwe, ariko nta kindi kibazo afite kuva mu cyumweru gishize. Naje mvuye kure.",kinyarwanda,ROUTINE,infectious_fever,kinyarwanda->kinyarwanda:ROUTINE:infectious_fever,"{REL} afite umuriro woroheje umaze umunsi umwe, ariko nta kindi kibazo afite.","mfite umuriro woroheje umaze umunsi umwe, ariko nta kindi kibazo mfite"
"Muganga, ndatwite kandi ndaruka ibyo ndya byose kuva mu cyumweru gishize. Abandi bana na bo bafite iki kibazo. Ntabasha kubona amafaranga yo kongera kuza kwa muganga.",kinyarwanda,URGENT,obstetric,kinyarwanda->kinyarwanda:URGENT:obstetric,Ndatwite kandi ndaruka ibyo ndya byose.,Ndatwite kandi ndaruka ibyo ndya byose.
"Ndakeneye ubufasha, mushiki wanjye aratwite kandi yaragagaye kuva hashize iminsi itatu. Abandi bana na bo bafite iki kibazo. Mfasha muganga.",kinyarwanda,CRITICAL,obstetric,kinyarwanda->kinyarwanda:CRITICAL:obstetric,{REL} aratwite kandi yaragagaye.,Ndatwite kandi nagagaye.
Ndashaka kukubwira ikibazo mfite. Mfite umwanda usa umukara kuva hashize iminsi itatu. Byatangiye gitunguranye. Ese ibi birakomeye?,kinyarwanda,CRITICAL,gastrointestinal,kinyarwanda->kinyarwanda:CRITICAL:gastrointestinal,Mfite umwanda usa umukara.,Mfite umwanda usa umukara.
"Nyabuneka, iyo mpumeka, numva igituza gifashe kandi mpumeka nkumva hari ijwi ridasanzwe kuva ejo. Abandi bana na bo bafite iki kibazo. Ntegereze cyangwa nsuzumwe ubu?",kinyarwanda,URGENT,cardiac_respiratory,kinyarwanda->kinyarwanda:URGENT:cardiac_respiratory,"Iyo mpumeka, numva igituza gifashe kandi mpumeka nkumva hari ijwi ridasanzwe.","Iyo mpumeka, numva igituza gifashe kandi mpumeka nkumva hari ijwi ridasanzwe."
"Nyabuneka, papa afite ububabare bukabije mu nda kuva hashize iminsi ibiri kandi ndahangayitse. Ni imiti ki nafata?",kinyarwanda,URGENT,gastrointestinal,kinyarwanda->kinyarwanda:URGENT:gastrointestinal,{REL} afite ububabare bukabije mu nda.,Mfite ububabare bukabije mu nda.
Ndashaka kukubwira ikibazo mfite. Umwana wanjye isukari yo mu maraso ye yazamutse cyane kuva hashize iminsi ibiri bikarushaho nijoro,kinyarwanda,URGENT,chronic_care,kinyarwanda->kinyarwanda:URGENT:chronic_care,{REL} isukari yo mu maraso ye yazamutse cyane.,isukari yo mu maraso yanjye yazamutse cyane
"Nyabuneka, mushiki wanjye amaze umunsi wose ari mu bubabare bwo kubyara ariko umwana ntarasohoka kuva ijoro ryashize kandi birushaho kuba bibi. Ndakeneye ubufasha vuba.",kinyarwanda,CRITICAL,obstetric,kinyarwanda->kinyarwanda:CRITICAL:obstetric,{REL} amaze umunsi wose ari mu bubabare bwo kubyara ariko umwana ntarasohoka.,Maze umunsi wose mbabara ngerageza kubyara ariko umwana ntarasohoka.
"Mfite umuriro kandi numva mfite imbeho, nkeka ko ari malariya kuva mu cyumweru gishize kandi nta miti mfite. Ese ibi birakomeye?",kinyarwanda,URGENT,infectious_fever,kinyarwanda->kinyarwanda:URGENT:infectious_fever,"mfite umuriro kandi numva mfite imbeho, nkeka ko ari malariya","mfite umuriro kandi numva mfite imbeho, nkeka ko ari malariya"
"Ndakeneye ubufasha, umugore wanjye aratwite kandi yaragagaye kuva ijoro ryashize nta miti imfasha",kinyarwanda,CRITICAL,obstetric,kinyarwanda->kinyarwanda:CRITICAL:obstetric,{REL} aratwite kandi yaragagaye.,Ndatwite kandi nagagaye.
"Mfasha, umuturanyi wanjye ashaka ko bapima ibiro by'umwana we kuva ubu gitondo cya kare nta miti imfasha. Mfasha muganga.",kinyarwanda,ROUTINE,paediatric,kinyarwanda->kinyarwanda:ROUTINE:paediatric,{REL} ashaka ko bapima ibiro by'umwana we.,Ndashaka ko bapima ibiro by'umwana wanjye.
"Ndakeneye ubufasha, mfite impiswi zirimo amaraso kuva hashize iminsi ibiri nta miti imfasha. Ntegereze cyangwa nsuzumwe ubu?",kinyarwanda,URGENT,gastrointestinal,kinyarwanda->kinyarwanda:URGENT:gastrointestinal,Mfite impiswi zirimo amaraso.,Mfite impiswi zirimo amaraso.
"Mfasha, umuturanyi wanjye arakomeza kuruka kandi ntashobora kurya kuva ejo kandi ndahangayitse. Ndakeneye ubufasha vuba.",kinyarwanda,URGENT,gastrointestinal,kinyarwanda->kinyarwanda:URGENT:gastrointestinal,{REL} arakomeza kuruka kandi ntashobora kurya.,ndakomeza kuruka kandi sinshobora kurya
"Mumbabarire, ndashaka kubabwira ikibazo mfite. Mfite umuriro mwinshi kandi nagagaye kuva hashize iminsi ibiri kandi birushaho kuba bibi. Ni imiti ki nafata?",kinyarwanda,CRITICAL,infectious_fever,kinyarwanda->kinyarwanda:CRITICAL:infectious_fever,Mfite umuriro mwinshi kandi nagagaye.,Mfite umuriro mwinshi kandi nagagaye.
Mama ntashobora kuvuga neza kandi umunwa we waragoramye kuva hashize iminsi ibiri. Byatangiye gitunguranye. Ni imiti ki nafata?,kinyarwanda,CRITICAL,neurological,kinyarwanda->kinyarwanda:CRITICAL:neurological,{REL} ntashobora kuvuga neza kandi umunwa we waragoramye.,{REL} ntashobora kuvuga neza kandi umunwa we waragoramye.
"Ndakeneye ubufasha, umutwe urandya ariko ntabwo cyane kuva ubu gitondo cya kare kandi birushaho kuba bibi. Mfasha muganga.",kinyarwanda,ROUTINE,neurological,kinyarwanda->kinyarwanda:ROUTINE:neurological,umutwe urandya ariko ntabwo cyane,umutwe urandya ariko ntabwo cyane
"Mfasha vuba, guhumeka birangora cyane ku buryo ntabasha no kuvuga neza kuva ubu gitondo cya kare kandi nta miti mfite",kinyarwanda,CRITICAL,cardiac_respiratory,kinyarwanda->kinyarwanda:CRITICAL:cardiac_respiratory,Guhumeka birangora cyane ku buryo ntabasha no kuvuga neza.,Guhumeka birangora cyane ku buryo ntabasha no kuvuga neza.
"Mfasha vuba, ndava amaraso menshi nyuma yo kubyara kandi ndahangayitse. Nkora iki?",kinyarwanda,CRITICAL,obstetric,kinyarwanda->kinyarwanda:CRITICAL:obstetric,ndava amaraso menshi nyuma yo kubyara,ndava amaraso menshi nyuma yo kubyara
"Simbizi niba bikomeye ariko, mu gituza harandya cyane kandi ububabare bukagera no ku kuboko kuva hashize iminsi ibiri kandi sinshobora gusinzira. Naje mvuye kure.",kinyarwanda,CRITICAL,cardiac_respiratory,kinyarwanda->kinyarwanda:CRITICAL:cardiac_respiratory,mu gituza harandya cyane kandi ububabare bukagera no ku kuboko,mu gituza harandya cyane kandi ububabare bukagera no ku kuboko
"Simbizi niba bikomeye ariko, umwana wanjye amazuru ye aratemba gake kuva ubu gitondo cya kare kandi ndahangayitse. Murakoze.",kinyarwanda,ROUTINE,infectious_fever,kinyarwanda->kinyarwanda:ROUTINE:infectious_fever,{REL} amazuru ye aratemba gake.,amazuru arantemba gake
"Mfasha vuba, ndakorora cyane kandi guhumeka birangora kuva ubu gitondo cya kare bikarushaho nijoro. Ni imiti ki nafata?",kinyarwanda,URGENT,cardiac_respiratory,kinyarwanda->kinyarwanda:URGENT:cardiac_respiratory,ndakorora cyane kandi guhumeka birangora,ndakorora cyane kandi guhumeka birangora
Mama ashaka kugirwa inama ku mazi yo kunywa kuva mu cyumweru gishize nta miti imfasha. Ndakeneye ubufasha vuba.,kinyarwanda,ROUTINE,preventive,kinyarwanda->kinyarwanda:ROUTINE:preventive,{REL} ashaka kugirwa inama ku mazi yo kunywa.,Ndashaka kugirwa inama ku mazi yo kunywa.
"Simbizi niba bikomeye ariko, mama ntashobora kuvuga neza kandi umunwa we waragoramye kuva mu masaha abiri ashize. Naje mvuye kure.",kinyarwanda,CRITICAL,neurological,kinyarwanda->kinyarwanda:CRITICAL:neurological,{REL} ntashobora kuvuga neza kandi umunwa we waragoramye.,{REL} ntashobora kuvuga neza kandi umunwa we waragoramye.
Umugabo wanjye iminwa ye yahindutse ubururu kandi birushaho kuba bibi. Ntabasha kubona amafaranga yo kongera kuza kwa muganga.,kinyarwanda,CRITICAL,cardiac_respiratory,kinyarwanda->kinyarwanda:CRITICAL:cardiac_respiratory,{REL} iminwa ye yahindutse ubururu.,Iminwa yanjye yahindutse ubururu.
"Simbizi niba bikomeye ariko, mama araruka cyane kandi yumva afite intege nke kuva mu gitondo kandi ndahangayitse. Ndakeneye ubufasha vuba.",kinyarwanda,URGENT,gastrointestinal,kinyarwanda->kinyarwanda:URGENT:gastrointestinal,{REL} araruka cyane kandi yumva afite intege nke.,ndaruka cyane kandi numva mfite intege nke
"Nzanye umwana wanjye, ndatwite kandi ndashaka kujya kwa muganga kwisuzumisha kuva mu masaha abiri ashize bikarushaho nijoro. Ese ibi birakomeye?",kinyarwanda,ROUTINE,obstetric,kinyarwanda->kinyarwanda:ROUTINE:obstetric,Ndatwite kandi ndashaka kujya kwa muganga kwisuzumisha.,Ndatwite kandi ndashaka kujya kwa muganga kwisuzumisha.
Ndatwite kandi nagagaye kuva hashize iminsi ibiri kandi birushaho kuba bibi,kinyarwanda,CRITICAL,obstetric,kinyarwanda->kinyarwanda:CRITICAL:obstetric,Ndatwite kandi nagagaye.,Ndatwite kandi nagagaye.
Umukecuru araruka cyane kandi yumva afite intege nke kuva ejo kandi birushaho kuba bibi,kinyarwanda,URGENT,gastrointestinal,kinyarwanda->kinyarwanda:URGENT:gastrointestinal,{REL} araruka cyane kandi yumva afite intege nke.,ndaruka cyane kandi numva mfite intege nke
"Naje hano mbere, mfite umuriro woroheje umaze umunsi umwe, ariko nta kindi kibazo mfite kuva ubu gitondo cya kare bikarushaho nijoro. Ntabasha kubona amafaranga yo kongera kuza kwa muganga.",kinyarwanda,ROUTINE,infectious_fever,kinyarwanda->kinyarwanda:ROUTINE:infectious_fever,"mfite umuriro woroheje umaze umunsi umwe, ariko nta kindi kibazo mfite","mfite umuriro woroheje umaze umunsi umwe, ariko nta kindi kibazo mfite"
"Nyabuneka, ndakorora cyane kandi guhumeka birangora kandi birushaho kuba bibi. Ntegereze cyangwa nsuzumwe ubu?",kinyarwanda,URGENT,cardiac_respiratory,kinyarwanda->kinyarwanda:URGENT:cardiac_respiratory,ndakorora cyane kandi guhumeka birangora,ndakorora cyane kandi guhumeka birangora
"Muraho, papa umutima we utera cyane kandi yumva umeze nk'aho uhagarara kuva hashize iminsi itatu. Abandi bana na bo bafite iki kibazo. Ese ibi birakomeye?",kinyarwanda,CRITICAL,cardiac_respiratory,kinyarwanda->kinyarwanda:CRITICAL:cardiac_respiratory,{REL} umutima we utera cyane kandi yumva umeze nk'aho uhagarara.,umutima uratera cyane kandi nkumva umeze nk'aho uhagarara
"Muraho, umugore wanjye aratwite kandi ashaka kwisuzumisha kwa muganga bwa mbere kuva hashize icyumweru kandi birushaho kuba bibi. Murakoze.",kinyarwanda,ROUTINE,preventive,kinyarwanda->kinyarwanda:ROUTINE:preventive,{REL} aratwite kandi ashaka kwisuzumisha kwa muganga bwa mbere.,Ndatwite kandi ndashaka kwisuzumisha kwa muganga bwa mbere.
"Mumbabarire, ndashaka kubabwira ikibazo mfite. Mushiki wanjye ashaka kugirwa inama ku mazi yo kunywa kuva ijoro ryashize. Abandi bana na bo bafite iki kibazo. Ntegereze cyangwa nsuzumwe ubu?",kinyarwanda,ROUTINE,preventive,kinyarwanda->kinyarwanda:ROUTINE:preventive,{REL} ashaka kugirwa inama ku mazi yo kunywa.,Ndashaka kugirwa inama ku mazi yo kunywa.
"Muraho, nta miti y'igituntu mfite kuva hashize icyumweru. Byatangiye gitunguranye. Ntegereze cyangwa nsuzumwe ubu?",kinyarwanda,URGENT,chronic_care,kinyarwanda->kinyarwanda:URGENT:chronic_care,Nta miti y'igituntu mfite.,Nta miti y'igituntu mfite.
"Nzanye umwana wanjye, ndashaka ko bapima umuvuduko w'amaraso kuva hashize iminsi itatu biragenda bikagaruka. Ndakeneye ubufasha vuba.",kinyarwanda,ROUTINE,preventive,kinyarwanda->kinyarwanda:ROUTINE:preventive,Ndashaka ko bapima umuvuduko w'amaraso.,Ndashaka ko bapima umuvuduko w'amaraso.
"Mfasha, mfite umuhaha kuva mu gitondo. Byatangiye gitunguranye. Murakoze.",kinyarwanda,URGENT,paediatric,kinyarwanda->kinyarwanda:URGENT:paediatric,Mfite umuhaha.,Mfite umuhaha.
"Naje hano mbere, mu gituza harandya cyane kandi ububabare bukagera no ku kuboko kuva hashize icyumweru. Ni imiti ki nafata?",kinyarwanda,CRITICAL,cardiac_respiratory,kinyarwanda->kinyarwanda:CRITICAL:cardiac_respiratory,mu gituza harandya cyane kandi ububabare bukagera no ku kuboko,mu gituza harandya cyane kandi ububabare bukagera no ku kuboko
"Nzanye umwana wanjye, ndashaka ko bapima ibiro by'umwana wanjye bikarushaho nijoro. Ntabasha kubona amafaranga yo kongera kuza kwa muganga.",kinyarwanda,ROUTINE,paediatric,kinyarwanda->kinyarwanda:ROUTINE:paediatric,Ndashaka ko bapima ibiro by'umwana wanjye.,Ndashaka ko bapima ibiro by'umwana wanjye.
"Muraho, umugore wanjye aratwite kandi araruka ibyo arya byose kuva mu cyumweru gishize bikarushaho nijoro. Murakoze.",kinyarwanda,URGENT,obstetric,kinyarwanda->kinyarwanda:URGENT:obstetric,{REL} aratwite kandi araruka ibyo arya byose.,Ndatwite kandi ndaruka ibyo ndya byose.
"Mfasha, amazuru arantemba gake kuva ubu gitondo cya kare. Byatangiye gitunguranye. Mfasha muganga.",kinyarwanda,ROUTINE,infectious_fever,kinyarwanda->kinyarwanda:ROUTINE:infectious_fever,amazuru arantemba gake,amazuru arantemba gake
"Nyabuneka, ndashaka kujya kwa muganga kwisuzumisha diyabete kuva hashize iminsi ibiri kandi sinshobora gusinzira",kinyarwanda,ROUTINE,chronic_care,kinyarwanda->kinyarwanda:ROUTINE:chronic_care,Ndashaka kujya kwa muganga kwisuzumisha diyabete.,Ndashaka kujya kwa muganga kwisuzumisha SIDA.
Mfite ikibazo ku mutwe kandi kirimo guterwa n'urumuri kuva hashize iminsi ibiri. Abandi bana na bo bafite iki kibazo. Ese ibi birakomeye?,kinyarwanda,URGENT,neurological,kinyarwanda->kinyarwanda:URGENT:neurological,Mfite ikibazo ku mutwe kandi kirimo guterwa n'urumuri.,Mfite ikibazo ku mutwe kandi kirimo guterwa n'urumuri.
"Muganga, iminwa yanjye yahindutse ubururu kuva mu cyumweru gishize kandi ndahangayitse. Naje mvuye kure.",kinyarwanda,CRITICAL,cardiac_respiratory,kinyarwanda->kinyarwanda:CRITICAL:cardiac_respiratory,Iminwa yanjye yahindutse ubururu.,Iminwa yanjye yahindutse ubururu.
"Nyabuneka, mama ashaka ko bapima ibiro by'umwana we kuva hashize iminsi ibiri kandi ndahangayitse. Ndakeneye ubufasha vuba.",kinyarwanda,ROUTINE,paediatric,kinyarwanda->kinyarwanda:ROUTINE:paediatric,{REL} ashaka ko bapima ibiro by'umwana we.,Ndashaka ko bapima ibiro by'umwana wanjye.
"Mfasha vuba, mfite umwanda usa umukara kuva ijoro ryashize. Ntabasha kubona amafaranga yo kongera kuza kwa muganga.",kinyarwanda,CRITICAL,gastrointestinal,kinyarwanda->kinyarwanda:CRITICAL:gastrointestinal,Mfite umwanda usa umukara.,Mfite umwanda usa umukara.
"Simbizi niba bikomeye ariko, umutwe urandya ariko ntabwo cyane kuva hashize iminsi itatu bikarushaho nijoro. Mfasha muganga.",kinyarwanda,ROUTINE,neurological,kinyarwanda->kinyarwanda:ROUTINE:neurological,umutwe urandya ariko ntabwo cyane,umutwe urandya ariko ntabwo cyane
"Muganga, ndashaka imiti y'inzoka y'umwana wanjye kuva mu gitondo",kinyarwanda,ROUTINE,preventive,kinyarwanda->kinyarwanda:ROUTINE:preventive,Ndashaka imiti y'inzoka y'umwana wanjye.,Ndashaka imiti y'inzoka y'umwana wanjye.
"Nyabuneka, mfite igikomere gito kandi amaraso yarahagaze kuva ejo nta miti imfasha. Ntabasha kubona amafaranga yo kongera kuza kwa muganga.",kinyarwanda,ROUTINE,haemorrhage_trauma,kinyarwanda->kinyarwanda:ROUTINE:haemorrhage_trauma,Mfite igikomere gito kandi amaraso yarahagaze.,Mfite igikomere gito kandi amaraso yarahagaze.
"Muganga, umutima uratera cyane kandi nkumva umeze nk'aho uhagarara. Abandi bana na bo bafite iki kibazo. Naje mvuye kure.",kinyarwanda,CRITICAL,cardiac_respiratory,kinyarwanda->kinyarwanda:CRITICAL:cardiac_respiratory,umutima uratera cyane kandi nkumva umeze nk'aho uhagarara,umutima uratera cyane kandi nkumva umeze nk'aho uhagarara
"Muganga, ndatwite kandi ndaruka ibyo ndya byose kuva hashize iminsi itatu bikarushaho nijoro. Ni imiti ki nafata?",kinyarwanda,URGENT,obstetric,kinyarwanda->kinyarwanda:URGENT:obstetric,Ndatwite kandi ndaruka ibyo ndya byose.,Ndatwite kandi ndaruka ibyo ndya byose.
"Ndakeneye ubufasha, narumwe n'inzoka kuva mu gitondo. Byatangiye gitunguranye. Ndakeneye ubufasha vuba.",kinyarwanda,URGENT,haemorrhage_trauma,kinyarwanda->kinyarwanda:URGENT:haemorrhage_trauma,Narumwe n'inzoka.,Narumwe n'inzoka.
"Mfasha, nta miti y'igituntu mfite kuva ejo. Abandi bana na bo bafite iki kibazo.",kinyarwanda,URGENT,chronic_care,kinyarwanda->kinyarwanda:URGENT:chronic_care,Nta miti y'igituntu mfite.,Nta miti y'igituntu mfite.
"Nzanye umwana wanjye, mushiki wanjye araruka amaraso kuva hashize iminsi ibiri kandi sinshobora gusinzira. Ni imiti ki nafata?",kinyarwanda,CRITICAL,gastrointestinal,kinyarwanda->kinyarwanda:CRITICAL:gastrointestinal,{REL} araruka amaraso.,Ndaruka amaraso.
Nkorora gake ariko nta muriro mfite kuva ijoro ryashize nta miti imfasha. Ntabasha kubona amafaranga yo kongera kuza kwa muganga.,kinyarwanda,ROUTINE,cardiac_respiratory,kinyarwanda->kinyarwanda:ROUTINE:cardiac_respiratory,Nkorora gake ariko nta muriro mfite.,Nkorora gake ariko nta muriro mfite.
"Muraho, mushiki wanjye aratwite kandi ashaka kwisuzumisha kwa muganga bwa mbere kuva mu cyumweru gishize nta miti imfasha. Ese ibi birakomeye?",kinyarwanda,ROUTINE,preventive,kinyarwanda->kinyarwanda:ROUTINE:preventive,{REL} aratwite kandi ashaka kwisuzumisha kwa muganga bwa mbere.,Ndatwite kandi ndashaka kwisuzumisha kwa muganga bwa mbere.
"Muganga, umugore wanjye isukari yo mu maraso ye yazamutse cyane kandi sinshobora gusinzira. Ntegereze cyangwa nsuzumwe ubu?",kinyarwanda,URGENT,chronic_care,kinyarwanda->kinyarwanda:URGENT:chronic_care,{REL} isukari yo mu maraso ye yazamutse cyane.,isukari yo mu maraso yanjye yazamutse cyane
Ndashaka inama ku biryo byo kugaburira umwana wanjye kuva ejo biragenda bikagaruka. Urakoze.,kinyarwanda,ROUTINE,preventive,kinyarwanda->kinyarwanda:ROUTINE:preventive,Ndashaka inama ku biryo byo kugaburira umwana wanjye.,Ndashaka inama ku biryo byo kugaburira umwana wanjye.
"Ndakeneye ubufasha, umwana wanjye afite umuriro woroheje umaze umunsi umwe, ariko nta kindi kibazo afite kuva hashize iminsi itatu bikarushaho nijoro. Naje mvuye kure.",kinyarwanda,ROUTINE,infectious_fever,kinyarwanda->kinyarwanda:ROUTINE:infectious_fever,"{REL} afite umuriro woroheje umaze umunsi umwe, ariko nta kindi kibazo afite.","mfite umuriro woroheje umaze umunsi umwe, ariko nta kindi kibazo mfite"
Ndashaka kukubwira ikibazo mfite. Narumwe n'inzoka kuva hashize icyumweru. Byatangiye gitunguranye. Ni imiti ki nafata?,kinyarwanda,URGENT,haemorrhage_trauma,kinyarwanda->kinyarwanda:URGENT:haemorrhage_trauma,Narumwe n'inzoka.,Narumwe n'inzoka.
"Muganga, umugore wanjye aratwite kandi yaragagaye kuva hashize iminsi ibiri biragenda bikagaruka",kinyarwanda,CRITICAL,obstetric,kinyarwanda->kinyarwanda:CRITICAL:obstetric,{REL} aratwite kandi yaragagaye.,Ndatwite kandi nagagaye.
"Nzanye umwana wanjye, iyo umwana wanjye amaze kurya, yumva inda itameze neza kuva hashize iminsi ibiri bikarushaho nijoro",kinyarwanda,ROUTINE,gastrointestinal,kinyarwanda->kinyarwanda:ROUTINE:gastrointestinal,"Iyo {REL} amaze kurya, yumva inda itameze neza.","Iyo {REL} amaze kurya, yumva inda itameze neza."
"Naje hano mbere, umwana wanjye iminwa ye yahindutse ubururu kandi birushaho kuba bibi. Mfasha muganga.",kinyarwanda,CRITICAL,cardiac_respiratory,kinyarwanda->kinyarwanda:CRITICAL:cardiac_respiratory,{REL} iminwa ye yahindutse ubururu.,Iminwa yanjye yahindutse ubururu.
"Nzanye umwana wanjye, mushiki wanjye afite igikomere cyanduye, kiratukura kandi kirimo amashyira kuva hashize iminsi ibiri biragenda bikagaruka. Ni imiti ki nafata?",kinyarwanda,URGENT,haemorrhage_trauma,kinyarwanda->kinyarwanda:URGENT:haemorrhage_trauma,"{REL} afite igikomere cyanduye, kiratukura kandi kirimo amashyira.","mfite igikomere cyanduye, kiratukura kandi kirimo amashyira"
"Muraho, umugabo wanjye ashaka inama ku biryo byo kugaburira umwana we kuva mu masaha abiri ashize. Byatangiye gitunguranye. Mfasha muganga.",kinyarwanda,ROUTINE,preventive,kinyarwanda->kinyarwanda:ROUTINE:preventive,{REL} ashaka inama ku biryo byo kugaburira umwana we.,Ndashaka inama ku biryo byo kugaburira umwana wanjye.
"Mumbabarire, ndashaka kubabwira ikibazo mfite. Mfite igikomere gito kandi amaraso yarahagaze. Byatangiye gitunguranye. Ni imiti ki nafata?",kinyarwanda,ROUTINE,haemorrhage_trauma,kinyarwanda->kinyarwanda:ROUTINE:haemorrhage_trauma,Mfite igikomere gito kandi amaraso yarahagaze.,Mfite igikomere gito kandi amaraso yarahagaze.
"Muraho, ndabyara ariko habanje gusohoka umugozi w'umwana kuva mu gitondo kandi sinshobora gusinzira. Ni imiti ki nafata?",kinyarwanda,CRITICAL,obstetric,kinyarwanda->kinyarwanda:CRITICAL:obstetric,Ndabyara ariko habanje gusohoka umugozi w'umwana.,Ndabyara ariko habanje gusohoka umugozi w'umwana.
"Mfasha, umwana wanjye ashaka kugirwa inama ku mazi yo kunywa kuva mu cyumweru gishize biragenda bikagaruka. Murakoze.",kinyarwanda,ROUTINE,preventive,kinyarwanda->kinyarwanda:ROUTINE:preventive,{REL} ashaka kugirwa inama ku mazi yo kunywa.,Ndashaka kugirwa inama ku mazi yo kunywa.
"Naje hano mbere, mfite igisebe ku kirenge kidakira kandi mfite diyabete bikarushaho nijoro. Murakoze.",kinyarwanda,URGENT,chronic_care,kinyarwanda->kinyarwanda:URGENT:chronic_care,Mfite igisebe ku kirenge kidakira kandi mfite diyabete.,Mfite igisebe ku kirenge kidakira kandi mfite diyabete.
"Mfasha vuba, uruhande rumwe rw'umubiri we ntirukora bikarushaho nijoro. Ntegereze cyangwa nsuzumwe ubu?",kinyarwanda,CRITICAL,neurological,kinyarwanda->kinyarwanda:CRITICAL:neurological,Uruhande rumwe rw'umubiri we ntirukora.,Uruhande rumwe rw'umubiri we ntirukora.
"Muganga, umukecuru ashaka inama ku biryo byo kugaburira umwana we kuva ubu gitondo cya kare kandi birushaho kuba bibi. Naje mvuye kure.",kinyarwanda,ROUTINE,preventive,kinyarwanda->kinyarwanda:ROUTINE:preventive,{REL} ashaka inama ku biryo byo kugaburira umwana we.,Ndashaka inama ku biryo byo kugaburira umwana wanjye.
"Muganga, papa ashaka ko bapima ibiro by'umwana we kuva mu cyumweru gishize kandi birushaho kuba bibi. Nkora iki?",kinyarwanda,ROUTINE,paediatric,kinyarwanda->kinyarwanda:ROUTINE:paediatric,{REL} ashaka ko bapima ibiro by'umwana we.,Ndashaka ko bapima ibiro by'umwana wanjye.
"Muganga, umwana wanjye akorora gake ariko nta muriro afite kuva mu cyumweru gishize kandi nta miti mfite. Mfasha muganga.",kinyarwanda,ROUTINE,cardiac_respiratory,kinyarwanda->kinyarwanda:ROUTINE:cardiac_respiratory,{REL} akorora gake ariko nta muriro afite.,Nkorora gake ariko nta muriro mfite.
"Muganga, umuturanyi wanjye ashaka ko bapima ibiro by'umwana we kuva hashize iminsi ibiri kandi nta miti mfite. Ntegereze cyangwa nsuzumwe ubu?",kinyarwanda,ROUTINE,paediatric,kinyarwanda->kinyarwanda:ROUTINE:paediatric,{REL} ashaka ko bapima ibiro by'umwana we.,Ndashaka ko bapima ibiro by'umwana wanjye.
Umugabo wanjye yaraguye none arababara cyane kuva ijoro ryashize kandi birushaho kuba bibi,kinyarwanda,URGENT,haemorrhage_trauma,kinyarwanda->kinyarwanda:URGENT:haemorrhage_trauma,{REL} yaraguye none arababara cyane.,naraguye none ndababara cyane
Ndashaka kukubwira ikibazo mfite. Ndashaka kujya kwa muganga kwisuzumisha diyabete kuva hashize iminsi ibiri kandi ndahangayitse,kinyarwanda,ROUTINE,chronic_care,kinyarwanda->kinyarwanda:ROUTINE:chronic_care,Ndashaka kujya kwa muganga kwisuzumisha diyabete.,Ndashaka kujya kwa muganga kwisuzumisha SIDA.
"Naje hano mbere, ndashaka inama ku biryo byo kugaburira umwana wanjye kuva hashize icyumweru. Byatangiye gitunguranye. Ntabasha kubona amafaranga yo kongera kuza kwa muganga.",kinyarwanda,ROUTINE,preventive,kinyarwanda->kinyarwanda:ROUTINE:preventive,Ndashaka inama ku biryo byo kugaburira umwana wanjye.,Ndashaka inama ku biryo byo kugaburira umwana wanjye.
"Muganga, mfite igikomere gikomeye kirimo kuva amaraso menshi kuva hashize iminsi itatu. Ese ibi birakomeye?",kinyarwanda,CRITICAL,haemorrhage_trauma,kinyarwanda->kinyarwanda:CRITICAL:haemorrhage_trauma,mfite igikomere gikomeye kirimo kuva amaraso menshi,mfite igikomere gikomeye kirimo kuva amaraso menshi
Ndashaka guhabwa inzitiramubu kuva ijoro ryashize bikarushaho nijoro. Ntabasha kubona amafaranga yo kongera kuza kwa muganga.,kinyarwanda,ROUTINE,preventive,kinyarwanda->kinyarwanda:ROUTINE:preventive,Ndashaka guhabwa inzitiramubu.,Ndashaka guhabwa inzitiramubu.
"Nyabuneka, mfite umwanda usa umukara kuva hashize icyumweru. Mfasha muganga.",kinyarwanda,CRITICAL,gastrointestinal,kinyarwanda->kinyarwanda:CRITICAL:gastrointestinal,Mfite umwanda usa umukara.,Mfite umwanda usa umukara.
"Muraho, ndashaka ko bapima ibiro by'umwana wanjye. Byatangiye gitunguranye. Ese ibi birakomeye?",kinyarwanda,ROUTINE,paediatric,kinyarwanda->kinyarwanda:ROUTINE:paediatric,Ndashaka ko bapima ibiro by'umwana wanjye.,Ndashaka ko bapima ibiro by'umwana wanjye.
"Mumbabarire, ndashaka kubabwira ikibazo mfite. Papa ashaka kugirwa inama ku mazi yo kunywa kuva ubu gitondo cya kare kandi birushaho kuba bibi. Ese ibi birakomeye?",kinyarwanda,ROUTINE,preventive,kinyarwanda->kinyarwanda:ROUTINE:preventive,{REL} ashaka kugirwa inama ku mazi yo kunywa.,Ndashaka kugirwa inama ku mazi yo kunywa.
Mfite igisebe ku kirenge kidakira kandi mfite diyabete kuva ejo bikarushaho nijoro,kinyarwanda,URGENT,chronic_care,kinyarwanda->kinyarwanda:URGENT:chronic_care,Mfite igisebe ku kirenge kidakira kandi mfite diyabete.,Mfite igisebe ku kirenge kidakira kandi mfite diyabete.
"Mumbabarire, ndashaka kubabwira ikibazo mfite. Umwana wanjye afite igikomere cyanduye, kiratukura kandi kirimo amashyira kuva ijoro ryashize nta miti imfasha. Ntegereze cyangwa nsuzumwe ubu?",kinyarwanda,URGENT,haemorrhage_trauma,kinyarwanda->kinyarwanda:URGENT:haemorrhage_trauma,"{REL} afite igikomere cyanduye, kiratukura kandi kirimo amashyira.","mfite igikomere cyanduye, kiratukura kandi kirimo amashyira"
"Nyabuneka, mfite igikomere cyanduye, kiratukura kandi kirimo amashyira. Byatangiye gitunguranye. Ese ibi birakomeye?",kinyarwanda,URGENT,haemorrhage_trauma,kinyarwanda->kinyarwanda:URGENT:haemorrhage_trauma,"mfite igikomere cyanduye, kiratukura kandi kirimo amashyira","mfite igikomere cyanduye, kiratukura kandi kirimo amashyira"
Uruhande rumwe rw'umubiri we ntirukora kuva mu masaha abiri ashize kandi nta miti mfite,kinyarwanda,CRITICAL,neurological,kinyarwanda->kinyarwanda:CRITICAL:neurological,Uruhande rumwe rw'umubiri we ntirukora.,Uruhande rumwe rw'umubiri we ntirukora.
"Mumbabarire, ndashaka kubabwira ikibazo mfite. Maze ibyumweru birenga bibiri ndwaye impiswi kuva mu gitondo kandi birushaho kuba bibi. Murakoze.",kinyarwanda,URGENT,gastrointestinal,kinyarwanda->kinyarwanda:URGENT:gastrointestinal,Maze ibyumweru birenga bibiri ndwaye impiswi.,Maze ibyumweru birenga bibiri ndwaye impiswi.
"Ndakeneye ubufasha, umukecuru afite ubushye bunini ku mubiri kuva ubu gitondo cya kare. Ni imiti ki nafata?",kinyarwanda,CRITICAL,haemorrhage_trauma,kinyarwanda->kinyarwanda:CRITICAL:haemorrhage_trauma,{REL} afite ubushye bunini ku mubiri.,Mfite ubushye bunini ku mubiri.
"Nyabuneka, nkorora gake ariko nta muriro mfite kuva mu cyumweru gishize kandi sinshobora gusinzira. Nkora iki?",kinyarwanda,ROUTINE,cardiac_respiratory,kinyarwanda->kinyarwanda:ROUTINE:cardiac_respiratory,Nkorora gake ariko nta muriro mfite.,Nkorora gake ariko nta muriro mfite.
Ndashaka kukubwira ikibazo mfite. Papa araruka cyane kandi yumva afite intege nke kuva hashize iminsi ibiri biragenda bikagaruka. Mfasha muganga.,kinyarwanda,URGENT,gastrointestinal,kinyarwanda->kinyarwanda:URGENT:gastrointestinal,{REL} araruka cyane kandi yumva afite intege nke.,ndaruka cyane kandi numva mfite intege nke
"Mfite umuriro kandi numva mfite imbeho, nkeka ko ari malariya kuva hashize iminsi itatu nta miti imfasha. Naje mvuye kure.",kinyarwanda,URGENT,infectious_fever,kinyarwanda->kinyarwanda:URGENT:infectious_fever,"mfite umuriro kandi numva mfite imbeho, nkeka ko ari malariya","mfite umuriro kandi numva mfite imbeho, nkeka ko ari malariya"
"Naje hano mbere, umuturanyi wanjye umutima we utera cyane kandi yumva umeze nk'aho uhagarara. Byatangiye gitunguranye. Ni imiti ki nafata?",kinyarwanda,CRITICAL,cardiac_respiratory,kinyarwanda->kinyarwanda:CRITICAL:cardiac_respiratory,{REL} umutima we utera cyane kandi yumva umeze nk'aho uhagarara.,umutima uratera cyane kandi nkumva umeze nk'aho uhagarara
"Naje hano mbere, ndashaka imiti y'inzoka y'umwana wanjye kuva ejo kandi ndahangayitse. Ntabasha kubona amafaranga yo kongera kuza kwa muganga.",kinyarwanda,ROUTINE,preventive,kinyarwanda->kinyarwanda:ROUTINE:preventive,Ndashaka imiti y'inzoka y'umwana wanjye.,Ndashaka imiti y'inzoka y'umwana wanjye.
"Mfasha vuba, mushiki wanjye amaze umunsi wose ari mu bubabare bwo kubyara ariko umwana ntarasohoka kuva ijoro ryashize. Byatangiye gitunguranye. Mfasha muganga.",kinyarwanda,CRITICAL,obstetric,kinyarwanda->kinyarwanda:CRITICAL:obstetric,{REL} amaze umunsi wose ari mu bubabare bwo kubyara ariko umwana ntarasohoka.,Maze umunsi wose mbabara ngerageza kubyara ariko umwana ntarasohoka.
"Naje hano mbere, umuturanyi wanjye amaze umunsi wose ari mu bubabare bwo kubyara ariko umwana ntarasohoka kuva hashize iminsi itatu kandi birushaho kuba bibi. Naje mvuye kure.",kinyarwanda,CRITICAL,obstetric,kinyarwanda->kinyarwanda:CRITICAL:obstetric,{REL} amaze umunsi wose ari mu bubabare bwo kubyara ariko umwana ntarasohoka.,Maze umunsi wose mbabara ngerageza kubyara ariko umwana ntarasohoka.
"Ndakeneye ubufasha, mushiki wanjye aratwite kandi yaragagaye kuva hashize iminsi ibiri bikarushaho nijoro. Mfasha muganga.",kinyarwanda,CRITICAL,obstetric,kinyarwanda->kinyarwanda:CRITICAL:obstetric,{REL} aratwite kandi yaragagaye.,Ndatwite kandi nagagaye.
"Mumbabarire, ndashaka kubabwira ikibazo mfite. Ndakorora cyane kandi guhumeka birangora kuva ijoro ryashize",kinyarwanda,URGENT,cardiac_respiratory,kinyarwanda->kinyarwanda:URGENT:cardiac_respiratory,ndakorora cyane kandi guhumeka birangora,ndakorora cyane kandi guhumeka birangora
"Mumbabarire, ndashaka kubabwira ikibazo mfite. Maze umunsi wose mbabara ngerageza kubyara ariko umwana ntarasohoka kuva hashize iminsi itatu kandi sinshobora gusinzira. Naje mvuye kure.",kinyarwanda,CRITICAL,obstetric,kinyarwanda->kinyarwanda:CRITICAL:obstetric,Maze umunsi wose mbabara ngerageza kubyara ariko umwana ntarasohoka.,Maze umunsi wose mbabara ngerageza kubyara ariko umwana ntarasohoka.
"Nyabuneka, mu rugo hari umuntu urwaye igituntu kandi umuturanyi wanjye ashaka kwisuzumisha kuva mu gitondo nta miti imfasha. Nkora iki?",kinyarwanda,URGENT,preventive,kinyarwanda->kinyarwanda:URGENT:preventive,Mu rugo hari umuntu urwaye igituntu kandi {REL} ashaka kwisuzumisha.,Mu rugo hari umuntu urwaye igituntu kandi ndashaka kwisuzumisha.
"Ndakeneye ubufasha, ndashaka guhabwa inzitiramubu kuva hashize iminsi ibiri. Mfasha muganga.",kinyarwanda,ROUTINE,preventive,kinyarwanda->kinyarwanda:ROUTINE:preventive,Ndashaka guhabwa inzitiramubu.,Ndashaka guhabwa inzitiramubu.
"Nyabuneka, ndatwite kandi nagagaye kuva ubu gitondo cya kare kandi nta miti mfite. Naje mvuye kure.",kinyarwanda,CRITICAL,obstetric,kinyarwanda->kinyarwanda:CRITICAL:obstetric,Ndatwite kandi nagagaye.,Ndatwite kandi nagagaye.
Ndashaka kukubwira ikibazo mfite. Umugore wanjye ntashobora kuvuga neza kandi umunwa we waragoramye kuva mu gitondo bikarushaho nijoro. Naje mvuye kure.,kinyarwanda,CRITICAL,neurological,kinyarwanda->kinyarwanda:CRITICAL:neurological,{REL} ntashobora kuvuga neza kandi umunwa we waragoramye.,{REL} ntashobora kuvuga neza kandi umunwa we waragoramye.
"Mumbabarire, ndashaka kubabwira ikibazo mfite. Papa afite ibimenyetso bya malariya, umuriro n'imbeho kandi sinshobora gusinzira. Ntabasha kubona amafaranga yo kongera kuza kwa muganga.",kinyarwanda,URGENT,infectious_fever,kinyarwanda->kinyarwanda:URGENT:infectious_fever,"{REL} afite ibimenyetso bya malariya, umuriro n'imbeho.","Mfite ibimenyetso bya malariya, umuriro n'imbeho."
"Mumbabarire, ndashaka kubabwira ikibazo mfite. Umwana wanjye afite ikibazo cyo kutabasha guhumeka neza, kandi uruhu rwe rwahindutse ubururu kuva hashize iminsi itatu kandi ndahangayitse. Ntegereze cyangwa nsuzumwe ubu?",kinyarwanda,CRITICAL,paediatric,kinyarwanda->kinyarwanda:CRITICAL:paediatric,"{REL} afite ikibazo cyo kutabasha guhumeka neza, kandi uruhu rwe rwahindutse ubururu","{REL} afite ikibazo cyo kutabasha guhumeka neza, kandi uruhu rwe rwahindutse ubururu"
Umugore wanjye ashaka inama ku biryo byo kugaburira umwana we kuva mu cyumweru gishize nta miti imfasha. Ndakeneye ubufasha vuba.,kinyarwanda,ROUTINE,preventive,kinyarwanda->kinyarwanda:ROUTINE:preventive,{REL} ashaka inama ku biryo byo kugaburira umwana we.,Ndashaka inama ku biryo byo kugaburira umwana wanjye.
Mfite igikomere gito kandi amaraso yarahagaze kuva mu cyumweru gishize kandi ndahangayitse. Nkora iki?,kinyarwanda,ROUTINE,haemorrhage_trauma,kinyarwanda->kinyarwanda:ROUTINE:haemorrhage_trauma,Mfite igikomere gito kandi amaraso yarahagaze.,Mfite igikomere gito kandi amaraso yarahagaze.
"Muganga, mfite igikomere cyanduye, kiratukura kandi kirimo amashyira kuva mu cyumweru gishize kandi nta miti mfite. Ntegereze cyangwa nsuzumwe ubu?",kinyarwanda,URGENT,haemorrhage_trauma,kinyarwanda->kinyarwanda:URGENT:haemorrhage_trauma,"mfite igikomere cyanduye, kiratukura kandi kirimo amashyira","mfite igikomere cyanduye, kiratukura kandi kirimo amashyira"
"Mfasha vuba, mfite umuhaha kuva mu cyumweru gishize kandi sinshobora gusinzira",kinyarwanda,URGENT,paediatric,kinyarwanda->kinyarwanda:URGENT:paediatric,Mfite umuhaha.,Mfite umuhaha.
"Ndakeneye ubufasha, mfite umuriro mwinshi kandi nagagaye kuva mu masaha abiri ashize kandi ndahangayitse. Mfasha muganga.",kinyarwanda,CRITICAL,infectious_fever,kinyarwanda->kinyarwanda:CRITICAL:infectious_fever,Mfite umuriro mwinshi kandi nagagaye.,Mfite umuriro mwinshi kandi nagagaye.
"Ndakeneye ubufasha, umuturanyi wanjye ashaka ko bapima ibiro by'umwana we kuva mu masaha abiri ashize. Naje mvuye kure.",kinyarwanda,ROUTINE,paediatric,kinyarwanda->kinyarwanda:ROUTINE:paediatric,{REL} ashaka ko bapima ibiro by'umwana we.,Ndashaka ko bapima ibiro by'umwana wanjye.
"Mumbabarire, ndashaka kubabwira ikibazo mfite. Umutwe urandya ariko ntabwo cyane kuva hashize iminsi ibiri biragenda bikagaruka. Urakoze.",kinyarwanda,ROUTINE,neurological,kinyarwanda->kinyarwanda:ROUTINE:neurological,umutwe urandya ariko ntabwo cyane,umutwe urandya ariko ntabwo cyane
"Ndakeneye ubufasha, iminwa yanjye yahindutse ubururu kuva ijoro ryashize. Abandi bana na bo bafite iki kibazo. Ntegereze cyangwa nsuzumwe ubu?",kinyarwanda,CRITICAL,cardiac_respiratory,kinyarwanda->kinyarwanda:CRITICAL:cardiac_respiratory,Iminwa yanjye yahindutse ubururu.,Iminwa yanjye yahindutse ubururu.
Ndashaka kukubwira ikibazo mfite. Mfite umuriro mwinshi kandi nagagaye kuva ubu gitondo cya kare kandi sinshobora gusinzira. Ese ibi birakomeye?,kinyarwanda,CRITICAL,infectious_fever,kinyarwanda->kinyarwanda:CRITICAL:infectious_fever,Mfite umuriro mwinshi kandi nagagaye.,Mfite umuriro mwinshi kandi nagagaye.
"Nyabuneka, umwana wanjye amazuru ye aratemba gake kuva mu gitondo nta miti imfasha",kinyarwanda,ROUTINE,infectious_fever,kinyarwanda->kinyarwanda:ROUTINE:infectious_fever,{REL} amazuru ye aratemba gake.,amazuru arantemba gake
"Naje hano mbere, iminwa yanjye yahindutse ubururu kuva ejo. Abandi bana na bo bafite iki kibazo. Ntabasha kubona amafaranga yo kongera kuza kwa muganga.",kinyarwanda,CRITICAL,cardiac_respiratory,kinyarwanda->kinyarwanda:CRITICAL:cardiac_respiratory,Iminwa yanjye yahindutse ubururu.,Iminwa yanjye yahindutse ubururu.
"Mfasha vuba, mfite umuriro mwinshi kandi nagagaye kuva ejo nta miti imfasha. Ndakeneye ubufasha vuba.",kinyarwanda,CRITICAL,infectious_fever,kinyarwanda->kinyarwanda:CRITICAL:infectious_fever,Mfite umuriro mwinshi kandi nagagaye.,Mfite umuriro mwinshi kandi nagagaye.
"Ndakeneye ubufasha, isukari yo mu maraso yanjye yazamutse cyane kuva hashize iminsi ibiri kandi sinshobora gusinzira. Murakoze.",kinyarwanda,URGENT,chronic_care,kinyarwanda->kinyarwanda:URGENT:chronic_care,isukari yo mu maraso yanjye yazamutse cyane,isukari yo mu maraso yanjye yazamutse cyane
"Mfasha vuba, umwana wanjye arakomeza kuruka kandi ntashobora kurya kuva mu gitondo. Byatangiye gitunguranye. Ntabasha kubona amafaranga yo kongera kuza kwa muganga.",kinyarwanda,URGENT,gastrointestinal,kinyarwanda->kinyarwanda:URGENT:gastrointestinal,{REL} arakomeza kuruka kandi ntashobora kurya.,ndakomeza kuruka kandi sinshobora kurya
"Simbizi niba bikomeye ariko, naraguye none ndababara cyane kuva hashize icyumweru biragenda bikagaruka. Ni imiti ki nafata?",kinyarwanda,URGENT,haemorrhage_trauma,kinyarwanda->kinyarwanda:URGENT:haemorrhage_trauma,naraguye none ndababara cyane,naraguye none ndababara cyane
"Ndakeneye ubufasha, mfite ikibazo ku mutwe kandi kirimo guterwa n'urumuri. Abandi bana na bo bafite iki kibazo. Urakoze.",kinyarwanda,URGENT,neurological,kinyarwanda->kinyarwanda:URGENT:neurological,Mfite ikibazo ku mutwe kandi kirimo guterwa n'urumuri.,Mfite ikibazo ku mutwe kandi kirimo guterwa n'urumuri.
"Muraho, mushiki wanjye isukari yo mu maraso ye yazamutse cyane kuva mu gitondo biragenda bikagaruka. Murakoze.",kinyarwanda,URGENT,chronic_care,kinyarwanda->kinyarwanda:URGENT:chronic_care,{REL} isukari yo mu maraso ye yazamutse cyane.,isukari yo mu maraso yanjye yazamutse cyane
"Nyabuneka, umugabo wanjye afite ububabare bukabije mu nda kuva ejo kandi sinshobora gusinzira. Ntabasha kubona amafaranga yo kongera kuza kwa muganga.",kinyarwanda,URGENT,gastrointestinal,kinyarwanda->kinyarwanda:URGENT:gastrointestinal,{REL} afite ububabare bukabije mu nda.,Mfite ububabare bukabije mu nda.
"Mfasha vuba, umwana wanjye afite umuriro woroheje umaze umunsi umwe, ariko nta kindi kibazo afite kuva ubu gitondo cya kare nta miti imfasha. Ni imiti ki nafata?",kinyarwanda,ROUTINE,infectious_fever,kinyarwanda->kinyarwanda:ROUTINE:infectious_fever,"{REL} afite umuriro woroheje umaze umunsi umwe, ariko nta kindi kibazo afite.","mfite umuriro woroheje umaze umunsi umwe, ariko nta kindi kibazo mfite"
"Simbizi niba bikomeye ariko, umwana wanjye akorora gake ariko nta muriro afite kuva ijoro ryashize biragenda bikagaruka. Murakoze.",kinyarwanda,ROUTINE,cardiac_respiratory,kinyarwanda->kinyarwanda:ROUTINE:cardiac_respiratory,{REL} akorora gake ariko nta muriro afite.,Nkorora gake ariko nta muriro mfite.
Ndashaka kukubwira ikibazo mfite. Mfite umuriro mwinshi kandi nagagaye kandi nta miti mfite. Ntegereze cyangwa nsuzumwe ubu?,kinyarwanda,CRITICAL,infectious_fever,kinyarwanda->kinyarwanda:CRITICAL:infectious_fever,Mfite umuriro mwinshi kandi nagagaye.,Mfite umuriro mwinshi kandi nagagaye.
"Mumbabarire, ndashaka kubabwira ikibazo mfite. Umugabo wanjye ashaka ko bapima ibiro by'umwana we kuva mu masaha abiri ashize kandi ndahangayitse. Mfasha muganga.",kinyarwanda,ROUTINE,paediatric,kinyarwanda->kinyarwanda:ROUTINE:paediatric,{REL} ashaka ko bapima ibiro by'umwana we.,Ndashaka ko bapima ibiro by'umwana wanjye.
"Nzanye umwana wanjye, ndashaka ko bapima ibiro by'umwana wanjye kuva hashize iminsi ibiri. Abandi bana na bo bafite iki kibazo. Ntegereze cyangwa nsuzumwe ubu?",kinyarwanda,ROUTINE,paediatric,kinyarwanda->kinyarwanda:ROUTINE:paediatric,Ndashaka ko bapima ibiro by'umwana wanjye.,Ndashaka ko bapima ibiro by'umwana wanjye.
"Mfasha vuba, umukecuru isukari yo mu maraso ye yazamutse cyane kuva hashize icyumweru kandi nta miti mfite. Nkora iki?",kinyarwanda,URGENT,chronic_care,kinyarwanda->kinyarwanda:URGENT:chronic_care,{REL} isukari yo mu maraso ye yazamutse cyane.,isukari yo mu maraso yanjye yazamutse cyane
"Naje hano mbere, maze ibyumweru birenga bibiri ndwaye impiswi kuva hashize iminsi itatu kandi sinshobora gusinzira. Murakoze.",kinyarwanda,URGENT,gastrointestinal,kinyarwanda->kinyarwanda:URGENT:gastrointestinal,Maze ibyumweru birenga bibiri ndwaye impiswi.,Maze ibyumweru birenga bibiri ndwaye impiswi.
"Muraho, umugabo wanjye ashaka ko bapima SIDA kuva mu masaha abiri ashize kandi nta miti mfite. Urakoze.",kinyarwanda,ROUTINE,preventive,kinyarwanda->kinyarwanda:ROUTINE:preventive,{REL} ashaka ko bapima SIDA.,Ndashaka ko bapima SIDA.
"Naje hano mbere, mfite igisebe ku kirenge kidakira kandi mfite diyabete kuva ubu gitondo cya kare. Byatangiye gitunguranye. Ni imiti ki nafata?",kinyarwanda,URGENT,chronic_care,kinyarwanda->kinyarwanda:URGENT:chronic_care,Mfite igisebe ku kirenge kidakira kandi mfite diyabete.,Mfite igisebe ku kirenge kidakira kandi mfite diyabete.
"Naje hano mbere, ndashaka ko bapima umuvuduko w'amaraso kandi ndahangayitse. Ntegereze cyangwa nsuzumwe ubu?",kinyarwanda,ROUTINE,preventive,kinyarwanda->kinyarwanda:ROUTINE:preventive,Ndashaka ko bapima umuvuduko w'amaraso.,Ndashaka ko bapima umuvuduko w'amaraso.
"Mfasha, ndava amaraso menshi nyuma yo kubyara kuva ejo kandi sinshobora gusinzira. Ntegereze cyangwa nsuzumwe ubu?",kinyarwanda,CRITICAL,obstetric,kinyarwanda->kinyarwanda:CRITICAL:obstetric,ndava amaraso menshi nyuma yo kubyara,ndava amaraso menshi nyuma yo kubyara
"Nyabuneka, mfite impiswi zirimo amaraso kuva hashize icyumweru. Byatangiye gitunguranye. Ni imiti ki nafata?",kinyarwanda,URGENT,gastrointestinal,kinyarwanda->kinyarwanda:URGENT:gastrointestinal,Mfite impiswi zirimo amaraso.,Mfite impiswi zirimo amaraso.
"Mfasha, ndava amaraso menshi nyuma yo kubyara kuva mu cyumweru gishize kandi sinshobora gusinzira. Ntegereze cyangwa nsuzumwe ubu?",kinyarwanda,CRITICAL,obstetric,kinyarwanda->kinyarwanda:CRITICAL:obstetric,ndava amaraso menshi nyuma yo kubyara,ndava amaraso menshi nyuma yo kubyara
"Mfasha vuba, mu gituza harandya cyane kandi ububabare bukagera no ku kuboko kuva hashize iminsi itatu kandi sinshobora gusinzira. Ese ibi birakomeye?",kinyarwanda,CRITICAL,cardiac_respiratory,kinyarwanda->kinyarwanda:CRITICAL:cardiac_respiratory,mu gituza harandya cyane kandi ububabare bukagera no ku kuboko,mu gituza harandya cyane kandi ububabare bukagera no ku kuboko
"Mfasha vuba, ndashaka kujya kwa muganga kwisuzumisha diyabete kuva mu gitondo bikarushaho nijoro. Ni imiti ki nafata?",kinyarwanda,ROUTINE,chronic_care,kinyarwanda->kinyarwanda:ROUTINE:chronic_care,Ndashaka kujya kwa muganga kwisuzumisha diyabete.,Ndashaka kujya kwa muganga kwisuzumisha SIDA.
"Simbizi niba bikomeye ariko, mu rugo hari umuntu urwaye igituntu kandi umugabo wanjye ashaka kwisuzumisha kuva mu cyumweru gishize nta miti imfasha. Ntegereze cyangwa nsuzumwe ubu?",kinyarwanda,URGENT,preventive,kinyarwanda->kinyarwanda:URGENT:preventive,Mu rugo hari umuntu urwaye igituntu kandi {REL} ashaka kwisuzumisha.,Mu rugo hari umuntu urwaye igituntu kandi ndashaka kwisuzumisha.
Ndashaka kukubwira ikibazo mfite. Ndatwite kandi nagagaye kuva hashize iminsi itatu kandi sinshobora gusinzira. Nkora iki?,kinyarwanda,CRITICAL,obstetric,kinyarwanda->kinyarwanda:CRITICAL:obstetric,Ndatwite kandi nagagaye.,Ndatwite kandi nagagaye.
Umuturanyi wanjye ari kubyara ariko umugozi w'umwana wabanje gusohoka kuva mu cyumweru gishize. Byatangiye gitunguranye. Ese ibi birakomeye?,kinyarwanda,CRITICAL,obstetric,kinyarwanda->kinyarwanda:CRITICAL:obstetric,{REL} ari kubyara ariko umugozi w'umwana wabanje gusohoka.,Ndabyara ariko habanje gusohoka umugozi w'umwana.
"Mfasha vuba, umukecuru afite gahunda yo gukingiza umwana kuva ijoro ryashize. Byatangiye gitunguranye. Murakoze.",kinyarwanda,ROUTINE,preventive,kinyarwanda->kinyarwanda:ROUTINE:preventive,{REL} afite gahunda yo gukingiza umwana.,Mfite gahunda yo gukingiza umwana.
"Ndashaka kukubwira ikibazo mfite. Mfite umuriro woroheje umaze umunsi umwe, ariko nta kindi kibazo mfite kuva ubu gitondo cya kare kandi ndahangayitse. Ni imiti ki nafata?",kinyarwanda,ROUTINE,infectious_fever,kinyarwanda->kinyarwanda:ROUTINE:infectious_fever,"mfite umuriro woroheje umaze umunsi umwe, ariko nta kindi kibazo mfite","mfite umuriro woroheje umaze umunsi umwe, ariko nta kindi kibazo mfite"
Ndashaka kukubwira ikibazo mfite. Mfite umuhaha kuva ijoro ryashize kandi ndahangayitse. Naje mvuye kure.,kinyarwanda,URGENT,paediatric,kinyarwanda->kinyarwanda:URGENT:paediatric,Mfite umuhaha.,Mfite umuhaha.
"Mfasha, umugabo wanjye araruka amaraso bikarushaho nijoro. Ntabasha kubona amafaranga yo kongera kuza kwa muganga.",kinyarwanda,CRITICAL,gastrointestinal,kinyarwanda->kinyarwanda:CRITICAL:gastrointestinal,{REL} araruka amaraso.,Ndaruka amaraso.
"Ndakeneye ubufasha, mfite umuriro mwinshi kandi nagagaye kuva ubu gitondo cya kare. Byatangiye gitunguranye. Ntegereze cyangwa nsuzumwe ubu?",kinyarwanda,CRITICAL,infectious_fever,kinyarwanda->kinyarwanda:CRITICAL:infectious_fever,Mfite umuriro mwinshi kandi nagagaye.,Mfite umuriro mwinshi kandi nagagaye.
Naraguye none ndababara cyane kuva ejo kandi sinshobora gusinzira. Ese ibi birakomeye?,kinyarwanda,URGENT,haemorrhage_trauma,kinyarwanda->kinyarwanda:URGENT:haemorrhage_trauma,naraguye none ndababara cyane,naraguye none ndababara cyane
Iminwa yanjye yahindutse ubururu kuva ubu gitondo cya kare nta miti imfasha. Ndakeneye ubufasha vuba.,kinyarwanda,CRITICAL,cardiac_respiratory,kinyarwanda->kinyarwanda:CRITICAL:cardiac_respiratory,Iminwa yanjye yahindutse ubururu.,Iminwa yanjye yahindutse ubururu.
"Iyo umwana wanjye amaze kurya, yumva inda itameze neza kuva ejo kandi sinshobora gusinzira",kinyarwanda,ROUTINE,gastrointestinal,kinyarwanda->kinyarwanda:ROUTINE:gastrointestinal,"Iyo {REL} amaze kurya, yumva inda itameze neza.","Iyo {REL} amaze kurya, yumva inda itameze neza."
"Nzanye umwana wanjye, mama aratwite kandi ashaka kwisuzumisha kwa muganga bwa mbere kuva hashize iminsi itatu. Abandi bana na bo bafite iki kibazo. Ndakeneye ubufasha vuba.",kinyarwanda,ROUTINE,preventive,kinyarwanda->kinyarwanda:ROUTINE:preventive,{REL} aratwite kandi ashaka kwisuzumisha kwa muganga bwa mbere.,Ndatwite kandi ndashaka kwisuzumisha kwa muganga bwa mbere.
Mama ari kubyara ariko umugozi w'umwana wabanje gusohoka kuva ejo kandi birushaho kuba bibi. Ndakeneye ubufasha vuba.,kinyarwanda,CRITICAL,obstetric,kinyarwanda->kinyarwanda:CRITICAL:obstetric,{REL} ari kubyara ariko umugozi w'umwana wabanje gusohoka.,Ndabyara ariko habanje gusohoka umugozi w'umwana.
"Muganga, iyo umwana wanjye amaze kurya, yumva inda itameze neza kuva hashize iminsi ibiri bikarushaho nijoro. Ndakeneye ubufasha vuba.",kinyarwanda,ROUTINE,gastrointestinal,kinyarwanda->kinyarwanda:ROUTINE:gastrointestinal,"Iyo {REL} amaze kurya, yumva inda itameze neza.","Iyo {REL} amaze kurya, yumva inda itameze neza."
"Muraho, papa ashaka ko bapima SIDA kuva hashize iminsi ibiri kandi sinshobora gusinzira. Ese ibi birakomeye?",kinyarwanda,ROUTINE,preventive,kinyarwanda->kinyarwanda:ROUTINE:preventive,{REL} ashaka ko bapima SIDA.,Ndashaka ko bapima SIDA.
"Muganga, umuturanyi wanjye aratwite kandi yaragagaye kuva mu masaha abiri ashize. Byatangiye gitunguranye. Ese ibi birakomeye?",kinyarwanda,CRITICAL,obstetric,kinyarwanda->kinyarwanda:CRITICAL:obstetric,{REL} aratwite kandi yaragagaye.,Ndatwite kandi nagagaye.
"Muraho, mfite umuriro woroheje umaze umunsi umwe, ariko nta kindi kibazo mfite kuva mu masaha abiri ashize bikarushaho nijoro. Murakoze.",kinyarwanda,ROUTINE,infectious_fever,kinyarwanda->kinyarwanda:ROUTINE:infectious_fever,"mfite umuriro woroheje umaze umunsi umwe, ariko nta kindi kibazo mfite","mfite umuriro woroheje umaze umunsi umwe, ariko nta kindi kibazo mfite"
"Mfasha, mushiki wanjye umutima we utera cyane kandi yumva umeze nk'aho uhagarara kuva hashize icyumweru. Naje mvuye kure.",kinyarwanda,CRITICAL,cardiac_respiratory,kinyarwanda->kinyarwanda:CRITICAL:cardiac_respiratory,{REL} umutima we utera cyane kandi yumva umeze nk'aho uhagarara.,umutima uratera cyane kandi nkumva umeze nk'aho uhagarara
"Muraho, mfite impiswi zirimo amaraso kuva mu masaha abiri ashize bikarushaho nijoro. Mfasha muganga.",kinyarwanda,URGENT,gastrointestinal,kinyarwanda->kinyarwanda:URGENT:gastrointestinal,Mfite impiswi zirimo amaraso.,Mfite impiswi zirimo amaraso.
"Naje hano mbere, ndatwite kandi ndashaka kujya kwa muganga kwisuzumisha kuva hashize iminsi itatu kandi ndahangayitse. Urakoze.",kinyarwanda,ROUTINE,obstetric,kinyarwanda->kinyarwanda:ROUTINE:obstetric,Ndatwite kandi ndashaka kujya kwa muganga kwisuzumisha.,Ndatwite kandi ndashaka kujya kwa muganga kwisuzumisha.
"Simbizi niba bikomeye ariko, ndava amaraso menshi nyuma yo kubyara kuva mu cyumweru gishize. Abandi bana na bo bafite iki kibazo. Ntegereze cyangwa nsuzumwe ubu?",kinyarwanda,CRITICAL,obstetric,kinyarwanda->kinyarwanda:CRITICAL:obstetric,ndava amaraso menshi nyuma yo kubyara,ndava amaraso menshi nyuma yo kubyara
"Mfasha vuba, ndabyara ariko habanje gusohoka umugozi w'umwana kuva hashize icyumweru. Byatangiye gitunguranye.",kinyarwanda,CRITICAL,obstetric,kinyarwanda->kinyarwanda:CRITICAL:obstetric,Ndabyara ariko habanje gusohoka umugozi w'umwana.,Ndabyara ariko habanje gusohoka umugozi w'umwana.
"Ndakeneye ubufasha, mushiki wanjye afite ubushye bunini ku mubiri kuva ejo. Ese ibi birakomeye?",kinyarwanda,CRITICAL,haemorrhage_trauma,kinyarwanda->kinyarwanda:CRITICAL:haemorrhage_trauma,{REL} afite ubushye bunini ku mubiri.,Mfite ubushye bunini ku mubiri.
"Nzanye umwana wanjye, ndashaka inama ku biryo byo kugaburira umwana wanjye kuva hashize iminsi ibiri. Mfasha muganga.",kinyarwanda,ROUTINE,preventive,kinyarwanda->kinyarwanda:ROUTINE:preventive,Ndashaka inama ku biryo byo kugaburira umwana wanjye.,Ndashaka inama ku biryo byo kugaburira umwana wanjye.
"Nyabuneka, mfite impiswi zirimo amaraso kuva ejo bikarushaho nijoro. Ntabasha kubona amafaranga yo kongera kuza kwa muganga.",kinyarwanda,URGENT,gastrointestinal,kinyarwanda->kinyarwanda:URGENT:gastrointestinal,Mfite impiswi zirimo amaraso.,Mfite impiswi zirimo amaraso.
Ndashaka kukubwira ikibazo mfite. Papa nta miti ya SIDA afite kuva mu masaha abiri ashize. Ntabasha kubona amafaranga yo kongera kuza kwa muganga.,kinyarwanda,URGENT,chronic_care,kinyarwanda->kinyarwanda:URGENT:chronic_care,{REL} nta miti ya SIDA afite.,Nta miti ya SIDA mfite.
Ndashaka kukubwira ikibazo mfite. Mushiki wanjye aratwite kandi araruka ibyo arya byose kandi birushaho kuba bibi. Murakoze.,kinyarwanda,URGENT,obstetric,kinyarwanda->kinyarwanda:URGENT:obstetric,{REL} aratwite kandi araruka ibyo arya byose.,Ndatwite kandi ndaruka ibyo ndya byose.
"Ndakeneye ubufasha, mama araruka cyane kandi yumva afite intege nke kuva ejo. Abandi bana na bo bafite iki kibazo. Nkora iki?",kinyarwanda,URGENT,gastrointestinal,kinyarwanda->kinyarwanda:URGENT:gastrointestinal,{REL} araruka cyane kandi yumva afite intege nke.,ndaruka cyane kandi numva mfite intege nke
"Nyabuneka, nta miti y'igituntu mfite kuva hashize iminsi ibiri bikarushaho nijoro. Nkora iki?",kinyarwanda,URGENT,chronic_care,kinyarwanda->kinyarwanda:URGENT:chronic_care,Nta miti y'igituntu mfite.,Nta miti y'igituntu mfite.
"Mumbabarire, ndashaka kubabwira ikibazo mfite. Mushiki wanjye araruka cyane kandi yumva afite intege nke kuva ubu gitondo cya kare. Abandi bana na bo bafite iki kibazo. Mfasha muganga.",kinyarwanda,URGENT,gastrointestinal,kinyarwanda->kinyarwanda:URGENT:gastrointestinal,{REL} araruka cyane kandi yumva afite intege nke.,ndaruka cyane kandi numva mfite intege nke
"Muganga, ndashaka guhabwa inzitiramubu kuva mu cyumweru gishize. Byatangiye gitunguranye. Ni imiti ki nafata?",kinyarwanda,ROUTINE,preventive,kinyarwanda->kinyarwanda:ROUTINE:preventive,Ndashaka guhabwa inzitiramubu.,Ndashaka guhabwa inzitiramubu.
"Simbizi niba bikomeye ariko, papa afite umuriro kandi umutwe uramubabaza cyane kuva ubu gitondo cya kare kandi sinshobora gusinzira. Urakoze.",kinyarwanda,URGENT,infectious_fever,kinyarwanda->kinyarwanda:URGENT:infectious_fever,{REL} afite umuriro kandi umutwe uramubabaza cyane.,mfite umuriro kandi umutwe urandya cyane
"Muganga, mushiki wanjye aratwite kandi yaragagaye kuva ubu gitondo cya kare kandi nta miti mfite. Nkora iki?",kinyarwanda,CRITICAL,obstetric,kinyarwanda->kinyarwanda:CRITICAL:obstetric,{REL} aratwite kandi yaragagaye.,Ndatwite kandi nagagaye.
Mama ashaka ko bapima SIDA kuva hashize iminsi ibiri nta miti imfasha. Ese ibi birakomeye?,kinyarwanda,ROUTINE,preventive,kinyarwanda->kinyarwanda:ROUTINE:preventive,{REL} ashaka ko bapima SIDA.,Ndashaka ko bapima SIDA.
"Mumbabarire, ndashaka kubabwira ikibazo mfite. Ndakomeza kuruka kandi sinshobora kurya kuva mu gitondo. Byatangiye gitunguranye. Naje mvuye kure.",kinyarwanda,URGENT,gastrointestinal,kinyarwanda->kinyarwanda:URGENT:gastrointestinal,ndakomeza kuruka kandi sinshobora kurya,ndakomeza kuruka kandi sinshobora kurya
"Simbizi niba bikomeye ariko, ndashaka ko bapima ibiro by'umwana wanjye kuva hashize iminsi ibiri bikarushaho nijoro. Ni imiti ki nafata?",kinyarwanda,ROUTINE,paediatric,kinyarwanda->kinyarwanda:ROUTINE:paediatric,Ndashaka ko bapima ibiro by'umwana wanjye.,Ndashaka ko bapima ibiro by'umwana wanjye.
"Ndakeneye ubufasha, umugore wanjye aratwite kandi umutwe uramubabaza cyane, kandi ntashobora kureba neza kuva hashize iminsi ibiri. Byatangiye gitunguranye. Mfasha muganga.",kinyarwanda,CRITICAL,obstetric,kinyarwanda->kinyarwanda:CRITICAL:obstetric,"{REL} aratwite kandi umutwe uramubabaza cyane, kandi ntashobora kureba neza.","Ndatwite, umutwe urandya cyane kandi sinshobora kureba neza."
"Ndashaka kukubwira ikibazo mfite. Umugore wanjye afite igikomere cyanduye, kiratukura kandi kirimo amashyira biragenda bikagaruka. Ese ibi birakomeye?",kinyarwanda,URGENT,haemorrhage_trauma,kinyarwanda->kinyarwanda:URGENT:haemorrhage_trauma,"{REL} afite igikomere cyanduye, kiratukura kandi kirimo amashyira.","mfite igikomere cyanduye, kiratukura kandi kirimo amashyira"
Ndashaka kukubwira ikibazo mfite. Ndashaka kugirwa inama uko nakonsa umwana kandi ndahangayitse. Naje mvuye kure.,kinyarwanda,ROUTINE,obstetric,kinyarwanda->kinyarwanda:ROUTINE:obstetric,Ndashaka kugirwa inama uko nakonsa umwana.,Ndashaka kugirwa inama uko nakonsa umwana.
"Muraho, iminwa yanjye yahindutse ubururu kandi ndahangayitse. Ntabasha kubona amafaranga yo kongera kuza kwa muganga.",kinyarwanda,CRITICAL,cardiac_respiratory,kinyarwanda->kinyarwanda:CRITICAL:cardiac_respiratory,Iminwa yanjye yahindutse ubururu.,Iminwa yanjye yahindutse ubururu.
"Mfasha vuba, umuturanyi wanjye aratwite kandi umutwe uramubabaza cyane, kandi ntashobora kureba neza kuva mu masaha abiri ashize nta miti imfasha. Ni imiti ki nafata?",kinyarwanda,CRITICAL,obstetric,kinyarwanda->kinyarwanda:CRITICAL:obstetric,"{REL} aratwite kandi umutwe uramubabaza cyane, kandi ntashobora kureba neza.","Ndatwite, umutwe urandya cyane kandi sinshobora kureba neza."
"Mfasha, umugabo wanjye afite gahunda yo gukingiza umwana kuva mu masaha abiri ashize. Byatangiye gitunguranye. Ntegereze cyangwa nsuzumwe ubu?",kinyarwanda,ROUTINE,preventive,kinyarwanda->kinyarwanda:ROUTINE:preventive,{REL} afite gahunda yo gukingiza umwana.,Mfite gahunda yo gukingiza umwana.
Iminwa yanjye yahindutse ubururu kuva mu masaha abiri ashize kandi nta miti mfite. Ntabasha kubona amafaranga yo kongera kuza kwa muganga.,kinyarwanda,CRITICAL,cardiac_respiratory,kinyarwanda->kinyarwanda:CRITICAL:cardiac_respiratory,Iminwa yanjye yahindutse ubururu.,Iminwa yanjye yahindutse ubururu.
Ndashaka kukubwira ikibazo mfite. Mama araruka amaraso kuva mu gitondo. Abandi bana na bo bafite iki kibazo. Nkora iki?,kinyarwanda,CRITICAL,gastrointestinal,kinyarwanda->kinyarwanda:CRITICAL:gastrointestinal,{REL} araruka amaraso.,Ndaruka amaraso.
Umukecuru afite umuriro kandi umutwe uramubabaza cyane kuva ijoro ryashize. Abandi bana na bo bafite iki kibazo. Ndakeneye ubufasha vuba.,kinyarwanda,URGENT,infectious_fever,kinyarwanda->kinyarwanda:URGENT:infectious_fever,{REL} afite umuriro kandi umutwe uramubabaza cyane.,mfite umuriro kandi umutwe urandya cyane
"Muganga, ndakorora cyane kandi guhumeka birangora kuva mu gitondo biragenda bikagaruka",kinyarwanda,URGENT,cardiac_respiratory,kinyarwanda->kinyarwanda:URGENT:cardiac_respiratory,ndakorora cyane kandi guhumeka birangora,ndakorora cyane kandi guhumeka birangora
"Mfasha, papa afite ububabare bukabije mu nda kuva ubu gitondo cya kare. Ntabasha kubona amafaranga yo kongera kuza kwa muganga.",kinyarwanda,URGENT,gastrointestinal,kinyarwanda->kinyarwanda:URGENT:gastrointestinal,{REL} afite ububabare bukabije mu nda.,Mfite ububabare bukabije mu nda.
"Nzanye umwana wanjye, mushiki wanjye ashaka inama ku biryo byo kugaburira umwana we kuva hashize icyumweru kandi nta miti mfite. Nkora iki?",kinyarwanda,ROUTINE,preventive,kinyarwanda->kinyarwanda:ROUTINE:preventive,{REL} ashaka inama ku biryo byo kugaburira umwana we.,Ndashaka inama ku biryo byo kugaburira umwana wanjye.
"Mumbabarire, ndashaka kubabwira ikibazo mfite. Umugabo wanjye afite umuriro mwinshi kandi arakorora cyane kuva hashize icyumweru kandi sinshobora gusinzira. Urakoze.",kinyarwanda,URGENT,infectious_fever,kinyarwanda->kinyarwanda:URGENT:infectious_fever,{REL} afite umuriro mwinshi kandi arakorora cyane.,mfite umuriro mwinshi kandi ndakorora cyane
"Ndakeneye ubufasha, mfite igikomere cyanduye, kiratukura kandi kirimo amashyira kuva hashize iminsi ibiri kandi nta miti mfite. Mfasha muganga.",kinyarwanda,URGENT,haemorrhage_trauma,kinyarwanda->kinyarwanda:URGENT:haemorrhage_trauma,"mfite igikomere cyanduye, kiratukura kandi kirimo amashyira","mfite igikomere cyanduye, kiratukura kandi kirimo amashyira"
"Ndakeneye ubufasha, ndakorora cyane kandi guhumeka birangora biragenda bikagaruka. Ese ibi birakomeye?",kinyarwanda,URGENT,cardiac_respiratory,kinyarwanda->kinyarwanda:URGENT:cardiac_respiratory,ndakorora cyane kandi guhumeka birangora,ndakorora cyane kandi guhumeka birangora
"Naje hano mbere, mu rugo hari umuntu urwaye igituntu kandi umukecuru ashaka kwisuzumisha kuva ijoro ryashize kandi ndahangayitse. Nkora iki?",kinyarwanda,URGENT,preventive,kinyarwanda->kinyarwanda:URGENT:preventive,Mu rugo hari umuntu urwaye igituntu kandi {REL} ashaka kwisuzumisha.,Mu rugo hari umuntu urwaye igituntu kandi ndashaka kwisuzumisha.
"Nyabuneka, maze ibyumweru birenga bibiri ndwaye impiswi kuva ejo kandi nta miti mfite. Mfasha muganga.",kinyarwanda,URGENT,gastrointestinal,kinyarwanda->kinyarwanda:URGENT:gastrointestinal,Maze ibyumweru birenga bibiri ndwaye impiswi.,Maze ibyumweru birenga bibiri ndwaye impiswi.
"Ndakeneye ubufasha, ndashaka guhabwa inzitiramubu kuva ejo. Byatangiye gitunguranye. Nkora iki?",kinyarwanda,ROUTINE,preventive,kinyarwanda->kinyarwanda:ROUTINE:preventive,Ndashaka guhabwa inzitiramubu.,Ndashaka guhabwa inzitiramubu.
"Nzanye umwana wanjye, umugabo wanjye ashaka guhabwa inzitiramubu kuva mu masaha abiri ashize bikarushaho nijoro. Ni imiti ki nafata?",kinyarwanda,ROUTINE,preventive,kinyarwanda->kinyarwanda:ROUTINE:preventive,{REL} ashaka guhabwa inzitiramubu.,Ndashaka guhabwa inzitiramubu.
"Mumbabarire, ndashaka kubabwira ikibazo mfite. Umutwe urandya ariko ntabwo cyane kuva ubu gitondo cya kare kandi sinshobora gusinzira. Nkora iki?",kinyarwanda,ROUTINE,neurological,kinyarwanda->kinyarwanda:ROUTINE:neurological,umutwe urandya ariko ntabwo cyane,umutwe urandya ariko ntabwo cyane
"Muganga, nkorora gake ariko nta muriro mfite kuva ejo kandi nta miti mfite. Nkora iki?",kinyarwanda,ROUTINE,cardiac_respiratory,kinyarwanda->kinyarwanda:ROUTINE:cardiac_respiratory,Nkorora gake ariko nta muriro mfite.,Nkorora gake ariko nta muriro mfite.
"Nzanye umwana wanjye, ndashaka kugirwa inama uko nakonsa umwana kandi nta miti mfite. Ntabasha kubona amafaranga yo kongera kuza kwa muganga.",kinyarwanda,ROUTINE,obstetric,kinyarwanda->kinyarwanda:ROUTINE:obstetric,Ndashaka kugirwa inama uko nakonsa umwana.,Ndashaka kugirwa inama uko nakonsa umwana.
"Mumbabarire, ndashaka kubabwira ikibazo mfite. Mfite gahunda yo gukingiza umwana kandi nta miti mfite. Ntabasha kubona amafaranga yo kongera kuza kwa muganga.",kinyarwanda,ROUTINE,preventive,kinyarwanda->kinyarwanda:ROUTINE:preventive,Mfite gahunda yo gukingiza umwana.,Mfite gahunda yo gukingiza umwana.
"Muganga, narumwe n'inzoka kuva mu gitondo. Byatangiye gitunguranye. Urakoze.",kinyarwanda,URGENT,haemorrhage_trauma,kinyarwanda->kinyarwanda:URGENT:haemorrhage_trauma,Narumwe n'inzoka.,Narumwe n'inzoka.
"Mfasha vuba, mfite umuriro mwinshi kandi nagagaye kuva ejo. Abandi bana na bo bafite iki kibazo. Ese ibi birakomeye?",kinyarwanda,CRITICAL,infectious_fever,kinyarwanda->kinyarwanda:CRITICAL:infectious_fever,Mfite umuriro mwinshi kandi nagagaye.,Mfite umuriro mwinshi kandi nagagaye.
"Mumbabarire, ndashaka kubabwira ikibazo mfite. Mfite umuriro kandi numva mfite imbeho, nkeka ko ari malariya kuva hashize iminsi ibiri kandi nta miti mfite",kinyarwanda,URGENT,infectious_fever,kinyarwanda->kinyarwanda:URGENT:infectious_fever,"mfite umuriro kandi numva mfite imbeho, nkeka ko ari malariya","mfite umuriro kandi numva mfite imbeho, nkeka ko ari malariya"
"Muraho, mfite igikomere gikomeye kirimo kuva amaraso menshi kuva ijoro ryashize kandi sinshobora gusinzira. Ni imiti ki nafata?",kinyarwanda,CRITICAL,haemorrhage_trauma,kinyarwanda->kinyarwanda:CRITICAL:haemorrhage_trauma,mfite igikomere gikomeye kirimo kuva amaraso menshi,mfite igikomere gikomeye kirimo kuva amaraso menshi
"Naje hano mbere, ndakomeza kuruka kandi sinshobora kurya kuva mu cyumweru gishize kandi sinshobora gusinzira. Mfasha muganga.",kinyarwanda,URGENT,gastrointestinal,kinyarwanda->kinyarwanda:URGENT:gastrointestinal,ndakomeza kuruka kandi sinshobora kurya,ndakomeza kuruka kandi sinshobora kurya
"Mfasha, ndashaka imiti y'inzoka y'umwana wanjye kuva hashize iminsi itatu bikarushaho nijoro. Ni imiti ki nafata?",kinyarwanda,ROUTINE,preventive,kinyarwanda->kinyarwanda:ROUTINE:preventive,Ndashaka imiti y'inzoka y'umwana wanjye.,Ndashaka imiti y'inzoka y'umwana wanjye.
"Naje hano mbere, mfite igikomere cyanduye, kiratukura kandi kirimo amashyira kuva mu cyumweru gishize nta miti imfasha",kinyarwanda,URGENT,haemorrhage_trauma,kinyarwanda->kinyarwanda:URGENT:haemorrhage_trauma,"mfite igikomere cyanduye, kiratukura kandi kirimo amashyira","mfite igikomere cyanduye, kiratukura kandi kirimo amashyira"
"Mfasha, umwana wanjye afite ikibazo cyo kutabasha guhumeka neza, kandi uruhu rwe rwahindutse ubururu kuva hashize iminsi ibiri nta miti imfasha. Ni imiti ki nafata?",kinyarwanda,CRITICAL,paediatric,kinyarwanda->kinyarwanda:CRITICAL:paediatric,"{REL} afite ikibazo cyo kutabasha guhumeka neza, kandi uruhu rwe rwahindutse ubururu","{REL} afite ikibazo cyo kutabasha guhumeka neza, kandi uruhu rwe rwahindutse ubururu"
"Ndakeneye ubufasha, ndatwite kandi nagagaye kuva hashize icyumweru nta miti imfasha. Naje mvuye kure.",kinyarwanda,CRITICAL,obstetric,kinyarwanda->kinyarwanda:CRITICAL:obstetric,Ndatwite kandi nagagaye.,Ndatwite kandi nagagaye.
"Ndakeneye ubufasha, ndatwite kandi nagagaye kuva hashize iminsi ibiri nta miti imfasha",kinyarwanda,CRITICAL,obstetric,kinyarwanda->kinyarwanda:CRITICAL:obstetric,Ndatwite kandi nagagaye.,Ndatwite kandi nagagaye.
"Mfasha vuba, umugore wanjye ashaka guhabwa inzitiramubu kuva hashize icyumweru kandi birushaho kuba bibi. Ese ibi birakomeye?",kinyarwanda,ROUTINE,preventive,kinyarwanda->kinyarwanda:ROUTINE:preventive,{REL} ashaka guhabwa inzitiramubu.,Ndashaka guhabwa inzitiramubu.
"Ndakeneye ubufasha, mfite umuriro woroheje umaze umunsi umwe, ariko nta kindi kibazo mfite kuva mu gitondo kandi birushaho kuba bibi. Ese ibi birakomeye?",kinyarwanda,ROUTINE,infectious_fever,kinyarwanda->kinyarwanda:ROUTINE:infectious_fever,"mfite umuriro woroheje umaze umunsi umwe, ariko nta kindi kibazo mfite","mfite umuriro woroheje umaze umunsi umwe, ariko nta kindi kibazo mfite"
"Mfasha, umwana wanjye afite umuhaha kuva mu masaha abiri ashize kandi ndahangayitse. Ni imiti ki nafata?",kinyarwanda,URGENT,paediatric,kinyarwanda->kinyarwanda:URGENT:paediatric,{REL} afite umuhaha.,Mfite umuhaha.
"Muganga, umugore wanjye aratwite kandi yaragagaye kuva hashize iminsi ibiri kandi ndahangayitse. Nkora iki?",kinyarwanda,CRITICAL,obstetric,kinyarwanda->kinyarwanda:CRITICAL:obstetric,{REL} aratwite kandi yaragagaye.,Ndatwite kandi nagagaye.
"Mumbabarire, ndashaka kubabwira ikibazo mfite. Mu gituza harandya cyane kandi ububabare bukagera no ku kuboko kuva mu gitondo nta miti imfasha. Mfasha muganga.",kinyarwanda,CRITICAL,cardiac_respiratory,kinyarwanda->kinyarwanda:CRITICAL:cardiac_respiratory,mu gituza harandya cyane kandi ububabare bukagera no ku kuboko,mu gituza harandya cyane kandi ububabare bukagera no ku kuboko
"Naje hano mbere, ndakomeza kuruka kandi sinshobora kurya kuva hashize iminsi ibiri",kinyarwanda,URGENT,gastrointestinal,kinyarwanda->kinyarwanda:URGENT:gastrointestinal,ndakomeza kuruka kandi sinshobora kurya,ndakomeza kuruka kandi sinshobora kurya
Umuturanyi wanjye isukari yo mu maraso ye yazamutse cyane kuva mu gitondo kandi ndahangayitse. Ni imiti ki nafata?,kinyarwanda,URGENT,chronic_care,kinyarwanda->kinyarwanda:URGENT:chronic_care,{REL} isukari yo mu maraso ye yazamutse cyane.,isukari yo mu maraso yanjye yazamutse cyane
"Nzanye umwana wanjye, mfite igisebe ku kirenge kidakira kandi mfite diyabete kuva mu gitondo. Byatangiye gitunguranye. Ntabasha kubona amafaranga yo kongera kuza kwa muganga.",kinyarwanda,URGENT,chronic_care,kinyarwanda->kinyarwanda:URGENT:chronic_care,Mfite igisebe ku kirenge kidakira kandi mfite diyabete.,Mfite igisebe ku kirenge kidakira kandi mfite diyabete.
"Nyabuneka, papa afite umuriro mwinshi kandi arakorora cyane kuva mu gitondo kandi sinshobora gusinzira. Urakoze.",kinyarwanda,URGENT,infectious_fever,kinyarwanda->kinyarwanda:URGENT:infectious_fever,{REL} afite umuriro mwinshi kandi arakorora cyane.,mfite umuriro mwinshi kandi ndakorora cyane
"Muraho, mfite igikomere cyanduye, kiratukura kandi kirimo amashyira kuva hashize iminsi itatu. Murakoze.",kinyarwanda,URGENT,haemorrhage_trauma,kinyarwanda->kinyarwanda:URGENT:haemorrhage_trauma,"mfite igikomere cyanduye, kiratukura kandi kirimo amashyira","mfite igikomere cyanduye, kiratukura kandi kirimo amashyira"
Ndashaka kukubwira ikibazo mfite. Nkorora gake ariko nta muriro mfite kuva mu gitondo. Byatangiye gitunguranye. Murakoze.,kinyarwanda,ROUTINE,cardiac_respiratory,kinyarwanda->kinyarwanda:ROUTINE:cardiac_respiratory,Nkorora gake ariko nta muriro mfite.,Nkorora gake ariko nta muriro mfite.
"Nzanye umwana wanjye, mushiki wanjye ashaka ko bapima SIDA kuva ijoro ryashize nta miti imfasha. Mfasha muganga.",kinyarwanda,ROUTINE,preventive,kinyarwanda->kinyarwanda:ROUTINE:preventive,{REL} ashaka ko bapima SIDA.,Ndashaka ko bapima SIDA.
"Muraho, umukecuru afite ibimenyetso bya malariya, umuriro n'imbeho. Naje mvuye kure.",kinyarwanda,URGENT,infectious_fever,kinyarwanda->kinyarwanda:URGENT:infectious_fever,"{REL} afite ibimenyetso bya malariya, umuriro n'imbeho.","Mfite ibimenyetso bya malariya, umuriro n'imbeho."
"Naje hano mbere, mushiki wanjye ari kubyara ariko umugozi w'umwana wabanje gusohoka kuva hashize iminsi ibiri kandi ndahangayitse. Naje mvuye kure.",kinyarwanda,CRITICAL,obstetric,kinyarwanda->kinyarwanda:CRITICAL:obstetric,{REL} ari kubyara ariko umugozi w'umwana wabanje gusohoka.,Ndabyara ariko habanje gusohoka umugozi w'umwana.
"Nzanye umwana wanjye, umugore wanjye aratwite kandi yaragagaye kuva hashize icyumweru kandi ndahangayitse. Naje mvuye kure.",kinyarwanda,CRITICAL,obstetric,kinyarwanda->kinyarwanda:CRITICAL:obstetric,{REL} aratwite kandi yaragagaye.,Ndatwite kandi nagagaye.
"Nyabuneka, ndava amaraso menshi nyuma yo kubyara kuva ejo kandi nta miti mfite. Ntabasha kubona amafaranga yo kongera kuza kwa muganga.",kinyarwanda,CRITICAL,obstetric,kinyarwanda->kinyarwanda:CRITICAL:obstetric,ndava amaraso menshi nyuma yo kubyara,ndava amaraso menshi nyuma yo kubyara
"Ndakeneye ubufasha, mushiki wanjye aratwite kandi ashaka kwisuzumisha kwa muganga bwa mbere kuva ijoro ryashize. Abandi bana na bo bafite iki kibazo. Ese ibi birakomeye?",kinyarwanda,ROUTINE,preventive,kinyarwanda->kinyarwanda:ROUTINE:preventive,{REL} aratwite kandi ashaka kwisuzumisha kwa muganga bwa mbere.,Ndatwite kandi ndashaka kwisuzumisha kwa muganga bwa mbere.
"Muganga, iminwa yanjye yahindutse ubururu kuva ubu gitondo cya kare. Byatangiye gitunguranye. Mfasha muganga.",kinyarwanda,CRITICAL,cardiac_respiratory,kinyarwanda->kinyarwanda:CRITICAL:cardiac_respiratory,Iminwa yanjye yahindutse ubururu.,Iminwa yanjye yahindutse ubururu.
"Mumbabarire, ndashaka kubabwira ikibazo mfite. Umukecuru iminwa ye yahindutse ubururu kuva hashize icyumweru. Ndakeneye ubufasha vuba.",kinyarwanda,CRITICAL,cardiac_respiratory,kinyarwanda->kinyarwanda:CRITICAL:cardiac_respiratory,{REL} iminwa ye yahindutse ubururu.,Iminwa yanjye yahindutse ubururu.
"Mumbabarire, ndashaka kubabwira ikibazo mfite. Uruhande rumwe rw'umubiri we ntirukora kuva mu cyumweru gishize kandi birushaho kuba bibi. Ndakeneye ubufasha vuba.",kinyarwanda,CRITICAL,neurological,kinyarwanda->kinyarwanda:CRITICAL:neurological,Uruhande rumwe rw'umubiri we ntirukora.,Uruhande rumwe rw'umubiri we ntirukora.
"Ndakeneye ubufasha, mfite umuriro kandi numva mfite imbeho, nkeka ko ari malariya kuva ubu gitondo cya kare nta miti imfasha. Mfasha muganga.",kinyarwanda,URGENT,infectious_fever,kinyarwanda->kinyarwanda:URGENT:infectious_fever,"mfite umuriro kandi numva mfite imbeho, nkeka ko ari malariya","mfite umuriro kandi numva mfite imbeho, nkeka ko ari malariya"
"Muganga, guhumeka birangora cyane ku buryo ntabasha no kuvuga neza kuva ejo biragenda bikagaruka. Naje mvuye kure.",kinyarwanda,CRITICAL,cardiac_respiratory,kinyarwanda->kinyarwanda:CRITICAL:cardiac_respiratory,Guhumeka birangora cyane ku buryo ntabasha no kuvuga neza.,Guhumeka birangora cyane ku buryo ntabasha no kuvuga neza.
"Simbizi niba bikomeye ariko, mfite ikibazo ku mutwe kandi kirimo guterwa n'urumuri kuva ubu gitondo cya kare. Abandi bana na bo bafite iki kibazo. Naje mvuye kure.",kinyarwanda,URGENT,neurological,kinyarwanda->kinyarwanda:URGENT:neurological,Mfite ikibazo ku mutwe kandi kirimo guterwa n'urumuri.,Mfite ikibazo ku mutwe kandi kirimo guterwa n'urumuri.
"Muganga, mfite umuriro woroheje umaze umunsi umwe, ariko nta kindi kibazo mfite kuva ejo. Byatangiye gitunguranye. Urakoze.",kinyarwanda,ROUTINE,infectious_fever,kinyarwanda->kinyarwanda:ROUTINE:infectious_fever,"mfite umuriro woroheje umaze umunsi umwe, ariko nta kindi kibazo mfite","mfite umuriro woroheje umaze umunsi umwe, ariko nta kindi kibazo mfite"
"Naje hano mbere, ndava amaraso menshi nyuma yo kubyara kuva hashize iminsi itatu. Byatangiye gitunguranye.",kinyarwanda,CRITICAL,obstetric,kinyarwanda->kinyarwanda:CRITICAL:obstetric,ndava amaraso menshi nyuma yo kubyara,ndava amaraso menshi nyuma yo kubyara
"Mumbabarire, ndashaka kubabwira ikibazo mfite. Umugore wanjye ashaka ko bapima ibiro by'umwana we. Byatangiye gitunguranye. Ntabasha kubona amafaranga yo kongera kuza kwa muganga.",kinyarwanda,ROUTINE,paediatric,kinyarwanda->kinyarwanda:ROUTINE:paediatric,{REL} ashaka ko bapima ibiro by'umwana we.,Ndashaka ko bapima ibiro by'umwana wanjye.
"Nyabuneka, narumwe n'inzoka kuva hashize icyumweru kandi ndahangayitse. Ntegereze cyangwa nsuzumwe ubu?",kinyarwanda,URGENT,haemorrhage_trauma,kinyarwanda->kinyarwanda:URGENT:haemorrhage_trauma,Narumwe n'inzoka.,Narumwe n'inzoka.
"Ndakeneye ubufasha, umwana wanjye afite umuhaha kuva mu masaha abiri ashize nta miti imfasha. Naje mvuye kure.",kinyarwanda,URGENT,paediatric,kinyarwanda->kinyarwanda:URGENT:paediatric,{REL} afite umuhaha.,Mfite umuhaha.
"Mfasha vuba, umuturanyi wanjye aratwite kandi ashaka kwisuzumisha kwa muganga bwa mbere kuva hashize iminsi ibiri kandi nta miti mfite. Ni imiti ki nafata?",kinyarwanda,ROUTINE,preventive,kinyarwanda->kinyarwanda:ROUTINE:preventive,{REL} aratwite kandi ashaka kwisuzumisha kwa muganga bwa mbere.,Ndatwite kandi ndashaka kwisuzumisha kwa muganga bwa mbere.
"Mfasha, mfite ibimenyetso bya malariya, umuriro n'imbeho kuva hashize icyumweru kandi sinshobora gusinzira. Urakoze.",kinyarwanda,URGENT,infectious_fever,kinyarwanda->kinyarwanda:URGENT:infectious_fever,"Mfite ibimenyetso bya malariya, umuriro n'imbeho.","Mfite ibimenyetso bya malariya, umuriro n'imbeho."
"Naje hano mbere, umwana wanjye afite umuhaha kuva mu cyumweru gishize kandi sinshobora gusinzira",kinyarwanda,URGENT,paediatric,kinyarwanda->kinyarwanda:URGENT:paediatric,{REL} afite umuhaha.,Mfite umuhaha.
"Mumbabarire, ndashaka kubabwira ikibazo mfite. Mama amaze umunsi wose ari mu bubabare bwo kubyara ariko umwana ntarasohoka kuva ubu gitondo cya kare. Mfasha muganga.",kinyarwanda,CRITICAL,obstetric,kinyarwanda->kinyarwanda:CRITICAL:obstetric,{REL} amaze umunsi wose ari mu bubabare bwo kubyara ariko umwana ntarasohoka.,Maze umunsi wose mbabara ngerageza kubyara ariko umwana ntarasohoka.
"Mfasha vuba, umutima uratera cyane kandi nkumva umeze nk'aho uhagarara kuva hashize iminsi itatu kandi birushaho kuba bibi",kinyarwanda,CRITICAL,cardiac_respiratory,kinyarwanda->kinyarwanda:CRITICAL:cardiac_respiratory,umutima uratera cyane kandi nkumva umeze nk'aho uhagarara,umutima uratera cyane kandi nkumva umeze nk'aho uhagarara
"Nyabuneka, mu rugo hari umuntu urwaye igituntu kandi umukecuru ashaka kwisuzumisha kuva mu masaha abiri ashize nta miti imfasha. Murakoze.",kinyarwanda,URGENT,preventive,kinyarwanda->kinyarwanda:URGENT:preventive,Mu rugo hari umuntu urwaye igituntu kandi {REL} ashaka kwisuzumisha.,Mu rugo hari umuntu urwaye igituntu kandi ndashaka kwisuzumisha.
"Muganga, umwana wanjye afite umuhaha kuva hashize icyumweru. Urakoze.",kinyarwanda,URGENT,paediatric,kinyarwanda->kinyarwanda:URGENT:paediatric,{REL} afite umuhaha.,Mfite umuhaha.
Ndashaka kukubwira ikibazo mfite. Isukari yo mu maraso yanjye yazamutse cyane kuva mu masaha abiri ashize. Abandi bana na bo bafite iki kibazo.,kinyarwanda,URGENT,chronic_care,kinyarwanda->kinyarwanda:URGENT:chronic_care,isukari yo mu maraso yanjye yazamutse cyane,isukari yo mu maraso yanjye yazamutse cyane
"Nyabuneka, ndashaka kongererwa imiti y'umuvuduko w'amaraso kuva hashize iminsi ibiri nta miti imfasha. Ntegereze cyangwa nsuzumwe ubu?",kinyarwanda,ROUTINE,chronic_care,kinyarwanda->kinyarwanda:ROUTINE:chronic_care,Ndashaka kongererwa imiti y'umuvuduko w'amaraso.,Ndashaka kongererwa imiti y'umuvuduko w'amaraso.
"Nyabuneka, mama araruka amaraso. Nkora iki?",kinyarwanda,CRITICAL,gastrointestinal,kinyarwanda->kinyarwanda:CRITICAL:gastrointestinal,{REL} araruka amaraso.,Ndaruka amaraso.
"Nyabuneka, umwana wanjye amazuru ye aratemba gake nta miti imfasha. Naje mvuye kure.",kinyarwanda,ROUTINE,infectious_fever,kinyarwanda->kinyarwanda:ROUTINE:infectious_fever,{REL} amazuru ye aratemba gake.,amazuru arantemba gake
"Ndakeneye ubufasha, mfite igisebe ku kirenge kidakira kandi mfite diyabete kuva mu cyumweru gishize kandi sinshobora gusinzira. Murakoze.",kinyarwanda,URGENT,chronic_care,kinyarwanda->kinyarwanda:URGENT:chronic_care,Mfite igisebe ku kirenge kidakira kandi mfite diyabete.,Mfite igisebe ku kirenge kidakira kandi mfite diyabete.
Ndashaka kukubwira ikibazo mfite. Umuturanyi wanjye aratwite kandi araruka ibyo arya byose kuva hashize icyumweru biragenda bikagaruka. Urakoze.,kinyarwanda,URGENT,obstetric,kinyarwanda->kinyarwanda:URGENT:obstetric,{REL} aratwite kandi araruka ibyo arya byose.,Ndatwite kandi ndaruka ibyo ndya byose.
"Muganga, mfite igikomere gito kandi amaraso yarahagaze kuva ijoro ryashize. Byatangiye gitunguranye. Naje mvuye kure.",kinyarwanda,ROUTINE,haemorrhage_trauma,kinyarwanda->kinyarwanda:ROUTINE:haemorrhage_trauma,Mfite igikomere gito kandi amaraso yarahagaze.,Mfite igikomere gito kandi amaraso yarahagaze.
"Muganga, umwana wanjye afite umuriro woroheje umaze umunsi umwe, ariko nta kindi kibazo afite kuva ejo biragenda bikagaruka. Ntegereze cyangwa nsuzumwe ubu?",kinyarwanda,ROUTINE,infectious_fever,kinyarwanda->kinyarwanda:ROUTINE:infectious_fever,"{REL} afite umuriro woroheje umaze umunsi umwe, ariko nta kindi kibazo afite.","mfite umuriro woroheje umaze umunsi umwe, ariko nta kindi kibazo mfite"
Ndashaka kukubwira ikibazo mfite. Umutima uratera cyane kandi nkumva umeze nk'aho uhagarara kandi birushaho kuba bibi. Ese ibi birakomeye?,kinyarwanda,CRITICAL,cardiac_respiratory,kinyarwanda->kinyarwanda:CRITICAL:cardiac_respiratory,umutima uratera cyane kandi nkumva umeze nk'aho uhagarara,umutima uratera cyane kandi nkumva umeze nk'aho uhagarara
"Muganga, mfite umwanda usa umukara kuva ejo kandi nta miti mfite. Ese ibi birakomeye?",kinyarwanda,CRITICAL,gastrointestinal,kinyarwanda->kinyarwanda:CRITICAL:gastrointestinal,Mfite umwanda usa umukara.,Mfite umwanda usa umukara.
"Mumbabarire, ndashaka kubabwira ikibazo mfite. Ndatwite kandi nagagaye kuva mu masaha abiri ashize. Byatangiye gitunguranye. Ndakeneye ubufasha vuba.",kinyarwanda,CRITICAL,obstetric,kinyarwanda->kinyarwanda:CRITICAL:obstetric,Ndatwite kandi nagagaye.,Ndatwite kandi nagagaye.
"Naje hano mbere, ndashaka kujya kwa muganga kwisuzumisha diyabete kuva hashize iminsi itatu. Abandi bana na bo bafite iki kibazo. Mfasha muganga.",kinyarwanda,ROUTINE,chronic_care,kinyarwanda->kinyarwanda:ROUTINE:chronic_care,Ndashaka kujya kwa muganga kwisuzumisha diyabete.,Ndashaka kujya kwa muganga kwisuzumisha SIDA.
"Nzanye umwana wanjye, amazuru arantemba gake kuva ejo bikarushaho nijoro. Mfasha muganga.",kinyarwanda,ROUTINE,infectious_fever,kinyarwanda->kinyarwanda:ROUTINE:infectious_fever,amazuru arantemba gake,amazuru arantemba gake
Mfite gahunda yo gukingiza umwana kuva mu masaha abiri ashize. Abandi bana na bo bafite iki kibazo. Mfasha muganga.,kinyarwanda,ROUTINE,preventive,kinyarwanda->kinyarwanda:ROUTINE:preventive,Mfite gahunda yo gukingiza umwana.,Mfite gahunda yo gukingiza umwana.
"Muganga, iyo umwana wanjye amaze kurya, yumva inda itameze neza kuva hashize iminsi ibiri kandi sinshobora gusinzira. Ese ibi birakomeye?",kinyarwanda,ROUTINE,gastrointestinal,kinyarwanda->kinyarwanda:ROUTINE:gastrointestinal,"Iyo {REL} amaze kurya, yumva inda itameze neza.","Iyo {REL} amaze kurya, yumva inda itameze neza."
"Naje hano mbere, maze ibyumweru birenga bibiri ndwaye impiswi kuva hashize iminsi itatu nta miti imfasha. Ni imiti ki nafata?",kinyarwanda,URGENT,gastrointestinal,kinyarwanda->kinyarwanda:URGENT:gastrointestinal,Maze ibyumweru birenga bibiri ndwaye impiswi.,Maze ibyumweru birenga bibiri ndwaye impiswi.
"Simbizi niba bikomeye ariko, mfite ibimenyetso bya malariya, umuriro n'imbeho kuva hashize icyumweru. Naje mvuye kure.",kinyarwanda,URGENT,infectious_fever,kinyarwanda->kinyarwanda:URGENT:infectious_fever,"Mfite ibimenyetso bya malariya, umuriro n'imbeho.","Mfite ibimenyetso bya malariya, umuriro n'imbeho."
"Naje hano mbere, mama ari kubyara ariko umugozi w'umwana wabanje gusohoka kuva ubu gitondo cya kare biragenda bikagaruka. Ndakeneye ubufasha vuba.",kinyarwanda,CRITICAL,obstetric,kinyarwanda->kinyarwanda:CRITICAL:obstetric,{REL} ari kubyara ariko umugozi w'umwana wabanje gusohoka.,Ndabyara ariko habanje gusohoka umugozi w'umwana.
"Mumbabarire, ndashaka kubabwira ikibazo mfite. Amazuru arantemba gake kuva ijoro ryashize kandi ndahangayitse. Ese ibi birakomeye?",kinyarwanda,ROUTINE,infectious_fever,kinyarwanda->kinyarwanda:ROUTINE:infectious_fever,amazuru arantemba gake,amazuru arantemba gake
"Naje hano mbere, umugore wanjye ashaka guhabwa inzitiramubu kuva ejo kandi birushaho kuba bibi. Ni imiti ki nafata?",kinyarwanda,ROUTINE,preventive,kinyarwanda->kinyarwanda:ROUTINE:preventive,{REL} ashaka guhabwa inzitiramubu.,Ndashaka guhabwa inzitiramubu.
"Simbizi niba bikomeye ariko, mama afite umuriro mwinshi kandi arakorora cyane kuva ubu gitondo cya kare kandi sinshobora gusinzira. Ntegereze cyangwa nsuzumwe ubu?",kinyarwanda,URGENT,infectious_fever,kinyarwanda->kinyarwanda:URGENT:infectious_fever,{REL} afite umuriro mwinshi kandi arakorora cyane.,mfite umuriro mwinshi kandi ndakorora cyane
Nkorora gake ariko nta muriro mfite kuva mu gitondo nta miti imfasha. Ndakeneye ubufasha vuba.,kinyarwanda,ROUTINE,cardiac_respiratory,kinyarwanda->kinyarwanda:ROUTINE:cardiac_respiratory,Nkorora gake ariko nta muriro mfite.,Nkorora gake ariko nta muriro mfite.
"Mumbabarire, ndashaka kubabwira ikibazo mfite. Iminwa yanjye yahindutse ubururu kuva ubu gitondo cya kare kandi birushaho kuba bibi",kinyarwanda,CRITICAL,cardiac_respiratory,kinyarwanda->kinyarwanda:CRITICAL:cardiac_respiratory,Iminwa yanjye yahindutse ubururu.,Iminwa yanjye yahindutse ubururu.
"Muganga, guhumeka birangora cyane ku buryo ntabasha no kuvuga neza kuva ubu gitondo cya kare kandi birushaho kuba bibi. Ndakeneye ubufasha vuba.",kinyarwanda,CRITICAL,cardiac_respiratory,kinyarwanda->kinyarwanda:CRITICAL:cardiac_respiratory,Guhumeka birangora cyane ku buryo ntabasha no kuvuga neza.,Guhumeka birangora cyane ku buryo ntabasha no kuvuga neza.
"Nzanye umwana wanjye, mfite igikomere gikomeye kirimo kuva amaraso menshi kuva ejo. Byatangiye gitunguranye. Naje mvuye kure.",kinyarwanda,CRITICAL,haemorrhage_trauma,kinyarwanda->kinyarwanda:CRITICAL:haemorrhage_trauma,mfite igikomere gikomeye kirimo kuva amaraso menshi,mfite igikomere gikomeye kirimo kuva amaraso menshi
"Muraho, umwana wanjye ashaka guhabwa inzitiramubu kuva ejo. Byatangiye gitunguranye. Urakoze.",kinyarwanda,ROUTINE,preventive,kinyarwanda->kinyarwanda:ROUTINE:preventive,{REL} ashaka guhabwa inzitiramubu.,Ndashaka guhabwa inzitiramubu.
"Simbizi niba bikomeye ariko, umugore wanjye ashaka inama ku biryo byo kugaburira umwana we kuva mu masaha abiri ashize kandi nta miti mfite. Ese ibi birakomeye?",kinyarwanda,ROUTINE,preventive,kinyarwanda->kinyarwanda:ROUTINE:preventive,{REL} ashaka inama ku biryo byo kugaburira umwana we.,Ndashaka inama ku biryo byo kugaburira umwana wanjye.
"Ndakeneye ubufasha, amazuru arantemba gake kuva hashize iminsi ibiri kandi nta miti mfite",kinyarwanda,ROUTINE,infectious_fever,kinyarwanda->kinyarwanda:ROUTINE:infectious_fever,amazuru arantemba gake,amazuru arantemba gake
"Muganga, isukari yo mu maraso yanjye yazamutse cyane kuva mu gitondo. Abandi bana na bo bafite iki kibazo. Ese ibi birakomeye?",kinyarwanda,URGENT,chronic_care,kinyarwanda->kinyarwanda:URGENT:chronic_care,isukari yo mu maraso yanjye yazamutse cyane,isukari yo mu maraso yanjye yazamutse cyane
"Muganga, papa ashaka ko bapima ibiro by'umwana we kuva ubu gitondo cya kare kandi birushaho kuba bibi. Ndakeneye ubufasha vuba.",kinyarwanda,ROUTINE,paediatric,kinyarwanda->kinyarwanda:ROUTINE:paediatric,{REL} ashaka ko bapima ibiro by'umwana we.,Ndashaka ko bapima ibiro by'umwana wanjye.
"Muraho, mushiki wanjye ntashobora kuvuga neza kandi umunwa we waragoramye kuva ejo nta miti imfasha. Ni imiti ki nafata?",kinyarwanda,CRITICAL,neurological,kinyarwanda->kinyarwanda:CRITICAL:neurological,{REL} ntashobora kuvuga neza kandi umunwa we waragoramye.,{REL} ntashobora kuvuga neza kandi umunwa we waragoramye.
"Mfasha, mfite gahunda yo gukingiza umwana kuva mu gitondo nta miti imfasha. Ntegereze cyangwa nsuzumwe ubu?",kinyarwanda,ROUTINE,preventive,kinyarwanda->kinyarwanda:ROUTINE:preventive,Mfite gahunda yo gukingiza umwana.,Mfite gahunda yo gukingiza umwana.
"Umwana wanjye afite umuriro woroheje umaze umunsi umwe, ariko nta kindi kibazo afite kuva ubu gitondo cya kare bikarushaho nijoro. Naje mvuye kure.",kinyarwanda,ROUTINE,infectious_fever,kinyarwanda->kinyarwanda:ROUTINE:infectious_fever,"{REL} afite umuriro woroheje umaze umunsi umwe, ariko nta kindi kibazo afite.","mfite umuriro woroheje umaze umunsi umwe, ariko nta kindi kibazo mfite"
"Muganga, mushiki wanjye aratwite kandi araruka ibyo arya byose kuva ejo bikarushaho nijoro",kinyarwanda,URGENT,obstetric,kinyarwanda->kinyarwanda:URGENT:obstetric,{REL} aratwite kandi araruka ibyo arya byose.,Ndatwite kandi ndaruka ibyo ndya byose.
"Mumbabarire, ndashaka kubabwira ikibazo mfite. Naraguye none ndababara cyane kuva mu masaha abiri ashize kandi ndahangayitse. Ese ibi birakomeye?",kinyarwanda,URGENT,haemorrhage_trauma,kinyarwanda->kinyarwanda:URGENT:haemorrhage_trauma,naraguye none ndababara cyane,naraguye none ndababara cyane
"Muraho, mushiki wanjye yaraguye none arababara cyane kuva ubu gitondo cya kare. Ntabasha kubona amafaranga yo kongera kuza kwa muganga.",kinyarwanda,URGENT,haemorrhage_trauma,kinyarwanda->kinyarwanda:URGENT:haemorrhage_trauma,{REL} yaraguye none arababara cyane.,naraguye none ndababara cyane
"Umukecuru afite ibimenyetso bya malariya, umuriro n'imbeho kuva mu gitondo kandi ndahangayitse. Ntegereze cyangwa nsuzumwe ubu?",kinyarwanda,URGENT,infectious_fever,kinyarwanda->kinyarwanda:URGENT:infectious_fever,"{REL} afite ibimenyetso bya malariya, umuriro n'imbeho.","Mfite ibimenyetso bya malariya, umuriro n'imbeho."
"Mfasha vuba, umukecuru afite gahunda yo gukingiza umwana kuva mu gitondo kandi ndahangayitse. Naje mvuye kure.",kinyarwanda,ROUTINE,preventive,kinyarwanda->kinyarwanda:ROUTINE:preventive,{REL} afite gahunda yo gukingiza umwana.,Mfite gahunda yo gukingiza umwana.
"Nyabuneka, nta miti y'igituntu mfite biragenda bikagaruka. Ni imiti ki nafata?",kinyarwanda,URGENT,chronic_care,kinyarwanda->kinyarwanda:URGENT:chronic_care,Nta miti y'igituntu mfite.,Nta miti y'igituntu mfite.
"Mfasha, umukecuru afite igikomere cyanduye, kiratukura kandi kirimo amashyira kuva hashize iminsi itatu. Byatangiye gitunguranye. Ndakeneye ubufasha vuba.",kinyarwanda,URGENT,haemorrhage_trauma,kinyarwanda->kinyarwanda:URGENT:haemorrhage_trauma,"{REL} afite igikomere cyanduye, kiratukura kandi kirimo amashyira.","mfite igikomere cyanduye, kiratukura kandi kirimo amashyira"
"Mfite ibimenyetso bya malariya, umuriro n'imbeho kuva hashize icyumweru. Byatangiye gitunguranye. Ni imiti ki nafata?",kinyarwanda,URGENT,infectious_fever,kinyarwanda->kinyarwanda:URGENT:infectious_fever,"Mfite ibimenyetso bya malariya, umuriro n'imbeho.","Mfite ibimenyetso bya malariya, umuriro n'imbeho."
"Muraho, umugore wanjye amaze iminsi itatu arwaye impiswi zikomeye. Byatangiye gitunguranye. Ntegereze cyangwa nsuzumwe ubu?",kinyarwanda,URGENT,gastrointestinal,kinyarwanda->kinyarwanda:URGENT:gastrointestinal,{REL} amaze iminsi itatu arwaye impiswi zikomeye.,maze iminsi itatu ndwaye impiswi zikomeye
"Muraho, papa ashaka kugirwa inama ku mazi yo kunywa kuva mu masaha abiri ashize. Abandi bana na bo bafite iki kibazo. Nkora iki?",kinyarwanda,ROUTINE,preventive,kinyarwanda->kinyarwanda:ROUTINE:preventive,{REL} ashaka kugirwa inama ku mazi yo kunywa.,Ndashaka kugirwa inama ku mazi yo kunywa.
"Nyabuneka, umugabo wanjye iminwa ye yahindutse ubururu kuva hashize iminsi ibiri kandi nta miti mfite. Ni imiti ki nafata?",kinyarwanda,CRITICAL,cardiac_respiratory,kinyarwanda->kinyarwanda:CRITICAL:cardiac_respiratory,{REL} iminwa ye yahindutse ubururu.,Iminwa yanjye yahindutse ubururu.
"Muganga, umwana wanjye afite umuhaha kuva ejo. Abandi bana na bo bafite iki kibazo. Ni imiti ki nafata?",kinyarwanda,URGENT,paediatric,kinyarwanda->kinyarwanda:URGENT:paediatric,{REL} afite umuhaha.,Mfite umuhaha.
"Umwana wanjye afite umuriro woroheje umaze umunsi umwe, ariko nta kindi kibazo afite kuva ijoro ryashize kandi nta miti mfite. Ntegereze cyangwa nsuzumwe ubu?",kinyarwanda,ROUTINE,infectious_fever,kinyarwanda->kinyarwanda:ROUTINE:infectious_fever,"{REL} afite umuriro woroheje umaze umunsi umwe, ariko nta kindi kibazo afite.","mfite umuriro woroheje umaze umunsi umwe, ariko nta kindi kibazo mfite"
"Ndakeneye ubufasha, nkorora gake ariko nta muriro mfite kuva ejo kandi ndahangayitse. Ndakeneye ubufasha vuba.",kinyarwanda,ROUTINE,cardiac_respiratory,kinyarwanda->kinyarwanda:ROUTINE:cardiac_respiratory,Nkorora gake ariko nta muriro mfite.,Nkorora gake ariko nta muriro mfite.
"Mfasha, nta miti y'igituntu mfite kuva hashize iminsi ibiri. Ni imiti ki nafata?",kinyarwanda,URGENT,chronic_care,kinyarwanda->kinyarwanda:URGENT:chronic_care,Nta miti y'igituntu mfite.,Nta miti y'igituntu mfite.
"Simbizi niba bikomeye ariko, mfite umuhaha kuva mu gitondo. Abandi bana na bo bafite iki kibazo. Mfasha muganga.",kinyarwanda,URGENT,paediatric,kinyarwanda->kinyarwanda:URGENT:paediatric,Mfite umuhaha.,Mfite umuhaha.
"Muraho, ndashaka guhabwa inzitiramubu kuva hashize icyumweru. Byatangiye gitunguranye. Ese ibi birakomeye?",kinyarwanda,ROUTINE,preventive,kinyarwanda->kinyarwanda:ROUTINE:preventive,Ndashaka guhabwa inzitiramubu.,Ndashaka guhabwa inzitiramubu.
"Mfasha, umwana wanjye afite umuriro woroheje umaze umunsi umwe, ariko nta kindi kibazo afite bikarushaho nijoro. Ndakeneye ubufasha vuba.",kinyarwanda,ROUTINE,infectious_fever,kinyarwanda->kinyarwanda:ROUTINE:infectious_fever,"{REL} afite umuriro woroheje umaze umunsi umwe, ariko nta kindi kibazo afite.","mfite umuriro woroheje umaze umunsi umwe, ariko nta kindi kibazo mfite"
Ndashaka kukubwira ikibazo mfite. Umuturanyi wanjye afite gahunda yo gukingiza umwana kuva mu masaha abiri ashize. Byatangiye gitunguranye.,kinyarwanda,ROUTINE,preventive,kinyarwanda->kinyarwanda:ROUTINE:preventive,{REL} afite gahunda yo gukingiza umwana.,Mfite gahunda yo gukingiza umwana.
"Nyabuneka, mfite igikomere gito kandi amaraso yarahagaze kuva hashize iminsi ibiri kandi birushaho kuba bibi",kinyarwanda,ROUTINE,haemorrhage_trauma,kinyarwanda->kinyarwanda:ROUTINE:haemorrhage_trauma,Mfite igikomere gito kandi amaraso yarahagaze.,Mfite igikomere gito kandi amaraso yarahagaze.
"Muganga, mfite impiswi zirimo amaraso kuva mu masaha abiri ashize biragenda bikagaruka. Urakoze.",kinyarwanda,URGENT,gastrointestinal,kinyarwanda->kinyarwanda:URGENT:gastrointestinal,Mfite impiswi zirimo amaraso.,Mfite impiswi zirimo amaraso.
Mfite umwanda usa umukara kandi nta miti mfite,kinyarwanda,CRITICAL,gastrointestinal,kinyarwanda->kinyarwanda:CRITICAL:gastrointestinal,Mfite umwanda usa umukara.,Mfite umwanda usa umukara.
"Muganga, ndashaka imiti y'inzoka y'umwana wanjye. Abandi bana na bo bafite iki kibazo. Naje mvuye kure.",kinyarwanda,ROUTINE,preventive,kinyarwanda->kinyarwanda:ROUTINE:preventive,Ndashaka imiti y'inzoka y'umwana wanjye.,Ndashaka imiti y'inzoka y'umwana wanjye.
"Ndashaka kukubwira ikibazo mfite. Mfite umuriro kandi numva mfite imbeho, nkeka ko ari malariya kuva mu cyumweru gishize. Ni imiti ki nafata?",kinyarwanda,URGENT,infectious_fever,kinyarwanda->kinyarwanda:URGENT:infectious_fever,"mfite umuriro kandi numva mfite imbeho, nkeka ko ari malariya","mfite umuriro kandi numva mfite imbeho, nkeka ko ari malariya"
"Mfasha, guhumeka birangora cyane ku buryo ntabasha no kuvuga neza kuva ejo kandi sinshobora gusinzira",kinyarwanda,CRITICAL,cardiac_respiratory,kinyarwanda->kinyarwanda:CRITICAL:cardiac_respiratory,Guhumeka birangora cyane ku buryo ntabasha no kuvuga neza.,Guhumeka birangora cyane ku buryo ntabasha no kuvuga neza.
Umwana wanjye amazuru ye aratemba gake kuva hashize iminsi itatu kandi ndahangayitse. Ntabasha kubona amafaranga yo kongera kuza kwa muganga.,kinyarwanda,ROUTINE,infectious_fever,kinyarwanda->kinyarwanda:ROUTINE:infectious_fever,{REL} amazuru ye aratemba gake.,amazuru arantemba gake
"Mfasha, mama afite gahunda yo gukingiza umwana kuva ejo. Abandi bana na bo bafite iki kibazo. Urakoze.",kinyarwanda,ROUTINE,preventive,kinyarwanda->kinyarwanda:ROUTINE:preventive,{REL} afite gahunda yo gukingiza umwana.,Mfite gahunda yo gukingiza umwana.
"Muraho, isukari yo mu maraso yanjye yazamutse cyane kuva mu gitondo kandi birushaho kuba bibi. Nkora iki?",kinyarwanda,URGENT,chronic_care,kinyarwanda->kinyarwanda:URGENT:chronic_care,isukari yo mu maraso yanjye yazamutse cyane,isukari yo mu maraso yanjye yazamutse cyane
"Muraho, umugore wanjye afite igikomere cyanduye, kiratukura kandi kirimo amashyira kuva hashize iminsi itatu biragenda bikagaruka. Nkora iki?",kinyarwanda,URGENT,haemorrhage_trauma,kinyarwanda->kinyarwanda:URGENT:haemorrhage_trauma,"{REL} afite igikomere cyanduye, kiratukura kandi kirimo amashyira.","mfite igikomere cyanduye, kiratukura kandi kirimo amashyira"
"Mfasha, umukecuru afite igikomere cyanduye, kiratukura kandi kirimo amashyira nta miti imfasha. Ese ibi birakomeye?",kinyarwanda,URGENT,haemorrhage_trauma,kinyarwanda->kinyarwanda:URGENT:haemorrhage_trauma,"{REL} afite igikomere cyanduye, kiratukura kandi kirimo amashyira.","mfite igikomere cyanduye, kiratukura kandi kirimo amashyira"
"Simbizi niba bikomeye ariko, ndakomeza kuruka kandi sinshobora kurya kandi ndahangayitse. Urakoze.",kinyarwanda,URGENT,gastrointestinal,kinyarwanda->kinyarwanda:URGENT:gastrointestinal,ndakomeza kuruka kandi sinshobora kurya,ndakomeza kuruka kandi sinshobora kurya
"Muganga, isukari yo mu maraso yanjye yazamutse cyane kuva hashize iminsi itatu kandi sinshobora gusinzira. Naje mvuye kure.",kinyarwanda,URGENT,chronic_care,kinyarwanda->kinyarwanda:URGENT:chronic_care,isukari yo mu maraso yanjye yazamutse cyane,isukari yo mu maraso yanjye yazamutse cyane
"Mumbabarire, ndashaka kubabwira ikibazo mfite. Mama amaze umunsi wose ari mu bubabare bwo kubyara ariko umwana ntarasohoka kuva hashize iminsi itatu. Byatangiye gitunguranye. Naje mvuye kure.",kinyarwanda,CRITICAL,obstetric,kinyarwanda->kinyarwanda:CRITICAL:obstetric,{REL} amaze umunsi wose ari mu bubabare bwo kubyara ariko umwana ntarasohoka.,Maze umunsi wose mbabara ngerageza kubyara ariko umwana ntarasohoka.
"Mumbabarire, ndashaka kubabwira ikibazo mfite. Umugore wanjye araruka amaraso kuva ejo biragenda bikagaruka. Ndakeneye ubufasha vuba.",kinyarwanda,CRITICAL,gastrointestinal,kinyarwanda->kinyarwanda:CRITICAL:gastrointestinal,{REL} araruka amaraso.,Ndaruka amaraso.
"Muraho, mushiki wanjye ashaka ko bapima ibiro by'umwana we kuva ejo. Murakoze.",kinyarwanda,ROUTINE,paediatric,kinyarwanda->kinyarwanda:ROUTINE:paediatric,{REL} ashaka ko bapima ibiro by'umwana we.,Ndashaka ko bapima ibiro by'umwana wanjye.
"Simbizi niba bikomeye ariko, mama aratwite kandi ashaka kwisuzumisha kwa muganga bwa mbere kuva mu gitondo. Ntabasha kubona amafaranga yo kongera kuza kwa muganga.",kinyarwanda,ROUTINE,preventive,kinyarwanda->kinyarwanda:ROUTINE:preventive,{REL} aratwite kandi ashaka kwisuzumisha kwa muganga bwa mbere.,Ndatwite kandi ndashaka kwisuzumisha kwa muganga bwa mbere.
"Mumbabarire, ndashaka kubabwira ikibazo mfite. Umugabo wanjye afite umuriro mwinshi kandi arakorora cyane kuva mu cyumweru gishize. Abandi bana na bo bafite iki kibazo. Naje mvuye kure.",kinyarwanda,URGENT,infectious_fever,kinyarwanda->kinyarwanda:URGENT:infectious_fever,{REL} afite umuriro mwinshi kandi arakorora cyane.,mfite umuriro mwinshi kandi ndakorora cyane
Ndashaka imiti y'inzoka y'umwana wanjye kuva hashize icyumweru kandi ndahangayitse. Naje mvuye kure.,kinyarwanda,ROUTINE,preventive,kinyarwanda->kinyarwanda:ROUTINE:preventive,Ndashaka imiti y'inzoka y'umwana wanjye.,Ndashaka imiti y'inzoka y'umwana wanjye.
"Mumbabarire, ndashaka kubabwira ikibazo mfite. Maze umunsi wose mbabara ngerageza kubyara ariko umwana ntarasohoka. Abandi bana na bo bafite iki kibazo. Ntegereze cyangwa nsuzumwe ubu?",kinyarwanda,CRITICAL,obstetric,kinyarwanda->kinyarwanda:CRITICAL:obstetric,Maze umunsi wose mbabara ngerageza kubyara ariko umwana ntarasohoka.,Maze umunsi wose mbabara ngerageza kubyara ariko umwana ntarasohoka.
"Nzanye umwana wanjye, ndashaka imiti y'inzoka y'umwana wanjye kuva hashize iminsi itatu nta miti imfasha. Nkora iki?",kinyarwanda,ROUTINE,preventive,kinyarwanda->kinyarwanda:ROUTINE:preventive,Ndashaka imiti y'inzoka y'umwana wanjye.,Ndashaka imiti y'inzoka y'umwana wanjye.
"Muraho, mushiki wanjye arakomeza kuruka kandi ntashobora kurya kuva hashize icyumweru biragenda bikagaruka. Nkora iki?",kinyarwanda,URGENT,gastrointestinal,kinyarwanda->kinyarwanda:URGENT:gastrointestinal,{REL} arakomeza kuruka kandi ntashobora kurya.,ndakomeza kuruka kandi sinshobora kurya
Ndashaka kujya kwa muganga kwisuzumisha diyabete kuva hashize icyumweru kandi sinshobora gusinzira. Nkora iki?,kinyarwanda,ROUTINE,chronic_care,kinyarwanda->kinyarwanda:ROUTINE:chronic_care,Ndashaka kujya kwa muganga kwisuzumisha diyabete.,Ndashaka kujya kwa muganga kwisuzumisha SIDA.
"Mfasha vuba, mfite gahunda yo gukingiza umwana kuva mu cyumweru gishize. Abandi bana na bo bafite iki kibazo.",kinyarwanda,ROUTINE,preventive,kinyarwanda->kinyarwanda:ROUTINE:preventive,Mfite gahunda yo gukingiza umwana.,Mfite gahunda yo gukingiza umwana.
"Nzanye umwana wanjye, uruhande rumwe rw'umubiri we ntirukora kuva mu cyumweru gishize kandi birushaho kuba bibi. Naje mvuye kure.",kinyarwanda,CRITICAL,neurological,kinyarwanda->kinyarwanda:CRITICAL:neurological,Uruhande rumwe rw'umubiri we ntirukora.,Uruhande rumwe rw'umubiri we ntirukora.
"Muganga, naraguye none ndababara cyane kuva mu masaha abiri ashize kandi birushaho kuba bibi. Nkora iki?",kinyarwanda,URGENT,haemorrhage_trauma,kinyarwanda->kinyarwanda:URGENT:haemorrhage_trauma,naraguye none ndababara cyane,naraguye none ndababara cyane
"Mfasha, uruhande rumwe rw'umubiri we ntirukora kuva mu cyumweru gishize kandi ndahangayitse. Mfasha muganga.",kinyarwanda,CRITICAL,neurological,kinyarwanda->kinyarwanda:CRITICAL:neurological,Uruhande rumwe rw'umubiri we ntirukora.,Uruhande rumwe rw'umubiri we ntirukora.
"Naje hano mbere, mfite umuriro mwinshi kandi nagagaye kuva hashize icyumweru kandi sinshobora gusinzira. Ntabasha kubona amafaranga yo kongera kuza kwa muganga.",kinyarwanda,CRITICAL,infectious_fever,kinyarwanda->kinyarwanda:CRITICAL:infectious_fever,Mfite umuriro mwinshi kandi nagagaye.,Mfite umuriro mwinshi kandi nagagaye.
"Mfasha vuba, maze umunsi wose mbabara ngerageza kubyara ariko umwana ntarasohoka kuva ejo biragenda bikagaruka. Ntegereze cyangwa nsuzumwe ubu?",kinyarwanda,CRITICAL,obstetric,kinyarwanda->kinyarwanda:CRITICAL:obstetric,Maze umunsi wose mbabara ngerageza kubyara ariko umwana ntarasohoka.,Maze umunsi wose mbabara ngerageza kubyara ariko umwana ntarasohoka.
Mu rugo hari umuntu urwaye igituntu kandi umuturanyi wanjye ashaka kwisuzumisha kuva hashize iminsi ibiri kandi nta miti mfite. Ese ibi birakomeye?,kinyarwanda,URGENT,preventive,kinyarwanda->kinyarwanda:URGENT:preventive,Mu rugo hari umuntu urwaye igituntu kandi {REL} ashaka kwisuzumisha.,Mu rugo hari umuntu urwaye igituntu kandi ndashaka kwisuzumisha.
"Muraho, ndatwite kandi nagagaye kuva hashize iminsi itatu kandi sinshobora gusinzira. Nkora iki?",kinyarwanda,CRITICAL,obstetric,kinyarwanda->kinyarwanda:CRITICAL:obstetric,Ndatwite kandi nagagaye.,Ndatwite kandi nagagaye.
"Mumbabarire, ndashaka kubabwira ikibazo mfite. Umwana wanjye yaraguye none arababara cyane kuva hashize iminsi itatu nta miti imfasha. Ntegereze cyangwa nsuzumwe ubu?",kinyarwanda,URGENT,haemorrhage_trauma,kinyarwanda->kinyarwanda:URGENT:haemorrhage_trauma,{REL} yaraguye none arababara cyane.,naraguye none ndababara cyane
Umwana wanjye araruka amaraso kuva ubu gitondo cya kare kandi ndahangayitse,kinyarwanda,CRITICAL,gastrointestinal,kinyarwanda->kinyarwanda:CRITICAL:gastrointestinal,{REL} araruka amaraso.,Ndaruka amaraso.
Umwana wanjye akorora gake ariko nta muriro afite kuva mu masaha abiri ashize kandi birushaho kuba bibi. Ntabasha kubona amafaranga yo kongera kuza kwa muganga.,kinyarwanda,ROUTINE,cardiac_respiratory,kinyarwanda->kinyarwanda:ROUTINE:cardiac_respiratory,{REL} akorora gake ariko nta muriro afite.,Nkorora gake ariko nta muriro mfite.
"Ndakeneye ubufasha, umugabo wanjye afite ubushye bunini ku mubiri. Ntegereze cyangwa nsuzumwe ubu?",kinyarwanda,CRITICAL,haemorrhage_trauma,kinyarwanda->kinyarwanda:CRITICAL:haemorrhage_trauma,{REL} afite ubushye bunini ku mubiri.,Mfite ubushye bunini ku mubiri.
"Mfasha vuba, mushiki wanjye amaze umunsi wose ari mu bubabare bwo kubyara ariko umwana ntarasohoka kuva mu cyumweru gishize. Abandi bana na bo bafite iki kibazo. Naje mvuye kure.",kinyarwanda,CRITICAL,obstetric,kinyarwanda->kinyarwanda:CRITICAL:obstetric,{REL} amaze umunsi wose ari mu bubabare bwo kubyara ariko umwana ntarasohoka.,Maze umunsi wose mbabara ngerageza kubyara ariko umwana ntarasohoka.
"Naje hano mbere, naraguye none ndababara cyane kuva hashize icyumweru kandi ndahangayitse. Ndakeneye ubufasha vuba.",kinyarwanda,URGENT,haemorrhage_trauma,kinyarwanda->kinyarwanda:URGENT:haemorrhage_trauma,naraguye none ndababara cyane,naraguye none ndababara cyane
Umugore wanjye arakomeza kuruka kandi ntashobora kurya kuva ejo kandi sinshobora gusinzira,kinyarwanda,URGENT,gastrointestinal,kinyarwanda->kinyarwanda:URGENT:gastrointestinal,{REL} arakomeza kuruka kandi ntashobora kurya.,ndakomeza kuruka kandi sinshobora kurya
"Ndakeneye ubufasha, ndatwite kandi ndaruka ibyo ndya byose kandi ndahangayitse. Ntabasha kubona amafaranga yo kongera kuza kwa muganga.",kinyarwanda,URGENT,obstetric,kinyarwanda->kinyarwanda:URGENT:obstetric,Ndatwite kandi ndaruka ibyo ndya byose.,Ndatwite kandi ndaruka ibyo ndya byose.
"Mumbabarire, ndashaka kubabwira ikibazo mfite. Umugabo wanjye arakomeza kuruka kandi ntashobora kurya kuva hashize iminsi itatu nta miti imfasha. Urakoze.",kinyarwanda,URGENT,gastrointestinal,kinyarwanda->kinyarwanda:URGENT:gastrointestinal,{REL} arakomeza kuruka kandi ntashobora kurya.,ndakomeza kuruka kandi sinshobora kurya
"Nyabuneka, maze umunsi wose mbabara ngerageza kubyara ariko umwana ntarasohoka kuva mu masaha abiri ashize. Abandi bana na bo bafite iki kibazo. Ndakeneye ubufasha vuba.",kinyarwanda,CRITICAL,obstetric,kinyarwanda->kinyarwanda:CRITICAL:obstetric,Maze umunsi wose mbabara ngerageza kubyara ariko umwana ntarasohoka.,Maze umunsi wose mbabara ngerageza kubyara ariko umwana ntarasohoka.
"Nyabuneka, ndakomeza kuruka kandi sinshobora kurya kuva mu masaha abiri ashize kandi birushaho kuba bibi. Ni imiti ki nafata?",kinyarwanda,URGENT,gastrointestinal,kinyarwanda->kinyarwanda:URGENT:gastrointestinal,ndakomeza kuruka kandi sinshobora kurya,ndakomeza kuruka kandi sinshobora kurya
Ndashaka kukubwira ikibazo mfite. Umugabo wanjye umutima we utera cyane kandi yumva umeze nk'aho uhagarara kuva ijoro ryashize biragenda bikagaruka,kinyarwanda,CRITICAL,cardiac_respiratory,kinyarwanda->kinyarwanda:CRITICAL:cardiac_respiratory,{REL} umutima we utera cyane kandi yumva umeze nk'aho uhagarara.,umutima uratera cyane kandi nkumva umeze nk'aho uhagarara
"Mfasha vuba, umwana wanjye akorora gake ariko nta muriro afite kuva ubu gitondo cya kare. Byatangiye gitunguranye. Nkora iki?",kinyarwanda,ROUTINE,cardiac_respiratory,kinyarwanda->kinyarwanda:ROUTINE:cardiac_respiratory,{REL} akorora gake ariko nta muriro afite.,Nkorora gake ariko nta muriro mfite.
"Mfasha vuba, mfite umuriro mwinshi kandi nagagaye kuva ejo nta miti imfasha. Ese ibi birakomeye?",kinyarwanda,CRITICAL,infectious_fever,kinyarwanda->kinyarwanda:CRITICAL:infectious_fever,Mfite umuriro mwinshi kandi nagagaye.,Mfite umuriro mwinshi kandi nagagaye.
"Mfasha vuba, mu rugo hari umuntu urwaye igituntu kandi umugore wanjye ashaka kwisuzumisha kuva mu cyumweru gishize nta miti imfasha. Mfasha muganga.",kinyarwanda,URGENT,preventive,kinyarwanda->kinyarwanda:URGENT:preventive,Mu rugo hari umuntu urwaye igituntu kandi {REL} ashaka kwisuzumisha.,Mu rugo hari umuntu urwaye igituntu kandi ndashaka kwisuzumisha.
"Nzanye umwana wanjye, ndabyara ariko habanje gusohoka umugozi w'umwana kuva mu gitondo kandi ndahangayitse. Nkora iki?",kinyarwanda,CRITICAL,obstetric,kinyarwanda->kinyarwanda:CRITICAL:obstetric,Ndabyara ariko habanje gusohoka umugozi w'umwana.,Ndabyara ariko habanje gusohoka umugozi w'umwana.
"Mfasha vuba, mfite umuriro woroheje umaze umunsi umwe, ariko nta kindi kibazo mfite kuva mu cyumweru gishize. Naje mvuye kure.",kinyarwanda,ROUTINE,infectious_fever,kinyarwanda->kinyarwanda:ROUTINE:infectious_fever,"mfite umuriro woroheje umaze umunsi umwe, ariko nta kindi kibazo mfite","mfite umuriro woroheje umaze umunsi umwe, ariko nta kindi kibazo mfite"
"Muraho, iyo umwana wanjye amaze kurya, yumva inda itameze neza kuva hashize iminsi ibiri kandi sinshobora gusinzira. Naje mvuye kure.",kinyarwanda,ROUTINE,gastrointestinal,kinyarwanda->kinyarwanda:ROUTINE:gastrointestinal,"Iyo {REL} amaze kurya, yumva inda itameze neza.","Iyo {REL} amaze kurya, yumva inda itameze neza."
"Ndakeneye ubufasha, mfite umuriro woroheje umaze umunsi umwe, ariko nta kindi kibazo mfite. Byatangiye gitunguranye. Nkora iki?",kinyarwanda,ROUTINE,infectious_fever,kinyarwanda->kinyarwanda:ROUTINE:infectious_fever,"mfite umuriro woroheje umaze umunsi umwe, ariko nta kindi kibazo mfite","mfite umuriro woroheje umaze umunsi umwe, ariko nta kindi kibazo mfite"
"Mumbabarire, ndashaka kubabwira ikibazo mfite. Ndakorora cyane kandi guhumeka birangora biragenda bikagaruka. Ntabasha kubona amafaranga yo kongera kuza kwa muganga.",kinyarwanda,URGENT,cardiac_respiratory,kinyarwanda->kinyarwanda:URGENT:cardiac_respiratory,ndakorora cyane kandi guhumeka birangora,ndakorora cyane kandi guhumeka birangora
"Ndakeneye ubufasha, mfite umuhaha kuva hashize icyumweru kandi ndahangayitse. Urakoze.",kinyarwanda,URGENT,paediatric,kinyarwanda->kinyarwanda:URGENT:paediatric,Mfite umuhaha.,Mfite umuhaha.
"Nzanye umwana wanjye, umwana wanjye akorora gake ariko nta muriro afite kuva ubu gitondo cya kare. Ndakeneye ubufasha vuba.",kinyarwanda,ROUTINE,cardiac_respiratory,kinyarwanda->kinyarwanda:ROUTINE:cardiac_respiratory,{REL} akorora gake ariko nta muriro afite.,Nkorora gake ariko nta muriro mfite.
"Nzanye umwana wanjye, umwana wanjye isukari yo mu maraso ye yazamutse cyane. Abandi bana na bo bafite iki kibazo.",kinyarwanda,URGENT,chronic_care,kinyarwanda->kinyarwanda:URGENT:chronic_care,{REL} isukari yo mu maraso ye yazamutse cyane.,isukari yo mu maraso yanjye yazamutse cyane
"Mfasha vuba, ndabyara ariko habanje gusohoka umugozi w'umwana kuva mu gitondo kandi sinshobora gusinzira. Nkora iki?",kinyarwanda,CRITICAL,obstetric,kinyarwanda->kinyarwanda:CRITICAL:obstetric,Ndabyara ariko habanje gusohoka umugozi w'umwana.,Ndabyara ariko habanje gusohoka umugozi w'umwana.
"Muraho, maze umunsi wose mbabara ngerageza kubyara ariko umwana ntarasohoka kuva ejo nta miti imfasha. Ndakeneye ubufasha vuba.",kinyarwanda,CRITICAL,obstetric,kinyarwanda->kinyarwanda:CRITICAL:obstetric,Maze umunsi wose mbabara ngerageza kubyara ariko umwana ntarasohoka.,Maze umunsi wose mbabara ngerageza kubyara ariko umwana ntarasohoka.
"Muraho, mfite umwanda usa umukara kuva ubu gitondo cya kare bikarushaho nijoro. Naje mvuye kure.",kinyarwanda,CRITICAL,gastrointestinal,kinyarwanda->kinyarwanda:CRITICAL:gastrointestinal,Mfite umwanda usa umukara.,Mfite umwanda usa umukara.
"Simbizi niba bikomeye ariko, mu rugo hari umuntu urwaye igituntu kandi umukecuru ashaka kwisuzumisha kuva hashize iminsi ibiri. Ntegereze cyangwa nsuzumwe ubu?",kinyarwanda,URGENT,preventive,kinyarwanda->kinyarwanda:URGENT:preventive,Mu rugo hari umuntu urwaye igituntu kandi {REL} ashaka kwisuzumisha.,Mu rugo hari umuntu urwaye igituntu kandi ndashaka kwisuzumisha.
"Muraho, mushiki wanjye amaze iminsi itatu arwaye impiswi zikomeye bikarushaho nijoro. Ntabasha kubona amafaranga yo kongera kuza kwa muganga.",kinyarwanda,URGENT,gastrointestinal,kinyarwanda->kinyarwanda:URGENT:gastrointestinal,{REL} amaze iminsi itatu arwaye impiswi zikomeye.,maze iminsi itatu ndwaye impiswi zikomeye
"Muraho, umuturanyi wanjye isukari yo mu maraso ye yazamutse cyane kuva ubu gitondo cya kare kandi nta miti mfite. Naje mvuye kure.",kinyarwanda,URGENT,chronic_care,kinyarwanda->kinyarwanda:URGENT:chronic_care,{REL} isukari yo mu maraso ye yazamutse cyane.,isukari yo mu maraso yanjye yazamutse cyane
"Simbizi niba bikomeye ariko, naguye, ukuguru kuragoramye ariko sinumva ko kuvunitse kuva mu gitondo bikarushaho nijoro. Ese ibi birakomeye?",kinyarwanda,URGENT,haemorrhage_trauma,kinyarwanda->kinyarwanda:URGENT:haemorrhage_trauma,"Naguye, ukuguru kuragoramye ariko sinumva ko kuvunitse.","Naguye, ukuguru kuragoramye ariko sinumva ko kuvunitse."
"Mumbabarire, ndashaka kubabwira ikibazo mfite. Naguye, ukuguru kuragoramye ariko sinumva ko kuvunitse kuva ejo kandi sinshobora gusinzira. Mfasha muganga.",kinyarwanda,URGENT,haemorrhage_trauma,kinyarwanda->kinyarwanda:URGENT:haemorrhage_trauma,"Naguye, ukuguru kuragoramye ariko sinumva ko kuvunitse.","Naguye, ukuguru kuragoramye ariko sinumva ko kuvunitse."
"Nzanye umwana wanjye, mushiki wanjye ashaka ko bapima ibiro by'umwana we kuva ubu gitondo cya kare. Ni imiti ki nafata?",kinyarwanda,ROUTINE,paediatric,kinyarwanda->kinyarwanda:ROUTINE:paediatric,{REL} ashaka ko bapima ibiro by'umwana we.,Ndashaka ko bapima ibiro by'umwana wanjye.
"Muganga, mushiki wanjye ari kubyara ariko umugozi w'umwana wabanje gusohoka kuva mu gitondo kandi sinshobora gusinzira. Ndakeneye ubufasha vuba.",kinyarwanda,CRITICAL,obstetric,kinyarwanda->kinyarwanda:CRITICAL:obstetric,{REL} ari kubyara ariko umugozi w'umwana wabanje gusohoka.,Ndabyara ariko habanje gusohoka umugozi w'umwana.
"Mfasha vuba, ndashaka kugirwa inama uko nakonsa umwana kuva ijoro ryashize kandi ndahangayitse. Urakoze.",kinyarwanda,ROUTINE,obstetric,kinyarwanda->kinyarwanda:ROUTINE:obstetric,Ndashaka kugirwa inama uko nakonsa umwana.,Ndashaka kugirwa inama uko nakonsa umwana.
"Muraho, umugore wanjye amaze umunsi wose ari mu bubabare bwo kubyara ariko umwana ntarasohoka kuva ejo kandi sinshobora gusinzira. Ndakeneye ubufasha vuba.",kinyarwanda,CRITICAL,obstetric,kinyarwanda->kinyarwanda:CRITICAL:obstetric,{REL} amaze umunsi wose ari mu bubabare bwo kubyara ariko umwana ntarasohoka.,Maze umunsi wose mbabara ngerageza kubyara ariko umwana ntarasohoka.
"Nzanye umwana wanjye, umugore wanjye ashaka inama ku biryo byo kugaburira umwana we kuva hashize iminsi ibiri bikarushaho nijoro",kinyarwanda,ROUTINE,preventive,kinyarwanda->kinyarwanda:ROUTINE:preventive,{REL} ashaka inama ku biryo byo kugaburira umwana we.,Ndashaka inama ku biryo byo kugaburira umwana wanjye.
"Simbizi niba bikomeye ariko, umuturanyi wanjye aratwite kandi yaragagaye kuva ijoro ryashize. Byatangiye gitunguranye. Ntabasha kubona amafaranga yo kongera kuza kwa muganga.",kinyarwanda,CRITICAL,obstetric,kinyarwanda->kinyarwanda:CRITICAL:obstetric,{REL} aratwite kandi yaragagaye.,Ndatwite kandi nagagaye.
"Muganga, mushiki wanjye ashaka guhabwa inzitiramubu kuva hashize icyumweru kandi ndahangayitse. Ndakeneye ubufasha vuba.",kinyarwanda,ROUTINE,preventive,kinyarwanda->kinyarwanda:ROUTINE:preventive,{REL} ashaka guhabwa inzitiramubu.,Ndashaka guhabwa inzitiramubu.
"Mfasha vuba, mu gituza harandya cyane kandi ububabare bukagera no ku kuboko kuva ejo. Ndakeneye ubufasha vuba.",kinyarwanda,CRITICAL,cardiac_respiratory,kinyarwanda->kinyarwanda:CRITICAL:cardiac_respiratory,mu gituza harandya cyane kandi ububabare bukagera no ku kuboko,mu gituza harandya cyane kandi ububabare bukagera no ku kuboko
"Nzanye umwana wanjye, mushiki wanjye yaraguye none arababara cyane kuva ejo kandi sinshobora gusinzira. Nkora iki?",kinyarwanda,URGENT,haemorrhage_trauma,kinyarwanda->kinyarwanda:URGENT:haemorrhage_trauma,{REL} yaraguye none arababara cyane.,naraguye none ndababara cyane
"Muganga, guhumeka birangora cyane ku buryo ntabasha no kuvuga neza kuva hashize iminsi itatu. Nkora iki?",kinyarwanda,CRITICAL,cardiac_respiratory,kinyarwanda->kinyarwanda:CRITICAL:cardiac_respiratory,Guhumeka birangora cyane ku buryo ntabasha no kuvuga neza.,Guhumeka birangora cyane ku buryo ntabasha no kuvuga neza.
"Umugore wanjye aratwite kandi umutwe uramubabaza cyane, kandi ntashobora kureba neza. Nkora iki?",kinyarwanda,CRITICAL,obstetric,kinyarwanda->kinyarwanda:CRITICAL:obstetric,"{REL} aratwite kandi umutwe uramubabaza cyane, kandi ntashobora kureba neza.","Ndatwite, umutwe urandya cyane kandi sinshobora kureba neza."
"Ndakeneye ubufasha, mama afite ubushye bunini ku mubiri kuva hashize iminsi ibiri kandi ndahangayitse. Ese ibi birakomeye?",kinyarwanda,CRITICAL,haemorrhage_trauma,kinyarwanda->kinyarwanda:CRITICAL:haemorrhage_trauma,{REL} afite ubushye bunini ku mubiri.,Mfite ubushye bunini ku mubiri.
"Naje hano mbere, ndashaka imiti y'inzoka y'umwana wanjye kuva mu cyumweru gishize kandi birushaho kuba bibi. Mfasha muganga.",kinyarwanda,ROUTINE,preventive,kinyarwanda->kinyarwanda:ROUTINE:preventive,Ndashaka imiti y'inzoka y'umwana wanjye.,Ndashaka imiti y'inzoka y'umwana wanjye.
"Nzanye umwana wanjye, umugabo wanjye ashaka guhabwa inzitiramubu kuva ubu gitondo cya kare kandi nta miti mfite. Ese ibi birakomeye?",kinyarwanda,ROUTINE,preventive,kinyarwanda->kinyarwanda:ROUTINE:preventive,{REL} ashaka guhabwa inzitiramubu.,Ndashaka guhabwa inzitiramubu.
"Nyabuneka, umuturanyi wanjye afite ububabare bukabije mu nda nta miti imfasha. Ni imiti ki nafata?",kinyarwanda,URGENT,gastrointestinal,kinyarwanda->kinyarwanda:URGENT:gastrointestinal,{REL} afite ububabare bukabije mu nda.,Mfite ububabare bukabije mu nda.
"Nzanye umwana wanjye, umuturanyi wanjye ashaka inama ku biryo byo kugaburira umwana we kuva mu cyumweru gishize kandi ndahangayitse. Ntegereze cyangwa nsuzumwe ubu?",kinyarwanda,ROUTINE,preventive,kinyarwanda->kinyarwanda:ROUTINE:preventive,{REL} ashaka inama ku biryo byo kugaburira umwana we.,Ndashaka inama ku biryo byo kugaburira umwana wanjye.
"Nzanye umwana wanjye, umugore wanjye aratwite kandi araruka ibyo arya byose kuva mu gitondo kandi birushaho kuba bibi. Ni imiti ki nafata?",kinyarwanda,URGENT,obstetric,kinyarwanda->kinyarwanda:URGENT:obstetric,{REL} aratwite kandi araruka ibyo arya byose.,Ndatwite kandi ndaruka ibyo ndya byose.
"Mfasha, mfite ikibazo ku mutwe kandi kirimo guterwa n'urumuri kuva ubu gitondo cya kare kandi birushaho kuba bibi",kinyarwanda,URGENT,neurological,kinyarwanda->kinyarwanda:URGENT:neurological,Mfite ikibazo ku mutwe kandi kirimo guterwa n'urumuri.,Mfite ikibazo ku mutwe kandi kirimo guterwa n'urumuri.
"Nzanye umwana wanjye, mfite umuriro kandi numva mfite imbeho, nkeka ko ari malariya kuva ijoro ryashize nta miti imfasha",kinyarwanda,URGENT,infectious_fever,kinyarwanda->kinyarwanda:URGENT:infectious_fever,"mfite umuriro kandi numva mfite imbeho, nkeka ko ari malariya","mfite umuriro kandi numva mfite imbeho, nkeka ko ari malariya"
"Nyabuneka, mfite ikibazo ku mutwe kandi kirimo guterwa n'urumuri kuva hashize iminsi itatu. Abandi bana na bo bafite iki kibazo.",kinyarwanda,URGENT,neurological,kinyarwanda->kinyarwanda:URGENT:neurological,Mfite ikibazo ku mutwe kandi kirimo guterwa n'urumuri.,Mfite ikibazo ku mutwe kandi kirimo guterwa n'urumuri.
"Mfasha, papa nta miti ya SIDA afite kuva hashize iminsi itatu",kinyarwanda,URGENT,chronic_care,kinyarwanda->kinyarwanda:URGENT:chronic_care,{REL} nta miti ya SIDA afite.,Nta miti ya SIDA mfite.
Mfite igikomere gikomeye kirimo kuva amaraso menshi nta miti imfasha. Nkora iki?,kinyarwanda,CRITICAL,haemorrhage_trauma,kinyarwanda->kinyarwanda:CRITICAL:haemorrhage_trauma,mfite igikomere gikomeye kirimo kuva amaraso menshi,mfite igikomere gikomeye kirimo kuva amaraso menshi
Guhumeka birangora cyane ku buryo ntabasha no kuvuga neza kuva hashize icyumweru nta miti imfasha. Nkora iki?,kinyarwanda,CRITICAL,cardiac_respiratory,kinyarwanda->kinyarwanda:CRITICAL:cardiac_respiratory,Guhumeka birangora cyane ku buryo ntabasha no kuvuga neza.,Guhumeka birangora cyane ku buryo ntabasha no kuvuga neza.
"Nzanye umwana wanjye, isukari yo mu maraso yanjye yazamutse cyane kuva hashize icyumweru. Ese ibi birakomeye?",kinyarwanda,URGENT,chronic_care,kinyarwanda->kinyarwanda:URGENT:chronic_care,isukari yo mu maraso yanjye yazamutse cyane,isukari yo mu maraso yanjye yazamutse cyane
Umukecuru yaraguye none arababara cyane kuva ejo biragenda bikagaruka. Naje mvuye kure.,kinyarwanda,URGENT,haemorrhage_trauma,kinyarwanda->kinyarwanda:URGENT:haemorrhage_trauma,{REL} yaraguye none arababara cyane.,naraguye none ndababara cyane
"Ndakeneye ubufasha, umutwe urandya ariko ntabwo cyane kuva mu masaha abiri ashize kandi nta miti mfite. Ntegereze cyangwa nsuzumwe ubu?",kinyarwanda,ROUTINE,neurological,kinyarwanda->kinyarwanda:ROUTINE:neurological,umutwe urandya ariko ntabwo cyane,umutwe urandya ariko ntabwo cyane
"Muraho, mfite umwanda usa umukara. Abandi bana na bo bafite iki kibazo. Nkora iki?",kinyarwanda,CRITICAL,gastrointestinal,kinyarwanda->kinyarwanda:CRITICAL:gastrointestinal,Mfite umwanda usa umukara.,Mfite umwanda usa umukara.
"Nzanye umwana wanjye, ndatwite kandi nagagaye kuva ejo kandi ndahangayitse",kinyarwanda,CRITICAL,obstetric,kinyarwanda->kinyarwanda:CRITICAL:obstetric,Ndatwite kandi nagagaye.,Ndatwite kandi nagagaye.
"Mfasha vuba, maze umunsi wose mbabara ngerageza kubyara ariko umwana ntarasohoka kuva ejo kandi sinshobora gusinzira. Ndakeneye ubufasha vuba.",kinyarwanda,CRITICAL,obstetric,kinyarwanda->kinyarwanda:CRITICAL:obstetric,Maze umunsi wose mbabara ngerageza kubyara ariko umwana ntarasohoka.,Maze umunsi wose mbabara ngerageza kubyara ariko umwana ntarasohoka.
"Mfasha, umwana wanjye amazuru ye aratemba gake kuva ijoro ryashize kandi birushaho kuba bibi. Ntabasha kubona amafaranga yo kongera kuza kwa muganga.",kinyarwanda,ROUTINE,infectious_fever,kinyarwanda->kinyarwanda:ROUTINE:infectious_fever,{REL} amazuru ye aratemba gake.,amazuru arantemba gake
"Mfasha vuba, umutima uratera cyane kandi nkumva umeze nk'aho uhagarara kuva hashize icyumweru kandi nta miti mfite. Ese ibi birakomeye?",kinyarwanda,CRITICAL,cardiac_respiratory,kinyarwanda->kinyarwanda:CRITICAL:cardiac_respiratory,umutima uratera cyane kandi nkumva umeze nk'aho uhagarara,umutima uratera cyane kandi nkumva umeze nk'aho uhagarara
Umuturanyi wanjye arakomeza kuruka kandi ntashobora kurya kuva hashize icyumweru kandi nta miti mfite. Ni imiti ki nafata?,kinyarwanda,URGENT,gastrointestinal,kinyarwanda->kinyarwanda:URGENT:gastrointestinal,{REL} arakomeza kuruka kandi ntashobora kurya.,ndakomeza kuruka kandi sinshobora kurya
"Ndakeneye ubufasha, ndashaka imiti y'inzoka y'umwana wanjye kuva ijoro ryashize. Abandi bana na bo bafite iki kibazo. Ni imiti ki nafata?",kinyarwanda,ROUTINE,preventive,kinyarwanda->kinyarwanda:ROUTINE:preventive,Ndashaka imiti y'inzoka y'umwana wanjye.,Ndashaka imiti y'inzoka y'umwana wanjye.
"Simbizi niba bikomeye ariko, umwana wanjye afite umuhaha kuva hashize icyumweru kandi nta miti mfite. Urakoze.",kinyarwanda,URGENT,paediatric,kinyarwanda->kinyarwanda:URGENT:paediatric,{REL} afite umuhaha.,Mfite umuhaha.
"Muganga, naguye, ukuguru kuragoramye ariko sinumva ko kuvunitse kuva ijoro ryashize bikarushaho nijoro. Ndakeneye ubufasha vuba.",kinyarwanda,URGENT,haemorrhage_trauma,kinyarwanda->kinyarwanda:URGENT:haemorrhage_trauma,"Naguye, ukuguru kuragoramye ariko sinumva ko kuvunitse.","Naguye, ukuguru kuragoramye ariko sinumva ko kuvunitse."
"Nyabuneka, ndashaka imiti y'inzoka y'umwana wanjye kuva mu cyumweru gishize nta miti imfasha. Nkora iki?",kinyarwanda,ROUTINE,preventive,kinyarwanda->kinyarwanda:ROUTINE:preventive,Ndashaka imiti y'inzoka y'umwana wanjye.,Ndashaka imiti y'inzoka y'umwana wanjye.
Ndashaka kukubwira ikibazo mfite. Umugabo wanjye ntashobora kuvuga neza kandi umunwa we waragoramye kuva mu masaha abiri ashize bikarushaho nijoro. Ni imiti ki nafata?,kinyarwanda,CRITICAL,neurological,kinyarwanda->kinyarwanda:CRITICAL:neurological,{REL} ntashobora kuvuga neza kandi umunwa we waragoramye.,{REL} ntashobora kuvuga neza kandi umunwa we waragoramye.
"Simbizi niba bikomeye ariko, iyo mpumeka, numva igituza gifashe kandi mpumeka nkumva hari ijwi ridasanzwe kuva hashize iminsi ibiri kandi nta miti mfite. Naje mvuye kure.",kinyarwanda,URGENT,cardiac_respiratory,kinyarwanda->kinyarwanda:URGENT:cardiac_respiratory,"Iyo mpumeka, numva igituza gifashe kandi mpumeka nkumva hari ijwi ridasanzwe.","Iyo mpumeka, numva igituza gifashe kandi mpumeka nkumva hari ijwi ridasanzwe."
Naraguye none ndababara cyane kuva mu cyumweru gishize kandi birushaho kuba bibi. Murakoze.,kinyarwanda,URGENT,haemorrhage_trauma,kinyarwanda->kinyarwanda:URGENT:haemorrhage_trauma,naraguye none ndababara cyane,naraguye none ndababara cyane
"Naje hano mbere, papa ashaka kugirwa inama ku mazi yo kunywa kuva ubu gitondo cya kare kandi nta miti mfite. Naje mvuye kure.",kinyarwanda,ROUTINE,preventive,kinyarwanda->kinyarwanda:ROUTINE:preventive,{REL} ashaka kugirwa inama ku mazi yo kunywa.,Ndashaka kugirwa inama ku mazi yo kunywa.
"Simbizi niba bikomeye ariko, umwana wanjye amazuru ye aratemba gake kuva hashize icyumweru kandi sinshobora gusinzira",kinyarwanda,ROUTINE,infectious_fever,kinyarwanda->kinyarwanda:ROUTINE:infectious_fever,{REL} amazuru ye aratemba gake.,amazuru arantemba gake
"Mfasha vuba, maze ibyumweru birenga bibiri ndwaye impiswi kuva hashize iminsi itatu biragenda bikagaruka. Urakoze.",kinyarwanda,URGENT,gastrointestinal,kinyarwanda->kinyarwanda:URGENT:gastrointestinal,Maze ibyumweru birenga bibiri ndwaye impiswi.,Maze ibyumweru birenga bibiri ndwaye impiswi.
"Muraho, ndashaka imiti y'inzoka y'umwana wanjye kuva ubu gitondo cya kare. Abandi bana na bo bafite iki kibazo. Murakoze.",kinyarwanda,ROUTINE,preventive,kinyarwanda->kinyarwanda:ROUTINE:preventive,Ndashaka imiti y'inzoka y'umwana wanjye.,Ndashaka imiti y'inzoka y'umwana wanjye.
"Muraho, papa ashaka ko bapima SIDA kuva ejo kandi nta miti mfite. Ese ibi birakomeye?",kinyarwanda,ROUTINE,preventive,kinyarwanda->kinyarwanda:ROUTINE:preventive,{REL} ashaka ko bapima SIDA.,Ndashaka ko bapima SIDA.
"Naje hano mbere, ndashaka guhabwa inzitiramubu kuva hashize iminsi ibiri. Ntabasha kubona amafaranga yo kongera kuza kwa muganga.",kinyarwanda,ROUTINE,preventive,kinyarwanda->kinyarwanda:ROUTINE:preventive,Ndashaka guhabwa inzitiramubu.,Ndashaka guhabwa inzitiramubu.
"Simbizi niba bikomeye ariko, umukecuru arakomeza kuruka kandi ntashobora kurya kuva ijoro ryashize. Abandi bana na bo bafite iki kibazo. Nkora iki?",kinyarwanda,URGENT,gastrointestinal,kinyarwanda->kinyarwanda:URGENT:gastrointestinal,{REL} arakomeza kuruka kandi ntashobora kurya.,ndakomeza kuruka kandi sinshobora kurya
"Muraho, umugabo wanjye afite gahunda yo gukingiza umwana kuva hashize icyumweru. Nkora iki?",kinyarwanda,ROUTINE,preventive,kinyarwanda->kinyarwanda:ROUTINE:preventive,{REL} afite gahunda yo gukingiza umwana.,Mfite gahunda yo gukingiza umwana.
"Nzanye umwana wanjye, umuturanyi wanjye afite umuriro kandi umutwe uramubabaza cyane kuva mu gitondo. Byatangiye gitunguranye. Nkora iki?",kinyarwanda,URGENT,infectious_fever,kinyarwanda->kinyarwanda:URGENT:infectious_fever,{REL} afite umuriro kandi umutwe uramubabaza cyane.,mfite umuriro kandi umutwe urandya cyane
"Mumbabarire, ndashaka kubabwira ikibazo mfite. Umugore wanjye afite ubushye bunini ku mubiri kuva hashize icyumweru kandi ndahangayitse. Ntegereze cyangwa nsuzumwe ubu?",kinyarwanda,CRITICAL,haemorrhage_trauma,kinyarwanda->kinyarwanda:CRITICAL:haemorrhage_trauma,{REL} afite ubushye bunini ku mubiri.,Mfite ubushye bunini ku mubiri.
Ndakorora cyane kandi guhumeka birangora kuva ijoro ryashize. Nkora iki?,kinyarwanda,URGENT,cardiac_respiratory,kinyarwanda->kinyarwanda:URGENT:cardiac_respiratory,ndakorora cyane kandi guhumeka birangora,ndakorora cyane kandi guhumeka birangora
Ndashaka kukubwira ikibazo mfite. Ndatwite kandi ndaruka ibyo ndya byose kuva ejo. Urakoze.,kinyarwanda,URGENT,obstetric,kinyarwanda->kinyarwanda:URGENT:obstetric,Ndatwite kandi ndaruka ibyo ndya byose.,Ndatwite kandi ndaruka ibyo ndya byose.
Ndashaka kukubwira ikibazo mfite. Umugore wanjye nta miti ya SIDA afite kuva ubu gitondo cya kare. Abandi bana na bo bafite iki kibazo. Ese ibi birakomeye?,kinyarwanda,URGENT,chronic_care,kinyarwanda->kinyarwanda:URGENT:chronic_care,{REL} nta miti ya SIDA afite.,Nta miti ya SIDA mfite.
"Mfasha vuba, umuturanyi wanjye aratwite kandi umutwe uramubabaza cyane, kandi ntashobora kureba neza kuva ubu gitondo cya kare. Ndakeneye ubufasha vuba.",kinyarwanda,CRITICAL,obstetric,kinyarwanda->kinyarwanda:CRITICAL:obstetric,"{REL} aratwite kandi umutwe uramubabaza cyane, kandi ntashobora kureba neza.","Ndatwite, umutwe urandya cyane kandi sinshobora kureba neza."
"Muraho, ndashaka ko bapima umuvuduko w'amaraso kuva mu gitondo kandi birushaho kuba bibi. Ntegereze cyangwa nsuzumwe ubu?",kinyarwanda,ROUTINE,preventive,kinyarwanda->kinyarwanda:ROUTINE:preventive,Ndashaka ko bapima umuvuduko w'amaraso.,Ndashaka ko bapima umuvuduko w'amaraso.
"Nyabuneka, umwana wanjye akorora gake ariko nta muriro afite kuva mu gitondo kandi birushaho kuba bibi. Naje mvuye kure.",kinyarwanda,ROUTINE,cardiac_respiratory,kinyarwanda->kinyarwanda:ROUTINE:cardiac_respiratory,{REL} akorora gake ariko nta muriro afite.,Nkorora gake ariko nta muriro mfite.
"Mumbabarire, ndashaka kubabwira ikibazo mfite. Umugore wanjye ashaka inama ku biryo byo kugaburira umwana we. Naje mvuye kure.",kinyarwanda,ROUTINE,preventive,kinyarwanda->kinyarwanda:ROUTINE:preventive,{REL} ashaka inama ku biryo byo kugaburira umwana we.,Ndashaka inama ku biryo byo kugaburira umwana wanjye.
"Naje hano mbere, papa amaze iminsi itatu arwaye impiswi zikomeye kuva hashize iminsi itatu kandi birushaho kuba bibi. Ntabasha kubona amafaranga yo kongera kuza kwa muganga.",kinyarwanda,URGENT,gastrointestinal,kinyarwanda->kinyarwanda:URGENT:gastrointestinal,{REL} amaze iminsi itatu arwaye impiswi zikomeye.,maze iminsi itatu ndwaye impiswi zikomeye
Ndashaka kukubwira ikibazo mfite. Papa ashaka guhabwa inzitiramubu kuva ijoro ryashize kandi ndahangayitse. Ni imiti ki nafata?,kinyarwanda,ROUTINE,preventive,kinyarwanda->kinyarwanda:ROUTINE:preventive,{REL} ashaka guhabwa inzitiramubu.,Ndashaka guhabwa inzitiramubu.
"Ndakeneye ubufasha, guhumeka birangora cyane ku buryo ntabasha no kuvuga neza kuva mu masaha abiri ashize kandi sinshobora gusinzira. Ntegereze cyangwa nsuzumwe ubu?",kinyarwanda,CRITICAL,cardiac_respiratory,kinyarwanda->kinyarwanda:CRITICAL:cardiac_respiratory,Guhumeka birangora cyane ku buryo ntabasha no kuvuga neza.,Guhumeka birangora cyane ku buryo ntabasha no kuvuga neza.
"Muganga, umugabo wanjye afite ibimenyetso bya malariya, umuriro n'imbeho kuva hashize iminsi ibiri kandi nta miti mfite. Nkora iki?",kinyarwanda,URGENT,infectious_fever,kinyarwanda->kinyarwanda:URGENT:infectious_fever,"{REL} afite ibimenyetso bya malariya, umuriro n'imbeho.","Mfite ibimenyetso bya malariya, umuriro n'imbeho."
"Naje hano mbere, umugabo wanjye afite umuriro kandi umutwe uramubabaza cyane nta miti imfasha. Mfasha muganga.",kinyarwanda,URGENT,infectious_fever,kinyarwanda->kinyarwanda:URGENT:infectious_fever,{REL} afite umuriro kandi umutwe uramubabaza cyane.,mfite umuriro kandi umutwe urandya cyane
"Mumbabarire, ndashaka kubabwira ikibazo mfite. Umugabo wanjye ashaka ko bapima ibiro by'umwana we kuva ejo. Byatangiye gitunguranye. Urakoze.",kinyarwanda,ROUTINE,paediatric,kinyarwanda->kinyarwanda:ROUTINE:paediatric,{REL} ashaka ko bapima ibiro by'umwana we.,Ndashaka ko bapima ibiro by'umwana wanjye.
"Mumbabarire, ndashaka kubabwira ikibazo mfite. Mama aratwite kandi araruka ibyo arya byose kuva mu cyumweru gishize kandi ndahangayitse. Ese ibi birakomeye?",kinyarwanda,URGENT,obstetric,kinyarwanda->kinyarwanda:URGENT:obstetric,{REL} aratwite kandi araruka ibyo arya byose.,Ndatwite kandi ndaruka ibyo ndya byose.
"Mfasha, ndaruka ibyo ndya byose kandi sinshobora no kunywa biragenda bikagaruka. Nkora iki?",kinyarwanda,CRITICAL,gastrointestinal,kinyarwanda->kinyarwanda:CRITICAL:gastrointestinal,Ndaruka ibyo ndya byose kandi sinshobora no kunywa.,Ndaruka ibyo ndya byose kandi sinshobora no kunywa.
"Muraho, umwana wanjye afite ikibazo cyo kutabasha guhumeka neza, kandi uruhu rwe rwahindutse ubururu kuva hashize iminsi itatu biragenda bikagaruka. Ni imiti ki nafata?",kinyarwanda,CRITICAL,paediatric,kinyarwanda->kinyarwanda:CRITICAL:paediatric,"{REL} afite ikibazo cyo kutabasha guhumeka neza, kandi uruhu rwe rwahindutse ubururu","{REL} afite ikibazo cyo kutabasha guhumeka neza, kandi uruhu rwe rwahindutse ubururu"
"Simbizi niba bikomeye ariko, mfite igikomere gito kandi amaraso yarahagaze kuva ijoro ryashize. Byatangiye gitunguranye. Ni imiti ki nafata?",kinyarwanda,ROUTINE,haemorrhage_trauma,kinyarwanda->kinyarwanda:ROUTINE:haemorrhage_trauma,Mfite igikomere gito kandi amaraso yarahagaze.,Mfite igikomere gito kandi amaraso yarahagaze.
"Mfasha, mfite umuhaha kuva mu gitondo bikarushaho nijoro. Mfasha muganga.",kinyarwanda,URGENT,paediatric,kinyarwanda->kinyarwanda:URGENT:paediatric,Mfite umuhaha.,Mfite umuhaha.
"Simbizi niba bikomeye ariko, umwana wanjye amazuru ye aratemba gake kandi birushaho kuba bibi. Ni imiti ki nafata?",kinyarwanda,ROUTINE,infectious_fever,kinyarwanda->kinyarwanda:ROUTINE:infectious_fever,{REL} amazuru ye aratemba gake.,amazuru arantemba gake
"Ndakeneye ubufasha, maze ibyumweru birenga bibiri ndwaye impiswi kuva ejo. Mfasha muganga.",kinyarwanda,URGENT,gastrointestinal,kinyarwanda->kinyarwanda:URGENT:gastrointestinal,Maze ibyumweru birenga bibiri ndwaye impiswi.,Maze ibyumweru birenga bibiri ndwaye impiswi.
"Naje hano mbere, umutwe urandya ariko ntabwo cyane kuva ubu gitondo cya kare kandi nta miti mfite. Nkora iki?",kinyarwanda,ROUTINE,neurological,kinyarwanda->kinyarwanda:ROUTINE:neurological,umutwe urandya ariko ntabwo cyane,umutwe urandya ariko ntabwo cyane
"Simbizi niba bikomeye ariko, umutwe urandya ariko ntabwo cyane kuva mu masaha abiri ashize. Byatangiye gitunguranye. Ni imiti ki nafata?",kinyarwanda,ROUTINE,neurological,kinyarwanda->kinyarwanda:ROUTINE:neurological,umutwe urandya ariko ntabwo cyane,umutwe urandya ariko ntabwo cyane
"Simbizi niba bikomeye ariko, nkorora gake ariko nta muriro mfite kuva ubu gitondo cya kare biragenda bikagaruka. Murakoze.",kinyarwanda,ROUTINE,cardiac_respiratory,kinyarwanda->kinyarwanda:ROUTINE:cardiac_respiratory,Nkorora gake ariko nta muriro mfite.,Nkorora gake ariko nta muriro mfite.
"Mfasha vuba, ndatwite kandi ndaruka ibyo ndya byose kuva mu cyumweru gishize. Ndakeneye ubufasha vuba.",kinyarwanda,URGENT,obstetric,kinyarwanda->kinyarwanda:URGENT:obstetric,Ndatwite kandi ndaruka ibyo ndya byose.,Ndatwite kandi ndaruka ibyo ndya byose.
"Muganga, papa ashaka inama ku biryo byo kugaburira umwana we kuva ubu gitondo cya kare kandi ndahangayitse. Murakoze.",kinyarwanda,ROUTINE,preventive,kinyarwanda->kinyarwanda:ROUTINE:preventive,{REL} ashaka inama ku biryo byo kugaburira umwana we.,Ndashaka inama ku biryo byo kugaburira umwana wanjye.
"Mfasha vuba, umutima uratera cyane kandi nkumva umeze nk'aho uhagarara kuva mu masaha abiri ashize nta miti imfasha. Ni imiti ki nafata?",kinyarwanda,CRITICAL,cardiac_respiratory,kinyarwanda->kinyarwanda:CRITICAL:cardiac_respiratory,umutima uratera cyane kandi nkumva umeze nk'aho uhagarara,umutima uratera cyane kandi nkumva umeze nk'aho uhagarara
"Simbizi niba bikomeye ariko, umugabo wanjye ashaka ko bapima SIDA kuva mu gitondo bikarushaho nijoro. Ntegereze cyangwa nsuzumwe ubu?",kinyarwanda,ROUTINE,preventive,kinyarwanda->kinyarwanda:ROUTINE:preventive,{REL} ashaka ko bapima SIDA.,Ndashaka ko bapima SIDA.
"Mfasha vuba, mama afite ibimenyetso bya malariya, umuriro n'imbeho kandi ndahangayitse",kinyarwanda,URGENT,infectious_fever,kinyarwanda->kinyarwanda:URGENT:infectious_fever,"{REL} afite ibimenyetso bya malariya, umuriro n'imbeho.","Mfite ibimenyetso bya malariya, umuriro n'imbeho."
"Mfasha vuba, ndashaka kujya kwa muganga kwisuzumisha diyabete kuva ubu gitondo cya kare kandi birushaho kuba bibi. Urakoze.",kinyarwanda,ROUTINE,chronic_care,kinyarwanda->kinyarwanda:ROUTINE:chronic_care,Ndashaka kujya kwa muganga kwisuzumisha diyabete.,Ndashaka kujya kwa muganga kwisuzumisha SIDA.
"Nzanye umwana wanjye, narumwe n'inzoka kuva ijoro ryashize. Abandi bana na bo bafite iki kibazo. Ntegereze cyangwa nsuzumwe ubu?",kinyarwanda,URGENT,haemorrhage_trauma,kinyarwanda->kinyarwanda:URGENT:haemorrhage_trauma,Narumwe n'inzoka.,Narumwe n'inzoka.
"Muraho, papa ashaka guhabwa inzitiramubu. Abandi bana na bo bafite iki kibazo. Ese ibi birakomeye?",kinyarwanda,ROUTINE,preventive,kinyarwanda->kinyarwanda:ROUTINE:preventive,{REL} ashaka guhabwa inzitiramubu.,Ndashaka guhabwa inzitiramubu.
"Mumbabarire, ndashaka kubabwira ikibazo mfite. Ndashaka kujya kwa muganga kwisuzumisha diyabete kuva mu gitondo kandi ndahangayitse. Murakoze.",kinyarwanda,ROUTINE,chronic_care,kinyarwanda->kinyarwanda:ROUTINE:chronic_care,Ndashaka kujya kwa muganga kwisuzumisha diyabete.,Ndashaka kujya kwa muganga kwisuzumisha SIDA.
"Simbizi niba bikomeye ariko, mfite igikomere gikomeye kirimo kuva amaraso menshi kuva ubu gitondo cya kare nta miti imfasha. Ntegereze cyangwa nsuzumwe ubu?",kinyarwanda,CRITICAL,haemorrhage_trauma,kinyarwanda->kinyarwanda:CRITICAL:haemorrhage_trauma,mfite igikomere gikomeye kirimo kuva amaraso menshi,mfite igikomere gikomeye kirimo kuva amaraso menshi
"Mfasha vuba, mushiki wanjye ari kubyara ariko umugozi w'umwana wabanje gusohoka kuva ijoro ryashize kandi nta miti mfite. Mfasha muganga.",kinyarwanda,CRITICAL,obstetric,kinyarwanda->kinyarwanda:CRITICAL:obstetric,{REL} ari kubyara ariko umugozi w'umwana wabanje gusohoka.,Ndabyara ariko habanje gusohoka umugozi w'umwana.
"Nyabuneka, umugabo wanjye nta miti ya SIDA afite kuva hashize icyumweru. Byatangiye gitunguranye. Ese ibi birakomeye?",kinyarwanda,URGENT,chronic_care,kinyarwanda->kinyarwanda:URGENT:chronic_care,{REL} nta miti ya SIDA afite.,Nta miti ya SIDA mfite.
"Mumbabarire, ndashaka kubabwira ikibazo mfite. Iyo mpumeka, numva igituza gifashe kandi mpumeka nkumva hari ijwi ridasanzwe kuva hashize iminsi ibiri. Abandi bana na bo bafite iki kibazo.",kinyarwanda,URGENT,cardiac_respiratory,kinyarwanda->kinyarwanda:URGENT:cardiac_respiratory,"Iyo mpumeka, numva igituza gifashe kandi mpumeka nkumva hari ijwi ridasanzwe.","Iyo mpumeka, numva igituza gifashe kandi mpumeka nkumva hari ijwi ridasanzwe."
"Muraho, maze ibyumweru birenga bibiri ndwaye impiswi kuva mu gitondo nta miti imfasha. Naje mvuye kure.",kinyarwanda,URGENT,gastrointestinal,kinyarwanda->kinyarwanda:URGENT:gastrointestinal,Maze ibyumweru birenga bibiri ndwaye impiswi.,Maze ibyumweru birenga bibiri ndwaye impiswi.
"Mfasha, uruhande rumwe rw'umubiri we ntirukora kuva ubu gitondo cya kare. Abandi bana na bo bafite iki kibazo. Nkora iki?",kinyarwanda,CRITICAL,neurological,kinyarwanda->kinyarwanda:CRITICAL:neurological,Uruhande rumwe rw'umubiri we ntirukora.,Uruhande rumwe rw'umubiri we ntirukora.
"Simbizi niba bikomeye ariko, mfite umwanda usa umukara kuva hashize icyumweru kandi birushaho kuba bibi. Ndakeneye ubufasha vuba.",kinyarwanda,CRITICAL,gastrointestinal,kinyarwanda->kinyarwanda:CRITICAL:gastrointestinal,Mfite umwanda usa umukara.,Mfite umwanda usa umukara.
"Simbizi niba bikomeye ariko, ndatwite kandi ndashaka kujya kwa muganga kwisuzumisha kuva hashize icyumweru kandi nta miti mfite. Nkora iki?",kinyarwanda,ROUTINE,obstetric,kinyarwanda->kinyarwanda:ROUTINE:obstetric,Ndatwite kandi ndashaka kujya kwa muganga kwisuzumisha.,Ndatwite kandi ndashaka kujya kwa muganga kwisuzumisha.
"Muraho, mushiki wanjye umutima we utera cyane kandi yumva umeze nk'aho uhagarara kuva hashize iminsi ibiri. Byatangiye gitunguranye. Mfasha muganga.",kinyarwanda,CRITICAL,cardiac_respiratory,kinyarwanda->kinyarwanda:CRITICAL:cardiac_respiratory,{REL} umutima we utera cyane kandi yumva umeze nk'aho uhagarara.,umutima uratera cyane kandi nkumva umeze nk'aho uhagarara
"Nyabuneka, ndakorora cyane kandi guhumeka birangora. Byatangiye gitunguranye. Ntabasha kubona amafaranga yo kongera kuza kwa muganga.",kinyarwanda,URGENT,cardiac_respiratory,kinyarwanda->kinyarwanda:URGENT:cardiac_respiratory,ndakorora cyane kandi guhumeka birangora,ndakorora cyane kandi guhumeka birangora
"Ndakeneye ubufasha, mfite umuriro kandi numva mfite imbeho, nkeka ko ari malariya kuva ejo. Byatangiye gitunguranye. Ntabasha kubona amafaranga yo kongera kuza kwa muganga.",kinyarwanda,URGENT,infectious_fever,kinyarwanda->kinyarwanda:URGENT:infectious_fever,"mfite umuriro kandi numva mfite imbeho, nkeka ko ari malariya","mfite umuriro kandi numva mfite imbeho, nkeka ko ari malariya"
"Simbizi niba bikomeye ariko, ndava amaraso menshi nyuma yo kubyara kuva hashize icyumweru kandi ndahangayitse. Ndakeneye ubufasha vuba.",kinyarwanda,CRITICAL,obstetric,kinyarwanda->kinyarwanda:CRITICAL:obstetric,ndava amaraso menshi nyuma yo kubyara,ndava amaraso menshi nyuma yo kubyara
"Mfasha vuba, mama afite gahunda yo gukingiza umwana. Byatangiye gitunguranye. Ndakeneye ubufasha vuba.",kinyarwanda,ROUTINE,preventive,kinyarwanda->kinyarwanda:ROUTINE:preventive,{REL} afite gahunda yo gukingiza umwana.,Mfite gahunda yo gukingiza umwana.
"Naje hano mbere, ndashaka ko bapima ibiro by'umwana wanjye kuva mu gitondo biragenda bikagaruka. Naje mvuye kure.",kinyarwanda,ROUTINE,paediatric,kinyarwanda->kinyarwanda:ROUTINE:paediatric,Ndashaka ko bapima ibiro by'umwana wanjye.,Ndashaka ko bapima ibiro by'umwana wanjye.
"Mumbabarire, ndashaka kubabwira ikibazo mfite. Mushiki wanjye aratwite kandi umutwe uramubabaza cyane, kandi ntashobora kureba neza kuva hashize icyumweru biragenda bikagaruka. Ese ibi birakomeye?",kinyarwanda,CRITICAL,obstetric,kinyarwanda->kinyarwanda:CRITICAL:obstetric,"{REL} aratwite kandi umutwe uramubabaza cyane, kandi ntashobora kureba neza.","Ndatwite, umutwe urandya cyane kandi sinshobora kureba neza."
"Muraho, umwana wanjye afite umuhaha kuva hashize iminsi ibiri. Ndakeneye ubufasha vuba.",kinyarwanda,URGENT,paediatric,kinyarwanda->kinyarwanda:URGENT:paediatric,{REL} afite umuhaha.,Mfite umuhaha.
"Mfasha, mushiki wanjye aratwite kandi araruka ibyo arya byose kuva ejo kandi nta miti mfite. Ni imiti ki nafata?",kinyarwanda,URGENT,obstetric,kinyarwanda->kinyarwanda:URGENT:obstetric,{REL} aratwite kandi araruka ibyo arya byose.,Ndatwite kandi ndaruka ibyo ndya byose.
"Mumbabarire, ndashaka kubabwira ikibazo mfite. Mfite umuhaha nta miti imfasha. Naje mvuye kure.",kinyarwanda,URGENT,paediatric,kinyarwanda->kinyarwanda:URGENT:paediatric,Mfite umuhaha.,Mfite umuhaha.
Ndashaka kukubwira ikibazo mfite. Nkorora gake ariko nta muriro mfite bikarushaho nijoro. Ese ibi birakomeye?,kinyarwanda,ROUTINE,cardiac_respiratory,kinyarwanda->kinyarwanda:ROUTINE:cardiac_respiratory,Nkorora gake ariko nta muriro mfite.,Nkorora gake ariko nta muriro mfite.
"Simbizi niba bikomeye ariko, umugore wanjye afite ibimenyetso bya malariya, umuriro n'imbeho kuva hashize iminsi itatu kandi ndahangayitse. Nkora iki?",kinyarwanda,URGENT,infectious_fever,kinyarwanda->kinyarwanda:URGENT:infectious_fever,"{REL} afite ibimenyetso bya malariya, umuriro n'imbeho.","Mfite ibimenyetso bya malariya, umuriro n'imbeho."
"Simbizi niba bikomeye ariko, ndatwite kandi ndashaka kujya kwa muganga kwisuzumisha kuva hashize icyumweru kandi ndahangayitse. Ntegereze cyangwa nsuzumwe ubu?",kinyarwanda,ROUTINE,obstetric,kinyarwanda->kinyarwanda:ROUTINE:obstetric,Ndatwite kandi ndashaka kujya kwa muganga kwisuzumisha.,Ndatwite kandi ndashaka kujya kwa muganga kwisuzumisha.
"Nyabuneka, umwana wanjye afite umuhaha kuva ijoro ryashize kandi nta miti mfite. Ntabasha kubona amafaranga yo kongera kuza kwa muganga.",kinyarwanda,URGENT,paediatric,kinyarwanda->kinyarwanda:URGENT:paediatric,{REL} afite umuhaha.,Mfite umuhaha.
"Simbizi niba bikomeye ariko, umwana wanjye umutima we utera cyane kandi yumva umeze nk'aho uhagarara kuva hashize iminsi itatu kandi nta miti mfite",kinyarwanda,CRITICAL,cardiac_respiratory,kinyarwanda->kinyarwanda:CRITICAL:cardiac_respiratory,{REL} umutima we utera cyane kandi yumva umeze nk'aho uhagarara.,umutima uratera cyane kandi nkumva umeze nk'aho uhagarara
"Ndakeneye ubufasha, umuturanyi wanjye afite ibimenyetso bya malariya, umuriro n'imbeho kuva ubu gitondo cya kare kandi nta miti mfite. Urakoze.",kinyarwanda,URGENT,infectious_fever,kinyarwanda->kinyarwanda:URGENT:infectious_fever,"{REL} afite ibimenyetso bya malariya, umuriro n'imbeho.","Mfite ibimenyetso bya malariya, umuriro n'imbeho."
"Mumbabarire, ndashaka kubabwira ikibazo mfite. Ndatwite kandi nagagaye kuva hashize iminsi ibiri nta miti imfasha. Ndakeneye ubufasha vuba.",kinyarwanda,CRITICAL,obstetric,kinyarwanda->kinyarwanda:CRITICAL:obstetric,Ndatwite kandi nagagaye.,Ndatwite kandi nagagaye.
"Mfite igikomere cyanduye, kiratukura kandi kirimo amashyira kuva hashize icyumweru kandi nta miti mfite. Naje mvuye kure.",kinyarwanda,URGENT,haemorrhage_trauma,kinyarwanda->kinyarwanda:URGENT:haemorrhage_trauma,"mfite igikomere cyanduye, kiratukura kandi kirimo amashyira","mfite igikomere cyanduye, kiratukura kandi kirimo amashyira"
"Naje hano mbere, mfite igikomere gikomeye kirimo kuva amaraso menshi kuva mu cyumweru gishize. Abandi bana na bo bafite iki kibazo. Naje mvuye kure.",kinyarwanda,CRITICAL,haemorrhage_trauma,kinyarwanda->kinyarwanda:CRITICAL:haemorrhage_trauma,mfite igikomere gikomeye kirimo kuva amaraso menshi,mfite igikomere gikomeye kirimo kuva amaraso menshi
"Muganga, iminwa yanjye yahindutse ubururu kuva ubu gitondo cya kare. Ntegereze cyangwa nsuzumwe ubu?",kinyarwanda,CRITICAL,cardiac_respiratory,kinyarwanda->kinyarwanda:CRITICAL:cardiac_respiratory,Iminwa yanjye yahindutse ubururu.,Iminwa yanjye yahindutse ubururu.
Ndashaka kukubwira ikibazo mfite. Mfite impiswi zirimo amaraso kuva hashize iminsi ibiri kandi birushaho kuba bibi,kinyarwanda,URGENT,gastrointestinal,kinyarwanda->kinyarwanda:URGENT:gastrointestinal,Mfite impiswi zirimo amaraso.,Mfite impiswi zirimo amaraso.
"Muganga, umuturanyi wanjye nta miti ya SIDA afite kuva mu masaha abiri ashize. Mfasha muganga.",kinyarwanda,URGENT,chronic_care,kinyarwanda->kinyarwanda:URGENT:chronic_care,{REL} nta miti ya SIDA afite.,Nta miti ya SIDA mfite.
"Nyabuneka, umutima uratera cyane kandi nkumva umeze nk'aho uhagarara kuva ijoro ryashize. Ni imiti ki nafata?",kinyarwanda,CRITICAL,cardiac_respiratory,kinyarwanda->kinyarwanda:CRITICAL:cardiac_respiratory,umutima uratera cyane kandi nkumva umeze nk'aho uhagarara,umutima uratera cyane kandi nkumva umeze nk'aho uhagarara
"Muraho, mama nta miti ya SIDA afite kuva mu masaha abiri ashize kandi sinshobora gusinzira. Mfasha muganga.",kinyarwanda,URGENT,chronic_care,kinyarwanda->kinyarwanda:URGENT:chronic_care,{REL} nta miti ya SIDA afite.,Nta miti ya SIDA mfite.
"Mfasha vuba, umugore wanjye ari kubyara ariko umugozi w'umwana wabanje gusohoka kuva mu masaha abiri ashize kandi sinshobora gusinzira. Mfasha muganga.",kinyarwanda,CRITICAL,obstetric,kinyarwanda->kinyarwanda:CRITICAL:obstetric,{REL} ari kubyara ariko umugozi w'umwana wabanje gusohoka.,Ndabyara ariko habanje gusohoka umugozi w'umwana.
"Simbizi niba bikomeye ariko, mfite umuriro kandi numva mfite imbeho, nkeka ko ari malariya kuva ejo kandi nta miti mfite. Ndakeneye ubufasha vuba.",kinyarwanda,URGENT,infectious_fever,kinyarwanda->kinyarwanda:URGENT:infectious_fever,"mfite umuriro kandi numva mfite imbeho, nkeka ko ari malariya","mfite umuriro kandi numva mfite imbeho, nkeka ko ari malariya"
Ndashaka kukubwira ikibazo mfite. Umuturanyi wanjye aratwite kandi ashaka kwisuzumisha kwa muganga bwa mbere kuva mu gitondo kandi nta miti mfite,kinyarwanda,ROUTINE,preventive,kinyarwanda->kinyarwanda:ROUTINE:preventive,{REL} aratwite kandi ashaka kwisuzumisha kwa muganga bwa mbere.,Ndatwite kandi ndashaka kwisuzumisha kwa muganga bwa mbere.
"Ndakeneye ubufasha, umugabo wanjye arakomeza kuruka kandi ntashobora kurya kuva mu cyumweru gishize kandi ndahangayitse. Nkora iki?",kinyarwanda,URGENT,gastrointestinal,kinyarwanda->kinyarwanda:URGENT:gastrointestinal,{REL} arakomeza kuruka kandi ntashobora kurya.,ndakomeza kuruka kandi sinshobora kurya
"Muraho, umwana wanjye afite umuriro woroheje umaze umunsi umwe, ariko nta kindi kibazo afite kuva mu gitondo. Abandi bana na bo bafite iki kibazo. Ndakeneye ubufasha vuba.",kinyarwanda,ROUTINE,infectious_fever,kinyarwanda->kinyarwanda:ROUTINE:infectious_fever,"{REL} afite umuriro woroheje umaze umunsi umwe, ariko nta kindi kibazo afite.","mfite umuriro woroheje umaze umunsi umwe, ariko nta kindi kibazo mfite"
Mfite gahunda yo gukingiza umwana kuva ejo. Abandi bana na bo bafite iki kibazo. Ntegereze cyangwa nsuzumwe ubu?,kinyarwanda,ROUTINE,preventive,kinyarwanda->kinyarwanda:ROUTINE:preventive,Mfite gahunda yo gukingiza umwana.,Mfite gahunda yo gukingiza umwana.
"Mfasha vuba, mu rugo hari umuntu urwaye igituntu kandi mama ashaka kwisuzumisha kuva hashize iminsi itatu kandi birushaho kuba bibi. Ni imiti ki nafata?",kinyarwanda,URGENT,preventive,kinyarwanda->kinyarwanda:URGENT:preventive,Mu rugo hari umuntu urwaye igituntu kandi {REL} ashaka kwisuzumisha.,Mu rugo hari umuntu urwaye igituntu kandi ndashaka kwisuzumisha.
"Muraho, uruhande rumwe rw'umubiri we ntirukora kuva hashize icyumweru kandi sinshobora gusinzira. Ntabasha kubona amafaranga yo kongera kuza kwa muganga.",kinyarwanda,CRITICAL,neurological,kinyarwanda->kinyarwanda:CRITICAL:neurological,Uruhande rumwe rw'umubiri we ntirukora.,Uruhande rumwe rw'umubiri we ntirukora.
"Muraho, mu gituza harandya cyane kandi ububabare bukagera no ku kuboko kuva ubu gitondo cya kare bikarushaho nijoro. Naje mvuye kure.",kinyarwanda,CRITICAL,cardiac_respiratory,kinyarwanda->kinyarwanda:CRITICAL:cardiac_respiratory,mu gituza harandya cyane kandi ububabare bukagera no ku kuboko,mu gituza harandya cyane kandi ububabare bukagera no ku kuboko
"Muraho, uruhande rumwe rw'umubiri we ntirukora kuva hashize icyumweru. Byatangiye gitunguranye.",kinyarwanda,CRITICAL,neurological,kinyarwanda->kinyarwanda:CRITICAL:neurological,Uruhande rumwe rw'umubiri we ntirukora.,Uruhande rumwe rw'umubiri we ntirukora.
"Nzanye umwana wanjye, ndashaka kujya kwa muganga kwisuzumisha diyabete kuva ijoro ryashize kandi birushaho kuba bibi. Urakoze.",kinyarwanda,ROUTINE,chronic_care,kinyarwanda->kinyarwanda:ROUTINE:chronic_care,Ndashaka kujya kwa muganga kwisuzumisha diyabete.,Ndashaka kujya kwa muganga kwisuzumisha SIDA.
Papa arakomeza kuruka kandi ntashobora kurya kuva mu masaha abiri ashize bikarushaho nijoro. Urakoze.,kinyarwanda,URGENT,gastrointestinal,kinyarwanda->kinyarwanda:URGENT:gastrointestinal,{REL} arakomeza kuruka kandi ntashobora kurya.,ndakomeza kuruka kandi sinshobora kurya
"Nzanye umwana wanjye, mama aratwite kandi yaragagaye bikarushaho nijoro. Ntabasha kubona amafaranga yo kongera kuza kwa muganga.",kinyarwanda,CRITICAL,obstetric,kinyarwanda->kinyarwanda:CRITICAL:obstetric,{REL} aratwite kandi yaragagaye.,Ndatwite kandi nagagaye.
"Nzanye umwana wanjye, papa ashaka kugirwa inama ku mazi yo kunywa kuva hashize iminsi ibiri. Naje mvuye kure.",kinyarwanda,ROUTINE,preventive,kinyarwanda->kinyarwanda:ROUTINE:preventive,{REL} ashaka kugirwa inama ku mazi yo kunywa.,Ndashaka kugirwa inama ku mazi yo kunywa.
"Simbizi niba bikomeye ariko, mfite igikomere gito kandi amaraso yarahagaze nta miti imfasha. Ni imiti ki nafata?",kinyarwanda,ROUTINE,haemorrhage_trauma,kinyarwanda->kinyarwanda:ROUTINE:haemorrhage_trauma,Mfite igikomere gito kandi amaraso yarahagaze.,Mfite igikomere gito kandi amaraso yarahagaze.
"Nzanye umwana wanjye, umwana wanjye ashaka ko bapima SIDA kuva ijoro ryashize kandi nta miti mfite. Ndakeneye ubufasha vuba.",kinyarwanda,ROUTINE,preventive,kinyarwanda->kinyarwanda:ROUTINE:preventive,{REL} ashaka ko bapima SIDA.,Ndashaka ko bapima SIDA.
"Nyabuneka, umugore wanjye araruka cyane kandi yumva afite intege nke. Ese ibi birakomeye?",kinyarwanda,URGENT,gastrointestinal,kinyarwanda->kinyarwanda:URGENT:gastrointestinal,{REL} araruka cyane kandi yumva afite intege nke.,ndaruka cyane kandi numva mfite intege nke
"Nzanye umwana wanjye, umwana wanjye afite umuhaha kuva mu masaha abiri ashize bikarushaho nijoro. Mfasha muganga.",kinyarwanda,URGENT,paediatric,kinyarwanda->kinyarwanda:URGENT:paediatric,{REL} afite umuhaha.,Mfite umuhaha.
"Simbizi niba bikomeye ariko, papa afite gahunda yo gukingiza umwana kuva ubu gitondo cya kare. Byatangiye gitunguranye. Urakoze.",kinyarwanda,ROUTINE,preventive,kinyarwanda->kinyarwanda:ROUTINE:preventive,{REL} afite gahunda yo gukingiza umwana.,Mfite gahunda yo gukingiza umwana.
"Muraho, amazuru arantemba gake kuva hashize icyumweru. Byatangiye gitunguranye. Nkora iki?",kinyarwanda,ROUTINE,infectious_fever,kinyarwanda->kinyarwanda:ROUTINE:infectious_fever,amazuru arantemba gake,amazuru arantemba gake
"Naje hano mbere, mfite umuriro kandi numva mfite imbeho, nkeka ko ari malariya kuva mu gitondo kandi birushaho kuba bibi. Murakoze.",kinyarwanda,URGENT,infectious_fever,kinyarwanda->kinyarwanda:URGENT:infectious_fever,"mfite umuriro kandi numva mfite imbeho, nkeka ko ari malariya","mfite umuriro kandi numva mfite imbeho, nkeka ko ari malariya"
"Muganga, umugore wanjye ashaka kugirwa inama ku mazi yo kunywa kuva hashize iminsi ibiri. Byatangiye gitunguranye. Ndakeneye ubufasha vuba.",kinyarwanda,ROUTINE,preventive,kinyarwanda->kinyarwanda:ROUTINE:preventive,{REL} ashaka kugirwa inama ku mazi yo kunywa.,Ndashaka kugirwa inama ku mazi yo kunywa.
"Nzanye umwana wanjye, umwana wanjye afite ikibazo cyo kutabasha guhumeka neza, kandi uruhu rwe rwahindutse ubururu kuva ubu gitondo cya kare biragenda bikagaruka. Ese ibi birakomeye?",kinyarwanda,CRITICAL,paediatric,kinyarwanda->kinyarwanda:CRITICAL:paediatric,"{REL} afite ikibazo cyo kutabasha guhumeka neza, kandi uruhu rwe rwahindutse ubururu","{REL} afite ikibazo cyo kutabasha guhumeka neza, kandi uruhu rwe rwahindutse ubururu"
"Nzanye umwana wanjye, mfite impiswi zirimo amaraso kuva mu gitondo. Ntabasha kubona amafaranga yo kongera kuza kwa muganga.",kinyarwanda,URGENT,gastrointestinal,kinyarwanda->kinyarwanda:URGENT:gastrointestinal,Mfite impiswi zirimo amaraso.,Mfite impiswi zirimo amaraso.
"Mfasha, mfite umuhaha biragenda bikagaruka",kinyarwanda,URGENT,paediatric,kinyarwanda->kinyarwanda:URGENT:paediatric,Mfite umuhaha.,Mfite umuhaha.
"Nzanye umwana wanjye, umwana wanjye amazuru ye aratemba gake kuva mu masaha abiri ashize biragenda bikagaruka",kinyarwanda,ROUTINE,infectious_fever,kinyarwanda->kinyarwanda:ROUTINE:infectious_fever,{REL} amazuru ye aratemba gake.,amazuru arantemba gake
"Mfasha vuba, umuturanyi wanjye ashaka inama ku biryo byo kugaburira umwana we kuva ijoro ryashize kandi nta miti mfite",kinyarwanda,ROUTINE,preventive,kinyarwanda->kinyarwanda:ROUTINE:preventive,{REL} ashaka inama ku biryo byo kugaburira umwana we.,Ndashaka inama ku biryo byo kugaburira umwana wanjye.
Umugabo wanjye ntashobora kuvuga neza kandi umunwa we waragoramye kuva hashize iminsi itatu. Byatangiye gitunguranye. Ndakeneye ubufasha vuba.,kinyarwanda,CRITICAL,neurological,kinyarwanda->kinyarwanda:CRITICAL:neurological,{REL} ntashobora kuvuga neza kandi umunwa we waragoramye.,{REL} ntashobora kuvuga neza kandi umunwa we waragoramye.
"Mumbabarire, ndashaka kubabwira ikibazo mfite. Ndabyara ariko habanje gusohoka umugozi w'umwana kuva mu gitondo kandi ndahangayitse. Naje mvuye kure.",kinyarwanda,CRITICAL,obstetric,kinyarwanda->kinyarwanda:CRITICAL:obstetric,Ndabyara ariko habanje gusohoka umugozi w'umwana.,Ndabyara ariko habanje gusohoka umugozi w'umwana.
"Mumbabarire, ndashaka kubabwira ikibazo mfite. Naraguye none ndababara cyane kuva ijoro ryashize. Byatangiye gitunguranye. Ntegereze cyangwa nsuzumwe ubu?",kinyarwanda,URGENT,haemorrhage_trauma,kinyarwanda->kinyarwanda:URGENT:haemorrhage_trauma,naraguye none ndababara cyane,naraguye none ndababara cyane
"Mfasha vuba, umwana wanjye akorora gake ariko nta muriro afite kuva mu gitondo kandi birushaho kuba bibi. Mfasha muganga.",kinyarwanda,ROUTINE,cardiac_respiratory,kinyarwanda->kinyarwanda:ROUTINE:cardiac_respiratory,{REL} akorora gake ariko nta muriro afite.,Nkorora gake ariko nta muriro mfite.
"Mfasha, naguye, ukuguru kuragoramye ariko sinumva ko kuvunitse kuva mu gitondo kandi nta miti mfite. Mfasha muganga.",kinyarwanda,URGENT,haemorrhage_trauma,kinyarwanda->kinyarwanda:URGENT:haemorrhage_trauma,"Naguye, ukuguru kuragoramye ariko sinumva ko kuvunitse.","Naguye, ukuguru kuragoramye ariko sinumva ko kuvunitse."
"Simbizi niba bikomeye ariko, ndatwite kandi ndashaka kujya kwa muganga kwisuzumisha kuva mu cyumweru gishize. Ntabasha kubona amafaranga yo kongera kuza kwa muganga.",kinyarwanda,ROUTINE,obstetric,kinyarwanda->kinyarwanda:ROUTINE:obstetric,Ndatwite kandi ndashaka kujya kwa muganga kwisuzumisha.,Ndatwite kandi ndashaka kujya kwa muganga kwisuzumisha.
"Muraho, ndatwite kandi ndashaka kujya kwa muganga kwisuzumisha kuva mu cyumweru gishize. Murakoze.",kinyarwanda,ROUTINE,obstetric,kinyarwanda->kinyarwanda:ROUTINE:obstetric,Ndatwite kandi ndashaka kujya kwa muganga kwisuzumisha.,Ndatwite kandi ndashaka kujya kwa muganga kwisuzumisha.
"Mfasha, naguye, ukuguru kuragoramye ariko sinumva ko kuvunitse kuva hashize iminsi itatu. Urakoze.",kinyarwanda,URGENT,haemorrhage_trauma,kinyarwanda->kinyarwanda:URGENT:haemorrhage_trauma,"Naguye, ukuguru kuragoramye ariko sinumva ko kuvunitse.","Naguye, ukuguru kuragoramye ariko sinumva ko kuvunitse."
"Muganga, umugore wanjye afite ibimenyetso bya malariya, umuriro n'imbeho kuva mu cyumweru gishize kandi birushaho kuba bibi. Nkora iki?",kinyarwanda,URGENT,infectious_fever,kinyarwanda->kinyarwanda:URGENT:infectious_fever,"{REL} afite ibimenyetso bya malariya, umuriro n'imbeho.","Mfite ibimenyetso bya malariya, umuriro n'imbeho."
"Muganga, ndatwite kandi ndashaka kujya kwa muganga kwisuzumisha kuva mu masaha abiri ashize nta miti imfasha. Ndakeneye ubufasha vuba.",kinyarwanda,ROUTINE,obstetric,kinyarwanda->kinyarwanda:ROUTINE:obstetric,Ndatwite kandi ndashaka kujya kwa muganga kwisuzumisha.,Ndatwite kandi ndashaka kujya kwa muganga kwisuzumisha.
Ndashaka kukubwira ikibazo mfite. Mushiki wanjye arakomeza kuruka kandi ntashobora kurya kuva ubu gitondo cya kare bikarushaho nijoro. Ntegereze cyangwa nsuzumwe ubu?,kinyarwanda,URGENT,gastrointestinal,kinyarwanda->kinyarwanda:URGENT:gastrointestinal,{REL} arakomeza kuruka kandi ntashobora kurya.,ndakomeza kuruka kandi sinshobora kurya
"Muganga, isukari yo mu maraso yanjye yazamutse cyane bikarushaho nijoro. Ni imiti ki nafata?",kinyarwanda,URGENT,chronic_care,kinyarwanda->kinyarwanda:URGENT:chronic_care,isukari yo mu maraso yanjye yazamutse cyane,isukari yo mu maraso yanjye yazamutse cyane
"Simbizi niba bikomeye ariko, ndashaka inama ku biryo byo kugaburira umwana wanjye kuva mu gitondo. Byatangiye gitunguranye. Ni imiti ki nafata?",kinyarwanda,ROUTINE,preventive,kinyarwanda->kinyarwanda:ROUTINE:preventive,Ndashaka inama ku biryo byo kugaburira umwana wanjye.,Ndashaka inama ku biryo byo kugaburira umwana wanjye.
Ndashaka kukubwira ikibazo mfite. Uruhande rumwe rw'umubiri we ntirukora. Abandi bana na bo bafite iki kibazo. Ntabasha kubona amafaranga yo kongera kuza kwa muganga.,kinyarwanda,CRITICAL,neurological,kinyarwanda->kinyarwanda:CRITICAL:neurological,Uruhande rumwe rw'umubiri we ntirukora.,Uruhande rumwe rw'umubiri we ntirukora.
"Simbizi niba bikomeye ariko, ndashaka inama ku biryo byo kugaburira umwana wanjye kuva ubu gitondo cya kare. Nkora iki?",kinyarwanda,ROUTINE,preventive,kinyarwanda->kinyarwanda:ROUTINE:preventive,Ndashaka inama ku biryo byo kugaburira umwana wanjye.,Ndashaka inama ku biryo byo kugaburira umwana wanjye.
Ndashaka kukubwira ikibazo mfite. Mushiki wanjye yaraguye none arababara cyane kuva ijoro ryashize biragenda bikagaruka. Ntegereze cyangwa nsuzumwe ubu?,kinyarwanda,URGENT,haemorrhage_trauma,kinyarwanda->kinyarwanda:URGENT:haemorrhage_trauma,{REL} yaraguye none arababara cyane.,naraguye none ndababara cyane
"Nzanye umwana wanjye, ndakomeza kuruka kandi sinshobora kurya kuva mu masaha abiri ashize kandi sinshobora gusinzira. Ni imiti ki nafata?",kinyarwanda,URGENT,gastrointestinal,kinyarwanda->kinyarwanda:URGENT:gastrointestinal,ndakomeza kuruka kandi sinshobora kurya,ndakomeza kuruka kandi sinshobora kurya
"Mumbabarire, ndashaka kubabwira ikibazo mfite. Mfite ikibazo ku mutwe kandi kirimo guterwa n'urumuri kuva mu gitondo kandi sinshobora gusinzira. Ndakeneye ubufasha vuba.",kinyarwanda,URGENT,neurological,kinyarwanda->kinyarwanda:URGENT:neurological,Mfite ikibazo ku mutwe kandi kirimo guterwa n'urumuri.,Mfite ikibazo ku mutwe kandi kirimo guterwa n'urumuri.
"Naje hano mbere, umugabo wanjye isukari yo mu maraso ye yazamutse cyane kuva ijoro ryashize bikarushaho nijoro. Ndakeneye ubufasha vuba.",kinyarwanda,URGENT,chronic_care,kinyarwanda->kinyarwanda:URGENT:chronic_care,{REL} isukari yo mu maraso ye yazamutse cyane.,isukari yo mu maraso yanjye yazamutse cyane
"Nyabuneka, guhumeka birangora cyane ku buryo ntabasha no kuvuga neza kuva mu cyumweru gishize",kinyarwanda,CRITICAL,cardiac_respiratory,kinyarwanda->kinyarwanda:CRITICAL:cardiac_respiratory,Guhumeka birangora cyane ku buryo ntabasha no kuvuga neza.,Guhumeka birangora cyane ku buryo ntabasha no kuvuga neza.
"Mfasha, mushiki wanjye amaze umunsi wose ari mu bubabare bwo kubyara ariko umwana ntarasohoka kuva mu masaha abiri ashize kandi nta miti mfite. Ntabasha kubona amafaranga yo kongera kuza kwa muganga.",kinyarwanda,CRITICAL,obstetric,kinyarwanda->kinyarwanda:CRITICAL:obstetric,{REL} amaze umunsi wose ari mu bubabare bwo kubyara ariko umwana ntarasohoka.,Maze umunsi wose mbabara ngerageza kubyara ariko umwana ntarasohoka.
Mushiki wanjye afite ubushye bunini ku mubiri kuva hashize icyumweru bikarushaho nijoro. Ntabasha kubona amafaranga yo kongera kuza kwa muganga.,kinyarwanda,CRITICAL,haemorrhage_trauma,kinyarwanda->kinyarwanda:CRITICAL:haemorrhage_trauma,{REL} afite ubushye bunini ku mubiri.,Mfite ubushye bunini ku mubiri.
"Muganga, umwana wanjye akorora gake ariko nta muriro afite kuva mu cyumweru gishize. Byatangiye gitunguranye. Ntabasha kubona amafaranga yo kongera kuza kwa muganga.",kinyarwanda,ROUTINE,cardiac_respiratory,kinyarwanda->kinyarwanda:ROUTINE:cardiac_respiratory,{REL} akorora gake ariko nta muriro afite.,Nkorora gake ariko nta muriro mfite.
"Mumbabarire, ndashaka kubabwira ikibazo mfite. Maze umunsi wose mbabara ngerageza kubyara ariko umwana ntarasohoka kuva ubu gitondo cya kare. Byatangiye gitunguranye. Ntegereze cyangwa nsuzumwe ubu?",kinyarwanda,CRITICAL,obstetric,kinyarwanda->kinyarwanda:CRITICAL:obstetric,Maze umunsi wose mbabara ngerageza kubyara ariko umwana ntarasohoka.,Maze umunsi wose mbabara ngerageza kubyara ariko umwana ntarasohoka.
"Mfasha vuba, amazuru arantemba gake kuva ijoro ryashize bikarushaho nijoro. Ndakeneye ubufasha vuba.",kinyarwanda,ROUTINE,infectious_fever,kinyarwanda->kinyarwanda:ROUTINE:infectious_fever,amazuru arantemba gake,amazuru arantemba gake
"Mumbabarire, ndashaka kubabwira ikibazo mfite. Iyo umwana wanjye amaze kurya, yumva inda itameze neza bikarushaho nijoro. Ese ibi birakomeye?",kinyarwanda,ROUTINE,gastrointestinal,kinyarwanda->kinyarwanda:ROUTINE:gastrointestinal,"Iyo {REL} amaze kurya, yumva inda itameze neza.","Iyo {REL} amaze kurya, yumva inda itameze neza."
"Mfasha vuba, umwana wanjye iminwa ye yahindutse ubururu kuva hashize iminsi itatu nta miti imfasha. Ntegereze cyangwa nsuzumwe ubu?",kinyarwanda,CRITICAL,cardiac_respiratory,kinyarwanda->kinyarwanda:CRITICAL:cardiac_respiratory,{REL} iminwa ye yahindutse ubururu.,Iminwa yanjye yahindutse ubururu.
"Mumbabarire, ndashaka kubabwira ikibazo mfite. Maze ibyumweru birenga bibiri ndwaye impiswi kuva hashize iminsi itatu kandi sinshobora gusinzira. Ese ibi birakomeye?",kinyarwanda,URGENT,gastrointestinal,kinyarwanda->kinyarwanda:URGENT:gastrointestinal,Maze ibyumweru birenga bibiri ndwaye impiswi.,Maze ibyumweru birenga bibiri ndwaye impiswi.
"Mfite ibimenyetso bya malariya, umuriro n'imbeho kuva ubu gitondo cya kare. Ese ibi birakomeye?",kinyarwanda,URGENT,infectious_fever,kinyarwanda->kinyarwanda:URGENT:infectious_fever,"Mfite ibimenyetso bya malariya, umuriro n'imbeho.","Mfite ibimenyetso bya malariya, umuriro n'imbeho."
"Naje hano mbere, ndabyara ariko habanje gusohoka umugozi w'umwana kuva hashize iminsi itatu. Byatangiye gitunguranye. Naje mvuye kure.",kinyarwanda,CRITICAL,obstetric,kinyarwanda->kinyarwanda:CRITICAL:obstetric,Ndabyara ariko habanje gusohoka umugozi w'umwana.,Ndabyara ariko habanje gusohoka umugozi w'umwana.
"Ndashaka kukubwira ikibazo mfite. Umukecuru afite ibimenyetso bya malariya, umuriro n'imbeho kuva hashize icyumweru. Abandi bana na bo bafite iki kibazo.",kinyarwanda,URGENT,infectious_fever,kinyarwanda->kinyarwanda:URGENT:infectious_fever,"{REL} afite ibimenyetso bya malariya, umuriro n'imbeho.","Mfite ibimenyetso bya malariya, umuriro n'imbeho."
"Muganga, umwana wanjye akorora gake ariko nta muriro afite kuva hashize iminsi itatu. Byatangiye gitunguranye. Ndakeneye ubufasha vuba.",kinyarwanda,ROUTINE,cardiac_respiratory,kinyarwanda->kinyarwanda:ROUTINE:cardiac_respiratory,{REL} akorora gake ariko nta muriro afite.,Nkorora gake ariko nta muriro mfite.
"Nyabuneka, mfite impiswi zirimo amaraso kuva mu cyumweru gishize kandi birushaho kuba bibi. Ese ibi birakomeye?",kinyarwanda,URGENT,gastrointestinal,kinyarwanda->kinyarwanda:URGENT:gastrointestinal,Mfite impiswi zirimo amaraso.,Mfite impiswi zirimo amaraso.
"Muraho, mfite umuhaha kuva ubu gitondo cya kare bikarushaho nijoro. Urakoze.",kinyarwanda,URGENT,paediatric,kinyarwanda->kinyarwanda:URGENT:paediatric,Mfite umuhaha.,Mfite umuhaha.
"Naje hano mbere, mama aratwite kandi araruka ibyo arya byose kuva hashize iminsi itatu kandi nta miti mfite. Nkora iki?",kinyarwanda,URGENT,obstetric,kinyarwanda->kinyarwanda:URGENT:obstetric,{REL} aratwite kandi araruka ibyo arya byose.,Ndatwite kandi ndaruka ibyo ndya byose.
Umuturanyi wanjye yaraguye none arababara cyane kuva ubu gitondo cya kare. Abandi bana na bo bafite iki kibazo. Ese ibi birakomeye?,kinyarwanda,URGENT,haemorrhage_trauma,kinyarwanda->kinyarwanda:URGENT:haemorrhage_trauma,{REL} yaraguye none arababara cyane.,naraguye none ndababara cyane
Iminwa yanjye yahindutse ubururu kuva ijoro ryashize kandi birushaho kuba bibi. Mfasha muganga.,kinyarwanda,CRITICAL,cardiac_respiratory,kinyarwanda->kinyarwanda:CRITICAL:cardiac_respiratory,Iminwa yanjye yahindutse ubururu.,Iminwa yanjye yahindutse ubururu.
"Umugore wanjye aratwite kandi umutwe uramubabaza cyane, kandi ntashobora kureba neza kuva mu gitondo bikarushaho nijoro. Ndakeneye ubufasha vuba.",kinyarwanda,CRITICAL,obstetric,kinyarwanda->kinyarwanda:CRITICAL:obstetric,"{REL} aratwite kandi umutwe uramubabaza cyane, kandi ntashobora kureba neza.","Ndatwite, umutwe urandya cyane kandi sinshobora kureba neza."
"Nzanye umwana wanjye, mfite gahunda yo gukingiza umwana nta miti imfasha. Ndakeneye ubufasha vuba.",kinyarwanda,ROUTINE,preventive,kinyarwanda->kinyarwanda:ROUTINE:preventive,Mfite gahunda yo gukingiza umwana.,Mfite gahunda yo gukingiza umwana.
"Ndakeneye ubufasha, umwana wanjye afite umuhaha kuva mu gitondo kandi sinshobora gusinzira. Mfasha muganga.",kinyarwanda,URGENT,paediatric,kinyarwanda->kinyarwanda:URGENT:paediatric,{REL} afite umuhaha.,Mfite umuhaha.
"Mumbabarire, ndashaka kubabwira ikibazo mfite. Mu rugo hari umuntu urwaye igituntu kandi mama ashaka kwisuzumisha kuva mu cyumweru gishize nta miti imfasha. Murakoze.",kinyarwanda,URGENT,preventive,kinyarwanda->kinyarwanda:URGENT:preventive,Mu rugo hari umuntu urwaye igituntu kandi {REL} ashaka kwisuzumisha.,Mu rugo hari umuntu urwaye igituntu kandi ndashaka kwisuzumisha.
"Nzanye umwana wanjye, ndaruka ibyo ndya byose kandi sinshobora no kunywa kuva hashize iminsi itatu kandi birushaho kuba bibi. Mfasha muganga.",kinyarwanda,CRITICAL,gastrointestinal,kinyarwanda->kinyarwanda:CRITICAL:gastrointestinal,Ndaruka ibyo ndya byose kandi sinshobora no kunywa.,Ndaruka ibyo ndya byose kandi sinshobora no kunywa.
Nkorora gake ariko nta muriro mfite kuva hashize icyumweru kandi nta miti mfite,kinyarwanda,ROUTINE,cardiac_respiratory,kinyarwanda->kinyarwanda:ROUTINE:cardiac_respiratory,Nkorora gake ariko nta muriro mfite.,Nkorora gake ariko nta muriro mfite.
"Muganga, amazuru arantemba gake kuva ijoro ryashize kandi sinshobora gusinzira. Ese ibi birakomeye?",kinyarwanda,ROUTINE,infectious_fever,kinyarwanda->kinyarwanda:ROUTINE:infectious_fever,amazuru arantemba gake,amazuru arantemba gake
"Simbizi niba bikomeye ariko, papa afite igikomere cyanduye, kiratukura kandi kirimo amashyira kuva ubu gitondo cya kare. Abandi bana na bo bafite iki kibazo. Ntabasha kubona amafaranga yo kongera kuza kwa muganga.",kinyarwanda,URGENT,haemorrhage_trauma,kinyarwanda->kinyarwanda:URGENT:haemorrhage_trauma,"{REL} afite igikomere cyanduye, kiratukura kandi kirimo amashyira.","mfite igikomere cyanduye, kiratukura kandi kirimo amashyira"
"Mumbabarire, ndashaka kubabwira ikibazo mfite. Ndashaka guhabwa inzitiramubu kuva hashize icyumweru. Abandi bana na bo bafite iki kibazo. Urakoze.",kinyarwanda,ROUTINE,preventive,kinyarwanda->kinyarwanda:ROUTINE:preventive,Ndashaka guhabwa inzitiramubu.,Ndashaka guhabwa inzitiramubu.
Ndashaka kukubwira ikibazo mfite. Maze ibyumweru birenga bibiri ndwaye impiswi kandi sinshobora gusinzira. Ntabasha kubona amafaranga yo kongera kuza kwa muganga.,kinyarwanda,URGENT,gastrointestinal,kinyarwanda->kinyarwanda:URGENT:gastrointestinal,Maze ibyumweru birenga bibiri ndwaye impiswi.,Maze ibyumweru birenga bibiri ndwaye impiswi.
"Muganga, mu gituza harandya cyane kandi ububabare bukagera no ku kuboko kuva mu gitondo nta miti imfasha. Mfasha muganga.",kinyarwanda,CRITICAL,cardiac_respiratory,kinyarwanda->kinyarwanda:CRITICAL:cardiac_respiratory,mu gituza harandya cyane kandi ububabare bukagera no ku kuboko,mu gituza harandya cyane kandi ububabare bukagera no ku kuboko
"Muraho, papa yaraguye none arababara cyane kuva hashize iminsi itatu. Abandi bana na bo bafite iki kibazo. Murakoze.",kinyarwanda,URGENT,haemorrhage_trauma,kinyarwanda->kinyarwanda:URGENT:haemorrhage_trauma,{REL} yaraguye none arababara cyane.,naraguye none ndababara cyane
"Naje hano mbere, umwana wanjye afite igikomere cyanduye, kiratukura kandi kirimo amashyira kuva hashize iminsi ibiri. Ese ibi birakomeye?",kinyarwanda,URGENT,haemorrhage_trauma,kinyarwanda->kinyarwanda:URGENT:haemorrhage_trauma,"{REL} afite igikomere cyanduye, kiratukura kandi kirimo amashyira.","mfite igikomere cyanduye, kiratukura kandi kirimo amashyira"
"Mfasha, umugore wanjye ashaka kugirwa inama ku mazi yo kunywa kuva hashize iminsi itatu. Nkora iki?",kinyarwanda,ROUTINE,preventive,kinyarwanda->kinyarwanda:ROUTINE:preventive,{REL} ashaka kugirwa inama ku mazi yo kunywa.,Ndashaka kugirwa inama ku mazi yo kunywa.
"Mfasha, umukecuru ashaka ko bapima ibiro by'umwana we kuva mu masaha abiri ashize kandi ndahangayitse. Mfasha muganga.",kinyarwanda,ROUTINE,paediatric,kinyarwanda->kinyarwanda:ROUTINE:paediatric,{REL} ashaka ko bapima ibiro by'umwana we.,Ndashaka ko bapima ibiro by'umwana wanjye.
"Mumbabarire, ndashaka kubabwira ikibazo mfite. Mfite umuriro woroheje umaze umunsi umwe, ariko nta kindi kibazo mfite kuva mu cyumweru gishize. Abandi bana na bo bafite iki kibazo. Ni imiti ki nafata?",kinyarwanda,ROUTINE,infectious_fever,kinyarwanda->kinyarwanda:ROUTINE:infectious_fever,"mfite umuriro woroheje umaze umunsi umwe, ariko nta kindi kibazo mfite","mfite umuriro woroheje umaze umunsi umwe, ariko nta kindi kibazo mfite"
"Mumbabarire, ndashaka kubabwira ikibazo mfite. Iyo mpumeka, numva igituza gifashe kandi mpumeka nkumva hari ijwi ridasanzwe kuva ijoro ryashize kandi nta miti mfite. Mfasha muganga.",kinyarwanda,URGENT,cardiac_respiratory,kinyarwanda->kinyarwanda:URGENT:cardiac_respiratory,"Iyo mpumeka, numva igituza gifashe kandi mpumeka nkumva hari ijwi ridasanzwe.","Iyo mpumeka, numva igituza gifashe kandi mpumeka nkumva hari ijwi ridasanzwe."
"Nyabuneka, umwana wanjye afite umuriro woroheje umaze umunsi umwe, ariko nta kindi kibazo afite kuva ejo bikarushaho nijoro. Ndakeneye ubufasha vuba.",kinyarwanda,ROUTINE,infectious_fever,kinyarwanda->kinyarwanda:ROUTINE:infectious_fever,"{REL} afite umuriro woroheje umaze umunsi umwe, ariko nta kindi kibazo afite.","mfite umuriro woroheje umaze umunsi umwe, ariko nta kindi kibazo mfite"
"Nzanye umwana wanjye, umuturanyi wanjye isukari yo mu maraso ye yazamutse cyane kuva mu gitondo kandi sinshobora gusinzira. Ndakeneye ubufasha vuba.",kinyarwanda,URGENT,chronic_care,kinyarwanda->kinyarwanda:URGENT:chronic_care,{REL} isukari yo mu maraso ye yazamutse cyane.,isukari yo mu maraso yanjye yazamutse cyane
"Simbizi niba bikomeye ariko, ndashaka kugirwa inama uko nakonsa umwana kuva ejo. Nkora iki?",kinyarwanda,ROUTINE,obstetric,kinyarwanda->kinyarwanda:ROUTINE:obstetric,Ndashaka kugirwa inama uko nakonsa umwana.,Ndashaka kugirwa inama uko nakonsa umwana.
"Muraho, papa ntashobora kuvuga neza kandi umunwa we waragoramye kuva hashize iminsi ibiri. Byatangiye gitunguranye.",kinyarwanda,CRITICAL,neurological,kinyarwanda->kinyarwanda:CRITICAL:neurological,{REL} ntashobora kuvuga neza kandi umunwa we waragoramye.,{REL} ntashobora kuvuga neza kandi umunwa we waragoramye.
"Mumbabarire, ndashaka kubabwira ikibazo mfite. Isukari yo mu maraso yanjye yazamutse cyane kuva ejo. Ni imiti ki nafata?",kinyarwanda,URGENT,chronic_care,kinyarwanda->kinyarwanda:URGENT:chronic_care,isukari yo mu maraso yanjye yazamutse cyane,isukari yo mu maraso yanjye yazamutse cyane
"Mfasha, umwana wanjye amazuru ye aratemba gake. Byatangiye gitunguranye. Ndakeneye ubufasha vuba.",kinyarwanda,ROUTINE,infectious_fever,kinyarwanda->kinyarwanda:ROUTINE:infectious_fever,{REL} amazuru ye aratemba gake.,amazuru arantemba gake
"Nyabuneka, nkorora gake ariko nta muriro mfite kuva hashize icyumweru. Byatangiye gitunguranye.",kinyarwanda,ROUTINE,cardiac_respiratory,kinyarwanda->kinyarwanda:ROUTINE:cardiac_respiratory,Nkorora gake ariko nta muriro mfite.,Nkorora gake ariko nta muriro mfite.
Ndashaka kukubwira ikibazo mfite. Mushiki wanjye aratwite kandi araruka ibyo arya byose kuva hashize iminsi ibiri. Byatangiye gitunguranye. Murakoze.,kinyarwanda,URGENT,obstetric,kinyarwanda->kinyarwanda:URGENT:obstetric,{REL} aratwite kandi araruka ibyo arya byose.,Ndatwite kandi ndaruka ibyo ndya byose.
"Ndakeneye ubufasha, umugabo wanjye amaze iminsi itatu arwaye impiswi zikomeye kuva ijoro ryashize kandi birushaho kuba bibi. Ndakeneye ubufasha vuba.",kinyarwanda,URGENT,gastrointestinal,kinyarwanda->kinyarwanda:URGENT:gastrointestinal,{REL} amaze iminsi itatu arwaye impiswi zikomeye.,maze iminsi itatu ndwaye impiswi zikomeye
"Nzanye umwana wanjye, mu gituza harandya cyane kandi ububabare bukagera no ku kuboko bikarushaho nijoro. Nkora iki?",kinyarwanda,CRITICAL,cardiac_respiratory,kinyarwanda->kinyarwanda:CRITICAL:cardiac_respiratory,mu gituza harandya cyane kandi ububabare bukagera no ku kuboko,mu gituza harandya cyane kandi ububabare bukagera no ku kuboko
"Muganga, mfite igikomere cyanduye, kiratukura kandi kirimo amashyira kuva mu gitondo kandi nta miti mfite. Ntegereze cyangwa nsuzumwe ubu?",kinyarwanda,URGENT,haemorrhage_trauma,kinyarwanda->kinyarwanda:URGENT:haemorrhage_trauma,"mfite igikomere cyanduye, kiratukura kandi kirimo amashyira","mfite igikomere cyanduye, kiratukura kandi kirimo amashyira"
"Ndakeneye ubufasha, mfite umuriro mwinshi kandi nagagaye kuva ejo kandi nta miti mfite. Nkora iki?",kinyarwanda,CRITICAL,infectious_fever,kinyarwanda->kinyarwanda:CRITICAL:infectious_fever,Mfite umuriro mwinshi kandi nagagaye.,Mfite umuriro mwinshi kandi nagagaye.
"Nzanye umwana wanjye, nkorora gake ariko nta muriro mfite kuva ubu gitondo cya kare. Abandi bana na bo bafite iki kibazo. Mfasha muganga.",kinyarwanda,ROUTINE,cardiac_respiratory,kinyarwanda->kinyarwanda:ROUTINE:cardiac_respiratory,Nkorora gake ariko nta muriro mfite.,Nkorora gake ariko nta muriro mfite.
"Naje hano mbere, ndashaka guhabwa inzitiramubu kuva hashize icyumweru bikarushaho nijoro. Ndakeneye ubufasha vuba.",kinyarwanda,ROUTINE,preventive,kinyarwanda->kinyarwanda:ROUTINE:preventive,Ndashaka guhabwa inzitiramubu.,Ndashaka guhabwa inzitiramubu.
"Mfasha vuba, ndashaka inama ku biryo byo kugaburira umwana wanjye kuva mu gitondo biragenda bikagaruka. Ndakeneye ubufasha vuba.",kinyarwanda,ROUTINE,preventive,kinyarwanda->kinyarwanda:ROUTINE:preventive,Ndashaka inama ku biryo byo kugaburira umwana wanjye.,Ndashaka inama ku biryo byo kugaburira umwana wanjye.
"Ndakeneye ubufasha, ndava amaraso menshi nyuma yo kubyara kuva ijoro ryashize kandi sinshobora gusinzira. Ni imiti ki nafata?",kinyarwanda,CRITICAL,obstetric,kinyarwanda->kinyarwanda:CRITICAL:obstetric,ndava amaraso menshi nyuma yo kubyara,ndava amaraso menshi nyuma yo kubyara
"Nzanye umwana wanjye, ndashaka imiti y'inzoka y'umwana wanjye kuva ubu gitondo cya kare biragenda bikagaruka. Naje mvuye kure.",kinyarwanda,ROUTINE,preventive,kinyarwanda->kinyarwanda:ROUTINE:preventive,Ndashaka imiti y'inzoka y'umwana wanjye.,Ndashaka imiti y'inzoka y'umwana wanjye.
"Mfasha, ndashaka imiti y'inzoka y'umwana wanjye kuva mu masaha abiri ashize bikarushaho nijoro",kinyarwanda,ROUTINE,preventive,kinyarwanda->kinyarwanda:ROUTINE:preventive,Ndashaka imiti y'inzoka y'umwana wanjye.,Ndashaka imiti y'inzoka y'umwana wanjye.
"Mfasha vuba, ndaruka ibyo ndya byose kandi sinshobora no kunywa kuva mu cyumweru gishize nta miti imfasha. Ni imiti ki nafata?",kinyarwanda,CRITICAL,gastrointestinal,kinyarwanda->kinyarwanda:CRITICAL:gastrointestinal,Ndaruka ibyo ndya byose kandi sinshobora no kunywa.,Ndaruka ibyo ndya byose kandi sinshobora no kunywa.
"Simbizi niba bikomeye ariko, maze ibyumweru birenga bibiri ndwaye impiswi kuva ijoro ryashize kandi nta miti mfite. Ntabasha kubona amafaranga yo kongera kuza kwa muganga.",kinyarwanda,URGENT,gastrointestinal,kinyarwanda->kinyarwanda:URGENT:gastrointestinal,Maze ibyumweru birenga bibiri ndwaye impiswi.,Maze ibyumweru birenga bibiri ndwaye impiswi.
"Naje hano mbere, isukari yo mu maraso yanjye yazamutse cyane kuva hashize iminsi ibiri. Mfasha muganga.",kinyarwanda,URGENT,chronic_care,kinyarwanda->kinyarwanda:URGENT:chronic_care,isukari yo mu maraso yanjye yazamutse cyane,isukari yo mu maraso yanjye yazamutse cyane
Ndashaka kukubwira ikibazo mfite. Isukari yo mu maraso yanjye yazamutse cyane kuva mu masaha abiri ashize nta miti imfasha. Nkora iki?,kinyarwanda,URGENT,chronic_care,kinyarwanda->kinyarwanda:URGENT:chronic_care,isukari yo mu maraso yanjye yazamutse cyane,isukari yo mu maraso yanjye yazamutse cyane
"Muganga, ndakorora cyane kandi guhumeka birangora kuva hashize iminsi ibiri biragenda bikagaruka. Mfasha muganga.",kinyarwanda,URGENT,cardiac_respiratory,kinyarwanda->kinyarwanda:URGENT:cardiac_respiratory,ndakorora cyane kandi guhumeka birangora,ndakorora cyane kandi guhumeka birangora
"Simbizi niba bikomeye ariko, ndatwite kandi ndaruka ibyo ndya byose kuva hashize iminsi itatu kandi birushaho kuba bibi. Ndakeneye ubufasha vuba.",kinyarwanda,URGENT,obstetric,kinyarwanda->kinyarwanda:URGENT:obstetric,Ndatwite kandi ndaruka ibyo ndya byose.,Ndatwite kandi ndaruka ibyo ndya byose.
"Muraho, mama aratwite kandi umutwe uramubabaza cyane, kandi ntashobora kureba neza kuva hashize iminsi ibiri. Abandi bana na bo bafite iki kibazo. Ntegereze cyangwa nsuzumwe ubu?",kinyarwanda,CRITICAL,obstetric,kinyarwanda->kinyarwanda:CRITICAL:obstetric,"{REL} aratwite kandi umutwe uramubabaza cyane, kandi ntashobora kureba neza.","Ndatwite, umutwe urandya cyane kandi sinshobora kureba neza."
"Naje hano mbere, ndashaka guhabwa inzitiramubu kuva ubu gitondo cya kare kandi birushaho kuba bibi. Ni imiti ki nafata?",kinyarwanda,ROUTINE,preventive,kinyarwanda->kinyarwanda:ROUTINE:preventive,Ndashaka guhabwa inzitiramubu.,Ndashaka guhabwa inzitiramubu.
"Nzanye umwana wanjye, nkorora gake ariko nta muriro mfite kuva mu masaha abiri ashize kandi ndahangayitse. Mfasha muganga.",kinyarwanda,ROUTINE,cardiac_respiratory,kinyarwanda->kinyarwanda:ROUTINE:cardiac_respiratory,Nkorora gake ariko nta muriro mfite.,Nkorora gake ariko nta muriro mfite.
"Nyabuneka, mfite ibimenyetso bya malariya, umuriro n'imbeho kuva ejo kandi sinshobora gusinzira. Ese ibi birakomeye?",kinyarwanda,URGENT,infectious_fever,kinyarwanda->kinyarwanda:URGENT:infectious_fever,"Mfite ibimenyetso bya malariya, umuriro n'imbeho.","Mfite ibimenyetso bya malariya, umuriro n'imbeho."
"Naje hano mbere, ndaruka ibyo ndya byose kandi sinshobora no kunywa kuva mu cyumweru gishize kandi sinshobora gusinzira. Mfasha muganga.",kinyarwanda,CRITICAL,gastrointestinal,kinyarwanda->kinyarwanda:CRITICAL:gastrointestinal,Ndaruka ibyo ndya byose kandi sinshobora no kunywa.,Ndaruka ibyo ndya byose kandi sinshobora no kunywa.
"Muganga, papa afite umuriro mwinshi kandi arakorora cyane kuva mu gitondo kandi sinshobora gusinzira. Naje mvuye kure.",kinyarwanda,URGENT,infectious_fever,kinyarwanda->kinyarwanda:URGENT:infectious_fever,{REL} afite umuriro mwinshi kandi arakorora cyane.,mfite umuriro mwinshi kandi ndakorora cyane
"Naje hano mbere, umugabo wanjye umutima we utera cyane kandi yumva umeze nk'aho uhagarara kuva hashize iminsi ibiri. Abandi bana na bo bafite iki kibazo. Ni imiti ki nafata?",kinyarwanda,CRITICAL,cardiac_respiratory,kinyarwanda->kinyarwanda:CRITICAL:cardiac_respiratory,{REL} umutima we utera cyane kandi yumva umeze nk'aho uhagarara.,umutima uratera cyane kandi nkumva umeze nk'aho uhagarara
"Ndakeneye ubufasha, umwana wanjye afite ikibazo cyo kutabasha guhumeka neza, kandi uruhu rwe rwahindutse ubururu kuva mu gitondo. Mfasha muganga.",kinyarwanda,CRITICAL,paediatric,kinyarwanda->kinyarwanda:CRITICAL:paediatric,"{REL} afite ikibazo cyo kutabasha guhumeka neza, kandi uruhu rwe rwahindutse ubururu","{REL} afite ikibazo cyo kutabasha guhumeka neza, kandi uruhu rwe rwahindutse ubururu"
"Nzanye umwana wanjye, mushiki wanjye amaze iminsi itatu arwaye impiswi zikomeye kuva mu masaha abiri ashize kandi sinshobora gusinzira. Ntabasha kubona amafaranga yo kongera kuza kwa muganga.",kinyarwanda,URGENT,gastrointestinal,kinyarwanda->kinyarwanda:URGENT:gastrointestinal,{REL} amaze iminsi itatu arwaye impiswi zikomeye.,maze iminsi itatu ndwaye impiswi zikomeye
"Nzanye umwana wanjye, mfite igisebe ku kirenge kidakira kandi mfite diyabete kuva hashize iminsi ibiri kandi sinshobora gusinzira. Urakoze.",kinyarwanda,URGENT,chronic_care,kinyarwanda->kinyarwanda:URGENT:chronic_care,Mfite igisebe ku kirenge kidakira kandi mfite diyabete.,Mfite igisebe ku kirenge kidakira kandi mfite diyabete.
"Mumbabarire, ndashaka kubabwira ikibazo mfite. Ndashaka kujya kwa muganga kwisuzumisha diyabete kuva hashize icyumweru. Abandi bana na bo bafite iki kibazo. Murakoze.",kinyarwanda,ROUTINE,chronic_care,kinyarwanda->kinyarwanda:ROUTINE:chronic_care,Ndashaka kujya kwa muganga kwisuzumisha diyabete.,Ndashaka kujya kwa muganga kwisuzumisha SIDA.
"Mfasha vuba, ndatwite kandi nagagaye kuva ejo. Ndakeneye ubufasha vuba.",kinyarwanda,CRITICAL,obstetric,kinyarwanda->kinyarwanda:CRITICAL:obstetric,Ndatwite kandi nagagaye.,Ndatwite kandi nagagaye.
"Nyabuneka, umugabo wanjye afite ubushye bunini ku mubiri kuva mu cyumweru gishize",kinyarwanda,CRITICAL,haemorrhage_trauma,kinyarwanda->kinyarwanda:CRITICAL:haemorrhage_trauma,{REL} afite ubushye bunini ku mubiri.,Mfite ubushye bunini ku mubiri.
"Mfasha, mfite umuriro kandi numva mfite imbeho, nkeka ko ari malariya kuva ijoro ryashize bikarushaho nijoro. Urakoze.",kinyarwanda,URGENT,infectious_fever,kinyarwanda->kinyarwanda:URGENT:infectious_fever,"mfite umuriro kandi numva mfite imbeho, nkeka ko ari malariya","mfite umuriro kandi numva mfite imbeho, nkeka ko ari malariya"
Mama ashaka guhabwa inzitiramubu kuva mu gitondo biragenda bikagaruka. Ese ibi birakomeye?,kinyarwanda,ROUTINE,preventive,kinyarwanda->kinyarwanda:ROUTINE:preventive,{REL} ashaka guhabwa inzitiramubu.,Ndashaka guhabwa inzitiramubu.
"Nzanye umwana wanjye, umugore wanjye afite gahunda yo gukingiza umwana kuva ubu gitondo cya kare",kinyarwanda,ROUTINE,preventive,kinyarwanda->kinyarwanda:ROUTINE:preventive,{REL} afite gahunda yo gukingiza umwana.,Mfite gahunda yo gukingiza umwana.
"Nzanye umwana wanjye, ndakorora cyane kandi guhumeka birangora kuva mu cyumweru gishize nta miti imfasha. Murakoze.",kinyarwanda,URGENT,cardiac_respiratory,kinyarwanda->kinyarwanda:URGENT:cardiac_respiratory,ndakorora cyane kandi guhumeka birangora,ndakorora cyane kandi guhumeka birangora
"Ndakeneye ubufasha, ndashaka ko bapima ibiro by'umwana wanjye kuva mu masaha abiri ashize kandi ndahangayitse. Ni imiti ki nafata?",kinyarwanda,ROUTINE,paediatric,kinyarwanda->kinyarwanda:ROUTINE:paediatric,Ndashaka ko bapima ibiro by'umwana wanjye.,Ndashaka ko bapima ibiro by'umwana wanjye.
"Nyabuneka, umwana wanjye amazuru ye aratemba gake kuva hashize iminsi ibiri. Byatangiye gitunguranye. Mfasha muganga.",kinyarwanda,ROUTINE,infectious_fever,kinyarwanda->kinyarwanda:ROUTINE:infectious_fever,{REL} amazuru ye aratemba gake.,amazuru arantemba gake
"Nyabuneka, umwana wanjye afite umuhaha kuva hashize iminsi ibiri biragenda bikagaruka. Ndakeneye ubufasha vuba.",kinyarwanda,URGENT,paediatric,kinyarwanda->kinyarwanda:URGENT:paediatric,{REL} afite umuhaha.,Mfite umuhaha.
"Simbizi niba bikomeye ariko, umwana wanjye akorora gake ariko nta muriro afite kandi birushaho kuba bibi",kinyarwanda,ROUTINE,cardiac_respiratory,kinyarwanda->kinyarwanda:ROUTINE:cardiac_respiratory,{REL} akorora gake ariko nta muriro afite.,Nkorora gake ariko nta muriro mfite.
"Nzanye umwana wanjye, ndashaka imiti y'inzoka y'umwana wanjye kuva mu gitondo nta miti imfasha. Ndakeneye ubufasha vuba.",kinyarwanda,ROUTINE,preventive,kinyarwanda->kinyarwanda:ROUTINE:preventive,Ndashaka imiti y'inzoka y'umwana wanjye.,Ndashaka imiti y'inzoka y'umwana wanjye.
"Mfasha vuba, mama afite ibimenyetso bya malariya, umuriro n'imbeho bikarushaho nijoro. Nkora iki?",kinyarwanda,URGENT,infectious_fever,kinyarwanda->kinyarwanda:URGENT:infectious_fever,"{REL} afite ibimenyetso bya malariya, umuriro n'imbeho.","Mfite ibimenyetso bya malariya, umuriro n'imbeho."
"Nzanye umwana wanjye, mu rugo hari umuntu urwaye igituntu kandi umuturanyi wanjye ashaka kwisuzumisha kuva hashize iminsi ibiri kandi birushaho kuba bibi",kinyarwanda,URGENT,preventive,kinyarwanda->kinyarwanda:URGENT:preventive,Mu rugo hari umuntu urwaye igituntu kandi {REL} ashaka kwisuzumisha.,Mu rugo hari umuntu urwaye igituntu kandi ndashaka kwisuzumisha.
"Ndakeneye ubufasha, mu gituza harandya cyane kandi ububabare bukagera no ku kuboko kuva hashize iminsi ibiri kandi birushaho kuba bibi. Naje mvuye kure.",kinyarwanda,CRITICAL,cardiac_respiratory,kinyarwanda->kinyarwanda:CRITICAL:cardiac_respiratory,mu gituza harandya cyane kandi ububabare bukagera no ku kuboko,mu gituza harandya cyane kandi ububabare bukagera no ku kuboko
"Mfite igikomere cyanduye, kiratukura kandi kirimo amashyira kuva ijoro ryashize. Abandi bana na bo bafite iki kibazo. Ni imiti ki nafata?",kinyarwanda,URGENT,haemorrhage_trauma,kinyarwanda->kinyarwanda:URGENT:haemorrhage_trauma,"mfite igikomere cyanduye, kiratukura kandi kirimo amashyira","mfite igikomere cyanduye, kiratukura kandi kirimo amashyira"
"Nzanye umwana wanjye, mfite igisebe ku kirenge kidakira kandi mfite diyabete kuva ejo kandi nta miti mfite. Nkora iki?",kinyarwanda,URGENT,chronic_care,kinyarwanda->kinyarwanda:URGENT:chronic_care,Mfite igisebe ku kirenge kidakira kandi mfite diyabete.,Mfite igisebe ku kirenge kidakira kandi mfite diyabete.
"Naje hano mbere, umukecuru afite umuriro mwinshi kandi arakorora cyane kuva hashize iminsi itatu kandi ndahangayitse. Ntabasha kubona amafaranga yo kongera kuza kwa muganga.",kinyarwanda,URGENT,infectious_fever,kinyarwanda->kinyarwanda:URGENT:infectious_fever,{REL} afite umuriro mwinshi kandi arakorora cyane.,mfite umuriro mwinshi kandi ndakorora cyane
"Naje hano mbere, umugore wanjye aratwite kandi araruka ibyo arya byose kuva hashize iminsi ibiri. Abandi bana na bo bafite iki kibazo. Urakoze.",kinyarwanda,URGENT,obstetric,kinyarwanda->kinyarwanda:URGENT:obstetric,{REL} aratwite kandi araruka ibyo arya byose.,Ndatwite kandi ndaruka ibyo ndya byose.
"Muganga, umuturanyi wanjye afite ibimenyetso bya malariya, umuriro n'imbeho. Abandi bana na bo bafite iki kibazo. Mfasha muganga.",kinyarwanda,URGENT,infectious_fever,kinyarwanda->kinyarwanda:URGENT:infectious_fever,"{REL} afite ibimenyetso bya malariya, umuriro n'imbeho.","Mfite ibimenyetso bya malariya, umuriro n'imbeho."
Ndashaka kukubwira ikibazo mfite. Mama aratwite kandi yaragagaye kuva mu gitondo biragenda bikagaruka. Ndakeneye ubufasha vuba.,kinyarwanda,CRITICAL,obstetric,kinyarwanda->kinyarwanda:CRITICAL:obstetric,{REL} aratwite kandi yaragagaye.,Ndatwite kandi nagagaye.
"Muraho, umugabo wanjye arakomeza kuruka kandi ntashobora kurya kuva hashize icyumweru kandi sinshobora gusinzira. Nkora iki?",kinyarwanda,URGENT,gastrointestinal,kinyarwanda->kinyarwanda:URGENT:gastrointestinal,{REL} arakomeza kuruka kandi ntashobora kurya.,ndakomeza kuruka kandi sinshobora kurya
"Mfasha vuba, nta miti y'igituntu mfite kuva hashize iminsi ibiri. Ntabasha kubona amafaranga yo kongera kuza kwa muganga.",kinyarwanda,URGENT,chronic_care,kinyarwanda->kinyarwanda:URGENT:chronic_care,Nta miti y'igituntu mfite.,Nta miti y'igituntu mfite.
"Naje hano mbere, umutwe urandya ariko ntabwo cyane kuva ijoro ryashize biragenda bikagaruka. Ntabasha kubona amafaranga yo kongera kuza kwa muganga.",kinyarwanda,ROUTINE,neurological,kinyarwanda->kinyarwanda:ROUTINE:neurological,umutwe urandya ariko ntabwo cyane,umutwe urandya ariko ntabwo cyane
"Simbizi niba bikomeye ariko, ndatwite kandi ndashaka kujya kwa muganga kwisuzumisha kuva hashize icyumweru kandi birushaho kuba bibi",kinyarwanda,ROUTINE,obstetric,kinyarwanda->kinyarwanda:ROUTINE:obstetric,Ndatwite kandi ndashaka kujya kwa muganga kwisuzumisha.,Ndatwite kandi ndashaka kujya kwa muganga kwisuzumisha.
"Simbizi niba bikomeye ariko, isukari yo mu maraso yanjye yazamutse cyane kuva hashize iminsi ibiri nta miti imfasha",kinyarwanda,URGENT,chronic_care,kinyarwanda->kinyarwanda:URGENT:chronic_care,isukari yo mu maraso yanjye yazamutse cyane,isukari yo mu maraso yanjye yazamutse cyane
Mfite umuhaha kuva mu masaha abiri ashize. Ni imiti ki nafata?,kinyarwanda,URGENT,paediatric,kinyarwanda->kinyarwanda:URGENT:paediatric,Mfite umuhaha.,Mfite umuhaha.
"Muraho, mama isukari yo mu maraso ye yazamutse cyane kuva hashize iminsi ibiri kandi ndahangayitse. Ndakeneye ubufasha vuba.",kinyarwanda,URGENT,chronic_care,kinyarwanda->kinyarwanda:URGENT:chronic_care,{REL} isukari yo mu maraso ye yazamutse cyane.,isukari yo mu maraso yanjye yazamutse cyane
"Mumbabarire, ndashaka kubabwira ikibazo mfite. Mfite igikomere gikomeye kirimo kuva amaraso menshi kuva mu cyumweru gishize kandi ndahangayitse. Mfasha muganga.",kinyarwanda,CRITICAL,haemorrhage_trauma,kinyarwanda->kinyarwanda:CRITICAL:haemorrhage_trauma,mfite igikomere gikomeye kirimo kuva amaraso menshi,mfite igikomere gikomeye kirimo kuva amaraso menshi
"Simbizi niba bikomeye ariko, naguye, ukuguru kuragoramye ariko sinumva ko kuvunitse kuva mu cyumweru gishize. Byatangiye gitunguranye. Nkora iki?",kinyarwanda,URGENT,haemorrhage_trauma,kinyarwanda->kinyarwanda:URGENT:haemorrhage_trauma,"Naguye, ukuguru kuragoramye ariko sinumva ko kuvunitse.","Naguye, ukuguru kuragoramye ariko sinumva ko kuvunitse."
"Mumbabarire, ndashaka kubabwira ikibazo mfite. Mfite umwanda usa umukara kuva hashize iminsi itatu kandi sinshobora gusinzira. Ntabasha kubona amafaranga yo kongera kuza kwa muganga.",kinyarwanda,CRITICAL,gastrointestinal,kinyarwanda->kinyarwanda:CRITICAL:gastrointestinal,Mfite umwanda usa umukara.,Mfite umwanda usa umukara.
"Muraho, maze umunsi wose mbabara ngerageza kubyara ariko umwana ntarasohoka kuva mu gitondo. Abandi bana na bo bafite iki kibazo. Ntegereze cyangwa nsuzumwe ubu?",kinyarwanda,CRITICAL,obstetric,kinyarwanda->kinyarwanda:CRITICAL:obstetric,Maze umunsi wose mbabara ngerageza kubyara ariko umwana ntarasohoka.,Maze umunsi wose mbabara ngerageza kubyara ariko umwana ntarasohoka.
"Nyabuneka, ndakomeza kuruka kandi sinshobora kurya kuva hashize iminsi ibiri nta miti imfasha. Ndakeneye ubufasha vuba.",kinyarwanda,URGENT,gastrointestinal,kinyarwanda->kinyarwanda:URGENT:gastrointestinal,ndakomeza kuruka kandi sinshobora kurya,ndakomeza kuruka kandi sinshobora kurya
"Simbizi niba bikomeye ariko, mama araruka amaraso. Byatangiye gitunguranye. Ntegereze cyangwa nsuzumwe ubu?",kinyarwanda,CRITICAL,gastrointestinal,kinyarwanda->kinyarwanda:CRITICAL:gastrointestinal,{REL} araruka amaraso.,Ndaruka amaraso.
"Naje hano mbere, ndakomeza kuruka kandi sinshobora kurya kuva hashize icyumweru. Byatangiye gitunguranye. Ntegereze cyangwa nsuzumwe ubu?",kinyarwanda,URGENT,gastrointestinal,kinyarwanda->kinyarwanda:URGENT:gastrointestinal,ndakomeza kuruka kandi sinshobora kurya,ndakomeza kuruka kandi sinshobora kurya
"Mumbabarire, ndashaka kubabwira ikibazo mfite. Nkorora gake ariko nta muriro mfite kuva mu gitondo. Byatangiye gitunguranye. Ndakeneye ubufasha vuba.",kinyarwanda,ROUTINE,cardiac_respiratory,kinyarwanda->kinyarwanda:ROUTINE:cardiac_respiratory,Nkorora gake ariko nta muriro mfite.,Nkorora gake ariko nta muriro mfite.
"Nzanye umwana wanjye, umutwe urandya ariko ntabwo cyane kuva ijoro ryashize kandi birushaho kuba bibi. Naje mvuye kure.",kinyarwanda,ROUTINE,neurological,kinyarwanda->kinyarwanda:ROUTINE:neurological,umutwe urandya ariko ntabwo cyane,umutwe urandya ariko ntabwo cyane
Mama ntashobora kuvuga neza kandi umunwa we waragoramye kuva mu masaha abiri ashize. Byatangiye gitunguranye. Mfasha muganga.,kinyarwanda,CRITICAL,neurological,kinyarwanda->kinyarwanda:CRITICAL:neurological,{REL} ntashobora kuvuga neza kandi umunwa we waragoramye.,{REL} ntashobora kuvuga neza kandi umunwa we waragoramye.
"Muganga, papa ashaka ko bapima ibiro by'umwana we nta miti imfasha. Mfasha muganga.",kinyarwanda,ROUTINE,paediatric,kinyarwanda->kinyarwanda:ROUTINE:paediatric,{REL} ashaka ko bapima ibiro by'umwana we.,Ndashaka ko bapima ibiro by'umwana wanjye.
"Nzanye umwana wanjye, papa araruka amaraso kuva mu cyumweru gishize bikarushaho nijoro. Nkora iki?",kinyarwanda,CRITICAL,gastrointestinal,kinyarwanda->kinyarwanda:CRITICAL:gastrointestinal,{REL} araruka amaraso.,Ndaruka amaraso.
"Mfasha, mu rugo hari umuntu urwaye igituntu kandi umugore wanjye ashaka kwisuzumisha kuva hashize iminsi itatu kandi birushaho kuba bibi. Ni imiti ki nafata?",kinyarwanda,URGENT,preventive,kinyarwanda->kinyarwanda:URGENT:preventive,Mu rugo hari umuntu urwaye igituntu kandi {REL} ashaka kwisuzumisha.,Mu rugo hari umuntu urwaye igituntu kandi ndashaka kwisuzumisha.
"Ndashaka kukubwira ikibazo mfite. Mfite igikomere cyanduye, kiratukura kandi kirimo amashyira kuva mu gitondo nta miti imfasha. Ntabasha kubona amafaranga yo kongera kuza kwa muganga.",kinyarwanda,URGENT,haemorrhage_trauma,kinyarwanda->kinyarwanda:URGENT:haemorrhage_trauma,"mfite igikomere cyanduye, kiratukura kandi kirimo amashyira","mfite igikomere cyanduye, kiratukura kandi kirimo amashyira"
"Naje hano mbere, mfite umuriro mwinshi kandi nagagaye kuva mu masaha abiri ashize. Abandi bana na bo bafite iki kibazo. Ni imiti ki nafata?",kinyarwanda,CRITICAL,infectious_fever,kinyarwanda->kinyarwanda:CRITICAL:infectious_fever,Mfite umuriro mwinshi kandi nagagaye.,Mfite umuriro mwinshi kandi nagagaye.
"Muraho, mu gituza harandya cyane kandi ububabare bukagera no ku kuboko kuva ijoro ryashize. Ntabasha kubona amafaranga yo kongera kuza kwa muganga.",kinyarwanda,CRITICAL,cardiac_respiratory,kinyarwanda->kinyarwanda:CRITICAL:cardiac_respiratory,mu gituza harandya cyane kandi ububabare bukagera no ku kuboko,mu gituza harandya cyane kandi ububabare bukagera no ku kuboko
"Simbizi niba bikomeye ariko, naraguye none ndababara cyane kuva hashize iminsi itatu. Byatangiye gitunguranye. Ntabasha kubona amafaranga yo kongera kuza kwa muganga.",kinyarwanda,URGENT,haemorrhage_trauma,kinyarwanda->kinyarwanda:URGENT:haemorrhage_trauma,naraguye none ndababara cyane,naraguye none ndababara cyane
"Nzanye umwana wanjye, mfite igikomere gikomeye kirimo kuva amaraso menshi kuva mu cyumweru gishize kandi birushaho kuba bibi. Ndakeneye ubufasha vuba.",kinyarwanda,CRITICAL,haemorrhage_trauma,kinyarwanda->kinyarwanda:CRITICAL:haemorrhage_trauma,mfite igikomere gikomeye kirimo kuva amaraso menshi,mfite igikomere gikomeye kirimo kuva amaraso menshi
Umugabo wanjye ashaka kugirwa inama ku mazi yo kunywa kuva hashize iminsi ibiri,kinyarwanda,ROUTINE,preventive,kinyarwanda->kinyarwanda:ROUTINE:preventive,{REL} ashaka kugirwa inama ku mazi yo kunywa.,Ndashaka kugirwa inama ku mazi yo kunywa.
"Mumbabarire, ndashaka kubabwira ikibazo mfite. Mu gituza harandya cyane kandi ububabare bukagera no ku kuboko kuva ejo biragenda bikagaruka. Ntabasha kubona amafaranga yo kongera kuza kwa muganga.",kinyarwanda,CRITICAL,cardiac_respiratory,kinyarwanda->kinyarwanda:CRITICAL:cardiac_respiratory,mu gituza harandya cyane kandi ububabare bukagera no ku kuboko,mu gituza harandya cyane kandi ububabare bukagera no ku kuboko
"Muganga, umwana wanjye afite umuhaha kuva mu masaha abiri ashize. Byatangiye gitunguranye. Ndakeneye ubufasha vuba.",kinyarwanda,URGENT,paediatric,kinyarwanda->kinyarwanda:URGENT:paediatric,{REL} afite umuhaha.,Mfite umuhaha.
"Mfasha, guhumeka birangora cyane ku buryo ntabasha no kuvuga neza kuva ubu gitondo cya kare kandi sinshobora gusinzira. Ni imiti ki nafata?",kinyarwanda,CRITICAL,cardiac_respiratory,kinyarwanda->kinyarwanda:CRITICAL:cardiac_respiratory,Guhumeka birangora cyane ku buryo ntabasha no kuvuga neza.,Guhumeka birangora cyane ku buryo ntabasha no kuvuga neza.
Ndashaka kukubwira ikibazo mfite. Nta miti y'igituntu mfite biragenda bikagaruka. Mfasha muganga.,kinyarwanda,URGENT,chronic_care,kinyarwanda->kinyarwanda:URGENT:chronic_care,Nta miti y'igituntu mfite.,Nta miti y'igituntu mfite.
"Simbizi niba bikomeye ariko, nta miti y'igituntu mfite kuva hashize icyumweru nta miti imfasha. Urakoze.",kinyarwanda,URGENT,chronic_care,kinyarwanda->kinyarwanda:URGENT:chronic_care,Nta miti y'igituntu mfite.,Nta miti y'igituntu mfite.
Ndatwite kandi ndashaka kujya kwa muganga kwisuzumisha kuva mu gitondo kandi birushaho kuba bibi. Ndakeneye ubufasha vuba.,kinyarwanda,ROUTINE,obstetric,kinyarwanda->kinyarwanda:ROUTINE:obstetric,Ndatwite kandi ndashaka kujya kwa muganga kwisuzumisha.,Ndatwite kandi ndashaka kujya kwa muganga kwisuzumisha.
"Muraho, mfite impiswi zirimo amaraso kuva hashize iminsi ibiri kandi sinshobora gusinzira. Murakoze.",kinyarwanda,URGENT,gastrointestinal,kinyarwanda->kinyarwanda:URGENT:gastrointestinal,Mfite impiswi zirimo amaraso.,Mfite impiswi zirimo amaraso.
"Nyabuneka, umwana wanjye afite ubushye bunini ku mubiri kuva mu gitondo nta miti imfasha. Naje mvuye kure.",kinyarwanda,CRITICAL,haemorrhage_trauma,kinyarwanda->kinyarwanda:CRITICAL:haemorrhage_trauma,{REL} afite ubushye bunini ku mubiri.,Mfite ubushye bunini ku mubiri.
"Mfasha, mfite umwanda usa umukara kuva ubu gitondo cya kare kandi sinshobora gusinzira. Ni imiti ki nafata?",kinyarwanda,CRITICAL,gastrointestinal,kinyarwanda->kinyarwanda:CRITICAL:gastrointestinal,Mfite umwanda usa umukara.,Mfite umwanda usa umukara.
"Muraho, iyo umwana wanjye amaze kurya, yumva inda itameze neza kuva hashize iminsi ibiri kandi sinshobora gusinzira. Mfasha muganga.",kinyarwanda,ROUTINE,gastrointestinal,kinyarwanda->kinyarwanda:ROUTINE:gastrointestinal,"Iyo {REL} amaze kurya, yumva inda itameze neza.","Iyo {REL} amaze kurya, yumva inda itameze neza."
"Mfite ibimenyetso bya malariya, umuriro n'imbeho kuva hashize iminsi ibiri biragenda bikagaruka. Nkora iki?",kinyarwanda,URGENT,infectious_fever,kinyarwanda->kinyarwanda:URGENT:infectious_fever,"Mfite ibimenyetso bya malariya, umuriro n'imbeho.","Mfite ibimenyetso bya malariya, umuriro n'imbeho."
Umutima uratera cyane kandi nkumva umeze nk'aho uhagarara kuva ubu gitondo cya kare kandi nta miti mfite. Ndakeneye ubufasha vuba.,kinyarwanda,CRITICAL,cardiac_respiratory,kinyarwanda->kinyarwanda:CRITICAL:cardiac_respiratory,umutima uratera cyane kandi nkumva umeze nk'aho uhagarara,umutima uratera cyane kandi nkumva umeze nk'aho uhagarara
"Mumbabarire, ndashaka kubabwira ikibazo mfite. Nta miti y'igituntu mfite kuva hashize iminsi itatu kandi nta miti mfite. Ni imiti ki nafata?",kinyarwanda,URGENT,chronic_care,kinyarwanda->kinyarwanda:URGENT:chronic_care,Nta miti y'igituntu mfite.,Nta miti y'igituntu mfite.
"Mumbabarire, ndashaka kubabwira ikibazo mfite. Guhumeka birangora cyane ku buryo ntabasha no kuvuga neza kuva mu gitondo. Byatangiye gitunguranye. Ntegereze cyangwa nsuzumwe ubu?",kinyarwanda,CRITICAL,cardiac_respiratory,kinyarwanda->kinyarwanda:CRITICAL:cardiac_respiratory,Guhumeka birangora cyane ku buryo ntabasha no kuvuga neza.,Guhumeka birangora cyane ku buryo ntabasha no kuvuga neza.
"Muganga, umwana wanjye amazuru ye aratemba gake kuva hashize iminsi ibiri kandi birushaho kuba bibi. Murakoze.",kinyarwanda,ROUTINE,infectious_fever,kinyarwanda->kinyarwanda:ROUTINE:infectious_fever,{REL} amazuru ye aratemba gake.,amazuru arantemba gake
"Ndashaka kukubwira ikibazo mfite. Mfite ibimenyetso bya malariya, umuriro n'imbeho kuva ejo kandi sinshobora gusinzira. Ni imiti ki nafata?",kinyarwanda,URGENT,infectious_fever,kinyarwanda->kinyarwanda:URGENT:infectious_fever,"Mfite ibimenyetso bya malariya, umuriro n'imbeho.","Mfite ibimenyetso bya malariya, umuriro n'imbeho."
"Simbizi niba bikomeye ariko, umuturanyi wanjye amaze iminsi itatu arwaye impiswi zikomeye kuva ejo. Ntegereze cyangwa nsuzumwe ubu?",kinyarwanda,URGENT,gastrointestinal,kinyarwanda->kinyarwanda:URGENT:gastrointestinal,{REL} amaze iminsi itatu arwaye impiswi zikomeye.,maze iminsi itatu ndwaye impiswi zikomeye
"Nyabuneka, mfite impiswi zirimo amaraso kuva ejo kandi birushaho kuba bibi. Ese ibi birakomeye?",kinyarwanda,URGENT,gastrointestinal,kinyarwanda->kinyarwanda:URGENT:gastrointestinal,Mfite impiswi zirimo amaraso.,Mfite impiswi zirimo amaraso.
"Ndakeneye ubufasha, umwana wanjye afite umuriro woroheje umaze umunsi umwe, ariko nta kindi kibazo afite kuva ijoro ryashize kandi ndahangayitse. Ndakeneye ubufasha vuba.",kinyarwanda,ROUTINE,infectious_fever,kinyarwanda->kinyarwanda:ROUTINE:infectious_fever,"{REL} afite umuriro woroheje umaze umunsi umwe, ariko nta kindi kibazo afite.","mfite umuriro woroheje umaze umunsi umwe, ariko nta kindi kibazo mfite"
"Muraho, amazuru arantemba gake nta miti imfasha. Ntegereze cyangwa nsuzumwe ubu?",kinyarwanda,ROUTINE,infectious_fever,kinyarwanda->kinyarwanda:ROUTINE:infectious_fever,amazuru arantemba gake,amazuru arantemba gake
"Nzanye umwana wanjye, ndashaka imiti y'inzoka y'umwana wanjye kuva ubu gitondo cya kare kandi ndahangayitse. Nkora iki?",kinyarwanda,ROUTINE,preventive,kinyarwanda->kinyarwanda:ROUTINE:preventive,Ndashaka imiti y'inzoka y'umwana wanjye.,Ndashaka imiti y'inzoka y'umwana wanjye.
"Muganga, mu gituza harandya cyane kandi ububabare bukagera no ku kuboko biragenda bikagaruka",kinyarwanda,CRITICAL,cardiac_respiratory,kinyarwanda->kinyarwanda:CRITICAL:cardiac_respiratory,mu gituza harandya cyane kandi ububabare bukagera no ku kuboko,mu gituza harandya cyane kandi ububabare bukagera no ku kuboko
"Ndashaka kukubwira ikibazo mfite. Mfite igikomere cyanduye, kiratukura kandi kirimo amashyira kuva hashize iminsi itatu. Abandi bana na bo bafite iki kibazo. Ntabasha kubona amafaranga yo kongera kuza kwa muganga.",kinyarwanda,URGENT,haemorrhage_trauma,kinyarwanda->kinyarwanda:URGENT:haemorrhage_trauma,"mfite igikomere cyanduye, kiratukura kandi kirimo amashyira","mfite igikomere cyanduye, kiratukura kandi kirimo amashyira"
"Muraho, umukecuru araruka cyane kandi yumva afite intege nke kuva mu cyumweru gishize. Abandi bana na bo bafite iki kibazo. Murakoze.",kinyarwanda,URGENT,gastrointestinal,kinyarwanda->kinyarwanda:URGENT:gastrointestinal,{REL} araruka cyane kandi yumva afite intege nke.,ndaruka cyane kandi numva mfite intege nke
"Mumbabarire, ndashaka kubabwira ikibazo mfite. Isukari yo mu maraso yanjye yazamutse cyane kuva ijoro ryashize kandi ndahangayitse",kinyarwanda,URGENT,chronic_care,kinyarwanda->kinyarwanda:URGENT:chronic_care,isukari yo mu maraso yanjye yazamutse cyane,isukari yo mu maraso yanjye yazamutse cyane
"Mfasha vuba, naguye, ukuguru kuragoramye ariko sinumva ko kuvunitse kuva hashize iminsi ibiri. Abandi bana na bo bafite iki kibazo. Ntabasha kubona amafaranga yo kongera kuza kwa muganga.",kinyarwanda,URGENT,haemorrhage_trauma,kinyarwanda->kinyarwanda:URGENT:haemorrhage_trauma,"Naguye, ukuguru kuragoramye ariko sinumva ko kuvunitse.","Naguye, ukuguru kuragoramye ariko sinumva ko kuvunitse."
"Mfite ibimenyetso bya malariya, umuriro n'imbeho kuva hashize iminsi itatu nta miti imfasha. Naje mvuye kure.",kinyarwanda,URGENT,infectious_fever,kinyarwanda->kinyarwanda:URGENT:infectious_fever,"Mfite ibimenyetso bya malariya, umuriro n'imbeho.","Mfite ibimenyetso bya malariya, umuriro n'imbeho."
Ndashaka kukubwira ikibazo mfite. Mfite igikomere gikomeye kirimo kuva amaraso menshi kuva hashize iminsi itatu kandi birushaho kuba bibi. Naje mvuye kure.,kinyarwanda,CRITICAL,haemorrhage_trauma,kinyarwanda->kinyarwanda:CRITICAL:haemorrhage_trauma,mfite igikomere gikomeye kirimo kuva amaraso menshi,mfite igikomere gikomeye kirimo kuva amaraso menshi
"Nyabuneka, isukari yo mu maraso yanjye yazamutse cyane kuva hashize iminsi itatu. Byatangiye gitunguranye. Murakoze.",kinyarwanda,URGENT,chronic_care,kinyarwanda->kinyarwanda:URGENT:chronic_care,isukari yo mu maraso yanjye yazamutse cyane,isukari yo mu maraso yanjye yazamutse cyane
Mfite igikomere gikomeye kirimo kuva amaraso menshi kuva ijoro ryashize. Byatangiye gitunguranye. Nkora iki?,kinyarwanda,CRITICAL,haemorrhage_trauma,kinyarwanda->kinyarwanda:CRITICAL:haemorrhage_trauma,mfite igikomere gikomeye kirimo kuva amaraso menshi,mfite igikomere gikomeye kirimo kuva amaraso menshi
"Mumbabarire, ndashaka kubabwira ikibazo mfite. Papa ntashobora kuvuga neza kandi umunwa we waragoramye. Abandi bana na bo bafite iki kibazo. Nkora iki?",kinyarwanda,CRITICAL,neurological,kinyarwanda->kinyarwanda:CRITICAL:neurological,{REL} ntashobora kuvuga neza kandi umunwa we waragoramye.,{REL} ntashobora kuvuga neza kandi umunwa we waragoramye.
"Muraho, umugore wanjye amaze umunsi wose ari mu bubabare bwo kubyara ariko umwana ntarasohoka kuva hashize iminsi itatu kandi sinshobora gusinzira. Ntegereze cyangwa nsuzumwe ubu?",kinyarwanda,CRITICAL,obstetric,kinyarwanda->kinyarwanda:CRITICAL:obstetric,{REL} amaze umunsi wose ari mu bubabare bwo kubyara ariko umwana ntarasohoka.,Maze umunsi wose mbabara ngerageza kubyara ariko umwana ntarasohoka.
"Naje hano mbere, mushiki wanjye afite gahunda yo gukingiza umwana kuva mu gitondo nta miti imfasha. Murakoze.",kinyarwanda,ROUTINE,preventive,kinyarwanda->kinyarwanda:ROUTINE:preventive,{REL} afite gahunda yo gukingiza umwana.,Mfite gahunda yo gukingiza umwana.
"Muraho, umwana wanjye afite ikibazo cyo kutabasha guhumeka neza, kandi uruhu rwe rwahindutse ubururu kuva ijoro ryashize kandi ndahangayitse. Naje mvuye kure.",kinyarwanda,CRITICAL,paediatric,kinyarwanda->kinyarwanda:CRITICAL:paediatric,"{REL} afite ikibazo cyo kutabasha guhumeka neza, kandi uruhu rwe rwahindutse ubururu","{REL} afite ikibazo cyo kutabasha guhumeka neza, kandi uruhu rwe rwahindutse ubururu"
Ndashaka kukubwira ikibazo mfite. Umwana wanjye araruka amaraso kuva ejo biragenda bikagaruka. Nkora iki?,kinyarwanda,CRITICAL,gastrointestinal,kinyarwanda->kinyarwanda:CRITICAL:gastrointestinal,{REL} araruka amaraso.,Ndaruka amaraso.
"Muganga, ndakorora cyane kandi guhumeka birangora kuva ubu gitondo cya kare kandi ndahangayitse",kinyarwanda,URGENT,cardiac_respiratory,kinyarwanda->kinyarwanda:URGENT:cardiac_respiratory,ndakorora cyane kandi guhumeka birangora,ndakorora cyane kandi guhumeka birangora
"Nyabuneka, guhumeka birangora cyane ku buryo ntabasha no kuvuga neza kuva ijoro ryashize. Ndakeneye ubufasha vuba.",kinyarwanda,CRITICAL,cardiac_respiratory,kinyarwanda->kinyarwanda:CRITICAL:cardiac_respiratory,Guhumeka birangora cyane ku buryo ntabasha no kuvuga neza.,Guhumeka birangora cyane ku buryo ntabasha no kuvuga neza.
"Nyabuneka, umugabo wanjye afite umuriro mwinshi kandi arakorora cyane kuva hashize icyumweru kandi ndahangayitse. Nkora iki?",kinyarwanda,URGENT,infectious_fever,kinyarwanda->kinyarwanda:URGENT:infectious_fever,{REL} afite umuriro mwinshi kandi arakorora cyane.,mfite umuriro mwinshi kandi ndakorora cyane
"Muganga, umukecuru iminwa ye yahindutse ubururu kandi sinshobora gusinzira. Ese ibi birakomeye?",kinyarwanda,CRITICAL,cardiac_respiratory,kinyarwanda->kinyarwanda:CRITICAL:cardiac_respiratory,{REL} iminwa ye yahindutse ubururu.,Iminwa yanjye yahindutse ubururu.
"Nzanye umwana wanjye, iyo umwana wanjye amaze kurya, yumva inda itameze neza nta miti imfasha. Mfasha muganga.",kinyarwanda,ROUTINE,gastrointestinal,kinyarwanda->kinyarwanda:ROUTINE:gastrointestinal,"Iyo {REL} amaze kurya, yumva inda itameze neza.","Iyo {REL} amaze kurya, yumva inda itameze neza."
"Mumbabarire, ndashaka kubabwira ikibazo mfite. Mfite umuriro kandi numva mfite imbeho, nkeka ko ari malariya kuva mu masaha abiri ashize kandi sinshobora gusinzira. Urakoze.",kinyarwanda,URGENT,infectious_fever,kinyarwanda->kinyarwanda:URGENT:infectious_fever,"mfite umuriro kandi numva mfite imbeho, nkeka ko ari malariya","mfite umuriro kandi numva mfite imbeho, nkeka ko ari malariya"
"Naje hano mbere, umwana wanjye afite umuriro woroheje umaze umunsi umwe, ariko nta kindi kibazo afite kuva hashize iminsi ibiri. Byatangiye gitunguranye.",kinyarwanda,ROUTINE,infectious_fever,kinyarwanda->kinyarwanda:ROUTINE:infectious_fever,"{REL} afite umuriro woroheje umaze umunsi umwe, ariko nta kindi kibazo afite.","mfite umuriro woroheje umaze umunsi umwe, ariko nta kindi kibazo mfite"
"Muraho, iyo umwana wanjye amaze kurya, yumva inda itameze neza kandi birushaho kuba bibi. Ndakeneye ubufasha vuba.",kinyarwanda,ROUTINE,gastrointestinal,kinyarwanda->kinyarwanda:ROUTINE:gastrointestinal,"Iyo {REL} amaze kurya, yumva inda itameze neza.","Iyo {REL} amaze kurya, yumva inda itameze neza."
"Nyabuneka, mfite ibimenyetso bya malariya, umuriro n'imbeho kuva hashize iminsi ibiri nta miti imfasha. Ni imiti ki nafata?",kinyarwanda,URGENT,infectious_fever,kinyarwanda->kinyarwanda:URGENT:infectious_fever,"Mfite ibimenyetso bya malariya, umuriro n'imbeho.","Mfite ibimenyetso bya malariya, umuriro n'imbeho."
"Mfasha vuba, umutima uratera cyane kandi nkumva umeze nk'aho uhagarara kuva ubu gitondo cya kare kandi ndahangayitse. Mfasha muganga.",kinyarwanda,CRITICAL,cardiac_respiratory,kinyarwanda->kinyarwanda:CRITICAL:cardiac_respiratory,umutima uratera cyane kandi nkumva umeze nk'aho uhagarara,umutima uratera cyane kandi nkumva umeze nk'aho uhagarara
"Simbizi niba bikomeye ariko, umuturanyi wanjye amaze iminsi itatu arwaye impiswi zikomeye kuva hashize iminsi itatu. Byatangiye gitunguranye. Ndakeneye ubufasha vuba.",kinyarwanda,URGENT,gastrointestinal,kinyarwanda->kinyarwanda:URGENT:gastrointestinal,{REL} amaze iminsi itatu arwaye impiswi zikomeye.,maze iminsi itatu ndwaye impiswi zikomeye
"Muraho, umwana wanjye afite umuhaha kuva hashize icyumweru nta miti imfasha. Ntabasha kubona amafaranga yo kongera kuza kwa muganga.",kinyarwanda,URGENT,paediatric,kinyarwanda->kinyarwanda:URGENT:paediatric,{REL} afite umuhaha.,Mfite umuhaha.
"Mumbabarire, ndashaka kubabwira ikibazo mfite. Ndakomeza kuruka kandi sinshobora kurya kuva ubu gitondo cya kare kandi ndahangayitse. Ndakeneye ubufasha vuba.",kinyarwanda,URGENT,gastrointestinal,kinyarwanda->kinyarwanda:URGENT:gastrointestinal,ndakomeza kuruka kandi sinshobora kurya,ndakomeza kuruka kandi sinshobora kurya
"Naje hano mbere, ndashaka inama ku biryo byo kugaburira umwana wanjye kuva hashize iminsi itatu nta miti imfasha. Mfasha muganga.",kinyarwanda,ROUTINE,preventive,kinyarwanda->kinyarwanda:ROUTINE:preventive,Ndashaka inama ku biryo byo kugaburira umwana wanjye.,Ndashaka inama ku biryo byo kugaburira umwana wanjye.
Ndashaka kukubwira ikibazo mfite. Mfite igisebe ku kirenge kidakira kandi mfite diyabete kuva ejo. Abandi bana na bo bafite iki kibazo.,kinyarwanda,URGENT,chronic_care,kinyarwanda->kinyarwanda:URGENT:chronic_care,Mfite igisebe ku kirenge kidakira kandi mfite diyabete.,Mfite igisebe ku kirenge kidakira kandi mfite diyabete.
"Mfasha, mu gituza harandya cyane kandi ububabare bukagera no ku kuboko kuva hashize iminsi ibiri bikarushaho nijoro. Naje mvuye kure.",kinyarwanda,CRITICAL,cardiac_respiratory,kinyarwanda->kinyarwanda:CRITICAL:cardiac_respiratory,mu gituza harandya cyane kandi ububabare bukagera no ku kuboko,mu gituza harandya cyane kandi ububabare bukagera no ku kuboko
"Muraho, mushiki wanjye amaze iminsi itatu arwaye impiswi zikomeye kuva ijoro ryashize kandi birushaho kuba bibi. Ntabasha kubona amafaranga yo kongera kuza kwa muganga.",kinyarwanda,URGENT,gastrointestinal,kinyarwanda->kinyarwanda:URGENT:gastrointestinal,{REL} amaze iminsi itatu arwaye impiswi zikomeye.,maze iminsi itatu ndwaye impiswi zikomeye
Ndashaka kukubwira ikibazo mfite. Papa umutima we utera cyane kandi yumva umeze nk'aho uhagarara kuva ubu gitondo cya kare nta miti imfasha. Ni imiti ki nafata?,kinyarwanda,CRITICAL,cardiac_respiratory,kinyarwanda->kinyarwanda:CRITICAL:cardiac_respiratory,{REL} umutima we utera cyane kandi yumva umeze nk'aho uhagarara.,umutima uratera cyane kandi nkumva umeze nk'aho uhagarara
"Muraho, umugore wanjye amaze iminsi itatu arwaye impiswi zikomeye kuva ijoro ryashize. Abandi bana na bo bafite iki kibazo. Urakoze.",kinyarwanda,URGENT,gastrointestinal,kinyarwanda->kinyarwanda:URGENT:gastrointestinal,{REL} amaze iminsi itatu arwaye impiswi zikomeye.,maze iminsi itatu ndwaye impiswi zikomeye
"Nyabuneka, umuturanyi wanjye araruka cyane kandi yumva afite intege nke kuva hashize iminsi itatu kandi nta miti mfite",kinyarwanda,URGENT,gastrointestinal,kinyarwanda->kinyarwanda:URGENT:gastrointestinal,{REL} araruka cyane kandi yumva afite intege nke.,ndaruka cyane kandi numva mfite intege nke
"Simbizi niba bikomeye ariko, umugore wanjye isukari yo mu maraso ye yazamutse cyane kuva hashize iminsi itatu kandi nta miti mfite. Naje mvuye kure.",kinyarwanda,URGENT,chronic_care,kinyarwanda->kinyarwanda:URGENT:chronic_care,{REL} isukari yo mu maraso ye yazamutse cyane.,isukari yo mu maraso yanjye yazamutse cyane
"Ndakeneye ubufasha, mama aratwite kandi umutwe uramubabaza cyane, kandi ntashobora kureba neza kuva ubu gitondo cya kare kandi birushaho kuba bibi. Ntabasha kubona amafaranga yo kongera kuza kwa muganga.",kinyarwanda,CRITICAL,obstetric,kinyarwanda->kinyarwanda:CRITICAL:obstetric,"{REL} aratwite kandi umutwe uramubabaza cyane, kandi ntashobora kureba neza.","Ndatwite, umutwe urandya cyane kandi sinshobora kureba neza."
"Ndakeneye ubufasha, ndashaka kugirwa inama uko nakonsa umwana kuva hashize iminsi itatu kandi sinshobora gusinzira. Murakoze.",kinyarwanda,ROUTINE,obstetric,kinyarwanda->kinyarwanda:ROUTINE:obstetric,Ndashaka kugirwa inama uko nakonsa umwana.,Ndashaka kugirwa inama uko nakonsa umwana.
"Ndakeneye ubufasha, iyo umwana wanjye amaze kurya, yumva inda itameze neza kuva hashize iminsi ibiri kandi nta miti mfite. Ntegereze cyangwa nsuzumwe ubu?",kinyarwanda,ROUTINE,gastrointestinal,kinyarwanda->kinyarwanda:ROUTINE:gastrointestinal,"Iyo {REL} amaze kurya, yumva inda itameze neza.","Iyo {REL} amaze kurya, yumva inda itameze neza."
"Nyabuneka, ndabyara ariko habanje gusohoka umugozi w'umwana kuva mu cyumweru gishize biragenda bikagaruka. Nkora iki?",kinyarwanda,CRITICAL,obstetric,kinyarwanda->kinyarwanda:CRITICAL:obstetric,Ndabyara ariko habanje gusohoka umugozi w'umwana.,Ndabyara ariko habanje gusohoka umugozi w'umwana.
"Muraho, ndashaka ko bapima umuvuduko w'amaraso kuva hashize icyumweru. Abandi bana na bo bafite iki kibazo. Nkora iki?",kinyarwanda,ROUTINE,preventive,kinyarwanda->kinyarwanda:ROUTINE:preventive,Ndashaka ko bapima umuvuduko w'amaraso.,Ndashaka ko bapima umuvuduko w'amaraso.
"Muraho, ndava amaraso menshi nyuma yo kubyara kuva ijoro ryashize kandi nta miti mfite. Ntegereze cyangwa nsuzumwe ubu?",kinyarwanda,CRITICAL,obstetric,kinyarwanda->kinyarwanda:CRITICAL:obstetric,ndava amaraso menshi nyuma yo kubyara,ndava amaraso menshi nyuma yo kubyara
Ndashaka kukubwira ikibazo mfite. Umugore wanjye ashaka inama ku biryo byo kugaburira umwana we kuva ubu gitondo cya kare nta miti imfasha. Urakoze.,kinyarwanda,ROUTINE,preventive,kinyarwanda->kinyarwanda:ROUTINE:preventive,{REL} ashaka inama ku biryo byo kugaburira umwana we.,Ndashaka inama ku biryo byo kugaburira umwana wanjye.
"Ndashaka kukubwira ikibazo mfite. Umwana wanjye afite ikibazo cyo kutabasha guhumeka neza, kandi uruhu rwe rwahindutse ubururu kuva hashize iminsi itatu biragenda bikagaruka. Nkora iki?",kinyarwanda,CRITICAL,paediatric,kinyarwanda->kinyarwanda:CRITICAL:paediatric,"{REL} afite ikibazo cyo kutabasha guhumeka neza, kandi uruhu rwe rwahindutse ubururu","{REL} afite ikibazo cyo kutabasha guhumeka neza, kandi uruhu rwe rwahindutse ubururu"
Ndashaka kukubwira ikibazo mfite. Umugabo wanjye ashaka kugirwa inama ku mazi yo kunywa kuva mu masaha abiri ashize. Abandi bana na bo bafite iki kibazo. Mfasha muganga.,kinyarwanda,ROUTINE,preventive,kinyarwanda->kinyarwanda:ROUTINE:preventive,{REL} ashaka kugirwa inama ku mazi yo kunywa.,Ndashaka kugirwa inama ku mazi yo kunywa.
"Muganga, umukecuru amaze iminsi itatu arwaye impiswi zikomeye kuva hashize icyumweru nta miti imfasha. Naje mvuye kure.",kinyarwanda,URGENT,gastrointestinal,kinyarwanda->kinyarwanda:URGENT:gastrointestinal,{REL} amaze iminsi itatu arwaye impiswi zikomeye.,maze iminsi itatu ndwaye impiswi zikomeye
"Nyabuneka, mfite umuriro kandi numva mfite imbeho, nkeka ko ari malariya kuva hashize icyumweru biragenda bikagaruka",kinyarwanda,URGENT,infectious_fever,kinyarwanda->kinyarwanda:URGENT:infectious_fever,"mfite umuriro kandi numva mfite imbeho, nkeka ko ari malariya","mfite umuriro kandi numva mfite imbeho, nkeka ko ari malariya"
Ndashaka kukubwira ikibazo mfite. Amazuru arantemba gake kuva hashize iminsi itatu kandi birushaho kuba bibi. Ntabasha kubona amafaranga yo kongera kuza kwa muganga.,kinyarwanda,ROUTINE,infectious_fever,kinyarwanda->kinyarwanda:ROUTINE:infectious_fever,amazuru arantemba gake,amazuru arantemba gake
Ndashaka kukubwira ikibazo mfite. Papa afite ububabare bukabije mu nda kuva ubu gitondo cya kare kandi birushaho kuba bibi. Nkora iki?,kinyarwanda,URGENT,gastrointestinal,kinyarwanda->kinyarwanda:URGENT:gastrointestinal,{REL} afite ububabare bukabije mu nda.,Mfite ububabare bukabije mu nda.
"Mfasha vuba, umwana wanjye afite ikibazo cyo kutabasha guhumeka neza, kandi uruhu rwe rwahindutse ubururu kuva hashize icyumweru kandi nta miti mfite. Ntegereze cyangwa nsuzumwe ubu?",kinyarwanda,CRITICAL,paediatric,kinyarwanda->kinyarwanda:CRITICAL:paediatric,"{REL} afite ikibazo cyo kutabasha guhumeka neza, kandi uruhu rwe rwahindutse ubururu","{REL} afite ikibazo cyo kutabasha guhumeka neza, kandi uruhu rwe rwahindutse ubururu"
Papa ashaka kugirwa inama ku mazi yo kunywa kuva ejo kandi sinshobora gusinzira. Ntabasha kubona amafaranga yo kongera kuza kwa muganga.,kinyarwanda,ROUTINE,preventive,kinyarwanda->kinyarwanda:ROUTINE:preventive,{REL} ashaka kugirwa inama ku mazi yo kunywa.,Ndashaka kugirwa inama ku mazi yo kunywa.
"Ndakeneye ubufasha, ndaruka ibyo ndya byose kandi sinshobora no kunywa kuva ubu gitondo cya kare. Abandi bana na bo bafite iki kibazo. Ni imiti ki nafata?",kinyarwanda,CRITICAL,gastrointestinal,kinyarwanda->kinyarwanda:CRITICAL:gastrointestinal,Ndaruka ibyo ndya byose kandi sinshobora no kunywa.,Ndaruka ibyo ndya byose kandi sinshobora no kunywa.
"Muganga, ndashaka imiti y'inzoka y'umwana wanjye kuva ubu gitondo cya kare biragenda bikagaruka. Mfasha muganga.",kinyarwanda,ROUTINE,preventive,kinyarwanda->kinyarwanda:ROUTINE:preventive,Ndashaka imiti y'inzoka y'umwana wanjye.,Ndashaka imiti y'inzoka y'umwana wanjye.
"Mfasha, mu gituza harandya cyane kandi ububabare bukagera no ku kuboko kuva ejo nta miti imfasha. Ntabasha kubona amafaranga yo kongera kuza kwa muganga.",kinyarwanda,CRITICAL,cardiac_respiratory,kinyarwanda->kinyarwanda:CRITICAL:cardiac_respiratory,mu gituza harandya cyane kandi ububabare bukagera no ku kuboko,mu gituza harandya cyane kandi ububabare bukagera no ku kuboko
Ndava amaraso menshi nyuma yo kubyara kuva ijoro ryashize. Abandi bana na bo bafite iki kibazo. Ntegereze cyangwa nsuzumwe ubu?,kinyarwanda,CRITICAL,obstetric,kinyarwanda->kinyarwanda:CRITICAL:obstetric,ndava amaraso menshi nyuma yo kubyara,ndava amaraso menshi nyuma yo kubyara
"Muraho, umukecuru ashaka ko bapima ibiro by'umwana we kuva ejo. Ndakeneye ubufasha vuba.",kinyarwanda,ROUTINE,paediatric,kinyarwanda->kinyarwanda:ROUTINE:paediatric,{REL} ashaka ko bapima ibiro by'umwana we.,Ndashaka ko bapima ibiro by'umwana wanjye.
"Mumbabarire, ndashaka kubabwira ikibazo mfite. Guhumeka birangora cyane ku buryo ntabasha no kuvuga neza kuva mu cyumweru gishize kandi ndahangayitse. Mfasha muganga.",kinyarwanda,CRITICAL,cardiac_respiratory,kinyarwanda->kinyarwanda:CRITICAL:cardiac_respiratory,Guhumeka birangora cyane ku buryo ntabasha no kuvuga neza.,Guhumeka birangora cyane ku buryo ntabasha no kuvuga neza.
"Muganga, papa ashaka kugirwa inama ku mazi yo kunywa kuva mu masaha abiri ashize nta miti imfasha. Ntegereze cyangwa nsuzumwe ubu?",kinyarwanda,ROUTINE,preventive,kinyarwanda->kinyarwanda:ROUTINE:preventive,{REL} ashaka kugirwa inama ku mazi yo kunywa.,Ndashaka kugirwa inama ku mazi yo kunywa.
"Nyabuneka, mama araruka cyane kandi yumva afite intege nke kuva mu gitondo nta miti imfasha. Mfasha muganga.",kinyarwanda,URGENT,gastrointestinal,kinyarwanda->kinyarwanda:URGENT:gastrointestinal,{REL} araruka cyane kandi yumva afite intege nke.,ndaruka cyane kandi numva mfite intege nke
"Mfasha vuba, umwana wanjye afite ububabare bukabije mu nda kuva mu gitondo",kinyarwanda,URGENT,gastrointestinal,kinyarwanda->kinyarwanda:URGENT:gastrointestinal,{REL} afite ububabare bukabije mu nda.,Mfite ububabare bukabije mu nda.
"Nyabuneka, umutima uratera cyane kandi nkumva umeze nk'aho uhagarara kuva ijoro ryashize",kinyarwanda,CRITICAL,cardiac_respiratory,kinyarwanda->kinyarwanda:CRITICAL:cardiac_respiratory,umutima uratera cyane kandi nkumva umeze nk'aho uhagarara,umutima uratera cyane kandi nkumva umeze nk'aho uhagarara
"Nyabuneka, umugore wanjye aratwite kandi ashaka kwisuzumisha kwa muganga bwa mbere kuva mu cyumweru gishize kandi birushaho kuba bibi. Ni imiti ki nafata?",kinyarwanda,ROUTINE,preventive,kinyarwanda->kinyarwanda:ROUTINE:preventive,{REL} aratwite kandi ashaka kwisuzumisha kwa muganga bwa mbere.,Ndatwite kandi ndashaka kwisuzumisha kwa muganga bwa mbere.
"Muganga, mushiki wanjye afite ubushye bunini ku mubiri kuva hashize icyumweru kandi birushaho kuba bibi. Ntegereze cyangwa nsuzumwe ubu?",kinyarwanda,CRITICAL,haemorrhage_trauma,kinyarwanda->kinyarwanda:CRITICAL:haemorrhage_trauma,{REL} afite ubushye bunini ku mubiri.,Mfite ubushye bunini ku mubiri.
"Naje hano mbere, mfite igikomere gito kandi amaraso yarahagaze kuva ejo nta miti imfasha. Mfasha muganga.",kinyarwanda,ROUTINE,haemorrhage_trauma,kinyarwanda->kinyarwanda:ROUTINE:haemorrhage_trauma,Mfite igikomere gito kandi amaraso yarahagaze.,Mfite igikomere gito kandi amaraso yarahagaze.
Ndashaka kukubwira ikibazo mfite. Mfite igikomere gikomeye kirimo kuva amaraso menshi kuva hashize iminsi itatu kandi birushaho kuba bibi. Ese ibi birakomeye?,kinyarwanda,CRITICAL,haemorrhage_trauma,kinyarwanda->kinyarwanda:CRITICAL:haemorrhage_trauma,mfite igikomere gikomeye kirimo kuva amaraso menshi,mfite igikomere gikomeye kirimo kuva amaraso menshi
"Naje hano mbere, maze ibyumweru birenga bibiri ndwaye impiswi kuva hashize iminsi ibiri nta miti imfasha. Urakoze.",kinyarwanda,URGENT,gastrointestinal,kinyarwanda->kinyarwanda:URGENT:gastrointestinal,Maze ibyumweru birenga bibiri ndwaye impiswi.,Maze ibyumweru birenga bibiri ndwaye impiswi.
"Mumbabarire, ndashaka kubabwira ikibazo mfite. Mama amaze iminsi itatu arwaye impiswi zikomeye kuva hashize iminsi ibiri. Byatangiye gitunguranye. Naje mvuye kure.",kinyarwanda,URGENT,gastrointestinal,kinyarwanda->kinyarwanda:URGENT:gastrointestinal,{REL} amaze iminsi itatu arwaye impiswi zikomeye.,maze iminsi itatu ndwaye impiswi zikomeye
"Muganga, umwana wanjye araruka amaraso kuva mu gitondo kandi birushaho kuba bibi",kinyarwanda,CRITICAL,gastrointestinal,kinyarwanda->kinyarwanda:CRITICAL:gastrointestinal,{REL} araruka amaraso.,Ndaruka amaraso.
"Nzanye umwana wanjye, ndashaka kongererwa imiti y'umuvuduko w'amaraso kuva ejo. Ntegereze cyangwa nsuzumwe ubu?",kinyarwanda,ROUTINE,chronic_care,kinyarwanda->kinyarwanda:ROUTINE:chronic_care,Ndashaka kongererwa imiti y'umuvuduko w'amaraso.,Ndashaka kongererwa imiti y'umuvuduko w'amaraso.
"Mfasha, mushiki wanjye aratwite kandi umutwe uramubabaza cyane, kandi ntashobora kureba neza kuva ejo kandi ndahangayitse. Ese ibi birakomeye?",kinyarwanda,CRITICAL,obstetric,kinyarwanda->kinyarwanda:CRITICAL:obstetric,"{REL} aratwite kandi umutwe uramubabaza cyane, kandi ntashobora kureba neza.","Ndatwite, umutwe urandya cyane kandi sinshobora kureba neza."
"Nzanye umwana wanjye, umugabo wanjye afite umuriro kandi umutwe uramubabaza cyane kuva hashize icyumweru kandi birushaho kuba bibi. Nkora iki?",kinyarwanda,URGENT,infectious_fever,kinyarwanda->kinyarwanda:URGENT:infectious_fever,{REL} afite umuriro kandi umutwe uramubabaza cyane.,mfite umuriro kandi umutwe urandya cyane
"Mfasha, ndakorora cyane kandi guhumeka birangora kuva hashize icyumweru. Abandi bana na bo bafite iki kibazo. Nkora iki?",kinyarwanda,URGENT,cardiac_respiratory,kinyarwanda->kinyarwanda:URGENT:cardiac_respiratory,ndakorora cyane kandi guhumeka birangora,ndakorora cyane kandi guhumeka birangora
"Mfite umuriro kandi numva mfite imbeho, nkeka ko ari malariya kandi nta miti mfite. Ntabasha kubona amafaranga yo kongera kuza kwa muganga.",kinyarwanda,URGENT,infectious_fever,kinyarwanda->kinyarwanda:URGENT:infectious_fever,"mfite umuriro kandi numva mfite imbeho, nkeka ko ari malariya","mfite umuriro kandi numva mfite imbeho, nkeka ko ari malariya"
"Simbizi niba bikomeye ariko, ndashaka ko bapima ibiro by'umwana wanjye kuva ejo. Byatangiye gitunguranye. Ese ibi birakomeye?",kinyarwanda,ROUTINE,paediatric,kinyarwanda->kinyarwanda:ROUTINE:paediatric,Ndashaka ko bapima ibiro by'umwana wanjye.,Ndashaka ko bapima ibiro by'umwana wanjye.
"Naje hano mbere, ndashaka kongererwa imiti y'umuvuduko w'amaraso nta miti imfasha",kinyarwanda,ROUTINE,chronic_care,kinyarwanda->kinyarwanda:ROUTINE:chronic_care,Ndashaka kongererwa imiti y'umuvuduko w'amaraso.,Ndashaka kongererwa imiti y'umuvuduko w'amaraso.
"Muraho, umwana wanjye afite umuhaha kuva ijoro ryashize. Byatangiye gitunguranye. Ndakeneye ubufasha vuba.",kinyarwanda,URGENT,paediatric,kinyarwanda->kinyarwanda:URGENT:paediatric,{REL} afite umuhaha.,Mfite umuhaha.
"Nyabuneka, mu rugo hari umuntu urwaye igituntu kandi papa ashaka kwisuzumisha kuva hashize iminsi ibiri. Ese ibi birakomeye?",kinyarwanda,URGENT,preventive,kinyarwanda->kinyarwanda:URGENT:preventive,Mu rugo hari umuntu urwaye igituntu kandi {REL} ashaka kwisuzumisha.,Mu rugo hari umuntu urwaye igituntu kandi ndashaka kwisuzumisha.
"Mumbabarire, ndashaka kubabwira ikibazo mfite. Mu rugo hari umuntu urwaye igituntu kandi umugore wanjye ashaka kwisuzumisha bikarushaho nijoro. Ndakeneye ubufasha vuba.",kinyarwanda,URGENT,preventive,kinyarwanda->kinyarwanda:URGENT:preventive,Mu rugo hari umuntu urwaye igituntu kandi {REL} ashaka kwisuzumisha.,Mu rugo hari umuntu urwaye igituntu kandi ndashaka kwisuzumisha.
"Mumbabarire, ndashaka kubabwira ikibazo mfite. Umugabo wanjye ashaka kugirwa inama ku mazi yo kunywa kuva hashize iminsi ibiri kandi birushaho kuba bibi. Ntegereze cyangwa nsuzumwe ubu?",kinyarwanda,ROUTINE,preventive,kinyarwanda->kinyarwanda:ROUTINE:preventive,{REL} ashaka kugirwa inama ku mazi yo kunywa.,Ndashaka kugirwa inama ku mazi yo kunywa.
"Nyabuneka, ndashaka imiti y'inzoka y'umwana wanjye kuva mu masaha abiri ashize kandi birushaho kuba bibi. Ese ibi birakomeye?",kinyarwanda,ROUTINE,preventive,kinyarwanda->kinyarwanda:ROUTINE:preventive,Ndashaka imiti y'inzoka y'umwana wanjye.,Ndashaka imiti y'inzoka y'umwana wanjye.
Maze umunsi wose mbabara ngerageza kubyara ariko umwana ntarasohoka kuva hashize iminsi ibiri kandi nta miti mfite. Mfasha muganga.,kinyarwanda,CRITICAL,obstetric,kinyarwanda->kinyarwanda:CRITICAL:obstetric,Maze umunsi wose mbabara ngerageza kubyara ariko umwana ntarasohoka.,Maze umunsi wose mbabara ngerageza kubyara ariko umwana ntarasohoka.
"Simbizi niba bikomeye ariko, mfite igikomere cyanduye, kiratukura kandi kirimo amashyira kuva ubu gitondo cya kare. Ni imiti ki nafata?",kinyarwanda,URGENT,haemorrhage_trauma,kinyarwanda->kinyarwanda:URGENT:haemorrhage_trauma,"mfite igikomere cyanduye, kiratukura kandi kirimo amashyira","mfite igikomere cyanduye, kiratukura kandi kirimo amashyira"
"Nyabuneka, mfite gahunda yo gukingiza umwana kuva hashize icyumweru kandi ndahangayitse. Ese ibi birakomeye?",kinyarwanda,ROUTINE,preventive,kinyarwanda->kinyarwanda:ROUTINE:preventive,Mfite gahunda yo gukingiza umwana.,Mfite gahunda yo gukingiza umwana.
"Ndakeneye ubufasha, umwana wanjye afite ikibazo cyo kutabasha guhumeka neza, kandi uruhu rwe rwahindutse ubururu kuva mu masaha abiri ashize. Byatangiye gitunguranye. Ese ibi birakomeye?",kinyarwanda,CRITICAL,paediatric,kinyarwanda->kinyarwanda:CRITICAL:paediatric,"{REL} afite ikibazo cyo kutabasha guhumeka neza, kandi uruhu rwe rwahindutse ubururu","{REL} afite ikibazo cyo kutabasha guhumeka neza, kandi uruhu rwe rwahindutse ubururu"
"Nzanye umwana wanjye, mfite umuhaha kuva ubu gitondo cya kare biragenda bikagaruka. Mfasha muganga.",kinyarwanda,URGENT,paediatric,kinyarwanda->kinyarwanda:URGENT:paediatric,Mfite umuhaha.,Mfite umuhaha.
"Muraho, nta miti y'igituntu mfite kuva mu gitondo bikarushaho nijoro",kinyarwanda,URGENT,chronic_care,kinyarwanda->kinyarwanda:URGENT:chronic_care,Nta miti y'igituntu mfite.,Nta miti y'igituntu mfite.
Papa afite umuriro mwinshi kandi arakorora cyane kuva ijoro ryashize kandi ndahangayitse. Mfasha muganga.,kinyarwanda,URGENT,infectious_fever,kinyarwanda->kinyarwanda:URGENT:infectious_fever,{REL} afite umuriro mwinshi kandi arakorora cyane.,mfite umuriro mwinshi kandi ndakorora cyane
"Simbizi niba bikomeye ariko, umukecuru umutima we utera cyane kandi yumva umeze nk'aho uhagarara kuva ubu gitondo cya kare nta miti imfasha. Ntabasha kubona amafaranga yo kongera kuza kwa muganga.",kinyarwanda,CRITICAL,cardiac_respiratory,kinyarwanda->kinyarwanda:CRITICAL:cardiac_respiratory,{REL} umutima we utera cyane kandi yumva umeze nk'aho uhagarara.,umutima uratera cyane kandi nkumva umeze nk'aho uhagarara
Ndashaka kukubwira ikibazo mfite. Umwana wanjye amazuru ye aratemba gake kuva ijoro ryashize kandi ndahangayitse. Ndakeneye ubufasha vuba.,kinyarwanda,ROUTINE,infectious_fever,kinyarwanda->kinyarwanda:ROUTINE:infectious_fever,{REL} amazuru ye aratemba gake.,amazuru arantemba gake
"Mfasha vuba, umwana wanjye iminwa ye yahindutse ubururu kuva hashize iminsi ibiri bikarushaho nijoro",kinyarwanda,CRITICAL,cardiac_respiratory,kinyarwanda->kinyarwanda:CRITICAL:cardiac_respiratory,{REL} iminwa ye yahindutse ubururu.,Iminwa yanjye yahindutse ubururu.
"Naje hano mbere, mfite umuriro woroheje umaze umunsi umwe, ariko nta kindi kibazo mfite kuva ejo kandi sinshobora gusinzira. Urakoze.",kinyarwanda,ROUTINE,infectious_fever,kinyarwanda->kinyarwanda:ROUTINE:infectious_fever,"mfite umuriro woroheje umaze umunsi umwe, ariko nta kindi kibazo mfite","mfite umuriro woroheje umaze umunsi umwe, ariko nta kindi kibazo mfite"
"Mfasha vuba, narumwe n'inzoka kuva ejo kandi birushaho kuba bibi. Naje mvuye kure.",kinyarwanda,URGENT,haemorrhage_trauma,kinyarwanda->kinyarwanda:URGENT:haemorrhage_trauma,Narumwe n'inzoka.,Narumwe n'inzoka.
Ndashaka kukubwira ikibazo mfite. Mama afite ububabare bukabije mu nda kuva mu gitondo kandi birushaho kuba bibi,kinyarwanda,URGENT,gastrointestinal,kinyarwanda->kinyarwanda:URGENT:gastrointestinal,{REL} afite ububabare bukabije mu nda.,Mfite ububabare bukabije mu nda.
Ndashaka kukubwira ikibazo mfite. Mushiki wanjye ashaka ko bapima ibiro by'umwana we kuva hashize iminsi ibiri kandi birushaho kuba bibi. Ndakeneye ubufasha vuba.,kinyarwanda,ROUTINE,paediatric,kinyarwanda->kinyarwanda:ROUTINE:paediatric,{REL} ashaka ko bapima ibiro by'umwana we.,Ndashaka ko bapima ibiro by'umwana wanjye.
"Muraho, ndashaka guhabwa inzitiramubu kuva mu masaha abiri ashize. Ni imiti ki nafata?",kinyarwanda,ROUTINE,preventive,kinyarwanda->kinyarwanda:ROUTINE:preventive,Ndashaka guhabwa inzitiramubu.,Ndashaka guhabwa inzitiramubu.
"Mfasha vuba, umugore wanjye amaze iminsi itatu arwaye impiswi zikomeye kandi nta miti mfite. Naje mvuye kure.",kinyarwanda,URGENT,gastrointestinal,kinyarwanda->kinyarwanda:URGENT:gastrointestinal,{REL} amaze iminsi itatu arwaye impiswi zikomeye.,maze iminsi itatu ndwaye impiswi zikomeye
Umuturanyi wanjye ari kubyara ariko umugozi w'umwana wabanje gusohoka kandi birushaho kuba bibi. Ntabasha kubona amafaranga yo kongera kuza kwa muganga.,kinyarwanda,CRITICAL,obstetric,kinyarwanda->kinyarwanda:CRITICAL:obstetric,{REL} ari kubyara ariko umugozi w'umwana wabanje gusohoka.,Ndabyara ariko habanje gusohoka umugozi w'umwana.
"Mfasha, umuturanyi wanjye ntashobora kuvuga neza kandi umunwa we waragoramye kuva mu gitondo. Byatangiye gitunguranye. Ntegereze cyangwa nsuzumwe ubu?",kinyarwanda,CRITICAL,neurological,kinyarwanda->kinyarwanda:CRITICAL:neurological,{REL} ntashobora kuvuga neza kandi umunwa we waragoramye.,{REL} ntashobora kuvuga neza kandi umunwa we waragoramye.
"Muraho, nkorora gake ariko nta muriro mfite kuva ejo. Byatangiye gitunguranye. Ntabasha kubona amafaranga yo kongera kuza kwa muganga.",kinyarwanda,ROUTINE,cardiac_respiratory,kinyarwanda->kinyarwanda:ROUTINE:cardiac_respiratory,Nkorora gake ariko nta muriro mfite.,Nkorora gake ariko nta muriro mfite.
"Mumbabarire, ndashaka kubabwira ikibazo mfite. Iyo mpumeka, numva igituza gifashe kandi mpumeka nkumva hari ijwi ridasanzwe kuva hashize iminsi itatu kandi birushaho kuba bibi. Mfasha muganga.",kinyarwanda,URGENT,cardiac_respiratory,kinyarwanda->kinyarwanda:URGENT:cardiac_respiratory,"Iyo mpumeka, numva igituza gifashe kandi mpumeka nkumva hari ijwi ridasanzwe.","Iyo mpumeka, numva igituza gifashe kandi mpumeka nkumva hari ijwi ridasanzwe."
"Ndakeneye ubufasha, ndatwite kandi nagagaye kandi nta miti mfite. Ni imiti ki nafata?",kinyarwanda,CRITICAL,obstetric,kinyarwanda->kinyarwanda:CRITICAL:obstetric,Ndatwite kandi nagagaye.,Ndatwite kandi nagagaye.
"Mfasha, nkorora gake ariko nta muriro mfite kuva hashize iminsi ibiri kandi sinshobora gusinzira. Ese ibi birakomeye?",kinyarwanda,ROUTINE,cardiac_respiratory,kinyarwanda->kinyarwanda:ROUTINE:cardiac_respiratory,Nkorora gake ariko nta muriro mfite.,Nkorora gake ariko nta muriro mfite.
"Ndashaka kukubwira ikibazo mfite. Umwana wanjye afite ikibazo cyo kutabasha guhumeka neza, kandi uruhu rwe rwahindutse ubururu kuva mu masaha abiri ashize. Abandi bana na bo bafite iki kibazo.",kinyarwanda,CRITICAL,paediatric,kinyarwanda->kinyarwanda:CRITICAL:paediatric,"{REL} afite ikibazo cyo kutabasha guhumeka neza, kandi uruhu rwe rwahindutse ubururu","{REL} afite ikibazo cyo kutabasha guhumeka neza, kandi uruhu rwe rwahindutse ubururu"
"Ndakeneye ubufasha, umugabo wanjye afite ubushye bunini ku mubiri bikarushaho nijoro. Naje mvuye kure.",kinyarwanda,CRITICAL,haemorrhage_trauma,kinyarwanda->kinyarwanda:CRITICAL:haemorrhage_trauma,{REL} afite ubushye bunini ku mubiri.,Mfite ubushye bunini ku mubiri.
"Simbizi niba bikomeye ariko, ndashaka guhabwa inzitiramubu kuva hashize icyumweru. Abandi bana na bo bafite iki kibazo. Ese ibi birakomeye?",kinyarwanda,ROUTINE,preventive,kinyarwanda->kinyarwanda:ROUTINE:preventive,Ndashaka guhabwa inzitiramubu.,Ndashaka guhabwa inzitiramubu.
"Mfasha, maze ibyumweru birenga bibiri ndwaye impiswi kuva mu cyumweru gishize kandi ndahangayitse. Nkora iki?",kinyarwanda,URGENT,gastrointestinal,kinyarwanda->kinyarwanda:URGENT:gastrointestinal,Maze ibyumweru birenga bibiri ndwaye impiswi.,Maze ibyumweru birenga bibiri ndwaye impiswi.
"Muganga, mfite umuhaha. Byatangiye gitunguranye. Murakoze.",kinyarwanda,URGENT,paediatric,kinyarwanda->kinyarwanda:URGENT:paediatric,Mfite umuhaha.,Mfite umuhaha.
"Mumbabarire, ndashaka kubabwira ikibazo mfite. Guhumeka birangora cyane ku buryo ntabasha no kuvuga neza kuva hashize iminsi ibiri biragenda bikagaruka",kinyarwanda,CRITICAL,cardiac_respiratory,kinyarwanda->kinyarwanda:CRITICAL:cardiac_respiratory,Guhumeka birangora cyane ku buryo ntabasha no kuvuga neza.,Guhumeka birangora cyane ku buryo ntabasha no kuvuga neza.
"Nyabuneka, umugabo wanjye afite ibimenyetso bya malariya, umuriro n'imbeho kuva ijoro ryashize bikarushaho nijoro. Urakoze.",kinyarwanda,URGENT,infectious_fever,kinyarwanda->kinyarwanda:URGENT:infectious_fever,"{REL} afite ibimenyetso bya malariya, umuriro n'imbeho.","Mfite ibimenyetso bya malariya, umuriro n'imbeho."
Ndashaka kukubwira ikibazo mfite. Mama afite umuriro mwinshi kandi arakorora cyane kuva ubu gitondo cya kare kandi birushaho kuba bibi. Ni imiti ki nafata?,kinyarwanda,URGENT,infectious_fever,kinyarwanda->kinyarwanda:URGENT:infectious_fever,{REL} afite umuriro mwinshi kandi arakorora cyane.,mfite umuriro mwinshi kandi ndakorora cyane
"Muraho, ndaruka ibyo ndya byose kandi sinshobora no kunywa kuva mu masaha abiri ashize kandi birushaho kuba bibi. Nkora iki?",kinyarwanda,CRITICAL,gastrointestinal,kinyarwanda->kinyarwanda:CRITICAL:gastrointestinal,Ndaruka ibyo ndya byose kandi sinshobora no kunywa.,Ndaruka ibyo ndya byose kandi sinshobora no kunywa.
"Mumbabarire, ndashaka kubabwira ikibazo mfite. Umuturanyi wanjye amaze iminsi itatu arwaye impiswi zikomeye kuva hashize iminsi ibiri. Ese ibi birakomeye?",kinyarwanda,URGENT,gastrointestinal,kinyarwanda->kinyarwanda:URGENT:gastrointestinal,{REL} amaze iminsi itatu arwaye impiswi zikomeye.,maze iminsi itatu ndwaye impiswi zikomeye
Ndava amaraso menshi nyuma yo kubyara kuva hashize icyumweru bikarushaho nijoro,kinyarwanda,CRITICAL,obstetric,kinyarwanda->kinyarwanda:CRITICAL:obstetric,ndava amaraso menshi nyuma yo kubyara,ndava amaraso menshi nyuma yo kubyara
"Iyo mpumeka, numva igituza gifashe kandi mpumeka nkumva hari ijwi ridasanzwe kuva hashize icyumweru kandi sinshobora gusinzira. Mfasha muganga.",kinyarwanda,URGENT,cardiac_respiratory,kinyarwanda->kinyarwanda:URGENT:cardiac_respiratory,"Iyo mpumeka, numva igituza gifashe kandi mpumeka nkumva hari ijwi ridasanzwe.","Iyo mpumeka, numva igituza gifashe kandi mpumeka nkumva hari ijwi ridasanzwe."
"Naje hano mbere, ndashaka imiti y'inzoka y'umwana wanjye kuva ubu gitondo cya kare kandi birushaho kuba bibi. Naje mvuye kure.",kinyarwanda,ROUTINE,preventive,kinyarwanda->kinyarwanda:ROUTINE:preventive,Ndashaka imiti y'inzoka y'umwana wanjye.,Ndashaka imiti y'inzoka y'umwana wanjye.
"Nzanye umwana wanjye, nkorora gake ariko nta muriro mfite kuva ubu gitondo cya kare. Nkora iki?",kinyarwanda,ROUTINE,cardiac_respiratory,kinyarwanda->kinyarwanda:ROUTINE:cardiac_respiratory,Nkorora gake ariko nta muriro mfite.,Nkorora gake ariko nta muriro mfite.
Ndashaka kukubwira ikibazo mfite. Umugabo wanjye amaze iminsi itatu arwaye impiswi zikomeye kuva hashize iminsi itatu kandi ndahangayitse. Murakoze.,kinyarwanda,URGENT,gastrointestinal,kinyarwanda->kinyarwanda:URGENT:gastrointestinal,{REL} amaze iminsi itatu arwaye impiswi zikomeye.,maze iminsi itatu ndwaye impiswi zikomeye
"Nzanye umwana wanjye, mushiki wanjye amaze iminsi itatu arwaye impiswi zikomeye kuva hashize iminsi itatu bikarushaho nijoro. Ntabasha kubona amafaranga yo kongera kuza kwa muganga.",kinyarwanda,URGENT,gastrointestinal,kinyarwanda->kinyarwanda:URGENT:gastrointestinal,{REL} amaze iminsi itatu arwaye impiswi zikomeye.,maze iminsi itatu ndwaye impiswi zikomeye
"Muraho, ndava amaraso menshi nyuma yo kubyara kuva mu cyumweru gishize",kinyarwanda,CRITICAL,obstetric,kinyarwanda->kinyarwanda:CRITICAL:obstetric,ndava amaraso menshi nyuma yo kubyara,ndava amaraso menshi nyuma yo kubyara
"Mfasha, umwana wanjye ashaka guhabwa inzitiramubu kuva mu masaha abiri ashize bikarushaho nijoro. Naje mvuye kure.",kinyarwanda,ROUTINE,preventive,kinyarwanda->kinyarwanda:ROUTINE:preventive,{REL} ashaka guhabwa inzitiramubu.,Ndashaka guhabwa inzitiramubu.
"Muganga, papa umutima we utera cyane kandi yumva umeze nk'aho uhagarara kuva mu masaha abiri ashize kandi ndahangayitse. Ndakeneye ubufasha vuba.",kinyarwanda,CRITICAL,cardiac_respiratory,kinyarwanda->kinyarwanda:CRITICAL:cardiac_respiratory,{REL} umutima we utera cyane kandi yumva umeze nk'aho uhagarara.,umutima uratera cyane kandi nkumva umeze nk'aho uhagarara
"Mfasha vuba, mfite ikibazo ku mutwe kandi kirimo guterwa n'urumuri kuva hashize iminsi ibiri. Abandi bana na bo bafite iki kibazo. Urakoze.",kinyarwanda,URGENT,neurological,kinyarwanda->kinyarwanda:URGENT:neurological,Mfite ikibazo ku mutwe kandi kirimo guterwa n'urumuri.,Mfite ikibazo ku mutwe kandi kirimo guterwa n'urumuri.
"Mfasha, mama afite gahunda yo gukingiza umwana kuva hashize icyumweru kandi birushaho kuba bibi. Mfasha muganga.",kinyarwanda,ROUTINE,preventive,kinyarwanda->kinyarwanda:ROUTINE:preventive,{REL} afite gahunda yo gukingiza umwana.,Mfite gahunda yo gukingiza umwana.
Ndashaka kukubwira ikibazo mfite. Ndashaka kugirwa inama uko nakonsa umwana kuva ejo. Byatangiye gitunguranye. Ni imiti ki nafata?,kinyarwanda,ROUTINE,obstetric,kinyarwanda->kinyarwanda:ROUTINE:obstetric,Ndashaka kugirwa inama uko nakonsa umwana.,Ndashaka kugirwa inama uko nakonsa umwana.
"Naje hano mbere, ndabyara ariko habanje gusohoka umugozi w'umwana kuva mu gitondo kandi nta miti mfite. Naje mvuye kure.",kinyarwanda,CRITICAL,obstetric,kinyarwanda->kinyarwanda:CRITICAL:obstetric,Ndabyara ariko habanje gusohoka umugozi w'umwana.,Ndabyara ariko habanje gusohoka umugozi w'umwana.
"Nyabuneka, ndashaka ko bapima ibiro by'umwana wanjye kuva hashize iminsi ibiri kandi birushaho kuba bibi. Ni imiti ki nafata?",kinyarwanda,ROUTINE,paediatric,kinyarwanda->kinyarwanda:ROUTINE:paediatric,Ndashaka ko bapima ibiro by'umwana wanjye.,Ndashaka ko bapima ibiro by'umwana wanjye.
"Muganga, mama aratwite kandi ashaka kwisuzumisha kwa muganga bwa mbere kuva ejo kandi ndahangayitse",kinyarwanda,ROUTINE,preventive,kinyarwanda->kinyarwanda:ROUTINE:preventive,{REL} aratwite kandi ashaka kwisuzumisha kwa muganga bwa mbere.,Ndatwite kandi ndashaka kwisuzumisha kwa muganga bwa mbere.
"Naje hano mbere, mfite igikomere cyanduye, kiratukura kandi kirimo amashyira kuva mu gitondo kandi sinshobora gusinzira. Murakoze.",kinyarwanda,URGENT,haemorrhage_trauma,kinyarwanda->kinyarwanda:URGENT:haemorrhage_trauma,"mfite igikomere cyanduye, kiratukura kandi kirimo amashyira","mfite igikomere cyanduye, kiratukura kandi kirimo amashyira"
"Ndakeneye ubufasha, mfite ibimenyetso bya malariya, umuriro n'imbeho kandi birushaho kuba bibi. Ndakeneye ubufasha vuba.",kinyarwanda,URGENT,infectious_fever,kinyarwanda->kinyarwanda:URGENT:infectious_fever,"Mfite ibimenyetso bya malariya, umuriro n'imbeho.","Mfite ibimenyetso bya malariya, umuriro n'imbeho."
"Mfasha vuba, ndashaka ko bapima ibiro by'umwana wanjye kuva hashize icyumweru kandi birushaho kuba bibi. Murakoze.",kinyarwanda,ROUTINE,paediatric,kinyarwanda->kinyarwanda:ROUTINE:paediatric,Ndashaka ko bapima ibiro by'umwana wanjye.,Ndashaka ko bapima ibiro by'umwana wanjye.
"Simbizi niba bikomeye ariko, ndashaka kugirwa inama uko nakonsa umwana kuva ijoro ryashize bikarushaho nijoro. Ndakeneye ubufasha vuba.",kinyarwanda,ROUTINE,obstetric,kinyarwanda->kinyarwanda:ROUTINE:obstetric,Ndashaka kugirwa inama uko nakonsa umwana.,Ndashaka kugirwa inama uko nakonsa umwana.
Ndashaka kukubwira ikibazo mfite. Umugore wanjye araruka amaraso kuva hashize icyumweru kandi birushaho kuba bibi. Ndakeneye ubufasha vuba.,kinyarwanda,CRITICAL,gastrointestinal,kinyarwanda->kinyarwanda:CRITICAL:gastrointestinal,{REL} araruka amaraso.,Ndaruka amaraso.
"Muganga, umukecuru amaze iminsi itatu arwaye impiswi zikomeye kuva mu masaha abiri ashize kandi birushaho kuba bibi. Nkora iki?",kinyarwanda,URGENT,gastrointestinal,kinyarwanda->kinyarwanda:URGENT:gastrointestinal,{REL} amaze iminsi itatu arwaye impiswi zikomeye.,maze iminsi itatu ndwaye impiswi zikomeye
"Mfasha vuba, umugore wanjye aratwite kandi umutwe uramubabaza cyane, kandi ntashobora kureba neza kuva hashize iminsi itatu kandi ndahangayitse. Ese ibi birakomeye?",kinyarwanda,CRITICAL,obstetric,kinyarwanda->kinyarwanda:CRITICAL:obstetric,"{REL} aratwite kandi umutwe uramubabaza cyane, kandi ntashobora kureba neza.","Ndatwite, umutwe urandya cyane kandi sinshobora kureba neza."
"Naje hano mbere, umukecuru afite umuriro kandi umutwe uramubabaza cyane kuva mu gitondo kandi ndahangayitse. Ese ibi birakomeye?",kinyarwanda,URGENT,infectious_fever,kinyarwanda->kinyarwanda:URGENT:infectious_fever,{REL} afite umuriro kandi umutwe uramubabaza cyane.,mfite umuriro kandi umutwe urandya cyane
"Mumbabarire, ndashaka kubabwira ikibazo mfite. Iyo umwana wanjye amaze kurya, yumva inda itameze neza kuva mu cyumweru gishize biragenda bikagaruka. Ntegereze cyangwa nsuzumwe ubu?",kinyarwanda,ROUTINE,gastrointestinal,kinyarwanda->kinyarwanda:ROUTINE:gastrointestinal,"Iyo {REL} amaze kurya, yumva inda itameze neza.","Iyo {REL} amaze kurya, yumva inda itameze neza."
"Muganga, umutwe urandya ariko ntabwo cyane kuva ejo. Abandi bana na bo bafite iki kibazo. Nkora iki?",kinyarwanda,ROUTINE,neurological,kinyarwanda->kinyarwanda:ROUTINE:neurological,umutwe urandya ariko ntabwo cyane,umutwe urandya ariko ntabwo cyane
"Naje hano mbere, mushiki wanjye ashaka ko bapima ibiro by'umwana we kuva mu cyumweru gishize kandi nta miti mfite. Naje mvuye kure.",kinyarwanda,ROUTINE,paediatric,kinyarwanda->kinyarwanda:ROUTINE:paediatric,{REL} ashaka ko bapima ibiro by'umwana we.,Ndashaka ko bapima ibiro by'umwana wanjye.
"Ndakeneye ubufasha, umuturanyi wanjye aratwite kandi umutwe uramubabaza cyane, kandi ntashobora kureba neza kuva ejo biragenda bikagaruka. Ni imiti ki nafata?",kinyarwanda,CRITICAL,obstetric,kinyarwanda->kinyarwanda:CRITICAL:obstetric,"{REL} aratwite kandi umutwe uramubabaza cyane, kandi ntashobora kureba neza.","Ndatwite, umutwe urandya cyane kandi sinshobora kureba neza."
"Naje hano mbere, maze umunsi wose mbabara ngerageza kubyara ariko umwana ntarasohoka kuva mu masaha abiri ashize. Byatangiye gitunguranye. Ese ibi birakomeye?",kinyarwanda,CRITICAL,obstetric,kinyarwanda->kinyarwanda:CRITICAL:obstetric,Maze umunsi wose mbabara ngerageza kubyara ariko umwana ntarasohoka.,Maze umunsi wose mbabara ngerageza kubyara ariko umwana ntarasohoka.
Umutwe urandya ariko ntabwo cyane kuva mu cyumweru gishize kandi ndahangayitse. Urakoze.,kinyarwanda,ROUTINE,neurological,kinyarwanda->kinyarwanda:ROUTINE:neurological,umutwe urandya ariko ntabwo cyane,umutwe urandya ariko ntabwo cyane
"Ndakeneye ubufasha, mfite umwanda usa umukara kuva hashize iminsi ibiri biragenda bikagaruka. Naje mvuye kure.",kinyarwanda,CRITICAL,gastrointestinal,kinyarwanda->kinyarwanda:CRITICAL:gastrointestinal,Mfite umwanda usa umukara.,Mfite umwanda usa umukara.
"Muraho, umuturanyi wanjye aratwite kandi araruka ibyo arya byose kuva hashize icyumweru. Byatangiye gitunguranye. Murakoze.",kinyarwanda,URGENT,obstetric,kinyarwanda->kinyarwanda:URGENT:obstetric,{REL} aratwite kandi araruka ibyo arya byose.,Ndatwite kandi ndaruka ibyo ndya byose.
"Nzanye umwana wanjye, maze umunsi wose mbabara ngerageza kubyara ariko umwana ntarasohoka kuva mu masaha abiri ashize nta miti imfasha. Ntabasha kubona amafaranga yo kongera kuza kwa muganga.",kinyarwanda,CRITICAL,obstetric,kinyarwanda->kinyarwanda:CRITICAL:obstetric,Maze umunsi wose mbabara ngerageza kubyara ariko umwana ntarasohoka.,Maze umunsi wose mbabara ngerageza kubyara ariko umwana ntarasohoka.
"Nyabuneka, maze umunsi wose mbabara ngerageza kubyara ariko umwana ntarasohoka kandi nta miti mfite. Ni imiti ki nafata?",kinyarwanda,CRITICAL,obstetric,kinyarwanda->kinyarwanda:CRITICAL:obstetric,Maze umunsi wose mbabara ngerageza kubyara ariko umwana ntarasohoka.,Maze umunsi wose mbabara ngerageza kubyara ariko umwana ntarasohoka.
"Ndakeneye ubufasha, mfite umuriro kandi numva mfite imbeho, nkeka ko ari malariya kuva mu cyumweru gishize kandi sinshobora gusinzira. Ni imiti ki nafata?",kinyarwanda,URGENT,infectious_fever,kinyarwanda->kinyarwanda:URGENT:infectious_fever,"mfite umuriro kandi numva mfite imbeho, nkeka ko ari malariya","mfite umuriro kandi numva mfite imbeho, nkeka ko ari malariya"
"Muganga, mfite igikomere gito kandi amaraso yarahagaze kandi sinshobora gusinzira. Ese ibi birakomeye?",kinyarwanda,ROUTINE,haemorrhage_trauma,kinyarwanda->kinyarwanda:ROUTINE:haemorrhage_trauma,Mfite igikomere gito kandi amaraso yarahagaze.,Mfite igikomere gito kandi amaraso yarahagaze.
"Mumbabarire, ndashaka kubabwira ikibazo mfite. Mama ashaka inama ku biryo byo kugaburira umwana we kuva hashize icyumweru. Byatangiye gitunguranye. Urakoze.",kinyarwanda,ROUTINE,preventive,kinyarwanda->kinyarwanda:ROUTINE:preventive,{REL} ashaka inama ku biryo byo kugaburira umwana we.,Ndashaka inama ku biryo byo kugaburira umwana wanjye.
"Mfasha vuba, umukecuru afite ububabare bukabije mu nda kuva mu cyumweru gishize kandi ndahangayitse. Murakoze.",kinyarwanda,URGENT,gastrointestinal,kinyarwanda->kinyarwanda:URGENT:gastrointestinal,{REL} afite ububabare bukabije mu nda.,Mfite ububabare bukabije mu nda.
Ndashaka kukubwira ikibazo mfite. Ndakomeza kuruka kandi sinshobora kurya kuva mu masaha abiri ashize biragenda bikagaruka. Ntegereze cyangwa nsuzumwe ubu?,kinyarwanda,URGENT,gastrointestinal,kinyarwanda->kinyarwanda:URGENT:gastrointestinal,ndakomeza kuruka kandi sinshobora kurya,ndakomeza kuruka kandi sinshobora kurya
Ndashaka kukubwira ikibazo mfite. Mama aratwite kandi ashaka kwisuzumisha kwa muganga bwa mbere kuva mu cyumweru gishize. Abandi bana na bo bafite iki kibazo. Ntabasha kubona amafaranga yo kongera kuza kwa muganga.,kinyarwanda,ROUTINE,preventive,kinyarwanda->kinyarwanda:ROUTINE:preventive,{REL} aratwite kandi ashaka kwisuzumisha kwa muganga bwa mbere.,Ndatwite kandi ndashaka kwisuzumisha kwa muganga bwa mbere.
"Ndakeneye ubufasha, iyo mpumeka, numva igituza gifashe kandi mpumeka nkumva hari ijwi ridasanzwe kuva hashize iminsi ibiri kandi ndahangayitse. Murakoze.",kinyarwanda,URGENT,cardiac_respiratory,kinyarwanda->kinyarwanda:URGENT:cardiac_respiratory,"Iyo mpumeka, numva igituza gifashe kandi mpumeka nkumva hari ijwi ridasanzwe.","Iyo mpumeka, numva igituza gifashe kandi mpumeka nkumva hari ijwi ridasanzwe."
"Mfasha vuba, umugore wanjye afite umuriro kandi umutwe uramubabaza cyane kuva mu gitondo kandi ndahangayitse. Ntegereze cyangwa nsuzumwe ubu?",kinyarwanda,URGENT,infectious_fever,kinyarwanda->kinyarwanda:URGENT:infectious_fever,{REL} afite umuriro kandi umutwe uramubabaza cyane.,mfite umuriro kandi umutwe urandya cyane
"Mumbabarire, ndashaka kubabwira ikibazo mfite. Mfite umuriro woroheje umaze umunsi umwe, ariko nta kindi kibazo mfite kuva ijoro ryashize bikarushaho nijoro. Ni imiti ki nafata?",kinyarwanda,ROUTINE,infectious_fever,kinyarwanda->kinyarwanda:ROUTINE:infectious_fever,"mfite umuriro woroheje umaze umunsi umwe, ariko nta kindi kibazo mfite","mfite umuriro woroheje umaze umunsi umwe, ariko nta kindi kibazo mfite"
"Simbizi niba bikomeye ariko, umwana wanjye akorora gake ariko nta muriro afite kuva ubu gitondo cya kare kandi ndahangayitse. Naje mvuye kure.",kinyarwanda,ROUTINE,cardiac_respiratory,kinyarwanda->kinyarwanda:ROUTINE:cardiac_respiratory,{REL} akorora gake ariko nta muriro afite.,Nkorora gake ariko nta muriro mfite.
Umukecuru araruka cyane kandi yumva afite intege nke kuva mu cyumweru gishize kandi ndahangayitse. Ni imiti ki nafata?,kinyarwanda,URGENT,gastrointestinal,kinyarwanda->kinyarwanda:URGENT:gastrointestinal,{REL} araruka cyane kandi yumva afite intege nke.,ndaruka cyane kandi numva mfite intege nke
"Mfasha, mushiki wanjye afite ibimenyetso bya malariya, umuriro n'imbeho kuva mu cyumweru gishize kandi birushaho kuba bibi. Ntegereze cyangwa nsuzumwe ubu?",kinyarwanda,URGENT,infectious_fever,kinyarwanda->kinyarwanda:URGENT:infectious_fever,"{REL} afite ibimenyetso bya malariya, umuriro n'imbeho.","Mfite ibimenyetso bya malariya, umuriro n'imbeho."
"Nyabuneka, narumwe n'inzoka kuva hashize iminsi ibiri kandi birushaho kuba bibi. Ndakeneye ubufasha vuba.",kinyarwanda,URGENT,haemorrhage_trauma,kinyarwanda->kinyarwanda:URGENT:haemorrhage_trauma,Narumwe n'inzoka.,Narumwe n'inzoka.
"Mfasha, mama ntashobora kuvuga neza kandi umunwa we waragoramye kuva mu cyumweru gishize nta miti imfasha. Nkora iki?",kinyarwanda,CRITICAL,neurological,kinyarwanda->kinyarwanda:CRITICAL:neurological,{REL} ntashobora kuvuga neza kandi umunwa we waragoramye.,{REL} ntashobora kuvuga neza kandi umunwa we waragoramye.
"Ndakeneye ubufasha, mfite impiswi zirimo amaraso kuva mu masaha abiri ashize. Byatangiye gitunguranye. Mfasha muganga.",kinyarwanda,URGENT,gastrointestinal,kinyarwanda->kinyarwanda:URGENT:gastrointestinal,Mfite impiswi zirimo amaraso.,Mfite impiswi zirimo amaraso.
"Muraho, mfite igikomere gito kandi amaraso yarahagaze kuva hashize iminsi ibiri nta miti imfasha. Mfasha muganga.",kinyarwanda,ROUTINE,haemorrhage_trauma,kinyarwanda->kinyarwanda:ROUTINE:haemorrhage_trauma,Mfite igikomere gito kandi amaraso yarahagaze.,Mfite igikomere gito kandi amaraso yarahagaze.
"Nyabuneka, ndashaka kongererwa imiti y'umuvuduko w'amaraso kuva hashize icyumweru bikarushaho nijoro. Mfasha muganga.",kinyarwanda,ROUTINE,chronic_care,kinyarwanda->kinyarwanda:ROUTINE:chronic_care,Ndashaka kongererwa imiti y'umuvuduko w'amaraso.,Ndashaka kongererwa imiti y'umuvuduko w'amaraso.
"Ndakeneye ubufasha, umwana wanjye afite umuriro mwinshi kandi arakorora cyane kuva mu masaha abiri ashize kandi birushaho kuba bibi. Murakoze.",kinyarwanda,URGENT,infectious_fever,kinyarwanda->kinyarwanda:URGENT:infectious_fever,{REL} afite umuriro mwinshi kandi arakorora cyane.,mfite umuriro mwinshi kandi ndakorora cyane
"Nyabuneka, umwana wanjye afite umuhaha kuva ubu gitondo cya kare. Byatangiye gitunguranye. Ntegereze cyangwa nsuzumwe ubu?",kinyarwanda,URGENT,paediatric,kinyarwanda->kinyarwanda:URGENT:paediatric,{REL} afite umuhaha.,Mfite umuhaha.
"Muganga, umukecuru umutima we utera cyane kandi yumva umeze nk'aho uhagarara kuva ijoro ryashize kandi ndahangayitse. Naje mvuye kure.",kinyarwanda,CRITICAL,cardiac_respiratory,kinyarwanda->kinyarwanda:CRITICAL:cardiac_respiratory,{REL} umutima we utera cyane kandi yumva umeze nk'aho uhagarara.,umutima uratera cyane kandi nkumva umeze nk'aho uhagarara
"Nzanye umwana wanjye, mushiki wanjye ntashobora kuvuga neza kandi umunwa we waragoramye kuva ijoro ryashize nta miti imfasha. Nkora iki?",kinyarwanda,CRITICAL,neurological,kinyarwanda->kinyarwanda:CRITICAL:neurological,{REL} ntashobora kuvuga neza kandi umunwa we waragoramye.,{REL} ntashobora kuvuga neza kandi umunwa we waragoramye.
"Nzanye umwana wanjye, umuturanyi wanjye amaze umunsi wose ari mu bubabare bwo kubyara ariko umwana ntarasohoka kuva mu masaha abiri ashize. Nkora iki?",kinyarwanda,CRITICAL,obstetric,kinyarwanda->kinyarwanda:CRITICAL:obstetric,{REL} amaze umunsi wose ari mu bubabare bwo kubyara ariko umwana ntarasohoka.,Maze umunsi wose mbabara ngerageza kubyara ariko umwana ntarasohoka.
"Muraho, ndashaka imiti y'inzoka y'umwana wanjye kuva ijoro ryashize biragenda bikagaruka. Ntegereze cyangwa nsuzumwe ubu?",kinyarwanda,ROUTINE,preventive,kinyarwanda->kinyarwanda:ROUTINE:preventive,Ndashaka imiti y'inzoka y'umwana wanjye.,Ndashaka imiti y'inzoka y'umwana wanjye.
Papa isukari yo mu maraso ye yazamutse cyane kuva hashize icyumweru kandi nta miti mfite. Murakoze.,kinyarwanda,URGENT,chronic_care,kinyarwanda->kinyarwanda:URGENT:chronic_care,{REL} isukari yo mu maraso ye yazamutse cyane.,isukari yo mu maraso yanjye yazamutse cyane
"Mumbabarire, ndashaka kubabwira ikibazo mfite. Mushiki wanjye afite umuriro mwinshi kandi arakorora cyane kuva hashize icyumweru. Ni imiti ki nafata?",kinyarwanda,URGENT,infectious_fever,kinyarwanda->kinyarwanda:URGENT:infectious_fever,{REL} afite umuriro mwinshi kandi arakorora cyane.,mfite umuriro mwinshi kandi ndakorora cyane
"Mfasha vuba, iminwa yanjye yahindutse ubururu kuva mu masaha abiri ashize. Abandi bana na bo bafite iki kibazo. Ndakeneye ubufasha vuba.",kinyarwanda,CRITICAL,cardiac_respiratory,kinyarwanda->kinyarwanda:CRITICAL:cardiac_respiratory,Iminwa yanjye yahindutse ubururu.,Iminwa yanjye yahindutse ubururu.
"Mfasha, ndashaka ko bapima ibiro by'umwana wanjye kandi sinshobora gusinzira. Ntabasha kubona amafaranga yo kongera kuza kwa muganga.",kinyarwanda,ROUTINE,paediatric,kinyarwanda->kinyarwanda:ROUTINE:paediatric,Ndashaka ko bapima ibiro by'umwana wanjye.,Ndashaka ko bapima ibiro by'umwana wanjye.
Ndashaka kukubwira ikibazo mfite. Nkorora gake ariko nta muriro mfite kuva hashize iminsi itatu kandi birushaho kuba bibi. Naje mvuye kure.,kinyarwanda,ROUTINE,cardiac_respiratory,kinyarwanda->kinyarwanda:ROUTINE:cardiac_respiratory,Nkorora gake ariko nta muriro mfite.,Nkorora gake ariko nta muriro mfite.
"Simbizi niba bikomeye ariko, iyo mpumeka, numva igituza gifashe kandi mpumeka nkumva hari ijwi ridasanzwe. Ese ibi birakomeye?",kinyarwanda,URGENT,cardiac_respiratory,kinyarwanda->kinyarwanda:URGENT:cardiac_respiratory,"Iyo mpumeka, numva igituza gifashe kandi mpumeka nkumva hari ijwi ridasanzwe.","Iyo mpumeka, numva igituza gifashe kandi mpumeka nkumva hari ijwi ridasanzwe."
"Nyabuneka, mushiki wanjye arakomeza kuruka kandi ntashobora kurya kuva ijoro ryashize. Ndakeneye ubufasha vuba.",kinyarwanda,URGENT,gastrointestinal,kinyarwanda->kinyarwanda:URGENT:gastrointestinal,{REL} arakomeza kuruka kandi ntashobora kurya.,ndakomeza kuruka kandi sinshobora kurya
"Ndashaka kukubwira ikibazo mfite. Umuturanyi wanjye aratwite kandi umutwe uramubabaza cyane, kandi ntashobora kureba neza kuva mu gitondo bikarushaho nijoro. Nkora iki?",kinyarwanda,CRITICAL,obstetric,kinyarwanda->kinyarwanda:CRITICAL:obstetric,"{REL} aratwite kandi umutwe uramubabaza cyane, kandi ntashobora kureba neza.","Ndatwite, umutwe urandya cyane kandi sinshobora kureba neza."
"Mumbabarire, ndashaka kubabwira ikibazo mfite. Naraguye none ndababara cyane kuva hashize iminsi itatu. Murakoze.",kinyarwanda,URGENT,haemorrhage_trauma,kinyarwanda->kinyarwanda:URGENT:haemorrhage_trauma,naraguye none ndababara cyane,naraguye none ndababara cyane
"Mfasha vuba, ndashaka kongererwa imiti y'umuvuduko w'amaraso kuva mu gitondo kandi nta miti mfite",kinyarwanda,ROUTINE,chronic_care,kinyarwanda->kinyarwanda:ROUTINE:chronic_care,Ndashaka kongererwa imiti y'umuvuduko w'amaraso.,Ndashaka kongererwa imiti y'umuvuduko w'amaraso.
"Mfasha, ndashaka kugirwa inama uko nakonsa umwana kuva ubu gitondo cya kare. Byatangiye gitunguranye. Ni imiti ki nafata?",kinyarwanda,ROUTINE,obstetric,kinyarwanda->kinyarwanda:ROUTINE:obstetric,Ndashaka kugirwa inama uko nakonsa umwana.,Ndashaka kugirwa inama uko nakonsa umwana.
"Mfasha, mfite ibimenyetso bya malariya, umuriro n'imbeho kuva mu cyumweru gishize kandi ndahangayitse. Ese ibi birakomeye?",kinyarwanda,URGENT,infectious_fever,kinyarwanda->kinyarwanda:URGENT:infectious_fever,"Mfite ibimenyetso bya malariya, umuriro n'imbeho.","Mfite ibimenyetso bya malariya, umuriro n'imbeho."
"Nyabuneka, mama aratwite kandi ashaka kwisuzumisha kwa muganga bwa mbere kuva ubu gitondo cya kare kandi nta miti mfite",kinyarwanda,ROUTINE,preventive,kinyarwanda->kinyarwanda:ROUTINE:preventive,{REL} aratwite kandi ashaka kwisuzumisha kwa muganga bwa mbere.,Ndatwite kandi ndashaka kwisuzumisha kwa muganga bwa mbere.
"Mfasha, mfite gahunda yo gukingiza umwana kuva hashize iminsi ibiri nta miti imfasha. Ese ibi birakomeye?",kinyarwanda,ROUTINE,preventive,kinyarwanda->kinyarwanda:ROUTINE:preventive,Mfite gahunda yo gukingiza umwana.,Mfite gahunda yo gukingiza umwana.
"Nyabuneka, mfite ibimenyetso bya malariya, umuriro n'imbeho kuva hashize iminsi itatu. Mfasha muganga.",kinyarwanda,URGENT,infectious_fever,kinyarwanda->kinyarwanda:URGENT:infectious_fever,"Mfite ibimenyetso bya malariya, umuriro n'imbeho.","Mfite ibimenyetso bya malariya, umuriro n'imbeho."
"Mumbabarire, ndashaka kubabwira ikibazo mfite. Mu rugo hari umuntu urwaye igituntu kandi umukecuru ashaka kwisuzumisha kuva ijoro ryashize. Abandi bana na bo bafite iki kibazo. Ese ibi birakomeye?",kinyarwanda,URGENT,preventive,kinyarwanda->kinyarwanda:URGENT:preventive,Mu rugo hari umuntu urwaye igituntu kandi {REL} ashaka kwisuzumisha.,Mu rugo hari umuntu urwaye igituntu kandi ndashaka kwisuzumisha.
"Muraho, naraguye none ndababara cyane kuva hashize icyumweru biragenda bikagaruka. Ese ibi birakomeye?",kinyarwanda,URGENT,haemorrhage_trauma,kinyarwanda->kinyarwanda:URGENT:haemorrhage_trauma,naraguye none ndababara cyane,naraguye none ndababara cyane
"Mfasha, umugore wanjye yaraguye none arababara cyane kuva mu gitondo bikarushaho nijoro. Ntabasha kubona amafaranga yo kongera kuza kwa muganga.",kinyarwanda,URGENT,haemorrhage_trauma,kinyarwanda->kinyarwanda:URGENT:haemorrhage_trauma,{REL} yaraguye none arababara cyane.,naraguye none ndababara cyane
Ndashaka kukubwira ikibazo mfite. Umutwe urandya ariko ntabwo cyane kuva mu cyumweru gishize. Byatangiye gitunguranye. Mfasha muganga.,kinyarwanda,ROUTINE,neurological,kinyarwanda->kinyarwanda:ROUTINE:neurological,umutwe urandya ariko ntabwo cyane,umutwe urandya ariko ntabwo cyane
"Mfasha, guhumeka birangora cyane ku buryo ntabasha no kuvuga neza kuva mu gitondo kandi sinshobora gusinzira. Ndakeneye ubufasha vuba.",kinyarwanda,CRITICAL,cardiac_respiratory,kinyarwanda->kinyarwanda:CRITICAL:cardiac_respiratory,Guhumeka birangora cyane ku buryo ntabasha no kuvuga neza.,Guhumeka birangora cyane ku buryo ntabasha no kuvuga neza.
"Nzanye umwana wanjye, umukecuru yaraguye none arababara cyane kuva hashize iminsi ibiri kandi sinshobora gusinzira. Murakoze.",kinyarwanda,URGENT,haemorrhage_trauma,kinyarwanda->kinyarwanda:URGENT:haemorrhage_trauma,{REL} yaraguye none arababara cyane.,naraguye none ndababara cyane
"Ndakeneye ubufasha, mama ari kubyara ariko umugozi w'umwana wabanje gusohoka kuva hashize icyumweru kandi sinshobora gusinzira. Ndakeneye ubufasha vuba.",kinyarwanda,CRITICAL,obstetric,kinyarwanda->kinyarwanda:CRITICAL:obstetric,{REL} ari kubyara ariko umugozi w'umwana wabanje gusohoka.,Ndabyara ariko habanje gusohoka umugozi w'umwana.
"Mfasha vuba, umwana wanjye akorora gake ariko nta muriro afite nta miti imfasha. Mfasha muganga.",kinyarwanda,ROUTINE,cardiac_respiratory,kinyarwanda->kinyarwanda:ROUTINE:cardiac_respiratory,{REL} akorora gake ariko nta muriro afite.,Nkorora gake ariko nta muriro mfite.
"Simbizi niba bikomeye ariko, mama araruka cyane kandi yumva afite intege nke kuva hashize icyumweru. Abandi bana na bo bafite iki kibazo. Urakoze.",kinyarwanda,URGENT,gastrointestinal,kinyarwanda->kinyarwanda:URGENT:gastrointestinal,{REL} araruka cyane kandi yumva afite intege nke.,ndaruka cyane kandi numva mfite intege nke
Ndashaka kukubwira ikibazo mfite. Ndatwite kandi ndaruka ibyo ndya byose kuva ejo biragenda bikagaruka. Naje mvuye kure.,kinyarwanda,URGENT,obstetric,kinyarwanda->kinyarwanda:URGENT:obstetric,Ndatwite kandi ndaruka ibyo ndya byose.,Ndatwite kandi ndaruka ibyo ndya byose.
"Mfasha vuba, mfite igikomere gikomeye kirimo kuva amaraso menshi kuva hashize iminsi itatu bikarushaho nijoro. Ntabasha kubona amafaranga yo kongera kuza kwa muganga.",kinyarwanda,CRITICAL,haemorrhage_trauma,kinyarwanda->kinyarwanda:CRITICAL:haemorrhage_trauma,mfite igikomere gikomeye kirimo kuva amaraso menshi,mfite igikomere gikomeye kirimo kuva amaraso menshi
"Simbizi niba bikomeye ariko, mama aratwite kandi umutwe uramubabaza cyane, kandi ntashobora kureba neza kuva mu gitondo kandi ndahangayitse",kinyarwanda,CRITICAL,obstetric,kinyarwanda->kinyarwanda:CRITICAL:obstetric,"{REL} aratwite kandi umutwe uramubabaza cyane, kandi ntashobora kureba neza.","Ndatwite, umutwe urandya cyane kandi sinshobora kureba neza."
"Mfasha, mushiki wanjye ashaka inama ku biryo byo kugaburira umwana we kuva hashize iminsi itatu kandi sinshobora gusinzira. Nkora iki?",kinyarwanda,ROUTINE,preventive,kinyarwanda->kinyarwanda:ROUTINE:preventive,{REL} ashaka inama ku biryo byo kugaburira umwana we.,Ndashaka inama ku biryo byo kugaburira umwana wanjye.
"Ndakeneye ubufasha, mfite igisebe ku kirenge kidakira kandi mfite diyabete kuva ubu gitondo cya kare. Abandi bana na bo bafite iki kibazo. Mfasha muganga.",kinyarwanda,URGENT,chronic_care,kinyarwanda->kinyarwanda:URGENT:chronic_care,Mfite igisebe ku kirenge kidakira kandi mfite diyabete.,Mfite igisebe ku kirenge kidakira kandi mfite diyabete.
"Mfasha, mfite igikomere gito kandi amaraso yarahagaze kuva mu cyumweru gishize biragenda bikagaruka. Ntegereze cyangwa nsuzumwe ubu?",kinyarwanda,ROUTINE,haemorrhage_trauma,kinyarwanda->kinyarwanda:ROUTINE:haemorrhage_trauma,Mfite igikomere gito kandi amaraso yarahagaze.,Mfite igikomere gito kandi amaraso yarahagaze.
"Ndakeneye ubufasha, mfite igikomere cyanduye, kiratukura kandi kirimo amashyira kuva ijoro ryashize. Abandi bana na bo bafite iki kibazo. Ni imiti ki nafata?",kinyarwanda,URGENT,haemorrhage_trauma,kinyarwanda->kinyarwanda:URGENT:haemorrhage_trauma,"mfite igikomere cyanduye, kiratukura kandi kirimo amashyira","mfite igikomere cyanduye, kiratukura kandi kirimo amashyira"
Ndashaka kukubwira ikibazo mfite. Ndaruka ibyo ndya byose kandi sinshobora no kunywa kuva mu gitondo kandi ndahangayitse. Ni imiti ki nafata?,kinyarwanda,CRITICAL,gastrointestinal,kinyarwanda->kinyarwanda:CRITICAL:gastrointestinal,Ndaruka ibyo ndya byose kandi sinshobora no kunywa.,Ndaruka ibyo ndya byose kandi sinshobora no kunywa.
"Simbizi niba bikomeye ariko, umutima uratera cyane kandi nkumva umeze nk'aho uhagarara kuva ejo kandi birushaho kuba bibi. Nkora iki?",kinyarwanda,CRITICAL,cardiac_respiratory,kinyarwanda->kinyarwanda:CRITICAL:cardiac_respiratory,umutima uratera cyane kandi nkumva umeze nk'aho uhagarara,umutima uratera cyane kandi nkumva umeze nk'aho uhagarara
"Mumbabarire, ndashaka kubabwira ikibazo mfite. Ndashaka kugirwa inama uko nakonsa umwana. Ntabasha kubona amafaranga yo kongera kuza kwa muganga.",kinyarwanda,ROUTINE,obstetric,kinyarwanda->kinyarwanda:ROUTINE:obstetric,Ndashaka kugirwa inama uko nakonsa umwana.,Ndashaka kugirwa inama uko nakonsa umwana.
"Muraho, uruhande rumwe rw'umubiri we ntirukora kuva mu masaha abiri ashize. Byatangiye gitunguranye. Nkora iki?",kinyarwanda,CRITICAL,neurological,kinyarwanda->kinyarwanda:CRITICAL:neurological,Uruhande rumwe rw'umubiri we ntirukora.,Uruhande rumwe rw'umubiri we ntirukora.
"Mumbabarire, ndashaka kubabwira ikibazo mfite. Ndashaka guhabwa inzitiramubu kuva hashize iminsi ibiri. Ntabasha kubona amafaranga yo kongera kuza kwa muganga.",kinyarwanda,ROUTINE,preventive,kinyarwanda->kinyarwanda:ROUTINE:preventive,Ndashaka guhabwa inzitiramubu.,Ndashaka guhabwa inzitiramubu.
"Muganga, ndatwite kandi ndashaka kujya kwa muganga kwisuzumisha kuva ejo kandi sinshobora gusinzira. Ndakeneye ubufasha vuba.",kinyarwanda,ROUTINE,obstetric,kinyarwanda->kinyarwanda:ROUTINE:obstetric,Ndatwite kandi ndashaka kujya kwa muganga kwisuzumisha.,Ndatwite kandi ndashaka kujya kwa muganga kwisuzumisha.
"Muraho, mama nta miti ya SIDA afite kuva ejo. Mfasha muganga.",kinyarwanda,URGENT,chronic_care,kinyarwanda->kinyarwanda:URGENT:chronic_care,{REL} nta miti ya SIDA afite.,Nta miti ya SIDA mfite.
"Muganga, umwana wanjye afite ikibazo cyo kutabasha guhumeka neza, kandi uruhu rwe rwahindutse ubururu kuva hashize iminsi ibiri bikarushaho nijoro. Naje mvuye kure.",kinyarwanda,CRITICAL,paediatric,kinyarwanda->kinyarwanda:CRITICAL:paediatric,"{REL} afite ikibazo cyo kutabasha guhumeka neza, kandi uruhu rwe rwahindutse ubururu","{REL} afite ikibazo cyo kutabasha guhumeka neza, kandi uruhu rwe rwahindutse ubururu"
"Naje hano mbere, naguye, ukuguru kuragoramye ariko sinumva ko kuvunitse kuva hashize iminsi itatu kandi ndahangayitse. Urakoze.",kinyarwanda,URGENT,haemorrhage_trauma,kinyarwanda->kinyarwanda:URGENT:haemorrhage_trauma,"Naguye, ukuguru kuragoramye ariko sinumva ko kuvunitse.","Naguye, ukuguru kuragoramye ariko sinumva ko kuvunitse."
"Nyabuneka, ndakorora cyane kandi guhumeka birangora kuva mu gitondo. Urakoze.",kinyarwanda,URGENT,cardiac_respiratory,kinyarwanda->kinyarwanda:URGENT:cardiac_respiratory,ndakorora cyane kandi guhumeka birangora,ndakorora cyane kandi guhumeka birangora
"Nzanye umwana wanjye, mfite umuriro mwinshi kandi nagagaye kuva ubu gitondo cya kare biragenda bikagaruka",kinyarwanda,CRITICAL,infectious_fever,kinyarwanda->kinyarwanda:CRITICAL:infectious_fever,Mfite umuriro mwinshi kandi nagagaye.,Mfite umuriro mwinshi kandi nagagaye.
"Nyabuneka, umuturanyi wanjye afite ububabare bukabije mu nda kuva hashize iminsi itatu bikarushaho nijoro. Urakoze.",kinyarwanda,URGENT,gastrointestinal,kinyarwanda->kinyarwanda:URGENT:gastrointestinal,{REL} afite ububabare bukabije mu nda.,Mfite ububabare bukabije mu nda.
"Ndakeneye ubufasha, papa araruka cyane kandi yumva afite intege nke kuva ubu gitondo cya kare. Abandi bana na bo bafite iki kibazo. Murakoze.",kinyarwanda,URGENT,gastrointestinal,kinyarwanda->kinyarwanda:URGENT:gastrointestinal,{REL} araruka cyane kandi yumva afite intege nke.,ndaruka cyane kandi numva mfite intege nke
"Naje hano mbere, naguye, ukuguru kuragoramye ariko sinumva ko kuvunitse kuva hashize iminsi itatu bikarushaho nijoro. Murakoze.",kinyarwanda,URGENT,haemorrhage_trauma,kinyarwanda->kinyarwanda:URGENT:haemorrhage_trauma,"Naguye, ukuguru kuragoramye ariko sinumva ko kuvunitse.","Naguye, ukuguru kuragoramye ariko sinumva ko kuvunitse."
Ndashaka kukubwira ikibazo mfite. Ndashaka ko bapima umuvuduko w'amaraso kuva hashize iminsi itatu. Murakoze.,kinyarwanda,ROUTINE,preventive,kinyarwanda->kinyarwanda:ROUTINE:preventive,Ndashaka ko bapima umuvuduko w'amaraso.,Ndashaka ko bapima umuvuduko w'amaraso.
"Naje hano mbere, umukecuru araruka amaraso kuva mu masaha abiri ashize kandi sinshobora gusinzira. Mfasha muganga.",kinyarwanda,CRITICAL,gastrointestinal,kinyarwanda->kinyarwanda:CRITICAL:gastrointestinal,{REL} araruka amaraso.,Ndaruka amaraso.
"Muganga, ndava amaraso menshi nyuma yo kubyara kuva ijoro ryashize bikarushaho nijoro. Ntegereze cyangwa nsuzumwe ubu?",kinyarwanda,CRITICAL,obstetric,kinyarwanda->kinyarwanda:CRITICAL:obstetric,ndava amaraso menshi nyuma yo kubyara,ndava amaraso menshi nyuma yo kubyara
"Mumbabarire, ndashaka kubabwira ikibazo mfite. Umukecuru amaze iminsi itatu arwaye impiswi zikomeye kuva mu masaha abiri ashize. Ntegereze cyangwa nsuzumwe ubu?",kinyarwanda,URGENT,gastrointestinal,kinyarwanda->kinyarwanda:URGENT:gastrointestinal,{REL} amaze iminsi itatu arwaye impiswi zikomeye.,maze iminsi itatu ndwaye impiswi zikomeye
"Nyabuneka, mushiki wanjye amaze umunsi wose ari mu bubabare bwo kubyara ariko umwana ntarasohoka kuva hashize iminsi itatu nta miti imfasha. Nkora iki?",kinyarwanda,CRITICAL,obstetric,kinyarwanda->kinyarwanda:CRITICAL:obstetric,{REL} amaze umunsi wose ari mu bubabare bwo kubyara ariko umwana ntarasohoka.,Maze umunsi wose mbabara ngerageza kubyara ariko umwana ntarasohoka.
"Mumbabarire, ndashaka kubabwira ikibazo mfite. Umugabo wanjye ashaka guhabwa inzitiramubu. Byatangiye gitunguranye. Urakoze.",kinyarwanda,ROUTINE,preventive,kinyarwanda->kinyarwanda:ROUTINE:preventive,{REL} ashaka guhabwa inzitiramubu.,Ndashaka guhabwa inzitiramubu.
"Mfasha vuba, mfite igisebe ku kirenge kidakira kandi mfite diyabete kuva hashize iminsi itatu",kinyarwanda,URGENT,chronic_care,kinyarwanda->kinyarwanda:URGENT:chronic_care,Mfite igisebe ku kirenge kidakira kandi mfite diyabete.,Mfite igisebe ku kirenge kidakira kandi mfite diyabete.
"Ndakeneye ubufasha, mfite umwanda usa umukara kuva mu masaha abiri ashize biragenda bikagaruka. Ese ibi birakomeye?",kinyarwanda,CRITICAL,gastrointestinal,kinyarwanda->kinyarwanda:CRITICAL:gastrointestinal,Mfite umwanda usa umukara.,Mfite umwanda usa umukara.
"Mumbabarire, ndashaka kubabwira ikibazo mfite. Iminwa yanjye yahindutse ubururu kuva mu gitondo kandi sinshobora gusinzira. Naje mvuye kure.",kinyarwanda,CRITICAL,cardiac_respiratory,kinyarwanda->kinyarwanda:CRITICAL:cardiac_respiratory,Iminwa yanjye yahindutse ubururu.,Iminwa yanjye yahindutse ubururu.
"Nyabuneka, naraguye none ndababara cyane kuva ejo. Byatangiye gitunguranye.",kinyarwanda,URGENT,haemorrhage_trauma,kinyarwanda->kinyarwanda:URGENT:haemorrhage_trauma,naraguye none ndababara cyane,naraguye none ndababara cyane
"Mfasha, papa afite ububabare bukabije mu nda kuva ijoro ryashize kandi birushaho kuba bibi. Ntegereze cyangwa nsuzumwe ubu?",kinyarwanda,URGENT,gastrointestinal,kinyarwanda->kinyarwanda:URGENT:gastrointestinal,{REL} afite ububabare bukabije mu nda.,Mfite ububabare bukabije mu nda.
"Muraho, ndashaka ko bapima umuvuduko w'amaraso kuva mu masaha abiri ashize. Abandi bana na bo bafite iki kibazo. Urakoze.",kinyarwanda,ROUTINE,preventive,kinyarwanda->kinyarwanda:ROUTINE:preventive,Ndashaka ko bapima umuvuduko w'amaraso.,Ndashaka ko bapima umuvuduko w'amaraso.
Ndashaka kukubwira ikibazo mfite. Mama afite ubushye bunini ku mubiri kuva hashize icyumweru kandi ndahangayitse. Ntabasha kubona amafaranga yo kongera kuza kwa muganga.,kinyarwanda,CRITICAL,haemorrhage_trauma,kinyarwanda->kinyarwanda:CRITICAL:haemorrhage_trauma,{REL} afite ubushye bunini ku mubiri.,Mfite ubushye bunini ku mubiri.
"Nzanye umwana wanjye, mfite igikomere gikomeye kirimo kuva amaraso menshi kuva hashize iminsi itatu kandi nta miti mfite. Ntegereze cyangwa nsuzumwe ubu?",kinyarwanda,CRITICAL,haemorrhage_trauma,kinyarwanda->kinyarwanda:CRITICAL:haemorrhage_trauma,mfite igikomere gikomeye kirimo kuva amaraso menshi,mfite igikomere gikomeye kirimo kuva amaraso menshi
"Muganga, mushiki wanjye afite gahunda yo gukingiza umwana kuva hashize iminsi ibiri kandi birushaho kuba bibi. Ntabasha kubona amafaranga yo kongera kuza kwa muganga.",kinyarwanda,ROUTINE,preventive,kinyarwanda->kinyarwanda:ROUTINE:preventive,{REL} afite gahunda yo gukingiza umwana.,Mfite gahunda yo gukingiza umwana.
"Simbizi niba bikomeye ariko, umwana wanjye afite umuriro woroheje umaze umunsi umwe, ariko nta kindi kibazo afite kuva hashize iminsi ibiri kandi nta miti mfite. Urakoze.",kinyarwanda,ROUTINE,infectious_fever,kinyarwanda->kinyarwanda:ROUTINE:infectious_fever,"{REL} afite umuriro woroheje umaze umunsi umwe, ariko nta kindi kibazo afite.","mfite umuriro woroheje umaze umunsi umwe, ariko nta kindi kibazo mfite"
"Simbizi niba bikomeye ariko, umwana wanjye ashaka ko bapima SIDA kuva hashize iminsi ibiri. Byatangiye gitunguranye. Ni imiti ki nafata?",kinyarwanda,ROUTINE,preventive,kinyarwanda->kinyarwanda:ROUTINE:preventive,{REL} ashaka ko bapima SIDA.,Ndashaka ko bapima SIDA.
"Simbizi niba bikomeye ariko, mfite ibimenyetso bya malariya, umuriro n'imbeho kuva ubu gitondo cya kare. Murakoze.",kinyarwanda,URGENT,infectious_fever,kinyarwanda->kinyarwanda:URGENT:infectious_fever,"Mfite ibimenyetso bya malariya, umuriro n'imbeho.","Mfite ibimenyetso bya malariya, umuriro n'imbeho."
"Muganga, mfite gahunda yo gukingiza umwana kuva mu masaha abiri ashize biragenda bikagaruka. Urakoze.",kinyarwanda,ROUTINE,preventive,kinyarwanda->kinyarwanda:ROUTINE:preventive,Mfite gahunda yo gukingiza umwana.,Mfite gahunda yo gukingiza umwana.
"Simbizi niba bikomeye ariko, umutima uratera cyane kandi nkumva umeze nk'aho uhagarara kuva ejo kandi ndahangayitse. Mfasha muganga.",kinyarwanda,CRITICAL,cardiac_respiratory,kinyarwanda->kinyarwanda:CRITICAL:cardiac_respiratory,umutima uratera cyane kandi nkumva umeze nk'aho uhagarara,umutima uratera cyane kandi nkumva umeze nk'aho uhagarara
"Muraho, umukecuru iminwa ye yahindutse ubururu kuva hashize iminsi ibiri kandi nta miti mfite. Ntabasha kubona amafaranga yo kongera kuza kwa muganga.",kinyarwanda,CRITICAL,cardiac_respiratory,kinyarwanda->kinyarwanda:CRITICAL:cardiac_respiratory,{REL} iminwa ye yahindutse ubururu.,Iminwa yanjye yahindutse ubururu.
"Ndakeneye ubufasha, mushiki wanjye isukari yo mu maraso ye yazamutse cyane kuva mu gitondo kandi birushaho kuba bibi. Ntabasha kubona amafaranga yo kongera kuza kwa muganga.",kinyarwanda,URGENT,chronic_care,kinyarwanda->kinyarwanda:URGENT:chronic_care,{REL} isukari yo mu maraso ye yazamutse cyane.,isukari yo mu maraso yanjye yazamutse cyane
"Muganga, umuturanyi wanjye aratwite kandi yaragagaye kuva ejo. Byatangiye gitunguranye. Mfasha muganga.",kinyarwanda,CRITICAL,obstetric,kinyarwanda->kinyarwanda:CRITICAL:obstetric,{REL} aratwite kandi yaragagaye.,Ndatwite kandi nagagaye.
"Mfasha, umutima uratera cyane kandi nkumva umeze nk'aho uhagarara kuva hashize icyumweru. Byatangiye gitunguranye. Ntegereze cyangwa nsuzumwe ubu?",kinyarwanda,CRITICAL,cardiac_respiratory,kinyarwanda->kinyarwanda:CRITICAL:cardiac_respiratory,umutima uratera cyane kandi nkumva umeze nk'aho uhagarara,umutima uratera cyane kandi nkumva umeze nk'aho uhagarara
"Muraho, umugabo wanjye araruka cyane kandi yumva afite intege nke kuva ejo. Mfasha muganga.",kinyarwanda,URGENT,gastrointestinal,kinyarwanda->kinyarwanda:URGENT:gastrointestinal,{REL} araruka cyane kandi yumva afite intege nke.,ndaruka cyane kandi numva mfite intege nke
"Nzanye umwana wanjye, uruhande rumwe rw'umubiri we ntirukora kuva ubu gitondo cya kare kandi nta miti mfite. Mfasha muganga.",kinyarwanda,CRITICAL,neurological,kinyarwanda->kinyarwanda:CRITICAL:neurological,Uruhande rumwe rw'umubiri we ntirukora.,Uruhande rumwe rw'umubiri we ntirukora.
"Nzanye umwana wanjye, ndashaka kugirwa inama uko nakonsa umwana kuva hashize icyumweru kandi birushaho kuba bibi. Ndakeneye ubufasha vuba.",kinyarwanda,ROUTINE,obstetric,kinyarwanda->kinyarwanda:ROUTINE:obstetric,Ndashaka kugirwa inama uko nakonsa umwana.,Ndashaka kugirwa inama uko nakonsa umwana.
"Simbizi niba bikomeye ariko, mushiki wanjye ashaka guhabwa inzitiramubu kuva hashize iminsi itatu. Ndakeneye ubufasha vuba.",kinyarwanda,ROUTINE,preventive,kinyarwanda->kinyarwanda:ROUTINE:preventive,{REL} ashaka guhabwa inzitiramubu.,Ndashaka guhabwa inzitiramubu.
"Nzanye umwana wanjye, ndava amaraso menshi nyuma yo kubyara kuva mu gitondo. Abandi bana na bo bafite iki kibazo. Ntegereze cyangwa nsuzumwe ubu?",kinyarwanda,CRITICAL,obstetric,kinyarwanda->kinyarwanda:CRITICAL:obstetric,ndava amaraso menshi nyuma yo kubyara,ndava amaraso menshi nyuma yo kubyara
"Nzanye umwana wanjye, mama amaze umunsi wose ari mu bubabare bwo kubyara ariko umwana ntarasohoka kuva ejo nta miti imfasha",kinyarwanda,CRITICAL,obstetric,kinyarwanda->kinyarwanda:CRITICAL:obstetric,{REL} amaze umunsi wose ari mu bubabare bwo kubyara ariko umwana ntarasohoka.,Maze umunsi wose mbabara ngerageza kubyara ariko umwana ntarasohoka.
"Nzanye umwana wanjye, mushiki wanjye ashaka kugirwa inama ku mazi yo kunywa kuva ejo nta miti imfasha. Mfasha muganga.",kinyarwanda,ROUTINE,preventive,kinyarwanda->kinyarwanda:ROUTINE:preventive,{REL} ashaka kugirwa inama ku mazi yo kunywa.,Ndashaka kugirwa inama ku mazi yo kunywa.
"Mumbabarire, ndashaka kubabwira ikibazo mfite. Mfite ibimenyetso bya malariya, umuriro n'imbeho kuva mu masaha abiri ashize biragenda bikagaruka. Mfasha muganga.",kinyarwanda,URGENT,infectious_fever,kinyarwanda->kinyarwanda:URGENT:infectious_fever,"Mfite ibimenyetso bya malariya, umuriro n'imbeho.","Mfite ibimenyetso bya malariya, umuriro n'imbeho."
"Muraho, iyo umwana wanjye amaze kurya, yumva inda itameze neza kuva mu gitondo nta miti imfasha. Mfasha muganga.",kinyarwanda,ROUTINE,gastrointestinal,kinyarwanda->kinyarwanda:ROUTINE:gastrointestinal,"Iyo {REL} amaze kurya, yumva inda itameze neza.","Iyo {REL} amaze kurya, yumva inda itameze neza."
"Muraho, umuturanyi wanjye ntashobora kuvuga neza kandi umunwa we waragoramye nta miti imfasha. Ese ibi birakomeye?",kinyarwanda,CRITICAL,neurological,kinyarwanda->kinyarwanda:CRITICAL:neurological,{REL} ntashobora kuvuga neza kandi umunwa we waragoramye.,{REL} ntashobora kuvuga neza kandi umunwa we waragoramye.
"Mfasha vuba, ndakomeza kuruka kandi sinshobora kurya kuva hashize iminsi ibiri biragenda bikagaruka. Naje mvuye kure.",kinyarwanda,URGENT,gastrointestinal,kinyarwanda->kinyarwanda:URGENT:gastrointestinal,ndakomeza kuruka kandi sinshobora kurya,ndakomeza kuruka kandi sinshobora kurya
"Muraho, umuturanyi wanjye amaze umunsi wose ari mu bubabare bwo kubyara ariko umwana ntarasohoka kuva mu cyumweru gishize kandi sinshobora gusinzira. Nkora iki?",kinyarwanda,CRITICAL,obstetric,kinyarwanda->kinyarwanda:CRITICAL:obstetric,{REL} amaze umunsi wose ari mu bubabare bwo kubyara ariko umwana ntarasohoka.,Maze umunsi wose mbabara ngerageza kubyara ariko umwana ntarasohoka.
"Simbizi niba bikomeye ariko, ndashaka ko bapima ibiro by'umwana wanjye kuva hashize icyumweru kandi birushaho kuba bibi. Naje mvuye kure.",kinyarwanda,ROUTINE,paediatric,kinyarwanda->kinyarwanda:ROUTINE:paediatric,Ndashaka ko bapima ibiro by'umwana wanjye.,Ndashaka ko bapima ibiro by'umwana wanjye.
"Mfasha, umuturanyi wanjye ari kubyara ariko umugozi w'umwana wabanje gusohoka kuva mu masaha abiri ashize nta miti imfasha. Ndakeneye ubufasha vuba.",kinyarwanda,CRITICAL,obstetric,kinyarwanda->kinyarwanda:CRITICAL:obstetric,{REL} ari kubyara ariko umugozi w'umwana wabanje gusohoka.,Ndabyara ariko habanje gusohoka umugozi w'umwana.
"Nzanye umwana wanjye, mushiki wanjye aratwite kandi araruka ibyo arya byose bikarushaho nijoro. Ni imiti ki nafata?",kinyarwanda,URGENT,obstetric,kinyarwanda->kinyarwanda:URGENT:obstetric,{REL} aratwite kandi araruka ibyo arya byose.,Ndatwite kandi ndaruka ibyo ndya byose.
"Muraho, umwana wanjye afite umuriro mwinshi kandi arakorora cyane kuva ijoro ryashize nta miti imfasha. Ntabasha kubona amafaranga yo kongera kuza kwa muganga.",kinyarwanda,URGENT,infectious_fever,kinyarwanda->kinyarwanda:URGENT:infectious_fever,{REL} afite umuriro mwinshi kandi arakorora cyane.,mfite umuriro mwinshi kandi ndakorora cyane
"Mfasha vuba, mama arakomeza kuruka kandi ntashobora kurya kandi nta miti mfite. Ntegereze cyangwa nsuzumwe ubu?",kinyarwanda,URGENT,gastrointestinal,kinyarwanda->kinyarwanda:URGENT:gastrointestinal,{REL} arakomeza kuruka kandi ntashobora kurya.,ndakomeza kuruka kandi sinshobora kurya
Ndashaka kukubwira ikibazo mfite. Umugore wanjye ashaka ko bapima SIDA kuva mu cyumweru gishize biragenda bikagaruka. Mfasha muganga.,kinyarwanda,ROUTINE,preventive,kinyarwanda->kinyarwanda:ROUTINE:preventive,{REL} ashaka ko bapima SIDA.,Ndashaka ko bapima SIDA.
"Mfasha, umukecuru afite gahunda yo gukingiza umwana kuva mu gitondo kandi birushaho kuba bibi. Urakoze.",kinyarwanda,ROUTINE,preventive,kinyarwanda->kinyarwanda:ROUTINE:preventive,{REL} afite gahunda yo gukingiza umwana.,Mfite gahunda yo gukingiza umwana.
"Nzanye umwana wanjye, mfite igikomere cyanduye, kiratukura kandi kirimo amashyira kuva ubu gitondo cya kare bikarushaho nijoro. Ntabasha kubona amafaranga yo kongera kuza kwa muganga.",kinyarwanda,URGENT,haemorrhage_trauma,kinyarwanda->kinyarwanda:URGENT:haemorrhage_trauma,"mfite igikomere cyanduye, kiratukura kandi kirimo amashyira","mfite igikomere cyanduye, kiratukura kandi kirimo amashyira"
"Muraho, mfite igikomere gikomeye kirimo kuva amaraso menshi kuva ubu gitondo cya kare kandi nta miti mfite. Ndakeneye ubufasha vuba.",kinyarwanda,CRITICAL,haemorrhage_trauma,kinyarwanda->kinyarwanda:CRITICAL:haemorrhage_trauma,mfite igikomere gikomeye kirimo kuva amaraso menshi,mfite igikomere gikomeye kirimo kuva amaraso menshi
"Mfasha, mu rugo hari umuntu urwaye igituntu kandi umukecuru ashaka kwisuzumisha kuva ijoro ryashize kandi birushaho kuba bibi. Naje mvuye kure.",kinyarwanda,URGENT,preventive,kinyarwanda->kinyarwanda:URGENT:preventive,Mu rugo hari umuntu urwaye igituntu kandi {REL} ashaka kwisuzumisha.,Mu rugo hari umuntu urwaye igituntu kandi ndashaka kwisuzumisha.
"Naje hano mbere, maze umunsi wose mbabara ngerageza kubyara ariko umwana ntarasohoka kuva ubu gitondo cya kare kandi sinshobora gusinzira. Ndakeneye ubufasha vuba.",kinyarwanda,CRITICAL,obstetric,kinyarwanda->kinyarwanda:CRITICAL:obstetric,Maze umunsi wose mbabara ngerageza kubyara ariko umwana ntarasohoka.,Maze umunsi wose mbabara ngerageza kubyara ariko umwana ntarasohoka.
"Ndakeneye ubufasha, mu rugo hari umuntu urwaye igituntu kandi mushiki wanjye ashaka kwisuzumisha kuva mu cyumweru gishize nta miti imfasha. Ntegereze cyangwa nsuzumwe ubu?",kinyarwanda,URGENT,preventive,kinyarwanda->kinyarwanda:URGENT:preventive,Mu rugo hari umuntu urwaye igituntu kandi {REL} ashaka kwisuzumisha.,Mu rugo hari umuntu urwaye igituntu kandi ndashaka kwisuzumisha.
Ndabyara ariko habanje gusohoka umugozi w'umwana kuva ijoro ryashize nta miti imfasha. Ndakeneye ubufasha vuba.,kinyarwanda,CRITICAL,obstetric,kinyarwanda->kinyarwanda:CRITICAL:obstetric,Ndabyara ariko habanje gusohoka umugozi w'umwana.,Ndabyara ariko habanje gusohoka umugozi w'umwana.
"Muganga, nta miti y'igituntu mfite kuva ubu gitondo cya kare. Byatangiye gitunguranye. Ese ibi birakomeye?",kinyarwanda,URGENT,chronic_care,kinyarwanda->kinyarwanda:URGENT:chronic_care,Nta miti y'igituntu mfite.,Nta miti y'igituntu mfite.
"Naje hano mbere, umugabo wanjye umutima we utera cyane kandi yumva umeze nk'aho uhagarara kuva ijoro ryashize kandi ndahangayitse",kinyarwanda,CRITICAL,cardiac_respiratory,kinyarwanda->kinyarwanda:CRITICAL:cardiac_respiratory,{REL} umutima we utera cyane kandi yumva umeze nk'aho uhagarara.,umutima uratera cyane kandi nkumva umeze nk'aho uhagarara
"Naje hano mbere, umugabo wanjye afite gahunda yo gukingiza umwana kuva hashize iminsi itatu nta miti imfasha. Ni imiti ki nafata?",kinyarwanda,ROUTINE,preventive,kinyarwanda->kinyarwanda:ROUTINE:preventive,{REL} afite gahunda yo gukingiza umwana.,Mfite gahunda yo gukingiza umwana.
"Mfasha vuba, umutima uratera cyane kandi nkumva umeze nk'aho uhagarara bikarushaho nijoro. Naje mvuye kure.",kinyarwanda,CRITICAL,cardiac_respiratory,kinyarwanda->kinyarwanda:CRITICAL:cardiac_respiratory,umutima uratera cyane kandi nkumva umeze nk'aho uhagarara,umutima uratera cyane kandi nkumva umeze nk'aho uhagarara
"Muraho, umutwe urandya ariko ntabwo cyane kuva hashize iminsi itatu kandi sinshobora gusinzira. Nkora iki?",kinyarwanda,ROUTINE,neurological,kinyarwanda->kinyarwanda:ROUTINE:neurological,umutwe urandya ariko ntabwo cyane,umutwe urandya ariko ntabwo cyane
"Ndashaka kukubwira ikibazo mfite. Mfite umuriro woroheje umaze umunsi umwe, ariko nta kindi kibazo mfite kuva hashize icyumweru biragenda bikagaruka",kinyarwanda,ROUTINE,infectious_fever,kinyarwanda->kinyarwanda:ROUTINE:infectious_fever,"mfite umuriro woroheje umaze umunsi umwe, ariko nta kindi kibazo mfite","mfite umuriro woroheje umaze umunsi umwe, ariko nta kindi kibazo mfite"
"Mfasha, mfite ikibazo ku mutwe kandi kirimo guterwa n'urumuri. Abandi bana na bo bafite iki kibazo. Ese ibi birakomeye?",kinyarwanda,URGENT,neurological,kinyarwanda->kinyarwanda:URGENT:neurological,Mfite ikibazo ku mutwe kandi kirimo guterwa n'urumuri.,Mfite ikibazo ku mutwe kandi kirimo guterwa n'urumuri.
"Iyo mpumeka, numva igituza gifashe kandi mpumeka nkumva hari ijwi ridasanzwe kuva ijoro ryashize kandi sinshobora gusinzira. Mfasha muganga.",kinyarwanda,URGENT,cardiac_respiratory,kinyarwanda->kinyarwanda:URGENT:cardiac_respiratory,"Iyo mpumeka, numva igituza gifashe kandi mpumeka nkumva hari ijwi ridasanzwe.","Iyo mpumeka, numva igituza gifashe kandi mpumeka nkumva hari ijwi ridasanzwe."
"Ndakeneye ubufasha, umutima uratera cyane kandi nkumva umeze nk'aho uhagarara kuva ejo. Abandi bana na bo bafite iki kibazo. Ntegereze cyangwa nsuzumwe ubu?",kinyarwanda,CRITICAL,cardiac_respiratory,kinyarwanda->kinyarwanda:CRITICAL:cardiac_respiratory,umutima uratera cyane kandi nkumva umeze nk'aho uhagarara,umutima uratera cyane kandi nkumva umeze nk'aho uhagarara
"Simbizi niba bikomeye ariko, ndashaka guhabwa inzitiramubu kuva mu cyumweru gishize. Abandi bana na bo bafite iki kibazo. Mfasha muganga.",kinyarwanda,ROUTINE,preventive,kinyarwanda->kinyarwanda:ROUTINE:preventive,Ndashaka guhabwa inzitiramubu.,Ndashaka guhabwa inzitiramubu.
"Mumbabarire, ndashaka kubabwira ikibazo mfite. Nkorora gake ariko nta muriro mfite kuva hashize iminsi itatu kandi sinshobora gusinzira. Mfasha muganga.",kinyarwanda,ROUTINE,cardiac_respiratory,kinyarwanda->kinyarwanda:ROUTINE:cardiac_respiratory,Nkorora gake ariko nta muriro mfite.,Nkorora gake ariko nta muriro mfite.
"Mumbabarire, ndashaka kubabwira ikibazo mfite. Ndashaka ko bapima umuvuduko w'amaraso kuva ejo kandi ndahangayitse. Urakoze.",kinyarwanda,ROUTINE,preventive,kinyarwanda->kinyarwanda:ROUTINE:preventive,Ndashaka ko bapima umuvuduko w'amaraso.,Ndashaka ko bapima umuvuduko w'amaraso.
"Muganga, maze ibyumweru birenga bibiri ndwaye impiswi kuva mu gitondo. Byatangiye gitunguranye. Mfasha muganga.",kinyarwanda,URGENT,gastrointestinal,kinyarwanda->kinyarwanda:URGENT:gastrointestinal,Maze ibyumweru birenga bibiri ndwaye impiswi.,Maze ibyumweru birenga bibiri ndwaye impiswi.
"Mumbabarire, ndashaka kubabwira ikibazo mfite. Mfite igikomere gikomeye kirimo kuva amaraso menshi kuva mu gitondo. Abandi bana na bo bafite iki kibazo. Ndakeneye ubufasha vuba.",kinyarwanda,CRITICAL,haemorrhage_trauma,kinyarwanda->kinyarwanda:CRITICAL:haemorrhage_trauma,mfite igikomere gikomeye kirimo kuva amaraso menshi,mfite igikomere gikomeye kirimo kuva amaraso menshi
"Ndakeneye ubufasha, narumwe n'inzoka kuva hashize icyumweru. Ese ibi birakomeye?",kinyarwanda,URGENT,haemorrhage_trauma,kinyarwanda->kinyarwanda:URGENT:haemorrhage_trauma,Narumwe n'inzoka.,Narumwe n'inzoka.
"Nzanye umwana wanjye, papa umutima we utera cyane kandi yumva umeze nk'aho uhagarara kuva hashize iminsi itatu kandi ndahangayitse",kinyarwanda,CRITICAL,cardiac_respiratory,kinyarwanda->kinyarwanda:CRITICAL:cardiac_respiratory,{REL} umutima we utera cyane kandi yumva umeze nk'aho uhagarara.,umutima uratera cyane kandi nkumva umeze nk'aho uhagarara
"Ndakeneye ubufasha, ndashaka ko bapima ibiro by'umwana wanjye kuva mu gitondo biragenda bikagaruka. Mfasha muganga.",kinyarwanda,ROUTINE,paediatric,kinyarwanda->kinyarwanda:ROUTINE:paediatric,Ndashaka ko bapima ibiro by'umwana wanjye.,Ndashaka ko bapima ibiro by'umwana wanjye.
"Nzanye umwana wanjye, mama ashaka ko bapima SIDA kuva mu cyumweru gishize kandi birushaho kuba bibi. Naje mvuye kure.",kinyarwanda,ROUTINE,preventive,kinyarwanda->kinyarwanda:ROUTINE:preventive,{REL} ashaka ko bapima SIDA.,Ndashaka ko bapima SIDA.
"Mumbabarire, ndashaka kubabwira ikibazo mfite. Ndatwite kandi ndaruka ibyo ndya byose. Ndakeneye ubufasha vuba.",kinyarwanda,URGENT,obstetric,kinyarwanda->kinyarwanda:URGENT:obstetric,Ndatwite kandi ndaruka ibyo ndya byose.,Ndatwite kandi ndaruka ibyo ndya byose.
"Nyabuneka, mfite igikomere gito kandi amaraso yarahagaze kuva mu masaha abiri ashize. Abandi bana na bo bafite iki kibazo. Naje mvuye kure.",kinyarwanda,ROUTINE,haemorrhage_trauma,kinyarwanda->kinyarwanda:ROUTINE:haemorrhage_trauma,Mfite igikomere gito kandi amaraso yarahagaze.,Mfite igikomere gito kandi amaraso yarahagaze.
"Mfasha, ndashaka inama ku biryo byo kugaburira umwana wanjye kuva mu masaha abiri ashize bikarushaho nijoro. Ni imiti ki nafata?",kinyarwanda,ROUTINE,preventive,kinyarwanda->kinyarwanda:ROUTINE:preventive,Ndashaka inama ku biryo byo kugaburira umwana wanjye.,Ndashaka inama ku biryo byo kugaburira umwana wanjye.
"Muganga, umugore wanjye aratwite kandi yaragagaye kandi nta miti mfite. Ni imiti ki nafata?",kinyarwanda,CRITICAL,obstetric,kinyarwanda->kinyarwanda:CRITICAL:obstetric,{REL} aratwite kandi yaragagaye.,Ndatwite kandi nagagaye.
"Ndakeneye ubufasha, mama afite igikomere cyanduye, kiratukura kandi kirimo amashyira kuva hashize icyumweru biragenda bikagaruka. Urakoze.",kinyarwanda,URGENT,haemorrhage_trauma,kinyarwanda->kinyarwanda:URGENT:haemorrhage_trauma,"{REL} afite igikomere cyanduye, kiratukura kandi kirimo amashyira.","mfite igikomere cyanduye, kiratukura kandi kirimo amashyira"
"Ndakeneye ubufasha, amazuru arantemba gake kuva ijoro ryashize nta miti imfasha. Naje mvuye kure.",kinyarwanda,ROUTINE,infectious_fever,kinyarwanda->kinyarwanda:ROUTINE:infectious_fever,amazuru arantemba gake,amazuru arantemba gake
"Nyabuneka, umwana wanjye afite ikibazo cyo kutabasha guhumeka neza, kandi uruhu rwe rwahindutse ubururu kuva ejo kandi birushaho kuba bibi",kinyarwanda,CRITICAL,paediatric,kinyarwanda->kinyarwanda:CRITICAL:paediatric,"{REL} afite ikibazo cyo kutabasha guhumeka neza, kandi uruhu rwe rwahindutse ubururu","{REL} afite ikibazo cyo kutabasha guhumeka neza, kandi uruhu rwe rwahindutse ubururu"
"Mumbabarire, ndashaka kubabwira ikibazo mfite. Umukecuru isukari yo mu maraso ye yazamutse cyane. Abandi bana na bo bafite iki kibazo. Murakoze.",kinyarwanda,URGENT,chronic_care,kinyarwanda->kinyarwanda:URGENT:chronic_care,{REL} isukari yo mu maraso ye yazamutse cyane.,isukari yo mu maraso yanjye yazamutse cyane
"Nzanye umwana wanjye, umwana wanjye afite umuriro mwinshi kandi arakorora cyane kuva hashize iminsi itatu kandi nta miti mfite. Ntegereze cyangwa nsuzumwe ubu?",kinyarwanda,URGENT,infectious_fever,kinyarwanda->kinyarwanda:URGENT:infectious_fever,{REL} afite umuriro mwinshi kandi arakorora cyane.,mfite umuriro mwinshi kandi ndakorora cyane
"Mumbabarire, ndashaka kubabwira ikibazo mfite. Umutima uratera cyane kandi nkumva umeze nk'aho uhagarara kuva hashize icyumweru. Abandi bana na bo bafite iki kibazo. Naje mvuye kure.",kinyarwanda,CRITICAL,cardiac_respiratory,kinyarwanda->kinyarwanda:CRITICAL:cardiac_respiratory,umutima uratera cyane kandi nkumva umeze nk'aho uhagarara,umutima uratera cyane kandi nkumva umeze nk'aho uhagarara
"Naje hano mbere, umugabo wanjye afite igikomere cyanduye, kiratukura kandi kirimo amashyira kuva ejo biragenda bikagaruka",kinyarwanda,URGENT,haemorrhage_trauma,kinyarwanda->kinyarwanda:URGENT:haemorrhage_trauma,"{REL} afite igikomere cyanduye, kiratukura kandi kirimo amashyira.","mfite igikomere cyanduye, kiratukura kandi kirimo amashyira"
"Mfasha vuba, umwana wanjye araruka amaraso kuva mu gitondo kandi birushaho kuba bibi. Ntabasha kubona amafaranga yo kongera kuza kwa muganga.",kinyarwanda,CRITICAL,gastrointestinal,kinyarwanda->kinyarwanda:CRITICAL:gastrointestinal,{REL} araruka amaraso.,Ndaruka amaraso.
"Simbizi niba bikomeye ariko, umuturanyi wanjye umutima we utera cyane kandi yumva umeze nk'aho uhagarara kuva mu cyumweru gishize kandi birushaho kuba bibi. Ese ibi birakomeye?",kinyarwanda,CRITICAL,cardiac_respiratory,kinyarwanda->kinyarwanda:CRITICAL:cardiac_respiratory,{REL} umutima we utera cyane kandi yumva umeze nk'aho uhagarara.,umutima uratera cyane kandi nkumva umeze nk'aho uhagarara
"Mfasha vuba, umuturanyi wanjye ari kubyara ariko umugozi w'umwana wabanje gusohoka kuva hashize icyumweru kandi birushaho kuba bibi",kinyarwanda,CRITICAL,obstetric,kinyarwanda->kinyarwanda:CRITICAL:obstetric,{REL} ari kubyara ariko umugozi w'umwana wabanje gusohoka.,Ndabyara ariko habanje gusohoka umugozi w'umwana.
"Ndakeneye ubufasha, mfite ikibazo ku mutwe kandi kirimo guterwa n'urumuri kuva hashize icyumweru kandi nta miti mfite. Ese ibi birakomeye?",kinyarwanda,URGENT,neurological,kinyarwanda->kinyarwanda:URGENT:neurological,Mfite ikibazo ku mutwe kandi kirimo guterwa n'urumuri.,Mfite ikibazo ku mutwe kandi kirimo guterwa n'urumuri.
"Simbizi niba bikomeye ariko, umwana wanjye amazuru ye aratemba gake kuva hashize iminsi itatu nta miti imfasha. Mfasha muganga.",kinyarwanda,ROUTINE,infectious_fever,kinyarwanda->kinyarwanda:ROUTINE:infectious_fever,{REL} amazuru ye aratemba gake.,amazuru arantemba gake
Ndashaka kukubwira ikibazo mfite. Umwana wanjye akorora gake ariko nta muriro afite kuva ijoro ryashize kandi sinshobora gusinzira. Murakoze.,kinyarwanda,ROUTINE,cardiac_respiratory,kinyarwanda->kinyarwanda:ROUTINE:cardiac_respiratory,{REL} akorora gake ariko nta muriro afite.,Nkorora gake ariko nta muriro mfite.
Ndashaka kukubwira ikibazo mfite. Mama ari kubyara ariko umugozi w'umwana wabanje gusohoka kuva hashize icyumweru nta miti imfasha. Ese ibi birakomeye?,kinyarwanda,CRITICAL,obstetric,kinyarwanda->kinyarwanda:CRITICAL:obstetric,{REL} ari kubyara ariko umugozi w'umwana wabanje gusohoka.,Ndabyara ariko habanje gusohoka umugozi w'umwana.
"Ndakeneye ubufasha, maze umunsi wose mbabara ngerageza kubyara ariko umwana ntarasohoka kandi nta miti mfite. Naje mvuye kure.",kinyarwanda,CRITICAL,obstetric,kinyarwanda->kinyarwanda:CRITICAL:obstetric,Maze umunsi wose mbabara ngerageza kubyara ariko umwana ntarasohoka.,Maze umunsi wose mbabara ngerageza kubyara ariko umwana ntarasohoka.
"Muganga, ndashaka ko bapima ibiro by'umwana wanjye kuva ejo. Nkora iki?",kinyarwanda,ROUTINE,paediatric,kinyarwanda->kinyarwanda:ROUTINE:paediatric,Ndashaka ko bapima ibiro by'umwana wanjye.,Ndashaka ko bapima ibiro by'umwana wanjye.
"Nyabuneka, nkorora gake ariko nta muriro mfite kuva ijoro ryashize kandi birushaho kuba bibi. Mfasha muganga.",kinyarwanda,ROUTINE,cardiac_respiratory,kinyarwanda->kinyarwanda:ROUTINE:cardiac_respiratory,Nkorora gake ariko nta muriro mfite.,Nkorora gake ariko nta muriro mfite.
Umugabo wanjye afite umuriro kandi umutwe uramubabaza cyane kuva mu masaha abiri ashize. Abandi bana na bo bafite iki kibazo. Naje mvuye kure.,kinyarwanda,URGENT,infectious_fever,kinyarwanda->kinyarwanda:URGENT:infectious_fever,{REL} afite umuriro kandi umutwe uramubabaza cyane.,mfite umuriro kandi umutwe urandya cyane
"Ndakeneye ubufasha, umwana wanjye afite ibimenyetso bya malariya, umuriro n'imbeho kuva mu masaha abiri ashize. Byatangiye gitunguranye.",kinyarwanda,URGENT,infectious_fever,kinyarwanda->kinyarwanda:URGENT:infectious_fever,"{REL} afite ibimenyetso bya malariya, umuriro n'imbeho.","Mfite ibimenyetso bya malariya, umuriro n'imbeho."
"Simbizi niba bikomeye ariko, ndatwite kandi ndashaka kujya kwa muganga kwisuzumisha. Ndakeneye ubufasha vuba.",kinyarwanda,ROUTINE,obstetric,kinyarwanda->kinyarwanda:ROUTINE:obstetric,Ndatwite kandi ndashaka kujya kwa muganga kwisuzumisha.,Ndatwite kandi ndashaka kujya kwa muganga kwisuzumisha.
"Nzanye umwana wanjye, mushiki wanjye ashaka ko bapima SIDA kuva mu masaha abiri ashize. Mfasha muganga.",kinyarwanda,ROUTINE,preventive,kinyarwanda->kinyarwanda:ROUTINE:preventive,{REL} ashaka ko bapima SIDA.,Ndashaka ko bapima SIDA.
"Muganga, mu gituza harandya cyane kandi ububabare bukagera no ku kuboko kuva mu cyumweru gishize nta miti imfasha. Mfasha muganga.",kinyarwanda,CRITICAL,cardiac_respiratory,kinyarwanda->kinyarwanda:CRITICAL:cardiac_respiratory,mu gituza harandya cyane kandi ububabare bukagera no ku kuboko,mu gituza harandya cyane kandi ububabare bukagera no ku kuboko
"Simbizi niba bikomeye ariko, amazuru arantemba gake kuva mu gitondo nta miti imfasha. Urakoze.",kinyarwanda,ROUTINE,infectious_fever,kinyarwanda->kinyarwanda:ROUTINE:infectious_fever,amazuru arantemba gake,amazuru arantemba gake
Ndashaka kukubwira ikibazo mfite. Nkorora gake ariko nta muriro mfite kuva hashize iminsi ibiri nta miti imfasha. Nkora iki?,kinyarwanda,ROUTINE,cardiac_respiratory,kinyarwanda->kinyarwanda:ROUTINE:cardiac_respiratory,Nkorora gake ariko nta muriro mfite.,Nkorora gake ariko nta muriro mfite.
"Naje hano mbere, mfite igikomere gito kandi amaraso yarahagaze kuva ejo bikarushaho nijoro. Ni imiti ki nafata?",kinyarwanda,ROUTINE,haemorrhage_trauma,kinyarwanda->kinyarwanda:ROUTINE:haemorrhage_trauma,Mfite igikomere gito kandi amaraso yarahagaze.,Mfite igikomere gito kandi amaraso yarahagaze.
"Nzanye umwana wanjye, ndashaka imiti y'inzoka y'umwana wanjye kuva hashize iminsi ibiri kandi birushaho kuba bibi. Ndakeneye ubufasha vuba.",kinyarwanda,ROUTINE,preventive,kinyarwanda->kinyarwanda:ROUTINE:preventive,Ndashaka imiti y'inzoka y'umwana wanjye.,Ndashaka imiti y'inzoka y'umwana wanjye.
"Mfasha, ndaruka ibyo ndya byose kandi sinshobora no kunywa kuva ijoro ryashize bikarushaho nijoro. Ni imiti ki nafata?",kinyarwanda,CRITICAL,gastrointestinal,kinyarwanda->kinyarwanda:CRITICAL:gastrointestinal,Ndaruka ibyo ndya byose kandi sinshobora no kunywa.,Ndaruka ibyo ndya byose kandi sinshobora no kunywa.
"Mumbabarire, ndashaka kubabwira ikibazo mfite. Umuturanyi wanjye aratwite kandi umutwe uramubabaza cyane, kandi ntashobora kureba neza kuva hashize iminsi itatu kandi birushaho kuba bibi",kinyarwanda,CRITICAL,obstetric,kinyarwanda->kinyarwanda:CRITICAL:obstetric,"{REL} aratwite kandi umutwe uramubabaza cyane, kandi ntashobora kureba neza.","Ndatwite, umutwe urandya cyane kandi sinshobora kureba neza."
"Nzanye umwana wanjye, mushiki wanjye afite umuriro kandi umutwe uramubabaza cyane kuva mu cyumweru gishize. Abandi bana na bo bafite iki kibazo. Ese ibi birakomeye?",kinyarwanda,URGENT,infectious_fever,kinyarwanda->kinyarwanda:URGENT:infectious_fever,{REL} afite umuriro kandi umutwe uramubabaza cyane.,mfite umuriro kandi umutwe urandya cyane
"Simbizi niba bikomeye ariko, narumwe n'inzoka kuva hashize iminsi ibiri. Abandi bana na bo bafite iki kibazo. Ndakeneye ubufasha vuba.",kinyarwanda,URGENT,haemorrhage_trauma,kinyarwanda->kinyarwanda:URGENT:haemorrhage_trauma,Narumwe n'inzoka.,Narumwe n'inzoka.
"Nzanye umwana wanjye, mushiki wanjye ashaka guhabwa inzitiramubu kuva ijoro ryashize nta miti imfasha. Murakoze.",kinyarwanda,ROUTINE,preventive,kinyarwanda->kinyarwanda:ROUTINE:preventive,{REL} ashaka guhabwa inzitiramubu.,Ndashaka guhabwa inzitiramubu.
"Mfasha vuba, mama aratwite kandi yaragagaye kuva hashize icyumweru nta miti imfasha",kinyarwanda,CRITICAL,obstetric,kinyarwanda->kinyarwanda:CRITICAL:obstetric,{REL} aratwite kandi yaragagaye.,Ndatwite kandi nagagaye.
"Mumbabarire, ndashaka kubabwira ikibazo mfite. Mfite impiswi zirimo amaraso kuva ijoro ryashize. Ntegereze cyangwa nsuzumwe ubu?",kinyarwanda,URGENT,gastrointestinal,kinyarwanda->kinyarwanda:URGENT:gastrointestinal,Mfite impiswi zirimo amaraso.,Mfite impiswi zirimo amaraso.
"Muganga, umukecuru afite ububabare bukabije mu nda kuva ijoro ryashize kandi birushaho kuba bibi. Urakoze.",kinyarwanda,URGENT,gastrointestinal,kinyarwanda->kinyarwanda:URGENT:gastrointestinal,{REL} afite ububabare bukabije mu nda.,Mfite ububabare bukabije mu nda.
"Nyabuneka, ndatwite kandi ndashaka kujya kwa muganga kwisuzumisha kuva hashize icyumweru kandi ndahangayitse. Urakoze.",kinyarwanda,ROUTINE,obstetric,kinyarwanda->kinyarwanda:ROUTINE:obstetric,Ndatwite kandi ndashaka kujya kwa muganga kwisuzumisha.,Ndatwite kandi ndashaka kujya kwa muganga kwisuzumisha.
"Nyabuneka, ndabyara ariko habanje gusohoka umugozi w'umwana kuva ijoro ryashize biragenda bikagaruka. Ese ibi birakomeye?",kinyarwanda,CRITICAL,obstetric,kinyarwanda->kinyarwanda:CRITICAL:obstetric,Ndabyara ariko habanje gusohoka umugozi w'umwana.,Ndabyara ariko habanje gusohoka umugozi w'umwana.
"Simbizi niba bikomeye ariko, mama ari kubyara ariko umugozi w'umwana wabanje gusohoka. Ni imiti ki nafata?",kinyarwanda,CRITICAL,obstetric,kinyarwanda->kinyarwanda:CRITICAL:obstetric,{REL} ari kubyara ariko umugozi w'umwana wabanje gusohoka.,Ndabyara ariko habanje gusohoka umugozi w'umwana.
"Nzanye umwana wanjye, mfite umuhaha kuva ubu gitondo cya kare kandi sinshobora gusinzira. Ntegereze cyangwa nsuzumwe ubu?",kinyarwanda,URGENT,paediatric,kinyarwanda->kinyarwanda:URGENT:paediatric,Mfite umuhaha.,Mfite umuhaha.
"Muganga, ndashaka ko bapima umuvuduko w'amaraso kuva hashize iminsi ibiri nta miti imfasha. Ese ibi birakomeye?",kinyarwanda,ROUTINE,preventive,kinyarwanda->kinyarwanda:ROUTINE:preventive,Ndashaka ko bapima umuvuduko w'amaraso.,Ndashaka ko bapima umuvuduko w'amaraso.
"Mumbabarire, ndashaka kubabwira ikibazo mfite. Mfite ibimenyetso bya malariya, umuriro n'imbeho kuva ijoro ryashize. Ndakeneye ubufasha vuba.",kinyarwanda,URGENT,infectious_fever,kinyarwanda->kinyarwanda:URGENT:infectious_fever,"Mfite ibimenyetso bya malariya, umuriro n'imbeho.","Mfite ibimenyetso bya malariya, umuriro n'imbeho."
"Iyo mpumeka, numva igituza gifashe kandi mpumeka nkumva hari ijwi ridasanzwe kuva hashize iminsi ibiri kandi sinshobora gusinzira. Nkora iki?",kinyarwanda,URGENT,cardiac_respiratory,kinyarwanda->kinyarwanda:URGENT:cardiac_respiratory,"Iyo mpumeka, numva igituza gifashe kandi mpumeka nkumva hari ijwi ridasanzwe.","Iyo mpumeka, numva igituza gifashe kandi mpumeka nkumva hari ijwi ridasanzwe."
"Muganga, ndatwite kandi ndashaka kujya kwa muganga kwisuzumisha kuva ijoro ryashize kandi sinshobora gusinzira. Ndakeneye ubufasha vuba.",kinyarwanda,ROUTINE,obstetric,kinyarwanda->kinyarwanda:ROUTINE:obstetric,Ndatwite kandi ndashaka kujya kwa muganga kwisuzumisha.,Ndatwite kandi ndashaka kujya kwa muganga kwisuzumisha.
"Mfasha vuba, mfite umwanda usa umukara kuva ijoro ryashize biragenda bikagaruka. Ni imiti ki nafata?",kinyarwanda,CRITICAL,gastrointestinal,kinyarwanda->kinyarwanda:CRITICAL:gastrointestinal,Mfite umwanda usa umukara.,Mfite umwanda usa umukara.
"Nzanye umwana wanjye, umwana wanjye arakomeza kuruka kandi ntashobora kurya kuva hashize icyumweru. Ndakeneye ubufasha vuba.",kinyarwanda,URGENT,gastrointestinal,kinyarwanda->kinyarwanda:URGENT:gastrointestinal,{REL} arakomeza kuruka kandi ntashobora kurya.,ndakomeza kuruka kandi sinshobora kurya
"Mfasha vuba, umuturanyi wanjye ari kubyara ariko umugozi w'umwana wabanje gusohoka kuva ejo nta miti imfasha. Mfasha muganga.",kinyarwanda,CRITICAL,obstetric,kinyarwanda->kinyarwanda:CRITICAL:obstetric,{REL} ari kubyara ariko umugozi w'umwana wabanje gusohoka.,Ndabyara ariko habanje gusohoka umugozi w'umwana.
"Ndakeneye ubufasha, umugore wanjye aratwite kandi yaragagaye kuva mu gitondo kandi birushaho kuba bibi. Ntegereze cyangwa nsuzumwe ubu?",kinyarwanda,CRITICAL,obstetric,kinyarwanda->kinyarwanda:CRITICAL:obstetric,{REL} aratwite kandi yaragagaye.,Ndatwite kandi nagagaye.
"Nyabuneka, ndashaka kongererwa imiti y'umuvuduko w'amaraso kuva ubu gitondo cya kare kandi sinshobora gusinzira",kinyarwanda,ROUTINE,chronic_care,kinyarwanda->kinyarwanda:ROUTINE:chronic_care,Ndashaka kongererwa imiti y'umuvuduko w'amaraso.,Ndashaka kongererwa imiti y'umuvuduko w'amaraso.
"Mumbabarire, ndashaka kubabwira ikibazo mfite. Iyo mpumeka, numva igituza gifashe kandi mpumeka nkumva hari ijwi ridasanzwe kuva mu gitondo. Byatangiye gitunguranye. Ntabasha kubona amafaranga yo kongera kuza kwa muganga.",kinyarwanda,URGENT,cardiac_respiratory,kinyarwanda->kinyarwanda:URGENT:cardiac_respiratory,"Iyo mpumeka, numva igituza gifashe kandi mpumeka nkumva hari ijwi ridasanzwe.","Iyo mpumeka, numva igituza gifashe kandi mpumeka nkumva hari ijwi ridasanzwe."
Ndashaka imiti y'inzoka y'umwana wanjye kuva ubu gitondo cya kare nta miti imfasha. Mfasha muganga.,kinyarwanda,ROUTINE,preventive,kinyarwanda->kinyarwanda:ROUTINE:preventive,Ndashaka imiti y'inzoka y'umwana wanjye.,Ndashaka imiti y'inzoka y'umwana wanjye.
Mfite igisebe ku kirenge kidakira kandi mfite diyabete kuva ijoro ryashize kandi sinshobora gusinzira. Naje mvuye kure.,kinyarwanda,URGENT,chronic_care,kinyarwanda->kinyarwanda:URGENT:chronic_care,Mfite igisebe ku kirenge kidakira kandi mfite diyabete.,Mfite igisebe ku kirenge kidakira kandi mfite diyabete.
"Muganga, umwana wanjye arakomeza kuruka kandi ntashobora kurya kuva mu gitondo kandi sinshobora gusinzira. Murakoze.",kinyarwanda,URGENT,gastrointestinal,kinyarwanda->kinyarwanda:URGENT:gastrointestinal,{REL} arakomeza kuruka kandi ntashobora kurya.,ndakomeza kuruka kandi sinshobora kurya
"Mumbabarire, ndashaka kubabwira ikibazo mfite. Guhumeka birangora cyane ku buryo ntabasha no kuvuga neza kuva ijoro ryashize kandi ndahangayitse. Ni imiti ki nafata?",kinyarwanda,CRITICAL,cardiac_respiratory,kinyarwanda->kinyarwanda:CRITICAL:cardiac_respiratory,Guhumeka birangora cyane ku buryo ntabasha no kuvuga neza.,Guhumeka birangora cyane ku buryo ntabasha no kuvuga neza.
Nkorora gake ariko nta muriro mfite kuva ubu gitondo cya kare biragenda bikagaruka. Ntabasha kubona amafaranga yo kongera kuza kwa muganga.,kinyarwanda,ROUTINE,cardiac_respiratory,kinyarwanda->kinyarwanda:ROUTINE:cardiac_respiratory,Nkorora gake ariko nta muriro mfite.,Nkorora gake ariko nta muriro mfite.
Ndashaka kukubwira ikibazo mfite. Naraguye none ndababara cyane kuva ubu gitondo cya kare nta miti imfasha. Ntegereze cyangwa nsuzumwe ubu?,kinyarwanda,URGENT,haemorrhage_trauma,kinyarwanda->kinyarwanda:URGENT:haemorrhage_trauma,naraguye none ndababara cyane,naraguye none ndababara cyane
Nkorora gake ariko nta muriro mfite kuva hashize iminsi itatu kandi birushaho kuba bibi. Ni imiti ki nafata?,kinyarwanda,ROUTINE,cardiac_respiratory,kinyarwanda->kinyarwanda:ROUTINE:cardiac_respiratory,Nkorora gake ariko nta muriro mfite.,Nkorora gake ariko nta muriro mfite.
"Nyabuneka, mfite umuriro mwinshi kandi nagagaye kuva mu gitondo. Abandi bana na bo bafite iki kibazo. Ni imiti ki nafata?",kinyarwanda,CRITICAL,infectious_fever,kinyarwanda->kinyarwanda:CRITICAL:infectious_fever,Mfite umuriro mwinshi kandi nagagaye.,Mfite umuriro mwinshi kandi nagagaye.
"Muraho, naraguye none ndababara cyane kuva mu masaha abiri ashize kandi nta miti mfite. Mfasha muganga.",kinyarwanda,URGENT,haemorrhage_trauma,kinyarwanda->kinyarwanda:URGENT:haemorrhage_trauma,naraguye none ndababara cyane,naraguye none ndababara cyane
"Simbizi niba bikomeye ariko, mfite umuriro kandi numva mfite imbeho, nkeka ko ari malariya kuva ijoro ryashize kandi nta miti mfite. Ntabasha kubona amafaranga yo kongera kuza kwa muganga.",kinyarwanda,URGENT,infectious_fever,kinyarwanda->kinyarwanda:URGENT:infectious_fever,"mfite umuriro kandi numva mfite imbeho, nkeka ko ari malariya","mfite umuriro kandi numva mfite imbeho, nkeka ko ari malariya"
"Muraho, umwana wanjye amazuru ye aratemba gake nta miti imfasha",kinyarwanda,ROUTINE,infectious_fever,kinyarwanda->kinyarwanda:ROUTINE:infectious_fever,{REL} amazuru ye aratemba gake.,amazuru arantemba gake
"Naje hano mbere, mushiki wanjye nta miti ya SIDA afite kuva hashize iminsi ibiri bikarushaho nijoro. Mfasha muganga.",kinyarwanda,URGENT,chronic_care,kinyarwanda->kinyarwanda:URGENT:chronic_care,{REL} nta miti ya SIDA afite.,Nta miti ya SIDA mfite.
"Mumbabarire, ndashaka kubabwira ikibazo mfite. Mama aratwite kandi araruka ibyo arya byose. Byatangiye gitunguranye. Ese ibi birakomeye?",kinyarwanda,URGENT,obstetric,kinyarwanda->kinyarwanda:URGENT:obstetric,{REL} aratwite kandi araruka ibyo arya byose.,Ndatwite kandi ndaruka ibyo ndya byose.
Umuturanyi wanjye amaze umunsi wose ari mu bubabare bwo kubyara ariko umwana ntarasohoka kuva ejo nta miti imfasha. Ntabasha kubona amafaranga yo kongera kuza kwa muganga.,kinyarwanda,CRITICAL,obstetric,kinyarwanda->kinyarwanda:CRITICAL:obstetric,{REL} amaze umunsi wose ari mu bubabare bwo kubyara ariko umwana ntarasohoka.,Maze umunsi wose mbabara ngerageza kubyara ariko umwana ntarasohoka.
"Nyabuneka, mu gituza harandya cyane kandi ububabare bukagera no ku kuboko kuva ejo. Abandi bana na bo bafite iki kibazo. Naje mvuye kure.",kinyarwanda,CRITICAL,cardiac_respiratory,kinyarwanda->kinyarwanda:CRITICAL:cardiac_respiratory,mu gituza harandya cyane kandi ububabare bukagera no ku kuboko,mu gituza harandya cyane kandi ububabare bukagera no ku kuboko
"Naje hano mbere, umugabo wanjye araruka amaraso kuva mu gitondo nta miti imfasha. Mfasha muganga.",kinyarwanda,CRITICAL,gastrointestinal,kinyarwanda->kinyarwanda:CRITICAL:gastrointestinal,{REL} araruka amaraso.,Ndaruka amaraso.
"Mfasha vuba, ndabyara ariko habanje gusohoka umugozi w'umwana kuva mu gitondo kandi birushaho kuba bibi. Mfasha muganga.",kinyarwanda,CRITICAL,obstetric,kinyarwanda->kinyarwanda:CRITICAL:obstetric,Ndabyara ariko habanje gusohoka umugozi w'umwana.,Ndabyara ariko habanje gusohoka umugozi w'umwana.
"Mfasha vuba, umukecuru afite umuriro kandi umutwe uramubabaza cyane kandi sinshobora gusinzira. Mfasha muganga.",kinyarwanda,URGENT,infectious_fever,kinyarwanda->kinyarwanda:URGENT:infectious_fever,{REL} afite umuriro kandi umutwe uramubabaza cyane.,mfite umuriro kandi umutwe urandya cyane
"Naje hano mbere, mfite umuriro kandi numva mfite imbeho, nkeka ko ari malariya kuva mu cyumweru gishize biragenda bikagaruka. Nkora iki?",kinyarwanda,URGENT,infectious_fever,kinyarwanda->kinyarwanda:URGENT:infectious_fever,"mfite umuriro kandi numva mfite imbeho, nkeka ko ari malariya","mfite umuriro kandi numva mfite imbeho, nkeka ko ari malariya"
Mfite igisebe ku kirenge kidakira kandi mfite diyabete kuva hashize icyumweru. Ni imiti ki nafata?,kinyarwanda,URGENT,chronic_care,kinyarwanda->kinyarwanda:URGENT:chronic_care,Mfite igisebe ku kirenge kidakira kandi mfite diyabete.,Mfite igisebe ku kirenge kidakira kandi mfite diyabete.
"Ndashaka kukubwira ikibazo mfite. Mfite umuriro woroheje umaze umunsi umwe, ariko nta kindi kibazo mfite kuva ijoro ryashize biragenda bikagaruka. Urakoze.",kinyarwanda,ROUTINE,infectious_fever,kinyarwanda->kinyarwanda:ROUTINE:infectious_fever,"mfite umuriro woroheje umaze umunsi umwe, ariko nta kindi kibazo mfite","mfite umuriro woroheje umaze umunsi umwe, ariko nta kindi kibazo mfite"
"Muganga, maze ibyumweru birenga bibiri ndwaye impiswi kuva ijoro ryashize bikarushaho nijoro. Ni imiti ki nafata?",kinyarwanda,URGENT,gastrointestinal,kinyarwanda->kinyarwanda:URGENT:gastrointestinal,Maze ibyumweru birenga bibiri ndwaye impiswi.,Maze ibyumweru birenga bibiri ndwaye impiswi.
"Ndakeneye ubufasha, naguye, ukuguru kuragoramye ariko sinumva ko kuvunitse kuva mu cyumweru gishize nta miti imfasha. Ntegereze cyangwa nsuzumwe ubu?",kinyarwanda,URGENT,haemorrhage_trauma,kinyarwanda->kinyarwanda:URGENT:haemorrhage_trauma,"Naguye, ukuguru kuragoramye ariko sinumva ko kuvunitse.","Naguye, ukuguru kuragoramye ariko sinumva ko kuvunitse."
"Naje hano mbere, umwana wanjye amazuru ye aratemba gake kuva hashize iminsi itatu kandi sinshobora gusinzira. Ndakeneye ubufasha vuba.",kinyarwanda,ROUTINE,infectious_fever,kinyarwanda->kinyarwanda:ROUTINE:infectious_fever,{REL} amazuru ye aratemba gake.,amazuru arantemba gake
"Nyabuneka, nkorora gake ariko nta muriro mfite kuva ijoro ryashize kandi ndahangayitse. Urakoze.",kinyarwanda,ROUTINE,cardiac_respiratory,kinyarwanda->kinyarwanda:ROUTINE:cardiac_respiratory,Nkorora gake ariko nta muriro mfite.,Nkorora gake ariko nta muriro mfite.
Ndashaka kukubwira ikibazo mfite. Umugore wanjye ashaka ko bapima ibiro by'umwana we kuva ubu gitondo cya kare biragenda bikagaruka,kinyarwanda,ROUTINE,paediatric,kinyarwanda->kinyarwanda:ROUTINE:paediatric,{REL} ashaka ko bapima ibiro by'umwana we.,Ndashaka ko bapima ibiro by'umwana wanjye.
"Naje hano mbere, naraguye none ndababara cyane kuva hashize icyumweru. Naje mvuye kure.",kinyarwanda,URGENT,haemorrhage_trauma,kinyarwanda->kinyarwanda:URGENT:haemorrhage_trauma,naraguye none ndababara cyane,naraguye none ndababara cyane
"Naje hano mbere, umugore wanjye araruka amaraso kuva mu masaha abiri ashize kandi sinshobora gusinzira. Ndakeneye ubufasha vuba.",kinyarwanda,CRITICAL,gastrointestinal,kinyarwanda->kinyarwanda:CRITICAL:gastrointestinal,{REL} araruka amaraso.,Ndaruka amaraso.
"Ndakeneye ubufasha, mama aratwite kandi araruka ibyo arya byose kuva hashize iminsi itatu. Byatangiye gitunguranye. Mfasha muganga.",kinyarwanda,URGENT,obstetric,kinyarwanda->kinyarwanda:URGENT:obstetric,{REL} aratwite kandi araruka ibyo arya byose.,Ndatwite kandi ndaruka ibyo ndya byose.
"Nzanye umwana wanjye, umuturanyi wanjye amaze umunsi wose ari mu bubabare bwo kubyara ariko umwana ntarasohoka kuva hashize icyumweru kandi ndahangayitse. Ni imiti ki nafata?",kinyarwanda,CRITICAL,obstetric,kinyarwanda->kinyarwanda:CRITICAL:obstetric,{REL} amaze umunsi wose ari mu bubabare bwo kubyara ariko umwana ntarasohoka.,Maze umunsi wose mbabara ngerageza kubyara ariko umwana ntarasohoka.
"Mfasha vuba, ndashaka ko bapima umuvuduko w'amaraso kuva mu gitondo. Abandi bana na bo bafite iki kibazo. Murakoze.",kinyarwanda,ROUTINE,preventive,kinyarwanda->kinyarwanda:ROUTINE:preventive,Ndashaka ko bapima umuvuduko w'amaraso.,Ndashaka ko bapima umuvuduko w'amaraso.
"Naje hano mbere, iminwa yanjye yahindutse ubururu kuva mu masaha abiri ashize nta miti imfasha. Nkora iki?",kinyarwanda,CRITICAL,cardiac_respiratory,kinyarwanda->kinyarwanda:CRITICAL:cardiac_respiratory,Iminwa yanjye yahindutse ubururu.,Iminwa yanjye yahindutse ubururu.
"Naje hano mbere, umwana wanjye afite ububabare bukabije mu nda kuva mu cyumweru gishize. Byatangiye gitunguranye. Naje mvuye kure.",kinyarwanda,URGENT,gastrointestinal,kinyarwanda->kinyarwanda:URGENT:gastrointestinal,{REL} afite ububabare bukabije mu nda.,Mfite ububabare bukabije mu nda.
"Muraho, ndashaka guhabwa inzitiramubu kuva mu masaha abiri ashize kandi sinshobora gusinzira. Naje mvuye kure.",kinyarwanda,ROUTINE,preventive,kinyarwanda->kinyarwanda:ROUTINE:preventive,Ndashaka guhabwa inzitiramubu.,Ndashaka guhabwa inzitiramubu.
"Ndakeneye ubufasha, iyo umwana wanjye amaze kurya, yumva inda itameze neza kuva mu masaha abiri ashize. Abandi bana na bo bafite iki kibazo. Murakoze.",kinyarwanda,ROUTINE,gastrointestinal,kinyarwanda->kinyarwanda:ROUTINE:gastrointestinal,"Iyo {REL} amaze kurya, yumva inda itameze neza.","Iyo {REL} amaze kurya, yumva inda itameze neza."
"Mumbabarire, ndashaka kubabwira ikibazo mfite. Isukari yo mu maraso yanjye yazamutse cyane kuva ubu gitondo cya kare kandi sinshobora gusinzira. Murakoze.",kinyarwanda,URGENT,chronic_care,kinyarwanda->kinyarwanda:URGENT:chronic_care,isukari yo mu maraso yanjye yazamutse cyane,isukari yo mu maraso yanjye yazamutse cyane
"Muraho, ndashaka ko bapima ibiro by'umwana wanjye kuva hashize icyumweru. Byatangiye gitunguranye. Ntabasha kubona amafaranga yo kongera kuza kwa muganga.",kinyarwanda,ROUTINE,paediatric,kinyarwanda->kinyarwanda:ROUTINE:paediatric,Ndashaka ko bapima ibiro by'umwana wanjye.,Ndashaka ko bapima ibiro by'umwana wanjye.
"Ndakeneye ubufasha, umwana wanjye amazuru ye aratemba gake kuva hashize iminsi ibiri kandi birushaho kuba bibi. Nkora iki?",kinyarwanda,ROUTINE,infectious_fever,kinyarwanda->kinyarwanda:ROUTINE:infectious_fever,{REL} amazuru ye aratemba gake.,amazuru arantemba gake
"Muraho, mu rugo hari umuntu urwaye igituntu kandi umugore wanjye ashaka kwisuzumisha kuva ijoro ryashize biragenda bikagaruka. Mfasha muganga.",kinyarwanda,URGENT,preventive,kinyarwanda->kinyarwanda:URGENT:preventive,Mu rugo hari umuntu urwaye igituntu kandi {REL} ashaka kwisuzumisha.,Mu rugo hari umuntu urwaye igituntu kandi ndashaka kwisuzumisha.
"Nzanye umwana wanjye, ndava amaraso menshi nyuma yo kubyara kuva mu gitondo. Ntabasha kubona amafaranga yo kongera kuza kwa muganga.",kinyarwanda,CRITICAL,obstetric,kinyarwanda->kinyarwanda:CRITICAL:obstetric,ndava amaraso menshi nyuma yo kubyara,ndava amaraso menshi nyuma yo kubyara
"Muganga, umuturanyi wanjye umutima we utera cyane kandi yumva umeze nk'aho uhagarara kuva ubu gitondo cya kare biragenda bikagaruka. Nkora iki?",kinyarwanda,CRITICAL,cardiac_respiratory,kinyarwanda->kinyarwanda:CRITICAL:cardiac_respiratory,{REL} umutima we utera cyane kandi yumva umeze nk'aho uhagarara.,umutima uratera cyane kandi nkumva umeze nk'aho uhagarara
"Nzanye umwana wanjye, umwana wanjye isukari yo mu maraso ye yazamutse cyane kuva ijoro ryashize bikarushaho nijoro. Naje mvuye kure.",kinyarwanda,URGENT,chronic_care,kinyarwanda->kinyarwanda:URGENT:chronic_care,{REL} isukari yo mu maraso ye yazamutse cyane.,isukari yo mu maraso yanjye yazamutse cyane
"Mfasha, umugabo wanjye afite ububabare bukabije mu nda kuva mu masaha abiri ashize kandi ndahangayitse. Naje mvuye kure.",kinyarwanda,URGENT,gastrointestinal,kinyarwanda->kinyarwanda:URGENT:gastrointestinal,{REL} afite ububabare bukabije mu nda.,Mfite ububabare bukabije mu nda.
"Mfasha, ndashaka kugirwa inama uko nakonsa umwana kuva ijoro ryashize kandi ndahangayitse. Urakoze.",kinyarwanda,ROUTINE,obstetric,kinyarwanda->kinyarwanda:ROUTINE:obstetric,Ndashaka kugirwa inama uko nakonsa umwana.,Ndashaka kugirwa inama uko nakonsa umwana.
Ndashaka kukubwira ikibazo mfite. Umuturanyi wanjye ashaka inama ku biryo byo kugaburira umwana we kuva ubu gitondo cya kare. Nkora iki?,kinyarwanda,ROUTINE,preventive,kinyarwanda->kinyarwanda:ROUTINE:preventive,{REL} ashaka inama ku biryo byo kugaburira umwana we.,Ndashaka inama ku biryo byo kugaburira umwana wanjye.
Ndashaka kukubwira ikibazo mfite. Ndashaka kongererwa imiti y'umuvuduko w'amaraso kuva ejo kandi birushaho kuba bibi,kinyarwanda,ROUTINE,chronic_care,kinyarwanda->kinyarwanda:ROUTINE:chronic_care,Ndashaka kongererwa imiti y'umuvuduko w'amaraso.,Ndashaka kongererwa imiti y'umuvuduko w'amaraso.
"Muraho, mama iminwa ye yahindutse ubururu kuva hashize iminsi itatu. Naje mvuye kure.",kinyarwanda,CRITICAL,cardiac_respiratory,kinyarwanda->kinyarwanda:CRITICAL:cardiac_respiratory,{REL} iminwa ye yahindutse ubururu.,Iminwa yanjye yahindutse ubururu.
"Mfasha vuba, mfite igisebe ku kirenge kidakira kandi mfite diyabete kuva hashize iminsi ibiri kandi nta miti mfite. Mfasha muganga.",kinyarwanda,URGENT,chronic_care,kinyarwanda->kinyarwanda:URGENT:chronic_care,Mfite igisebe ku kirenge kidakira kandi mfite diyabete.,Mfite igisebe ku kirenge kidakira kandi mfite diyabete.
"Muganga, naguye, ukuguru kuragoramye ariko sinumva ko kuvunitse kuva hashize iminsi ibiri. Byatangiye gitunguranye. Ni imiti ki nafata?",kinyarwanda,URGENT,haemorrhage_trauma,kinyarwanda->kinyarwanda:URGENT:haemorrhage_trauma,"Naguye, ukuguru kuragoramye ariko sinumva ko kuvunitse.","Naguye, ukuguru kuragoramye ariko sinumva ko kuvunitse."
"Mfasha vuba, umukecuru iminwa ye yahindutse ubururu kuva ejo nta miti imfasha",kinyarwanda,CRITICAL,cardiac_respiratory,kinyarwanda->kinyarwanda:CRITICAL:cardiac_respiratory,{REL} iminwa ye yahindutse ubururu.,Iminwa yanjye yahindutse ubururu.
"Naje hano mbere, umwana wanjye akorora gake ariko nta muriro afite kuva hashize iminsi ibiri bikarushaho nijoro",kinyarwanda,ROUTINE,cardiac_respiratory,kinyarwanda->kinyarwanda:ROUTINE:cardiac_respiratory,{REL} akorora gake ariko nta muriro afite.,Nkorora gake ariko nta muriro mfite.
"Naje hano mbere, ndashaka imiti y'inzoka y'umwana wanjye kuva mu cyumweru gishize kandi sinshobora gusinzira. Urakoze.",kinyarwanda,ROUTINE,preventive,kinyarwanda->kinyarwanda:ROUTINE:preventive,Ndashaka imiti y'inzoka y'umwana wanjye.,Ndashaka imiti y'inzoka y'umwana wanjye.
"Nzanye umwana wanjye, mfite impiswi zirimo amaraso kuva ubu gitondo cya kare kandi ndahangayitse. Mfasha muganga.",kinyarwanda,URGENT,gastrointestinal,kinyarwanda->kinyarwanda:URGENT:gastrointestinal,Mfite impiswi zirimo amaraso.,Mfite impiswi zirimo amaraso.
"Nyabuneka, mfite ikibazo ku mutwe kandi kirimo guterwa n'urumuri bikarushaho nijoro. Urakoze.",kinyarwanda,URGENT,neurological,kinyarwanda->kinyarwanda:URGENT:neurological,Mfite ikibazo ku mutwe kandi kirimo guterwa n'urumuri.,Mfite ikibazo ku mutwe kandi kirimo guterwa n'urumuri.
"Naje hano mbere, umugore wanjye ari kubyara ariko umugozi w'umwana wabanje gusohoka kuva ubu gitondo cya kare nta miti imfasha. Naje mvuye kure.",kinyarwanda,CRITICAL,obstetric,kinyarwanda->kinyarwanda:CRITICAL:obstetric,{REL} ari kubyara ariko umugozi w'umwana wabanje gusohoka.,Ndabyara ariko habanje gusohoka umugozi w'umwana.
"Naje hano mbere, ndabyara ariko habanje gusohoka umugozi w'umwana kuva hashize iminsi ibiri. Abandi bana na bo bafite iki kibazo. Ntabasha kubona amafaranga yo kongera kuza kwa muganga.",kinyarwanda,CRITICAL,obstetric,kinyarwanda->kinyarwanda:CRITICAL:obstetric,Ndabyara ariko habanje gusohoka umugozi w'umwana.,Ndabyara ariko habanje gusohoka umugozi w'umwana.
"Mumbabarire, ndashaka kubabwira ikibazo mfite. Umwana wanjye amaze iminsi itatu arwaye impiswi zikomeye kuva hashize iminsi ibiri. Ntegereze cyangwa nsuzumwe ubu?",kinyarwanda,URGENT,gastrointestinal,kinyarwanda->kinyarwanda:URGENT:gastrointestinal,{REL} amaze iminsi itatu arwaye impiswi zikomeye.,maze iminsi itatu ndwaye impiswi zikomeye
"Nyabuneka, mfite igikomere gikomeye kirimo kuva amaraso menshi kuva ubu gitondo cya kare. Byatangiye gitunguranye. Ni imiti ki nafata?",kinyarwanda,CRITICAL,haemorrhage_trauma,kinyarwanda->kinyarwanda:CRITICAL:haemorrhage_trauma,mfite igikomere gikomeye kirimo kuva amaraso menshi,mfite igikomere gikomeye kirimo kuva amaraso menshi
"Mfasha, mama aratwite kandi araruka ibyo arya byose kuva mu gitondo. Murakoze.",kinyarwanda,URGENT,obstetric,kinyarwanda->kinyarwanda:URGENT:obstetric,{REL} aratwite kandi araruka ibyo arya byose.,Ndatwite kandi ndaruka ibyo ndya byose.
"Naje hano mbere, mu rugo hari umuntu urwaye igituntu kandi umwana wanjye ashaka kwisuzumisha kuva mu gitondo bikarushaho nijoro",kinyarwanda,URGENT,preventive,kinyarwanda->kinyarwanda:URGENT:preventive,Mu rugo hari umuntu urwaye igituntu kandi {REL} ashaka kwisuzumisha.,Mu rugo hari umuntu urwaye igituntu kandi ndashaka kwisuzumisha.
Mfite umwanda usa umukara nta miti imfasha. Ntabasha kubona amafaranga yo kongera kuza kwa muganga.,kinyarwanda,CRITICAL,gastrointestinal,kinyarwanda->kinyarwanda:CRITICAL:gastrointestinal,Mfite umwanda usa umukara.,Mfite umwanda usa umukara.
"Simbizi niba bikomeye ariko, ndakomeza kuruka kandi sinshobora kurya kuva ejo kandi nta miti mfite. Urakoze.",kinyarwanda,URGENT,gastrointestinal,kinyarwanda->kinyarwanda:URGENT:gastrointestinal,ndakomeza kuruka kandi sinshobora kurya,ndakomeza kuruka kandi sinshobora kurya
"Muraho, ndashaka inama ku biryo byo kugaburira umwana wanjye kuva hashize iminsi itatu kandi birushaho kuba bibi",kinyarwanda,ROUTINE,preventive,kinyarwanda->kinyarwanda:ROUTINE:preventive,Ndashaka inama ku biryo byo kugaburira umwana wanjye.,Ndashaka inama ku biryo byo kugaburira umwana wanjye.
"Ndashaka kukubwira ikibazo mfite. Mfite umuriro kandi numva mfite imbeho, nkeka ko ari malariya kuva mu gitondo kandi sinshobora gusinzira. Ntegereze cyangwa nsuzumwe ubu?",kinyarwanda,URGENT,infectious_fever,kinyarwanda->kinyarwanda:URGENT:infectious_fever,"mfite umuriro kandi numva mfite imbeho, nkeka ko ari malariya","mfite umuriro kandi numva mfite imbeho, nkeka ko ari malariya"
"Mumbabarire, ndashaka kubabwira ikibazo mfite. Guhumeka birangora cyane ku buryo ntabasha no kuvuga neza kuva mu masaha abiri ashize. Naje mvuye kure.",kinyarwanda,CRITICAL,cardiac_respiratory,kinyarwanda->kinyarwanda:CRITICAL:cardiac_respiratory,Guhumeka birangora cyane ku buryo ntabasha no kuvuga neza.,Guhumeka birangora cyane ku buryo ntabasha no kuvuga neza.
"Ndakeneye ubufasha, umugabo wanjye ashaka ko bapima ibiro by'umwana we kuva hashize iminsi ibiri biragenda bikagaruka. Ntabasha kubona amafaranga yo kongera kuza kwa muganga.",kinyarwanda,ROUTINE,paediatric,kinyarwanda->kinyarwanda:ROUTINE:paediatric,{REL} ashaka ko bapima ibiro by'umwana we.,Ndashaka ko bapima ibiro by'umwana wanjye.
"Ndakeneye ubufasha, umugore wanjye afite ububabare bukabije mu nda kuva mu cyumweru gishize kandi nta miti mfite. Nkora iki?",kinyarwanda,URGENT,gastrointestinal,kinyarwanda->kinyarwanda:URGENT:gastrointestinal,{REL} afite ububabare bukabije mu nda.,Mfite ububabare bukabije mu nda.
"Mfasha, umukecuru umutima we utera cyane kandi yumva umeze nk'aho uhagarara kuva ejo kandi ndahangayitse. Naje mvuye kure.",kinyarwanda,CRITICAL,cardiac_respiratory,kinyarwanda->kinyarwanda:CRITICAL:cardiac_respiratory,{REL} umutima we utera cyane kandi yumva umeze nk'aho uhagarara.,umutima uratera cyane kandi nkumva umeze nk'aho uhagarara
"Nyabuneka, ndashaka kongererwa imiti y'umuvuduko w'amaraso kuva hashize iminsi itatu kandi sinshobora gusinzira. Urakoze.",kinyarwanda,ROUTINE,chronic_care,kinyarwanda->kinyarwanda:ROUTINE:chronic_care,Ndashaka kongererwa imiti y'umuvuduko w'amaraso.,Ndashaka kongererwa imiti y'umuvuduko w'amaraso.
"Muraho, mfite umuhaha kuva mu gitondo bikarushaho nijoro",kinyarwanda,URGENT,paediatric,kinyarwanda->kinyarwanda:URGENT:paediatric,Mfite umuhaha.,Mfite umuhaha.
"Muraho, ndashaka inama ku biryo byo kugaburira umwana wanjye kandi ndahangayitse. Murakoze.",kinyarwanda,ROUTINE,preventive,kinyarwanda->kinyarwanda:ROUTINE:preventive,Ndashaka inama ku biryo byo kugaburira umwana wanjye.,Ndashaka inama ku biryo byo kugaburira umwana wanjye.
"Naje hano mbere, umugabo wanjye afite ibimenyetso bya malariya, umuriro n'imbeho kuva ubu gitondo cya kare nta miti imfasha. Ndakeneye ubufasha vuba.",kinyarwanda,URGENT,infectious_fever,kinyarwanda->kinyarwanda:URGENT:infectious_fever,"{REL} afite ibimenyetso bya malariya, umuriro n'imbeho.","Mfite ibimenyetso bya malariya, umuriro n'imbeho."
Ndashaka ko bapima umuvuduko w'amaraso kuva ijoro ryashize kandi nta miti mfite. Ndakeneye ubufasha vuba.,kinyarwanda,ROUTINE,preventive,kinyarwanda->kinyarwanda:ROUTINE:preventive,Ndashaka ko bapima umuvuduko w'amaraso.,Ndashaka ko bapima umuvuduko w'amaraso.
"Ndakeneye ubufasha, umukecuru araruka cyane kandi yumva afite intege nke kuva mu cyumweru gishize. Byatangiye gitunguranye. Mfasha muganga.",kinyarwanda,URGENT,gastrointestinal,kinyarwanda->kinyarwanda:URGENT:gastrointestinal,{REL} araruka cyane kandi yumva afite intege nke.,ndaruka cyane kandi numva mfite intege nke
Ndashaka kukubwira ikibazo mfite. Ndashaka kugirwa inama uko nakonsa umwana kuva hashize iminsi itatu. Abandi bana na bo bafite iki kibazo. Urakoze.,kinyarwanda,ROUTINE,obstetric,kinyarwanda->kinyarwanda:ROUTINE:obstetric,Ndashaka kugirwa inama uko nakonsa umwana.,Ndashaka kugirwa inama uko nakonsa umwana.
"Mumbabarire, ndashaka kubabwira ikibazo mfite. Umukecuru araruka cyane kandi yumva afite intege nke kuva hashize iminsi itatu kandi sinshobora gusinzira. Nkora iki?",kinyarwanda,URGENT,gastrointestinal,kinyarwanda->kinyarwanda:URGENT:gastrointestinal,{REL} araruka cyane kandi yumva afite intege nke.,ndaruka cyane kandi numva mfite intege nke
"Nyabuneka, papa afite ububabare bukabije mu nda kuva ejo biragenda bikagaruka. Naje mvuye kure.",kinyarwanda,URGENT,gastrointestinal,kinyarwanda->kinyarwanda:URGENT:gastrointestinal,{REL} afite ububabare bukabije mu nda.,Mfite ububabare bukabije mu nda.
"Nzanye umwana wanjye, ndashaka kujya kwa muganga kwisuzumisha diyabete kuva mu cyumweru gishize biragenda bikagaruka. Ntabasha kubona amafaranga yo kongera kuza kwa muganga.",kinyarwanda,ROUTINE,chronic_care,kinyarwanda->kinyarwanda:ROUTINE:chronic_care,Ndashaka kujya kwa muganga kwisuzumisha diyabete.,Ndashaka kujya kwa muganga kwisuzumisha SIDA.
"Naje hano mbere, umugore wanjye umutima we utera cyane kandi yumva umeze nk'aho uhagarara kuva hashize icyumweru kandi sinshobora gusinzira",kinyarwanda,CRITICAL,cardiac_respiratory,kinyarwanda->kinyarwanda:CRITICAL:cardiac_respiratory,{REL} umutima we utera cyane kandi yumva umeze nk'aho uhagarara.,umutima uratera cyane kandi nkumva umeze nk'aho uhagarara
"Mfasha, mfite umwanda usa umukara kandi ndahangayitse. Naje mvuye kure.",kinyarwanda,CRITICAL,gastrointestinal,kinyarwanda->kinyarwanda:CRITICAL:gastrointestinal,Mfite umwanda usa umukara.,Mfite umwanda usa umukara.
"Mfasha, naraguye none ndababara cyane. Abandi bana na bo bafite iki kibazo. Ntabasha kubona amafaranga yo kongera kuza kwa muganga.",kinyarwanda,URGENT,haemorrhage_trauma,kinyarwanda->kinyarwanda:URGENT:haemorrhage_trauma,naraguye none ndababara cyane,naraguye none ndababara cyane
"Naje hano mbere, umwana wanjye afite umuriro mwinshi kandi arakorora cyane kuva ejo. Abandi bana na bo bafite iki kibazo. Ndakeneye ubufasha vuba.",kinyarwanda,URGENT,infectious_fever,kinyarwanda->kinyarwanda:URGENT:infectious_fever,{REL} afite umuriro mwinshi kandi arakorora cyane.,mfite umuriro mwinshi kandi ndakorora cyane
"Simbizi niba bikomeye ariko, mfite umuriro woroheje umaze umunsi umwe, ariko nta kindi kibazo mfite kuva hashize iminsi ibiri kandi nta miti mfite. Naje mvuye kure.",kinyarwanda,ROUTINE,infectious_fever,kinyarwanda->kinyarwanda:ROUTINE:infectious_fever,"mfite umuriro woroheje umaze umunsi umwe, ariko nta kindi kibazo mfite","mfite umuriro woroheje umaze umunsi umwe, ariko nta kindi kibazo mfite"
"Mfasha, ndabyara ariko habanje gusohoka umugozi w'umwana kuva mu cyumweru gishize. Abandi bana na bo bafite iki kibazo. Ni imiti ki nafata?",kinyarwanda,CRITICAL,obstetric,kinyarwanda->kinyarwanda:CRITICAL:obstetric,Ndabyara ariko habanje gusohoka umugozi w'umwana.,Ndabyara ariko habanje gusohoka umugozi w'umwana.
"Muraho, iminwa yanjye yahindutse ubururu kuva ubu gitondo cya kare",kinyarwanda,CRITICAL,cardiac_respiratory,kinyarwanda->kinyarwanda:CRITICAL:cardiac_respiratory,Iminwa yanjye yahindutse ubururu.,Iminwa yanjye yahindutse ubururu.
"Mumbabarire, ndashaka kubabwira ikibazo mfite. Ndashaka inama ku biryo byo kugaburira umwana wanjye kuva ijoro ryashize kandi ndahangayitse. Urakoze.",kinyarwanda,ROUTINE,preventive,kinyarwanda->kinyarwanda:ROUTINE:preventive,Ndashaka inama ku biryo byo kugaburira umwana wanjye.,Ndashaka inama ku biryo byo kugaburira umwana wanjye.
"Nzanye umwana wanjye, ndatwite kandi ndashaka kujya kwa muganga kwisuzumisha kuva ubu gitondo cya kare biragenda bikagaruka",kinyarwanda,ROUTINE,obstetric,kinyarwanda->kinyarwanda:ROUTINE:obstetric,Ndatwite kandi ndashaka kujya kwa muganga kwisuzumisha.,Ndatwite kandi ndashaka kujya kwa muganga kwisuzumisha.
"Nzanye umwana wanjye, umwana wanjye afite ikibazo cyo kutabasha guhumeka neza, kandi uruhu rwe rwahindutse ubururu kuva mu gitondo. Byatangiye gitunguranye. Ntabasha kubona amafaranga yo kongera kuza kwa muganga.",kinyarwanda,CRITICAL,paediatric,kinyarwanda->kinyarwanda:CRITICAL:paediatric,"{REL} afite ikibazo cyo kutabasha guhumeka neza, kandi uruhu rwe rwahindutse ubururu","{REL} afite ikibazo cyo kutabasha guhumeka neza, kandi uruhu rwe rwahindutse ubururu"
Ndashaka inama ku biryo byo kugaburira umwana wanjye kuva hashize iminsi ibiri. Ni imiti ki nafata?,kinyarwanda,ROUTINE,preventive,kinyarwanda->kinyarwanda:ROUTINE:preventive,Ndashaka inama ku biryo byo kugaburira umwana wanjye.,Ndashaka inama ku biryo byo kugaburira umwana wanjye.
"Simbizi niba bikomeye ariko, iminwa yanjye yahindutse ubururu kuva mu masaha abiri ashize kandi nta miti mfite. Naje mvuye kure.",kinyarwanda,CRITICAL,cardiac_respiratory,kinyarwanda->kinyarwanda:CRITICAL:cardiac_respiratory,Iminwa yanjye yahindutse ubururu.,Iminwa yanjye yahindutse ubururu.
"Simbizi niba bikomeye ariko, ndashaka ko bapima ibiro by'umwana wanjye kuva ubu gitondo cya kare. Abandi bana na bo bafite iki kibazo.",kinyarwanda,ROUTINE,paediatric,kinyarwanda->kinyarwanda:ROUTINE:paediatric,Ndashaka ko bapima ibiro by'umwana wanjye.,Ndashaka ko bapima ibiro by'umwana wanjye.
"Simbizi niba bikomeye ariko, ndabyara ariko habanje gusohoka umugozi w'umwana kuva hashize iminsi itatu. Ese ibi birakomeye?",kinyarwanda,CRITICAL,obstetric,kinyarwanda->kinyarwanda:CRITICAL:obstetric,Ndabyara ariko habanje gusohoka umugozi w'umwana.,Ndabyara ariko habanje gusohoka umugozi w'umwana.
"Mfasha, umugore wanjye afite ubushye bunini ku mubiri kuva ejo kandi nta miti mfite. Ese ibi birakomeye?",kinyarwanda,CRITICAL,haemorrhage_trauma,kinyarwanda->kinyarwanda:CRITICAL:haemorrhage_trauma,{REL} afite ubushye bunini ku mubiri.,Mfite ubushye bunini ku mubiri.
"Mfasha, amazuru arantemba gake kuva mu gitondo kandi birushaho kuba bibi. Ni imiti ki nafata?",kinyarwanda,ROUTINE,infectious_fever,kinyarwanda->kinyarwanda:ROUTINE:infectious_fever,amazuru arantemba gake,amazuru arantemba gake
"Muraho, isukari yo mu maraso yanjye yazamutse cyane kuva ubu gitondo cya kare kandi ndahangayitse. Ni imiti ki nafata?",kinyarwanda,URGENT,chronic_care,kinyarwanda->kinyarwanda:URGENT:chronic_care,isukari yo mu maraso yanjye yazamutse cyane,isukari yo mu maraso yanjye yazamutse cyane
"Mfasha, ndaruka ibyo ndya byose kandi sinshobora no kunywa kuva hashize iminsi itatu kandi birushaho kuba bibi. Ni imiti ki nafata?",kinyarwanda,CRITICAL,gastrointestinal,kinyarwanda->kinyarwanda:CRITICAL:gastrointestinal,Ndaruka ibyo ndya byose kandi sinshobora no kunywa.,Ndaruka ibyo ndya byose kandi sinshobora no kunywa.
"Mfasha vuba, ndashaka ko bapima umuvuduko w'amaraso kuva ubu gitondo cya kare kandi birushaho kuba bibi. Naje mvuye kure.",kinyarwanda,ROUTINE,preventive,kinyarwanda->kinyarwanda:ROUTINE:preventive,Ndashaka ko bapima umuvuduko w'amaraso.,Ndashaka ko bapima umuvuduko w'amaraso.
"Ndakeneye ubufasha, mfite igikomere gito kandi amaraso yarahagaze biragenda bikagaruka. Ese ibi birakomeye?",kinyarwanda,ROUTINE,haemorrhage_trauma,kinyarwanda->kinyarwanda:ROUTINE:haemorrhage_trauma,Mfite igikomere gito kandi amaraso yarahagaze.,Mfite igikomere gito kandi amaraso yarahagaze.
"Nyabuneka, ndashaka ko bapima umuvuduko w'amaraso kuva mu cyumweru gishize biragenda bikagaruka. Ni imiti ki nafata?",kinyarwanda,ROUTINE,preventive,kinyarwanda->kinyarwanda:ROUTINE:preventive,Ndashaka ko bapima umuvuduko w'amaraso.,Ndashaka ko bapima umuvuduko w'amaraso.
"Mfasha vuba, mfite umwanda usa umukara kuva hashize icyumweru kandi birushaho kuba bibi. Ntabasha kubona amafaranga yo kongera kuza kwa muganga.",kinyarwanda,CRITICAL,gastrointestinal,kinyarwanda->kinyarwanda:CRITICAL:gastrointestinal,Mfite umwanda usa umukara.,Mfite umwanda usa umukara.
"Mfasha, mama ari kubyara ariko umugozi w'umwana wabanje gusohoka kuva hashize iminsi itatu kandi nta miti mfite. Ntegereze cyangwa nsuzumwe ubu?",kinyarwanda,CRITICAL,obstetric,kinyarwanda->kinyarwanda:CRITICAL:obstetric,{REL} ari kubyara ariko umugozi w'umwana wabanje gusohoka.,Ndabyara ariko habanje gusohoka umugozi w'umwana.
Ndashaka kukubwira ikibazo mfite. Umugabo wanjye araruka cyane kandi yumva afite intege nke kuva ijoro ryashize biragenda bikagaruka. Urakoze.,kinyarwanda,URGENT,gastrointestinal,kinyarwanda->kinyarwanda:URGENT:gastrointestinal,{REL} araruka cyane kandi yumva afite intege nke.,ndaruka cyane kandi numva mfite intege nke
"Nyabuneka, mfite umuriro kandi numva mfite imbeho, nkeka ko ari malariya kuva hashize iminsi itatu. Abandi bana na bo bafite iki kibazo. Ese ibi birakomeye?",kinyarwanda,URGENT,infectious_fever,kinyarwanda->kinyarwanda:URGENT:infectious_fever,"mfite umuriro kandi numva mfite imbeho, nkeka ko ari malariya","mfite umuriro kandi numva mfite imbeho, nkeka ko ari malariya"
"Muraho, umutwe urandya ariko ntabwo cyane kuva ubu gitondo cya kare. Nkora iki?",kinyarwanda,ROUTINE,neurological,kinyarwanda->kinyarwanda:ROUTINE:neurological,umutwe urandya ariko ntabwo cyane,umutwe urandya ariko ntabwo cyane
"Simbizi niba bikomeye ariko, umuturanyi wanjye aratwite kandi umutwe uramubabaza cyane, kandi ntashobora kureba neza kuva ubu gitondo cya kare biragenda bikagaruka. Ndakeneye ubufasha vuba.",kinyarwanda,CRITICAL,obstetric,kinyarwanda->kinyarwanda:CRITICAL:obstetric,"{REL} aratwite kandi umutwe uramubabaza cyane, kandi ntashobora kureba neza.","Ndatwite, umutwe urandya cyane kandi sinshobora kureba neza."
"Muraho, maze umunsi wose mbabara ngerageza kubyara ariko umwana ntarasohoka kuva hashize icyumweru biragenda bikagaruka. Ni imiti ki nafata?",kinyarwanda,CRITICAL,obstetric,kinyarwanda->kinyarwanda:CRITICAL:obstetric,Maze umunsi wose mbabara ngerageza kubyara ariko umwana ntarasohoka.,Maze umunsi wose mbabara ngerageza kubyara ariko umwana ntarasohoka.
"Naje hano mbere, iminwa yanjye yahindutse ubururu kuva hashize icyumweru nta miti imfasha. Ntabasha kubona amafaranga yo kongera kuza kwa muganga.",kinyarwanda,CRITICAL,cardiac_respiratory,kinyarwanda->kinyarwanda:CRITICAL:cardiac_respiratory,Iminwa yanjye yahindutse ubururu.,Iminwa yanjye yahindutse ubururu.
"Mumbabarire, ndashaka kubabwira ikibazo mfite. Mfite umuriro mwinshi kandi nagagaye kuva ubu gitondo cya kare kandi nta miti mfite. Ntegereze cyangwa nsuzumwe ubu?",kinyarwanda,CRITICAL,infectious_fever,kinyarwanda->kinyarwanda:CRITICAL:infectious_fever,Mfite umuriro mwinshi kandi nagagaye.,Mfite umuriro mwinshi kandi nagagaye.
"Mfasha vuba, mfite igikomere cyanduye, kiratukura kandi kirimo amashyira kuva hashize iminsi ibiri nta miti imfasha. Ese ibi birakomeye?",kinyarwanda,URGENT,haemorrhage_trauma,kinyarwanda->kinyarwanda:URGENT:haemorrhage_trauma,"mfite igikomere cyanduye, kiratukura kandi kirimo amashyira","mfite igikomere cyanduye, kiratukura kandi kirimo amashyira"
"Muganga, ndakorora cyane kandi guhumeka birangora kuva hashize iminsi itatu. Abandi bana na bo bafite iki kibazo. Ndakeneye ubufasha vuba.",kinyarwanda,URGENT,cardiac_respiratory,kinyarwanda->kinyarwanda:URGENT:cardiac_respiratory,ndakorora cyane kandi guhumeka birangora,ndakorora cyane kandi guhumeka birangora
"Nyabuneka, iyo umwana wanjye amaze kurya, yumva inda itameze neza kuva mu masaha abiri ashize. Byatangiye gitunguranye. Ni imiti ki nafata?",kinyarwanda,ROUTINE,gastrointestinal,kinyarwanda->kinyarwanda:ROUTINE:gastrointestinal,"Iyo {REL} amaze kurya, yumva inda itameze neza.","Iyo {REL} amaze kurya, yumva inda itameze neza."
"Nzanye umwana wanjye, mama aratwite kandi ashaka kwisuzumisha kwa muganga bwa mbere kuva mu cyumweru gishize kandi ndahangayitse. Murakoze.",kinyarwanda,ROUTINE,preventive,kinyarwanda->kinyarwanda:ROUTINE:preventive,{REL} aratwite kandi ashaka kwisuzumisha kwa muganga bwa mbere.,Ndatwite kandi ndashaka kwisuzumisha kwa muganga bwa mbere.
"Muraho, mushiki wanjye ashaka kugirwa inama ku mazi yo kunywa kuva hashize icyumweru bikarushaho nijoro. Murakoze.",kinyarwanda,ROUTINE,preventive,kinyarwanda->kinyarwanda:ROUTINE:preventive,{REL} ashaka kugirwa inama ku mazi yo kunywa.,Ndashaka kugirwa inama ku mazi yo kunywa.
"Naje hano mbere, ndatwite kandi ndashaka kujya kwa muganga kwisuzumisha kuva mu gitondo bikarushaho nijoro. Naje mvuye kure.",kinyarwanda,ROUTINE,obstetric,kinyarwanda->kinyarwanda:ROUTINE:obstetric,Ndatwite kandi ndashaka kujya kwa muganga kwisuzumisha.,Ndatwite kandi ndashaka kujya kwa muganga kwisuzumisha.
"Nyabuneka, umwana wanjye akorora gake ariko nta muriro afite kuva hashize iminsi ibiri. Ntabasha kubona amafaranga yo kongera kuza kwa muganga.",kinyarwanda,ROUTINE,cardiac_respiratory,kinyarwanda->kinyarwanda:ROUTINE:cardiac_respiratory,{REL} akorora gake ariko nta muriro afite.,Nkorora gake ariko nta muriro mfite.
"Mumbabarire, ndashaka kubabwira ikibazo mfite. Umugore wanjye afite ubushye bunini ku mubiri kuva ejo kandi sinshobora gusinzira. Ntabasha kubona amafaranga yo kongera kuza kwa muganga.",kinyarwanda,CRITICAL,haemorrhage_trauma,kinyarwanda->kinyarwanda:CRITICAL:haemorrhage_trauma,{REL} afite ubushye bunini ku mubiri.,Mfite ubushye bunini ku mubiri.
"Nyabuneka, ndatwite kandi ndashaka kujya kwa muganga kwisuzumisha biragenda bikagaruka. Naje mvuye kure.",kinyarwanda,ROUTINE,obstetric,kinyarwanda->kinyarwanda:ROUTINE:obstetric,Ndatwite kandi ndashaka kujya kwa muganga kwisuzumisha.,Ndatwite kandi ndashaka kujya kwa muganga kwisuzumisha.
"Nzanye umwana wanjye, umukecuru nta miti ya SIDA afite kuva mu gitondo. Abandi bana na bo bafite iki kibazo. Murakoze.",kinyarwanda,URGENT,chronic_care,kinyarwanda->kinyarwanda:URGENT:chronic_care,{REL} nta miti ya SIDA afite.,Nta miti ya SIDA mfite.
"Nyabuneka, umugabo wanjye afite ubushye bunini ku mubiri kuva mu gitondo. Byatangiye gitunguranye. Ntegereze cyangwa nsuzumwe ubu?",kinyarwanda,CRITICAL,haemorrhage_trauma,kinyarwanda->kinyarwanda:CRITICAL:haemorrhage_trauma,{REL} afite ubushye bunini ku mubiri.,Mfite ubushye bunini ku mubiri.
"Ndakeneye ubufasha, ndatwite kandi ndaruka ibyo ndya byose kuva ejo. Byatangiye gitunguranye. Naje mvuye kure.",kinyarwanda,URGENT,obstetric,kinyarwanda->kinyarwanda:URGENT:obstetric,Ndatwite kandi ndaruka ibyo ndya byose.,Ndatwite kandi ndaruka ibyo ndya byose.
"Muganga, umugore wanjye afite ububabare bukabije mu nda kuva mu cyumweru gishize bikarushaho nijoro. Mfasha muganga.",kinyarwanda,URGENT,gastrointestinal,kinyarwanda->kinyarwanda:URGENT:gastrointestinal,{REL} afite ububabare bukabije mu nda.,Mfite ububabare bukabije mu nda.
"Mumbabarire, ndashaka kubabwira ikibazo mfite. Ndashaka ko bapima ibiro by'umwana wanjye kuva mu cyumweru gishize nta miti imfasha. Ese ibi birakomeye?",kinyarwanda,ROUTINE,paediatric,kinyarwanda->kinyarwanda:ROUTINE:paediatric,Ndashaka ko bapima ibiro by'umwana wanjye.,Ndashaka ko bapima ibiro by'umwana wanjye.
"Mfasha vuba, mfite umuriro kandi numva mfite imbeho, nkeka ko ari malariya bikarushaho nijoro. Ni imiti ki nafata?",kinyarwanda,URGENT,infectious_fever,kinyarwanda->kinyarwanda:URGENT:infectious_fever,"mfite umuriro kandi numva mfite imbeho, nkeka ko ari malariya","mfite umuriro kandi numva mfite imbeho, nkeka ko ari malariya"
"Mfasha, ndashaka ko bapima umuvuduko w'amaraso kuva hashize iminsi itatu kandi sinshobora gusinzira. Murakoze.",kinyarwanda,ROUTINE,preventive,kinyarwanda->kinyarwanda:ROUTINE:preventive,Ndashaka ko bapima umuvuduko w'amaraso.,Ndashaka ko bapima umuvuduko w'amaraso.
"Nyabuneka, nkorora gake ariko nta muriro mfite kuva hashize icyumweru nta miti imfasha. Ni imiti ki nafata?",kinyarwanda,ROUTINE,cardiac_respiratory,kinyarwanda->kinyarwanda:ROUTINE:cardiac_respiratory,Nkorora gake ariko nta muriro mfite.,Nkorora gake ariko nta muriro mfite.
"Mumbabarire, ndashaka kubabwira ikibazo mfite. Ndashaka ko bapima ibiro by'umwana wanjye kuva mu masaha abiri ashize. Abandi bana na bo bafite iki kibazo. Ni imiti ki nafata?",kinyarwanda,ROUTINE,paediatric,kinyarwanda->kinyarwanda:ROUTINE:paediatric,Ndashaka ko bapima ibiro by'umwana wanjye.,Ndashaka ko bapima ibiro by'umwana wanjye.
"Muraho, umuturanyi wanjye isukari yo mu maraso ye yazamutse cyane kuva hashize icyumweru kandi ndahangayitse. Mfasha muganga.",kinyarwanda,URGENT,chronic_care,kinyarwanda->kinyarwanda:URGENT:chronic_care,{REL} isukari yo mu maraso ye yazamutse cyane.,isukari yo mu maraso yanjye yazamutse cyane
"Mfasha vuba, umugore wanjye ntashobora kuvuga neza kandi umunwa we waragoramye kuva ubu gitondo cya kare kandi sinshobora gusinzira. Mfasha muganga.",kinyarwanda,CRITICAL,neurological,kinyarwanda->kinyarwanda:CRITICAL:neurological,{REL} ntashobora kuvuga neza kandi umunwa we waragoramye.,{REL} ntashobora kuvuga neza kandi umunwa we waragoramye.
"Mfasha vuba, umuturanyi wanjye amaze umunsi wose ari mu bubabare bwo kubyara ariko umwana ntarasohoka kuva mu cyumweru gishize. Ntabasha kubona amafaranga yo kongera kuza kwa muganga.",kinyarwanda,CRITICAL,obstetric,kinyarwanda->kinyarwanda:CRITICAL:obstetric,{REL} amaze umunsi wose ari mu bubabare bwo kubyara ariko umwana ntarasohoka.,Maze umunsi wose mbabara ngerageza kubyara ariko umwana ntarasohoka.
"Ndakeneye ubufasha, ndashaka inama ku biryo byo kugaburira umwana wanjye kuva ejo bikarushaho nijoro. Ndakeneye ubufasha vuba.",kinyarwanda,ROUTINE,preventive,kinyarwanda->kinyarwanda:ROUTINE:preventive,Ndashaka inama ku biryo byo kugaburira umwana wanjye.,Ndashaka inama ku biryo byo kugaburira umwana wanjye.
"Simbizi niba bikomeye ariko, umwana wanjye afite umuriro woroheje umaze umunsi umwe, ariko nta kindi kibazo afite bikarushaho nijoro. Ese ibi birakomeye?",kinyarwanda,ROUTINE,infectious_fever,kinyarwanda->kinyarwanda:ROUTINE:infectious_fever,"{REL} afite umuriro woroheje umaze umunsi umwe, ariko nta kindi kibazo afite.","mfite umuriro woroheje umaze umunsi umwe, ariko nta kindi kibazo mfite"
"Naje hano mbere, mfite igikomere cyanduye, kiratukura kandi kirimo amashyira kuva mu cyumweru gishize kandi nta miti mfite. Murakoze.",kinyarwanda,URGENT,haemorrhage_trauma,kinyarwanda->kinyarwanda:URGENT:haemorrhage_trauma,"mfite igikomere cyanduye, kiratukura kandi kirimo amashyira","mfite igikomere cyanduye, kiratukura kandi kirimo amashyira"
"Mfasha, ndabyara ariko habanje gusohoka umugozi w'umwana kuva ubu gitondo cya kare kandi sinshobora gusinzira. Mfasha muganga.",kinyarwanda,CRITICAL,obstetric,kinyarwanda->kinyarwanda:CRITICAL:obstetric,Ndabyara ariko habanje gusohoka umugozi w'umwana.,Ndabyara ariko habanje gusohoka umugozi w'umwana.
"Mfasha vuba, mushiki wanjye afite umuriro mwinshi kandi arakorora cyane kuva mu cyumweru gishize kandi sinshobora gusinzira. Mfasha muganga.",kinyarwanda,URGENT,infectious_fever,kinyarwanda->kinyarwanda:URGENT:infectious_fever,{REL} afite umuriro mwinshi kandi arakorora cyane.,mfite umuriro mwinshi kandi ndakorora cyane
"Mfasha, umwana wanjye amazuru ye aratemba gake kuva hashize iminsi itatu biragenda bikagaruka. Murakoze.",kinyarwanda,ROUTINE,infectious_fever,kinyarwanda->kinyarwanda:ROUTINE:infectious_fever,{REL} amazuru ye aratemba gake.,amazuru arantemba gake
"Ndakeneye ubufasha, guhumeka birangora cyane ku buryo ntabasha no kuvuga neza kuva mu masaha abiri ashize biragenda bikagaruka. Mfasha muganga.",kinyarwanda,CRITICAL,cardiac_respiratory,kinyarwanda->kinyarwanda:CRITICAL:cardiac_respiratory,Guhumeka birangora cyane ku buryo ntabasha no kuvuga neza.,Guhumeka birangora cyane ku buryo ntabasha no kuvuga neza.
"Muganga, ndatwite kandi nagagaye kuva hashize icyumweru bikarushaho nijoro. Mfasha muganga.",kinyarwanda,CRITICAL,obstetric,kinyarwanda->kinyarwanda:CRITICAL:obstetric,Ndatwite kandi nagagaye.,Ndatwite kandi nagagaye.
"Ndakeneye ubufasha, ndashaka kongererwa imiti y'umuvuduko w'amaraso kuva mu masaha abiri ashize bikarushaho nijoro. Mfasha muganga.",kinyarwanda,ROUTINE,chronic_care,kinyarwanda->kinyarwanda:ROUTINE:chronic_care,Ndashaka kongererwa imiti y'umuvuduko w'amaraso.,Ndashaka kongererwa imiti y'umuvuduko w'amaraso.
"Simbizi niba bikomeye ariko, ndaruka ibyo ndya byose kandi sinshobora no kunywa kuva mu masaha abiri ashize kandi sinshobora gusinzira",kinyarwanda,CRITICAL,gastrointestinal,kinyarwanda->kinyarwanda:CRITICAL:gastrointestinal,Ndaruka ibyo ndya byose kandi sinshobora no kunywa.,Ndaruka ibyo ndya byose kandi sinshobora no kunywa.
"Mfasha vuba, mama ashaka ko bapima SIDA kuva mu cyumweru gishize. Abandi bana na bo bafite iki kibazo. Ntegereze cyangwa nsuzumwe ubu?",kinyarwanda,ROUTINE,preventive,kinyarwanda->kinyarwanda:ROUTINE:preventive,{REL} ashaka ko bapima SIDA.,Ndashaka ko bapima SIDA.
Ndashaka kukubwira ikibazo mfite. Papa nta miti ya SIDA afite kuva mu cyumweru gishize kandi birushaho kuba bibi. Ntabasha kubona amafaranga yo kongera kuza kwa muganga.,kinyarwanda,URGENT,chronic_care,kinyarwanda->kinyarwanda:URGENT:chronic_care,{REL} nta miti ya SIDA afite.,Nta miti ya SIDA mfite.
"Mfasha vuba, umugabo wanjye ashaka inama ku biryo byo kugaburira umwana we kuva mu gitondo. Byatangiye gitunguranye. Ntegereze cyangwa nsuzumwe ubu?",kinyarwanda,ROUTINE,preventive,kinyarwanda->kinyarwanda:ROUTINE:preventive,{REL} ashaka inama ku biryo byo kugaburira umwana we.,Ndashaka inama ku biryo byo kugaburira umwana wanjye.
Ndabyara ariko habanje gusohoka umugozi w'umwana kuva hashize iminsi ibiri. Abandi bana na bo bafite iki kibazo. Nkora iki?,kinyarwanda,CRITICAL,obstetric,kinyarwanda->kinyarwanda:CRITICAL:obstetric,Ndabyara ariko habanje gusohoka umugozi w'umwana.,Ndabyara ariko habanje gusohoka umugozi w'umwana.
"Muraho, ndashaka kujya kwa muganga kwisuzumisha diyabete kuva mu masaha abiri ashize. Ntabasha kubona amafaranga yo kongera kuza kwa muganga.",kinyarwanda,ROUTINE,chronic_care,kinyarwanda->kinyarwanda:ROUTINE:chronic_care,Ndashaka kujya kwa muganga kwisuzumisha diyabete.,Ndashaka kujya kwa muganga kwisuzumisha SIDA.
"Mumbabarire, ndashaka kubabwira ikibazo mfite. Maze ibyumweru birenga bibiri ndwaye impiswi nta miti imfasha. Nkora iki?",kinyarwanda,URGENT,gastrointestinal,kinyarwanda->kinyarwanda:URGENT:gastrointestinal,Maze ibyumweru birenga bibiri ndwaye impiswi.,Maze ibyumweru birenga bibiri ndwaye impiswi.
"Nyabuneka, umugore wanjye ntashobora kuvuga neza kandi umunwa we waragoramye kuva hashize iminsi itatu kandi ndahangayitse",kinyarwanda,CRITICAL,neurological,kinyarwanda->kinyarwanda:CRITICAL:neurological,{REL} ntashobora kuvuga neza kandi umunwa we waragoramye.,{REL} ntashobora kuvuga neza kandi umunwa we waragoramye.
"Muganga, mushiki wanjye afite igikomere cyanduye, kiratukura kandi kirimo amashyira kuva ijoro ryashize biragenda bikagaruka. Murakoze.",kinyarwanda,URGENT,haemorrhage_trauma,kinyarwanda->kinyarwanda:URGENT:haemorrhage_trauma,"{REL} afite igikomere cyanduye, kiratukura kandi kirimo amashyira.","mfite igikomere cyanduye, kiratukura kandi kirimo amashyira"
"Mfasha vuba, narumwe n'inzoka kuva hashize iminsi itatu. Ntabasha kubona amafaranga yo kongera kuza kwa muganga.",kinyarwanda,URGENT,haemorrhage_trauma,kinyarwanda->kinyarwanda:URGENT:haemorrhage_trauma,Narumwe n'inzoka.,Narumwe n'inzoka.
"Ndakeneye ubufasha, umutwe urandya ariko ntabwo cyane kuva hashize iminsi itatu biragenda bikagaruka. Ese ibi birakomeye?",kinyarwanda,ROUTINE,neurological,kinyarwanda->kinyarwanda:ROUTINE:neurological,umutwe urandya ariko ntabwo cyane,umutwe urandya ariko ntabwo cyane
"Mumbabarire, ndashaka kubabwira ikibazo mfite. Umugabo wanjye arakomeza kuruka kandi ntashobora kurya kuva ubu gitondo cya kare bikarushaho nijoro. Urakoze.",kinyarwanda,URGENT,gastrointestinal,kinyarwanda->kinyarwanda:URGENT:gastrointestinal,{REL} arakomeza kuruka kandi ntashobora kurya.,ndakomeza kuruka kandi sinshobora kurya
"Simbizi niba bikomeye ariko, mfite igisebe ku kirenge kidakira kandi mfite diyabete kuva hashize iminsi itatu kandi sinshobora gusinzira. Ni imiti ki nafata?",kinyarwanda,URGENT,chronic_care,kinyarwanda->kinyarwanda:URGENT:chronic_care,Mfite igisebe ku kirenge kidakira kandi mfite diyabete.,Mfite igisebe ku kirenge kidakira kandi mfite diyabete.
"Iyo mpumeka, numva igituza gifashe kandi mpumeka nkumva hari ijwi ridasanzwe kuva ubu gitondo cya kare bikarushaho nijoro. Ntabasha kubona amafaranga yo kongera kuza kwa muganga.",kinyarwanda,URGENT,cardiac_respiratory,kinyarwanda->kinyarwanda:URGENT:cardiac_respiratory,"Iyo mpumeka, numva igituza gifashe kandi mpumeka nkumva hari ijwi ridasanzwe.","Iyo mpumeka, numva igituza gifashe kandi mpumeka nkumva hari ijwi ridasanzwe."
"Mfasha vuba, mushiki wanjye afite gahunda yo gukingiza umwana kuva mu gitondo biragenda bikagaruka. Ni imiti ki nafata?",kinyarwanda,ROUTINE,preventive,kinyarwanda->kinyarwanda:ROUTINE:preventive,{REL} afite gahunda yo gukingiza umwana.,Mfite gahunda yo gukingiza umwana.
Ndashaka kukubwira ikibazo mfite. Mfite igisebe ku kirenge kidakira kandi mfite diyabete kuva ejo. Byatangiye gitunguranye. Nkora iki?,kinyarwanda,URGENT,chronic_care,kinyarwanda->kinyarwanda:URGENT:chronic_care,Mfite igisebe ku kirenge kidakira kandi mfite diyabete.,Mfite igisebe ku kirenge kidakira kandi mfite diyabete.
"Naje hano mbere, mfite umuriro mwinshi kandi nagagaye kuva ubu gitondo cya kare. Ntabasha kubona amafaranga yo kongera kuza kwa muganga.",kinyarwanda,CRITICAL,infectious_fever,kinyarwanda->kinyarwanda:CRITICAL:infectious_fever,Mfite umuriro mwinshi kandi nagagaye.,Mfite umuriro mwinshi kandi nagagaye.
"Muraho, mfite gahunda yo gukingiza umwana. Ni imiti ki nafata?",kinyarwanda,ROUTINE,preventive,kinyarwanda->kinyarwanda:ROUTINE:preventive,Mfite gahunda yo gukingiza umwana.,Mfite gahunda yo gukingiza umwana.
"Naje hano mbere, mfite ibimenyetso bya malariya, umuriro n'imbeho kuva mu masaha abiri ashize biragenda bikagaruka. Mfasha muganga.",kinyarwanda,URGENT,infectious_fever,kinyarwanda->kinyarwanda:URGENT:infectious_fever,"Mfite ibimenyetso bya malariya, umuriro n'imbeho.","Mfite ibimenyetso bya malariya, umuriro n'imbeho."
"Mumbabarire, ndashaka kubabwira ikibazo mfite. Mfite umwanda usa umukara kuva hashize icyumweru kandi birushaho kuba bibi. Ni imiti ki nafata?",kinyarwanda,CRITICAL,gastrointestinal,kinyarwanda->kinyarwanda:CRITICAL:gastrointestinal,Mfite umwanda usa umukara.,Mfite umwanda usa umukara.
"Mfasha, nta miti y'igituntu mfite kuva hashize iminsi itatu nta miti imfasha. Ntabasha kubona amafaranga yo kongera kuza kwa muganga.",kinyarwanda,URGENT,chronic_care,kinyarwanda->kinyarwanda:URGENT:chronic_care,Nta miti y'igituntu mfite.,Nta miti y'igituntu mfite.
"Muraho, mfite umuriro kandi numva mfite imbeho, nkeka ko ari malariya kuva mu gitondo nta miti imfasha",kinyarwanda,URGENT,infectious_fever,kinyarwanda->kinyarwanda:URGENT:infectious_fever,"mfite umuriro kandi numva mfite imbeho, nkeka ko ari malariya","mfite umuriro kandi numva mfite imbeho, nkeka ko ari malariya"
"Muraho, isukari yo mu maraso yanjye yazamutse cyane kuva mu gitondo bikarushaho nijoro. Ese ibi birakomeye?",kinyarwanda,URGENT,chronic_care,kinyarwanda->kinyarwanda:URGENT:chronic_care,isukari yo mu maraso yanjye yazamutse cyane,isukari yo mu maraso yanjye yazamutse cyane
"Mfasha vuba, umwana wanjye akorora gake ariko nta muriro afite kuva hashize iminsi itatu biragenda bikagaruka. Mfasha muganga.",kinyarwanda,ROUTINE,cardiac_respiratory,kinyarwanda->kinyarwanda:ROUTINE:cardiac_respiratory,{REL} akorora gake ariko nta muriro afite.,Nkorora gake ariko nta muriro mfite.
"Simbizi niba bikomeye ariko, umukecuru ashaka inama ku biryo byo kugaburira umwana we kuva hashize iminsi ibiri kandi birushaho kuba bibi. Ese ibi birakomeye?",kinyarwanda,ROUTINE,preventive,kinyarwanda->kinyarwanda:ROUTINE:preventive,{REL} ashaka inama ku biryo byo kugaburira umwana we.,Ndashaka inama ku biryo byo kugaburira umwana wanjye.
"Nzanye umwana wanjye, ndashaka guhabwa inzitiramubu kuva ubu gitondo cya kare kandi nta miti mfite. Murakoze.",kinyarwanda,ROUTINE,preventive,kinyarwanda->kinyarwanda:ROUTINE:preventive,Ndashaka guhabwa inzitiramubu.,Ndashaka guhabwa inzitiramubu.
"Naje hano mbere, ndava amaraso menshi nyuma yo kubyara kuva hashize iminsi itatu. Abandi bana na bo bafite iki kibazo. Ntabasha kubona amafaranga yo kongera kuza kwa muganga.",kinyarwanda,CRITICAL,obstetric,kinyarwanda->kinyarwanda:CRITICAL:obstetric,ndava amaraso menshi nyuma yo kubyara,ndava amaraso menshi nyuma yo kubyara
"Naje hano mbere, umwana wanjye afite ikibazo cyo kutabasha guhumeka neza, kandi uruhu rwe rwahindutse ubururu kuva ejo kandi birushaho kuba bibi. Nkora iki?",kinyarwanda,CRITICAL,paediatric,kinyarwanda->kinyarwanda:CRITICAL:paediatric,"{REL} afite ikibazo cyo kutabasha guhumeka neza, kandi uruhu rwe rwahindutse ubururu","{REL} afite ikibazo cyo kutabasha guhumeka neza, kandi uruhu rwe rwahindutse ubururu"
"Nyabuneka, mfite umuriro kandi numva mfite imbeho, nkeka ko ari malariya kuva hashize icyumweru. Byatangiye gitunguranye.",kinyarwanda,URGENT,infectious_fever,kinyarwanda->kinyarwanda:URGENT:infectious_fever,"mfite umuriro kandi numva mfite imbeho, nkeka ko ari malariya","mfite umuriro kandi numva mfite imbeho, nkeka ko ari malariya"
"Nyabuneka, umwana wanjye afite umuriro woroheje umaze umunsi umwe, ariko nta kindi kibazo afite kandi sinshobora gusinzira. Ntegereze cyangwa nsuzumwe ubu?",kinyarwanda,ROUTINE,infectious_fever,kinyarwanda->kinyarwanda:ROUTINE:infectious_fever,"{REL} afite umuriro woroheje umaze umunsi umwe, ariko nta kindi kibazo afite.","mfite umuriro woroheje umaze umunsi umwe, ariko nta kindi kibazo mfite"
"Simbizi niba bikomeye ariko, maze ibyumweru birenga bibiri ndwaye impiswi kuva ejo kandi ndahangayitse",kinyarwanda,URGENT,gastrointestinal,kinyarwanda->kinyarwanda:URGENT:gastrointestinal,Maze ibyumweru birenga bibiri ndwaye impiswi.,Maze ibyumweru birenga bibiri ndwaye impiswi.
"Mumbabarire, ndashaka kubabwira ikibazo mfite. Umugabo wanjye yaraguye none arababara cyane kuva ubu gitondo cya kare kandi nta miti mfite. Murakoze.",kinyarwanda,URGENT,haemorrhage_trauma,kinyarwanda->kinyarwanda:URGENT:haemorrhage_trauma,{REL} yaraguye none arababara cyane.,naraguye none ndababara cyane
"Muganga, uruhande rumwe rw'umubiri we ntirukora kuva hashize icyumweru kandi sinshobora gusinzira. Nkora iki?",kinyarwanda,CRITICAL,neurological,kinyarwanda->kinyarwanda:CRITICAL:neurological,Uruhande rumwe rw'umubiri we ntirukora.,Uruhande rumwe rw'umubiri we ntirukora.
"Muraho, mfite igisebe ku kirenge kidakira kandi mfite diyabete kuva ejo biragenda bikagaruka. Ntegereze cyangwa nsuzumwe ubu?",kinyarwanda,URGENT,chronic_care,kinyarwanda->kinyarwanda:URGENT:chronic_care,Mfite igisebe ku kirenge kidakira kandi mfite diyabete.,Mfite igisebe ku kirenge kidakira kandi mfite diyabete.
"Mumbabarire, ndashaka kubabwira ikibazo mfite. Iminwa yanjye yahindutse ubururu kuva mu cyumweru gishize. Ese ibi birakomeye?",kinyarwanda,CRITICAL,cardiac_respiratory,kinyarwanda->kinyarwanda:CRITICAL:cardiac_respiratory,Iminwa yanjye yahindutse ubururu.,Iminwa yanjye yahindutse ubururu.
"Mfasha, umugore wanjye afite ububabare bukabije mu nda kuva mu masaha abiri ashize kandi ndahangayitse. Ni imiti ki nafata?",kinyarwanda,URGENT,gastrointestinal,kinyarwanda->kinyarwanda:URGENT:gastrointestinal,{REL} afite ububabare bukabije mu nda.,Mfite ububabare bukabije mu nda.
"Naje hano mbere, mfite igikomere gikomeye kirimo kuva amaraso menshi kuva mu cyumweru gishize kandi sinshobora gusinzira. Ni imiti ki nafata?",kinyarwanda,CRITICAL,haemorrhage_trauma,kinyarwanda->kinyarwanda:CRITICAL:haemorrhage_trauma,mfite igikomere gikomeye kirimo kuva amaraso menshi,mfite igikomere gikomeye kirimo kuva amaraso menshi
"Mfasha vuba, ndava amaraso menshi nyuma yo kubyara kuva mu cyumweru gishize bikarushaho nijoro. Mfasha muganga.",kinyarwanda,CRITICAL,obstetric,kinyarwanda->kinyarwanda:CRITICAL:obstetric,ndava amaraso menshi nyuma yo kubyara,ndava amaraso menshi nyuma yo kubyara
"Nyabuneka, mama ashaka inama ku biryo byo kugaburira umwana we kuva mu masaha abiri ashize kandi birushaho kuba bibi. Nkora iki?",kinyarwanda,ROUTINE,preventive,kinyarwanda->kinyarwanda:ROUTINE:preventive,{REL} ashaka inama ku biryo byo kugaburira umwana we.,Ndashaka inama ku biryo byo kugaburira umwana wanjye.
"Muganga, umukecuru afite igikomere cyanduye, kiratukura kandi kirimo amashyira nta miti imfasha. Urakoze.",kinyarwanda,URGENT,haemorrhage_trauma,kinyarwanda->kinyarwanda:URGENT:haemorrhage_trauma,"{REL} afite igikomere cyanduye, kiratukura kandi kirimo amashyira.","mfite igikomere cyanduye, kiratukura kandi kirimo amashyira"
Mama nta miti ya SIDA afite kuva mu gitondo. Abandi bana na bo bafite iki kibazo. Naje mvuye kure.,kinyarwanda,URGENT,chronic_care,kinyarwanda->kinyarwanda:URGENT:chronic_care,{REL} nta miti ya SIDA afite.,Nta miti ya SIDA mfite.
Ndashaka ko bapima umuvuduko w'amaraso kuva hashize iminsi ibiri kandi nta miti mfite. Ntabasha kubona amafaranga yo kongera kuza kwa muganga.,kinyarwanda,ROUTINE,preventive,kinyarwanda->kinyarwanda:ROUTINE:preventive,Ndashaka ko bapima umuvuduko w'amaraso.,Ndashaka ko bapima umuvuduko w'amaraso.
"Simbizi niba bikomeye ariko, ndakomeza kuruka kandi sinshobora kurya. Murakoze.",kinyarwanda,URGENT,gastrointestinal,kinyarwanda->kinyarwanda:URGENT:gastrointestinal,ndakomeza kuruka kandi sinshobora kurya,ndakomeza kuruka kandi sinshobora kurya
"Simbizi niba bikomeye ariko, umuturanyi wanjye afite umuriro mwinshi kandi arakorora cyane kuva hashize iminsi itatu nta miti imfasha. Murakoze.",kinyarwanda,URGENT,infectious_fever,kinyarwanda->kinyarwanda:URGENT:infectious_fever,{REL} afite umuriro mwinshi kandi arakorora cyane.,mfite umuriro mwinshi kandi ndakorora cyane
Ndashaka kukubwira ikibazo mfite. Nta miti y'igituntu mfite kuva ejo bikarushaho nijoro. Mfasha muganga.,kinyarwanda,URGENT,chronic_care,kinyarwanda->kinyarwanda:URGENT:chronic_care,Nta miti y'igituntu mfite.,Nta miti y'igituntu mfite.
"Mumbabarire, ndashaka kubabwira ikibazo mfite. Mama amaze umunsi wose ari mu bubabare bwo kubyara ariko umwana ntarasohoka kuva ejo kandi sinshobora gusinzira. Naje mvuye kure.",kinyarwanda,CRITICAL,obstetric,kinyarwanda->kinyarwanda:CRITICAL:obstetric,{REL} amaze umunsi wose ari mu bubabare bwo kubyara ariko umwana ntarasohoka.,Maze umunsi wose mbabara ngerageza kubyara ariko umwana ntarasohoka.
Ndashaka kukubwira ikibazo mfite. Ndashaka inama ku biryo byo kugaburira umwana wanjye bikarushaho nijoro. Ntegereze cyangwa nsuzumwe ubu?,kinyarwanda,ROUTINE,preventive,kinyarwanda->kinyarwanda:ROUTINE:preventive,Ndashaka inama ku biryo byo kugaburira umwana wanjye.,Ndashaka inama ku biryo byo kugaburira umwana wanjye.
"Naje hano mbere, mu gituza harandya cyane kandi ububabare bukagera no ku kuboko kuva mu masaha abiri ashize kandi birushaho kuba bibi. Nkora iki?",kinyarwanda,CRITICAL,cardiac_respiratory,kinyarwanda->kinyarwanda:CRITICAL:cardiac_respiratory,mu gituza harandya cyane kandi ububabare bukagera no ku kuboko,mu gituza harandya cyane kandi ububabare bukagera no ku kuboko
"Nzanye umwana wanjye, mfite umuriro kandi numva mfite imbeho, nkeka ko ari malariya kuva ijoro ryashize kandi sinshobora gusinzira. Nkora iki?",kinyarwanda,URGENT,infectious_fever,kinyarwanda->kinyarwanda:URGENT:infectious_fever,"mfite umuriro kandi numva mfite imbeho, nkeka ko ari malariya","mfite umuriro kandi numva mfite imbeho, nkeka ko ari malariya"
"Nyabuneka, papa isukari yo mu maraso ye yazamutse cyane kuva ejo kandi birushaho kuba bibi. Nkora iki?",kinyarwanda,URGENT,chronic_care,kinyarwanda->kinyarwanda:URGENT:chronic_care,{REL} isukari yo mu maraso ye yazamutse cyane.,isukari yo mu maraso yanjye yazamutse cyane
"Simbizi niba bikomeye ariko, ndatwite kandi nagagaye kuva mu gitondo. Byatangiye gitunguranye. Ese ibi birakomeye?",kinyarwanda,CRITICAL,obstetric,kinyarwanda->kinyarwanda:CRITICAL:obstetric,Ndatwite kandi nagagaye.,Ndatwite kandi nagagaye.
"Muraho, ndatwite kandi ndaruka ibyo ndya byose kuva hashize iminsi itatu kandi ndahangayitse. Ntabasha kubona amafaranga yo kongera kuza kwa muganga.",kinyarwanda,URGENT,obstetric,kinyarwanda->kinyarwanda:URGENT:obstetric,Ndatwite kandi ndaruka ibyo ndya byose.,Ndatwite kandi ndaruka ibyo ndya byose.
"Muganga, ndatwite kandi ndaruka ibyo ndya byose kuva ijoro ryashize. Abandi bana na bo bafite iki kibazo. Ese ibi birakomeye?",kinyarwanda,URGENT,obstetric,kinyarwanda->kinyarwanda:URGENT:obstetric,Ndatwite kandi ndaruka ibyo ndya byose.,Ndatwite kandi ndaruka ibyo ndya byose.
"Nyabuneka, mama ashaka inama ku biryo byo kugaburira umwana we kuva mu masaha abiri ashize kandi sinshobora gusinzira",kinyarwanda,ROUTINE,preventive,kinyarwanda->kinyarwanda:ROUTINE:preventive,{REL} ashaka inama ku biryo byo kugaburira umwana we.,Ndashaka inama ku biryo byo kugaburira umwana wanjye.
"Simbizi niba bikomeye ariko, ndakomeza kuruka kandi sinshobora kurya kuva mu cyumweru gishize. Byatangiye gitunguranye. Nkora iki?",kinyarwanda,URGENT,gastrointestinal,kinyarwanda->kinyarwanda:URGENT:gastrointestinal,ndakomeza kuruka kandi sinshobora kurya,ndakomeza kuruka kandi sinshobora kurya
"Nzanye umwana wanjye, mfite ikibazo ku mutwe kandi kirimo guterwa n'urumuri kuva ijoro ryashize kandi nta miti mfite. Ntabasha kubona amafaranga yo kongera kuza kwa muganga.",kinyarwanda,URGENT,neurological,kinyarwanda->kinyarwanda:URGENT:neurological,Mfite ikibazo ku mutwe kandi kirimo guterwa n'urumuri.,Mfite ikibazo ku mutwe kandi kirimo guterwa n'urumuri.
"Mfasha vuba, umuturanyi wanjye aratwite kandi ashaka kwisuzumisha kwa muganga bwa mbere kuva hashize iminsi ibiri. Ntegereze cyangwa nsuzumwe ubu?",kinyarwanda,ROUTINE,preventive,kinyarwanda->kinyarwanda:ROUTINE:preventive,{REL} aratwite kandi ashaka kwisuzumisha kwa muganga bwa mbere.,Ndatwite kandi ndashaka kwisuzumisha kwa muganga bwa mbere.
"Naje hano mbere, mfite impiswi zirimo amaraso kuva ubu gitondo cya kare kandi birushaho kuba bibi. Ntabasha kubona amafaranga yo kongera kuza kwa muganga.",kinyarwanda,URGENT,gastrointestinal,kinyarwanda->kinyarwanda:URGENT:gastrointestinal,Mfite impiswi zirimo amaraso.,Mfite impiswi zirimo amaraso.
"Ndakeneye ubufasha, mushiki wanjye ashaka guhabwa inzitiramubu kuva ejo kandi birushaho kuba bibi. Nkora iki?",kinyarwanda,ROUTINE,preventive,kinyarwanda->kinyarwanda:ROUTINE:preventive,{REL} ashaka guhabwa inzitiramubu.,Ndashaka guhabwa inzitiramubu.
"Muraho, ndashaka ko bapima umuvuduko w'amaraso kuva ejo kandi sinshobora gusinzira. Urakoze.",kinyarwanda,ROUTINE,preventive,kinyarwanda->kinyarwanda:ROUTINE:preventive,Ndashaka ko bapima umuvuduko w'amaraso.,Ndashaka ko bapima umuvuduko w'amaraso.
"Mfasha, umutima uratera cyane kandi nkumva umeze nk'aho uhagarara kuva ubu gitondo cya kare kandi sinshobora gusinzira. Ntabasha kubona amafaranga yo kongera kuza kwa muganga.",kinyarwanda,CRITICAL,cardiac_respiratory,kinyarwanda->kinyarwanda:CRITICAL:cardiac_respiratory,umutima uratera cyane kandi nkumva umeze nk'aho uhagarara,umutima uratera cyane kandi nkumva umeze nk'aho uhagarara
"Muganga, umuturanyi wanjye ari kubyara ariko umugozi w'umwana wabanje gusohoka kuva hashize iminsi ibiri biragenda bikagaruka. Ntegereze cyangwa nsuzumwe ubu?",kinyarwanda,CRITICAL,obstetric,kinyarwanda->kinyarwanda:CRITICAL:obstetric,{REL} ari kubyara ariko umugozi w'umwana wabanje gusohoka.,Ndabyara ariko habanje gusohoka umugozi w'umwana.
"Mumbabarire, ndashaka kubabwira ikibazo mfite. Umwana wanjye afite ikibazo cyo kutabasha guhumeka neza, kandi uruhu rwe rwahindutse ubururu kuva hashize iminsi itatu kandi sinshobora gusinzira",kinyarwanda,CRITICAL,paediatric,kinyarwanda->kinyarwanda:CRITICAL:paediatric,"{REL} afite ikibazo cyo kutabasha guhumeka neza, kandi uruhu rwe rwahindutse ubururu","{REL} afite ikibazo cyo kutabasha guhumeka neza, kandi uruhu rwe rwahindutse ubururu"
"Simbizi niba bikomeye ariko, naraguye none ndababara cyane kandi birushaho kuba bibi. Naje mvuye kure.",kinyarwanda,URGENT,haemorrhage_trauma,kinyarwanda->kinyarwanda:URGENT:haemorrhage_trauma,naraguye none ndababara cyane,naraguye none ndababara cyane
"Nyabuneka, ndatwite kandi nagagaye kuva hashize iminsi ibiri. Nkora iki?",kinyarwanda,CRITICAL,obstetric,kinyarwanda->kinyarwanda:CRITICAL:obstetric,Ndatwite kandi nagagaye.,Ndatwite kandi nagagaye.
Mama ntashobora kuvuga neza kandi umunwa we waragoramye kuva ejo. Ntabasha kubona amafaranga yo kongera kuza kwa muganga.,kinyarwanda,CRITICAL,neurological,kinyarwanda->kinyarwanda:CRITICAL:neurological,{REL} ntashobora kuvuga neza kandi umunwa we waragoramye.,{REL} ntashobora kuvuga neza kandi umunwa we waragoramye.
"Mfasha, mfite umuhaha kuva hashize iminsi itatu nta miti imfasha. Ese ibi birakomeye?",kinyarwanda,URGENT,paediatric,kinyarwanda->kinyarwanda:URGENT:paediatric,Mfite umuhaha.,Mfite umuhaha.
"Nzanye umwana wanjye, naguye, ukuguru kuragoramye ariko sinumva ko kuvunitse kuva hashize iminsi itatu kandi nta miti mfite. Ndakeneye ubufasha vuba.",kinyarwanda,URGENT,haemorrhage_trauma,kinyarwanda->kinyarwanda:URGENT:haemorrhage_trauma,"Naguye, ukuguru kuragoramye ariko sinumva ko kuvunitse.","Naguye, ukuguru kuragoramye ariko sinumva ko kuvunitse."
"Nyabuneka, mfite impiswi zirimo amaraso kuva ubu gitondo cya kare. Abandi bana na bo bafite iki kibazo.",kinyarwanda,URGENT,gastrointestinal,kinyarwanda->kinyarwanda:URGENT:gastrointestinal,Mfite impiswi zirimo amaraso.,Mfite impiswi zirimo amaraso.
"Mumbabarire, ndashaka kubabwira ikibazo mfite. Mfite umwanda usa umukara kuva hashize iminsi itatu kandi sinshobora gusinzira. Ntegereze cyangwa nsuzumwe ubu?",kinyarwanda,CRITICAL,gastrointestinal,kinyarwanda->kinyarwanda:CRITICAL:gastrointestinal,Mfite umwanda usa umukara.,Mfite umwanda usa umukara.
"Muraho, ndatwite kandi nagagaye kuva mu cyumweru gishize kandi nta miti mfite. Ese ibi birakomeye?",kinyarwanda,CRITICAL,obstetric,kinyarwanda->kinyarwanda:CRITICAL:obstetric,Ndatwite kandi nagagaye.,Ndatwite kandi nagagaye.
"Ndashaka kukubwira ikibazo mfite. Umugore wanjye aratwite kandi umutwe uramubabaza cyane, kandi ntashobora kureba neza kuva hashize iminsi ibiri. Byatangiye gitunguranye.",kinyarwanda,CRITICAL,obstetric,kinyarwanda->kinyarwanda:CRITICAL:obstetric,"{REL} aratwite kandi umutwe uramubabaza cyane, kandi ntashobora kureba neza.","Ndatwite, umutwe urandya cyane kandi sinshobora kureba neza."
"Naje hano mbere, umuturanyi wanjye afite umuriro mwinshi kandi arakorora cyane kuva ubu gitondo cya kare nta miti imfasha. Ndakeneye ubufasha vuba.",kinyarwanda,URGENT,infectious_fever,kinyarwanda->kinyarwanda:URGENT:infectious_fever,{REL} afite umuriro mwinshi kandi arakorora cyane.,mfite umuriro mwinshi kandi ndakorora cyane
"Nyabuneka, ndashaka kugirwa inama uko nakonsa umwana kuva mu masaha abiri ashize biragenda bikagaruka. Ni imiti ki nafata?",kinyarwanda,ROUTINE,obstetric,kinyarwanda->kinyarwanda:ROUTINE:obstetric,Ndashaka kugirwa inama uko nakonsa umwana.,Ndashaka kugirwa inama uko nakonsa umwana.
Ndashaka kukubwira ikibazo mfite. Maze ibyumweru birenga bibiri ndwaye impiswi kuva ijoro ryashize biragenda bikagaruka. Murakoze.,kinyarwanda,URGENT,gastrointestinal,kinyarwanda->kinyarwanda:URGENT:gastrointestinal,Maze ibyumweru birenga bibiri ndwaye impiswi.,Maze ibyumweru birenga bibiri ndwaye impiswi.
"Ndakeneye ubufasha, iyo umwana wanjye amaze kurya, yumva inda itameze neza kuva mu masaha abiri ashize. Abandi bana na bo bafite iki kibazo. Ntegereze cyangwa nsuzumwe ubu?",kinyarwanda,ROUTINE,gastrointestinal,kinyarwanda->kinyarwanda:ROUTINE:gastrointestinal,"Iyo {REL} amaze kurya, yumva inda itameze neza.","Iyo {REL} amaze kurya, yumva inda itameze neza."
"Mfasha vuba, ndashaka kujya kwa muganga kwisuzumisha diyabete kuva ejo kandi sinshobora gusinzira. Ndakeneye ubufasha vuba.",kinyarwanda,ROUTINE,chronic_care,kinyarwanda->kinyarwanda:ROUTINE:chronic_care,Ndashaka kujya kwa muganga kwisuzumisha diyabete.,Ndashaka kujya kwa muganga kwisuzumisha SIDA.
"Mama afite ibimenyetso bya malariya, umuriro n'imbeho kuva mu gitondo bikarushaho nijoro",kinyarwanda,URGENT,infectious_fever,kinyarwanda->kinyarwanda:URGENT:infectious_fever,"{REL} afite ibimenyetso bya malariya, umuriro n'imbeho.","Mfite ibimenyetso bya malariya, umuriro n'imbeho."
"Naje hano mbere, maze ibyumweru birenga bibiri ndwaye impiswi kuva mu masaha abiri ashize biragenda bikagaruka. Ese ibi birakomeye?",kinyarwanda,URGENT,gastrointestinal,kinyarwanda->kinyarwanda:URGENT:gastrointestinal,Maze ibyumweru birenga bibiri ndwaye impiswi.,Maze ibyumweru birenga bibiri ndwaye impiswi.
"Mumbabarire, ndashaka kubabwira ikibazo mfite. Iyo mpumeka, numva igituza gifashe kandi mpumeka nkumva hari ijwi ridasanzwe kuva ijoro ryashize bikarushaho nijoro. Urakoze.",kinyarwanda,URGENT,cardiac_respiratory,kinyarwanda->kinyarwanda:URGENT:cardiac_respiratory,"Iyo mpumeka, numva igituza gifashe kandi mpumeka nkumva hari ijwi ridasanzwe.","Iyo mpumeka, numva igituza gifashe kandi mpumeka nkumva hari ijwi ridasanzwe."
"Simbizi niba bikomeye ariko, mfite umuriro mwinshi kandi nagagaye kuva ejo",kinyarwanda,CRITICAL,infectious_fever,kinyarwanda->kinyarwanda:CRITICAL:infectious_fever,Mfite umuriro mwinshi kandi nagagaye.,Mfite umuriro mwinshi kandi nagagaye.
Ndashaka kukubwira ikibazo mfite. Umugabo wanjye ashaka kugirwa inama ku mazi yo kunywa kuva hashize iminsi ibiri kandi nta miti mfite. Nkora iki?,kinyarwanda,ROUTINE,preventive,kinyarwanda->kinyarwanda:ROUTINE:preventive,{REL} ashaka kugirwa inama ku mazi yo kunywa.,Ndashaka kugirwa inama ku mazi yo kunywa.
"Mfasha, mfite gahunda yo gukingiza umwana kuva mu masaha abiri ashize kandi birushaho kuba bibi. Ntegereze cyangwa nsuzumwe ubu?",kinyarwanda,ROUTINE,preventive,kinyarwanda->kinyarwanda:ROUTINE:preventive,Mfite gahunda yo gukingiza umwana.,Mfite gahunda yo gukingiza umwana.
"Muraho, iyo mpumeka, numva igituza gifashe kandi mpumeka nkumva hari ijwi ridasanzwe kuva ijoro ryashize. Byatangiye gitunguranye. Ntabasha kubona amafaranga yo kongera kuza kwa muganga.",kinyarwanda,URGENT,cardiac_respiratory,kinyarwanda->kinyarwanda:URGENT:cardiac_respiratory,"Iyo mpumeka, numva igituza gifashe kandi mpumeka nkumva hari ijwi ridasanzwe.","Iyo mpumeka, numva igituza gifashe kandi mpumeka nkumva hari ijwi ridasanzwe."
"Naje hano mbere, narumwe n'inzoka kuva mu masaha abiri ashize kandi ndahangayitse. Ni imiti ki nafata?",kinyarwanda,URGENT,haemorrhage_trauma,kinyarwanda->kinyarwanda:URGENT:haemorrhage_trauma,Narumwe n'inzoka.,Narumwe n'inzoka.
Ndashaka kukubwira ikibazo mfite. Ndashaka kongererwa imiti y'umuvuduko w'amaraso kuva hashize iminsi ibiri. Byatangiye gitunguranye. Urakoze.,kinyarwanda,ROUTINE,chronic_care,kinyarwanda->kinyarwanda:ROUTINE:chronic_care,Ndashaka kongererwa imiti y'umuvuduko w'amaraso.,Ndashaka kongererwa imiti y'umuvuduko w'amaraso.
"Simbizi niba bikomeye ariko, mfite igikomere gito kandi amaraso yarahagaze kandi ndahangayitse. Ntegereze cyangwa nsuzumwe ubu?",kinyarwanda,ROUTINE,haemorrhage_trauma,kinyarwanda->kinyarwanda:ROUTINE:haemorrhage_trauma,Mfite igikomere gito kandi amaraso yarahagaze.,Mfite igikomere gito kandi amaraso yarahagaze.
"Naje hano mbere, nkorora gake ariko nta muriro mfite kuva mu cyumweru gishize nta miti imfasha. Nkora iki?",kinyarwanda,ROUTINE,cardiac_respiratory,kinyarwanda->kinyarwanda:ROUTINE:cardiac_respiratory,Nkorora gake ariko nta muriro mfite.,Nkorora gake ariko nta muriro mfite.
"Mfasha vuba, mushiki wanjye afite ubushye bunini ku mubiri kuva hashize icyumweru kandi ndahangayitse. Ni imiti ki nafata?",kinyarwanda,CRITICAL,haemorrhage_trauma,kinyarwanda->kinyarwanda:CRITICAL:haemorrhage_trauma,{REL} afite ubushye bunini ku mubiri.,Mfite ubushye bunini ku mubiri.
"Nyabuneka, ndatwite kandi ndaruka ibyo ndya byose kuva hashize icyumweru kandi birushaho kuba bibi. Ntabasha kubona amafaranga yo kongera kuza kwa muganga.",kinyarwanda,URGENT,obstetric,kinyarwanda->kinyarwanda:URGENT:obstetric,Ndatwite kandi ndaruka ibyo ndya byose.,Ndatwite kandi ndaruka ibyo ndya byose.
"Muraho, ndatwite kandi nagagaye kuva ijoro ryashize nta miti imfasha. Ntegereze cyangwa nsuzumwe ubu?",kinyarwanda,CRITICAL,obstetric,kinyarwanda->kinyarwanda:CRITICAL:obstetric,Ndatwite kandi nagagaye.,Ndatwite kandi nagagaye.
"Naje hano mbere, umwana wanjye afite umuhaha kandi birushaho kuba bibi. Ntegereze cyangwa nsuzumwe ubu?",kinyarwanda,URGENT,paediatric,kinyarwanda->kinyarwanda:URGENT:paediatric,{REL} afite umuhaha.,Mfite umuhaha.
"Simbizi niba bikomeye ariko, ndashaka guhabwa inzitiramubu kuva mu gitondo kandi ndahangayitse",kinyarwanda,ROUTINE,preventive,kinyarwanda->kinyarwanda:ROUTINE:preventive,Ndashaka guhabwa inzitiramubu.,Ndashaka guhabwa inzitiramubu.
"Muraho, ndakomeza kuruka kandi sinshobora kurya kuva mu cyumweru gishize. Nkora iki?",kinyarwanda,URGENT,gastrointestinal,kinyarwanda->kinyarwanda:URGENT:gastrointestinal,ndakomeza kuruka kandi sinshobora kurya,ndakomeza kuruka kandi sinshobora kurya
"Mfasha, mushiki wanjye afite gahunda yo gukingiza umwana kuva mu masaha abiri ashize kandi sinshobora gusinzira. Ntegereze cyangwa nsuzumwe ubu?",kinyarwanda,ROUTINE,preventive,kinyarwanda->kinyarwanda:ROUTINE:preventive,{REL} afite gahunda yo gukingiza umwana.,Mfite gahunda yo gukingiza umwana.
"Simbizi niba bikomeye ariko, mushiki wanjye afite gahunda yo gukingiza umwana kuva hashize icyumweru kandi ndahangayitse. Murakoze.",kinyarwanda,ROUTINE,preventive,kinyarwanda->kinyarwanda:ROUTINE:preventive,{REL} afite gahunda yo gukingiza umwana.,Mfite gahunda yo gukingiza umwana.
"Muganga, mfite umuriro woroheje umaze umunsi umwe, ariko nta kindi kibazo mfite kuva mu gitondo kandi sinshobora gusinzira. Ese ibi birakomeye?",kinyarwanda,ROUTINE,infectious_fever,kinyarwanda->kinyarwanda:ROUTINE:infectious_fever,"mfite umuriro woroheje umaze umunsi umwe, ariko nta kindi kibazo mfite","mfite umuriro woroheje umaze umunsi umwe, ariko nta kindi kibazo mfite"
"Naje hano mbere, umutima uratera cyane kandi nkumva umeze nk'aho uhagarara biragenda bikagaruka. Mfasha muganga.",kinyarwanda,CRITICAL,cardiac_respiratory,kinyarwanda->kinyarwanda:CRITICAL:cardiac_respiratory,umutima uratera cyane kandi nkumva umeze nk'aho uhagarara,umutima uratera cyane kandi nkumva umeze nk'aho uhagarara
"Nzanye umwana wanjye, ndashaka kugirwa inama uko nakonsa umwana nta miti imfasha. Ntegereze cyangwa nsuzumwe ubu?",kinyarwanda,ROUTINE,obstetric,kinyarwanda->kinyarwanda:ROUTINE:obstetric,Ndashaka kugirwa inama uko nakonsa umwana.,Ndashaka kugirwa inama uko nakonsa umwana.
"Mfasha vuba, uruhande rumwe rw'umubiri we ntirukora kuva ijoro ryashize. Byatangiye gitunguranye. Ni imiti ki nafata?",kinyarwanda,CRITICAL,neurological,kinyarwanda->kinyarwanda:CRITICAL:neurological,Uruhande rumwe rw'umubiri we ntirukora.,Uruhande rumwe rw'umubiri we ntirukora.
"Muganga, umwana wanjye afite umuriro woroheje umaze umunsi umwe, ariko nta kindi kibazo afite kuva ijoro ryashize. Abandi bana na bo bafite iki kibazo. Ntegereze cyangwa nsuzumwe ubu?",kinyarwanda,ROUTINE,infectious_fever,kinyarwanda->kinyarwanda:ROUTINE:infectious_fever,"{REL} afite umuriro woroheje umaze umunsi umwe, ariko nta kindi kibazo afite.","mfite umuriro woroheje umaze umunsi umwe, ariko nta kindi kibazo mfite"
"Muganga, umukecuru afite ubushye bunini ku mubiri kuva hashize iminsi itatu biragenda bikagaruka. Ni imiti ki nafata?",kinyarwanda,CRITICAL,haemorrhage_trauma,kinyarwanda->kinyarwanda:CRITICAL:haemorrhage_trauma,{REL} afite ubushye bunini ku mubiri.,Mfite ubushye bunini ku mubiri.
"Mfasha vuba, umwana wanjye isukari yo mu maraso ye yazamutse cyane kuva ejo kandi sinshobora gusinzira. Naje mvuye kure.",kinyarwanda,URGENT,chronic_care,kinyarwanda->kinyarwanda:URGENT:chronic_care,{REL} isukari yo mu maraso ye yazamutse cyane.,isukari yo mu maraso yanjye yazamutse cyane
"Mfasha, mushiki wanjye ashaka ko bapima SIDA kuva hashize icyumweru kandi nta miti mfite. Ntegereze cyangwa nsuzumwe ubu?",kinyarwanda,ROUTINE,preventive,kinyarwanda->kinyarwanda:ROUTINE:preventive,{REL} ashaka ko bapima SIDA.,Ndashaka ko bapima SIDA.
"Nzanye umwana wanjye, iminwa yanjye yahindutse ubururu kuva mu cyumweru gishize bikarushaho nijoro. Ndakeneye ubufasha vuba.",kinyarwanda,CRITICAL,cardiac_respiratory,kinyarwanda->kinyarwanda:CRITICAL:cardiac_respiratory,Iminwa yanjye yahindutse ubururu.,Iminwa yanjye yahindutse ubururu.
Ndashaka kukubwira ikibazo mfite. Nkorora gake ariko nta muriro mfite kuva ubu gitondo cya kare kandi sinshobora gusinzira. Ese ibi birakomeye?,kinyarwanda,ROUTINE,cardiac_respiratory,kinyarwanda->kinyarwanda:ROUTINE:cardiac_respiratory,Nkorora gake ariko nta muriro mfite.,Nkorora gake ariko nta muriro mfite.
"Muraho, naraguye none ndababara cyane kuva hashize iminsi ibiri kandi sinshobora gusinzira. Ni imiti ki nafata?",kinyarwanda,URGENT,haemorrhage_trauma,kinyarwanda->kinyarwanda:URGENT:haemorrhage_trauma,naraguye none ndababara cyane,naraguye none ndababara cyane
"Mfasha, mfite igikomere cyanduye, kiratukura kandi kirimo amashyira kuva hashize iminsi ibiri. Byatangiye gitunguranye.",kinyarwanda,URGENT,haemorrhage_trauma,kinyarwanda->kinyarwanda:URGENT:haemorrhage_trauma,"mfite igikomere cyanduye, kiratukura kandi kirimo amashyira","mfite igikomere cyanduye, kiratukura kandi kirimo amashyira"
Ndashaka kukubwira ikibazo mfite. Umwana wanjye ashaka ko bapima SIDA kuva mu masaha abiri ashize biragenda bikagaruka. Urakoze.,kinyarwanda,ROUTINE,preventive,kinyarwanda->kinyarwanda:ROUTINE:preventive,{REL} ashaka ko bapima SIDA.,Ndashaka ko bapima SIDA.
"Simbizi niba bikomeye ariko, umutwe urandya ariko ntabwo cyane kuva mu cyumweru gishize bikarushaho nijoro",kinyarwanda,ROUTINE,neurological,kinyarwanda->kinyarwanda:ROUTINE:neurological,umutwe urandya ariko ntabwo cyane,umutwe urandya ariko ntabwo cyane
"Naje hano mbere, ndabyara ariko habanje gusohoka umugozi w'umwana kuva mu cyumweru gishize bikarushaho nijoro",kinyarwanda,CRITICAL,obstetric,kinyarwanda->kinyarwanda:CRITICAL:obstetric,Ndabyara ariko habanje gusohoka umugozi w'umwana.,Ndabyara ariko habanje gusohoka umugozi w'umwana.
"Muraho, narumwe n'inzoka kuva mu masaha abiri ashize kandi nta miti mfite. Ni imiti ki nafata?",kinyarwanda,URGENT,haemorrhage_trauma,kinyarwanda->kinyarwanda:URGENT:haemorrhage_trauma,Narumwe n'inzoka.,Narumwe n'inzoka.
"Nzanye umwana wanjye, mfite umuriro kandi numva mfite imbeho, nkeka ko ari malariya kuva mu masaha abiri ashize. Ndakeneye ubufasha vuba.",kinyarwanda,URGENT,infectious_fever,kinyarwanda->kinyarwanda:URGENT:infectious_fever,"mfite umuriro kandi numva mfite imbeho, nkeka ko ari malariya","mfite umuriro kandi numva mfite imbeho, nkeka ko ari malariya"
"Mfasha vuba, uruhande rumwe rw'umubiri we ntirukora kuva mu gitondo kandi sinshobora gusinzira. Ni imiti ki nafata?",kinyarwanda,CRITICAL,neurological,kinyarwanda->kinyarwanda:CRITICAL:neurological,Uruhande rumwe rw'umubiri we ntirukora.,Uruhande rumwe rw'umubiri we ntirukora.
"Nyabuneka, mfite igisebe ku kirenge kidakira kandi mfite diyabete kuva hashize iminsi itatu. Abandi bana na bo bafite iki kibazo.",kinyarwanda,URGENT,chronic_care,kinyarwanda->kinyarwanda:URGENT:chronic_care,Mfite igisebe ku kirenge kidakira kandi mfite diyabete.,Mfite igisebe ku kirenge kidakira kandi mfite diyabete.
"Ndakeneye ubufasha, isukari yo mu maraso yanjye yazamutse cyane kuva mu gitondo. Ese ibi birakomeye?",kinyarwanda,URGENT,chronic_care,kinyarwanda->kinyarwanda:URGENT:chronic_care,isukari yo mu maraso yanjye yazamutse cyane,isukari yo mu maraso yanjye yazamutse cyane
"Mfasha vuba, isukari yo mu maraso yanjye yazamutse cyane kuva mu cyumweru gishize kandi ndahangayitse. Murakoze.",kinyarwanda,URGENT,chronic_care,kinyarwanda->kinyarwanda:URGENT:chronic_care,isukari yo mu maraso yanjye yazamutse cyane,isukari yo mu maraso yanjye yazamutse cyane
"Naje hano mbere, umwana wanjye ashaka guhabwa inzitiramubu kuva mu masaha abiri ashize. Abandi bana na bo bafite iki kibazo. Urakoze.",kinyarwanda,ROUTINE,preventive,kinyarwanda->kinyarwanda:ROUTINE:preventive,{REL} ashaka guhabwa inzitiramubu.,Ndashaka guhabwa inzitiramubu.
"Mfasha vuba, ndashaka kujya kwa muganga kwisuzumisha diyabete kuva mu gitondo biragenda bikagaruka. Ni imiti ki nafata?",kinyarwanda,ROUTINE,chronic_care,kinyarwanda->kinyarwanda:ROUTINE:chronic_care,Ndashaka kujya kwa muganga kwisuzumisha diyabete.,Ndashaka kujya kwa muganga kwisuzumisha SIDA.
"Ndakeneye ubufasha, umugore wanjye aratwite kandi araruka ibyo arya byose kuva hashize iminsi itatu kandi nta miti mfite. Naje mvuye kure.",kinyarwanda,URGENT,obstetric,kinyarwanda->kinyarwanda:URGENT:obstetric,{REL} aratwite kandi araruka ibyo arya byose.,Ndatwite kandi ndaruka ibyo ndya byose.
"Naje hano mbere, umukecuru afite umuriro kandi umutwe uramubabaza cyane kuva ejo kandi sinshobora gusinzira. Urakoze.",kinyarwanda,URGENT,infectious_fever,kinyarwanda->kinyarwanda:URGENT:infectious_fever,{REL} afite umuriro kandi umutwe uramubabaza cyane.,mfite umuriro kandi umutwe urandya cyane
"Nyabuneka, mfite umuriro kandi numva mfite imbeho, nkeka ko ari malariya kuva hashize icyumweru nta miti imfasha. Mfasha muganga.",kinyarwanda,URGENT,infectious_fever,kinyarwanda->kinyarwanda:URGENT:infectious_fever,"mfite umuriro kandi numva mfite imbeho, nkeka ko ari malariya","mfite umuriro kandi numva mfite imbeho, nkeka ko ari malariya"
"Muganga, nta miti y'igituntu mfite kuva mu gitondo nta miti imfasha",kinyarwanda,URGENT,chronic_care,kinyarwanda->kinyarwanda:URGENT:chronic_care,Nta miti y'igituntu mfite.,Nta miti y'igituntu mfite.
"Simbizi niba bikomeye ariko, mfite ikibazo ku mutwe kandi kirimo guterwa n'urumuri kuva mu gitondo bikarushaho nijoro. Ndakeneye ubufasha vuba.",kinyarwanda,URGENT,neurological,kinyarwanda->kinyarwanda:URGENT:neurological,Mfite ikibazo ku mutwe kandi kirimo guterwa n'urumuri.,Mfite ikibazo ku mutwe kandi kirimo guterwa n'urumuri.
"Muraho, umwana wanjye afite umuriro woroheje umaze umunsi umwe, ariko nta kindi kibazo afite kuva mu masaha abiri ashize kandi birushaho kuba bibi. Urakoze.",kinyarwanda,ROUTINE,infectious_fever,kinyarwanda->kinyarwanda:ROUTINE:infectious_fever,"{REL} afite umuriro woroheje umaze umunsi umwe, ariko nta kindi kibazo afite.","mfite umuriro woroheje umaze umunsi umwe, ariko nta kindi kibazo mfite"
"Muganga, ndatwite kandi ndashaka kujya kwa muganga kwisuzumisha kuva mu gitondo bikarushaho nijoro. Ese ibi birakomeye?",kinyarwanda,ROUTINE,obstetric,kinyarwanda->kinyarwanda:ROUTINE:obstetric,Ndatwite kandi ndashaka kujya kwa muganga kwisuzumisha.,Ndatwite kandi ndashaka kujya kwa muganga kwisuzumisha.
"Mfasha vuba, ndava amaraso menshi nyuma yo kubyara kuva mu gitondo kandi birushaho kuba bibi. Ntegereze cyangwa nsuzumwe ubu?",kinyarwanda,CRITICAL,obstetric,kinyarwanda->kinyarwanda:CRITICAL:obstetric,ndava amaraso menshi nyuma yo kubyara,ndava amaraso menshi nyuma yo kubyara
"Nyabuneka, umuturanyi wanjye aratwite kandi yaragagaye kuva mu gitondo. Ndakeneye ubufasha vuba.",kinyarwanda,CRITICAL,obstetric,kinyarwanda->kinyarwanda:CRITICAL:obstetric,{REL} aratwite kandi yaragagaye.,Ndatwite kandi nagagaye.
"Mumbabarire, ndashaka kubabwira ikibazo mfite. Umutwe urandya ariko ntabwo cyane kuva ijoro ryashize kandi sinshobora gusinzira. Ntegereze cyangwa nsuzumwe ubu?",kinyarwanda,ROUTINE,neurological,kinyarwanda->kinyarwanda:ROUTINE:neurological,umutwe urandya ariko ntabwo cyane,umutwe urandya ariko ntabwo cyane
"Naje hano mbere, mfite igikomere cyanduye, kiratukura kandi kirimo amashyira kuva mu masaha abiri ashize nta miti imfasha. Ndakeneye ubufasha vuba.",kinyarwanda,URGENT,haemorrhage_trauma,kinyarwanda->kinyarwanda:URGENT:haemorrhage_trauma,"mfite igikomere cyanduye, kiratukura kandi kirimo amashyira","mfite igikomere cyanduye, kiratukura kandi kirimo amashyira"
"Mfasha vuba, umwana wanjye afite umuhaha kuva mu cyumweru gishize kandi ndahangayitse. Ndakeneye ubufasha vuba.",kinyarwanda,URGENT,paediatric,kinyarwanda->kinyarwanda:URGENT:paediatric,{REL} afite umuhaha.,Mfite umuhaha.
"Simbizi niba bikomeye ariko, umuturanyi wanjye yaraguye none arababara cyane kuva ijoro ryashize. Ese ibi birakomeye?",kinyarwanda,URGENT,haemorrhage_trauma,kinyarwanda->kinyarwanda:URGENT:haemorrhage_trauma,{REL} yaraguye none arababara cyane.,naraguye none ndababara cyane
Papa nta miti ya SIDA afite kuva mu gitondo kandi ndahangayitse. Ntegereze cyangwa nsuzumwe ubu?,kinyarwanda,URGENT,chronic_care,kinyarwanda->kinyarwanda:URGENT:chronic_care,{REL} nta miti ya SIDA afite.,Nta miti ya SIDA mfite.
"Muganga, umwana wanjye afite ikibazo cyo kutabasha guhumeka neza, kandi uruhu rwe rwahindutse ubururu kuva hashize iminsi ibiri. Abandi bana na bo bafite iki kibazo. Mfasha muganga.",kinyarwanda,CRITICAL,paediatric,kinyarwanda->kinyarwanda:CRITICAL:paediatric,"{REL} afite ikibazo cyo kutabasha guhumeka neza, kandi uruhu rwe rwahindutse ubururu","{REL} afite ikibazo cyo kutabasha guhumeka neza, kandi uruhu rwe rwahindutse ubururu"
"Naje hano mbere, mu gituza harandya cyane kandi ububabare bukagera no ku kuboko kuva mu cyumweru gishize bikarushaho nijoro. Ni imiti ki nafata?",kinyarwanda,CRITICAL,cardiac_respiratory,kinyarwanda->kinyarwanda:CRITICAL:cardiac_respiratory,mu gituza harandya cyane kandi ububabare bukagera no ku kuboko,mu gituza harandya cyane kandi ububabare bukagera no ku kuboko
"Simbizi niba bikomeye ariko, mama ashaka inama ku biryo byo kugaburira umwana we kuva hashize iminsi itatu. Abandi bana na bo bafite iki kibazo. Naje mvuye kure.",kinyarwanda,ROUTINE,preventive,kinyarwanda->kinyarwanda:ROUTINE:preventive,{REL} ashaka inama ku biryo byo kugaburira umwana we.,Ndashaka inama ku biryo byo kugaburira umwana wanjye.
"Naje hano mbere, ndatwite kandi nagagaye kuva ejo kandi birushaho kuba bibi. Ese ibi birakomeye?",kinyarwanda,CRITICAL,obstetric,kinyarwanda->kinyarwanda:CRITICAL:obstetric,Ndatwite kandi nagagaye.,Ndatwite kandi nagagaye.
"Mfasha vuba, ndashaka ko bapima ibiro by'umwana wanjye kuva hashize icyumweru kandi ndahangayitse. Ntegereze cyangwa nsuzumwe ubu?",kinyarwanda,ROUTINE,paediatric,kinyarwanda->kinyarwanda:ROUTINE:paediatric,Ndashaka ko bapima ibiro by'umwana wanjye.,Ndashaka ko bapima ibiro by'umwana wanjye.
"Mfasha, mfite umuriro woroheje umaze umunsi umwe, ariko nta kindi kibazo mfite kuva mu gitondo biragenda bikagaruka. Murakoze.",kinyarwanda,ROUTINE,infectious_fever,kinyarwanda->kinyarwanda:ROUTINE:infectious_fever,"mfite umuriro woroheje umaze umunsi umwe, ariko nta kindi kibazo mfite","mfite umuriro woroheje umaze umunsi umwe, ariko nta kindi kibazo mfite"
"Mfasha, umugabo wanjye isukari yo mu maraso ye yazamutse cyane kuva ubu gitondo cya kare nta miti imfasha. Ntabasha kubona amafaranga yo kongera kuza kwa muganga.",kinyarwanda,URGENT,chronic_care,kinyarwanda->kinyarwanda:URGENT:chronic_care,{REL} isukari yo mu maraso ye yazamutse cyane.,isukari yo mu maraso yanjye yazamutse cyane
"Muraho, mama aratwite kandi araruka ibyo arya byose kuva ejo kandi sinshobora gusinzira. Ntegereze cyangwa nsuzumwe ubu?",kinyarwanda,URGENT,obstetric,kinyarwanda->kinyarwanda:URGENT:obstetric,{REL} aratwite kandi araruka ibyo arya byose.,Ndatwite kandi ndaruka ibyo ndya byose.
"Muraho, ndatwite kandi nagagaye kuva mu gitondo kandi sinshobora gusinzira. Naje mvuye kure.",kinyarwanda,CRITICAL,obstetric,kinyarwanda->kinyarwanda:CRITICAL:obstetric,Ndatwite kandi nagagaye.,Ndatwite kandi nagagaye.
"Nzanye umwana wanjye, narumwe n'inzoka kuva ijoro ryashize nta miti imfasha. Ntegereze cyangwa nsuzumwe ubu?",kinyarwanda,URGENT,haemorrhage_trauma,kinyarwanda->kinyarwanda:URGENT:haemorrhage_trauma,Narumwe n'inzoka.,Narumwe n'inzoka.
Umutwe urandya ariko ntabwo cyane kuva mu gitondo nta miti imfasha,kinyarwanda,ROUTINE,neurological,kinyarwanda->kinyarwanda:ROUTINE:neurological,umutwe urandya ariko ntabwo cyane,umutwe urandya ariko ntabwo cyane
"Mfasha, umukecuru afite igikomere cyanduye, kiratukura kandi kirimo amashyira kuva mu cyumweru gishize kandi sinshobora gusinzira. Naje mvuye kure.",kinyarwanda,URGENT,haemorrhage_trauma,kinyarwanda->kinyarwanda:URGENT:haemorrhage_trauma,"{REL} afite igikomere cyanduye, kiratukura kandi kirimo amashyira.","mfite igikomere cyanduye, kiratukura kandi kirimo amashyira"
Ndashaka kukubwira ikibazo mfite. Isukari yo mu maraso yanjye yazamutse cyane kuva hashize icyumweru. Urakoze.,kinyarwanda,URGENT,chronic_care,kinyarwanda->kinyarwanda:URGENT:chronic_care,isukari yo mu maraso yanjye yazamutse cyane,isukari yo mu maraso yanjye yazamutse cyane
Mfite igikomere gikomeye kirimo kuva amaraso menshi kuva hashize iminsi itatu. Ndakeneye ubufasha vuba.,kinyarwanda,CRITICAL,haemorrhage_trauma,kinyarwanda->kinyarwanda:CRITICAL:haemorrhage_trauma,mfite igikomere gikomeye kirimo kuva amaraso menshi,mfite igikomere gikomeye kirimo kuva amaraso menshi
"Mfasha, mu gituza harandya cyane kandi ububabare bukagera no ku kuboko kuva mu cyumweru gishize kandi sinshobora gusinzira. Ntegereze cyangwa nsuzumwe ubu?",kinyarwanda,CRITICAL,cardiac_respiratory,kinyarwanda->kinyarwanda:CRITICAL:cardiac_respiratory,mu gituza harandya cyane kandi ububabare bukagera no ku kuboko,mu gituza harandya cyane kandi ububabare bukagera no ku kuboko
"Muraho, ndashaka kujya kwa muganga kwisuzumisha diyabete kuva ubu gitondo cya kare kandi birushaho kuba bibi. Urakoze.",kinyarwanda,ROUTINE,chronic_care,kinyarwanda->kinyarwanda:ROUTINE:chronic_care,Ndashaka kujya kwa muganga kwisuzumisha diyabete.,Ndashaka kujya kwa muganga kwisuzumisha SIDA.
"Simbizi niba bikomeye ariko, umukecuru afite umuriro mwinshi kandi arakorora cyane kuva hashize iminsi ibiri bikarushaho nijoro. Ese ibi birakomeye?",kinyarwanda,URGENT,infectious_fever,kinyarwanda->kinyarwanda:URGENT:infectious_fever,{REL} afite umuriro mwinshi kandi arakorora cyane.,mfite umuriro mwinshi kandi ndakorora cyane
"Mfasha, ndashaka kujya kwa muganga kwisuzumisha diyabete kuva mu masaha abiri ashize kandi ndahangayitse. Ndakeneye ubufasha vuba.",kinyarwanda,ROUTINE,chronic_care,kinyarwanda->kinyarwanda:ROUTINE:chronic_care,Ndashaka kujya kwa muganga kwisuzumisha diyabete.,Ndashaka kujya kwa muganga kwisuzumisha SIDA.
Mfite ikibazo ku mutwe kandi kirimo guterwa n'urumuri kuva mu masaha abiri ashize kandi ndahangayitse,kinyarwanda,URGENT,neurological,kinyarwanda->kinyarwanda:URGENT:neurological,Mfite ikibazo ku mutwe kandi kirimo guterwa n'urumuri.,Mfite ikibazo ku mutwe kandi kirimo guterwa n'urumuri.
"Ndakeneye ubufasha, narumwe n'inzoka kuva mu masaha abiri ashize biragenda bikagaruka",kinyarwanda,URGENT,haemorrhage_trauma,kinyarwanda->kinyarwanda:URGENT:haemorrhage_trauma,Narumwe n'inzoka.,Narumwe n'inzoka.
"Naje hano mbere, umuturanyi wanjye afite ibimenyetso bya malariya, umuriro n'imbeho kuva hashize iminsi ibiri kandi birushaho kuba bibi. Nkora iki?",kinyarwanda,URGENT,infectious_fever,kinyarwanda->kinyarwanda:URGENT:infectious_fever,"{REL} afite ibimenyetso bya malariya, umuriro n'imbeho.","Mfite ibimenyetso bya malariya, umuriro n'imbeho."
"Simbizi niba bikomeye ariko, ndabyara ariko habanje gusohoka umugozi w'umwana kuva mu gitondo kandi ndahangayitse",kinyarwanda,CRITICAL,obstetric,kinyarwanda->kinyarwanda:CRITICAL:obstetric,Ndabyara ariko habanje gusohoka umugozi w'umwana.,Ndabyara ariko habanje gusohoka umugozi w'umwana.
"Mfasha vuba, mama ashaka inama ku biryo byo kugaburira umwana we kandi ndahangayitse. Naje mvuye kure.",kinyarwanda,ROUTINE,preventive,kinyarwanda->kinyarwanda:ROUTINE:preventive,{REL} ashaka inama ku biryo byo kugaburira umwana we.,Ndashaka inama ku biryo byo kugaburira umwana wanjye.
"Ndakeneye ubufasha, umugabo wanjye nta miti ya SIDA afite kuva hashize iminsi itatu kandi birushaho kuba bibi. Ni imiti ki nafata?",kinyarwanda,URGENT,chronic_care,kinyarwanda->kinyarwanda:URGENT:chronic_care,{REL} nta miti ya SIDA afite.,Nta miti ya SIDA mfite.
Ndashaka kukubwira ikibazo mfite. Mfite gahunda yo gukingiza umwana kuva hashize icyumweru. Ndakeneye ubufasha vuba.,kinyarwanda,ROUTINE,preventive,kinyarwanda->kinyarwanda:ROUTINE:preventive,Mfite gahunda yo gukingiza umwana.,Mfite gahunda yo gukingiza umwana.
"Nyabuneka, guhumeka birangora cyane ku buryo ntabasha no kuvuga neza bikarushaho nijoro. Mfasha muganga.",kinyarwanda,CRITICAL,cardiac_respiratory,kinyarwanda->kinyarwanda:CRITICAL:cardiac_respiratory,Guhumeka birangora cyane ku buryo ntabasha no kuvuga neza.,Guhumeka birangora cyane ku buryo ntabasha no kuvuga neza.
"Naje hano mbere, papa ashaka ko bapima SIDA kuva hashize iminsi ibiri bikarushaho nijoro. Murakoze.",kinyarwanda,ROUTINE,preventive,kinyarwanda->kinyarwanda:ROUTINE:preventive,{REL} ashaka ko bapima SIDA.,Ndashaka ko bapima SIDA.
"Naje hano mbere, iyo mpumeka, numva igituza gifashe kandi mpumeka nkumva hari ijwi ridasanzwe kuva mu masaha abiri ashize. Ese ibi birakomeye?",kinyarwanda,URGENT,cardiac_respiratory,kinyarwanda->kinyarwanda:URGENT:cardiac_respiratory,"Iyo mpumeka, numva igituza gifashe kandi mpumeka nkumva hari ijwi ridasanzwe.","Iyo mpumeka, numva igituza gifashe kandi mpumeka nkumva hari ijwi ridasanzwe."
"Ndakeneye ubufasha, ndakorora cyane kandi guhumeka birangora kuva ubu gitondo cya kare kandi sinshobora gusinzira. Ntabasha kubona amafaranga yo kongera kuza kwa muganga.",kinyarwanda,URGENT,cardiac_respiratory,kinyarwanda->kinyarwanda:URGENT:cardiac_respiratory,ndakorora cyane kandi guhumeka birangora,ndakorora cyane kandi guhumeka birangora
"Nyabuneka, narumwe n'inzoka kuva hashize iminsi ibiri kandi sinshobora gusinzira. Mfasha muganga.",kinyarwanda,URGENT,haemorrhage_trauma,kinyarwanda->kinyarwanda:URGENT:haemorrhage_trauma,Narumwe n'inzoka.,Narumwe n'inzoka.
"Simbizi niba bikomeye ariko, mfite ibimenyetso bya malariya, umuriro n'imbeho kuva mu gitondo kandi sinshobora gusinzira. Ese ibi birakomeye?",kinyarwanda,URGENT,infectious_fever,kinyarwanda->kinyarwanda:URGENT:infectious_fever,"Mfite ibimenyetso bya malariya, umuriro n'imbeho.","Mfite ibimenyetso bya malariya, umuriro n'imbeho."
"Mumbabarire, ndashaka kubabwira ikibazo mfite. Mushiki wanjye afite ububabare bukabije mu nda kuva hashize iminsi itatu. Abandi bana na bo bafite iki kibazo. Ntabasha kubona amafaranga yo kongera kuza kwa muganga.",kinyarwanda,URGENT,gastrointestinal,kinyarwanda->kinyarwanda:URGENT:gastrointestinal,{REL} afite ububabare bukabije mu nda.,Mfite ububabare bukabije mu nda.
"Muganga, narumwe n'inzoka kuva hashize icyumweru. Byatangiye gitunguranye. Ntegereze cyangwa nsuzumwe ubu?",kinyarwanda,URGENT,haemorrhage_trauma,kinyarwanda->kinyarwanda:URGENT:haemorrhage_trauma,Narumwe n'inzoka.,Narumwe n'inzoka.
"Ndakeneye ubufasha, ndashaka kugirwa inama uko nakonsa umwana kuva mu gitondo kandi ndahangayitse. Ni imiti ki nafata?",kinyarwanda,ROUTINE,obstetric,kinyarwanda->kinyarwanda:ROUTINE:obstetric,Ndashaka kugirwa inama uko nakonsa umwana.,Ndashaka kugirwa inama uko nakonsa umwana.
"Simbizi niba bikomeye ariko, ndashaka ko bapima umuvuduko w'amaraso kuva hashize iminsi ibiri kandi ndahangayitse. Ntabasha kubona amafaranga yo kongera kuza kwa muganga.",kinyarwanda,ROUTINE,preventive,kinyarwanda->kinyarwanda:ROUTINE:preventive,Ndashaka ko bapima umuvuduko w'amaraso.,Ndashaka ko bapima umuvuduko w'amaraso.
Ndashaka kukubwira ikibazo mfite. Ndaruka ibyo ndya byose kandi sinshobora no kunywa kuva mu masaha abiri ashize. Abandi bana na bo bafite iki kibazo. Ntegereze cyangwa nsuzumwe ubu?,kinyarwanda,CRITICAL,gastrointestinal,kinyarwanda->kinyarwanda:CRITICAL:gastrointestinal,Ndaruka ibyo ndya byose kandi sinshobora no kunywa.,Ndaruka ibyo ndya byose kandi sinshobora no kunywa.
"Ndakeneye ubufasha, mfite umuhaha kuva ejo biragenda bikagaruka. Mfasha muganga.",kinyarwanda,URGENT,paediatric,kinyarwanda->kinyarwanda:URGENT:paediatric,Mfite umuhaha.,Mfite umuhaha.
Ndakomeza kuruka kandi sinshobora kurya kuva mu masaha abiri ashize kandi birushaho kuba bibi. Murakoze.,kinyarwanda,URGENT,gastrointestinal,kinyarwanda->kinyarwanda:URGENT:gastrointestinal,ndakomeza kuruka kandi sinshobora kurya,ndakomeza kuruka kandi sinshobora kurya
"Muraho, ndashaka imiti y'inzoka y'umwana wanjye kuva mu masaha abiri ashize bikarushaho nijoro. Ese ibi birakomeye?",kinyarwanda,ROUTINE,preventive,kinyarwanda->kinyarwanda:ROUTINE:preventive,Ndashaka imiti y'inzoka y'umwana wanjye.,Ndashaka imiti y'inzoka y'umwana wanjye.
"Ndakeneye ubufasha, amazuru arantemba gake kuva mu gitondo. Byatangiye gitunguranye. Ntegereze cyangwa nsuzumwe ubu?",kinyarwanda,ROUTINE,infectious_fever,kinyarwanda->kinyarwanda:ROUTINE:infectious_fever,amazuru arantemba gake,amazuru arantemba gake
"Simbizi niba bikomeye ariko, mfite igikomere gito kandi amaraso yarahagaze kuva hashize icyumweru. Abandi bana na bo bafite iki kibazo. Ese ibi birakomeye?",kinyarwanda,ROUTINE,haemorrhage_trauma,kinyarwanda->kinyarwanda:ROUTINE:haemorrhage_trauma,Mfite igikomere gito kandi amaraso yarahagaze.,Mfite igikomere gito kandi amaraso yarahagaze.
"Mfasha, umugore wanjye ashaka ko bapima SIDA kandi sinshobora gusinzira",kinyarwanda,ROUTINE,preventive,kinyarwanda->kinyarwanda:ROUTINE:preventive,{REL} ashaka ko bapima SIDA.,Ndashaka ko bapima SIDA.
"Muraho, umutwe urandya ariko ntabwo cyane kuva mu masaha abiri ashize kandi nta miti mfite. Murakoze.",kinyarwanda,ROUTINE,neurological,kinyarwanda->kinyarwanda:ROUTINE:neurological,umutwe urandya ariko ntabwo cyane,umutwe urandya ariko ntabwo cyane
"Naje hano mbere, ndaruka ibyo ndya byose kandi sinshobora no kunywa kuva ijoro ryashize. Abandi bana na bo bafite iki kibazo. Ntegereze cyangwa nsuzumwe ubu?",kinyarwanda,CRITICAL,gastrointestinal,kinyarwanda->kinyarwanda:CRITICAL:gastrointestinal,Ndaruka ibyo ndya byose kandi sinshobora no kunywa.,Ndaruka ibyo ndya byose kandi sinshobora no kunywa.
Mushiki wanjye aratwite kandi araruka ibyo arya byose. Urakoze.,kinyarwanda,URGENT,obstetric,kinyarwanda->kinyarwanda:URGENT:obstetric,{REL} aratwite kandi araruka ibyo arya byose.,Ndatwite kandi ndaruka ibyo ndya byose.
"Ndakeneye ubufasha, maze ibyumweru birenga bibiri ndwaye impiswi kuva hashize icyumweru biragenda bikagaruka. Naje mvuye kure.",kinyarwanda,URGENT,gastrointestinal,kinyarwanda->kinyarwanda:URGENT:gastrointestinal,Maze ibyumweru birenga bibiri ndwaye impiswi.,Maze ibyumweru birenga bibiri ndwaye impiswi.
"Nyabuneka, umugabo wanjye araruka amaraso kuva ijoro ryashize kandi birushaho kuba bibi. Mfasha muganga.",kinyarwanda,CRITICAL,gastrointestinal,kinyarwanda->kinyarwanda:CRITICAL:gastrointestinal,{REL} araruka amaraso.,Ndaruka amaraso.
"Simbizi niba bikomeye ariko, umwana wanjye umutima we utera cyane kandi yumva umeze nk'aho uhagarara kuva hashize iminsi ibiri kandi sinshobora gusinzira. Ntabasha kubona amafaranga yo kongera kuza kwa muganga.",kinyarwanda,CRITICAL,cardiac_respiratory,kinyarwanda->kinyarwanda:CRITICAL:cardiac_respiratory,{REL} umutima we utera cyane kandi yumva umeze nk'aho uhagarara.,umutima uratera cyane kandi nkumva umeze nk'aho uhagarara
"Muraho, ndatwite kandi ndashaka kujya kwa muganga kwisuzumisha kuva ijoro ryashize biragenda bikagaruka. Naje mvuye kure.",kinyarwanda,ROUTINE,obstetric,kinyarwanda->kinyarwanda:ROUTINE:obstetric,Ndatwite kandi ndashaka kujya kwa muganga kwisuzumisha.,Ndatwite kandi ndashaka kujya kwa muganga kwisuzumisha.
Ndashaka kukubwira ikibazo mfite. Ndashaka kugirwa inama uko nakonsa umwana kuva hashize iminsi itatu biragenda bikagaruka. Urakoze.,kinyarwanda,ROUTINE,obstetric,kinyarwanda->kinyarwanda:ROUTINE:obstetric,Ndashaka kugirwa inama uko nakonsa umwana.,Ndashaka kugirwa inama uko nakonsa umwana.
"Mfasha, umwana wanjye ashaka guhabwa inzitiramubu kuva ubu gitondo cya kare. Byatangiye gitunguranye. Ni imiti ki nafata?",kinyarwanda,ROUTINE,preventive,kinyarwanda->kinyarwanda:ROUTINE:preventive,{REL} ashaka guhabwa inzitiramubu.,Ndashaka guhabwa inzitiramubu.
"Mfasha vuba, ndatwite kandi ndaruka ibyo ndya byose kuva mu cyumweru gishize kandi sinshobora gusinzira. Nkora iki?",kinyarwanda,URGENT,obstetric,kinyarwanda->kinyarwanda:URGENT:obstetric,Ndatwite kandi ndaruka ibyo ndya byose.,Ndatwite kandi ndaruka ibyo ndya byose.
"Nyabuneka, umugore wanjye umutima we utera cyane kandi yumva umeze nk'aho uhagarara kuva mu cyumweru gishize kandi sinshobora gusinzira. Ese ibi birakomeye?",kinyarwanda,CRITICAL,cardiac_respiratory,kinyarwanda->kinyarwanda:CRITICAL:cardiac_respiratory,{REL} umutima we utera cyane kandi yumva umeze nk'aho uhagarara.,umutima uratera cyane kandi nkumva umeze nk'aho uhagarara
"Nyabuneka, mfite igikomere gikomeye kirimo kuva amaraso menshi kuva ijoro ryashize kandi ndahangayitse. Naje mvuye kure.",kinyarwanda,CRITICAL,haemorrhage_trauma,kinyarwanda->kinyarwanda:CRITICAL:haemorrhage_trauma,mfite igikomere gikomeye kirimo kuva amaraso menshi,mfite igikomere gikomeye kirimo kuva amaraso menshi
"Naje hano mbere, ndashaka kongererwa imiti y'umuvuduko w'amaraso kuva hashize icyumweru. Abandi bana na bo bafite iki kibazo. Ntegereze cyangwa nsuzumwe ubu?",kinyarwanda,ROUTINE,chronic_care,kinyarwanda->kinyarwanda:ROUTINE:chronic_care,Ndashaka kongererwa imiti y'umuvuduko w'amaraso.,Ndashaka kongererwa imiti y'umuvuduko w'amaraso.
"Muganga, amazuru arantemba gake kuva ubu gitondo cya kare. Byatangiye gitunguranye. Nkora iki?",kinyarwanda,ROUTINE,infectious_fever,kinyarwanda->kinyarwanda:ROUTINE:infectious_fever,amazuru arantemba gake,amazuru arantemba gake
"Nzanye umwana wanjye, umuturanyi wanjye aratwite kandi araruka ibyo arya byose kuva ubu gitondo cya kare kandi birushaho kuba bibi. Ese ibi birakomeye?",kinyarwanda,URGENT,obstetric,kinyarwanda->kinyarwanda:URGENT:obstetric,{REL} aratwite kandi araruka ibyo arya byose.,Ndatwite kandi ndaruka ibyo ndya byose.
"Ndakeneye ubufasha, ndashaka kongererwa imiti y'umuvuduko w'amaraso kuva mu cyumweru gishize kandi sinshobora gusinzira. Ni imiti ki nafata?",kinyarwanda,ROUTINE,chronic_care,kinyarwanda->kinyarwanda:ROUTINE:chronic_care,Ndashaka kongererwa imiti y'umuvuduko w'amaraso.,Ndashaka kongererwa imiti y'umuvuduko w'amaraso.
"Mumbabarire, ndashaka kubabwira ikibazo mfite. Umwana wanjye ashaka guhabwa inzitiramubu kuva hashize icyumweru bikarushaho nijoro",kinyarwanda,ROUTINE,preventive,kinyarwanda->kinyarwanda:ROUTINE:preventive,{REL} ashaka guhabwa inzitiramubu.,Ndashaka guhabwa inzitiramubu.
"Mfasha vuba, mfite ibimenyetso bya malariya, umuriro n'imbeho kuva hashize icyumweru. Byatangiye gitunguranye. Mfasha muganga.",kinyarwanda,URGENT,infectious_fever,kinyarwanda->kinyarwanda:URGENT:infectious_fever,"Mfite ibimenyetso bya malariya, umuriro n'imbeho.","Mfite ibimenyetso bya malariya, umuriro n'imbeho."
"Muganga, mfite ibimenyetso bya malariya, umuriro n'imbeho kuva hashize iminsi itatu biragenda bikagaruka. Ntegereze cyangwa nsuzumwe ubu?",kinyarwanda,URGENT,infectious_fever,kinyarwanda->kinyarwanda:URGENT:infectious_fever,"Mfite ibimenyetso bya malariya, umuriro n'imbeho.","Mfite ibimenyetso bya malariya, umuriro n'imbeho."
"Ndakeneye ubufasha, umugabo wanjye ashaka ko bapima ibiro by'umwana we kuva mu cyumweru gishize bikarushaho nijoro. Murakoze.",kinyarwanda,ROUTINE,paediatric,kinyarwanda->kinyarwanda:ROUTINE:paediatric,{REL} ashaka ko bapima ibiro by'umwana we.,Ndashaka ko bapima ibiro by'umwana wanjye.
"Mfasha vuba, iminwa yanjye yahindutse ubururu kuva ejo kandi sinshobora gusinzira. Mfasha muganga.",kinyarwanda,CRITICAL,cardiac_respiratory,kinyarwanda->kinyarwanda:CRITICAL:cardiac_respiratory,Iminwa yanjye yahindutse ubururu.,Iminwa yanjye yahindutse ubururu.
"Naje hano mbere, mfite impiswi zirimo amaraso kuva hashize iminsi ibiri kandi sinshobora gusinzira. Naje mvuye kure.",kinyarwanda,URGENT,gastrointestinal,kinyarwanda->kinyarwanda:URGENT:gastrointestinal,Mfite impiswi zirimo amaraso.,Mfite impiswi zirimo amaraso.
"Mfasha, umugore wanjye aratwite kandi umutwe uramubabaza cyane, kandi ntashobora kureba neza kuva hashize iminsi itatu bikarushaho nijoro. Ntegereze cyangwa nsuzumwe ubu?",kinyarwanda,CRITICAL,obstetric,kinyarwanda->kinyarwanda:CRITICAL:obstetric,"{REL} aratwite kandi umutwe uramubabaza cyane, kandi ntashobora kureba neza.","Ndatwite, umutwe urandya cyane kandi sinshobora kureba neza."
"Simbizi niba bikomeye ariko, umugore wanjye ashaka kugirwa inama ku mazi yo kunywa kuva mu gitondo kandi ndahangayitse. Naje mvuye kure.",kinyarwanda,ROUTINE,preventive,kinyarwanda->kinyarwanda:ROUTINE:preventive,{REL} ashaka kugirwa inama ku mazi yo kunywa.,Ndashaka kugirwa inama ku mazi yo kunywa.
"Mfasha vuba, mushiki wanjye afite ubushye bunini ku mubiri kuva hashize icyumweru biragenda bikagaruka",kinyarwanda,CRITICAL,haemorrhage_trauma,kinyarwanda->kinyarwanda:CRITICAL:haemorrhage_trauma,{REL} afite ubushye bunini ku mubiri.,Mfite ubushye bunini ku mubiri.
"Ndakeneye ubufasha, isukari yo mu maraso yanjye yazamutse cyane kuva hashize iminsi ibiri. Abandi bana na bo bafite iki kibazo. Murakoze.",kinyarwanda,URGENT,chronic_care,kinyarwanda->kinyarwanda:URGENT:chronic_care,isukari yo mu maraso yanjye yazamutse cyane,isukari yo mu maraso yanjye yazamutse cyane
"Mfasha vuba, umugabo wanjye yaraguye none arababara cyane kuva ubu gitondo cya kare kandi birushaho kuba bibi. Murakoze.",kinyarwanda,URGENT,haemorrhage_trauma,kinyarwanda->kinyarwanda:URGENT:haemorrhage_trauma,{REL} yaraguye none arababara cyane.,naraguye none ndababara cyane
"Muganga, mfite igisebe ku kirenge kidakira kandi mfite diyabete kuva mu gitondo bikarushaho nijoro",kinyarwanda,URGENT,chronic_care,kinyarwanda->kinyarwanda:URGENT:chronic_care,Mfite igisebe ku kirenge kidakira kandi mfite diyabete.,Mfite igisebe ku kirenge kidakira kandi mfite diyabete.
"Muganga, ndashaka kugirwa inama uko nakonsa umwana kuva mu gitondo nta miti imfasha. Murakoze.",kinyarwanda,ROUTINE,obstetric,kinyarwanda->kinyarwanda:ROUTINE:obstetric,Ndashaka kugirwa inama uko nakonsa umwana.,Ndashaka kugirwa inama uko nakonsa umwana.
"Nzanye umwana wanjye, mfite umuriro mwinshi kandi nagagaye kuva ubu gitondo cya kare. Abandi bana na bo bafite iki kibazo. Ndakeneye ubufasha vuba.",kinyarwanda,CRITICAL,infectious_fever,kinyarwanda->kinyarwanda:CRITICAL:infectious_fever,Mfite umuriro mwinshi kandi nagagaye.,Mfite umuriro mwinshi kandi nagagaye.
"Muganga, umwana wanjye nta miti ya SIDA afite kuva hashize iminsi ibiri kandi nta miti mfite. Murakoze.",kinyarwanda,URGENT,chronic_care,kinyarwanda->kinyarwanda:URGENT:chronic_care,{REL} nta miti ya SIDA afite.,Nta miti ya SIDA mfite.
"Naje hano mbere, ndashaka guhabwa inzitiramubu kuva mu gitondo bikarushaho nijoro",kinyarwanda,ROUTINE,preventive,kinyarwanda->kinyarwanda:ROUTINE:preventive,Ndashaka guhabwa inzitiramubu.,Ndashaka guhabwa inzitiramubu.
"Ndakeneye ubufasha, umugabo wanjye afite umuriro kandi umutwe uramubabaza cyane kuva hashize iminsi ibiri. Byatangiye gitunguranye. Ndakeneye ubufasha vuba.",kinyarwanda,URGENT,infectious_fever,kinyarwanda->kinyarwanda:URGENT:infectious_fever,{REL} afite umuriro kandi umutwe uramubabaza cyane.,mfite umuriro kandi umutwe urandya cyane
"Mfasha vuba, mfite umwanda usa umukara kuva ubu gitondo cya kare. Ni imiti ki nafata?",kinyarwanda,CRITICAL,gastrointestinal,kinyarwanda->kinyarwanda:CRITICAL:gastrointestinal,Mfite umwanda usa umukara.,Mfite umwanda usa umukara.
Ndashaka kukubwira ikibazo mfite. Umugore wanjye amaze umunsi wose ari mu bubabare bwo kubyara ariko umwana ntarasohoka kuva hashize iminsi itatu. Abandi bana na bo bafite iki kibazo. Nkora iki?,kinyarwanda,CRITICAL,obstetric,kinyarwanda->kinyarwanda:CRITICAL:obstetric,{REL} amaze umunsi wose ari mu bubabare bwo kubyara ariko umwana ntarasohoka.,Maze umunsi wose mbabara ngerageza kubyara ariko umwana ntarasohoka.
"Muraho, ndashaka ko bapima umuvuduko w'amaraso kuva ejo kandi nta miti mfite",kinyarwanda,ROUTINE,preventive,kinyarwanda->kinyarwanda:ROUTINE:preventive,Ndashaka ko bapima umuvuduko w'amaraso.,Ndashaka ko bapima umuvuduko w'amaraso.
"Simbizi niba bikomeye ariko, mu gituza harandya cyane kandi ububabare bukagera no ku kuboko kuva mu masaha abiri ashize kandi nta miti mfite",kinyarwanda,CRITICAL,cardiac_respiratory,kinyarwanda->kinyarwanda:CRITICAL:cardiac_respiratory,mu gituza harandya cyane kandi ububabare bukagera no ku kuboko,mu gituza harandya cyane kandi ububabare bukagera no ku kuboko
"Mumbabarire, ndashaka kubabwira ikibazo mfite. Papa ntashobora kuvuga neza kandi umunwa we waragoramye kuva ijoro ryashize kandi ndahangayitse. Naje mvuye kure.",kinyarwanda,CRITICAL,neurological,kinyarwanda->kinyarwanda:CRITICAL:neurological,{REL} ntashobora kuvuga neza kandi umunwa we waragoramye.,{REL} ntashobora kuvuga neza kandi umunwa we waragoramye.
"Nzanye umwana wanjye, mfite igikomere gito kandi amaraso yarahagaze kandi nta miti mfite. Urakoze.",kinyarwanda,ROUTINE,haemorrhage_trauma,kinyarwanda->kinyarwanda:ROUTINE:haemorrhage_trauma,Mfite igikomere gito kandi amaraso yarahagaze.,Mfite igikomere gito kandi amaraso yarahagaze.
"Muraho, umwana wanjye isukari yo mu maraso ye yazamutse cyane kuva mu masaha abiri ashize kandi nta miti mfite. Urakoze.",kinyarwanda,URGENT,chronic_care,kinyarwanda->kinyarwanda:URGENT:chronic_care,{REL} isukari yo mu maraso ye yazamutse cyane.,isukari yo mu maraso yanjye yazamutse cyane
"Nyabuneka, mfite umuriro woroheje umaze umunsi umwe, ariko nta kindi kibazo mfite kuva mu cyumweru gishize biragenda bikagaruka. Ntabasha kubona amafaranga yo kongera kuza kwa muganga.",kinyarwanda,ROUTINE,infectious_fever,kinyarwanda->kinyarwanda:ROUTINE:infectious_fever,"mfite umuriro woroheje umaze umunsi umwe, ariko nta kindi kibazo mfite","mfite umuriro woroheje umaze umunsi umwe, ariko nta kindi kibazo mfite"
"Mfasha vuba, ndabyara ariko habanje gusohoka umugozi w'umwana kuva mu cyumweru gishize biragenda bikagaruka. Ntabasha kubona amafaranga yo kongera kuza kwa muganga.",kinyarwanda,CRITICAL,obstetric,kinyarwanda->kinyarwanda:CRITICAL:obstetric,Ndabyara ariko habanje gusohoka umugozi w'umwana.,Ndabyara ariko habanje gusohoka umugozi w'umwana.
Mama arakomeza kuruka kandi ntashobora kurya kuva hashize iminsi ibiri kandi nta miti mfite. Murakoze.,kinyarwanda,URGENT,gastrointestinal,kinyarwanda->kinyarwanda:URGENT:gastrointestinal,{REL} arakomeza kuruka kandi ntashobora kurya.,ndakomeza kuruka kandi sinshobora kurya
Amazuru arantemba gake kuva mu cyumweru gishize. Murakoze.,kinyarwanda,ROUTINE,infectious_fever,kinyarwanda->kinyarwanda:ROUTINE:infectious_fever,amazuru arantemba gake,amazuru arantemba gake
"Nyabuneka, papa afite ubushye bunini ku mubiri nta miti imfasha. Ese ibi birakomeye?",kinyarwanda,CRITICAL,haemorrhage_trauma,kinyarwanda->kinyarwanda:CRITICAL:haemorrhage_trauma,{REL} afite ubushye bunini ku mubiri.,Mfite ubushye bunini ku mubiri.
"Naje hano mbere, ndabyara ariko habanje gusohoka umugozi w'umwana kuva mu gitondo. Ntegereze cyangwa nsuzumwe ubu?",kinyarwanda,CRITICAL,obstetric,kinyarwanda->kinyarwanda:CRITICAL:obstetric,Ndabyara ariko habanje gusohoka umugozi w'umwana.,Ndabyara ariko habanje gusohoka umugozi w'umwana.
Ndashaka kukubwira ikibazo mfite. Ndashaka kugirwa inama uko nakonsa umwana kuva hashize icyumweru biragenda bikagaruka. Urakoze.,kinyarwanda,ROUTINE,obstetric,kinyarwanda->kinyarwanda:ROUTINE:obstetric,Ndashaka kugirwa inama uko nakonsa umwana.,Ndashaka kugirwa inama uko nakonsa umwana.
"Naje hano mbere, mfite impiswi zirimo amaraso kuva mu gitondo biragenda bikagaruka. Ntabasha kubona amafaranga yo kongera kuza kwa muganga.",kinyarwanda,URGENT,gastrointestinal,kinyarwanda->kinyarwanda:URGENT:gastrointestinal,Mfite impiswi zirimo amaraso.,Mfite impiswi zirimo amaraso.
"Mfasha, papa ashaka ko bapima SIDA kuva hashize iminsi itatu biragenda bikagaruka. Ntabasha kubona amafaranga yo kongera kuza kwa muganga.",kinyarwanda,ROUTINE,preventive,kinyarwanda->kinyarwanda:ROUTINE:preventive,{REL} ashaka ko bapima SIDA.,Ndashaka ko bapima SIDA.
"Simbizi niba bikomeye ariko, mama ari kubyara ariko umugozi w'umwana wabanje gusohoka kuva ejo. Ni imiti ki nafata?",kinyarwanda,CRITICAL,obstetric,kinyarwanda->kinyarwanda:CRITICAL:obstetric,{REL} ari kubyara ariko umugozi w'umwana wabanje gusohoka.,Ndabyara ariko habanje gusohoka umugozi w'umwana.
"Muganga, maze umunsi wose mbabara ngerageza kubyara ariko umwana ntarasohoka kuva ijoro ryashize nta miti imfasha. Ntegereze cyangwa nsuzumwe ubu?",kinyarwanda,CRITICAL,obstetric,kinyarwanda->kinyarwanda:CRITICAL:obstetric,Maze umunsi wose mbabara ngerageza kubyara ariko umwana ntarasohoka.,Maze umunsi wose mbabara ngerageza kubyara ariko umwana ntarasohoka.
"Mumbabarire, ndashaka kubabwira ikibazo mfite. Umwana wanjye araruka amaraso kuva ejo kandi birushaho kuba bibi. Ntegereze cyangwa nsuzumwe ubu?",kinyarwanda,CRITICAL,gastrointestinal,kinyarwanda->kinyarwanda:CRITICAL:gastrointestinal,{REL} araruka amaraso.,Ndaruka amaraso.
"Nyabuneka, isukari yo mu maraso yanjye yazamutse cyane kuva mu masaha abiri ashize kandi sinshobora gusinzira. Nkora iki?",kinyarwanda,URGENT,chronic_care,kinyarwanda->kinyarwanda:URGENT:chronic_care,isukari yo mu maraso yanjye yazamutse cyane,isukari yo mu maraso yanjye yazamutse cyane
Ndashaka kukubwira ikibazo mfite. Mama ashaka kugirwa inama ku mazi yo kunywa bikarushaho nijoro. Nkora iki?,kinyarwanda,ROUTINE,preventive,kinyarwanda->kinyarwanda:ROUTINE:preventive,{REL} ashaka kugirwa inama ku mazi yo kunywa.,Ndashaka kugirwa inama ku mazi yo kunywa.
"Umwana wanjye afite ikibazo cyo kutabasha guhumeka neza, kandi uruhu rwe rwahindutse ubururu kuva hashize iminsi itatu bikarushaho nijoro. Ntabasha kubona amafaranga yo kongera kuza kwa muganga.",kinyarwanda,CRITICAL,paediatric,kinyarwanda->kinyarwanda:CRITICAL:paediatric,"{REL} afite ikibazo cyo kutabasha guhumeka neza, kandi uruhu rwe rwahindutse ubururu","{REL} afite ikibazo cyo kutabasha guhumeka neza, kandi uruhu rwe rwahindutse ubururu"
"Nyabuneka, mfite ikibazo ku mutwe kandi kirimo guterwa n'urumuri kuva ubu gitondo cya kare bikarushaho nijoro. Nkora iki?",kinyarwanda,URGENT,neurological,kinyarwanda->kinyarwanda:URGENT:neurological,Mfite ikibazo ku mutwe kandi kirimo guterwa n'urumuri.,Mfite ikibazo ku mutwe kandi kirimo guterwa n'urumuri.
"Mfasha vuba, papa isukari yo mu maraso ye yazamutse cyane kuva hashize iminsi ibiri. Byatangiye gitunguranye. Naje mvuye kure.",kinyarwanda,URGENT,chronic_care,kinyarwanda->kinyarwanda:URGENT:chronic_care,{REL} isukari yo mu maraso ye yazamutse cyane.,isukari yo mu maraso yanjye yazamutse cyane
"Nzanye umwana wanjye, umugore wanjye ari kubyara ariko umugozi w'umwana wabanje gusohoka kuva mu cyumweru gishize kandi nta miti mfite. Nkora iki?",kinyarwanda,CRITICAL,obstetric,kinyarwanda->kinyarwanda:CRITICAL:obstetric,{REL} ari kubyara ariko umugozi w'umwana wabanje gusohoka.,Ndabyara ariko habanje gusohoka umugozi w'umwana.
"Nyabuneka, naguye, ukuguru kuragoramye ariko sinumva ko kuvunitse bikarushaho nijoro. Murakoze.",kinyarwanda,URGENT,haemorrhage_trauma,kinyarwanda->kinyarwanda:URGENT:haemorrhage_trauma,"Naguye, ukuguru kuragoramye ariko sinumva ko kuvunitse.","Naguye, ukuguru kuragoramye ariko sinumva ko kuvunitse."
"Nzanye umwana wanjye, mu rugo hari umuntu urwaye igituntu kandi umwana wanjye ashaka kwisuzumisha kuva hashize iminsi ibiri. Byatangiye gitunguranye. Naje mvuye kure.",kinyarwanda,URGENT,preventive,kinyarwanda->kinyarwanda:URGENT:preventive,Mu rugo hari umuntu urwaye igituntu kandi {REL} ashaka kwisuzumisha.,Mu rugo hari umuntu urwaye igituntu kandi ndashaka kwisuzumisha.
"Mumbabarire, ndashaka kubabwira ikibazo mfite. Umuturanyi wanjye yaraguye none arababara cyane kuva hashize icyumweru kandi sinshobora gusinzira. Naje mvuye kure.",kinyarwanda,URGENT,haemorrhage_trauma,kinyarwanda->kinyarwanda:URGENT:haemorrhage_trauma,{REL} yaraguye none arababara cyane.,naraguye none ndababara cyane
"Ndakeneye ubufasha, umugore wanjye araruka cyane kandi yumva afite intege nke kuva mu cyumweru gishize. Naje mvuye kure.",kinyarwanda,URGENT,gastrointestinal,kinyarwanda->kinyarwanda:URGENT:gastrointestinal,{REL} araruka cyane kandi yumva afite intege nke.,ndaruka cyane kandi numva mfite intege nke
"Naje hano mbere, papa afite igikomere cyanduye, kiratukura kandi kirimo amashyira kuva ubu gitondo cya kare. Byatangiye gitunguranye. Naje mvuye kure.",kinyarwanda,URGENT,haemorrhage_trauma,kinyarwanda->kinyarwanda:URGENT:haemorrhage_trauma,"{REL} afite igikomere cyanduye, kiratukura kandi kirimo amashyira.","mfite igikomere cyanduye, kiratukura kandi kirimo amashyira"
"Mumbabarire, ndashaka kubabwira ikibazo mfite. Ndashaka kujya kwa muganga kwisuzumisha diyabete kuva hashize icyumweru. Ese ibi birakomeye?",kinyarwanda,ROUTINE,chronic_care,kinyarwanda->kinyarwanda:ROUTINE:chronic_care,Ndashaka kujya kwa muganga kwisuzumisha diyabete.,Ndashaka kujya kwa muganga kwisuzumisha SIDA.
"Ndakeneye ubufasha, iyo mpumeka, numva igituza gifashe kandi mpumeka nkumva hari ijwi ridasanzwe bikarushaho nijoro",kinyarwanda,URGENT,cardiac_respiratory,kinyarwanda->kinyarwanda:URGENT:cardiac_respiratory,"Iyo mpumeka, numva igituza gifashe kandi mpumeka nkumva hari ijwi ridasanzwe.","Iyo mpumeka, numva igituza gifashe kandi mpumeka nkumva hari ijwi ridasanzwe."
"Mumbabarire, ndashaka kubabwira ikibazo mfite. Umwana wanjye akorora gake ariko nta muriro afite kuva hashize icyumweru biragenda bikagaruka. Ndakeneye ubufasha vuba.",kinyarwanda,ROUTINE,cardiac_respiratory,kinyarwanda->kinyarwanda:ROUTINE:cardiac_respiratory,{REL} akorora gake ariko nta muriro afite.,Nkorora gake ariko nta muriro mfite.
Ndashaka kukubwira ikibazo mfite. Iminwa yanjye yahindutse ubururu biragenda bikagaruka. Mfasha muganga.,kinyarwanda,CRITICAL,cardiac_respiratory,kinyarwanda->kinyarwanda:CRITICAL:cardiac_respiratory,Iminwa yanjye yahindutse ubururu.,Iminwa yanjye yahindutse ubururu.
Ndashaka kukubwira ikibazo mfite. Umuturanyi wanjye ari kubyara ariko umugozi w'umwana wabanje gusohoka kuva ejo kandi nta miti mfite. Naje mvuye kure.,kinyarwanda,CRITICAL,obstetric,kinyarwanda->kinyarwanda:CRITICAL:obstetric,{REL} ari kubyara ariko umugozi w'umwana wabanje gusohoka.,Ndabyara ariko habanje gusohoka umugozi w'umwana.
"Mumbabarire, ndashaka kubabwira ikibazo mfite. Mfite umuhaha kuva ijoro ryashize. Abandi bana na bo bafite iki kibazo. Nkora iki?",kinyarwanda,URGENT,paediatric,kinyarwanda->kinyarwanda:URGENT:paediatric,Mfite umuhaha.,Mfite umuhaha.
"Mumbabarire, ndashaka kubabwira ikibazo mfite. Ndabyara ariko habanje gusohoka umugozi w'umwana. Naje mvuye kure.",kinyarwanda,CRITICAL,obstetric,kinyarwanda->kinyarwanda:CRITICAL:obstetric,Ndabyara ariko habanje gusohoka umugozi w'umwana.,Ndabyara ariko habanje gusohoka umugozi w'umwana.
"Nyabuneka, umuturanyi wanjye yaraguye none arababara cyane kuva mu gitondo bikarushaho nijoro",kinyarwanda,URGENT,haemorrhage_trauma,kinyarwanda->kinyarwanda:URGENT:haemorrhage_trauma,{REL} yaraguye none arababara cyane.,naraguye none ndababara cyane
"Ndakeneye ubufasha, umutwe urandya ariko ntabwo cyane kandi nta miti mfite. Ese ibi birakomeye?",kinyarwanda,ROUTINE,neurological,kinyarwanda->kinyarwanda:ROUTINE:neurological,umutwe urandya ariko ntabwo cyane,umutwe urandya ariko ntabwo cyane
Umwana wanjye akorora gake ariko nta muriro afite kuva ejo kandi nta miti mfite. Nkora iki?,kinyarwanda,ROUTINE,cardiac_respiratory,kinyarwanda->kinyarwanda:ROUTINE:cardiac_respiratory,{REL} akorora gake ariko nta muriro afite.,Nkorora gake ariko nta muriro mfite.
"Simbizi niba bikomeye ariko, umwana wanjye afite ibimenyetso bya malariya, umuriro n'imbeho kuva hashize iminsi ibiri kandi birushaho kuba bibi. Ni imiti ki nafata?",kinyarwanda,URGENT,infectious_fever,kinyarwanda->kinyarwanda:URGENT:infectious_fever,"{REL} afite ibimenyetso bya malariya, umuriro n'imbeho.","Mfite ibimenyetso bya malariya, umuriro n'imbeho."
"Simbizi niba bikomeye ariko, ndashaka kongererwa imiti y'umuvuduko w'amaraso kuva ejo. Nkora iki?",kinyarwanda,ROUTINE,chronic_care,kinyarwanda->kinyarwanda:ROUTINE:chronic_care,Ndashaka kongererwa imiti y'umuvuduko w'amaraso.,Ndashaka kongererwa imiti y'umuvuduko w'amaraso.
"Nyabuneka, mfite ikibazo ku mutwe kandi kirimo guterwa n'urumuri nta miti imfasha. Nkora iki?",kinyarwanda,URGENT,neurological,kinyarwanda->kinyarwanda:URGENT:neurological,Mfite ikibazo ku mutwe kandi kirimo guterwa n'urumuri.,Mfite ikibazo ku mutwe kandi kirimo guterwa n'urumuri.
Mushiki wanjye ari kubyara ariko umugozi w'umwana wabanje gusohoka kuva mu masaha abiri ashize nta miti imfasha. Ese ibi birakomeye?,kinyarwanda,CRITICAL,obstetric,kinyarwanda->kinyarwanda:CRITICAL:obstetric,{REL} ari kubyara ariko umugozi w'umwana wabanje gusohoka.,Ndabyara ariko habanje gusohoka umugozi w'umwana.
Naraguye none ndababara cyane kuva ijoro ryashize nta miti imfasha. Nkora iki?,kinyarwanda,URGENT,haemorrhage_trauma,kinyarwanda->kinyarwanda:URGENT:haemorrhage_trauma,naraguye none ndababara cyane,naraguye none ndababara cyane
"Ndashaka kukubwira ikibazo mfite. Mfite ibimenyetso bya malariya, umuriro n'imbeho kuva hashize iminsi ibiri biragenda bikagaruka. Mfasha muganga.",kinyarwanda,URGENT,infectious_fever,kinyarwanda->kinyarwanda:URGENT:infectious_fever,"Mfite ibimenyetso bya malariya, umuriro n'imbeho.","Mfite ibimenyetso bya malariya, umuriro n'imbeho."
"Nzanye umwana wanjye, iyo mpumeka, numva igituza gifashe kandi mpumeka nkumva hari ijwi ridasanzwe kuva ubu gitondo cya kare biragenda bikagaruka. Naje mvuye kure.",kinyarwanda,URGENT,cardiac_respiratory,kinyarwanda->kinyarwanda:URGENT:cardiac_respiratory,"Iyo mpumeka, numva igituza gifashe kandi mpumeka nkumva hari ijwi ridasanzwe.","Iyo mpumeka, numva igituza gifashe kandi mpumeka nkumva hari ijwi ridasanzwe."
"Ndakeneye ubufasha, mama aratwite kandi araruka ibyo arya byose kuva mu gitondo kandi ndahangayitse. Ndakeneye ubufasha vuba.",kinyarwanda,URGENT,obstetric,kinyarwanda->kinyarwanda:URGENT:obstetric,{REL} aratwite kandi araruka ibyo arya byose.,Ndatwite kandi ndaruka ibyo ndya byose.
"Simbizi niba bikomeye ariko, nta miti y'igituntu mfite kuva ubu gitondo cya kare kandi nta miti mfite. Ndakeneye ubufasha vuba.",kinyarwanda,URGENT,chronic_care,kinyarwanda->kinyarwanda:URGENT:chronic_care,Nta miti y'igituntu mfite.,Nta miti y'igituntu mfite.
"Nyabuneka, umwana wanjye afite umuriro woroheje umaze umunsi umwe, ariko nta kindi kibazo afite kandi nta miti mfite. Mfasha muganga.",kinyarwanda,ROUTINE,infectious_fever,kinyarwanda->kinyarwanda:ROUTINE:infectious_fever,"{REL} afite umuriro woroheje umaze umunsi umwe, ariko nta kindi kibazo afite.","mfite umuriro woroheje umaze umunsi umwe, ariko nta kindi kibazo mfite"
"Mumbabarire, ndashaka kubabwira ikibazo mfite. Umugore wanjye amaze umunsi wose ari mu bubabare bwo kubyara ariko umwana ntarasohoka kuva mu gitondo. Byatangiye gitunguranye. Mfasha muganga.",kinyarwanda,CRITICAL,obstetric,kinyarwanda->kinyarwanda:CRITICAL:obstetric,{REL} amaze umunsi wose ari mu bubabare bwo kubyara ariko umwana ntarasohoka.,Maze umunsi wose mbabara ngerageza kubyara ariko umwana ntarasohoka.
"Muraho, iyo mpumeka, numva igituza gifashe kandi mpumeka nkumva hari ijwi ridasanzwe kuva ijoro ryashize kandi nta miti mfite. Ese ibi birakomeye?",kinyarwanda,URGENT,cardiac_respiratory,kinyarwanda->kinyarwanda:URGENT:cardiac_respiratory,"Iyo mpumeka, numva igituza gifashe kandi mpumeka nkumva hari ijwi ridasanzwe.","Iyo mpumeka, numva igituza gifashe kandi mpumeka nkumva hari ijwi ridasanzwe."
"Nzanye umwana wanjye, naguye, ukuguru kuragoramye ariko sinumva ko kuvunitse kuva hashize iminsi ibiri. Byatangiye gitunguranye. Murakoze.",kinyarwanda,URGENT,haemorrhage_trauma,kinyarwanda->kinyarwanda:URGENT:haemorrhage_trauma,"Naguye, ukuguru kuragoramye ariko sinumva ko kuvunitse.","Naguye, ukuguru kuragoramye ariko sinumva ko kuvunitse."
Ndashaka kukubwira ikibazo mfite. Ndashaka imiti y'inzoka y'umwana wanjye kuva hashize iminsi itatu. Abandi bana na bo bafite iki kibazo. Ese ibi birakomeye?,kinyarwanda,ROUTINE,preventive,kinyarwanda->kinyarwanda:ROUTINE:preventive,Ndashaka imiti y'inzoka y'umwana wanjye.,Ndashaka imiti y'inzoka y'umwana wanjye.
"Mfasha, mfite igikomere gikomeye kirimo kuva amaraso menshi kuva mu masaha abiri ashize kandi birushaho kuba bibi. Ntabasha kubona amafaranga yo kongera kuza kwa muganga.",kinyarwanda,CRITICAL,haemorrhage_trauma,kinyarwanda->kinyarwanda:CRITICAL:haemorrhage_trauma,mfite igikomere gikomeye kirimo kuva amaraso menshi,mfite igikomere gikomeye kirimo kuva amaraso menshi
"Naje hano mbere, mfite umuriro mwinshi kandi nagagaye kuva hashize iminsi ibiri kandi ndahangayitse. Ndakeneye ubufasha vuba.",kinyarwanda,CRITICAL,infectious_fever,kinyarwanda->kinyarwanda:CRITICAL:infectious_fever,Mfite umuriro mwinshi kandi nagagaye.,Mfite umuriro mwinshi kandi nagagaye.
"Nyabuneka, umukecuru afite ubushye bunini ku mubiri kuva hashize icyumweru kandi birushaho kuba bibi. Ndakeneye ubufasha vuba.",kinyarwanda,CRITICAL,haemorrhage_trauma,kinyarwanda->kinyarwanda:CRITICAL:haemorrhage_trauma,{REL} afite ubushye bunini ku mubiri.,Mfite ubushye bunini ku mubiri.
"Muraho, mfite ikibazo ku mutwe kandi kirimo guterwa n'urumuri kuva hashize icyumweru kandi nta miti mfite",kinyarwanda,URGENT,neurological,kinyarwanda->kinyarwanda:URGENT:neurological,Mfite ikibazo ku mutwe kandi kirimo guterwa n'urumuri.,Mfite ikibazo ku mutwe kandi kirimo guterwa n'urumuri.
"Mfasha, ndashaka ko bapima ibiro by'umwana wanjye kuva ijoro ryashize biragenda bikagaruka. Naje mvuye kure.",kinyarwanda,ROUTINE,paediatric,kinyarwanda->kinyarwanda:ROUTINE:paediatric,Ndashaka ko bapima ibiro by'umwana wanjye.,Ndashaka ko bapima ibiro by'umwana wanjye.
"Ndakeneye ubufasha, mu rugo hari umuntu urwaye igituntu kandi papa ashaka kwisuzumisha kuva mu masaha abiri ashize. Abandi bana na bo bafite iki kibazo. Ntabasha kubona amafaranga yo kongera kuza kwa muganga.",kinyarwanda,URGENT,preventive,kinyarwanda->kinyarwanda:URGENT:preventive,Mu rugo hari umuntu urwaye igituntu kandi {REL} ashaka kwisuzumisha.,Mu rugo hari umuntu urwaye igituntu kandi ndashaka kwisuzumisha.
"Mfasha vuba, umwana wanjye akorora gake ariko nta muriro afite kuva hashize iminsi ibiri. Byatangiye gitunguranye. Urakoze.",kinyarwanda,ROUTINE,cardiac_respiratory,kinyarwanda->kinyarwanda:ROUTINE:cardiac_respiratory,{REL} akorora gake ariko nta muriro afite.,Nkorora gake ariko nta muriro mfite.
"Muraho, ndashaka imiti y'inzoka y'umwana wanjye kuva ubu gitondo cya kare biragenda bikagaruka",kinyarwanda,ROUTINE,preventive,kinyarwanda->kinyarwanda:ROUTINE:preventive,Ndashaka imiti y'inzoka y'umwana wanjye.,Ndashaka imiti y'inzoka y'umwana wanjye.
"Mfasha, naraguye none ndababara cyane kandi sinshobora gusinzira. Ntegereze cyangwa nsuzumwe ubu?",kinyarwanda,URGENT,haemorrhage_trauma,kinyarwanda->kinyarwanda:URGENT:haemorrhage_trauma,naraguye none ndababara cyane,naraguye none ndababara cyane
"Muraho, umwana wanjye afite umuriro woroheje umaze umunsi umwe, ariko nta kindi kibazo afite kuva hashize iminsi ibiri bikarushaho nijoro. Murakoze.",kinyarwanda,ROUTINE,infectious_fever,kinyarwanda->kinyarwanda:ROUTINE:infectious_fever,"{REL} afite umuriro woroheje umaze umunsi umwe, ariko nta kindi kibazo afite.","mfite umuriro woroheje umaze umunsi umwe, ariko nta kindi kibazo mfite"
"Simbizi niba bikomeye ariko, mfite gahunda yo gukingiza umwana kuva ejo. Naje mvuye kure.",kinyarwanda,ROUTINE,preventive,kinyarwanda->kinyarwanda:ROUTINE:preventive,Mfite gahunda yo gukingiza umwana.,Mfite gahunda yo gukingiza umwana.
"Nyabuneka, mushiki wanjye afite umuriro kandi umutwe uramubabaza cyane kuva ejo kandi ndahangayitse. Naje mvuye kure.",kinyarwanda,URGENT,infectious_fever,kinyarwanda->kinyarwanda:URGENT:infectious_fever,{REL} afite umuriro kandi umutwe uramubabaza cyane.,mfite umuriro kandi umutwe urandya cyane
"Ndakeneye ubufasha, mfite igisebe ku kirenge kidakira kandi mfite diyabete kuva ubu gitondo cya kare biragenda bikagaruka. Ndakeneye ubufasha vuba.",kinyarwanda,URGENT,chronic_care,kinyarwanda->kinyarwanda:URGENT:chronic_care,Mfite igisebe ku kirenge kidakira kandi mfite diyabete.,Mfite igisebe ku kirenge kidakira kandi mfite diyabete.
"Muganga, umutwe urandya ariko ntabwo cyane kuva hashize iminsi itatu nta miti imfasha. Ntegereze cyangwa nsuzumwe ubu?",kinyarwanda,ROUTINE,neurological,kinyarwanda->kinyarwanda:ROUTINE:neurological,umutwe urandya ariko ntabwo cyane,umutwe urandya ariko ntabwo cyane
"Mumbabarire, ndashaka kubabwira ikibazo mfite. Mfite ikibazo ku mutwe kandi kirimo guterwa n'urumuri kuva ubu gitondo cya kare nta miti imfasha",kinyarwanda,URGENT,neurological,kinyarwanda->kinyarwanda:URGENT:neurological,Mfite ikibazo ku mutwe kandi kirimo guterwa n'urumuri.,Mfite ikibazo ku mutwe kandi kirimo guterwa n'urumuri.
"Mfasha vuba, mfite igikomere gikomeye kirimo kuva amaraso menshi kuva mu cyumweru gishize bikarushaho nijoro. Ntabasha kubona amafaranga yo kongera kuza kwa muganga.",kinyarwanda,CRITICAL,haemorrhage_trauma,kinyarwanda->kinyarwanda:CRITICAL:haemorrhage_trauma,mfite igikomere gikomeye kirimo kuva amaraso menshi,mfite igikomere gikomeye kirimo kuva amaraso menshi
"Naje hano mbere, umuturanyi wanjye ntashobora kuvuga neza kandi umunwa we waragoramye kuva ejo. Abandi bana na bo bafite iki kibazo. Ndakeneye ubufasha vuba.",kinyarwanda,CRITICAL,neurological,kinyarwanda->kinyarwanda:CRITICAL:neurological,{REL} ntashobora kuvuga neza kandi umunwa we waragoramye.,{REL} ntashobora kuvuga neza kandi umunwa we waragoramye.
"Mfasha, umwana wanjye afite umuriro woroheje umaze umunsi umwe, ariko nta kindi kibazo afite kuva mu gitondo kandi nta miti mfite. Nkora iki?",kinyarwanda,ROUTINE,infectious_fever,kinyarwanda->kinyarwanda:ROUTINE:infectious_fever,"{REL} afite umuriro woroheje umaze umunsi umwe, ariko nta kindi kibazo afite.","mfite umuriro woroheje umaze umunsi umwe, ariko nta kindi kibazo mfite"
"Simbizi niba bikomeye ariko, mfite igisebe ku kirenge kidakira kandi mfite diyabete kuva ubu gitondo cya kare",kinyarwanda,URGENT,chronic_care,kinyarwanda->kinyarwanda:URGENT:chronic_care,Mfite igisebe ku kirenge kidakira kandi mfite diyabete.,Mfite igisebe ku kirenge kidakira kandi mfite diyabete.
Ndashaka kukubwira ikibazo mfite. Umwana wanjye afite umuhaha kuva hashize iminsi ibiri kandi nta miti mfite. Naje mvuye kure.,kinyarwanda,URGENT,paediatric,kinyarwanda->kinyarwanda:URGENT:paediatric,{REL} afite umuhaha.,Mfite umuhaha.
Ndashaka kukubwira ikibazo mfite. Mfite umwanda usa umukara kuva ubu gitondo cya kare. Byatangiye gitunguranye. Ndakeneye ubufasha vuba.,kinyarwanda,CRITICAL,gastrointestinal,kinyarwanda->kinyarwanda:CRITICAL:gastrointestinal,Mfite umwanda usa umukara.,Mfite umwanda usa umukara.
"Ndakeneye ubufasha, umuturanyi wanjye amaze iminsi itatu arwaye impiswi zikomeye kuva ubu gitondo cya kare biragenda bikagaruka. Ndakeneye ubufasha vuba.",kinyarwanda,URGENT,gastrointestinal,kinyarwanda->kinyarwanda:URGENT:gastrointestinal,{REL} amaze iminsi itatu arwaye impiswi zikomeye.,maze iminsi itatu ndwaye impiswi zikomeye
"Ndashaka kukubwira ikibazo mfite. Iyo mpumeka, numva igituza gifashe kandi mpumeka nkumva hari ijwi ridasanzwe kuva hashize icyumweru biragenda bikagaruka. Murakoze.",kinyarwanda,URGENT,cardiac_respiratory,kinyarwanda->kinyarwanda:URGENT:cardiac_respiratory,"Iyo mpumeka, numva igituza gifashe kandi mpumeka nkumva hari ijwi ridasanzwe.","Iyo mpumeka, numva igituza gifashe kandi mpumeka nkumva hari ijwi ridasanzwe."
"Muganga, umutwe urandya ariko ntabwo cyane kuva mu masaha abiri ashize kandi sinshobora gusinzira. Ntabasha kubona amafaranga yo kongera kuza kwa muganga.",kinyarwanda,ROUTINE,neurological,kinyarwanda->kinyarwanda:ROUTINE:neurological,umutwe urandya ariko ntabwo cyane,umutwe urandya ariko ntabwo cyane
"Mfasha, umugore wanjye iminwa ye yahindutse ubururu kuva hashize icyumweru biragenda bikagaruka. Ese ibi birakomeye?",kinyarwanda,CRITICAL,cardiac_respiratory,kinyarwanda->kinyarwanda:CRITICAL:cardiac_respiratory,{REL} iminwa ye yahindutse ubururu.,Iminwa yanjye yahindutse ubururu.
"Simbizi niba bikomeye ariko, mama aratwite kandi araruka ibyo arya byose kuva mu cyumweru gishize kandi ndahangayitse. Ntegereze cyangwa nsuzumwe ubu?",kinyarwanda,URGENT,obstetric,kinyarwanda->kinyarwanda:URGENT:obstetric,{REL} aratwite kandi araruka ibyo arya byose.,Ndatwite kandi ndaruka ibyo ndya byose.
"Ndakeneye ubufasha, umugore wanjye umutima we utera cyane kandi yumva umeze nk'aho uhagarara kuva mu masaha abiri ashize nta miti imfasha. Ntabasha kubona amafaranga yo kongera kuza kwa muganga.",kinyarwanda,CRITICAL,cardiac_respiratory,kinyarwanda->kinyarwanda:CRITICAL:cardiac_respiratory,{REL} umutima we utera cyane kandi yumva umeze nk'aho uhagarara.,umutima uratera cyane kandi nkumva umeze nk'aho uhagarara
"Mfasha, amazuru arantemba gake kuva mu masaha abiri ashize. Abandi bana na bo bafite iki kibazo. Ni imiti ki nafata?",kinyarwanda,ROUTINE,infectious_fever,kinyarwanda->kinyarwanda:ROUTINE:infectious_fever,amazuru arantemba gake,amazuru arantemba gake
Ndashaka kukubwira ikibazo mfite. Papa afite gahunda yo gukingiza umwana kuva mu gitondo. Abandi bana na bo bafite iki kibazo. Naje mvuye kure.,kinyarwanda,ROUTINE,preventive,kinyarwanda->kinyarwanda:ROUTINE:preventive,{REL} afite gahunda yo gukingiza umwana.,Mfite gahunda yo gukingiza umwana.
"Ndakeneye ubufasha, mama afite umuriro kandi umutwe uramubabaza cyane kuva mu gitondo kandi ndahangayitse. Urakoze.",kinyarwanda,URGENT,infectious_fever,kinyarwanda->kinyarwanda:URGENT:infectious_fever,{REL} afite umuriro kandi umutwe uramubabaza cyane.,mfite umuriro kandi umutwe urandya cyane
"Nyabuneka, mfite umuriro mwinshi kandi nagagaye kuva hashize iminsi itatu. Byatangiye gitunguranye. Ndakeneye ubufasha vuba.",kinyarwanda,CRITICAL,infectious_fever,kinyarwanda->kinyarwanda:CRITICAL:infectious_fever,Mfite umuriro mwinshi kandi nagagaye.,Mfite umuriro mwinshi kandi nagagaye.
"Muganga, nta miti y'igituntu mfite kuva ejo nta miti imfasha. Ntabasha kubona amafaranga yo kongera kuza kwa muganga.",kinyarwanda,URGENT,chronic_care,kinyarwanda->kinyarwanda:URGENT:chronic_care,Nta miti y'igituntu mfite.,Nta miti y'igituntu mfite.
"Muganga, umugabo wanjye iminwa ye yahindutse ubururu kuva hashize icyumweru nta miti imfasha. Ese ibi birakomeye?",kinyarwanda,CRITICAL,cardiac_respiratory,kinyarwanda->kinyarwanda:CRITICAL:cardiac_respiratory,{REL} iminwa ye yahindutse ubururu.,Iminwa yanjye yahindutse ubururu.
"Mumbabarire, ndashaka kubabwira ikibazo mfite. Umwana wanjye afite umuhaha kuva mu gitondo kandi birushaho kuba bibi",kinyarwanda,URGENT,paediatric,kinyarwanda->kinyarwanda:URGENT:paediatric,{REL} afite umuhaha.,Mfite umuhaha.
Ndashaka kukubwira ikibazo mfite. Ndatwite kandi ndashaka kujya kwa muganga kwisuzumisha kuva mu cyumweru gishize kandi nta miti mfite. Ndakeneye ubufasha vuba.,kinyarwanda,ROUTINE,obstetric,kinyarwanda->kinyarwanda:ROUTINE:obstetric,Ndatwite kandi ndashaka kujya kwa muganga kwisuzumisha.,Ndatwite kandi ndashaka kujya kwa muganga kwisuzumisha.
"Naje hano mbere, umuturanyi wanjye afite umuriro kandi umutwe uramubabaza cyane kandi nta miti mfite. Urakoze.",kinyarwanda,URGENT,infectious_fever,kinyarwanda->kinyarwanda:URGENT:infectious_fever,{REL} afite umuriro kandi umutwe uramubabaza cyane.,mfite umuriro kandi umutwe urandya cyane
"Mfasha vuba, ndatwite kandi ndashaka kujya kwa muganga kwisuzumisha kuva mu cyumweru gishize nta miti imfasha. Mfasha muganga.",kinyarwanda,ROUTINE,obstetric,kinyarwanda->kinyarwanda:ROUTINE:obstetric,Ndatwite kandi ndashaka kujya kwa muganga kwisuzumisha.,Ndatwite kandi ndashaka kujya kwa muganga kwisuzumisha.
"Mumbabarire, ndashaka kubabwira ikibazo mfite. Mu rugo hari umuntu urwaye igituntu kandi umukecuru ashaka kwisuzumisha. Abandi bana na bo bafite iki kibazo. Mfasha muganga.",kinyarwanda,URGENT,preventive,kinyarwanda->kinyarwanda:URGENT:preventive,Mu rugo hari umuntu urwaye igituntu kandi {REL} ashaka kwisuzumisha.,Mu rugo hari umuntu urwaye igituntu kandi ndashaka kwisuzumisha.
"Muraho, amazuru arantemba gake kuva hashize iminsi ibiri kandi ndahangayitse. Ntegereze cyangwa nsuzumwe ubu?",kinyarwanda,ROUTINE,infectious_fever,kinyarwanda->kinyarwanda:ROUTINE:infectious_fever,amazuru arantemba gake,amazuru arantemba gake
"Mumbabarire, ndashaka kubabwira ikibazo mfite. Mu gituza harandya cyane kandi ububabare bukagera no ku kuboko kuva hashize iminsi ibiri kandi nta miti mfite. Ese ibi birakomeye?",kinyarwanda,CRITICAL,cardiac_respiratory,kinyarwanda->kinyarwanda:CRITICAL:cardiac_respiratory,mu gituza harandya cyane kandi ububabare bukagera no ku kuboko,mu gituza harandya cyane kandi ububabare bukagera no ku kuboko
"Mfite ibimenyetso bya malariya, umuriro n'imbeho kuva ubu gitondo cya kare kandi birushaho kuba bibi. Ntegereze cyangwa nsuzumwe ubu?",kinyarwanda,URGENT,infectious_fever,kinyarwanda->kinyarwanda:URGENT:infectious_fever,"Mfite ibimenyetso bya malariya, umuriro n'imbeho.","Mfite ibimenyetso bya malariya, umuriro n'imbeho."
"Mumbabarire, ndashaka kubabwira ikibazo mfite. Umukecuru nta miti ya SIDA afite kuva ejo. Ni imiti ki nafata?",kinyarwanda,URGENT,chronic_care,kinyarwanda->kinyarwanda:URGENT:chronic_care,{REL} nta miti ya SIDA afite.,Nta miti ya SIDA mfite.
"Mumbabarire, ndashaka kubabwira ikibazo mfite. Umwana wanjye afite igikomere cyanduye, kiratukura kandi kirimo amashyira kuva ejo nta miti imfasha. Ese ibi birakomeye?",kinyarwanda,URGENT,haemorrhage_trauma,kinyarwanda->kinyarwanda:URGENT:haemorrhage_trauma,"{REL} afite igikomere cyanduye, kiratukura kandi kirimo amashyira.","mfite igikomere cyanduye, kiratukura kandi kirimo amashyira"
"Naje hano mbere, mfite ibimenyetso bya malariya, umuriro n'imbeho kuva hashize iminsi itatu. Ntabasha kubona amafaranga yo kongera kuza kwa muganga.",kinyarwanda,URGENT,infectious_fever,kinyarwanda->kinyarwanda:URGENT:infectious_fever,"Mfite ibimenyetso bya malariya, umuriro n'imbeho.","Mfite ibimenyetso bya malariya, umuriro n'imbeho."
"Ndakeneye ubufasha, ndashaka inama ku biryo byo kugaburira umwana wanjye kuva ijoro ryashize kandi nta miti mfite. Ntabasha kubona amafaranga yo kongera kuza kwa muganga.",kinyarwanda,ROUTINE,preventive,kinyarwanda->kinyarwanda:ROUTINE:preventive,Ndashaka inama ku biryo byo kugaburira umwana wanjye.,Ndashaka inama ku biryo byo kugaburira umwana wanjye.
"Mfasha vuba, ndashaka guhabwa inzitiramubu kuva hashize iminsi ibiri. Abandi bana na bo bafite iki kibazo. Ni imiti ki nafata?",kinyarwanda,ROUTINE,preventive,kinyarwanda->kinyarwanda:ROUTINE:preventive,Ndashaka guhabwa inzitiramubu.,Ndashaka guhabwa inzitiramubu.
"Mfasha vuba, mama arakomeza kuruka kandi ntashobora kurya kuva hashize icyumweru kandi ndahangayitse. Nkora iki?",kinyarwanda,URGENT,gastrointestinal,kinyarwanda->kinyarwanda:URGENT:gastrointestinal,{REL} arakomeza kuruka kandi ntashobora kurya.,ndakomeza kuruka kandi sinshobora kurya
"Nyabuneka, mfite igikomere gito kandi amaraso yarahagaze kuva ijoro ryashize kandi nta miti mfite. Naje mvuye kure.",kinyarwanda,ROUTINE,haemorrhage_trauma,kinyarwanda->kinyarwanda:ROUTINE:haemorrhage_trauma,Mfite igikomere gito kandi amaraso yarahagaze.,Mfite igikomere gito kandi amaraso yarahagaze.
"Mumbabarire, ndashaka kubabwira ikibazo mfite. Umugabo wanjye ashaka ko bapima ibiro by'umwana we kuva hashize iminsi ibiri bikarushaho nijoro",kinyarwanda,ROUTINE,paediatric,kinyarwanda->kinyarwanda:ROUTINE:paediatric,{REL} ashaka ko bapima ibiro by'umwana we.,Ndashaka ko bapima ibiro by'umwana wanjye.
"Ndakeneye ubufasha, umuturanyi wanjye aratwite kandi umutwe uramubabaza cyane, kandi ntashobora kureba neza kuva hashize iminsi ibiri biragenda bikagaruka. Ndakeneye ubufasha vuba.",kinyarwanda,CRITICAL,obstetric,kinyarwanda->kinyarwanda:CRITICAL:obstetric,"{REL} aratwite kandi umutwe uramubabaza cyane, kandi ntashobora kureba neza.","Ndatwite, umutwe urandya cyane kandi sinshobora kureba neza."
"Muganga, ndakorora cyane kandi guhumeka birangora kuva hashize icyumweru nta miti imfasha. Ni imiti ki nafata?",kinyarwanda,URGENT,cardiac_respiratory,kinyarwanda->kinyarwanda:URGENT:cardiac_respiratory,ndakorora cyane kandi guhumeka birangora,ndakorora cyane kandi guhumeka birangora
"Muganga, mfite ikibazo ku mutwe kandi kirimo guterwa n'urumuri kuva ijoro ryashize nta miti imfasha. Ntegereze cyangwa nsuzumwe ubu?",kinyarwanda,URGENT,neurological,kinyarwanda->kinyarwanda:URGENT:neurological,Mfite ikibazo ku mutwe kandi kirimo guterwa n'urumuri.,Mfite ikibazo ku mutwe kandi kirimo guterwa n'urumuri.
"Naje hano mbere, mama aratwite kandi ashaka kwisuzumisha kwa muganga bwa mbere kuva mu masaha abiri ashize nta miti imfasha. Urakoze.",kinyarwanda,ROUTINE,preventive,kinyarwanda->kinyarwanda:ROUTINE:preventive,{REL} aratwite kandi ashaka kwisuzumisha kwa muganga bwa mbere.,Ndatwite kandi ndashaka kwisuzumisha kwa muganga bwa mbere.
"Mumbabarire, ndashaka kubabwira ikibazo mfite. Umwana wanjye umutima we utera cyane kandi yumva umeze nk'aho uhagarara kuva mu gitondo kandi sinshobora gusinzira. Ntegereze cyangwa nsuzumwe ubu?",kinyarwanda,CRITICAL,cardiac_respiratory,kinyarwanda->kinyarwanda:CRITICAL:cardiac_respiratory,{REL} umutima we utera cyane kandi yumva umeze nk'aho uhagarara.,umutima uratera cyane kandi nkumva umeze nk'aho uhagarara
"Nzanye umwana wanjye, umwana wanjye akorora gake ariko nta muriro afite kuva ubu gitondo cya kare. Ntegereze cyangwa nsuzumwe ubu?",kinyarwanda,ROUTINE,cardiac_respiratory,kinyarwanda->kinyarwanda:ROUTINE:cardiac_respiratory,{REL} akorora gake ariko nta muriro afite.,Nkorora gake ariko nta muriro mfite.
"Nzanye umwana wanjye, umugabo wanjye iminwa ye yahindutse ubururu kuva mu masaha abiri ashize kandi nta miti mfite. Naje mvuye kure.",kinyarwanda,CRITICAL,cardiac_respiratory,kinyarwanda->kinyarwanda:CRITICAL:cardiac_respiratory,{REL} iminwa ye yahindutse ubururu.,Iminwa yanjye yahindutse ubururu.
"Muganga, uruhande rumwe rw'umubiri we ntirukora kuva ejo nta miti imfasha. Ndakeneye ubufasha vuba.",kinyarwanda,CRITICAL,neurological,kinyarwanda->kinyarwanda:CRITICAL:neurological,Uruhande rumwe rw'umubiri we ntirukora.,Uruhande rumwe rw'umubiri we ntirukora.
"Nzanye umwana wanjye, maze ibyumweru birenga bibiri ndwaye impiswi kuva ejo biragenda bikagaruka. Ndakeneye ubufasha vuba.",kinyarwanda,URGENT,gastrointestinal,kinyarwanda->kinyarwanda:URGENT:gastrointestinal,Maze ibyumweru birenga bibiri ndwaye impiswi.,Maze ibyumweru birenga bibiri ndwaye impiswi.
"Ndakeneye ubufasha, mfite umuriro woroheje umaze umunsi umwe, ariko nta kindi kibazo mfite kuva ejo kandi ndahangayitse. Naje mvuye kure.",kinyarwanda,ROUTINE,infectious_fever,kinyarwanda->kinyarwanda:ROUTINE:infectious_fever,"mfite umuriro woroheje umaze umunsi umwe, ariko nta kindi kibazo mfite","mfite umuriro woroheje umaze umunsi umwe, ariko nta kindi kibazo mfite"
"Mfasha, guhumeka birangora cyane ku buryo ntabasha no kuvuga neza kuva mu cyumweru gishize. Mfasha muganga.",kinyarwanda,CRITICAL,cardiac_respiratory,kinyarwanda->kinyarwanda:CRITICAL:cardiac_respiratory,Guhumeka birangora cyane ku buryo ntabasha no kuvuga neza.,Guhumeka birangora cyane ku buryo ntabasha no kuvuga neza.
"Naje hano mbere, mfite igisebe ku kirenge kidakira kandi mfite diyabete kuva ejo. Nkora iki?",kinyarwanda,URGENT,chronic_care,kinyarwanda->kinyarwanda:URGENT:chronic_care,Mfite igisebe ku kirenge kidakira kandi mfite diyabete.,Mfite igisebe ku kirenge kidakira kandi mfite diyabete.
"Naje hano mbere, umuturanyi wanjye ari kubyara ariko umugozi w'umwana wabanje gusohoka. Ntegereze cyangwa nsuzumwe ubu?",kinyarwanda,CRITICAL,obstetric,kinyarwanda->kinyarwanda:CRITICAL:obstetric,{REL} ari kubyara ariko umugozi w'umwana wabanje gusohoka.,Ndabyara ariko habanje gusohoka umugozi w'umwana.
"Mumbabarire, ndashaka kubabwira ikibazo mfite. Umuturanyi wanjye afite ibimenyetso bya malariya, umuriro n'imbeho kuva mu masaha abiri ashize nta miti imfasha. Ni imiti ki nafata?",kinyarwanda,URGENT,infectious_fever,kinyarwanda->kinyarwanda:URGENT:infectious_fever,"{REL} afite ibimenyetso bya malariya, umuriro n'imbeho.","Mfite ibimenyetso bya malariya, umuriro n'imbeho."
"Umugore wanjye afite igikomere cyanduye, kiratukura kandi kirimo amashyira kuva mu gitondo biragenda bikagaruka. Naje mvuye kure.",kinyarwanda,URGENT,haemorrhage_trauma,kinyarwanda->kinyarwanda:URGENT:haemorrhage_trauma,"{REL} afite igikomere cyanduye, kiratukura kandi kirimo amashyira.","mfite igikomere cyanduye, kiratukura kandi kirimo amashyira"
"Mfasha vuba, iminwa yanjye yahindutse ubururu kuva hashize iminsi ibiri. Abandi bana na bo bafite iki kibazo. Ndakeneye ubufasha vuba.",kinyarwanda,CRITICAL,cardiac_respiratory,kinyarwanda->kinyarwanda:CRITICAL:cardiac_respiratory,Iminwa yanjye yahindutse ubururu.,Iminwa yanjye yahindutse ubururu.
"Mumbabarire, ndashaka kubabwira ikibazo mfite. Naraguye none ndababara cyane kuva ijoro ryashize kandi ndahangayitse. Ese ibi birakomeye?",kinyarwanda,URGENT,haemorrhage_trauma,kinyarwanda->kinyarwanda:URGENT:haemorrhage_trauma,naraguye none ndababara cyane,naraguye none ndababara cyane
"Muganga, mfite umwanda usa umukara kuva mu masaha abiri ashize kandi nta miti mfite. Ndakeneye ubufasha vuba.",kinyarwanda,CRITICAL,gastrointestinal,kinyarwanda->kinyarwanda:CRITICAL:gastrointestinal,Mfite umwanda usa umukara.,Mfite umwanda usa umukara.
"Mfasha vuba, amazuru arantemba gake kuva hashize iminsi ibiri kandi nta miti mfite. Mfasha muganga.",kinyarwanda,ROUTINE,infectious_fever,kinyarwanda->kinyarwanda:ROUTINE:infectious_fever,amazuru arantemba gake,amazuru arantemba gake
"Nzanye umwana wanjye, umwana wanjye ashaka kugirwa inama ku mazi yo kunywa kuva hashize iminsi itatu. Ni imiti ki nafata?",kinyarwanda,ROUTINE,preventive,kinyarwanda->kinyarwanda:ROUTINE:preventive,{REL} ashaka kugirwa inama ku mazi yo kunywa.,Ndashaka kugirwa inama ku mazi yo kunywa.
"Naje hano mbere, umwana wanjye amazuru ye aratemba gake kuva mu gitondo. Byatangiye gitunguranye.",kinyarwanda,ROUTINE,infectious_fever,kinyarwanda->kinyarwanda:ROUTINE:infectious_fever,{REL} amazuru ye aratemba gake.,amazuru arantemba gake
"Muganga, ndashaka imiti y'inzoka y'umwana wanjye kuva ijoro ryashize. Ndakeneye ubufasha vuba.",kinyarwanda,ROUTINE,preventive,kinyarwanda->kinyarwanda:ROUTINE:preventive,Ndashaka imiti y'inzoka y'umwana wanjye.,Ndashaka imiti y'inzoka y'umwana wanjye.
"Muganga, mushiki wanjye aratwite kandi ashaka kwisuzumisha kwa muganga bwa mbere kuva mu gitondo. Abandi bana na bo bafite iki kibazo. Nkora iki?",kinyarwanda,ROUTINE,preventive,kinyarwanda->kinyarwanda:ROUTINE:preventive,{REL} aratwite kandi ashaka kwisuzumisha kwa muganga bwa mbere.,Ndatwite kandi ndashaka kwisuzumisha kwa muganga bwa mbere.
"Simbizi niba bikomeye ariko, umukecuru isukari yo mu maraso ye yazamutse cyane kuva mu masaha abiri ashize bikarushaho nijoro. Ese ibi birakomeye?",kinyarwanda,URGENT,chronic_care,kinyarwanda->kinyarwanda:URGENT:chronic_care,{REL} isukari yo mu maraso ye yazamutse cyane.,isukari yo mu maraso yanjye yazamutse cyane
"Mumbabarire, ndashaka kubabwira ikibazo mfite. Umwana wanjye afite umuhaha kuva ubu gitondo cya kare kandi birushaho kuba bibi. Ni imiti ki nafata?",kinyarwanda,URGENT,paediatric,kinyarwanda->kinyarwanda:URGENT:paediatric,{REL} afite umuhaha.,Mfite umuhaha.
"Muraho, ndatwite kandi ndashaka kujya kwa muganga kwisuzumisha kuva hashize icyumweru nta miti imfasha. Ndakeneye ubufasha vuba.",kinyarwanda,ROUTINE,obstetric,kinyarwanda->kinyarwanda:ROUTINE:obstetric,Ndatwite kandi ndashaka kujya kwa muganga kwisuzumisha.,Ndatwite kandi ndashaka kujya kwa muganga kwisuzumisha.
"Ndakeneye ubufasha, umwana wanjye afite ubushye bunini ku mubiri kuva ejo kandi sinshobora gusinzira",kinyarwanda,CRITICAL,haemorrhage_trauma,kinyarwanda->kinyarwanda:CRITICAL:haemorrhage_trauma,{REL} afite ubushye bunini ku mubiri.,Mfite ubushye bunini ku mubiri.
"Mfasha, ndashaka inama ku biryo byo kugaburira umwana wanjye. Abandi bana na bo bafite iki kibazo. Naje mvuye kure.",kinyarwanda,ROUTINE,preventive,kinyarwanda->kinyarwanda:ROUTINE:preventive,Ndashaka inama ku biryo byo kugaburira umwana wanjye.,Ndashaka inama ku biryo byo kugaburira umwana wanjye.
"Naje hano mbere, mfite igikomere gito kandi amaraso yarahagaze kandi nta miti mfite. Ntabasha kubona amafaranga yo kongera kuza kwa muganga.",kinyarwanda,ROUTINE,haemorrhage_trauma,kinyarwanda->kinyarwanda:ROUTINE:haemorrhage_trauma,Mfite igikomere gito kandi amaraso yarahagaze.,Mfite igikomere gito kandi amaraso yarahagaze.
"Nzanye umwana wanjye, nta miti y'igituntu mfite. Ndakeneye ubufasha vuba.",kinyarwanda,URGENT,chronic_care,kinyarwanda->kinyarwanda:URGENT:chronic_care,Nta miti y'igituntu mfite.,Nta miti y'igituntu mfite.
"Mfasha, umukecuru afite ububabare bukabije mu nda kuva mu gitondo kandi sinshobora gusinzira. Nkora iki?",kinyarwanda,URGENT,gastrointestinal,kinyarwanda->kinyarwanda:URGENT:gastrointestinal,{REL} afite ububabare bukabije mu nda.,Mfite ububabare bukabije mu nda.
"Nzanye umwana wanjye, ndakorora cyane kandi guhumeka birangora kuva ubu gitondo cya kare. Abandi bana na bo bafite iki kibazo. Ndakeneye ubufasha vuba.",kinyarwanda,URGENT,cardiac_respiratory,kinyarwanda->kinyarwanda:URGENT:cardiac_respiratory,ndakorora cyane kandi guhumeka birangora,ndakorora cyane kandi guhumeka birangora
"Mfasha, ndakorora cyane kandi guhumeka birangora kuva hashize iminsi ibiri biragenda bikagaruka. Ntabasha kubona amafaranga yo kongera kuza kwa muganga.",kinyarwanda,URGENT,cardiac_respiratory,kinyarwanda->kinyarwanda:URGENT:cardiac_respiratory,ndakorora cyane kandi guhumeka birangora,ndakorora cyane kandi guhumeka birangora
"Ndakeneye ubufasha, iminwa yanjye yahindutse ubururu kandi sinshobora gusinzira. Mfasha muganga.",kinyarwanda,CRITICAL,cardiac_respiratory,kinyarwanda->kinyarwanda:CRITICAL:cardiac_respiratory,Iminwa yanjye yahindutse ubururu.,Iminwa yanjye yahindutse ubururu.
"Muganga, umwana wanjye afite ikibazo cyo kutabasha guhumeka neza, kandi uruhu rwe rwahindutse ubururu nta miti imfasha",kinyarwanda,CRITICAL,paediatric,kinyarwanda->kinyarwanda:CRITICAL:paediatric,"{REL} afite ikibazo cyo kutabasha guhumeka neza, kandi uruhu rwe rwahindutse ubururu","{REL} afite ikibazo cyo kutabasha guhumeka neza, kandi uruhu rwe rwahindutse ubururu"
"Nzanye umwana wanjye, papa umutima we utera cyane kandi yumva umeze nk'aho uhagarara kuva mu masaha abiri ashize kandi ndahangayitse. Ntabasha kubona amafaranga yo kongera kuza kwa muganga.",kinyarwanda,CRITICAL,cardiac_respiratory,kinyarwanda->kinyarwanda:CRITICAL:cardiac_respiratory,{REL} umutima we utera cyane kandi yumva umeze nk'aho uhagarara.,umutima uratera cyane kandi nkumva umeze nk'aho uhagarara
Umuturanyi wanjye aratwite kandi yaragagaye kuva hashize iminsi itatu kandi nta miti mfite. Ntabasha kubona amafaranga yo kongera kuza kwa muganga.,kinyarwanda,CRITICAL,obstetric,kinyarwanda->kinyarwanda:CRITICAL:obstetric,{REL} aratwite kandi yaragagaye.,Ndatwite kandi nagagaye.
"Nyabuneka, ndatwite kandi ndaruka ibyo ndya byose kuva ubu gitondo cya kare kandi birushaho kuba bibi. Murakoze.",kinyarwanda,URGENT,obstetric,kinyarwanda->kinyarwanda:URGENT:obstetric,Ndatwite kandi ndaruka ibyo ndya byose.,Ndatwite kandi ndaruka ibyo ndya byose.
"Mfasha vuba, ndashaka kongererwa imiti y'umuvuduko w'amaraso kuva ubu gitondo cya kare bikarushaho nijoro. Urakoze.",kinyarwanda,ROUTINE,chronic_care,kinyarwanda->kinyarwanda:ROUTINE:chronic_care,Ndashaka kongererwa imiti y'umuvuduko w'amaraso.,Ndashaka kongererwa imiti y'umuvuduko w'amaraso.
"Nyabuneka, nkorora gake ariko nta muriro mfite kuva mu gitondo. Ntabasha kubona amafaranga yo kongera kuza kwa muganga.",kinyarwanda,ROUTINE,cardiac_respiratory,kinyarwanda->kinyarwanda:ROUTINE:cardiac_respiratory,Nkorora gake ariko nta muriro mfite.,Nkorora gake ariko nta muriro mfite.
"Naje hano mbere, iminwa yanjye yahindutse ubururu. Byatangiye gitunguranye. Ndakeneye ubufasha vuba.",kinyarwanda,CRITICAL,cardiac_respiratory,kinyarwanda->kinyarwanda:CRITICAL:cardiac_respiratory,Iminwa yanjye yahindutse ubururu.,Iminwa yanjye yahindutse ubururu.
Umugabo wanjye ashaka inama ku biryo byo kugaburira umwana we kuva hashize icyumweru kandi ndahangayitse. Nkora iki?,kinyarwanda,ROUTINE,preventive,kinyarwanda->kinyarwanda:ROUTINE:preventive,{REL} ashaka inama ku biryo byo kugaburira umwana we.,Ndashaka inama ku biryo byo kugaburira umwana wanjye.
"Muraho, umukecuru afite umuriro kandi umutwe uramubabaza cyane kuva mu gitondo kandi sinshobora gusinzira",kinyarwanda,URGENT,infectious_fever,kinyarwanda->kinyarwanda:URGENT:infectious_fever,{REL} afite umuriro kandi umutwe uramubabaza cyane.,mfite umuriro kandi umutwe urandya cyane
"Ndakeneye ubufasha, iyo umwana wanjye amaze kurya, yumva inda itameze neza kuva ejo kandi birushaho kuba bibi. Urakoze.",kinyarwanda,ROUTINE,gastrointestinal,kinyarwanda->kinyarwanda:ROUTINE:gastrointestinal,"Iyo {REL} amaze kurya, yumva inda itameze neza.","Iyo {REL} amaze kurya, yumva inda itameze neza."
"Mfasha vuba, umwana wanjye amazuru ye aratemba gake kuva hashize iminsi ibiri kandi birushaho kuba bibi. Ni imiti ki nafata?",kinyarwanda,ROUTINE,infectious_fever,kinyarwanda->kinyarwanda:ROUTINE:infectious_fever,{REL} amazuru ye aratemba gake.,amazuru arantemba gake
"Simbizi niba bikomeye ariko, mfite gahunda yo gukingiza umwana kuva hashize icyumweru kandi sinshobora gusinzira",kinyarwanda,ROUTINE,preventive,kinyarwanda->kinyarwanda:ROUTINE:preventive,Mfite gahunda yo gukingiza umwana.,Mfite gahunda yo gukingiza umwana.
Mama aratwite kandi araruka ibyo arya byose kuva ijoro ryashize nta miti imfasha. Mfasha muganga.,kinyarwanda,URGENT,obstetric,kinyarwanda->kinyarwanda:URGENT:obstetric,{REL} aratwite kandi araruka ibyo arya byose.,Ndatwite kandi ndaruka ibyo ndya byose.
"Muraho, umuturanyi wanjye ari kubyara ariko umugozi w'umwana wabanje gusohoka. Abandi bana na bo bafite iki kibazo. Ndakeneye ubufasha vuba.",kinyarwanda,CRITICAL,obstetric,kinyarwanda->kinyarwanda:CRITICAL:obstetric,{REL} ari kubyara ariko umugozi w'umwana wabanje gusohoka.,Ndabyara ariko habanje gusohoka umugozi w'umwana.
"Nyabuneka, umugabo wanjye ashaka kugirwa inama ku mazi yo kunywa kuva hashize icyumweru nta miti imfasha. Ese ibi birakomeye?",kinyarwanda,ROUTINE,preventive,kinyarwanda->kinyarwanda:ROUTINE:preventive,{REL} ashaka kugirwa inama ku mazi yo kunywa.,Ndashaka kugirwa inama ku mazi yo kunywa.
Ndakomeza kuruka kandi sinshobora kurya kuva mu cyumweru gishize bikarushaho nijoro. Ntegereze cyangwa nsuzumwe ubu?,kinyarwanda,URGENT,gastrointestinal,kinyarwanda->kinyarwanda:URGENT:gastrointestinal,ndakomeza kuruka kandi sinshobora kurya,ndakomeza kuruka kandi sinshobora kurya
"Simbizi niba bikomeye ariko, nkorora gake ariko nta muriro mfite kuva mu gitondo kandi ndahangayitse. Murakoze.",kinyarwanda,ROUTINE,cardiac_respiratory,kinyarwanda->kinyarwanda:ROUTINE:cardiac_respiratory,Nkorora gake ariko nta muriro mfite.,Nkorora gake ariko nta muriro mfite.
Ndashaka kukubwira ikibazo mfite. Mushiki wanjye aratwite kandi yaragagaye kuva mu cyumweru gishize kandi sinshobora gusinzira. Ntegereze cyangwa nsuzumwe ubu?,kinyarwanda,CRITICAL,obstetric,kinyarwanda->kinyarwanda:CRITICAL:obstetric,{REL} aratwite kandi yaragagaye.,Ndatwite kandi nagagaye.
"Mumbabarire, ndashaka kubabwira ikibazo mfite. Umugore wanjye ari kubyara ariko umugozi w'umwana wabanje gusohoka kuva ijoro ryashize kandi sinshobora gusinzira. Ni imiti ki nafata?",kinyarwanda,CRITICAL,obstetric,kinyarwanda->kinyarwanda:CRITICAL:obstetric,{REL} ari kubyara ariko umugozi w'umwana wabanje gusohoka.,Ndabyara ariko habanje gusohoka umugozi w'umwana.
"Mfasha vuba, mama aratwite kandi yaragagaye kuva mu cyumweru gishize kandi nta miti mfite. Ndakeneye ubufasha vuba.",kinyarwanda,CRITICAL,obstetric,kinyarwanda->kinyarwanda:CRITICAL:obstetric,{REL} aratwite kandi yaragagaye.,Ndatwite kandi nagagaye.
"Ndakeneye ubufasha, mfite igisebe ku kirenge kidakira kandi mfite diyabete kuva hashize icyumweru. Murakoze.",kinyarwanda,URGENT,chronic_care,kinyarwanda->kinyarwanda:URGENT:chronic_care,Mfite igisebe ku kirenge kidakira kandi mfite diyabete.,Mfite igisebe ku kirenge kidakira kandi mfite diyabete.
"Mfasha vuba, mfite igikomere cyanduye, kiratukura kandi kirimo amashyira nta miti imfasha. Murakoze.",kinyarwanda,URGENT,haemorrhage_trauma,kinyarwanda->kinyarwanda:URGENT:haemorrhage_trauma,"mfite igikomere cyanduye, kiratukura kandi kirimo amashyira","mfite igikomere cyanduye, kiratukura kandi kirimo amashyira"
"Ndakeneye ubufasha, umugabo wanjye iminwa ye yahindutse ubururu. Mfasha muganga.",kinyarwanda,CRITICAL,cardiac_respiratory,kinyarwanda->kinyarwanda:CRITICAL:cardiac_respiratory,{REL} iminwa ye yahindutse ubururu.,Iminwa yanjye yahindutse ubururu.
Ndashaka kukubwira ikibazo mfite. Ndashaka imiti y'inzoka y'umwana wanjye kuva ejo kandi nta miti mfite. Ntabasha kubona amafaranga yo kongera kuza kwa muganga.,kinyarwanda,ROUTINE,preventive,kinyarwanda->kinyarwanda:ROUTINE:preventive,Ndashaka imiti y'inzoka y'umwana wanjye.,Ndashaka imiti y'inzoka y'umwana wanjye.
"Ndashaka kukubwira ikibazo mfite. Naguye, ukuguru kuragoramye ariko sinumva ko kuvunitse kuva mu masaha abiri ashize biragenda bikagaruka. Ntabasha kubona amafaranga yo kongera kuza kwa muganga.",kinyarwanda,URGENT,haemorrhage_trauma,kinyarwanda->kinyarwanda:URGENT:haemorrhage_trauma,"Naguye, ukuguru kuragoramye ariko sinumva ko kuvunitse.","Naguye, ukuguru kuragoramye ariko sinumva ko kuvunitse."
"Nzanye umwana wanjye, umutwe urandya ariko ntabwo cyane kuva hashize icyumweru kandi sinshobora gusinzira. Nkora iki?",kinyarwanda,ROUTINE,neurological,kinyarwanda->kinyarwanda:ROUTINE:neurological,umutwe urandya ariko ntabwo cyane,umutwe urandya ariko ntabwo cyane
"Mfasha, umukecuru yaraguye none arababara cyane kuva hashize icyumweru kandi birushaho kuba bibi. Naje mvuye kure.",kinyarwanda,URGENT,haemorrhage_trauma,kinyarwanda->kinyarwanda:URGENT:haemorrhage_trauma,{REL} yaraguye none arababara cyane.,naraguye none ndababara cyane
"Mumbabarire, ndashaka kubabwira ikibazo mfite. Mfite igisebe ku kirenge kidakira kandi mfite diyabete kuva mu cyumweru gishize biragenda bikagaruka. Ntabasha kubona amafaranga yo kongera kuza kwa muganga.",kinyarwanda,URGENT,chronic_care,kinyarwanda->kinyarwanda:URGENT:chronic_care,Mfite igisebe ku kirenge kidakira kandi mfite diyabete.,Mfite igisebe ku kirenge kidakira kandi mfite diyabete.
Umuturanyi wanjye ashaka inama ku biryo byo kugaburira umwana we kuva mu masaha abiri ashize kandi nta miti mfite. Murakoze.,kinyarwanda,ROUTINE,preventive,kinyarwanda->kinyarwanda:ROUTINE:preventive,{REL} ashaka inama ku biryo byo kugaburira umwana we.,Ndashaka inama ku biryo byo kugaburira umwana wanjye.
"Naje hano mbere, iyo umwana wanjye amaze kurya, yumva inda itameze neza kuva mu masaha abiri ashize kandi birushaho kuba bibi. Ndakeneye ubufasha vuba.",kinyarwanda,ROUTINE,gastrointestinal,kinyarwanda->kinyarwanda:ROUTINE:gastrointestinal,"Iyo {REL} amaze kurya, yumva inda itameze neza.","Iyo {REL} amaze kurya, yumva inda itameze neza."
"Muganga, mfite igikomere gikomeye kirimo kuva amaraso menshi kuva hashize iminsi itatu biragenda bikagaruka. Ese ibi birakomeye?",kinyarwanda,CRITICAL,haemorrhage_trauma,kinyarwanda->kinyarwanda:CRITICAL:haemorrhage_trauma,mfite igikomere gikomeye kirimo kuva amaraso menshi,mfite igikomere gikomeye kirimo kuva amaraso menshi
"Muganga, umugore wanjye afite umuriro kandi umutwe uramubabaza cyane kuva hashize iminsi itatu kandi nta miti mfite. Naje mvuye kure.",kinyarwanda,URGENT,infectious_fever,kinyarwanda->kinyarwanda:URGENT:infectious_fever,{REL} afite umuriro kandi umutwe uramubabaza cyane.,mfite umuriro kandi umutwe urandya cyane
"Ndakeneye ubufasha, ndashaka guhabwa inzitiramubu kuva hashize iminsi ibiri kandi ndahangayitse. Ni imiti ki nafata?",kinyarwanda,ROUTINE,preventive,kinyarwanda->kinyarwanda:ROUTINE:preventive,Ndashaka guhabwa inzitiramubu.,Ndashaka guhabwa inzitiramubu.
"Mfasha, umugore wanjye afite gahunda yo gukingiza umwana kuva mu cyumweru gishize. Murakoze.",kinyarwanda,ROUTINE,preventive,kinyarwanda->kinyarwanda:ROUTINE:preventive,{REL} afite gahunda yo gukingiza umwana.,Mfite gahunda yo gukingiza umwana.
"Muraho, ndashaka ko bapima umuvuduko w'amaraso kuva mu gitondo kandi nta miti mfite",kinyarwanda,ROUTINE,preventive,kinyarwanda->kinyarwanda:ROUTINE:preventive,Ndashaka ko bapima umuvuduko w'amaraso.,Ndashaka ko bapima umuvuduko w'amaraso.
"Muraho, mama ari kubyara ariko umugozi w'umwana wabanje gusohoka kuva hashize icyumweru. Byatangiye gitunguranye. Ndakeneye ubufasha vuba.",kinyarwanda,CRITICAL,obstetric,kinyarwanda->kinyarwanda:CRITICAL:obstetric,{REL} ari kubyara ariko umugozi w'umwana wabanje gusohoka.,Ndabyara ariko habanje gusohoka umugozi w'umwana.
"Muganga, iyo mpumeka, numva igituza gifashe kandi mpumeka nkumva hari ijwi ridasanzwe kuva mu gitondo kandi ndahangayitse. Naje mvuye kure.",kinyarwanda,URGENT,cardiac_respiratory,kinyarwanda->kinyarwanda:URGENT:cardiac_respiratory,"Iyo mpumeka, numva igituza gifashe kandi mpumeka nkumva hari ijwi ridasanzwe.","Iyo mpumeka, numva igituza gifashe kandi mpumeka nkumva hari ijwi ridasanzwe."
"Muganga, umutima uratera cyane kandi nkumva umeze nk'aho uhagarara kuva ejo. Byatangiye gitunguranye.",kinyarwanda,CRITICAL,cardiac_respiratory,kinyarwanda->kinyarwanda:CRITICAL:cardiac_respiratory,umutima uratera cyane kandi nkumva umeze nk'aho uhagarara,umutima uratera cyane kandi nkumva umeze nk'aho uhagarara
Mushiki wanjye ari kubyara ariko umugozi w'umwana wabanje gusohoka kuva hashize icyumweru. Byatangiye gitunguranye. Ntabasha kubona amafaranga yo kongera kuza kwa muganga.,kinyarwanda,CRITICAL,obstetric,kinyarwanda->kinyarwanda:CRITICAL:obstetric,{REL} ari kubyara ariko umugozi w'umwana wabanje gusohoka.,Ndabyara ariko habanje gusohoka umugozi w'umwana.
"Mumbabarire, ndashaka kubabwira ikibazo mfite. Umukecuru araruka cyane kandi yumva afite intege nke kuva hashize icyumweru nta miti imfasha. Mfasha muganga.",kinyarwanda,URGENT,gastrointestinal,kinyarwanda->kinyarwanda:URGENT:gastrointestinal,{REL} araruka cyane kandi yumva afite intege nke.,ndaruka cyane kandi numva mfite intege nke
"Muraho, umugore wanjye afite igikomere cyanduye, kiratukura kandi kirimo amashyira kuva ijoro ryashize nta miti imfasha",kinyarwanda,URGENT,haemorrhage_trauma,kinyarwanda->kinyarwanda:URGENT:haemorrhage_trauma,"{REL} afite igikomere cyanduye, kiratukura kandi kirimo amashyira.","mfite igikomere cyanduye, kiratukura kandi kirimo amashyira"
Ndashaka kukubwira ikibazo mfite. Nta miti y'igituntu mfite kuva mu cyumweru gishize bikarushaho nijoro. Ntegereze cyangwa nsuzumwe ubu?,kinyarwanda,URGENT,chronic_care,kinyarwanda->kinyarwanda:URGENT:chronic_care,Nta miti y'igituntu mfite.,Nta miti y'igituntu mfite.
"Mfasha, mfite igikomere cyanduye, kiratukura kandi kirimo amashyira kuva hashize icyumweru biragenda bikagaruka",kinyarwanda,URGENT,haemorrhage_trauma,kinyarwanda->kinyarwanda:URGENT:haemorrhage_trauma,"mfite igikomere cyanduye, kiratukura kandi kirimo amashyira","mfite igikomere cyanduye, kiratukura kandi kirimo amashyira"
"Muraho, umwana wanjye akorora gake ariko nta muriro afite kuva mu masaha abiri ashize kandi ndahangayitse. Ntegereze cyangwa nsuzumwe ubu?",kinyarwanda,ROUTINE,cardiac_respiratory,kinyarwanda->kinyarwanda:ROUTINE:cardiac_respiratory,{REL} akorora gake ariko nta muriro afite.,Nkorora gake ariko nta muriro mfite.
"Mfasha, papa arakomeza kuruka kandi ntashobora kurya kuva ubu gitondo cya kare nta miti imfasha. Murakoze.",kinyarwanda,URGENT,gastrointestinal,kinyarwanda->kinyarwanda:URGENT:gastrointestinal,{REL} arakomeza kuruka kandi ntashobora kurya.,ndakomeza kuruka kandi sinshobora kurya
"Simbizi niba bikomeye ariko, uruhande rumwe rw'umubiri we ntirukora kuva mu masaha abiri ashize. Naje mvuye kure.",kinyarwanda,CRITICAL,neurological,kinyarwanda->kinyarwanda:CRITICAL:neurological,Uruhande rumwe rw'umubiri we ntirukora.,Uruhande rumwe rw'umubiri we ntirukora.
"Mfasha, ndatwite kandi ndaruka ibyo ndya byose kuva hashize iminsi ibiri kandi sinshobora gusinzira. Ndakeneye ubufasha vuba.",kinyarwanda,URGENT,obstetric,kinyarwanda->kinyarwanda:URGENT:obstetric,Ndatwite kandi ndaruka ibyo ndya byose.,Ndatwite kandi ndaruka ibyo ndya byose.
"Naje hano mbere, umwana wanjye afite umuriro woroheje umaze umunsi umwe, ariko nta kindi kibazo afite kuva hashize iminsi itatu kandi birushaho kuba bibi. Ntegereze cyangwa nsuzumwe ubu?",kinyarwanda,ROUTINE,infectious_fever,kinyarwanda->kinyarwanda:ROUTINE:infectious_fever,"{REL} afite umuriro woroheje umaze umunsi umwe, ariko nta kindi kibazo afite.","mfite umuriro woroheje umaze umunsi umwe, ariko nta kindi kibazo mfite"
"Ndakeneye ubufasha, ndashaka ko bapima ibiro by'umwana wanjye kuva hashize iminsi ibiri kandi sinshobora gusinzira. Urakoze.",kinyarwanda,ROUTINE,paediatric,kinyarwanda->kinyarwanda:ROUTINE:paediatric,Ndashaka ko bapima ibiro by'umwana wanjye.,Ndashaka ko bapima ibiro by'umwana wanjye.
"Naje hano mbere, umwana wanjye akorora gake ariko nta muriro afite kuva hashize iminsi ibiri nta miti imfasha",kinyarwanda,ROUTINE,cardiac_respiratory,kinyarwanda->kinyarwanda:ROUTINE:cardiac_respiratory,{REL} akorora gake ariko nta muriro afite.,Nkorora gake ariko nta muriro mfite.
"Simbizi niba bikomeye ariko, umwana wanjye afite ikibazo cyo kutabasha guhumeka neza, kandi uruhu rwe rwahindutse ubururu kuva hashize iminsi ibiri nta miti imfasha. Ese ibi birakomeye?",kinyarwanda,CRITICAL,paediatric,kinyarwanda->kinyarwanda:CRITICAL:paediatric,"{REL} afite ikibazo cyo kutabasha guhumeka neza, kandi uruhu rwe rwahindutse ubururu","{REL} afite ikibazo cyo kutabasha guhumeka neza, kandi uruhu rwe rwahindutse ubururu"
"Muraho, iyo umwana wanjye amaze kurya, yumva inda itameze neza kuva ijoro ryashize kandi ndahangayitse. Ndakeneye ubufasha vuba.",kinyarwanda,ROUTINE,gastrointestinal,kinyarwanda->kinyarwanda:ROUTINE:gastrointestinal,"Iyo {REL} amaze kurya, yumva inda itameze neza.","Iyo {REL} amaze kurya, yumva inda itameze neza."
Ndashaka kukubwira ikibazo mfite. Ndashaka kujya kwa muganga kwisuzumisha diyabete kuva hashize icyumweru kandi birushaho kuba bibi. Ni imiti ki nafata?,kinyarwanda,ROUTINE,chronic_care,kinyarwanda->kinyarwanda:ROUTINE:chronic_care,Ndashaka kujya kwa muganga kwisuzumisha diyabete.,Ndashaka kujya kwa muganga kwisuzumisha SIDA.
Ndashaka kukubwira ikibazo mfite. Mu rugo hari umuntu urwaye igituntu kandi umuturanyi wanjye ashaka kwisuzumisha kuva ijoro ryashize kandi sinshobora gusinzira. Murakoze.,kinyarwanda,URGENT,preventive,kinyarwanda->kinyarwanda:URGENT:preventive,Mu rugo hari umuntu urwaye igituntu kandi {REL} ashaka kwisuzumisha.,Mu rugo hari umuntu urwaye igituntu kandi ndashaka kwisuzumisha.
Ndashaka kujya kwa muganga kwisuzumisha diyabete kuva ubu gitondo cya kare. Abandi bana na bo bafite iki kibazo. Urakoze.,kinyarwanda,ROUTINE,chronic_care,kinyarwanda->kinyarwanda:ROUTINE:chronic_care,Ndashaka kujya kwa muganga kwisuzumisha diyabete.,Ndashaka kujya kwa muganga kwisuzumisha SIDA.
"Naje hano mbere, umugabo wanjye nta miti ya SIDA afite kuva mu masaha abiri ashize bikarushaho nijoro. Ntabasha kubona amafaranga yo kongera kuza kwa muganga.",kinyarwanda,URGENT,chronic_care,kinyarwanda->kinyarwanda:URGENT:chronic_care,{REL} nta miti ya SIDA afite.,Nta miti ya SIDA mfite.
"Muraho, iminwa yanjye yahindutse ubururu kuva mu cyumweru gishize kandi nta miti mfite. Nkora iki?",kinyarwanda,CRITICAL,cardiac_respiratory,kinyarwanda->kinyarwanda:CRITICAL:cardiac_respiratory,Iminwa yanjye yahindutse ubururu.,Iminwa yanjye yahindutse ubururu.
"Mfasha vuba, mfite igikomere cyanduye, kiratukura kandi kirimo amashyira kuva hashize iminsi itatu kandi nta miti mfite. Naje mvuye kure.",kinyarwanda,URGENT,haemorrhage_trauma,kinyarwanda->kinyarwanda:URGENT:haemorrhage_trauma,"mfite igikomere cyanduye, kiratukura kandi kirimo amashyira","mfite igikomere cyanduye, kiratukura kandi kirimo amashyira"
"Naje hano mbere, umwana wanjye afite umuhaha kuva ubu gitondo cya kare nta miti imfasha. Nkora iki?",kinyarwanda,URGENT,paediatric,kinyarwanda->kinyarwanda:URGENT:paediatric,{REL} afite umuhaha.,Mfite umuhaha.
Nta miti y'igituntu mfite kuva hashize iminsi ibiri biragenda bikagaruka. Naje mvuye kure.,kinyarwanda,URGENT,chronic_care,kinyarwanda->kinyarwanda:URGENT:chronic_care,Nta miti y'igituntu mfite.,Nta miti y'igituntu mfite.
"Mfasha vuba, umugore wanjye iminwa ye yahindutse ubururu kuva hashize iminsi ibiri kandi ndahangayitse. Ndakeneye ubufasha vuba.",kinyarwanda,CRITICAL,cardiac_respiratory,kinyarwanda->kinyarwanda:CRITICAL:cardiac_respiratory,{REL} iminwa ye yahindutse ubururu.,Iminwa yanjye yahindutse ubururu.
Mama ashaka guhabwa inzitiramubu kuva mu gitondo kandi sinshobora gusinzira. Mfasha muganga.,kinyarwanda,ROUTINE,preventive,kinyarwanda->kinyarwanda:ROUTINE:preventive,{REL} ashaka guhabwa inzitiramubu.,Ndashaka guhabwa inzitiramubu.
"Simbizi niba bikomeye ariko, amazuru arantemba gake kuva hashize iminsi ibiri. Byatangiye gitunguranye. Ni imiti ki nafata?",kinyarwanda,ROUTINE,infectious_fever,kinyarwanda->kinyarwanda:ROUTINE:infectious_fever,amazuru arantemba gake,amazuru arantemba gake
Mushiki wanjye amaze umunsi wose ari mu bubabare bwo kubyara ariko umwana ntarasohoka kuva mu gitondo biragenda bikagaruka. Mfasha muganga.,kinyarwanda,CRITICAL,obstetric,kinyarwanda->kinyarwanda:CRITICAL:obstetric,{REL} amaze umunsi wose ari mu bubabare bwo kubyara ariko umwana ntarasohoka.,Maze umunsi wose mbabara ngerageza kubyara ariko umwana ntarasohoka.
"Mfasha, umuturanyi wanjye yaraguye none arababara cyane kuva ubu gitondo cya kare bikarushaho nijoro. Ndakeneye ubufasha vuba.",kinyarwanda,URGENT,haemorrhage_trauma,kinyarwanda->kinyarwanda:URGENT:haemorrhage_trauma,{REL} yaraguye none arababara cyane.,naraguye none ndababara cyane
"Mumbabarire, ndashaka kubabwira ikibazo mfite. Umukecuru afite gahunda yo gukingiza umwana kandi birushaho kuba bibi. Ntabasha kubona amafaranga yo kongera kuza kwa muganga.",kinyarwanda,ROUTINE,preventive,kinyarwanda->kinyarwanda:ROUTINE:preventive,{REL} afite gahunda yo gukingiza umwana.,Mfite gahunda yo gukingiza umwana.
"Muraho, umuturanyi wanjye ari kubyara ariko umugozi w'umwana wabanje gusohoka kuva ubu gitondo cya kare. Naje mvuye kure.",kinyarwanda,CRITICAL,obstetric,kinyarwanda->kinyarwanda:CRITICAL:obstetric,{REL} ari kubyara ariko umugozi w'umwana wabanje gusohoka.,Ndabyara ariko habanje gusohoka umugozi w'umwana.
"Mfasha, mfite igikomere gikomeye kirimo kuva amaraso menshi kuva hashize iminsi itatu. Naje mvuye kure.",kinyarwanda,CRITICAL,haemorrhage_trauma,kinyarwanda->kinyarwanda:CRITICAL:haemorrhage_trauma,mfite igikomere gikomeye kirimo kuva amaraso menshi,mfite igikomere gikomeye kirimo kuva amaraso menshi
Ndashaka kukubwira ikibazo mfite. Amazuru arantemba gake kuva ejo. Byatangiye gitunguranye. Ni imiti ki nafata?,kinyarwanda,ROUTINE,infectious_fever,kinyarwanda->kinyarwanda:ROUTINE:infectious_fever,amazuru arantemba gake,amazuru arantemba gake
"Naje hano mbere, umugabo wanjye amaze iminsi itatu arwaye impiswi zikomeye kuva hashize icyumweru. Abandi bana na bo bafite iki kibazo. Ntabasha kubona amafaranga yo kongera kuza kwa muganga.",kinyarwanda,URGENT,gastrointestinal,kinyarwanda->kinyarwanda:URGENT:gastrointestinal,{REL} amaze iminsi itatu arwaye impiswi zikomeye.,maze iminsi itatu ndwaye impiswi zikomeye
Ndashaka kukubwira ikibazo mfite. Mushiki wanjye afite ubushye bunini ku mubiri kuva hashize iminsi ibiri kandi sinshobora gusinzira. Nkora iki?,kinyarwanda,CRITICAL,haemorrhage_trauma,kinyarwanda->kinyarwanda:CRITICAL:haemorrhage_trauma,{REL} afite ubushye bunini ku mubiri.,Mfite ubushye bunini ku mubiri.
"Muraho, ndava amaraso menshi nyuma yo kubyara kuva ijoro ryashize kandi ndahangayitse. Nkora iki?",kinyarwanda,CRITICAL,obstetric,kinyarwanda->kinyarwanda:CRITICAL:obstetric,ndava amaraso menshi nyuma yo kubyara,ndava amaraso menshi nyuma yo kubyara
"Nzanye umwana wanjye, isukari yo mu maraso yanjye yazamutse cyane kuva ejo. Ndakeneye ubufasha vuba.",kinyarwanda,URGENT,chronic_care,kinyarwanda->kinyarwanda:URGENT:chronic_care,isukari yo mu maraso yanjye yazamutse cyane,isukari yo mu maraso yanjye yazamutse cyane
"Mfasha, maze ibyumweru birenga bibiri ndwaye impiswi kuva mu cyumweru gishize kandi sinshobora gusinzira. Ntabasha kubona amafaranga yo kongera kuza kwa muganga.",kinyarwanda,URGENT,gastrointestinal,kinyarwanda->kinyarwanda:URGENT:gastrointestinal,Maze ibyumweru birenga bibiri ndwaye impiswi.,Maze ibyumweru birenga bibiri ndwaye impiswi.
"Simbizi niba bikomeye ariko, ndatwite kandi ndaruka ibyo ndya byose kuva ejo kandi ndahangayitse. Murakoze.",kinyarwanda,URGENT,obstetric,kinyarwanda->kinyarwanda:URGENT:obstetric,Ndatwite kandi ndaruka ibyo ndya byose.,Ndatwite kandi ndaruka ibyo ndya byose.
"Ndakeneye ubufasha, umuturanyi wanjye araruka cyane kandi yumva afite intege nke kuva mu gitondo. Byatangiye gitunguranye. Nkora iki?",kinyarwanda,URGENT,gastrointestinal,kinyarwanda->kinyarwanda:URGENT:gastrointestinal,{REL} araruka cyane kandi yumva afite intege nke.,ndaruka cyane kandi numva mfite intege nke
"Simbizi niba bikomeye ariko, mama ashaka ko bapima ibiro by'umwana we kuva mu masaha abiri ashize kandi sinshobora gusinzira",kinyarwanda,ROUTINE,paediatric,kinyarwanda->kinyarwanda:ROUTINE:paediatric,{REL} ashaka ko bapima ibiro by'umwana we.,Ndashaka ko bapima ibiro by'umwana wanjye.
"Mfasha, ndashaka kugirwa inama uko nakonsa umwana kuva hashize iminsi itatu kandi nta miti mfite. Ese ibi birakomeye?",kinyarwanda,ROUTINE,obstetric,kinyarwanda->kinyarwanda:ROUTINE:obstetric,Ndashaka kugirwa inama uko nakonsa umwana.,Ndashaka kugirwa inama uko nakonsa umwana.
"Simbizi niba bikomeye ariko, umwana wanjye afite ikibazo cyo kutabasha guhumeka neza, kandi uruhu rwe rwahindutse ubururu kuva hashize icyumweru bikarushaho nijoro. Ndakeneye ubufasha vuba.",kinyarwanda,CRITICAL,paediatric,kinyarwanda->kinyarwanda:CRITICAL:paediatric,"{REL} afite ikibazo cyo kutabasha guhumeka neza, kandi uruhu rwe rwahindutse ubururu","{REL} afite ikibazo cyo kutabasha guhumeka neza, kandi uruhu rwe rwahindutse ubururu"
"Muganga, uruhande rumwe rw'umubiri we ntirukora kuva ubu gitondo cya kare kandi birushaho kuba bibi. Ese ibi birakomeye?",kinyarwanda,CRITICAL,neurological,kinyarwanda->kinyarwanda:CRITICAL:neurological,Uruhande rumwe rw'umubiri we ntirukora.,Uruhande rumwe rw'umubiri we ntirukora.
"Naje hano mbere, umutima uratera cyane kandi nkumva umeze nk'aho uhagarara kuva hashize iminsi ibiri. Abandi bana na bo bafite iki kibazo. Ntegereze cyangwa nsuzumwe ubu?",kinyarwanda,CRITICAL,cardiac_respiratory,kinyarwanda->kinyarwanda:CRITICAL:cardiac_respiratory,umutima uratera cyane kandi nkumva umeze nk'aho uhagarara,umutima uratera cyane kandi nkumva umeze nk'aho uhagarara
"Mfasha, papa ashaka kugirwa inama ku mazi yo kunywa kuva hashize iminsi ibiri. Byatangiye gitunguranye. Ntegereze cyangwa nsuzumwe ubu?",kinyarwanda,ROUTINE,preventive,kinyarwanda->kinyarwanda:ROUTINE:preventive,{REL} ashaka kugirwa inama ku mazi yo kunywa.,Ndashaka kugirwa inama ku mazi yo kunywa.
"Muraho, umuturanyi wanjye amaze iminsi itatu arwaye impiswi zikomeye kuva ubu gitondo cya kare kandi nta miti mfite",kinyarwanda,URGENT,gastrointestinal,kinyarwanda->kinyarwanda:URGENT:gastrointestinal,{REL} amaze iminsi itatu arwaye impiswi zikomeye.,maze iminsi itatu ndwaye impiswi zikomeye
"Naje hano mbere, mama ashaka kugirwa inama ku mazi yo kunywa kuva mu masaha abiri ashize bikarushaho nijoro. Urakoze.",kinyarwanda,ROUTINE,preventive,kinyarwanda->kinyarwanda:ROUTINE:preventive,{REL} ashaka kugirwa inama ku mazi yo kunywa.,Ndashaka kugirwa inama ku mazi yo kunywa.
"Mfasha, umugabo wanjye umutima we utera cyane kandi yumva umeze nk'aho uhagarara kuva hashize icyumweru. Abandi bana na bo bafite iki kibazo. Naje mvuye kure.",kinyarwanda,CRITICAL,cardiac_respiratory,kinyarwanda->kinyarwanda:CRITICAL:cardiac_respiratory,{REL} umutima we utera cyane kandi yumva umeze nk'aho uhagarara.,umutima uratera cyane kandi nkumva umeze nk'aho uhagarara
"Ndakeneye ubufasha, papa amaze iminsi itatu arwaye impiswi zikomeye kandi birushaho kuba bibi. Ntabasha kubona amafaranga yo kongera kuza kwa muganga.",kinyarwanda,URGENT,gastrointestinal,kinyarwanda->kinyarwanda:URGENT:gastrointestinal,{REL} amaze iminsi itatu arwaye impiswi zikomeye.,maze iminsi itatu ndwaye impiswi zikomeye
"Nzanye umwana wanjye, guhumeka birangora cyane ku buryo ntabasha no kuvuga neza kuva ejo kandi nta miti mfite. Ese ibi birakomeye?",kinyarwanda,CRITICAL,cardiac_respiratory,kinyarwanda->kinyarwanda:CRITICAL:cardiac_respiratory,Guhumeka birangora cyane ku buryo ntabasha no kuvuga neza.,Guhumeka birangora cyane ku buryo ntabasha no kuvuga neza.
"Naje hano mbere, iyo mpumeka, numva igituza gifashe kandi mpumeka nkumva hari ijwi ridasanzwe kuva mu cyumweru gishize kandi birushaho kuba bibi. Ndakeneye ubufasha vuba.",kinyarwanda,URGENT,cardiac_respiratory,kinyarwanda->kinyarwanda:URGENT:cardiac_respiratory,"Iyo mpumeka, numva igituza gifashe kandi mpumeka nkumva hari ijwi ridasanzwe.","Iyo mpumeka, numva igituza gifashe kandi mpumeka nkumva hari ijwi ridasanzwe."
"Mfasha, uruhande rumwe rw'umubiri we ntirukora kuva ubu gitondo cya kare kandi ndahangayitse. Mfasha muganga.",kinyarwanda,CRITICAL,neurological,kinyarwanda->kinyarwanda:CRITICAL:neurological,Uruhande rumwe rw'umubiri we ntirukora.,Uruhande rumwe rw'umubiri we ntirukora.
"Naje hano mbere, umugabo wanjye iminwa ye yahindutse ubururu kuva ubu gitondo cya kare. Abandi bana na bo bafite iki kibazo. Ese ibi birakomeye?",kinyarwanda,CRITICAL,cardiac_respiratory,kinyarwanda->kinyarwanda:CRITICAL:cardiac_respiratory,{REL} iminwa ye yahindutse ubururu.,Iminwa yanjye yahindutse ubururu.
"Simbizi niba bikomeye ariko, ndashaka ko bapima umuvuduko w'amaraso kandi sinshobora gusinzira. Naje mvuye kure.",kinyarwanda,ROUTINE,preventive,kinyarwanda->kinyarwanda:ROUTINE:preventive,Ndashaka ko bapima umuvuduko w'amaraso.,Ndashaka ko bapima umuvuduko w'amaraso.
"Naje hano mbere, umugabo wanjye afite ubushye bunini ku mubiri kuva hashize icyumweru. Abandi bana na bo bafite iki kibazo. Ntegereze cyangwa nsuzumwe ubu?",kinyarwanda,CRITICAL,haemorrhage_trauma,kinyarwanda->kinyarwanda:CRITICAL:haemorrhage_trauma,{REL} afite ubushye bunini ku mubiri.,Mfite ubushye bunini ku mubiri.
"Mfasha, mfite ibimenyetso bya malariya, umuriro n'imbeho biragenda bikagaruka. Mfasha muganga.",kinyarwanda,URGENT,infectious_fever,kinyarwanda->kinyarwanda:URGENT:infectious_fever,"Mfite ibimenyetso bya malariya, umuriro n'imbeho.","Mfite ibimenyetso bya malariya, umuriro n'imbeho."
Ndashaka kukubwira ikibazo mfite. Ndashaka kugirwa inama uko nakonsa umwana kuva ijoro ryashize. Abandi bana na bo bafite iki kibazo. Naje mvuye kure.,kinyarwanda,ROUTINE,obstetric,kinyarwanda->kinyarwanda:ROUTINE:obstetric,Ndashaka kugirwa inama uko nakonsa umwana.,Ndashaka kugirwa inama uko nakonsa umwana.
"Mumbabarire, ndashaka kubabwira ikibazo mfite. Umwana wanjye ashaka guhabwa inzitiramubu kuva ijoro ryashize. Byatangiye gitunguranye. Urakoze.",kinyarwanda,ROUTINE,preventive,kinyarwanda->kinyarwanda:ROUTINE:preventive,{REL} ashaka guhabwa inzitiramubu.,Ndashaka guhabwa inzitiramubu.
"Mumbabarire, ndashaka kubabwira ikibazo mfite. Umugore wanjye aratwite kandi araruka ibyo arya byose kuva hashize icyumweru nta miti imfasha. Ese ibi birakomeye?",kinyarwanda,URGENT,obstetric,kinyarwanda->kinyarwanda:URGENT:obstetric,{REL} aratwite kandi araruka ibyo arya byose.,Ndatwite kandi ndaruka ibyo ndya byose.
"Muraho, umwana wanjye afite umuriro mwinshi kandi arakorora cyane kuva ijoro ryashize kandi ndahangayitse",kinyarwanda,URGENT,infectious_fever,kinyarwanda->kinyarwanda:URGENT:infectious_fever,{REL} afite umuriro mwinshi kandi arakorora cyane.,mfite umuriro mwinshi kandi ndakorora cyane
"Muganga, amazuru arantemba gake kuva hashize iminsi itatu kandi nta miti mfite. Ntabasha kubona amafaranga yo kongera kuza kwa muganga.",kinyarwanda,ROUTINE,infectious_fever,kinyarwanda->kinyarwanda:ROUTINE:infectious_fever,amazuru arantemba gake,amazuru arantemba gake
"Mfasha, umugore wanjye afite ububabare bukabije mu nda kuva ejo biragenda bikagaruka. Murakoze.",kinyarwanda,URGENT,gastrointestinal,kinyarwanda->kinyarwanda:URGENT:gastrointestinal,{REL} afite ububabare bukabije mu nda.,Mfite ububabare bukabije mu nda.
"Muganga, mama araruka cyane kandi yumva afite intege nke kuva ejo kandi ndahangayitse. Mfasha muganga.",kinyarwanda,URGENT,gastrointestinal,kinyarwanda->kinyarwanda:URGENT:gastrointestinal,{REL} araruka cyane kandi yumva afite intege nke.,ndaruka cyane kandi numva mfite intege nke
"Ndakeneye ubufasha, mushiki wanjye afite ibimenyetso bya malariya, umuriro n'imbeho kuva mu gitondo bikarushaho nijoro. Ntegereze cyangwa nsuzumwe ubu?",kinyarwanda,URGENT,infectious_fever,kinyarwanda->kinyarwanda:URGENT:infectious_fever,"{REL} afite ibimenyetso bya malariya, umuriro n'imbeho.","Mfite ibimenyetso bya malariya, umuriro n'imbeho."
"Nzanye umwana wanjye, umukecuru ashaka ko bapima ibiro by'umwana we kuva mu gitondo kandi ndahangayitse",kinyarwanda,ROUTINE,paediatric,kinyarwanda->kinyarwanda:ROUTINE:paediatric,{REL} ashaka ko bapima ibiro by'umwana we.,Ndashaka ko bapima ibiro by'umwana wanjye.
"Nyabuneka, amazuru arantemba gake kuva hashize iminsi itatu kandi sinshobora gusinzira. Urakoze.",kinyarwanda,ROUTINE,infectious_fever,kinyarwanda->kinyarwanda:ROUTINE:infectious_fever,amazuru arantemba gake,amazuru arantemba gake
Ndashaka guhabwa inzitiramubu kuva hashize iminsi ibiri nta miti imfasha. Ntabasha kubona amafaranga yo kongera kuza kwa muganga.,kinyarwanda,ROUTINE,preventive,kinyarwanda->kinyarwanda:ROUTINE:preventive,Ndashaka guhabwa inzitiramubu.,Ndashaka guhabwa inzitiramubu.
"Mumbabarire, ndashaka kubabwira ikibazo mfite. Ndakorora cyane kandi guhumeka birangora bikarushaho nijoro. Ni imiti ki nafata?",kinyarwanda,URGENT,cardiac_respiratory,kinyarwanda->kinyarwanda:URGENT:cardiac_respiratory,ndakorora cyane kandi guhumeka birangora,ndakorora cyane kandi guhumeka birangora
"Muraho, mfite ibimenyetso bya malariya, umuriro n'imbeho kuva hashize icyumweru. Abandi bana na bo bafite iki kibazo. Urakoze.",kinyarwanda,URGENT,infectious_fever,kinyarwanda->kinyarwanda:URGENT:infectious_fever,"Mfite ibimenyetso bya malariya, umuriro n'imbeho.","Mfite ibimenyetso bya malariya, umuriro n'imbeho."
Ndashaka kukubwira ikibazo mfite. Mfite igikomere gikomeye kirimo kuva amaraso menshi kuva mu cyumweru gishize nta miti imfasha. Ni imiti ki nafata?,kinyarwanda,CRITICAL,haemorrhage_trauma,kinyarwanda->kinyarwanda:CRITICAL:haemorrhage_trauma,mfite igikomere gikomeye kirimo kuva amaraso menshi,mfite igikomere gikomeye kirimo kuva amaraso menshi
"Mumbabarire, ndashaka kubabwira ikibazo mfite. Umugabo wanjye afite igikomere cyanduye, kiratukura kandi kirimo amashyira kuva hashize iminsi itatu. Byatangiye gitunguranye.",kinyarwanda,URGENT,haemorrhage_trauma,kinyarwanda->kinyarwanda:URGENT:haemorrhage_trauma,"{REL} afite igikomere cyanduye, kiratukura kandi kirimo amashyira.","mfite igikomere cyanduye, kiratukura kandi kirimo amashyira"
"Muganga, naguye, ukuguru kuragoramye ariko sinumva ko kuvunitse kuva mu gitondo bikarushaho nijoro. Nkora iki?",kinyarwanda,URGENT,haemorrhage_trauma,kinyarwanda->kinyarwanda:URGENT:haemorrhage_trauma,"Naguye, ukuguru kuragoramye ariko sinumva ko kuvunitse.","Naguye, ukuguru kuragoramye ariko sinumva ko kuvunitse."
"Mfasha, mushiki wanjye aratwite kandi umutwe uramubabaza cyane, kandi ntashobora kureba neza kuva hashize iminsi ibiri kandi ndahangayitse. Nkora iki?",kinyarwanda,CRITICAL,obstetric,kinyarwanda->kinyarwanda:CRITICAL:obstetric,"{REL} aratwite kandi umutwe uramubabaza cyane, kandi ntashobora kureba neza.","Ndatwite, umutwe urandya cyane kandi sinshobora kureba neza."
"Nyabuneka, mfite gahunda yo gukingiza umwana kuva mu cyumweru gishize biragenda bikagaruka. Ntabasha kubona amafaranga yo kongera kuza kwa muganga.",kinyarwanda,ROUTINE,preventive,kinyarwanda->kinyarwanda:ROUTINE:preventive,Mfite gahunda yo gukingiza umwana.,Mfite gahunda yo gukingiza umwana.
"Mfasha vuba, guhumeka birangora cyane ku buryo ntabasha no kuvuga neza kuva hashize icyumweru bikarushaho nijoro. Naje mvuye kure.",kinyarwanda,CRITICAL,cardiac_respiratory,kinyarwanda->kinyarwanda:CRITICAL:cardiac_respiratory,Guhumeka birangora cyane ku buryo ntabasha no kuvuga neza.,Guhumeka birangora cyane ku buryo ntabasha no kuvuga neza.
"Ndakeneye ubufasha, iyo umwana wanjye amaze kurya, yumva inda itameze neza kuva ubu gitondo cya kare biragenda bikagaruka. Mfasha muganga.",kinyarwanda,ROUTINE,gastrointestinal,kinyarwanda->kinyarwanda:ROUTINE:gastrointestinal,"Iyo {REL} amaze kurya, yumva inda itameze neza.","Iyo {REL} amaze kurya, yumva inda itameze neza."
"Muraho, ndakomeza kuruka kandi sinshobora kurya kuva mu cyumweru gishize nta miti imfasha. Ntegereze cyangwa nsuzumwe ubu?",kinyarwanda,URGENT,gastrointestinal,kinyarwanda->kinyarwanda:URGENT:gastrointestinal,ndakomeza kuruka kandi sinshobora kurya,ndakomeza kuruka kandi sinshobora kurya
"Mfasha vuba, umugore wanjye ashaka inama ku biryo byo kugaburira umwana we kuva mu cyumweru gishize kandi nta miti mfite. Ni imiti ki nafata?",kinyarwanda,ROUTINE,preventive,kinyarwanda->kinyarwanda:ROUTINE:preventive,{REL} ashaka inama ku biryo byo kugaburira umwana we.,Ndashaka inama ku biryo byo kugaburira umwana wanjye.
Isukari yo mu maraso yanjye yazamutse cyane kuva ubu gitondo cya kare kandi nta miti mfite. Ese ibi birakomeye?,kinyarwanda,URGENT,chronic_care,kinyarwanda->kinyarwanda:URGENT:chronic_care,isukari yo mu maraso yanjye yazamutse cyane,isukari yo mu maraso yanjye yazamutse cyane
"Simbizi niba bikomeye ariko, umutwe urandya ariko ntabwo cyane kandi nta miti mfite. Murakoze.",kinyarwanda,ROUTINE,neurological,kinyarwanda->kinyarwanda:ROUTINE:neurological,umutwe urandya ariko ntabwo cyane,umutwe urandya ariko ntabwo cyane
"Mfasha vuba, umuturanyi wanjye afite umuriro kandi umutwe uramubabaza cyane kuva ijoro ryashize. Byatangiye gitunguranye. Nkora iki?",kinyarwanda,URGENT,infectious_fever,kinyarwanda->kinyarwanda:URGENT:infectious_fever,{REL} afite umuriro kandi umutwe uramubabaza cyane.,mfite umuriro kandi umutwe urandya cyane
"Ndakeneye ubufasha, maze umunsi wose mbabara ngerageza kubyara ariko umwana ntarasohoka kuva mu cyumweru gishize. Byatangiye gitunguranye. Ntabasha kubona amafaranga yo kongera kuza kwa muganga.",kinyarwanda,CRITICAL,obstetric,kinyarwanda->kinyarwanda:CRITICAL:obstetric,Maze umunsi wose mbabara ngerageza kubyara ariko umwana ntarasohoka.,Maze umunsi wose mbabara ngerageza kubyara ariko umwana ntarasohoka.
"Ndashaka kukubwira ikibazo mfite. Mama aratwite kandi umutwe uramubabaza cyane, kandi ntashobora kureba neza kuva hashize icyumweru. Naje mvuye kure.",kinyarwanda,CRITICAL,obstetric,kinyarwanda->kinyarwanda:CRITICAL:obstetric,"{REL} aratwite kandi umutwe uramubabaza cyane, kandi ntashobora kureba neza.","Ndatwite, umutwe urandya cyane kandi sinshobora kureba neza."
"Simbizi niba bikomeye ariko, mfite umuhaha kuva ejo nta miti imfasha. Naje mvuye kure.",kinyarwanda,URGENT,paediatric,kinyarwanda->kinyarwanda:URGENT:paediatric,Mfite umuhaha.,Mfite umuhaha.
"Mfasha, mushiki wanjye aratwite kandi yaragagaye kuva mu gitondo biragenda bikagaruka. Ni imiti ki nafata?",kinyarwanda,CRITICAL,obstetric,kinyarwanda->kinyarwanda:CRITICAL:obstetric,{REL} aratwite kandi yaragagaye.,Ndatwite kandi nagagaye.
"Mfasha vuba, mfite igikomere gito kandi amaraso yarahagaze kuva mu cyumweru gishize kandi nta miti mfite. Nkora iki?",kinyarwanda,ROUTINE,haemorrhage_trauma,kinyarwanda->kinyarwanda:ROUTINE:haemorrhage_trauma,Mfite igikomere gito kandi amaraso yarahagaze.,Mfite igikomere gito kandi amaraso yarahagaze.
"Ndashaka kukubwira ikibazo mfite. Umwana wanjye afite umuriro woroheje umaze umunsi umwe, ariko nta kindi kibazo afite kuva mu cyumweru gishize. Naje mvuye kure.",kinyarwanda,ROUTINE,infectious_fever,kinyarwanda->kinyarwanda:ROUTINE:infectious_fever,"{REL} afite umuriro woroheje umaze umunsi umwe, ariko nta kindi kibazo afite.","mfite umuriro woroheje umaze umunsi umwe, ariko nta kindi kibazo mfite"
"Muraho, umuturanyi wanjye araruka amaraso kuva ejo. Abandi bana na bo bafite iki kibazo. Ni imiti ki nafata?",kinyarwanda,CRITICAL,gastrointestinal,kinyarwanda->kinyarwanda:CRITICAL:gastrointestinal,{REL} araruka amaraso.,Ndaruka amaraso.
Papa araruka cyane kandi yumva afite intege nke kuva ijoro ryashize kandi ndahangayitse. Urakoze.,kinyarwanda,URGENT,gastrointestinal,kinyarwanda->kinyarwanda:URGENT:gastrointestinal,{REL} araruka cyane kandi yumva afite intege nke.,ndaruka cyane kandi numva mfite intege nke
"Nyabuneka, umwana wanjye akorora gake ariko nta muriro afite kuva mu cyumweru gishize biragenda bikagaruka. Ese ibi birakomeye?",kinyarwanda,ROUTINE,cardiac_respiratory,kinyarwanda->kinyarwanda:ROUTINE:cardiac_respiratory,{REL} akorora gake ariko nta muriro afite.,Nkorora gake ariko nta muriro mfite.
"Naje hano mbere, mu rugo hari umuntu urwaye igituntu kandi umuturanyi wanjye ashaka kwisuzumisha kuva ubu gitondo cya kare kandi sinshobora gusinzira. Ntabasha kubona amafaranga yo kongera kuza kwa muganga.",kinyarwanda,URGENT,preventive,kinyarwanda->kinyarwanda:URGENT:preventive,Mu rugo hari umuntu urwaye igituntu kandi {REL} ashaka kwisuzumisha.,Mu rugo hari umuntu urwaye igituntu kandi ndashaka kwisuzumisha.
"Ndashaka kukubwira ikibazo mfite. Umukecuru afite ibimenyetso bya malariya, umuriro n'imbeho kuva ijoro ryashize kandi ndahangayitse. Ntegereze cyangwa nsuzumwe ubu?",kinyarwanda,URGENT,infectious_fever,kinyarwanda->kinyarwanda:URGENT:infectious_fever,"{REL} afite ibimenyetso bya malariya, umuriro n'imbeho.","Mfite ibimenyetso bya malariya, umuriro n'imbeho."
"Mumbabarire, ndashaka kubabwira ikibazo mfite. Mfite igikomere cyanduye, kiratukura kandi kirimo amashyira kuva mu masaha abiri ashize. Mfasha muganga.",kinyarwanda,URGENT,haemorrhage_trauma,kinyarwanda->kinyarwanda:URGENT:haemorrhage_trauma,"mfite igikomere cyanduye, kiratukura kandi kirimo amashyira","mfite igikomere cyanduye, kiratukura kandi kirimo amashyira"
"Simbizi niba bikomeye ariko, umugore wanjye aratwite kandi ashaka kwisuzumisha kwa muganga bwa mbere biragenda bikagaruka. Mfasha muganga.",kinyarwanda,ROUTINE,preventive,kinyarwanda->kinyarwanda:ROUTINE:preventive,{REL} aratwite kandi ashaka kwisuzumisha kwa muganga bwa mbere.,Ndatwite kandi ndashaka kwisuzumisha kwa muganga bwa mbere.
"Nzanye umwana wanjye, ndaruka ibyo ndya byose kandi sinshobora no kunywa kuva mu gitondo",kinyarwanda,CRITICAL,gastrointestinal,kinyarwanda->kinyarwanda:CRITICAL:gastrointestinal,Ndaruka ibyo ndya byose kandi sinshobora no kunywa.,Ndaruka ibyo ndya byose kandi sinshobora no kunywa.
"Mfasha vuba, ndatwite kandi ndaruka ibyo ndya byose kuva mu gitondo kandi sinshobora gusinzira. Mfasha muganga.",kinyarwanda,URGENT,obstetric,kinyarwanda->kinyarwanda:URGENT:obstetric,Ndatwite kandi ndaruka ibyo ndya byose.,Ndatwite kandi ndaruka ibyo ndya byose.
"Ndashaka kukubwira ikibazo mfite. Umuturanyi wanjye afite ibimenyetso bya malariya, umuriro n'imbeho kuva ijoro ryashize kandi ndahangayitse. Ntabasha kubona amafaranga yo kongera kuza kwa muganga.",kinyarwanda,URGENT,infectious_fever,kinyarwanda->kinyarwanda:URGENT:infectious_fever,"{REL} afite ibimenyetso bya malariya, umuriro n'imbeho.","Mfite ibimenyetso bya malariya, umuriro n'imbeho."
"Ndakeneye ubufasha, papa ashaka guhabwa inzitiramubu kuva mu cyumweru gishize. Ndakeneye ubufasha vuba.",kinyarwanda,ROUTINE,preventive,kinyarwanda->kinyarwanda:ROUTINE:preventive,{REL} ashaka guhabwa inzitiramubu.,Ndashaka guhabwa inzitiramubu.
"Mfasha vuba, umwana wanjye afite ikibazo cyo kutabasha guhumeka neza, kandi uruhu rwe rwahindutse ubururu kuva hashize iminsi itatu. Abandi bana na bo bafite iki kibazo. Ndakeneye ubufasha vuba.",kinyarwanda,CRITICAL,paediatric,kinyarwanda->kinyarwanda:CRITICAL:paediatric,"{REL} afite ikibazo cyo kutabasha guhumeka neza, kandi uruhu rwe rwahindutse ubururu","{REL} afite ikibazo cyo kutabasha guhumeka neza, kandi uruhu rwe rwahindutse ubururu"
"Naje hano mbere, mfite igikomere gikomeye kirimo kuva amaraso menshi kuva mu gitondo kandi sinshobora gusinzira. Ntabasha kubona amafaranga yo kongera kuza kwa muganga.",kinyarwanda,CRITICAL,haemorrhage_trauma,kinyarwanda->kinyarwanda:CRITICAL:haemorrhage_trauma,mfite igikomere gikomeye kirimo kuva amaraso menshi,mfite igikomere gikomeye kirimo kuva amaraso menshi
"Muraho, mfite ibimenyetso bya malariya, umuriro n'imbeho kuva hashize icyumweru. Ese ibi birakomeye?",kinyarwanda,URGENT,infectious_fever,kinyarwanda->kinyarwanda:URGENT:infectious_fever,"Mfite ibimenyetso bya malariya, umuriro n'imbeho.","Mfite ibimenyetso bya malariya, umuriro n'imbeho."
"Mfasha, ndaruka ibyo ndya byose kandi sinshobora no kunywa kuva ejo kandi ndahangayitse. Ni imiti ki nafata?",kinyarwanda,CRITICAL,gastrointestinal,kinyarwanda->kinyarwanda:CRITICAL:gastrointestinal,Ndaruka ibyo ndya byose kandi sinshobora no kunywa.,Ndaruka ibyo ndya byose kandi sinshobora no kunywa.
"Simbizi niba bikomeye ariko, umuturanyi wanjye afite ubushye bunini ku mubiri kuva mu masaha abiri ashize biragenda bikagaruka. Mfasha muganga.",kinyarwanda,CRITICAL,haemorrhage_trauma,kinyarwanda->kinyarwanda:CRITICAL:haemorrhage_trauma,{REL} afite ubushye bunini ku mubiri.,Mfite ubushye bunini ku mubiri.
"Muraho, isukari yo mu maraso yanjye yazamutse cyane kuva ejo kandi birushaho kuba bibi. Ntegereze cyangwa nsuzumwe ubu?",kinyarwanda,URGENT,chronic_care,kinyarwanda->kinyarwanda:URGENT:chronic_care,isukari yo mu maraso yanjye yazamutse cyane,isukari yo mu maraso yanjye yazamutse cyane
"Mfasha, umutima uratera cyane kandi nkumva umeze nk'aho uhagarara kuva mu cyumweru gishize kandi sinshobora gusinzira. Ndakeneye ubufasha vuba.",kinyarwanda,CRITICAL,cardiac_respiratory,kinyarwanda->kinyarwanda:CRITICAL:cardiac_respiratory,umutima uratera cyane kandi nkumva umeze nk'aho uhagarara,umutima uratera cyane kandi nkumva umeze nk'aho uhagarara
"Simbizi niba bikomeye ariko, umugabo wanjye ashaka guhabwa inzitiramubu kuva mu gitondo. Byatangiye gitunguranye. Naje mvuye kure.",kinyarwanda,ROUTINE,preventive,kinyarwanda->kinyarwanda:ROUTINE:preventive,{REL} ashaka guhabwa inzitiramubu.,Ndashaka guhabwa inzitiramubu.
"Muganga, mama araruka amaraso kuva hashize iminsi ibiri bikarushaho nijoro. Ese ibi birakomeye?",kinyarwanda,CRITICAL,gastrointestinal,kinyarwanda->kinyarwanda:CRITICAL:gastrointestinal,{REL} araruka amaraso.,Ndaruka amaraso.
"Naje hano mbere, mfite ikibazo ku mutwe kandi kirimo guterwa n'urumuri kuva ejo biragenda bikagaruka",kinyarwanda,URGENT,neurological,kinyarwanda->kinyarwanda:URGENT:neurological,Mfite ikibazo ku mutwe kandi kirimo guterwa n'urumuri.,Mfite ikibazo ku mutwe kandi kirimo guterwa n'urumuri.
"Nzanye umwana wanjye, mfite gahunda yo gukingiza umwana nta miti imfasha",kinyarwanda,ROUTINE,preventive,kinyarwanda->kinyarwanda:ROUTINE:preventive,Mfite gahunda yo gukingiza umwana.,Mfite gahunda yo gukingiza umwana.
"Nzanye umwana wanjye, ndashaka guhabwa inzitiramubu kuva ubu gitondo cya kare. Abandi bana na bo bafite iki kibazo. Ndakeneye ubufasha vuba.",kinyarwanda,ROUTINE,preventive,kinyarwanda->kinyarwanda:ROUTINE:preventive,Ndashaka guhabwa inzitiramubu.,Ndashaka guhabwa inzitiramubu.
"Mfasha, umugore wanjye afite ubushye bunini ku mubiri kuva mu cyumweru gishize. Abandi bana na bo bafite iki kibazo. Ntabasha kubona amafaranga yo kongera kuza kwa muganga.",kinyarwanda,CRITICAL,haemorrhage_trauma,kinyarwanda->kinyarwanda:CRITICAL:haemorrhage_trauma,{REL} afite ubushye bunini ku mubiri.,Mfite ubushye bunini ku mubiri.
"Ndakeneye ubufasha, mfite igikomere gito kandi amaraso yarahagaze kuva ejo kandi nta miti mfite. Ni imiti ki nafata?",kinyarwanda,ROUTINE,haemorrhage_trauma,kinyarwanda->kinyarwanda:ROUTINE:haemorrhage_trauma,Mfite igikomere gito kandi amaraso yarahagaze.,Mfite igikomere gito kandi amaraso yarahagaze.
"Naje hano mbere, iyo umwana wanjye amaze kurya, yumva inda itameze neza kuva mu cyumweru gishize kandi nta miti mfite. Nkora iki?",kinyarwanda,ROUTINE,gastrointestinal,kinyarwanda->kinyarwanda:ROUTINE:gastrointestinal,"Iyo {REL} amaze kurya, yumva inda itameze neza.","Iyo {REL} amaze kurya, yumva inda itameze neza."
"Muraho, umukecuru ashaka ko bapima ibiro by'umwana we kuva mu gitondo. Ntabasha kubona amafaranga yo kongera kuza kwa muganga.",kinyarwanda,ROUTINE,paediatric,kinyarwanda->kinyarwanda:ROUTINE:paediatric,{REL} ashaka ko bapima ibiro by'umwana we.,Ndashaka ko bapima ibiro by'umwana wanjye.
"Nzanye umwana wanjye, ndashaka kujya kwa muganga kwisuzumisha diyabete kuva hashize icyumweru nta miti imfasha",kinyarwanda,ROUTINE,chronic_care,kinyarwanda->kinyarwanda:ROUTINE:chronic_care,Ndashaka kujya kwa muganga kwisuzumisha diyabete.,Ndashaka kujya kwa muganga kwisuzumisha SIDA.
"Mumbabarire, ndashaka kubabwira ikibazo mfite. Ndakorora cyane kandi guhumeka birangora kuva hashize iminsi itatu kandi nta miti mfite. Ese ibi birakomeye?",kinyarwanda,URGENT,cardiac_respiratory,kinyarwanda->kinyarwanda:URGENT:cardiac_respiratory,ndakorora cyane kandi guhumeka birangora,ndakorora cyane kandi guhumeka birangora
"Ndakeneye ubufasha, narumwe n'inzoka kuva ejo. Abandi bana na bo bafite iki kibazo. Murakoze.",kinyarwanda,URGENT,haemorrhage_trauma,kinyarwanda->kinyarwanda:URGENT:haemorrhage_trauma,Narumwe n'inzoka.,Narumwe n'inzoka.
Papa yaraguye none arababara cyane nta miti imfasha. Urakoze.,kinyarwanda,URGENT,haemorrhage_trauma,kinyarwanda->kinyarwanda:URGENT:haemorrhage_trauma,{REL} yaraguye none arababara cyane.,naraguye none ndababara cyane
"Simbizi niba bikomeye ariko, umwana wanjye araruka cyane kandi yumva afite intege nke kuva mu masaha abiri ashize. Ntabasha kubona amafaranga yo kongera kuza kwa muganga.",kinyarwanda,URGENT,gastrointestinal,kinyarwanda->kinyarwanda:URGENT:gastrointestinal,{REL} araruka cyane kandi yumva afite intege nke.,ndaruka cyane kandi numva mfite intege nke
"Ndashaka kukubwira ikibazo mfite. Mushiki wanjye aratwite kandi umutwe uramubabaza cyane, kandi ntashobora kureba neza kuva hashize icyumweru bikarushaho nijoro. Ndakeneye ubufasha vuba.",kinyarwanda,CRITICAL,obstetric,kinyarwanda->kinyarwanda:CRITICAL:obstetric,"{REL} aratwite kandi umutwe uramubabaza cyane, kandi ntashobora kureba neza.","Ndatwite, umutwe urandya cyane kandi sinshobora kureba neza."
"Mfasha, umuturanyi wanjye afite umuriro kandi umutwe uramubabaza cyane kuva mu gitondo. Naje mvuye kure.",kinyarwanda,URGENT,infectious_fever,kinyarwanda->kinyarwanda:URGENT:infectious_fever,{REL} afite umuriro kandi umutwe uramubabaza cyane.,mfite umuriro kandi umutwe urandya cyane
"Ndakeneye ubufasha, umuturanyi wanjye isukari yo mu maraso ye yazamutse cyane kuva ejo. Abandi bana na bo bafite iki kibazo. Urakoze.",kinyarwanda,URGENT,chronic_care,kinyarwanda->kinyarwanda:URGENT:chronic_care,{REL} isukari yo mu maraso ye yazamutse cyane.,isukari yo mu maraso yanjye yazamutse cyane
"Simbizi niba bikomeye ariko, umugore wanjye afite ububabare bukabije mu nda kuva hashize iminsi ibiri biragenda bikagaruka. Ntabasha kubona amafaranga yo kongera kuza kwa muganga.",kinyarwanda,URGENT,gastrointestinal,kinyarwanda->kinyarwanda:URGENT:gastrointestinal,{REL} afite ububabare bukabije mu nda.,Mfite ububabare bukabije mu nda.
Mu rugo hari umuntu urwaye igituntu kandi mama ashaka kwisuzumisha kuva mu masaha abiri ashize nta miti imfasha. Ndakeneye ubufasha vuba.,kinyarwanda,URGENT,preventive,kinyarwanda->kinyarwanda:URGENT:preventive,Mu rugo hari umuntu urwaye igituntu kandi {REL} ashaka kwisuzumisha.,Mu rugo hari umuntu urwaye igituntu kandi ndashaka kwisuzumisha.
Umwana wanjye akorora gake ariko nta muriro afite kuva ijoro ryashize bikarushaho nijoro. Ntabasha kubona amafaranga yo kongera kuza kwa muganga.,kinyarwanda,ROUTINE,cardiac_respiratory,kinyarwanda->kinyarwanda:ROUTINE:cardiac_respiratory,{REL} akorora gake ariko nta muriro afite.,Nkorora gake ariko nta muriro mfite.
"Mfasha, papa afite ububabare bukabije mu nda kuva ijoro ryashize kandi nta miti mfite. Naje mvuye kure.",kinyarwanda,URGENT,gastrointestinal,kinyarwanda->kinyarwanda:URGENT:gastrointestinal,{REL} afite ububabare bukabije mu nda.,Mfite ububabare bukabije mu nda.
"Nzanye umwana wanjye, mfite ibimenyetso bya malariya, umuriro n'imbeho kuva hashize iminsi itatu kandi nta miti mfite. Nkora iki?",kinyarwanda,URGENT,infectious_fever,kinyarwanda->kinyarwanda:URGENT:infectious_fever,"Mfite ibimenyetso bya malariya, umuriro n'imbeho.","Mfite ibimenyetso bya malariya, umuriro n'imbeho."
"Ndakeneye ubufasha, ndava amaraso menshi nyuma yo kubyara kuva mu cyumweru gishize kandi sinshobora gusinzira. Ese ibi birakomeye?",kinyarwanda,CRITICAL,obstetric,kinyarwanda->kinyarwanda:CRITICAL:obstetric,ndava amaraso menshi nyuma yo kubyara,ndava amaraso menshi nyuma yo kubyara
"Naje hano mbere, umukecuru afite igikomere cyanduye, kiratukura kandi kirimo amashyira kuva mu cyumweru gishize. Byatangiye gitunguranye. Nkora iki?",kinyarwanda,URGENT,haemorrhage_trauma,kinyarwanda->kinyarwanda:URGENT:haemorrhage_trauma,"{REL} afite igikomere cyanduye, kiratukura kandi kirimo amashyira.","mfite igikomere cyanduye, kiratukura kandi kirimo amashyira"
"Mfasha, ndashaka ko bapima umuvuduko w'amaraso kuva ubu gitondo cya kare bikarushaho nijoro. Murakoze.",kinyarwanda,ROUTINE,preventive,kinyarwanda->kinyarwanda:ROUTINE:preventive,Ndashaka ko bapima umuvuduko w'amaraso.,Ndashaka ko bapima umuvuduko w'amaraso.
Umugore wanjye iminwa ye yahindutse ubururu kuva mu masaha abiri ashize biragenda bikagaruka. Nkora iki?,kinyarwanda,CRITICAL,cardiac_respiratory,kinyarwanda->kinyarwanda:CRITICAL:cardiac_respiratory,{REL} iminwa ye yahindutse ubururu.,Iminwa yanjye yahindutse ubururu.
Maze umunsi wose mbabara ngerageza kubyara ariko umwana ntarasohoka kuva ijoro ryashize kandi nta miti mfite. Naje mvuye kure.,kinyarwanda,CRITICAL,obstetric,kinyarwanda->kinyarwanda:CRITICAL:obstetric,Maze umunsi wose mbabara ngerageza kubyara ariko umwana ntarasohoka.,Maze umunsi wose mbabara ngerageza kubyara ariko umwana ntarasohoka.
Mfite gahunda yo gukingiza umwana kuva ejo. Byatangiye gitunguranye. Ntabasha kubona amafaranga yo kongera kuza kwa muganga.,kinyarwanda,ROUTINE,preventive,kinyarwanda->kinyarwanda:ROUTINE:preventive,Mfite gahunda yo gukingiza umwana.,Mfite gahunda yo gukingiza umwana.
"Mumbabarire, ndashaka kubabwira ikibazo mfite. Umwana wanjye afite umuriro mwinshi kandi arakorora cyane. Nkora iki?",kinyarwanda,URGENT,infectious_fever,kinyarwanda->kinyarwanda:URGENT:infectious_fever,{REL} afite umuriro mwinshi kandi arakorora cyane.,mfite umuriro mwinshi kandi ndakorora cyane
"Mfasha vuba, mfite umwanda usa umukara kuva ubu gitondo cya kare kandi sinshobora gusinzira. Ndakeneye ubufasha vuba.",kinyarwanda,CRITICAL,gastrointestinal,kinyarwanda->kinyarwanda:CRITICAL:gastrointestinal,Mfite umwanda usa umukara.,Mfite umwanda usa umukara.
"Ndakeneye ubufasha, umuturanyi wanjye ari kubyara ariko umugozi w'umwana wabanje gusohoka kuva ubu gitondo cya kare nta miti imfasha. Nkora iki?",kinyarwanda,CRITICAL,obstetric,kinyarwanda->kinyarwanda:CRITICAL:obstetric,{REL} ari kubyara ariko umugozi w'umwana wabanje gusohoka.,Ndabyara ariko habanje gusohoka umugozi w'umwana.
"Mfasha vuba, guhumeka birangora cyane ku buryo ntabasha no kuvuga neza kuva ubu gitondo cya kare. Ese ibi birakomeye?",kinyarwanda,CRITICAL,cardiac_respiratory,kinyarwanda->kinyarwanda:CRITICAL:cardiac_respiratory,Guhumeka birangora cyane ku buryo ntabasha no kuvuga neza.,Guhumeka birangora cyane ku buryo ntabasha no kuvuga neza.
"Mumbabarire, ndashaka kubabwira ikibazo mfite. Umwana wanjye akorora gake ariko nta muriro afite kuva mu cyumweru gishize kandi sinshobora gusinzira. Naje mvuye kure.",kinyarwanda,ROUTINE,cardiac_respiratory,kinyarwanda->kinyarwanda:ROUTINE:cardiac_respiratory,{REL} akorora gake ariko nta muriro afite.,Nkorora gake ariko nta muriro mfite.
"Simbizi niba bikomeye ariko, naguye, ukuguru kuragoramye ariko sinumva ko kuvunitse kuva hashize iminsi itatu. Byatangiye gitunguranye. Ese ibi birakomeye?",kinyarwanda,URGENT,haemorrhage_trauma,kinyarwanda->kinyarwanda:URGENT:haemorrhage_trauma,"Naguye, ukuguru kuragoramye ariko sinumva ko kuvunitse.","Naguye, ukuguru kuragoramye ariko sinumva ko kuvunitse."
"Simbizi niba bikomeye ariko, mfite umuriro woroheje umaze umunsi umwe, ariko nta kindi kibazo mfite kuva mu masaha abiri ashize. Abandi bana na bo bafite iki kibazo. Nkora iki?",kinyarwanda,ROUTINE,infectious_fever,kinyarwanda->kinyarwanda:ROUTINE:infectious_fever,"mfite umuriro woroheje umaze umunsi umwe, ariko nta kindi kibazo mfite","mfite umuriro woroheje umaze umunsi umwe, ariko nta kindi kibazo mfite"
"Nzanye umwana wanjye, maze umunsi wose mbabara ngerageza kubyara ariko umwana ntarasohoka kandi nta miti mfite. Ndakeneye ubufasha vuba.",kinyarwanda,CRITICAL,obstetric,kinyarwanda->kinyarwanda:CRITICAL:obstetric,Maze umunsi wose mbabara ngerageza kubyara ariko umwana ntarasohoka.,Maze umunsi wose mbabara ngerageza kubyara ariko umwana ntarasohoka.
"Nzanye umwana wanjye, mama ashaka ko bapima ibiro by'umwana we kuva hashize iminsi itatu nta miti imfasha. Mfasha muganga.",kinyarwanda,ROUTINE,paediatric,kinyarwanda->kinyarwanda:ROUTINE:paediatric,{REL} ashaka ko bapima ibiro by'umwana we.,Ndashaka ko bapima ibiro by'umwana wanjye.
"Naguye, ukuguru kuragoramye ariko sinumva ko kuvunitse kuva ubu gitondo cya kare kandi nta miti mfite",kinyarwanda,URGENT,haemorrhage_trauma,kinyarwanda->kinyarwanda:URGENT:haemorrhage_trauma,"Naguye, ukuguru kuragoramye ariko sinumva ko kuvunitse.","Naguye, ukuguru kuragoramye ariko sinumva ko kuvunitse."
"Simbizi niba bikomeye ariko, umuturanyi wanjye ashaka ko bapima ibiro by'umwana we kuva mu gitondo nta miti imfasha. Ese ibi birakomeye?",kinyarwanda,ROUTINE,paediatric,kinyarwanda->kinyarwanda:ROUTINE:paediatric,{REL} ashaka ko bapima ibiro by'umwana we.,Ndashaka ko bapima ibiro by'umwana wanjye.
Ndashaka kukubwira ikibazo mfite. Ndashaka kugirwa inama uko nakonsa umwana kuva hashize iminsi itatu. Abandi bana na bo bafite iki kibazo. Ni imiti ki nafata?,kinyarwanda,ROUTINE,obstetric,kinyarwanda->kinyarwanda:ROUTINE:obstetric,Ndashaka kugirwa inama uko nakonsa umwana.,Ndashaka kugirwa inama uko nakonsa umwana.
"Mfasha, mfite igikomere gikomeye kirimo kuva amaraso menshi kuva hashize iminsi ibiri bikarushaho nijoro. Naje mvuye kure.",kinyarwanda,CRITICAL,haemorrhage_trauma,kinyarwanda->kinyarwanda:CRITICAL:haemorrhage_trauma,mfite igikomere gikomeye kirimo kuva amaraso menshi,mfite igikomere gikomeye kirimo kuva amaraso menshi
"Muraho, ndashaka imiti y'inzoka y'umwana wanjye kuva hashize iminsi ibiri bikarushaho nijoro. Ntabasha kubona amafaranga yo kongera kuza kwa muganga.",kinyarwanda,ROUTINE,preventive,kinyarwanda->kinyarwanda:ROUTINE:preventive,Ndashaka imiti y'inzoka y'umwana wanjye.,Ndashaka imiti y'inzoka y'umwana wanjye.
"Ndakeneye ubufasha, papa afite ububabare bukabije mu nda kuva mu masaha abiri ashize kandi birushaho kuba bibi. Murakoze.",kinyarwanda,URGENT,gastrointestinal,kinyarwanda->kinyarwanda:URGENT:gastrointestinal,{REL} afite ububabare bukabije mu nda.,Mfite ububabare bukabije mu nda.
"Nyabuneka, umugore wanjye aratwite kandi umutwe uramubabaza cyane, kandi ntashobora kureba neza kuva hashize iminsi itatu. Abandi bana na bo bafite iki kibazo. Ntabasha kubona amafaranga yo kongera kuza kwa muganga.",kinyarwanda,CRITICAL,obstetric,kinyarwanda->kinyarwanda:CRITICAL:obstetric,"{REL} aratwite kandi umutwe uramubabaza cyane, kandi ntashobora kureba neza.","Ndatwite, umutwe urandya cyane kandi sinshobora kureba neza."
"Naje hano mbere, mushiki wanjye afite umuriro mwinshi kandi arakorora cyane kuva ubu gitondo cya kare. Ntabasha kubona amafaranga yo kongera kuza kwa muganga.",kinyarwanda,URGENT,infectious_fever,kinyarwanda->kinyarwanda:URGENT:infectious_fever,{REL} afite umuriro mwinshi kandi arakorora cyane.,mfite umuriro mwinshi kandi ndakorora cyane
"Muraho, umugore wanjye yaraguye none arababara cyane kuva ubu gitondo cya kare kandi birushaho kuba bibi. Ntabasha kubona amafaranga yo kongera kuza kwa muganga.",kinyarwanda,URGENT,haemorrhage_trauma,kinyarwanda->kinyarwanda:URGENT:haemorrhage_trauma,{REL} yaraguye none arababara cyane.,naraguye none ndababara cyane
"Mfasha vuba, umwana wanjye afite ikibazo cyo kutabasha guhumeka neza, kandi uruhu rwe rwahindutse ubururu kuva hashize iminsi itatu. Abandi bana na bo bafite iki kibazo. Ni imiti ki nafata?",kinyarwanda,CRITICAL,paediatric,kinyarwanda->kinyarwanda:CRITICAL:paediatric,"{REL} afite ikibazo cyo kutabasha guhumeka neza, kandi uruhu rwe rwahindutse ubururu","{REL} afite ikibazo cyo kutabasha guhumeka neza, kandi uruhu rwe rwahindutse ubururu"
"Mfasha vuba, ndashaka guhabwa inzitiramubu kuva ubu gitondo cya kare bikarushaho nijoro. Nkora iki?",kinyarwanda,ROUTINE,preventive,kinyarwanda->kinyarwanda:ROUTINE:preventive,Ndashaka guhabwa inzitiramubu.,Ndashaka guhabwa inzitiramubu.
"Simbizi niba bikomeye ariko, mushiki wanjye ashaka ko bapima SIDA kuva hashize iminsi itatu. Abandi bana na bo bafite iki kibazo.",kinyarwanda,ROUTINE,preventive,kinyarwanda->kinyarwanda:ROUTINE:preventive,{REL} ashaka ko bapima SIDA.,Ndashaka ko bapima SIDA.
"Mfasha, maze umunsi wose mbabara ngerageza kubyara ariko umwana ntarasohoka kuva hashize iminsi itatu kandi ndahangayitse. Ndakeneye ubufasha vuba.",kinyarwanda,CRITICAL,obstetric,kinyarwanda->kinyarwanda:CRITICAL:obstetric,Maze umunsi wose mbabara ngerageza kubyara ariko umwana ntarasohoka.,Maze umunsi wose mbabara ngerageza kubyara ariko umwana ntarasohoka.
"Simbizi niba bikomeye ariko, mama ashaka kugirwa inama ku mazi yo kunywa kuva ijoro ryashize kandi birushaho kuba bibi",kinyarwanda,ROUTINE,preventive,kinyarwanda->kinyarwanda:ROUTINE:preventive,{REL} ashaka kugirwa inama ku mazi yo kunywa.,Ndashaka kugirwa inama ku mazi yo kunywa.
"Nyabuneka, mama amaze umunsi wose ari mu bubabare bwo kubyara ariko umwana ntarasohoka kuva mu cyumweru gishize kandi nta miti mfite. Nkora iki?",kinyarwanda,CRITICAL,obstetric,kinyarwanda->kinyarwanda:CRITICAL:obstetric,{REL} amaze umunsi wose ari mu bubabare bwo kubyara ariko umwana ntarasohoka.,Maze umunsi wose mbabara ngerageza kubyara ariko umwana ntarasohoka.
"Muganga, maze ibyumweru birenga bibiri ndwaye impiswi kuva mu cyumweru gishize kandi birushaho kuba bibi. Ni imiti ki nafata?",kinyarwanda,URGENT,gastrointestinal,kinyarwanda->kinyarwanda:URGENT:gastrointestinal,Maze ibyumweru birenga bibiri ndwaye impiswi.,Maze ibyumweru birenga bibiri ndwaye impiswi.
"Nyabuneka, mfite umuriro kandi numva mfite imbeho, nkeka ko ari malariya kuva hashize iminsi ibiri bikarushaho nijoro. Urakoze.",kinyarwanda,URGENT,infectious_fever,kinyarwanda->kinyarwanda:URGENT:infectious_fever,"mfite umuriro kandi numva mfite imbeho, nkeka ko ari malariya","mfite umuriro kandi numva mfite imbeho, nkeka ko ari malariya"
"Naje hano mbere, naguye, ukuguru kuragoramye ariko sinumva ko kuvunitse kuva mu masaha abiri ashize kandi birushaho kuba bibi. Murakoze.",kinyarwanda,URGENT,haemorrhage_trauma,kinyarwanda->kinyarwanda:URGENT:haemorrhage_trauma,"Naguye, ukuguru kuragoramye ariko sinumva ko kuvunitse.","Naguye, ukuguru kuragoramye ariko sinumva ko kuvunitse."
"Mumbabarire, ndashaka kubabwira ikibazo mfite. Ndashaka ko bapima umuvuduko w'amaraso kuva ubu gitondo cya kare kandi nta miti mfite. Ndakeneye ubufasha vuba.",kinyarwanda,ROUTINE,preventive,kinyarwanda->kinyarwanda:ROUTINE:preventive,Ndashaka ko bapima umuvuduko w'amaraso.,Ndashaka ko bapima umuvuduko w'amaraso.
"Ndakeneye ubufasha, papa afite ububabare bukabije mu nda kuva ijoro ryashize kandi nta miti mfite. Nkora iki?",kinyarwanda,URGENT,gastrointestinal,kinyarwanda->kinyarwanda:URGENT:gastrointestinal,{REL} afite ububabare bukabije mu nda.,Mfite ububabare bukabije mu nda.
"Simbizi niba bikomeye ariko, mfite impiswi zirimo amaraso kuva hashize icyumweru. Naje mvuye kure.",kinyarwanda,URGENT,gastrointestinal,kinyarwanda->kinyarwanda:URGENT:gastrointestinal,Mfite impiswi zirimo amaraso.,Mfite impiswi zirimo amaraso.
"Nzanye umwana wanjye, ndava amaraso menshi nyuma yo kubyara kuva hashize iminsi itatu. Byatangiye gitunguranye. Naje mvuye kure.",kinyarwanda,CRITICAL,obstetric,kinyarwanda->kinyarwanda:CRITICAL:obstetric,ndava amaraso menshi nyuma yo kubyara,ndava amaraso menshi nyuma yo kubyara
"Muganga, ndatwite kandi ndaruka ibyo ndya byose kuva ejo nta miti imfasha. Ntegereze cyangwa nsuzumwe ubu?",kinyarwanda,URGENT,obstetric,kinyarwanda->kinyarwanda:URGENT:obstetric,Ndatwite kandi ndaruka ibyo ndya byose.,Ndatwite kandi ndaruka ibyo ndya byose.
"Muganga, mfite impiswi zirimo amaraso kuva hashize iminsi itatu kandi sinshobora gusinzira. Ntabasha kubona amafaranga yo kongera kuza kwa muganga.",kinyarwanda,URGENT,gastrointestinal,kinyarwanda->kinyarwanda:URGENT:gastrointestinal,Mfite impiswi zirimo amaraso.,Mfite impiswi zirimo amaraso.
"Muganga, mama afite ububabare bukabije mu nda kuva mu gitondo kandi nta miti mfite",kinyarwanda,URGENT,gastrointestinal,kinyarwanda->kinyarwanda:URGENT:gastrointestinal,{REL} afite ububabare bukabije mu nda.,Mfite ububabare bukabije mu nda.
"Ndakeneye ubufasha, umugore wanjye arakomeza kuruka kandi ntashobora kurya kuva ejo. Abandi bana na bo bafite iki kibazo. Ntegereze cyangwa nsuzumwe ubu?",kinyarwanda,URGENT,gastrointestinal,kinyarwanda->kinyarwanda:URGENT:gastrointestinal,{REL} arakomeza kuruka kandi ntashobora kurya.,ndakomeza kuruka kandi sinshobora kurya
"Simbizi niba bikomeye ariko, umwana wanjye ashaka guhabwa inzitiramubu kuva hashize iminsi itatu biragenda bikagaruka. Ni imiti ki nafata?",kinyarwanda,ROUTINE,preventive,kinyarwanda->kinyarwanda:ROUTINE:preventive,{REL} ashaka guhabwa inzitiramubu.,Ndashaka guhabwa inzitiramubu.
"Mfasha vuba, mushiki wanjye ntashobora kuvuga neza kandi umunwa we waragoramye kuva hashize icyumweru kandi birushaho kuba bibi. Ni imiti ki nafata?",kinyarwanda,CRITICAL,neurological,kinyarwanda->kinyarwanda:CRITICAL:neurological,{REL} ntashobora kuvuga neza kandi umunwa we waragoramye.,{REL} ntashobora kuvuga neza kandi umunwa we waragoramye.
"Simbizi niba bikomeye ariko, ndatwite kandi ndaruka ibyo ndya byose kuva ubu gitondo cya kare. Abandi bana na bo bafite iki kibazo. Murakoze.",kinyarwanda,URGENT,obstetric,kinyarwanda->kinyarwanda:URGENT:obstetric,Ndatwite kandi ndaruka ibyo ndya byose.,Ndatwite kandi ndaruka ibyo ndya byose.
"Mumbabarire, ndashaka kubabwira ikibazo mfite. Guhumeka birangora cyane ku buryo ntabasha no kuvuga neza kuva hashize icyumweru kandi birushaho kuba bibi. Ese ibi birakomeye?",kinyarwanda,CRITICAL,cardiac_respiratory,kinyarwanda->kinyarwanda:CRITICAL:cardiac_respiratory,Guhumeka birangora cyane ku buryo ntabasha no kuvuga neza.,Guhumeka birangora cyane ku buryo ntabasha no kuvuga neza.
"Muganga, ndashaka kongererwa imiti y'umuvuduko w'amaraso kuva hashize iminsi ibiri. Ntegereze cyangwa nsuzumwe ubu?",kinyarwanda,ROUTINE,chronic_care,kinyarwanda->kinyarwanda:ROUTINE:chronic_care,Ndashaka kongererwa imiti y'umuvuduko w'amaraso.,Ndashaka kongererwa imiti y'umuvuduko w'amaraso.
"Muraho, uruhande rumwe rw'umubiri we ntirukora kuva hashize iminsi ibiri biragenda bikagaruka. Ndakeneye ubufasha vuba.",kinyarwanda,CRITICAL,neurological,kinyarwanda->kinyarwanda:CRITICAL:neurological,Uruhande rumwe rw'umubiri we ntirukora.,Uruhande rumwe rw'umubiri we ntirukora.
Ndashaka kukubwira ikibazo mfite. Ndaruka ibyo ndya byose kandi sinshobora no kunywa kuva ubu gitondo cya kare. Byatangiye gitunguranye. Mfasha muganga.,kinyarwanda,CRITICAL,gastrointestinal,kinyarwanda->kinyarwanda:CRITICAL:gastrointestinal,Ndaruka ibyo ndya byose kandi sinshobora no kunywa.,Ndaruka ibyo ndya byose kandi sinshobora no kunywa.
"Muganga, guhumeka birangora cyane ku buryo ntabasha no kuvuga neza kuva ubu gitondo cya kare bikarushaho nijoro",kinyarwanda,CRITICAL,cardiac_respiratory,kinyarwanda->kinyarwanda:CRITICAL:cardiac_respiratory,Guhumeka birangora cyane ku buryo ntabasha no kuvuga neza.,Guhumeka birangora cyane ku buryo ntabasha no kuvuga neza.
"Muganga, ndatwite kandi ndashaka kujya kwa muganga kwisuzumisha kuva ejo kandi birushaho kuba bibi. Naje mvuye kure.",kinyarwanda,ROUTINE,obstetric,kinyarwanda->kinyarwanda:ROUTINE:obstetric,Ndatwite kandi ndashaka kujya kwa muganga kwisuzumisha.,Ndatwite kandi ndashaka kujya kwa muganga kwisuzumisha.
"Nyabuneka, umugabo wanjye afite igikomere cyanduye, kiratukura kandi kirimo amashyira kuva ijoro ryashize biragenda bikagaruka",kinyarwanda,URGENT,haemorrhage_trauma,kinyarwanda->kinyarwanda:URGENT:haemorrhage_trauma,"{REL} afite igikomere cyanduye, kiratukura kandi kirimo amashyira.","mfite igikomere cyanduye, kiratukura kandi kirimo amashyira"
"Simbizi niba bikomeye ariko, umugore wanjye amaze umunsi wose ari mu bubabare bwo kubyara ariko umwana ntarasohoka kuva ubu gitondo cya kare biragenda bikagaruka. Nkora iki?",kinyarwanda,CRITICAL,obstetric,kinyarwanda->kinyarwanda:CRITICAL:obstetric,{REL} amaze umunsi wose ari mu bubabare bwo kubyara ariko umwana ntarasohoka.,Maze umunsi wose mbabara ngerageza kubyara ariko umwana ntarasohoka.
"Muganga, maze umunsi wose mbabara ngerageza kubyara ariko umwana ntarasohoka kuva ejo biragenda bikagaruka. Ni imiti ki nafata?",kinyarwanda,CRITICAL,obstetric,kinyarwanda->kinyarwanda:CRITICAL:obstetric,Maze umunsi wose mbabara ngerageza kubyara ariko umwana ntarasohoka.,Maze umunsi wose mbabara ngerageza kubyara ariko umwana ntarasohoka.
"Muraho, umwana wanjye afite umuhaha kuva hashize icyumweru kandi sinshobora gusinzira. Naje mvuye kure.",kinyarwanda,URGENT,paediatric,kinyarwanda->kinyarwanda:URGENT:paediatric,{REL} afite umuhaha.,Mfite umuhaha.
"Simbizi niba bikomeye ariko, umugabo wanjye yaraguye none arababara cyane kuva mu cyumweru gishize kandi nta miti mfite. Ese ibi birakomeye?",kinyarwanda,URGENT,haemorrhage_trauma,kinyarwanda->kinyarwanda:URGENT:haemorrhage_trauma,{REL} yaraguye none arababara cyane.,naraguye none ndababara cyane
"Muraho, ndashaka inama ku biryo byo kugaburira umwana wanjye kuva hashize iminsi ibiri bikarushaho nijoro. Mfasha muganga.",kinyarwanda,ROUTINE,preventive,kinyarwanda->kinyarwanda:ROUTINE:preventive,Ndashaka inama ku biryo byo kugaburira umwana wanjye.,Ndashaka inama ku biryo byo kugaburira umwana wanjye.
"Mfasha vuba, ndashaka ko bapima ibiro by'umwana wanjye kuva mu masaha abiri ashize kandi nta miti mfite. Ntabasha kubona amafaranga yo kongera kuza kwa muganga.",kinyarwanda,ROUTINE,paediatric,kinyarwanda->kinyarwanda:ROUTINE:paediatric,Ndashaka ko bapima ibiro by'umwana wanjye.,Ndashaka ko bapima ibiro by'umwana wanjye.
"Naje hano mbere, maze umunsi wose mbabara ngerageza kubyara ariko umwana ntarasohoka kuva mu cyumweru gishize nta miti imfasha. Naje mvuye kure.",kinyarwanda,CRITICAL,obstetric,kinyarwanda->kinyarwanda:CRITICAL:obstetric,Maze umunsi wose mbabara ngerageza kubyara ariko umwana ntarasohoka.,Maze umunsi wose mbabara ngerageza kubyara ariko umwana ntarasohoka.
"Ndakeneye ubufasha, maze umunsi wose mbabara ngerageza kubyara ariko umwana ntarasohoka kuva ijoro ryashize. Abandi bana na bo bafite iki kibazo. Naje mvuye kure.",kinyarwanda,CRITICAL,obstetric,kinyarwanda->kinyarwanda:CRITICAL:obstetric,Maze umunsi wose mbabara ngerageza kubyara ariko umwana ntarasohoka.,Maze umunsi wose mbabara ngerageza kubyara ariko umwana ntarasohoka.
"Mfasha, umukecuru afite gahunda yo gukingiza umwana kuva hashize icyumweru kandi nta miti mfite. Mfasha muganga.",kinyarwanda,ROUTINE,preventive,kinyarwanda->kinyarwanda:ROUTINE:preventive,{REL} afite gahunda yo gukingiza umwana.,Mfite gahunda yo gukingiza umwana.
"Mfasha, umuturanyi wanjye aratwite kandi umutwe uramubabaza cyane, kandi ntashobora kureba neza kuva hashize icyumweru kandi birushaho kuba bibi. Ese ibi birakomeye?",kinyarwanda,CRITICAL,obstetric,kinyarwanda->kinyarwanda:CRITICAL:obstetric,"{REL} aratwite kandi umutwe uramubabaza cyane, kandi ntashobora kureba neza.","Ndatwite, umutwe urandya cyane kandi sinshobora kureba neza."
"Muganga, umugabo wanjye afite ibimenyetso bya malariya, umuriro n'imbeho kandi ndahangayitse. Ese ibi birakomeye?",kinyarwanda,URGENT,infectious_fever,kinyarwanda->kinyarwanda:URGENT:infectious_fever,"{REL} afite ibimenyetso bya malariya, umuriro n'imbeho.","Mfite ibimenyetso bya malariya, umuriro n'imbeho."
"Naje hano mbere, ndava amaraso menshi nyuma yo kubyara kuva ubu gitondo cya kare bikarushaho nijoro",kinyarwanda,CRITICAL,obstetric,kinyarwanda->kinyarwanda:CRITICAL:obstetric,ndava amaraso menshi nyuma yo kubyara,ndava amaraso menshi nyuma yo kubyara
"Muraho, nkorora gake ariko nta muriro mfite bikarushaho nijoro. Nkora iki?",kinyarwanda,ROUTINE,cardiac_respiratory,kinyarwanda->kinyarwanda:ROUTINE:cardiac_respiratory,Nkorora gake ariko nta muriro mfite.,Nkorora gake ariko nta muriro mfite.
"Muganga, umuturanyi wanjye iminwa ye yahindutse ubururu kuva ejo. Abandi bana na bo bafite iki kibazo. Ntabasha kubona amafaranga yo kongera kuza kwa muganga.",kinyarwanda,CRITICAL,cardiac_respiratory,kinyarwanda->kinyarwanda:CRITICAL:cardiac_respiratory,{REL} iminwa ye yahindutse ubururu.,Iminwa yanjye yahindutse ubururu.
"Nzanye umwana wanjye, mushiki wanjye aratwite kandi ashaka kwisuzumisha kwa muganga bwa mbere kuva mu masaha abiri ashize nta miti imfasha. Urakoze.",kinyarwanda,ROUTINE,preventive,kinyarwanda->kinyarwanda:ROUTINE:preventive,{REL} aratwite kandi ashaka kwisuzumisha kwa muganga bwa mbere.,Ndatwite kandi ndashaka kwisuzumisha kwa muganga bwa mbere.
"Mfasha vuba, mu gituza harandya cyane kandi ububabare bukagera no ku kuboko kuva hashize icyumweru kandi birushaho kuba bibi. Ndakeneye ubufasha vuba.",kinyarwanda,CRITICAL,cardiac_respiratory,kinyarwanda->kinyarwanda:CRITICAL:cardiac_respiratory,mu gituza harandya cyane kandi ububabare bukagera no ku kuboko,mu gituza harandya cyane kandi ububabare bukagera no ku kuboko
"Simbizi niba bikomeye ariko, ndashaka kujya kwa muganga kwisuzumisha diyabete kuva hashize iminsi ibiri kandi nta miti mfite. Mfasha muganga.",kinyarwanda,ROUTINE,chronic_care,kinyarwanda->kinyarwanda:ROUTINE:chronic_care,Ndashaka kujya kwa muganga kwisuzumisha diyabete.,Ndashaka kujya kwa muganga kwisuzumisha SIDA.
"Nzanye umwana wanjye, mushiki wanjye amaze umunsi wose ari mu bubabare bwo kubyara ariko umwana ntarasohoka kuva ubu gitondo cya kare kandi nta miti mfite",kinyarwanda,CRITICAL,obstetric,kinyarwanda->kinyarwanda:CRITICAL:obstetric,{REL} amaze umunsi wose ari mu bubabare bwo kubyara ariko umwana ntarasohoka.,Maze umunsi wose mbabara ngerageza kubyara ariko umwana ntarasohoka.
"Simbizi niba bikomeye ariko, umutwe urandya ariko ntabwo cyane kuva ijoro ryashize bikarushaho nijoro. Nkora iki?",kinyarwanda,ROUTINE,neurological,kinyarwanda->kinyarwanda:ROUTINE:neurological,umutwe urandya ariko ntabwo cyane,umutwe urandya ariko ntabwo cyane
"Naje hano mbere, umuturanyi wanjye araruka cyane kandi yumva afite intege nke kuva ijoro ryashize kandi sinshobora gusinzira. Ese ibi birakomeye?",kinyarwanda,URGENT,gastrointestinal,kinyarwanda->kinyarwanda:URGENT:gastrointestinal,{REL} araruka cyane kandi yumva afite intege nke.,ndaruka cyane kandi numva mfite intege nke
"Mumbabarire, ndashaka kubabwira ikibazo mfite. Ndakorora cyane kandi guhumeka birangora kuva ubu gitondo cya kare biragenda bikagaruka",kinyarwanda,URGENT,cardiac_respiratory,kinyarwanda->kinyarwanda:URGENT:cardiac_respiratory,ndakorora cyane kandi guhumeka birangora,ndakorora cyane kandi guhumeka birangora
"Ndakeneye ubufasha, ndashaka kugirwa inama uko nakonsa umwana kuva ubu gitondo cya kare kandi nta miti mfite",kinyarwanda,ROUTINE,obstetric,kinyarwanda->kinyarwanda:ROUTINE:obstetric,Ndashaka kugirwa inama uko nakonsa umwana.,Ndashaka kugirwa inama uko nakonsa umwana.
"Naje hano mbere, mfite gahunda yo gukingiza umwana kuva hashize icyumweru. Byatangiye gitunguranye. Nkora iki?",kinyarwanda,ROUTINE,preventive,kinyarwanda->kinyarwanda:ROUTINE:preventive,Mfite gahunda yo gukingiza umwana.,Mfite gahunda yo gukingiza umwana.
Ndashaka kukubwira ikibazo mfite. Mfite igisebe ku kirenge kidakira kandi mfite diyabete kuva ijoro ryashize. Byatangiye gitunguranye.,kinyarwanda,URGENT,chronic_care,kinyarwanda->kinyarwanda:URGENT:chronic_care,Mfite igisebe ku kirenge kidakira kandi mfite diyabete.,Mfite igisebe ku kirenge kidakira kandi mfite diyabete.
Mushiki wanjye afite ububabare bukabije mu nda kuva ejo nta miti imfasha. Ntabasha kubona amafaranga yo kongera kuza kwa muganga.,kinyarwanda,URGENT,gastrointestinal,kinyarwanda->kinyarwanda:URGENT:gastrointestinal,{REL} afite ububabare bukabije mu nda.,Mfite ububabare bukabije mu nda.
"Ndakeneye ubufasha, umwana wanjye amazuru ye aratemba gake kuva mu cyumweru gishize nta miti imfasha. Ndakeneye ubufasha vuba.",kinyarwanda,ROUTINE,infectious_fever,kinyarwanda->kinyarwanda:ROUTINE:infectious_fever,{REL} amazuru ye aratemba gake.,amazuru arantemba gake
"Muganga, ndaruka ibyo ndya byose kandi sinshobora no kunywa kuva hashize iminsi ibiri. Ntabasha kubona amafaranga yo kongera kuza kwa muganga.",kinyarwanda,CRITICAL,gastrointestinal,kinyarwanda->kinyarwanda:CRITICAL:gastrointestinal,Ndaruka ibyo ndya byose kandi sinshobora no kunywa.,Ndaruka ibyo ndya byose kandi sinshobora no kunywa.
"Naje hano mbere, mushiki wanjye ari kubyara ariko umugozi w'umwana wabanje gusohoka kuva mu masaha abiri ashize. Ni imiti ki nafata?",kinyarwanda,CRITICAL,obstetric,kinyarwanda->kinyarwanda:CRITICAL:obstetric,{REL} ari kubyara ariko umugozi w'umwana wabanje gusohoka.,Ndabyara ariko habanje gusohoka umugozi w'umwana.
"Nyabuneka, mama araruka cyane kandi yumva afite intege nke kuva mu masaha abiri ashize kandi ndahangayitse. Ndakeneye ubufasha vuba.",kinyarwanda,URGENT,gastrointestinal,kinyarwanda->kinyarwanda:URGENT:gastrointestinal,{REL} araruka cyane kandi yumva afite intege nke.,ndaruka cyane kandi numva mfite intege nke
"Mfasha vuba, maze umunsi wose mbabara ngerageza kubyara ariko umwana ntarasohoka kuva hashize iminsi ibiri kandi birushaho kuba bibi. Ndakeneye ubufasha vuba.",kinyarwanda,CRITICAL,obstetric,kinyarwanda->kinyarwanda:CRITICAL:obstetric,Maze umunsi wose mbabara ngerageza kubyara ariko umwana ntarasohoka.,Maze umunsi wose mbabara ngerageza kubyara ariko umwana ntarasohoka.
"Simbizi niba bikomeye ariko, uruhande rumwe rw'umubiri we ntirukora kuva mu cyumweru gishize kandi birushaho kuba bibi. Ese ibi birakomeye?",kinyarwanda,CRITICAL,neurological,kinyarwanda->kinyarwanda:CRITICAL:neurological,Uruhande rumwe rw'umubiri we ntirukora.,Uruhande rumwe rw'umubiri we ntirukora.
"Ndakeneye ubufasha, mfite impiswi zirimo amaraso kuva ejo kandi ndahangayitse. Urakoze.",kinyarwanda,URGENT,gastrointestinal,kinyarwanda->kinyarwanda:URGENT:gastrointestinal,Mfite impiswi zirimo amaraso.,Mfite impiswi zirimo amaraso.
"Muganga, mfite igikomere gito kandi amaraso yarahagaze kuva hashize iminsi ibiri kandi nta miti mfite. Ntegereze cyangwa nsuzumwe ubu?",kinyarwanda,ROUTINE,haemorrhage_trauma,kinyarwanda->kinyarwanda:ROUTINE:haemorrhage_trauma,Mfite igikomere gito kandi amaraso yarahagaze.,Mfite igikomere gito kandi amaraso yarahagaze.
"Mfasha vuba, papa arakomeza kuruka kandi ntashobora kurya kuva ubu gitondo cya kare kandi ndahangayitse",kinyarwanda,URGENT,gastrointestinal,kinyarwanda->kinyarwanda:URGENT:gastrointestinal,{REL} arakomeza kuruka kandi ntashobora kurya.,ndakomeza kuruka kandi sinshobora kurya
"Mfasha, iyo umwana wanjye amaze kurya, yumva inda itameze neza kuva ejo bikarushaho nijoro. Mfasha muganga.",kinyarwanda,ROUTINE,gastrointestinal,kinyarwanda->kinyarwanda:ROUTINE:gastrointestinal,"Iyo {REL} amaze kurya, yumva inda itameze neza.","Iyo {REL} amaze kurya, yumva inda itameze neza."
"Nyabuneka, mfite umuriro woroheje umaze umunsi umwe, ariko nta kindi kibazo mfite kuva ubu gitondo cya kare nta miti imfasha. Urakoze.",kinyarwanda,ROUTINE,infectious_fever,kinyarwanda->kinyarwanda:ROUTINE:infectious_fever,"mfite umuriro woroheje umaze umunsi umwe, ariko nta kindi kibazo mfite","mfite umuriro woroheje umaze umunsi umwe, ariko nta kindi kibazo mfite"
"Mfasha, iyo mpumeka, numva igituza gifashe kandi mpumeka nkumva hari ijwi ridasanzwe kuva ejo kandi ndahangayitse",kinyarwanda,URGENT,cardiac_respiratory,kinyarwanda->kinyarwanda:URGENT:cardiac_respiratory,"Iyo mpumeka, numva igituza gifashe kandi mpumeka nkumva hari ijwi ridasanzwe.","Iyo mpumeka, numva igituza gifashe kandi mpumeka nkumva hari ijwi ridasanzwe."
Ndashaka kukubwira ikibazo mfite. Umwana wanjye iminwa ye yahindutse ubururu kuva hashize iminsi ibiri kandi sinshobora gusinzira. Ntabasha kubona amafaranga yo kongera kuza kwa muganga.,kinyarwanda,CRITICAL,cardiac_respiratory,kinyarwanda->kinyarwanda:CRITICAL:cardiac_respiratory,{REL} iminwa ye yahindutse ubururu.,Iminwa yanjye yahindutse ubururu.
Ndashaka ko bapima ibiro by'umwana wanjye kuva ejo kandi nta miti mfite. Ndakeneye ubufasha vuba.,kinyarwanda,ROUTINE,paediatric,kinyarwanda->kinyarwanda:ROUTINE:paediatric,Ndashaka ko bapima ibiro by'umwana wanjye.,Ndashaka ko bapima ibiro by'umwana wanjye.
"Simbizi niba bikomeye ariko, ndabyara ariko habanje gusohoka umugozi w'umwana kandi ndahangayitse. Ese ibi birakomeye?",kinyarwanda,CRITICAL,obstetric,kinyarwanda->kinyarwanda:CRITICAL:obstetric,Ndabyara ariko habanje gusohoka umugozi w'umwana.,Ndabyara ariko habanje gusohoka umugozi w'umwana.
"Nzanye umwana wanjye, mushiki wanjye ashaka ko bapima SIDA kuva mu cyumweru gishize kandi ndahangayitse. Ni imiti ki nafata?",kinyarwanda,ROUTINE,preventive,kinyarwanda->kinyarwanda:ROUTINE:preventive,{REL} ashaka ko bapima SIDA.,Ndashaka ko bapima SIDA.
"Muganga, umuturanyi wanjye aratwite kandi yaragagaye kuva ijoro ryashize kandi sinshobora gusinzira. Ni imiti ki nafata?",kinyarwanda,CRITICAL,obstetric,kinyarwanda->kinyarwanda:CRITICAL:obstetric,{REL} aratwite kandi yaragagaye.,Ndatwite kandi nagagaye.
"Mumbabarire, ndashaka kubabwira ikibazo mfite. Umugore wanjye afite ububabare bukabije mu nda kuva hashize icyumweru biragenda bikagaruka. Murakoze.",kinyarwanda,URGENT,gastrointestinal,kinyarwanda->kinyarwanda:URGENT:gastrointestinal,{REL} afite ububabare bukabije mu nda.,Mfite ububabare bukabije mu nda.
"Mfasha vuba, umwana wanjye afite umuriro woroheje umaze umunsi umwe, ariko nta kindi kibazo afite nta miti imfasha. Nkora iki?",kinyarwanda,ROUTINE,infectious_fever,kinyarwanda->kinyarwanda:ROUTINE:infectious_fever,"{REL} afite umuriro woroheje umaze umunsi umwe, ariko nta kindi kibazo afite.","mfite umuriro woroheje umaze umunsi umwe, ariko nta kindi kibazo mfite"
"Mfasha, umugore wanjye afite ubushye bunini ku mubiri kuva hashize iminsi itatu bikarushaho nijoro",kinyarwanda,CRITICAL,haemorrhage_trauma,kinyarwanda->kinyarwanda:CRITICAL:haemorrhage_trauma,{REL} afite ubushye bunini ku mubiri.,Mfite ubushye bunini ku mubiri.
"Mumbabarire, ndashaka kubabwira ikibazo mfite. Umugabo wanjye isukari yo mu maraso ye yazamutse cyane kandi nta miti mfite. Murakoze.",kinyarwanda,URGENT,chronic_care,kinyarwanda->kinyarwanda:URGENT:chronic_care,{REL} isukari yo mu maraso ye yazamutse cyane.,isukari yo mu maraso yanjye yazamutse cyane
Ndatwite kandi ndaruka ibyo ndya byose kuva ubu gitondo cya kare kandi sinshobora gusinzira. Mfasha muganga.,kinyarwanda,URGENT,obstetric,kinyarwanda->kinyarwanda:URGENT:obstetric,Ndatwite kandi ndaruka ibyo ndya byose.,Ndatwite kandi ndaruka ibyo ndya byose.
"Muganga, iyo mpumeka, numva igituza gifashe kandi mpumeka nkumva hari ijwi ridasanzwe kuva mu masaha abiri ashize biragenda bikagaruka",kinyarwanda,URGENT,cardiac_respiratory,kinyarwanda->kinyarwanda:URGENT:cardiac_respiratory,"Iyo mpumeka, numva igituza gifashe kandi mpumeka nkumva hari ijwi ridasanzwe.","Iyo mpumeka, numva igituza gifashe kandi mpumeka nkumva hari ijwi ridasanzwe."
"Nzanye umwana wanjye, mfite ikibazo ku mutwe kandi kirimo guterwa n'urumuri kuva hashize iminsi itatu. Abandi bana na bo bafite iki kibazo. Mfasha muganga.",kinyarwanda,URGENT,neurological,kinyarwanda->kinyarwanda:URGENT:neurological,Mfite ikibazo ku mutwe kandi kirimo guterwa n'urumuri.,Mfite ikibazo ku mutwe kandi kirimo guterwa n'urumuri.
"Ndakeneye ubufasha, mu gituza harandya cyane kandi ububabare bukagera no ku kuboko kuva mu gitondo kandi birushaho kuba bibi. Ni imiti ki nafata?",kinyarwanda,CRITICAL,cardiac_respiratory,kinyarwanda->kinyarwanda:CRITICAL:cardiac_respiratory,mu gituza harandya cyane kandi ububabare bukagera no ku kuboko,mu gituza harandya cyane kandi ububabare bukagera no ku kuboko
"Muraho, papa afite umuriro kandi umutwe uramubabaza cyane kuva hashize iminsi itatu bikarushaho nijoro. Ntegereze cyangwa nsuzumwe ubu?",kinyarwanda,URGENT,infectious_fever,kinyarwanda->kinyarwanda:URGENT:infectious_fever,{REL} afite umuriro kandi umutwe uramubabaza cyane.,mfite umuriro kandi umutwe urandya cyane
"Mumbabarire, ndashaka kubabwira ikibazo mfite. Ndashaka imiti y'inzoka y'umwana wanjye kuva mu masaha abiri ashize kandi birushaho kuba bibi. Naje mvuye kure.",kinyarwanda,ROUTINE,preventive,kinyarwanda->kinyarwanda:ROUTINE:preventive,Ndashaka imiti y'inzoka y'umwana wanjye.,Ndashaka imiti y'inzoka y'umwana wanjye.
Mama aratwite kandi ashaka kwisuzumisha kwa muganga bwa mbere kuva ubu gitondo cya kare. Mfasha muganga.,kinyarwanda,ROUTINE,preventive,kinyarwanda->kinyarwanda:ROUTINE:preventive,{REL} aratwite kandi ashaka kwisuzumisha kwa muganga bwa mbere.,Ndatwite kandi ndashaka kwisuzumisha kwa muganga bwa mbere.
"Muganga, ndatwite kandi ndashaka kujya kwa muganga kwisuzumisha kuva ijoro ryashize. Byatangiye gitunguranye.",kinyarwanda,ROUTINE,obstetric,kinyarwanda->kinyarwanda:ROUTINE:obstetric,Ndatwite kandi ndashaka kujya kwa muganga kwisuzumisha.,Ndatwite kandi ndashaka kujya kwa muganga kwisuzumisha.
"Nyabuneka, mushiki wanjye ashaka guhabwa inzitiramubu kuva hashize iminsi itatu bikarushaho nijoro. Nkora iki?",kinyarwanda,ROUTINE,preventive,kinyarwanda->kinyarwanda:ROUTINE:preventive,{REL} ashaka guhabwa inzitiramubu.,Ndashaka guhabwa inzitiramubu.
"Simbizi niba bikomeye ariko, iyo umwana wanjye amaze kurya, yumva inda itameze neza kuva hashize iminsi ibiri kandi birushaho kuba bibi",kinyarwanda,ROUTINE,gastrointestinal,kinyarwanda->kinyarwanda:ROUTINE:gastrointestinal,"Iyo {REL} amaze kurya, yumva inda itameze neza.","Iyo {REL} amaze kurya, yumva inda itameze neza."
Mama aratwite kandi araruka ibyo arya byose kuva mu masaha abiri ashize biragenda bikagaruka. Nkora iki?,kinyarwanda,URGENT,obstetric,kinyarwanda->kinyarwanda:URGENT:obstetric,{REL} aratwite kandi araruka ibyo arya byose.,Ndatwite kandi ndaruka ibyo ndya byose.
"Mfasha vuba, nta miti y'igituntu mfite kuva hashize iminsi itatu bikarushaho nijoro. Ntegereze cyangwa nsuzumwe ubu?",kinyarwanda,URGENT,chronic_care,kinyarwanda->kinyarwanda:URGENT:chronic_care,Nta miti y'igituntu mfite.,Nta miti y'igituntu mfite.
"Nyabuneka, mfite igikomere cyanduye, kiratukura kandi kirimo amashyira kuva mu masaha abiri ashize nta miti imfasha",kinyarwanda,URGENT,haemorrhage_trauma,kinyarwanda->kinyarwanda:URGENT:haemorrhage_trauma,"mfite igikomere cyanduye, kiratukura kandi kirimo amashyira","mfite igikomere cyanduye, kiratukura kandi kirimo amashyira"
"Simbizi niba bikomeye ariko, ndaruka ibyo ndya byose kandi sinshobora no kunywa kuva mu masaha abiri ashize kandi birushaho kuba bibi. Ni imiti ki nafata?",kinyarwanda,CRITICAL,gastrointestinal,kinyarwanda->kinyarwanda:CRITICAL:gastrointestinal,Ndaruka ibyo ndya byose kandi sinshobora no kunywa.,Ndaruka ibyo ndya byose kandi sinshobora no kunywa.
"Nyabuneka, ndashaka ko bapima ibiro by'umwana wanjye kuva ubu gitondo cya kare biragenda bikagaruka. Murakoze.",kinyarwanda,ROUTINE,paediatric,kinyarwanda->kinyarwanda:ROUTINE:paediatric,Ndashaka ko bapima ibiro by'umwana wanjye.,Ndashaka ko bapima ibiro by'umwana wanjye.
"Nyabuneka, ndashaka inama ku biryo byo kugaburira umwana wanjye kuva hashize iminsi ibiri. Byatangiye gitunguranye. Ntabasha kubona amafaranga yo kongera kuza kwa muganga.",kinyarwanda,ROUTINE,preventive,kinyarwanda->kinyarwanda:ROUTINE:preventive,Ndashaka inama ku biryo byo kugaburira umwana wanjye.,Ndashaka inama ku biryo byo kugaburira umwana wanjye.
"Muganga, nta miti y'igituntu mfite kuva ijoro ryashize. Byatangiye gitunguranye. Ntabasha kubona amafaranga yo kongera kuza kwa muganga.",kinyarwanda,URGENT,chronic_care,kinyarwanda->kinyarwanda:URGENT:chronic_care,Nta miti y'igituntu mfite.,Nta miti y'igituntu mfite.
Umugabo wanjye afite ubushye bunini ku mubiri kuva hashize iminsi itatu. Byatangiye gitunguranye. Ntegereze cyangwa nsuzumwe ubu?,kinyarwanda,CRITICAL,haemorrhage_trauma,kinyarwanda->kinyarwanda:CRITICAL:haemorrhage_trauma,{REL} afite ubushye bunini ku mubiri.,Mfite ubushye bunini ku mubiri.
"Muganga, ndashaka inama ku biryo byo kugaburira umwana wanjye kuva ubu gitondo cya kare bikarushaho nijoro. Mfasha muganga.",kinyarwanda,ROUTINE,preventive,kinyarwanda->kinyarwanda:ROUTINE:preventive,Ndashaka inama ku biryo byo kugaburira umwana wanjye.,Ndashaka inama ku biryo byo kugaburira umwana wanjye.
"Mfasha vuba, ndatwite kandi nagagaye kuva hashize iminsi ibiri bikarushaho nijoro. Ese ibi birakomeye?",kinyarwanda,CRITICAL,obstetric,kinyarwanda->kinyarwanda:CRITICAL:obstetric,Ndatwite kandi nagagaye.,Ndatwite kandi nagagaye.
"Mumbabarire, ndashaka kubabwira ikibazo mfite. Mfite impiswi zirimo amaraso kuva ubu gitondo cya kare. Byatangiye gitunguranye. Ndakeneye ubufasha vuba.",kinyarwanda,URGENT,gastrointestinal,kinyarwanda->kinyarwanda:URGENT:gastrointestinal,Mfite impiswi zirimo amaraso.,Mfite impiswi zirimo amaraso.
"Mfasha vuba, umugabo wanjye ashaka guhabwa inzitiramubu kuva mu gitondo kandi birushaho kuba bibi. Naje mvuye kure.",kinyarwanda,ROUTINE,preventive,kinyarwanda->kinyarwanda:ROUTINE:preventive,{REL} ashaka guhabwa inzitiramubu.,Ndashaka guhabwa inzitiramubu.
"Mumbabarire, ndashaka kubabwira ikibazo mfite. Nkorora gake ariko nta muriro mfite kuva hashize iminsi ibiri. Byatangiye gitunguranye. Nkora iki?",kinyarwanda,ROUTINE,cardiac_respiratory,kinyarwanda->kinyarwanda:ROUTINE:cardiac_respiratory,Nkorora gake ariko nta muriro mfite.,Nkorora gake ariko nta muriro mfite.
"Nzanye umwana wanjye, mama amaze iminsi itatu arwaye impiswi zikomeye kuva ijoro ryashize biragenda bikagaruka. Ni imiti ki nafata?",kinyarwanda,URGENT,gastrointestinal,kinyarwanda->kinyarwanda:URGENT:gastrointestinal,{REL} amaze iminsi itatu arwaye impiswi zikomeye.,maze iminsi itatu ndwaye impiswi zikomeye
"Simbizi niba bikomeye ariko, mfite umuriro mwinshi kandi nagagaye kuva hashize iminsi itatu kandi nta miti mfite. Ese ibi birakomeye?",kinyarwanda,CRITICAL,infectious_fever,kinyarwanda->kinyarwanda:CRITICAL:infectious_fever,Mfite umuriro mwinshi kandi nagagaye.,Mfite umuriro mwinshi kandi nagagaye.
"Nyabuneka, mushiki wanjye iminwa ye yahindutse ubururu kuva ejo kandi ndahangayitse",kinyarwanda,CRITICAL,cardiac_respiratory,kinyarwanda->kinyarwanda:CRITICAL:cardiac_respiratory,{REL} iminwa ye yahindutse ubururu.,Iminwa yanjye yahindutse ubururu.
"Mfasha vuba, umugore wanjye aratwite kandi ashaka kwisuzumisha kwa muganga bwa mbere kuva mu masaha abiri ashize kandi ndahangayitse. Ntabasha kubona amafaranga yo kongera kuza kwa muganga.",kinyarwanda,ROUTINE,preventive,kinyarwanda->kinyarwanda:ROUTINE:preventive,{REL} aratwite kandi ashaka kwisuzumisha kwa muganga bwa mbere.,Ndatwite kandi ndashaka kwisuzumisha kwa muganga bwa mbere.
"Simbizi niba bikomeye ariko, naguye, ukuguru kuragoramye ariko sinumva ko kuvunitse kuva hashize iminsi ibiri kandi birushaho kuba bibi. Mfasha muganga.",kinyarwanda,URGENT,haemorrhage_trauma,kinyarwanda->kinyarwanda:URGENT:haemorrhage_trauma,"Naguye, ukuguru kuragoramye ariko sinumva ko kuvunitse.","Naguye, ukuguru kuragoramye ariko sinumva ko kuvunitse."
"Mama aratwite kandi umutwe uramubabaza cyane, kandi ntashobora kureba neza kuva ijoro ryashize. Mfasha muganga.",kinyarwanda,CRITICAL,obstetric,kinyarwanda->kinyarwanda:CRITICAL:obstetric,"{REL} aratwite kandi umutwe uramubabaza cyane, kandi ntashobora kureba neza.","Ndatwite, umutwe urandya cyane kandi sinshobora kureba neza."
"Mumbabarire, ndashaka kubabwira ikibazo mfite. Mama afite umuriro mwinshi kandi arakorora cyane kuva ijoro ryashize bikarushaho nijoro. Murakoze.",kinyarwanda,URGENT,infectious_fever,kinyarwanda->kinyarwanda:URGENT:infectious_fever,{REL} afite umuriro mwinshi kandi arakorora cyane.,mfite umuriro mwinshi kandi ndakorora cyane
"Muraho, ndabyara ariko habanje gusohoka umugozi w'umwana kuva mu gitondo. Byatangiye gitunguranye. Nkora iki?",kinyarwanda,CRITICAL,obstetric,kinyarwanda->kinyarwanda:CRITICAL:obstetric,Ndabyara ariko habanje gusohoka umugozi w'umwana.,Ndabyara ariko habanje gusohoka umugozi w'umwana.
"Mumbabarire, ndashaka kubabwira ikibazo mfite. Ndakomeza kuruka kandi sinshobora kurya kuva mu cyumweru gishize kandi birushaho kuba bibi. Naje mvuye kure.",kinyarwanda,URGENT,gastrointestinal,kinyarwanda->kinyarwanda:URGENT:gastrointestinal,ndakomeza kuruka kandi sinshobora kurya,ndakomeza kuruka kandi sinshobora kurya
"Nyabuneka, umuturanyi wanjye afite ibimenyetso bya malariya, umuriro n'imbeho kuva hashize iminsi ibiri biragenda bikagaruka",kinyarwanda,URGENT,infectious_fever,kinyarwanda->kinyarwanda:URGENT:infectious_fever,"{REL} afite ibimenyetso bya malariya, umuriro n'imbeho.","Mfite ibimenyetso bya malariya, umuriro n'imbeho."
"Mfasha vuba, iyo umwana wanjye amaze kurya, yumva inda itameze neza kuva ijoro ryashize kandi nta miti mfite. Nkora iki?",kinyarwanda,ROUTINE,gastrointestinal,kinyarwanda->kinyarwanda:ROUTINE:gastrointestinal,"Iyo {REL} amaze kurya, yumva inda itameze neza.","Iyo {REL} amaze kurya, yumva inda itameze neza."
"Mfasha vuba, mu rugo hari umuntu urwaye igituntu kandi papa ashaka kwisuzumisha kuva mu gitondo. Abandi bana na bo bafite iki kibazo. Ndakeneye ubufasha vuba.",kinyarwanda,URGENT,preventive,kinyarwanda->kinyarwanda:URGENT:preventive,Mu rugo hari umuntu urwaye igituntu kandi {REL} ashaka kwisuzumisha.,Mu rugo hari umuntu urwaye igituntu kandi ndashaka kwisuzumisha.
"Nzanye umwana wanjye, umugore wanjye afite umuriro kandi umutwe uramubabaza cyane kuva mu gitondo. Urakoze.",kinyarwanda,URGENT,infectious_fever,kinyarwanda->kinyarwanda:URGENT:infectious_fever,{REL} afite umuriro kandi umutwe uramubabaza cyane.,mfite umuriro kandi umutwe urandya cyane
"Mfasha vuba, umwana wanjye akorora gake ariko nta muriro afite kuva ubu gitondo cya kare kandi nta miti mfite. Naje mvuye kure.",kinyarwanda,ROUTINE,cardiac_respiratory,kinyarwanda->kinyarwanda:ROUTINE:cardiac_respiratory,{REL} akorora gake ariko nta muriro afite.,Nkorora gake ariko nta muriro mfite.
"Nzanye umwana wanjye, mfite umuriro woroheje umaze umunsi umwe, ariko nta kindi kibazo mfite kuva mu cyumweru gishize kandi sinshobora gusinzira. Ntegereze cyangwa nsuzumwe ubu?",kinyarwanda,ROUTINE,infectious_fever,kinyarwanda->kinyarwanda:ROUTINE:infectious_fever,"mfite umuriro woroheje umaze umunsi umwe, ariko nta kindi kibazo mfite","mfite umuriro woroheje umaze umunsi umwe, ariko nta kindi kibazo mfite"
"Naje hano mbere, mushiki wanjye ashaka ko bapima ibiro by'umwana we kandi ndahangayitse. Ese ibi birakomeye?",kinyarwanda,ROUTINE,paediatric,kinyarwanda->kinyarwanda:ROUTINE:paediatric,{REL} ashaka ko bapima ibiro by'umwana we.,Ndashaka ko bapima ibiro by'umwana wanjye.
"Mfasha, iyo mpumeka, numva igituza gifashe kandi mpumeka nkumva hari ijwi ridasanzwe kuva mu cyumweru gishize kandi nta miti mfite. Urakoze.",kinyarwanda,URGENT,cardiac_respiratory,kinyarwanda->kinyarwanda:URGENT:cardiac_respiratory,"Iyo mpumeka, numva igituza gifashe kandi mpumeka nkumva hari ijwi ridasanzwe.","Iyo mpumeka, numva igituza gifashe kandi mpumeka nkumva hari ijwi ridasanzwe."
"Muraho, umukecuru ashaka inama ku biryo byo kugaburira umwana we kuva hashize icyumweru. Urakoze.",kinyarwanda,ROUTINE,preventive,kinyarwanda->kinyarwanda:ROUTINE:preventive,{REL} ashaka inama ku biryo byo kugaburira umwana we.,Ndashaka inama ku biryo byo kugaburira umwana wanjye.
"Mumbabarire, ndashaka kubabwira ikibazo mfite. Umutima uratera cyane kandi nkumva umeze nk'aho uhagarara kuva hashize iminsi ibiri. Byatangiye gitunguranye. Ntegereze cyangwa nsuzumwe ubu?",kinyarwanda,CRITICAL,cardiac_respiratory,kinyarwanda->kinyarwanda:CRITICAL:cardiac_respiratory,umutima uratera cyane kandi nkumva umeze nk'aho uhagarara,umutima uratera cyane kandi nkumva umeze nk'aho uhagarara
Ndashaka kukubwira ikibazo mfite. Ndatwite kandi ndashaka kujya kwa muganga kwisuzumisha kuva ejo biragenda bikagaruka. Urakoze.,kinyarwanda,ROUTINE,obstetric,kinyarwanda->kinyarwanda:ROUTINE:obstetric,Ndatwite kandi ndashaka kujya kwa muganga kwisuzumisha.,Ndatwite kandi ndashaka kujya kwa muganga kwisuzumisha.
"Naje hano mbere, mfite gahunda yo gukingiza umwana kuva mu masaha abiri ashize. Byatangiye gitunguranye. Mfasha muganga.",kinyarwanda,ROUTINE,preventive,kinyarwanda->kinyarwanda:ROUTINE:preventive,Mfite gahunda yo gukingiza umwana.,Mfite gahunda yo gukingiza umwana.
Ndashaka kukubwira ikibazo mfite. Ndashaka inama ku biryo byo kugaburira umwana wanjye kuva hashize icyumweru. Abandi bana na bo bafite iki kibazo.,kinyarwanda,ROUTINE,preventive,kinyarwanda->kinyarwanda:ROUTINE:preventive,Ndashaka inama ku biryo byo kugaburira umwana wanjye.,Ndashaka inama ku biryo byo kugaburira umwana wanjye.
"Naje hano mbere, ndakorora cyane kandi guhumeka birangora kandi ndahangayitse. Urakoze.",kinyarwanda,URGENT,cardiac_respiratory,kinyarwanda->kinyarwanda:URGENT:cardiac_respiratory,ndakorora cyane kandi guhumeka birangora,ndakorora cyane kandi guhumeka birangora
"Nzanye umwana wanjye, maze umunsi wose mbabara ngerageza kubyara ariko umwana ntarasohoka kuva mu cyumweru gishize nta miti imfasha. Ntegereze cyangwa nsuzumwe ubu?",kinyarwanda,CRITICAL,obstetric,kinyarwanda->kinyarwanda:CRITICAL:obstetric,Maze umunsi wose mbabara ngerageza kubyara ariko umwana ntarasohoka.,Maze umunsi wose mbabara ngerageza kubyara ariko umwana ntarasohoka.
"Mfasha vuba, mfite igikomere gikomeye kirimo kuva amaraso menshi kuva ejo kandi sinshobora gusinzira. Nkora iki?",kinyarwanda,CRITICAL,haemorrhage_trauma,kinyarwanda->kinyarwanda:CRITICAL:haemorrhage_trauma,mfite igikomere gikomeye kirimo kuva amaraso menshi,mfite igikomere gikomeye kirimo kuva amaraso menshi
"Mfasha, umugore wanjye aratwite kandi ashaka kwisuzumisha kwa muganga bwa mbere kuva hashize icyumweru kandi ndahangayitse. Ndakeneye ubufasha vuba.",kinyarwanda,ROUTINE,preventive,kinyarwanda->kinyarwanda:ROUTINE:preventive,{REL} aratwite kandi ashaka kwisuzumisha kwa muganga bwa mbere.,Ndatwite kandi ndashaka kwisuzumisha kwa muganga bwa mbere.
"Muganga, ndabyara ariko habanje gusohoka umugozi w'umwana kuva ijoro ryashize nta miti imfasha. Ntabasha kubona amafaranga yo kongera kuza kwa muganga.",kinyarwanda,CRITICAL,obstetric,kinyarwanda->kinyarwanda:CRITICAL:obstetric,Ndabyara ariko habanje gusohoka umugozi w'umwana.,Ndabyara ariko habanje gusohoka umugozi w'umwana.
"Simbizi niba bikomeye ariko, ndashaka kujya kwa muganga kwisuzumisha diyabete kandi ndahangayitse. Ntabasha kubona amafaranga yo kongera kuza kwa muganga.",kinyarwanda,ROUTINE,chronic_care,kinyarwanda->kinyarwanda:ROUTINE:chronic_care,Ndashaka kujya kwa muganga kwisuzumisha diyabete.,Ndashaka kujya kwa muganga kwisuzumisha SIDA.
"Nzanye umwana wanjye, umugore wanjye isukari yo mu maraso ye yazamutse cyane kuva hashize iminsi itatu kandi sinshobora gusinzira. Ntabasha kubona amafaranga yo kongera kuza kwa muganga.",kinyarwanda,URGENT,chronic_care,kinyarwanda->kinyarwanda:URGENT:chronic_care,{REL} isukari yo mu maraso ye yazamutse cyane.,isukari yo mu maraso yanjye yazamutse cyane
"Mfasha vuba, mu gituza harandya cyane kandi ububabare bukagera no ku kuboko kuva mu masaha abiri ashize. Abandi bana na bo bafite iki kibazo. Naje mvuye kure.",kinyarwanda,CRITICAL,cardiac_respiratory,kinyarwanda->kinyarwanda:CRITICAL:cardiac_respiratory,mu gituza harandya cyane kandi ububabare bukagera no ku kuboko,mu gituza harandya cyane kandi ububabare bukagera no ku kuboko
"Mfasha vuba, umwana wanjye akorora gake ariko nta muriro afite kuva mu masaha abiri ashize kandi sinshobora gusinzira. Ndakeneye ubufasha vuba.",kinyarwanda,ROUTINE,cardiac_respiratory,kinyarwanda->kinyarwanda:ROUTINE:cardiac_respiratory,{REL} akorora gake ariko nta muriro afite.,Nkorora gake ariko nta muriro mfite.
"Simbizi niba bikomeye ariko, mushiki wanjye amaze iminsi itatu arwaye impiswi zikomeye kuva hashize iminsi itatu. Abandi bana na bo bafite iki kibazo. Nkora iki?",kinyarwanda,URGENT,gastrointestinal,kinyarwanda->kinyarwanda:URGENT:gastrointestinal,{REL} amaze iminsi itatu arwaye impiswi zikomeye.,maze iminsi itatu ndwaye impiswi zikomeye
"Mfasha, ndatwite kandi ndaruka ibyo ndya byose kuva mu cyumweru gishize nta miti imfasha. Ndakeneye ubufasha vuba.",kinyarwanda,URGENT,obstetric,kinyarwanda->kinyarwanda:URGENT:obstetric,Ndatwite kandi ndaruka ibyo ndya byose.,Ndatwite kandi ndaruka ibyo ndya byose.
"Nzanye umwana wanjye, umukecuru afite igikomere cyanduye, kiratukura kandi kirimo amashyira kuva ejo. Byatangiye gitunguranye. Naje mvuye kure.",kinyarwanda,URGENT,haemorrhage_trauma,kinyarwanda->kinyarwanda:URGENT:haemorrhage_trauma,"{REL} afite igikomere cyanduye, kiratukura kandi kirimo amashyira.","mfite igikomere cyanduye, kiratukura kandi kirimo amashyira"
Umugore wanjye araruka cyane kandi yumva afite intege nke kuva ubu gitondo cya kare kandi birushaho kuba bibi. Ntabasha kubona amafaranga yo kongera kuza kwa muganga.,kinyarwanda,URGENT,gastrointestinal,kinyarwanda->kinyarwanda:URGENT:gastrointestinal,{REL} araruka cyane kandi yumva afite intege nke.,ndaruka cyane kandi numva mfite intege nke
"Simbizi niba bikomeye ariko, umwana wanjye amazuru ye aratemba gake kuva mu gitondo. Byatangiye gitunguranye. Naje mvuye kure.",kinyarwanda,ROUTINE,infectious_fever,kinyarwanda->kinyarwanda:ROUTINE:infectious_fever,{REL} amazuru ye aratemba gake.,amazuru arantemba gake
"Mfasha vuba, mfite impiswi zirimo amaraso kuva hashize iminsi ibiri. Abandi bana na bo bafite iki kibazo. Ndakeneye ubufasha vuba.",kinyarwanda,URGENT,gastrointestinal,kinyarwanda->kinyarwanda:URGENT:gastrointestinal,Mfite impiswi zirimo amaraso.,Mfite impiswi zirimo amaraso.
"Muganga, mfite gahunda yo gukingiza umwana kuva mu cyumweru gishize. Ntegereze cyangwa nsuzumwe ubu?",kinyarwanda,ROUTINE,preventive,kinyarwanda->kinyarwanda:ROUTINE:preventive,Mfite gahunda yo gukingiza umwana.,Mfite gahunda yo gukingiza umwana.
"Ndakeneye ubufasha, mfite ikibazo ku mutwe kandi kirimo guterwa n'urumuri kuva ubu gitondo cya kare kandi sinshobora gusinzira. Nkora iki?",kinyarwanda,URGENT,neurological,kinyarwanda->kinyarwanda:URGENT:neurological,Mfite ikibazo ku mutwe kandi kirimo guterwa n'urumuri.,Mfite ikibazo ku mutwe kandi kirimo guterwa n'urumuri.
"Nyabuneka, umukecuru afite umuriro kandi umutwe uramubabaza cyane kuva ijoro ryashize nta miti imfasha. Ndakeneye ubufasha vuba.",kinyarwanda,URGENT,infectious_fever,kinyarwanda->kinyarwanda:URGENT:infectious_fever,{REL} afite umuriro kandi umutwe uramubabaza cyane.,mfite umuriro kandi umutwe urandya cyane
"Mfasha, naguye, ukuguru kuragoramye ariko sinumva ko kuvunitse kuva mu masaha abiri ashize. Ntabasha kubona amafaranga yo kongera kuza kwa muganga.",kinyarwanda,URGENT,haemorrhage_trauma,kinyarwanda->kinyarwanda:URGENT:haemorrhage_trauma,"Naguye, ukuguru kuragoramye ariko sinumva ko kuvunitse.","Naguye, ukuguru kuragoramye ariko sinumva ko kuvunitse."
"Mfasha, mfite impiswi zirimo amaraso kuva hashize iminsi ibiri. Abandi bana na bo bafite iki kibazo. Ese ibi birakomeye?",kinyarwanda,URGENT,gastrointestinal,kinyarwanda->kinyarwanda:URGENT:gastrointestinal,Mfite impiswi zirimo amaraso.,Mfite impiswi zirimo amaraso.
"Nzanye umwana wanjye, ndashaka inama ku biryo byo kugaburira umwana wanjye. Ndakeneye ubufasha vuba.",kinyarwanda,ROUTINE,preventive,kinyarwanda->kinyarwanda:ROUTINE:preventive,Ndashaka inama ku biryo byo kugaburira umwana wanjye.,Ndashaka inama ku biryo byo kugaburira umwana wanjye.
Ndashaka kukubwira ikibazo mfite. Maze ibyumweru birenga bibiri ndwaye impiswi kuva mu masaha abiri ashize. Byatangiye gitunguranye. Murakoze.,kinyarwanda,URGENT,gastrointestinal,kinyarwanda->kinyarwanda:URGENT:gastrointestinal,Maze ibyumweru birenga bibiri ndwaye impiswi.,Maze ibyumweru birenga bibiri ndwaye impiswi.
"Mumbabarire, ndashaka kubabwira ikibazo mfite. Amazuru arantemba gake kuva mu gitondo kandi sinshobora gusinzira. Ndakeneye ubufasha vuba.",kinyarwanda,ROUTINE,infectious_fever,kinyarwanda->kinyarwanda:ROUTINE:infectious_fever,amazuru arantemba gake,amazuru arantemba gake
"Mumbabarire, ndashaka kubabwira ikibazo mfite. Umuturanyi wanjye afite igikomere cyanduye, kiratukura kandi kirimo amashyira kuva hashize iminsi ibiri nta miti imfasha. Ni imiti ki nafata?",kinyarwanda,URGENT,haemorrhage_trauma,kinyarwanda->kinyarwanda:URGENT:haemorrhage_trauma,"{REL} afite igikomere cyanduye, kiratukura kandi kirimo amashyira.","mfite igikomere cyanduye, kiratukura kandi kirimo amashyira"
"Simbizi niba bikomeye ariko, mfite impiswi zirimo amaraso kuva hashize iminsi itatu. Urakoze.",kinyarwanda,URGENT,gastrointestinal,kinyarwanda->kinyarwanda:URGENT:gastrointestinal,Mfite impiswi zirimo amaraso.,Mfite impiswi zirimo amaraso.
"Nyabuneka, mushiki wanjye ashaka guhabwa inzitiramubu kuva mu gitondo kandi sinshobora gusinzira. Ni imiti ki nafata?",kinyarwanda,ROUTINE,preventive,kinyarwanda->kinyarwanda:ROUTINE:preventive,{REL} ashaka guhabwa inzitiramubu.,Ndashaka guhabwa inzitiramubu.
"Nzanye umwana wanjye, mfite igikomere gikomeye kirimo kuva amaraso menshi kuva ubu gitondo cya kare kandi birushaho kuba bibi",kinyarwanda,CRITICAL,haemorrhage_trauma,kinyarwanda->kinyarwanda:CRITICAL:haemorrhage_trauma,mfite igikomere gikomeye kirimo kuva amaraso menshi,mfite igikomere gikomeye kirimo kuva amaraso menshi
"Mfasha vuba, maze umunsi wose mbabara ngerageza kubyara ariko umwana ntarasohoka kuva ijoro ryashize bikarushaho nijoro. Naje mvuye kure.",kinyarwanda,CRITICAL,obstetric,kinyarwanda->kinyarwanda:CRITICAL:obstetric,Maze umunsi wose mbabara ngerageza kubyara ariko umwana ntarasohoka.,Maze umunsi wose mbabara ngerageza kubyara ariko umwana ntarasohoka.
"Ndakeneye ubufasha, mushiki wanjye araruka amaraso biragenda bikagaruka. Ese ibi birakomeye?",kinyarwanda,CRITICAL,gastrointestinal,kinyarwanda->kinyarwanda:CRITICAL:gastrointestinal,{REL} araruka amaraso.,Ndaruka amaraso.
"Nzanye umwana wanjye, umutwe urandya ariko ntabwo cyane kuva hashize iminsi ibiri kandi sinshobora gusinzira. Ndakeneye ubufasha vuba.",kinyarwanda,ROUTINE,neurological,kinyarwanda->kinyarwanda:ROUTINE:neurological,umutwe urandya ariko ntabwo cyane,umutwe urandya ariko ntabwo cyane
"Simbizi niba bikomeye ariko, ndashaka kujya kwa muganga kwisuzumisha diyabete kuva hashize icyumweru kandi birushaho kuba bibi. Mfasha muganga.",kinyarwanda,ROUTINE,chronic_care,kinyarwanda->kinyarwanda:ROUTINE:chronic_care,Ndashaka kujya kwa muganga kwisuzumisha diyabete.,Ndashaka kujya kwa muganga kwisuzumisha SIDA.
"Mfasha, umwana wanjye afite ikibazo cyo kutabasha guhumeka neza, kandi uruhu rwe rwahindutse ubururu kuva ejo bikarushaho nijoro. Ntabasha kubona amafaranga yo kongera kuza kwa muganga.",kinyarwanda,CRITICAL,paediatric,kinyarwanda->kinyarwanda:CRITICAL:paediatric,"{REL} afite ikibazo cyo kutabasha guhumeka neza, kandi uruhu rwe rwahindutse ubururu","{REL} afite ikibazo cyo kutabasha guhumeka neza, kandi uruhu rwe rwahindutse ubururu"
"Simbizi niba bikomeye ariko, umuturanyi wanjye aratwite kandi umutwe uramubabaza cyane, kandi ntashobora kureba neza kuva hashize icyumweru. Byatangiye gitunguranye. Ntegereze cyangwa nsuzumwe ubu?",kinyarwanda,CRITICAL,obstetric,kinyarwanda->kinyarwanda:CRITICAL:obstetric,"{REL} aratwite kandi umutwe uramubabaza cyane, kandi ntashobora kureba neza.","Ndatwite, umutwe urandya cyane kandi sinshobora kureba neza."
"Naje hano mbere, mfite ikibazo ku mutwe kandi kirimo guterwa n'urumuri kuva ijoro ryashize nta miti imfasha. Mfasha muganga.",kinyarwanda,URGENT,neurological,kinyarwanda->kinyarwanda:URGENT:neurological,Mfite ikibazo ku mutwe kandi kirimo guterwa n'urumuri.,Mfite ikibazo ku mutwe kandi kirimo guterwa n'urumuri.
Ndashaka kukubwira ikibazo mfite. Ndashaka guhabwa inzitiramubu kuva hashize iminsi itatu nta miti imfasha. Naje mvuye kure.,kinyarwanda,ROUTINE,preventive,kinyarwanda->kinyarwanda:ROUTINE:preventive,Ndashaka guhabwa inzitiramubu.,Ndashaka guhabwa inzitiramubu.
"Nyabuneka, iyo mpumeka, numva igituza gifashe kandi mpumeka nkumva hari ijwi ridasanzwe kuva ejo kandi sinshobora gusinzira. Ndakeneye ubufasha vuba.",kinyarwanda,URGENT,cardiac_respiratory,kinyarwanda->kinyarwanda:URGENT:cardiac_respiratory,"Iyo mpumeka, numva igituza gifashe kandi mpumeka nkumva hari ijwi ridasanzwe.","Iyo mpumeka, numva igituza gifashe kandi mpumeka nkumva hari ijwi ridasanzwe."
"Nzanye umwana wanjye, mfite gahunda yo gukingiza umwana kuva mu masaha abiri ashize nta miti imfasha",kinyarwanda,ROUTINE,preventive,kinyarwanda->kinyarwanda:ROUTINE:preventive,Mfite gahunda yo gukingiza umwana.,Mfite gahunda yo gukingiza umwana.
"Muganga, mfite umuriro kandi numva mfite imbeho, nkeka ko ari malariya kuva hashize icyumweru. Byatangiye gitunguranye. Ntabasha kubona amafaranga yo kongera kuza kwa muganga.",kinyarwanda,URGENT,infectious_fever,kinyarwanda->kinyarwanda:URGENT:infectious_fever,"mfite umuriro kandi numva mfite imbeho, nkeka ko ari malariya","mfite umuriro kandi numva mfite imbeho, nkeka ko ari malariya"
"Mfite umuriro woroheje umaze umunsi umwe, ariko nta kindi kibazo mfite kuva mu gitondo. Abandi bana na bo bafite iki kibazo. Nkora iki?",kinyarwanda,ROUTINE,infectious_fever,kinyarwanda->kinyarwanda:ROUTINE:infectious_fever,"mfite umuriro woroheje umaze umunsi umwe, ariko nta kindi kibazo mfite","mfite umuriro woroheje umaze umunsi umwe, ariko nta kindi kibazo mfite"
"Muraho, narumwe n'inzoka kuva mu masaha abiri ashize",kinyarwanda,URGENT,haemorrhage_trauma,kinyarwanda->kinyarwanda:URGENT:haemorrhage_trauma,Narumwe n'inzoka.,Narumwe n'inzoka.
"Muganga, mu gituza harandya cyane kandi ububabare bukagera no ku kuboko kuva mu masaha abiri ashize kandi ndahangayitse. Ntabasha kubona amafaranga yo kongera kuza kwa muganga.",kinyarwanda,CRITICAL,cardiac_respiratory,kinyarwanda->kinyarwanda:CRITICAL:cardiac_respiratory,mu gituza harandya cyane kandi ububabare bukagera no ku kuboko,mu gituza harandya cyane kandi ububabare bukagera no ku kuboko
"Mfasha vuba, mama ashaka ko bapima SIDA kuva ubu gitondo cya kare nta miti imfasha. Ni imiti ki nafata?",kinyarwanda,ROUTINE,preventive,kinyarwanda->kinyarwanda:ROUTINE:preventive,{REL} ashaka ko bapima SIDA.,Ndashaka ko bapima SIDA.
"Ndashaka kukubwira ikibazo mfite. Umwana wanjye afite umuriro woroheje umaze umunsi umwe, ariko nta kindi kibazo afite kuva ijoro ryashize kandi ndahangayitse. Ntegereze cyangwa nsuzumwe ubu?",kinyarwanda,ROUTINE,infectious_fever,kinyarwanda->kinyarwanda:ROUTINE:infectious_fever,"{REL} afite umuriro woroheje umaze umunsi umwe, ariko nta kindi kibazo afite.","mfite umuriro woroheje umaze umunsi umwe, ariko nta kindi kibazo mfite"
